0.998756 1.001333 0.999517 1.000089 1.000325 1.001353 1.004593 0.999662 1.003496 0.998551 0.997714 1.002082 1.000029 1.000288 0.999578 0.994034 0.995363 1.002480 0.969803 0.999190 0.982349 1.001333 1.002515 1.002374 1.005847 0.999681 0.999119 1.000404 1.002947 1.000102 1.000854 1.001394 0.996397 0.996114 1.003031 1.001222 1.000412 1.000444 1.000068 1.000415 1.000378 1.000329 
1.001073 0.999584 0.999063 1.000239 1.000964 0.999087 0.996035 1.001765 1.000024 1.001216 1.001591 0.999342 0.992306 0.998317 1.000543 1.000167 1.014182 0.999692 0.974200 1.001945 1.006669 1.000103 0.989746 1.001119 0.997856 1.000232 1.001545 0.999920 1.000490 0.999498 1.000993 0.999451 1.001862 0.999339 0.996847 0.999844 1.000515 1.000348 1.000543 1.000266 1.000459 1.000502 
1.002114 0.999426 1.000208 1.000221 1.000877 1.000012 1.001126 1.000089 0.999115 1.000578 1.000477 1.000759 0.999978 0.998204 0.999635 1.004853 0.996770 1.001002 1.008280 1.000023 1.003906 1.001335 1.001784 1.003914 0.999081 1.001034 1.000118 1.000806 1.002314 0.998196 1.000681 0.999654 1.002359 1.004959 1.006464 1.000406 1.000344 1.000406 1.000285 1.000248 1.000436 1.000612 
1.001035 1.000526 1.000351 1.000435 0.999715 1.001348 0.997656 0.997772 1.000881 1.000176 0.998939 0.998770 1.000187 1.001659 0.997777 1.005718 0.993684 1.003114 0.960822 0.999516 1.004153 1.000885 1.012749 1.002057 0.998335 1.001766 1.000457 1.001109 1.000479 1.001241 0.999824 1.000256 0.994570 0.997035 0.998512 1.001766 1.000610 1.000376 1.000545 1.000808 1.000751 1.001429 
1.000425 0.999360 1.000296 0.999726 1.000257 0.998538 0.989845 1.000101 1.000152 1.000629 1.000717 1.000700 1.001179 1.000857 1.005681 0.999447 0.997981 0.998172 1.014601 1.002189 1.003110 1.001818 0.971825 0.999355 1.000288 0.998460 0.998713 0.999885 0.996957 1.000449 0.999291 0.998915 1.003982 1.004850 0.994212 1.001837 0.999992 1.000023 0.999957 1.000145 0.999774 0.999472 
0.999597 0.999728 0.999221 0.998826 0.999314 1.002713 0.994798 0.999144 0.999503 1.001081 0.998871 0.999930 1.001329 1.003532 1.003245 1.004424 1.002635 1.000265 0.974659 0.998967 1.015511 0.998637 0.992104 0.997914 1.002556 1.000243 1.000621 1.000685 1.001249 1.001539 0.998662 1.000064 1.006781 1.002956 0.997724 1.001490 0.999408 0.999750 0.999832 0.999805 0.999998 1.000411 
0.998824 1.000463 1.000794 1.000055 1.000647 1.001147 0.989801 1.000083 1.001793 0.998318 0.998558 1.000200 1.005382 1.001376 1.001721 0.996617 0.985840 1.000573 0.992763 1.000892 0.991638 0.998320 1.002039 0.998689 1.004379 0.999491 0.997784 1.001196 1.005116 1.002626 1.000539 1.000305 0.994726 0.990616 0.996549 1.001629 0.999945 1.000623 1.000337 1.000543 1.000618 1.000761 
1.000059 1.000430 1.000811 0.999547 1.000900 1.000842 0.994962 1.001074 0.998972 0.999527 1.000353 1.001375 1.002055 1.004703 1.006945 1.006164 0.997919 1.000064 1.028402 0.999727 1.003959 0.998082 0.965574 0.999280 0.999284 1.000437 1.002759 1.000998 0.999442 1.001076 1.000184 1.000509 1.000867 0.994595 1.004028 0.999756 0.999795 1.000062 1.000098 1.000018 1.000068 1.000297 
1.002045 1.000164 0.999907 0.999939 1.001645 0.998458 1.011218 1.002050 1.001517 1.000738 1.000005 1.003142 0.999587 0.996866 0.995814 0.997094 1.015264 0.996972 1.039316 0.999548 1.001380 1.000512 1.023339 1.001324 1.002652 1.001160 0.998465 1.000655 0.999684 1.000348 0.999464 1.001228 1.013570 1.008511 0.999353 0.999472 0.999947 0.999991 0.999845 0.999820 0.999769 0.999609 
1.000174 1.001983 0.999896 1.000094 0.998594 0.999717 1.007902 0.997819 1.002061 1.000744 0.999833 0.998767 1.001934 1.001051 1.000893 0.997467 1.002416 0.997811 1.002690 0.998235 0.997142 1.001777 1.004985 0.999993 0.998892 1.000124 0.998245 0.998064 0.998125 1.000072 1.000909 1.000460 1.008211 1.009617 1.002522 0.999719 1.000522 1.000087 0.999997 1.000175 1.000038 0.999576 
1.000521 0.999330 0.999672 0.999534 1.001219 1.001957 0.993689 0.999948 0.999270 0.999884 1.000405 1.000931 0.999042 0.996582 1.000619 1.003026 1.008933 0.999698 1.022621 1.001263 1.001333 1.000186 0.995712 0.999892 1.002829 1.000254 0.999413 1.000405 0.996418 1.002234 1.000008 1.000124 0.999799 1.000538 0.997601 0.999129 1.000083 0.999967 0.999917 0.999900 0.999640 0.999626 
1.001870 0.999815 0.999538 1.000836 0.998745 1.000060 0.998254 0.998388 1.000637 1.000364 0.999074 0.996395 1.001130 1.002538 0.995468 0.995711 1.009169 0.999212 1.047826 0.999691 0.987589 1.003286 1.013948 1.001333 1.007633 1.000897 1.003591 1.003404 1.003023 1.001151 0.999692 1.000903 1.007371 1.005057 1.002921 1.000634 1.000355 1.000497 1.000615 1.000321 1.000357 1.000651 
0.998073 0.997969 0.996646 0.997574 0.997140 0.997313 0.999850 0.996702 0.998181 0.998447 0.997272 0.996563 1.000567 1.000026 0.992759 0.999283 0.996826 0.995911 0.965745 0.997392 0.998797 0.999102 0.958614 0.996866 0.998256 0.999423 0.999335 0.999554 0.997885 0.998818 0.998635 1.000071 0.999845 1.001640 0.992427 1.001749 0.997816 0.997974 0.998053 0.998140 0.998223 0.998215 
0.998911 1.002227 1.000494 1.000656 1.000832 1.001773 1.015997 1.000529 0.999419 0.999804 0.999907 1.001243 1.001018 0.998913 1.005598 0.995481 0.999101 0.998366 1.008697 1.002513 0.992765 1.001206 1.000600 1.001951 1.000409 1.000175 1.003573 0.999717 1.000948 0.998721 0.999982 1.001034 0.995880 1.000296 1.013824 1.000601 1.000640 1.000471 1.000383 1.000232 1.000360 1.000314 
1.001240 0.999473 1.001108 0.999872 1.000347 1.000623 0.999917 0.999942 1.001182 1.001890 1.000255 0.999355 0.999169 1.004158 1.001481 1.003486 1.007914 1.002082 1.022581 0.998231 0.990204 1.001539 0.989033 0.998709 1.001833 1.000463 1.003445 1.000308 0.997480 1.001219 0.999711 0.998872 1.006194 1.004820 1.003612 1.000550 1.000578 1.000444 1.000667 1.000206 1.000224 1.000687 
0.999890 0.997576 0.997518 0.997960 0.998189 0.999294 0.990611 0.997760 0.996779 0.998441 0.995939 0.999509 0.995197 0.994903 0.998252 0.998741 1.006220 0.999208 0.991688 0.998386 0.986500 0.997549 0.994064 0.997268 0.997338 0.999326 1.002756 0.999463 0.997603 1.000832 0.997603 1.001278 1.005569 1.006722 0.999506 1.001268 0.997596 0.997931 0.998031 0.998137 0.998349 0.999123 
0.999895 0.999356 0.998916 1.000029 1.001132 0.999864 1.003025 1.002194 1.002244 0.998898 1.000074 1.002038 1.003000 1.002496 1.003562 0.998409 0.989571 1.001296 0.994800 1.000459 0.995147 1.002038 1.011001 0.997830 1.004807 0.999221 1.002086 1.000559 1.000869 1.000163 0.998433 0.998301 0.993639 0.997652 1.000780 0.999766 1.000318 0.999949 0.999958 1.000144 1.000020 1.000567 
1.000993 1.001079 1.001543 1.000326 1.000732 0.999361 1.013893 0.998434 1.002631 1.000060 0.999185 1.002386 0.994709 0.998111 1.002256 0.999237 1.005367 0.999801 0.966861 0.998995 0.996517 0.999832 1.024826 1.002581 1.001162 0.999568 0.998752 0.999963 1.000421 1.000859 1.000775 1.001073 1.002089 1.003271 1.011686 0.998622 1.000297 1.000486 1.000221 1.000419 1.000144 0.999728 
1.001517 1.000264 1.000019 1.000518 1.000039 1.001471 1.014126 0.998143 0.999666 1.000606 0.999858 0.997242 0.999661 0.995600 0.993843 1.002488 1.016856 1.001914 1.014040 1.000482 0.984225 0.998966 0.995368 1.002007 1.006465 1.000687 0.997635 0.999443 1.001100 1.002327 1.000097 1.000846 1.005179 1.006303 0.998892 0.999575 1.000439 1.000691 1.000432 1.000519 1.000471 1.000493 
0.998563 0.998046 0.999394 0.999418 0.997862 0.997458 0.999048 0.998167 1.002733 0.999743 0.999622 0.996546 0.999354 0.998021 0.990186 0.996317 1.006255 1.000793 0.981035 0.998618 1.006239 0.998906 1.028088 0.997658 1.000705 0.999438 1.001411 1.000631 1.000386 0.996905 0.998963 0.999198 1.010509 1.006502 0.988159 1.001217 0.999846 0.999145 0.999219 0.999112 0.999442 0.999701 
1.000226 0.999833 0.999282 0.999817 0.997666 0.997314 1.003144 0.997234 1.000570 1.000294 0.999436 0.996203 0.998612 1.001058 0.990959 0.995746 0.999186 1.000335 0.972659 1.003630 1.007329 1.000295 1.009396 0.999708 1.000488 1.000515 0.994687 0.998508 1.003279 0.996472 1.001252 1.001225 1.002045 1.001561 0.999193 0.998789 0.999896 0.999761 0.999964 0.999817 0.999946 0.999831 
0.998033 0.998507 0.999561 0.999236 0.998209 0.997505 1.003770 1.000790 1.001109 0.999613 1.000185 1.000035 0.999084 1.002203 0.992837 0.996496 1.009890 0.999666 1.000320 1.000707 0.998031 0.998878 0.989237 1.000815 0.996316 0.998844 1.000928 0.998929 1.002433 1.000873 1.000156 0.998967 1.003945 0.998418 0.991081 0.999179 0.999339 0.999439 0.999322 0.999517 0.999294 0.999115 
0.999832 0.999879 1.000272 1.000339 0.999495 0.998190 1.019242 0.998537 1.002813 0.998661 0.999674 0.999431 0.998284 0.998028 1.001235 0.993246 0.994733 1.001135 1.013948 1.001345 0.992878 1.000556 1.023828 1.000561 1.006663 1.000997 0.997926 1.000069 0.997443 0.999987 1.001337 0.999878 0.992833 0.996453 0.993071 1.000772 1.000266 1.000002 0.999929 1.000377 1.000079 1.000222 
0.999357 0.998676 0.998661 0.998869 1.001047 0.999522 1.005560 1.000900 1.001499 0.999455 0.998576 1.001010 0.997308 0.996408 1.000226 0.998208 1.004733 0.997138 1.001662 1.000242 0.993952 0.997604 0.985588 0.999030 0.996024 0.999268 0.999730 0.998760 0.999724 0.999520 0.999728 1.000221 1.000234 1.000134 0.999362 0.997647 0.999220 0.999125 0.999246 0.999061 0.999122 0.999287 
0.998765 0.998365 0.997767 0.998920 1.000310 0.997496 0.996294 1.002550 0.998086 0.999364 0.999782 1.001242 0.996129 0.997435 0.996500 1.002863 0.999211 0.997752 1.011574 0.997828 1.011082 0.998490 0.997958 0.996183 0.999170 0.998458 1.004913 0.999600 0.998579 0.999000 0.998922 0.999293 0.994132 0.995680 1.001288 1.001503 0.998403 0.998362 0.998691 0.998379 0.998824 0.999238 
1.000693 1.000264 1.000211 0.999319 0.998777 1.001549 1.007272 1.000528 1.000871 1.001324 1.000235 0.999832 1.007321 1.004370 0.998170 1.007797 0.991530 0.999387 1.009907 1.001516 1.011077 1.000283 1.014909 0.999153 0.995987 0.999922 0.998020 0.999806 0.998050 0.999461 0.999055 1.000553 0.996518 0.995514 0.998297 0.999946 1.000168 0.999816 1.000077 1.000105 0.999883 0.999776 
0.998605 0.999886 1.000074 0.999986 0.999338 0.999360 0.998757 0.998641 0.999012 0.999032 0.999325 1.000288 0.998437 0.995091 0.999636 1.006586 1.004338 0.997883 0.985052 0.998296 0.999877 0.999844 0.995749 0.999155 0.996931 0.998947 0.999517 1.001341 1.001711 1.002558 0.999410 0.998531 0.998967 1.000444 1.007780 0.997936 0.999395 0.999565 0.999315 0.999597 0.999848 1.000773 
1.000082 1.000764 1.003940 1.001583 1.000425 1.000437 1.026117 1.001223 0.999836 1.000828 1.002036 1.000361 0.997926 1.003544 0.999437 0.999443 1.006672 0.999076 0.980277 1.000289 1.000755 0.999502 1.028589 1.001858 0.997856 0.999444 0.998917 0.999611 0.999196 1.003891 1.001356 1.000354 0.996672 0.994220 0.993190 0.999447 1.001017 1.001087 1.001241 1.001078 1.001057 1.000897 
1.000397 0.999855 0.999596 0.999448 1.000086 1.001663 0.990656 0.999213 0.999623 1.000826 1.000650 0.998139 1.001639 0.996676 1.003996 1.008644 1.000152 0.998844 1.013472 0.998640 1.006656 1.000594 1.013611 1.000214 0.996085 0.999477 1.000147 0.998835 0.996618 0.998862 0.999652 1.000852 0.996804 0.999870 1.006143 1.001222 0.999549 0.999240 0.999634 0.999517 0.999770 1.000261 
1.003839 1.001276 1.000974 1.001825 1.003525 1.003675 1.000102 1.000971 1.001021 1.001765 0.999958 1.005365 0.997562 0.995187 1.006178 1.003130 1.008667 1.003716 1.003509 1.001557 1.004785 1.000788 1.013107 1.000906 1.000936 1.002948 1.000350 1.000932 1.001199 1.000574 1.000909 1.001307 1.011884 1.009978 1.003529 1.001496 1.001414 1.001637 1.001453 1.001539 1.001874 1.001995 
0.998542 1.000419 1.000284 1.000325 0.999334 1.000584 1.001548 0.997352 0.999985 0.999009 0.999193 0.996963 0.999180 1.003176 1.000475 0.998288 0.994792 0.998953 0.965442 0.999556 1.005402 1.000820 1.019965 0.999954 0.996735 1.000573 0.999269 1.000716 0.999917 1.000478 1.000228 1.001682 1.002136 0.996276 0.997715 0.999371 1.000025 1.000000 1.000059 0.999881 0.999819 0.999420 
1.000258 0.999771 1.000809 0.999742 1.002481 0.999799 1.001649 1.002362 0.999188 1.000656 1.001048 1.005318 0.997279 1.002201 1.008993 1.003978 1.011553 0.999862 0.995148 1.001341 1.001424 1.000622 1.014459 0.999556 0.999613 1.000067 0.999769 0.998211 1.001648 1.001443 0.999232 0.998704 1.010623 1.011504 1.002059 1.000193 0.999875 1.000015 0.999997 0.999847 0.999970 0.999947 
0.999059 1.000150 0.999870 0.999495 0.998004 0.998543 1.017187 1.000082 1.000965 1.000783 1.002003 0.998824 1.005244 1.005036 0.989097 0.995383 1.012545 0.999692 0.998645 1.002731 0.995465 1.000587 1.005159 0.998372 0.998491 0.999739 0.998154 0.999636 1.002501 0.999063 1.000373 1.000187 0.999814 1.006402 1.005936 0.999854 1.000074 0.999865 0.999823 0.999755 0.999706 0.999802 
1.000793 0.999545 1.001017 1.000921 1.000053 1.000456 0.990228 0.998637 1.002588 0.999690 0.999138 0.999180 1.000786 1.001939 0.997275 1.002704 0.995126 1.000054 1.042077 0.998690 1.002916 0.995586 1.033103 0.996850 0.998206 0.999591 1.002311 1.002345 1.000825 1.004985 1.000417 0.997851 1.001455 0.995307 1.000179 1.001426 1.000338 1.000669 1.000462 1.000669 1.000524 1.000360 
0.998394 0.999395 0.999913 0.999967 0.997469 0.999957 1.007486 0.998582 1.001254 0.998799 1.000905 0.995087 1.004668 1.003770 0.996370 1.001342 0.989808 0.999768 1.019996 1.000614 1.004678 0.998306 1.009532 0.998470 1.003815 0.998845 0.997645 1.000555 1.003824 0.999048 0.999589 1.001226 0.995207 0.995944 1.000905 0.998365 0.999876 0.999642 0.999637 0.999916 1.000011 1.000526 
1.000867 1.000473 1.001297 1.001573 1.002014 0.999562 0.997246 1.002151 1.002562 1.001897 1.000157 1.003710 1.002053 1.000374 0.993366 1.008659 1.006598 0.998943 0.973793 1.001219 1.002554 1.002012 1.031422 1.001996 0.998128 1.001373 1.000830 1.000103 1.001214 1.002314 1.001438 1.001285 1.005879 1.008512 1.003128 0.998450 1.001351 1.000982 1.000995 1.000958 1.001019 1.000744 
1.000563 0.999286 0.999140 0.999843 0.999195 0.998097 1.023372 0.999618 0.998340 0.999340 1.000111 0.997336 0.997956 0.999536 1.003103 0.989812 0.998781 0.996885 1.021880 0.998419 1.006050 0.998573 1.012305 1.000186 1.001161 0.999894 1.000296 0.999418 0.999550 0.996033 1.000731 1.001360 1.000143 0.997344 0.987241 1.001081 0.999685 0.999781 0.999869 0.999926 0.999767 0.999398 
0.999486 0.999500 1.000740 0.998332 1.000003 1.001157 0.993839 1.000123 0.998234 1.001259 0.999364 0.999456 0.997861 1.001989 1.005761 1.003584 0.992012 0.999776 1.006415 1.001273 1.020058 0.998416 0.999779 1.001203 1.002723 1.001085 0.998635 1.000065 0.999583 0.999712 0.999418 0.999666 1.002095 0.998956 1.000765 1.001311 0.999471 0.999529 0.999486 0.999313 0.999441 0.999609 
0.998938 1.000037 0.999954 1.000830 0.999834 1.000545 0.990307 1.000420 1.000950 0.999982 1.001186 1.002246 0.998285 0.994144 0.997210 1.006207 1.006518 1.002530 1.017944 0.999450 0.999426 0.999033 1.004728 0.996077 0.997929 1.000652 1.000978 1.003455 0.997295 1.000100 0.998919 1.002419 0.999128 0.996031 0.997028 0.999845 0.999911 0.999794 0.999751 1.000081 1.000123 1.001402 
1.000933 1.000273 1.001159 1.000868 0.999085 1.001083 1.004920 0.998702 0.999077 1.001632 0.999629 0.999986 0.995554 0.998214 0.993306 1.005221 1.000475 1.002051 1.022803 0.999987 1.004685 0.999256 0.952483 0.998927 0.999429 0.999755 1.002086 0.999684 0.999654 1.003035 0.998988 0.998969 1.002117 0.999921 1.015966 1.000624 1.000212 1.000359 1.000198 1.000025 1.000086 1.000428 
0.999612 1.000645 1.000690 1.000207 1.000942 0.999317 0.994834 1.000865 0.999481 1.000762 1.000997 1.000302 0.997807 1.004075 1.004921 0.999973 0.992862 1.000315 1.005221 1.000537 1.009113 1.001399 1.002121 0.998336 0.999287 0.999166 0.993860 1.002334 1.001626 1.000858 0.999474 0.999357 1.003482 1.003330 0.998575 1.001259 1.000061 1.000359 1.000357 1.000389 1.000570 1.000357 
1.001689 1.001024 1.002876 1.001082 0.999971 1.001918 1.005784 1.000609 0.999423 1.000623 1.002669 0.998683 1.004213 1.003546 0.998157 0.999955 0.996204 1.002423 1.057666 1.000181 1.003352 1.003492 0.976600 1.001357 1.000862 1.000625 1.001354 1.000239 0.996725 1.000923 1.000261 0.999533 1.002864 1.000373 0.994669 1.000259 1.000927 1.001011 1.001139 1.000755 1.000646 1.000325 
0.999009 0.999304 0.999336 0.999545 0.999103 1.000467 0.992372 0.999967 1.002868 0.998528 0.998442 1.000588 0.998727 0.998189 0.999489 0.999643 0.986208 0.999914 0.981446 0.997980 0.994443 0.998474 1.033223 0.998614 0.994482 0.999293 0.998060 0.999930 1.001497 0.998639 1.001014 0.999593 0.989345 0.990260 0.991681 1.001108 0.999368 0.999021 0.999290 0.999470 0.999367 0.999462 
1.000634 1.000260 0.999628 1.000348 1.002859 1.001934 0.994246 1.002334 1.001054 1.000321 1.000267 1.001857 0.999539 1.001034 1.008588 1.005465 1.005160 0.999632 0.999606 0.998132 1.005770 0.998795 1.005870 0.997059 0.995915 1.000939 1.003649 0.999841 1.003375 1.001031 1.000997 1.000458 0.999752 0.997614 0.993253 1.000897 1.000529 1.000547 1.000447 1.000621 1.000605 1.000869 
0.999749 0.999314 0.998123 0.998654 0.999618 0.998564 1.006529 0.999080 1.001750 0.999651 0.999387 0.995951 1.003041 0.995561 1.004937 0.995733 0.986910 0.999143 0.986084 0.999527 1.001281 1.001736 0.987980 0.997730 1.001519 0.998678 0.998911 1.000027 1.000432 1.000115 0.998773 1.001206 0.996004 0.995237 0.996764 0.998418 0.999269 0.999485 0.999412 0.999243 0.999281 0.998982 
1.002588 1.000812 1.000002 1.001574 1.002666 1.001303 0.995252 1.000797 0.998356 1.001416 1.001815 1.004806 0.998068 0.996355 0.996669 1.010035 1.012239 1.000133 0.986820 0.998303 1.009234 1.000230 0.988272 0.998858 0.998236 1.001387 0.999691 1.002490 0.998021 1.002583 1.001071 1.001605 1.009525 1.012378 1.003998 1.000543 1.000886 1.000755 1.000990 1.000967 1.001192 1.001477 
0.999697 1.000023 1.001922 1.000413 1.002001 1.002298 1.000107 1.002046 1.001020 0.999819 0.999905 1.000553 1.003493 1.007743 1.006098 0.998132 0.989004 1.000847 1.017341 1.001284 0.993848 1.000620 1.018483 0.999301 1.002101 0.999956 1.001328 1.000238 1.002723 1.000584 0.999426 0.999013 0.995167 0.999157 0.993993 1.002031 1.000246 1.000262 1.000188 1.000195 1.000128 0.999819 
0.999056 0.999278 0.999123 0.999487 0.999470 1.001196 1.005024 0.998246 0.999978 0.997930 0.999347 0.998312 0.996852 0.999214 1.004901 1.000369 0.991563 0.998446 1.002637 0.995686 0.995177 1.000493 1.022450 1.001594 0.998295 0.999463 0.995779 0.999345 0.998734 1.001515 1.000201 0.998599 0.998481 0.998210 0.992550 0.998445 0.999237 0.999229 0.999149 0.999459 0.999329 0.999107 
1.002209 1.000711 0.999700 1.001572 1.002413 1.003466 1.002466 1.001392 1.004701 1.000942 1.001380 1.002929 0.999364 1.000969 1.004392 1.001365 1.011641 0.997387 1.044482 1.000466 1.001750 0.999842 1.008416 1.000720 1.002180 0.999896 0.999727 0.999987 1.001972 1.001208 1.001246 1.000981 1.005868 1.007348 0.991375 1.000655 1.001036 1.000567 1.000799 1.001037 1.000642 1.000206 
0.999090 0.998166 0.998761 0.998836 0.996942 0.997834 0.997453 0.998085 0.997570 0.999309 1.000726 0.994678 1.004114 1.000281 0.997405 0.997703 1.000038 0.998323 1.006266 0.998363 1.003937 0.999941 1.015547 0.998667 0.994160 0.998552 1.002650 1.000113 0.998898 0.995925 1.000111 0.999047 0.995955 0.996422 0.998013 1.000131 0.998760 0.998892 0.999192 0.999080 0.999159 0.999314 
1.000915 1.002168 1.002060 1.001687 1.002479 1.003832 1.003998 1.000891 1.001808 0.999702 1.001708 1.001224 0.999724 1.004039 1.011403 1.000155 1.001838 1.000098 1.038407 1.002322 0.998555 1.000763 0.981291 1.000625 1.001424 1.000082 0.998044 1.000519 0.996862 1.000655 1.000492 1.000930 0.998677 0.998867 1.007799 0.999561 1.001107 1.001088 1.001166 1.001171 1.001129 1.001312 
0.999891 0.998983 0.999983 0.999621 0.999248 1.000006 1.011835 1.000254 1.001859 0.999463 0.999977 0.997702 0.998374 0.994138 0.998668 0.999847 0.998342 0.999679 0.977822 1.000939 1.004380 0.999651 1.007312 1.000212 0.995592 0.998316 1.000296 0.998351 0.999358 0.998979 0.999836 0.998891 0.991274 0.994268 1.000021 0.999759 0.999649 0.999408 0.999592 0.999624 0.999522 0.999789 
0.999502 1.000454 1.003685 1.001046 1.000504 1.000865 1.002701 1.000761 0.999972 1.000511 1.000650 1.000944 1.001040 1.008713 1.001090 1.004811 0.989569 1.002380 0.998698 1.001546 1.015328 0.999391 0.998824 1.003252 1.001943 0.999200 0.997032 1.000612 0.999838 1.001424 0.999051 1.000305 0.999921 0.994854 1.006965 0.999813 1.000451 1.000579 1.000321 1.000257 1.000311 1.000069 
0.999679 0.998759 1.001072 0.999860 1.000668 1.001358 0.995031 1.000246 0.998991 1.000210 0.999737 1.002270 1.002308 1.005453 1.001662 0.998324 1.002333 1.001057 1.024251 1.000222 1.007975 1.001436 0.994827 1.000667 0.995477 0.999436 1.000158 1.000674 0.998401 0.998792 0.999880 0.998963 1.008799 1.004490 0.997823 0.997893 0.999890 0.999502 0.999610 0.999463 0.999624 0.999239 
0.998471 0.999357 1.000937 1.000989 1.000052 1.003516 0.991643 1.000097 1.001927 1.000163 1.000455 0.999128 1.002959 1.003991 1.004162 1.007859 0.998015 1.000533 1.020525 1.000854 0.999187 0.997805 0.981025 1.001679 1.004966 1.000807 0.998833 0.999277 0.997530 0.999840 1.000673 0.999982 1.003105 0.998691 0.993667 0.999582 1.000522 1.000385 0.999966 1.000346 1.000171 1.000055 
1.000864 1.001109 1.000284 1.000356 1.001512 1.000665 1.001731 1.001962 1.001326 1.001271 1.002342 1.002096 1.001854 1.004991 1.001018 0.993416 1.016988 1.000362 0.992227 0.998149 1.002609 1.000637 1.030818 0.999375 1.001898 1.001417 1.005062 1.000382 1.000995 1.001650 0.999716 0.998601 1.002298 0.998841 0.990532 1.003983 1.001102 1.000872 1.001000 1.001110 1.000988 1.000925 
0.999283 0.999415 0.998434 0.999340 1.000369 1.001218 1.002088 0.998590 1.001217 0.999246 0.998974 0.999527 0.995712 0.995541 1.010861 0.996762 1.002081 1.000384 0.985586 1.000529 1.001917 0.999493 1.030783 0.999573 1.004603 0.999895 0.999027 0.998836 1.001783 1.000959 1.000207 0.998497 1.005735 0.999390 0.994882 0.998458 0.999478 0.999484 0.999322 0.999562 0.999640 0.999496 
1.000903 1.000416 1.000752 1.000138 1.001543 0.999547 1.004569 1.001314 1.000007 0.999456 0.999159 1.003440 0.998007 0.996675 1.000295 0.991326 1.003756 1.002001 1.009431 1.001644 1.001860 0.999105 0.988166 1.002966 0.998914 1.000767 0.994455 1.000016 1.001260 0.998292 1.000253 1.002586 1.002122 1.002089 0.993108 0.999797 0.999903 0.999825 0.999887 0.999970 0.999922 0.999837 
1.001000 1.000191 1.000497 1.000834 0.998248 0.999797 1.011852 0.997415 1.000850 1.000739 0.999565 0.996498 1.000035 0.999935 0.995956 1.006802 1.004463 1.001192 0.985536 0.999219 0.996846 1.005096 1.008311 1.005920 1.003005 0.999296 1.000782 0.998014 0.999178 1.000069 0.999125 0.999614 1.002159 1.004431 0.999531 1.000583 1.000785 1.000334 1.000300 1.000275 1.000136 0.999946 
1.000406 0.999727 0.999764 0.998279 1.001102 1.000392 1.003469 1.002322 1.000147 1.000879 1.000601 1.001925 1.002190 0.999691 0.999045 1.005302 1.007465 1.000612 0.997261 0.999832 1.008864 1.000345 0.985587 1.000444 0.995442 1.001335 1.001694 1.000545 0.999378 1.000699 0.999444 1.000611 1.003128 1.003160 0.999209 1.000252 0.999618 0.999842 0.999703 0.999722 0.999688 0.999987 
1.001944 1.001321 1.001238 1.002439 1.002337 1.003334 1.001041 1.001046 1.003441 1.000207 1.001417 1.000622 1.003782 0.999806 1.006137 1.002040 1.003660 0.998132 1.037540 1.000716 1.005968 1.002384 1.002504 1.001333 0.992377 1.001039 1.000536 1.001509 1.001423 1.000867 1.002622 1.001570 1.003827 1.001963 1.001189 0.998024 1.001384 1.000945 1.001094 1.001370 1.001179 1.000627 
1.000009 1.000471 1.000337 0.999697 1.000239 1.001805 0.995826 0.998621 0.997628 1.000293 0.998957 0.999215 0.999715 1.000744 1.005830 1.004389 1.004862 1.000187 1.006359 0.999663 1.010619 0.999229 0.999548 1.000417 0.998778 1.000053 0.998798 1.001903 1.001227 1.000425 1.000171 1.000755 1.006359 1.004654 1.013379 0.999112 0.999460 0.999944 0.999693 0.999518 0.999811 0.999787 
0.998831 1.000047 1.000648 1.000485 0.998496 0.998170 1.009683 1.000074 0.999162 1.000020 1.002353 0.999820 0.999402 0.997436 0.993778 1.006512 1.015717 0.999164 1.003660 1.000039 0.993309 1.001594 0.975468 1.000782 0.995452 0.999508 0.998049 0.996876 0.997404 1.000232 0.999521 0.999478 0.998892 1.002402 1.010952 0.997937 0.999869 0.999583 0.999740 0.999493 0.999500 0.999383 
1.001529 1.001400 1.002218 1.001600 1.002042 1.000120 1.007704 1.002936 1.000705 1.001714 1.001862 1.002775 1.001474 0.999762 0.998811 0.999270 1.009591 0.998983 1.008447 1.000764 0.999380 1.001759 0.985144 1.004035 1.000818 1.000639 1.002303 0.999364 0.999217 1.002049 1.001098 1.000351 1.004282 1.004712 0.998913 0.999565 1.001880 1.001389 1.001302 1.001506 1.001194 1.000744 
0.999459 1.000448 0.999774 0.999105 1.001094 1.000853 1.003077 1.001955 1.001593 0.999446 0.998892 1.005259 1.002497 0.998741 1.003932 0.996906 0.998804 0.999797 0.992437 1.000120 0.990295 0.997816 1.006185 1.000993 0.998301 0.999295 0.996521 0.998621 1.000174 1.000100 0.999751 1.000293 1.003864 1.006785 1.003779 0.997925 0.999324 0.999321 0.999330 0.999575 0.999533 1.000064 
1.001423 1.000634 0.999167 0.999408 0.999857 1.001354 0.994928 0.998420 0.999077 0.999416 0.998144 0.999039 0.999500 0.999639 1.002406 1.003046 0.990035 1.002882 1.004399 1.001663 0.994335 0.999364 0.995120 0.998830 1.003949 0.999772 0.997504 1.001066 0.998830 0.998594 1.000797 1.001583 0.995180 0.997129 1.011733 1.000545 0.999455 0.999840 0.999988 0.999834 0.999974 1.000029 
1.000323 0.998803 0.997926 0.998854 1.000470 0.999209 1.005934 0.999893 0.997794 1.000957 1.000438 0.999050 1.000358 0.998930 1.003252 1.005526 1.006451 0.998592 0.997093 0.999144 1.002370 0.999320 1.001192 1.000022 0.996100 1.000657 1.002707 0.999572 0.996835 0.998331 0.999582 0.999147 1.002040 1.005727 0.998416 1.000497 0.999344 0.999264 0.999393 0.999079 0.999205 0.999249 
0.999806 1.001030 1.000381 1.000953 1.000557 1.001840 1.019326 1.000944 1.002355 0.999976 1.000668 1.001200 1.001869 1.000784 0.995788 0.993058 1.008291 1.001275 0.985299 1.001972 0.992443 1.001236 1.014508 1.001089 0.997297 0.999907 1.001307 0.997965 1.002098 1.000614 0.999784 1.000110 1.002349 1.001104 0.997639 0.999565 1.000946 1.000743 1.000577 1.000939 1.000845 1.000976 
1.000386 1.001325 1.000632 1.001216 1.000412 1.001638 0.999591 1.000928 1.000642 1.000608 1.001685 1.000024 1.003137 1.004815 0.998637 0.997525 0.997302 0.999582 1.020943 0.999374 1.001023 0.999007 1.012092 1.002306 1.000227 1.000685 0.999442 1.001459 0.998658 0.996767 1.002568 1.001099 0.996303 0.999401 1.003385 1.000780 1.000993 1.000741 1.000945 1.000922 1.000562 1.000383 
1.001868 1.002195 1.002031 1.002040 1.001535 1.001550 1.001373 1.001883 1.001792 1.000314 1.001007 1.002375 1.005128 1.003865 1.003494 0.996999 0.994111 1.002132 1.012064 1.002187 0.999336 1.000093 0.976717 0.999554 1.004409 1.000846 0.998426 1.000537 1.000972 1.001111 1.001065 1.002964 0.997204 0.992248 0.998209 1.001581 1.001360 1.001663 1.001521 1.001492 1.001363 1.000809 
1.000722 0.999713 0.999899 1.000416 0.999478 0.999612 0.996333 0.997763 1.000743 0.999816 0.999833 0.996657 1.001503 1.003303 1.001662 1.000369 1.007892 0.999279 0.996879 0.998659 0.994332 0.999004 1.001284 0.998886 0.996651 0.999056 0.997413 1.002323 1.001717 1.001694 1.001030 0.999684 1.001780 0.999727 1.002599 0.998918 0.999830 0.999906 1.000135 1.000189 1.000057 0.999909 
1.000970 1.000983 1.000450 1.001093 1.002573 1.001746 1.004673 1.001662 0.999987 1.001034 1.000075 1.003198 0.999945 0.997956 1.008902 1.003301 1.002155 1.000101 1.005496 0.998464 0.997594 1.000911 1.026834 1.005035 0.996648 1.000522 1.000439 1.000886 1.004157 1.001720 0.999596 0.997378 1.008503 1.006568 1.000234 0.998909 1.000629 1.000656 1.000471 1.000584 1.000522 1.000371 
0.999879 0.998854 0.998892 0.998992 0.999840 0.998976 1.009357 1.001150 0.998768 1.000216 1.002275 0.999142 1.004264 1.005139 0.998266 0.999420 1.016190 0.999485 1.011517 1.000481 1.006580 1.000790 0.992678 0.997336 1.000339 0.999208 1.002194 1.001771 0.996223 0.998851 0.998824 1.001474 1.005224 1.001140 0.994633 0.997573 0.999958 0.999832 0.999801 0.999471 0.999183 0.998904 
0.999905 0.999679 1.001691 0.999972 1.000537 0.999468 1.001278 1.001639 0.999027 0.999589 1.000955 1.001242 1.008014 1.002588 1.000837 1.000093 0.996224 0.998992 0.992151 1.000936 0.996499 1.000213 1.000226 0.997074 0.997398 1.000350 1.000379 1.001389 1.001504 0.998254 1.000097 1.001106 0.994815 0.995577 0.992149 1.000288 1.000259 1.000118 1.000207 1.000273 0.999991 0.999876 
0.999996 1.000359 0.999624 1.001215 1.001000 1.002349 0.995566 0.999135 1.000265 1.000368 1.000066 1.003107 0.998698 0.996499 0.994036 0.998137 1.015140 1.000127 0.941064 0.998061 0.993963 1.000796 0.994390 1.000221 1.002439 1.001055 1.000171 1.000174 1.000140 0.999135 1.000708 0.998784 1.001074 1.005066 0.994941 1.002922 1.000827 1.000446 1.000350 1.000736 1.000623 1.001120 
0.999755 0.999948 1.001251 0.999562 0.998505 0.998962 1.000042 0.998641 0.999715 1.000723 1.000003 0.996535 0.998996 1.004166 0.998674 0.998442 0.992930 0.997406 1.008893 0.999012 0.995085 1.002181 0.990326 1.001074 0.998435 1.000342 1.001462 0.996246 0.995114 1.001592 0.999423 0.999881 0.994535 0.996925 1.004272 0.996830 0.999810 1.000025 1.000213 0.999740 0.999629 0.999089 
0.998942 0.999315 0.999212 0.999770 0.998202 0.998153 1.017407 0.998777 0.996554 0.999196 0.999717 0.999840 0.998451 0.999209 0.995154 0.993404 0.994651 1.000473 1.012600 1.000592 1.004728 0.998428 0.988075 0.998634 0.997626 0.999775 0.997774 0.999833 0.998759 1.000331 0.999348 0.999895 0.995349 0.994732 0.998116 1.003997 0.999172 0.999531 0.999597 0.999770 1.000010 1.000804 
1.001931 0.999493 1.000142 0.999404 1.000387 1.001861 1.001729 1.001438 0.998114 0.999355 1.000254 0.998552 0.999849 0.996148 0.997491 1.008374 0.997133 0.996693 1.046819 1.002390 0.999562 0.998976 0.970918 1.001143 0.994808 0.999329 0.997978 0.998327 0.997014 0.999361 1.001093 0.999858 0.996133 0.998009 1.002444 0.996722 0.999175 0.999185 0.999433 0.999201 0.998869 0.998000 
0.998734 0.998892 0.999285 0.998646 0.998469 0.998330 1.000407 1.001356 0.997744 1.000099 1.001597 0.997301 0.996526 0.995437 0.995431 1.002470 0.996021 0.998393 1.037480 1.000954 1.007396 1.000885 1.018948 0.998461 1.000236 0.999518 0.999718 0.998100 0.996291 0.995931 1.000058 1.002171 0.994829 0.993048 1.002033 0.996645 0.998986 0.999180 0.999281 0.998960 0.998851 0.998862 
0.999462 0.999203 0.999333 0.999092 0.999639 1.000588 1.017291 0.998545 0.997159 1.000335 0.998577 0.999744 0.997760 1.000992 1.007971 0.996518 1.008061 0.998674 1.005005 0.999692 0.998410 0.996841 0.977635 0.995866 0.998289 0.998226 1.001743 1.000181 0.998380 1.000751 0.999431 0.998768 1.005196 1.001918 0.996737 0.999519 0.998938 0.999375 0.999621 0.999470 0.999397 0.999643 
1.002251 1.000056 1.001944 1.001153 1.001497 1.001825 1.010815 0.999706 1.002284 1.000946 1.001307 1.001916 0.997861 0.994879 1.002417 0.998978 1.018498 0.999925 1.013268 0.999215 0.997992 0.999659 0.996103 1.001875 1.002586 1.001633 1.001500 1.001235 1.001732 0.997875 1.000786 1.000584 1.007767 1.006890 1.000907 1.000390 1.000663 1.000569 1.000780 1.000543 1.000746 1.000083 
1.001165 1.001396 1.002039 1.000781 1.002163 1.002803 1.019830 1.000716 0.998666 1.001900 1.001577 1.003741 0.998860 1.000131 1.001740 1.000738 1.000792 1.001776 0.990564 1.003197 1.004136 0.998795 0.989434 0.997776 1.001051 1.001807 1.004101 1.001905 0.996089 1.004412 1.000946 0.999615 0.999984 0.999280 1.005683 1.001209 1.001408 1.001418 1.001523 1.001230 1.001369 1.001876 
1.000589 1.000765 1.001397 1.001635 1.002401 1.002472 1.004414 1.002250 1.005103 1.000622 1.001427 1.004074 1.001523 1.000251 0.998853 0.999866 1.014617 1.001398 1.018529 1.000292 0.996157 1.002034 1.020055 1.000750 0.999188 1.000067 1.001781 0.999344 0.998028 1.002610 1.000678 0.999595 1.007964 1.009332 0.996515 0.999354 1.001392 1.001159 1.000797 1.001292 1.001051 1.001425 
1.001285 1.000371 1.001143 1.000196 0.998864 0.998620 0.994496 0.998831 0.998815 0.999437 1.000382 0.997453 0.996636 0.999731 0.992833 0.994878 0.995167 1.000955 1.038290 1.000341 0.994314 1.001285 0.996149 1.000806 1.001978 0.999486 0.997792 0.999303 1.000274 1.002639 1.000079 0.999141 0.997960 0.996730 0.999829 1.000351 0.999991 1.000398 1.000414 1.000494 1.000361 1.000361 
0.998680 0.998710 1.002170 0.999412 0.996925 0.999068 0.999191 0.997685 0.999791 0.999925 1.000991 0.997221 0.998372 1.003160 0.998338 1.003016 1.011432 1.002537 1.003389 1.002509 1.008151 0.995601 0.967450 0.996833 1.003156 0.998635 1.001027 1.000706 0.998623 1.000100 1.000341 0.999985 1.000115 0.997252 0.999312 1.000266 0.999494 0.999495 0.999742 0.999518 0.999579 1.000044 
1.000046 0.999293 0.999029 0.999384 0.999950 1.000018 0.994847 1.000614 0.998815 1.000074 1.001036 0.999890 0.999392 0.996726 1.003568 1.001836 0.996221 0.999090 1.000014 0.999937 1.000392 1.001087 0.995387 0.999039 1.000996 1.000148 1.000059 0.998197 1.000986 0.999563 0.999480 1.000326 0.994970 0.995412 0.997443 1.002402 0.999640 0.999619 0.999949 0.999773 1.000007 1.000165 
0.999206 1.000879 1.000024 0.999503 0.999416 0.999351 0.997772 0.999045 0.999780 0.999565 0.998230 0.998075 0.998613 1.000512 1.001224 0.997353 0.991690 0.999244 0.977126 0.999164 1.002243 0.997966 1.032532 0.996130 0.995467 0.998860 0.996912 0.999679 1.003066 0.999409 1.000114 0.999409 0.999985 0.993762 1.008006 1.000161 0.999718 0.999973 0.999958 0.999927 0.999935 0.999700 
1.000548 0.999146 0.999248 1.000151 0.999054 0.998503 0.988338 0.999660 1.000950 0.998968 0.999529 0.997058 1.000383 0.995174 0.994632 0.999580 0.994313 0.998964 1.024540 0.997591 0.997033 1.001387 0.997136 1.000466 1.003081 0.999190 0.998804 1.000011 0.997023 1.002522 0.999236 0.999999 0.997565 0.995504 1.005115 0.999599 0.999868 0.999743 1.000008 0.999814 0.999764 0.999828 
1.000015 0.999953 1.001422 1.000235 1.000404 0.999517 1.004869 1.002250 1.001585 1.000841 1.000309 1.000093 1.000773 0.997722 0.992897 1.000238 0.993010 1.000106 1.015825 1.001098 0.999592 0.998002 0.985337 0.995653 0.996787 0.999616 0.999571 1.001666 0.999625 1.001857 0.999681 1.000270 1.000111 0.999301 0.999202 0.997692 1.000243 1.000382 1.000630 1.000356 1.000190 0.999831 
1.000094 1.001634 1.001950 1.000560 1.000846 1.000713 0.993961 1.000351 1.000003 1.001079 1.000324 1.000982 1.001436 1.003356 1.002345 1.002728 0.996905 1.003025 0.975540 1.001336 1.012158 0.999601 1.003856 0.995900 0.995087 1.000090 1.000557 1.002564 1.001235 1.004014 0.999611 1.000422 1.004838 1.003496 1.003700 1.003392 1.000551 1.000780 1.000716 1.001025 1.000996 1.001139 
1.000243 0.999923 0.999338 0.999873 1.000124 0.999915 0.995857 1.000115 1.002368 1.000508 0.998810 1.001946 0.999495 1.001489 0.998439 0.999850 1.002218 1.001157 1.010045 1.002283 0.990220 0.997576 1.028553 0.996058 1.001980 0.998101 0.996571 1.001082 0.999667 0.999918 0.999346 1.000198 1.000126 0.995363 1.001692 0.999580 0.999850 0.999850 0.999602 0.999875 0.999589 0.999951 
1.000836 1.000476 1.001179 1.000906 1.000269 1.000589 1.003143 0.998463 0.998216 1.000847 1.000618 1.002362 1.000457 0.997667 0.996440 1.002033 1.000420 1.001114 0.986956 1.001060 0.996420 1.001369 0.991281 1.002262 0.995332 1.000950 0.999179 1.001101 0.996907 1.001264 1.000695 0.999508 1.003537 1.006490 0.998254 1.000291 1.000260 1.000274 1.000414 1.000487 1.000334 1.000692 
1.001292 1.000356 1.001073 1.000244 1.002535 1.000085 1.001006 1.001734 0.998436 1.000657 0.999098 1.001943 0.995591 0.999031 1.008236 1.002167 0.990888 0.998709 1.002933 0.999176 1.003709 0.997775 1.036471 1.002514 0.999944 0.999772 0.999582 1.001307 1.001818 1.004992 1.000418 1.000861 0.996065 1.000290 1.003021 0.998522 0.999904 1.000442 1.000558 1.000540 1.000605 1.000703 
1.000209 0.999909 0.999855 1.000012 1.000014 0.999107 0.996256 0.998752 1.001548 1.000173 0.999894 0.997247 0.999230 1.002594 1.008255 0.999142 1.000032 1.000331 1.008831 1.002345 0.998705 0.999351 0.998819 0.998834 0.998413 0.999463 0.995029 1.001090 1.003840 0.998642 0.999902 0.999285 1.006822 1.007066 0.989341 1.000562 1.000069 1.000340 1.000164 1.000214 1.000101 0.999967 
0.999086 0.998809 0.998807 0.999309 0.998949 0.998705 1.009842 0.998532 1.000727 0.998432 0.998005 0.997103 1.000957 0.996210 0.998940 0.996039 0.991319 0.999125 1.003595 1.001447 1.000377 0.999612 0.981802 0.998557 0.996267 0.999785 0.999010 0.999564 0.996981 0.999917 1.000131 0.998692 0.992692 0.994408 0.991376 0.999281 0.999268 0.999015 0.999115 0.999305 0.999176 0.999446 
0.999944 1.000527 1.000855 1.000024 0.998439 0.997671 1.025075 1.000204 0.997243 1.000382 1.001363 0.999886 0.999492 1.000424 0.992104 0.998778 1.000837 1.003925 1.033151 0.998917 1.008205 0.996674 0.958964 0.998960 1.002991 0.999830 1.003103 1.000912 1.000647 1.000886 1.000498 1.000261 0.995488 0.997607 1.002842 1.000986 1.000041 1.000284 1.000316 1.000163 1.000364 1.000539 
0.998787 0.999375 0.999721 0.999711 0.998698 0.998797 0.988238 0.998747 1.001225 0.999413 0.999522 0.998718 1.001945 1.001445 0.994760 0.997560 1.004043 0.999203 1.013354 0.999554 0.993666 1.000483 1.027253 0.995239 0.998423 0.999528 0.995193 0.998362 1.001370 1.000257 0.998980 0.999401 0.999529 0.999760 1.000444 1.000299 0.999221 0.999403 0.999183 0.999471 0.999414 0.999340 
0.999425 1.000415 0.998643 0.999960 0.999839 0.999135 1.005745 0.998640 1.001700 0.999217 0.999717 0.998580 0.997105 0.997711 1.001769 1.000088 1.000974 0.999248 0.970763 0.996964 0.996605 0.999089 0.995078 0.997058 0.996727 0.999438 0.999988 1.001155 0.997819 1.001786 0.999386 0.999637 0.993966 0.996242 1.000948 1.000142 0.999853 0.999738 0.999798 0.999868 0.999795 1.000058 
0.999787 1.000949 1.000138 1.000412 0.999316 0.999695 1.008460 1.000724 1.000794 0.999589 1.000778 0.998491 1.005191 1.003351 0.993267 1.003194 0.996100 1.000531 0.970518 1.003285 0.996360 1.000642 0.987324 0.998344 1.001762 1.000107 1.002915 1.000152 0.999647 1.001566 1.000935 1.001120 0.989583 0.992836 1.002655 1.000434 1.000904 1.000657 1.000650 1.000855 1.000409 0.999985 
1.000322 1.000236 0.999460 1.000301 1.001307 0.999540 1.003980 1.001234 1.001869 1.000290 0.998966 1.002901 0.994602 0.995810 1.005181 0.996828 0.990893 0.998113 0.994217 0.999561 1.011842 0.999610 0.974369 0.997675 1.001657 1.000048 0.999454 1.000175 0.999361 1.001121 0.999247 0.999173 0.993878 0.993856 0.998454 1.001323 1.000011 0.999801 0.999883 1.000176 0.999897 0.999573 
0.999328 0.999208 1.002200 1.001586 1.001829 1.000507 1.012179 1.002024 0.999311 1.000122 1.000509 1.003107 1.005170 1.006675 1.004839 0.997827 0.996967 1.002285 1.008862 1.001040 1.004977 0.999183 0.988620 0.999664 0.999515 0.999431 0.999153 1.000541 1.002018 0.998853 1.001405 0.997578 0.998918 0.998145 0.990588 0.999318 1.000740 1.000121 1.000153 1.000497 1.000383 1.000513 
0.999713 1.000039 0.999085 1.000250 0.999918 1.001406 1.000367 0.998275 1.000434 0.999165 0.998789 0.999584 1.004697 0.999555 0.999863 1.004827 0.995681 1.000358 0.971620 1.000114 1.008806 0.999731 1.014693 1.002798 1.002697 1.001267 0.998475 0.999217 0.999374 1.000280 1.000171 1.000417 0.995043 0.990665 0.996822 0.999671 1.000395 0.999976 0.999769 0.999963 0.999881 0.999640 
1.001267 1.001225 0.999424 0.999409 0.999879 1.000335 1.002607 0.997699 0.997739 1.001218 1.000503 0.996896 0.999305 0.996014 1.006202 1.008504 0.997218 0.999868 0.980346 0.997639 1.015994 0.998673 1.016868 1.002881 0.996531 0.999911 1.000928 1.000302 0.997817 1.002033 0.999274 1.001090 0.995212 0.996063 1.010246 1.001447 1.000264 1.000240 1.000276 1.000368 1.000450 1.000398 
1.001211 1.000251 0.999068 0.998889 1.000233 1.002450 1.004029 0.998764 0.996768 1.001389 1.000498 1.000121 1.000236 0.996339 1.004579 1.002062 1.005246 0.997278 1.026755 0.999413 0.998345 0.998157 1.003143 0.998126 1.000584 0.999431 1.001137 0.998054 1.000844 1.000273 0.999806 1.000718 1.004550 1.007039 1.006442 1.000031 0.999221 0.999627 0.999615 0.999480 0.999706 0.999642 
1.000641 1.000411 0.999266 1.000534 0.998742 0.998493 0.996138 0.999054 1.002216 0.999405 0.999796 0.998627 1.002744 1.000224 0.992326 0.999992 0.998179 0.999772 1.006103 0.999923 0.997768 1.000406 0.972434 1.000343 1.004598 1.000319 1.001397 1.001075 1.002033 0.999436 1.000808 1.001561 0.999618 0.998587 0.999409 0.999268 1.000289 1.000171 1.000137 1.000185 1.000239 1.000174 
1.001840 1.001552 1.000185 1.000826 1.002879 0.999661 0.991142 1.003374 0.998773 1.000769 1.000532 1.004400 0.999429 0.999270 1.000136 1.001532 1.003482 0.998717 0.992294 0.998594 0.988478 1.000313 1.015303 1.000432 0.998360 1.001272 1.002458 0.999070 1.001677 1.002307 0.999703 1.000438 0.999033 1.004074 1.011231 1.002156 1.000769 1.000892 1.000930 1.001012 1.001088 1.001241 
0.998350 0.998582 0.998969 0.999397 1.000290 1.001145 1.004252 1.001487 0.998508 0.999546 0.999556 1.003072 0.997442 0.996965 1.006955 1.007145 1.002087 0.999814 0.997801 1.001199 1.005603 0.998088 1.015993 0.997754 1.002819 1.000539 1.002125 1.001917 0.998148 0.999448 0.998544 0.997596 0.999378 1.001393 1.002030 1.003200 0.999355 0.998893 0.999160 0.998932 0.999349 0.999815 
1.002734 1.001210 1.000827 1.000435 1.002232 1.000629 1.005536 1.000756 1.001493 1.001493 0.998569 1.004666 1.002354 0.998883 0.998038 1.001107 0.990359 1.000569 0.956880 0.997829 1.005882 1.000570 1.018456 0.999638 0.999783 1.001841 0.999247 0.999499 0.996916 0.998970 1.000563 1.001136 0.999633 1.004585 1.008180 1.000989 1.000688 1.000297 1.000394 1.000530 1.000577 1.000509 
0.999848 1.000216 1.001562 0.999742 0.999900 1.000741 0.997816 0.999351 0.998581 0.999336 1.000592 0.997727 1.007576 1.002474 1.001966 1.002239 0.997266 1.001155 1.020409 0.999666 0.990185 1.001568 0.987999 1.001006 0.999919 1.001557 1.002369 1.001449 1.001147 0.998799 1.000021 1.001437 0.999216 1.000099 0.999025 0.999790 1.000452 1.000229 1.000173 1.000122 1.000175 1.000357 
1.000173 1.001772 1.000011 1.000719 1.000488 1.003331 1.004180 0.997882 0.999469 0.999973 1.000372 0.998684 1.001091 0.998474 1.005989 1.002650 1.003102 1.000072 0.959792 0.999885 0.996892 1.002113 1.014521 1.001798 0.999246 1.000898 1.000967 1.001103 0.999732 1.000785 1.000373 1.000478 0.999644 0.998859 1.004321 1.000684 1.000532 1.000610 1.000521 1.000610 1.000487 0.999888 
1.001777 1.000940 0.999538 1.001378 1.003334 1.001188 0.993519 1.003508 1.001710 1.000182 0.999028 1.004736 0.997441 1.000690 1.004918 1.001725 0.999464 0.998970 1.005140 0.999725 0.996151 1.001892 0.986158 1.003586 0.996859 1.000557 0.999620 0.999060 1.002812 0.998601 1.000455 1.001495 1.003343 1.003601 0.998060 0.999354 1.000781 1.000654 1.000584 1.000657 1.000643 1.000210 
0.998782 0.999565 0.998003 0.998247 1.000072 1.000154 1.009842 0.999199 0.998616 0.999485 0.999936 0.999523 0.999116 0.995465 1.009148 0.998553 1.002227 0.997833 0.998068 1.001182 0.998540 0.999530 1.012510 0.998203 1.004404 0.999854 0.995910 0.997382 1.000221 0.997053 0.999193 0.999681 1.000724 1.000908 0.997247 1.000406 0.998889 0.999301 0.999091 0.999128 0.999254 0.999575 
0.999527 1.001042 0.999678 1.000905 1.001742 1.001430 1.003896 1.002001 1.003398 0.999904 1.001669 1.000917 1.002436 0.997018 0.998853 0.999972 0.993362 0.999143 1.039510 0.998637 1.008247 1.000199 1.017098 0.999125 0.995423 0.999945 0.996346 0.998749 1.004006 0.999829 0.999620 1.000432 0.997544 0.994256 1.002575 0.999506 1.000600 1.000399 1.000197 1.000423 1.000333 0.999885 
0.999705 0.998730 0.998279 0.999136 1.000653 0.998519 1.014209 1.000662 0.997228 0.999325 0.998522 1.000372 0.995513 0.995945 1.005968 1.006455 0.994884 1.001167 0.958086 0.999462 1.010654 1.002209 0.984995 1.001495 1.000263 0.999354 0.999741 1.001076 0.999473 1.000137 0.999765 1.000191 0.999190 0.998353 0.998283 0.999424 0.999568 0.999350 0.999668 0.999219 0.999755 1.000158 
0.998876 0.999970 1.000601 0.999704 0.999054 0.998130 1.007108 0.999597 1.000291 1.000392 1.000305 0.998446 0.995870 0.994455 0.993443 0.998373 0.993159 1.001982 0.987028 0.998695 0.994576 1.000034 0.990917 1.000934 1.004419 0.998002 1.003483 0.999844 1.003308 1.001459 1.000694 0.999301 0.991031 0.996490 1.001893 0.999197 1.000202 1.000289 1.000086 1.000107 1.000093 1.000032 
1.002863 1.001802 1.001346 1.001316 1.000786 1.002106 1.005302 0.998749 1.000218 1.000715 1.000647 0.998769 1.000871 1.001907 1.004375 1.000469 0.999774 1.000339 0.999855 1.000179 1.001855 0.999076 0.985515 1.000707 0.999477 1.000895 0.999221 1.000905 1.005206 0.998613 1.001912 1.002134 0.998511 1.000861 0.997831 1.003659 1.001080 1.001606 1.001382 1.001461 1.001408 1.000848 
1.001069 1.002516 1.000646 1.001415 1.002595 1.003432 1.000779 1.001383 1.001714 1.000193 1.000400 1.001865 0.997628 1.002734 1.000411 0.995706 1.012210 0.999662 0.995829 1.000137 0.999713 1.001539 1.000792 1.001864 1.003577 1.001467 1.005058 0.999237 1.001808 1.001292 0.999943 0.999599 1.005626 1.006119 1.008286 1.000126 1.001258 1.001114 1.000909 1.000988 1.000930 1.000463 
0.998780 0.999238 0.998569 0.999947 0.999279 0.999716 0.988149 0.998647 0.998109 0.999045 0.998603 0.998410 1.000124 0.996488 0.998797 0.996890 0.994864 0.996403 0.991391 1.001510 1.000408 1.000352 1.012870 1.002122 0.997186 1.001456 0.992900 0.997813 0.996478 0.996635 0.998355 1.000450 0.999593 0.999267 0.998571 0.998730 0.998694 0.998757 0.998574 0.998713 0.998793 0.999152 
0.999140 0.999496 0.999126 0.999539 0.999165 1.000284 1.002088 1.001389 0.999074 0.999852 1.001150 1.001378 0.997957 0.997366 0.997739 1.003917 1.015999 0.998268 1.003207 1.001002 0.984209 0.999943 1.003283 0.998971 0.995898 1.000461 1.003041 0.998861 1.003783 0.999932 0.999567 1.000644 0.997051 1.000415 0.997120 1.000010 0.999240 0.999517 0.999581 0.999592 0.999666 0.999790 
1.000171 1.000505 0.999710 0.999690 0.998481 1.000879 1.000431 1.000571 1.001541 1.000196 1.000292 0.999994 1.000987 0.997726 0.990065 1.008034 0.987216 1.002133 1.018360 1.000326 1.012164 0.996251 0.995977 0.996435 0.999042 0.999857 0.998870 0.999817 1.001871 1.001708 0.999628 0.999391 0.994187 0.995073 1.003020 0.998819 0.999888 0.999997 0.999852 1.000153 1.000023 1.000133 
0.999991 0.999984 1.001360 1.001684 0.999724 0.999846 0.998030 0.999320 1.000510 1.001695 1.000959 0.997517 0.997268 1.000544 0.999046 1.002288 1.000527 1.000364 0.980569 0.998745 0.993113 1.000147 1.002877 0.999314 0.997672 1.000160 1.006047 1.000718 1.003440 1.002812 1.000943 0.998625 0.995492 0.996084 1.001804 1.001121 1.000626 1.000576 1.000882 1.000865 1.001003 1.001263 
0.998969 0.999005 0.999409 0.999896 0.999129 1.000273 1.003386 0.998968 1.001175 0.999011 1.000527 0.998922 0.997574 0.996839 0.996103 0.999382 1.000812 1.000614 0.996451 0.999829 0.995053 1.002865 1.009903 1.001878 0.996995 0.999487 0.996192 0.998912 0.999289 1.001082 0.999115 0.998514 0.996799 1.002414 0.988473 1.000890 0.999848 0.999461 0.999543 0.999726 0.999465 0.999656 
1.000066 1.000871 1.000138 1.001270 1.000272 1.001105 1.000811 0.998038 1.001306 1.001701 0.998759 1.000973 1.001436 1.003273 1.006528 1.002295 0.999706 1.000914 0.962205 0.999527 0.996884 0.998418 0.987970 0.997383 0.998984 1.000001 0.998475 1.001328 0.998738 1.001565 1.001840 0.999891 1.007915 1.003340 0.994968 0.999656 1.000807 1.000518 1.000463 1.000876 1.000609 1.000376 
1.001267 0.999752 1.000602 1.000028 1.000493 0.999027 0.991259 1.001728 1.000326 1.001870 1.001119 1.001720 1.001849 1.005344 0.998217 1.007441 1.006360 1.000534 0.980620 1.000137 1.010749 0.998300 0.984302 0.998174 0.996975 0.999597 0.999909 1.000367 1.003120 1.000048 0.998657 1.000064 1.006104 1.005368 1.006415 1.001094 1.000270 1.000273 1.000500 1.000215 1.000382 1.000007 
0.998606 0.999226 0.999867 0.999977 0.999116 1.000348 0.992313 1.000368 1.001048 0.998702 0.999727 0.998189 0.996463 1.000785 0.997846 1.007361 0.993150 0.999109 0.998571 0.999702 1.005934 0.998142 0.995596 1.003464 0.998070 0.999161 1.000214 1.000130 1.001924 1.000899 0.999935 1.001154 0.996259 0.994571 0.994094 0.999620 1.000071 0.999875 0.999995 0.999889 1.000119 1.000253 
1.000456 0.999823 1.001068 1.000459 1.001626 1.000624 1.003006 1.001889 1.000687 1.000762 1.000688 1.000916 1.002303 0.998280 1.006507 0.997455 0.996368 1.000518 1.014027 0.998858 1.000183 0.999579 0.995188 0.998731 0.999332 1.000561 0.997387 1.000027 1.002023 1.002444 1.000684 1.000713 1.003185 1.000647 0.996693 0.999571 1.000233 1.000472 1.000662 1.000438 1.000600 1.000466 
0.999637 0.998829 0.999926 1.000473 1.000200 1.000572 1.006272 1.001127 0.999975 0.999707 0.999718 1.004059 0.999598 1.001049 0.997704 1.002815 1.002803 0.996431 1.003752 1.000465 1.001835 0.999001 1.018651 0.997611 0.999436 0.999644 0.999241 0.998810 0.997465 0.999277 1.000810 0.998573 0.993501 0.991688 0.994951 1.001317 0.999559 0.999352 0.999494 0.999648 0.999629 0.999913 
1.002015 1.001480 1.002504 1.001303 1.001513 1.000584 0.996426 1.002569 0.999004 1.001471 1.002274 1.002314 1.001003 0.998431 0.994342 1.005468 1.007348 0.999984 1.008195 1.002675 1.006547 1.003996 1.018321 1.004243 1.001804 1.001286 1.003587 1.001934 1.002140 1.000758 1.001496 1.001357 1.008154 1.008114 1.013374 0.999832 1.001445 1.001647 1.001635 1.001210 1.001571 1.001542 
1.002227 0.999559 1.000063 0.998780 1.000984 1.001007 0.998758 1.001866 0.998844 1.000097 0.999920 1.001687 0.998703 1.001209 1.001618 1.005358 1.004647 1.001392 1.046257 0.996304 0.996243 0.997209 1.009875 0.996867 0.997780 0.999368 0.999948 1.000974 0.998764 1.000060 0.998402 0.998884 0.997898 1.002045 1.004188 1.000935 0.999199 0.999608 0.999924 0.999567 0.999607 1.000032 
0.999686 1.000291 0.999634 1.000226 0.999677 1.000799 0.996360 1.001061 0.998919 0.998803 1.000162 0.999094 1.005017 0.998724 1.000301 0.994111 0.992662 1.000054 1.024815 0.997561 0.983586 0.999575 0.962755 1.001999 0.995530 0.999880 0.998808 1.000572 0.998778 0.998822 1.000071 1.000041 0.993842 0.996639 1.003625 0.999103 0.999511 0.999560 0.999841 0.999826 0.999868 0.999832 
1.001804 1.000670 1.001426 1.000278 1.001418 1.000623 0.993093 1.000830 0.998786 1.001106 1.000460 0.999251 1.002360 1.001677 1.013138 0.996168 0.995974 0.999260 1.006449 1.001995 1.006564 1.000564 0.977820 0.999500 1.001331 1.000272 0.998527 1.001387 0.999348 1.002169 1.000652 1.001304 1.001045 0.998506 0.996278 1.000776 1.000541 1.000656 1.000790 1.000598 1.000446 1.000341 
0.999690 1.000817 1.000806 1.001052 1.000438 1.001622 1.006573 0.999794 0.998304 0.999964 1.000713 1.000839 1.004918 1.005240 1.003368 0.995841 0.989689 1.002412 1.008453 1.001664 1.009291 1.000944 0.987436 1.003271 1.002859 1.002035 1.001442 1.000479 1.000432 0.999957 0.999775 1.002067 0.996131 0.994088 1.003806 1.001450 1.000864 1.000865 1.000737 1.000628 1.000914 1.000827 
0.998842 0.998775 0.999250 0.999161 0.999459 0.999668 0.993341 1.001516 1.001866 0.999376 0.998975 1.001551 1.001027 1.003464 0.994048 0.998645 0.995702 0.998674 1.000200 1.000759 1.004377 0.997477 1.018092 0.999194 0.994923 0.999548 0.999640 0.999757 1.003468 1.000309 0.999726 1.000652 1.001672 1.000547 0.991660 1.000027 0.999200 0.999245 0.999153 0.999334 0.999183 0.998892 
0.998465 1.000638 1.000288 0.999905 0.999902 0.998729 1.012899 1.002270 0.999798 0.999027 1.000521 0.999765 1.007029 1.003416 0.990351 0.989129 0.988013 1.001237 1.043118 1.002431 0.994258 1.001841 0.993791 1.004095 0.999805 1.000442 1.002859 1.001103 1.000743 1.001063 1.001012 1.001995 0.994336 0.994411 0.999928 1.000532 1.000224 1.000651 1.000358 1.000524 1.000424 1.000525 
0.997780 1.000653 0.998685 0.999598 0.999825 0.999392 1.001500 1.000916 0.999770 0.999269 0.999263 1.003259 1.002636 1.000324 0.998406 0.998109 1.004717 1.000301 0.954273 0.999867 0.992868 0.999126 1.018353 1.000498 0.995687 0.999175 1.000321 1.001848 0.999712 0.998710 1.001641 1.001575 1.008021 1.004924 1.003869 0.998007 0.999998 0.999897 0.999759 0.999992 1.000073 1.000317 
0.998637 0.999669 1.000293 1.000214 1.000208 0.998557 1.007536 1.000161 1.001870 0.998723 0.999554 0.999642 0.996840 0.998331 1.000944 0.998971 1.002315 0.999739 0.977150 0.998625 1.001473 1.000674 0.989530 1.001684 0.997860 1.000241 0.999400 1.000485 1.001510 1.001238 1.000182 0.997272 0.996366 0.996875 1.000190 1.001364 1.000241 0.999664 0.999807 0.999903 1.000146 0.999902 
1.001676 0.999342 0.998930 1.000150 1.000686 0.998613 1.004658 0.999145 0.999619 0.999745 0.999879 0.998181 0.998508 0.995914 0.999247 0.998910 1.006559 0.999240 1.015665 1.001229 0.993766 1.000021 0.992788 0.997574 1.002233 1.000756 1.004193 0.998998 0.997488 1.001145 0.999278 0.998680 1.004278 1.005632 0.992476 1.001334 1.000480 0.999941 1.000013 1.000138 0.999869 0.999346 
0.997975 0.999291 1.001675 0.998816 0.999903 0.998888 1.000845 1.000790 1.001123 0.999718 0.997814 1.000420 0.997132 0.997627 0.998065 1.002942 0.991274 1.000478 0.945892 0.999223 0.990860 1.002083 0.967513 1.000399 0.997567 0.999278 0.999514 1.000777 1.000094 1.001935 0.999766 0.998429 0.996425 0.996461 0.996551 0.999352 0.999680 1.000015 0.999590 0.999792 0.999705 0.999651 
0.999704 1.001088 1.001475 1.000630 1.000010 1.000291 1.009461 0.999669 0.998468 1.000249 1.000303 1.000810 0.993349 1.004642 0.998832 1.002511 1.003750 1.002206 0.985244 0.997768 1.005816 0.998848 1.004992 0.999053 0.998712 1.000714 0.999122 1.002186 1.000601 1.001272 1.000205 0.999463 1.000230 0.997123 1.010887 1.001542 1.000303 1.000337 1.000483 1.000444 1.000459 1.000469 
0.999252 1.000698 1.001120 1.000906 0.999987 1.001166 0.995748 0.999549 1.000715 1.000229 1.002423 0.999714 0.998908 0.999321 0.998857 0.996418 1.003543 1.002523 1.019144 0.999277 1.005194 1.001361 1.021623 1.004222 0.999432 0.999981 0.996677 0.999160 1.000830 0.998977 0.999566 0.999252 1.000803 0.995366 0.998562 0.999305 1.000598 1.000437 1.000251 1.000406 1.000413 1.000090 
1.001677 1.001142 1.002092 1.001242 1.002119 1.002632 1.011704 1.000079 1.000564 1.001547 1.000324 0.999372 1.002417 1.000273 1.005962 1.001094 0.999000 1.000916 1.008036 1.001225 0.996229 1.003083 0.991222 1.006038 1.004164 1.000201 0.997660 1.000105 1.002463 1.001247 1.000944 1.001476 1.004466 1.003695 1.004757 1.000766 1.001130 1.001134 1.001168 1.001142 1.000980 1.000591 
1.000130 1.000474 0.999329 1.000014 0.999288 0.999396 0.992909 0.998859 1.000603 1.001143 1.000107 0.996730 1.000048 0.997767 1.001812 1.003689 0.997456 0.998794 0.970591 1.001162 1.007108 1.000482 0.990258 0.997084 1.000964 0.999744 0.999903 0.999980 1.001922 0.999057 0.998523 1.002152 0.999721 1.001576 1.002216 1.000154 0.999817 0.999841 0.999939 0.999697 0.999821 0.999103 
0.999950 0.999766 0.999287 0.999965 1.000480 1.000547 1.016528 1.002053 1.000443 1.000391 1.001549 1.000467 0.998107 0.999244 1.001918 1.001581 0.997403 1.000594 1.000587 1.000144 1.006194 1.001038 1.002939 1.002791 1.008176 1.000969 1.001774 0.999757 1.002782 0.998449 1.000332 0.998497 0.997168 0.999643 0.994663 0.998206 1.000407 1.000044 1.000155 1.000106 1.000200 1.000360 
1.000290 0.999770 1.001497 1.000206 0.999937 0.999782 0.993476 1.000947 0.999681 1.000733 1.003249 0.999182 1.000679 0.998436 0.998194 0.999752 1.011236 0.999596 1.036187 1.001587 0.998213 1.001434 0.964953 1.000508 1.002177 1.000659 1.007376 1.001887 1.000118 1.000907 1.001447 1.001197 1.000244 1.000761 1.001525 1.000328 1.000476 1.000487 1.000559 1.000426 1.000296 1.000227 
0.999980 1.000731 1.002012 1.000976 0.999923 1.000807 1.004426 0.998825 0.999164 0.999247 1.000086 0.999540 1.006630 1.006568 1.000751 1.000099 1.000578 1.001310 1.029323 1.001335 0.993336 0.999121 0.994885 0.998493 1.002823 0.999527 1.001618 1.001805 1.000690 1.004011 1.000263 1.000104 1.001937 1.001420 1.007383 0.999051 1.000611 1.000724 1.000414 1.000575 1.000562 1.000546 
0.999384 1.000626 1.000347 0.999431 1.000511 0.998652 0.999381 0.999463 0.999233 0.999965 1.000099 0.998548 0.998937 1.000974 1.002822 0.998843 1.000742 1.000481 0.991489 0.999598 1.004332 1.001229 1.013210 1.003010 1.001464 1.001517 0.997875 1.000677 1.001145 1.000409 0.999688 1.001154 1.001120 1.000218 1.004182 0.998820 0.999751 1.000229 0.999793 0.999819 0.999827 0.999709 
0.997570 0.997402 0.998257 0.998968 0.998725 0.998628 0.995823 0.999767 1.000724 0.998161 0.998975 0.998092 0.999514 0.993328 0.992804 0.999783 0.996130 0.996358 1.017826 0.996701 0.988701 0.999024 1.007638 0.997515 0.998121 0.997967 0.998305 0.998081 0.997113 0.998201 0.999556 0.997139 0.998374 1.002920 0.995523 0.996345 0.999079 0.998654 0.998625 0.998494 0.998293 0.997852 
0.998792 0.999519 0.999033 0.998266 0.998806 0.998599 1.020169 0.997907 0.999386 0.998753 0.998154 1.000064 0.997805 1.001489 0.998749 0.992389 0.996117 0.998492 0.995616 0.998186 0.988413 0.996038 0.995568 0.997882 1.000275 1.000718 1.000783 0.999756 0.999675 1.001259 0.999711 0.999145 0.996404 1.002179 0.993330 1.001890 0.998959 0.999484 0.999324 0.999377 0.999344 0.999452 
0.997893 0.999978 0.998266 0.999409 0.999435 0.999069 0.998758 0.998180 0.997481 0.999387 0.998474 0.998483 0.998699 0.995144 0.998380 0.996329 1.003896 0.997556 0.965580 1.000828 1.000892 0.999194 1.016277 1.000209 0.999036 0.998235 0.996651 1.000151 0.999149 1.000540 0.999479 0.998214 1.004264 1.005796 1.011749 0.999295 0.999032 0.999102 0.998802 0.998859 0.999100 0.999286 
0.998075 0.998809 0.999474 0.998882 0.997854 1.000837 1.008832 0.998961 0.998001 0.997793 0.998118 0.998481 0.995961 0.999783 1.001102 1.004245 0.977291 0.999492 1.010059 0.997525 0.999793 0.998450 0.981334 0.998415 0.999453 0.999954 0.994685 1.000367 0.998897 0.998743 0.999875 0.999409 0.988452 0.993363 0.998643 0.998787 0.998415 0.998623 0.998806 0.998991 0.999136 0.999692 
0.999857 0.999289 1.000753 0.998941 1.000120 0.999126 1.004769 0.999126 1.000984 0.999484 0.998517 0.999867 1.000412 1.000359 1.002852 1.006199 0.989664 0.998916 0.968180 1.000354 1.002671 1.000364 1.007625 1.001055 0.999255 0.999269 0.999994 1.000430 0.998460 1.000335 0.999996 1.000645 0.997058 0.997463 1.004971 1.001019 0.999542 0.999660 0.999612 0.999569 0.999589 0.999476 
1.000397 0.999403 0.998680 0.999304 0.998349 1.001572 0.997476 0.997210 0.998954 0.999359 0.999477 0.996093 0.999873 0.999895 0.996964 1.001223 0.999319 1.001700 1.013955 0.998680 0.996975 0.997840 1.017887 0.998482 0.997155 0.999546 0.997478 0.999979 0.997923 1.000472 0.999665 1.000473 1.000563 0.999104 1.002259 0.998926 0.999370 0.999737 0.999714 0.999708 0.999700 0.999804 
0.999042 0.999066 0.999351 0.998699 0.997849 0.996817 1.000559 0.998227 0.998430 0.999356 0.999202 0.998566 0.995972 0.992262 0.986948 0.997689 1.008153 0.998915 0.979818 0.999096 0.988051 0.999754 1.030747 0.997345 1.004259 0.999446 0.999691 0.999946 0.998841 0.999920 0.999563 1.000080 1.003479 1.006972 0.994162 0.997346 0.999215 0.999279 0.999322 0.999243 0.999229 0.999002 
1.002310 1.001381 1.002092 1.000654 1.000403 1.002189 1.000291 0.999869 1.000441 1.001293 1.001625 1.003280 1.004842 1.004116 0.996777 1.007263 1.011759 1.003262 1.011073 1.000702 1.010764 0.999918 1.009499 1.002789 0.994797 1.002059 1.003067 1.000823 1.002929 1.001941 1.000758 1.000799 1.001815 1.004127 1.001543 1.001198 1.001106 1.000981 1.000864 1.001032 1.001118 1.001252 
1.000812 1.001198 1.000848 1.000430 1.001432 1.001545 1.000451 1.001055 1.001626 1.000246 1.000489 0.998327 0.998500 0.992568 0.998957 0.998474 0.999601 1.000933 0.989816 1.004140 0.998832 1.001515 1.009650 1.000559 0.997846 1.000012 1.003674 1.000861 1.003490 1.003621 1.000213 1.001398 0.990564 0.995310 1.003284 1.000879 1.001054 1.001014 1.001055 1.000954 1.000801 1.000186 
1.001114 1.000713 0.999759 1.000132 1.001798 1.001530 1.004203 1.001897 1.001667 1.000705 1.001043 0.999266 1.000319 0.996913 1.001357 1.001667 1.001466 1.004637 1.029623 0.998821 0.998481 1.002796 0.991416 1.003116 1.010547 1.000990 1.000197 1.000243 0.997196 1.000747 1.000310 0.999654 0.996853 1.002566 1.002549 0.999083 1.001111 1.000675 1.000777 1.000477 1.000539 1.000801 
1.001086 0.999152 0.999092 0.999454 1.000107 1.001741 0.984559 0.997179 0.998918 0.999980 0.999393 0.997568 0.999401 0.997497 1.011229 1.000721 0.998381 0.999896 1.015213 1.001557 1.003692 0.999555 0.999597 0.997309 1.000091 0.999327 0.996188 0.998395 0.999333 0.999690 0.999681 0.999760 1.002613 1.005520 0.995067 1.000702 0.999240 0.999435 0.999481 0.999395 0.999458 0.999530 
1.000630 1.000249 0.998330 0.998650 0.999934 0.998954 0.997037 0.999441 1.001078 1.000471 0.999028 0.999603 0.999860 0.996565 1.004065 0.996811 1.007076 1.001876 0.999608 0.999938 1.008728 1.001223 0.997504 1.001926 0.998958 1.000152 0.999278 0.999609 1.000362 0.999240 0.999382 1.001773 1.009128 1.003736 1.011189 0.997708 0.999502 0.999378 0.999255 0.999076 0.999213 0.998994 
0.998592 0.999534 0.999884 0.999427 0.998548 0.999450 1.001630 0.999465 1.000921 0.999513 0.999665 0.999493 1.003578 1.005031 0.999167 0.995812 1.012407 0.996818 0.983673 1.001975 1.001093 1.000742 0.999395 0.998998 1.001855 0.999213 1.000742 0.999370 1.001736 0.998600 0.999966 0.999133 1.006344 1.005567 1.003127 1.000556 0.999755 0.999628 0.999531 0.999734 0.999834 1.000145 
0.999058 0.999463 0.998781 0.999260 1.001447 1.001134 1.017865 1.000539 0.997098 0.999321 0.998657 1.000610 0.996686 0.993417 1.010407 1.000028 0.996292 1.000128 1.005795 1.002167 0.998810 1.001715 1.007290 1.000660 1.002258 1.000845 1.000261 1.001348 0.998833 1.000671 0.999390 0.999640 0.997473 1.000294 0.992809 0.999533 0.999651 0.999530 0.999508 0.999399 0.999378 0.999298 
1.000119 1.000494 1.000648 1.000914 1.003014 1.001433 1.004934 1.003932 1.000442 1.000316 1.000125 1.004087 0.997497 0.997831 0.998714 1.000889 0.996137 1.001705 1.040325 1.001099 0.990209 0.999127 1.032940 0.998008 1.003969 1.000432 1.001526 1.001727 0.999033 1.002108 1.001076 0.999037 0.992249 0.996538 1.005595 0.998784 1.000774 1.000770 1.000766 1.000568 1.000715 1.000829 
1.000670 0.999883 1.000677 0.999992 0.999334 0.999118 1.010887 0.998493 1.002212 1.000707 0.998974 0.998471 0.998562 1.003741 1.002368 0.997577 1.007463 1.002117 0.998131 0.999911 0.988290 1.000699 1.032557 1.002914 1.000427 1.000767 0.999578 0.999512 1.001284 0.998806 1.000601 1.000319 1.011123 1.005055 1.002930 0.999210 1.000052 1.000148 1.000128 1.000210 1.000148 1.000075 
1.001106 1.000893 1.001061 1.000969 1.002708 1.001002 0.992554 1.002285 1.001523 0.999702 0.998997 1.002051 1.001937 1.001649 1.003855 0.999231 0.990862 1.001902 0.972045 0.999748 1.000822 1.001472 0.998391 1.002224 1.000423 1.000799 1.000912 1.000764 1.002601 1.000740 1.001795 0.999921 0.995632 0.999298 0.988288 1.000527 1.001346 1.000928 1.001039 1.001087 1.000947 1.000512 
1.002439 1.000641 1.001765 1.000294 1.000356 1.002277 0.999314 0.998995 0.997916 0.999713 1.001148 0.999503 1.000849 0.997023 0.991900 1.007876 1.010950 1.003497 1.008949 0.999172 0.995342 0.999642 1.001868 1.001231 1.001533 1.000797 1.000954 1.002031 0.998545 1.002298 0.999349 1.000982 1.002285 1.005071 1.001554 1.001618 1.000616 1.000496 1.000422 1.000650 1.000551 1.001051 
0.999534 1.000361 0.998962 1.000381 1.001062 1.000941 1.009811 1.002013 1.001317 0.999682 1.000390 1.002201 1.007524 1.000713 0.995204 1.005285 0.996649 1.001556 0.997152 1.003064 0.996878 1.000118 0.998212 0.999458 0.994335 1.000420 0.999894 0.999262 1.000448 1.001255 1.000539 0.999667 0.995810 0.995444 0.990334 1.002140 1.000435 1.000523 1.000248 1.000728 1.000620 1.001441 
1.001175 0.998832 1.000746 1.000538 1.001243 1.000522 0.997553 1.001259 0.999071 0.999883 0.999619 1.002276 1.000491 1.005838 1.005830 1.000473 1.001818 0.997905 1.031729 1.003520 1.005224 0.998572 1.002692 0.997847 1.002214 0.999136 0.998559 0.999296 0.996165 1.002416 1.000216 0.999327 1.004905 1.000655 0.991771 0.999495 0.999758 1.000020 1.000087 0.999919 0.999714 0.999844 
1.001715 1.001277 1.001196 1.000007 1.001390 1.001042 0.998695 1.002103 0.999461 1.001333 1.001299 1.002232 1.003474 1.001253 1.000813 1.001588 1.009038 1.000008 1.007614 0.997998 1.003428 1.000687 1.018830 1.001680 0.998049 1.002255 1.002177 1.000755 0.996982 1.002217 1.001440 1.000498 1.006528 1.007764 1.000593 1.001611 1.000933 1.000857 1.001074 1.000892 1.000945 1.001265 
0.998825 0.998780 0.999777 0.998529 0.996477 0.998006 1.012407 0.998268 0.997487 0.999207 0.999671 0.997556 0.994982 0.997835 0.995195 1.001852 1.007702 0.998140 1.003707 0.998809 1.001507 0.997982 1.004800 0.998471 0.998344 0.998266 0.999956 0.998914 0.999116 0.999185 0.999824 0.996232 0.998554 1.003401 0.999488 0.998245 0.998756 0.998684 0.998925 0.998820 0.998837 0.998967 
1.001506 1.000803 1.000180 1.000258 1.001274 1.001268 0.998195 1.000177 1.000881 0.999824 1.000806 1.000822 1.005926 0.999710 1.007155 0.999577 1.007905 0.999079 1.036930 0.998161 0.992272 1.000395 1.008902 0.998969 1.000950 1.000365 1.003191 0.998975 1.000440 0.997532 0.999541 0.999148 1.002446 1.001319 1.008706 1.001616 1.000108 1.000171 1.000047 1.000252 1.000292 1.000365 
1.000295 1.000042 1.000604 1.000014 1.002009 1.002838 0.988677 1.002021 0.999949 0.998997 1.000284 1.001738 1.004455 1.002802 1.004914 0.994693 0.988775 1.002047 1.024983 0.998790 0.995431 0.999155 0.998318 0.997909 1.002701 0.999900 0.999847 1.002950 1.000706 0.999033 1.000052 1.002115 0.991641 0.995496 0.989391 0.999557 1.000428 1.000302 1.000536 1.000491 1.000242 1.000385 
1.000393 1.000672 1.001430 1.001138 1.000742 1.001873 0.993620 0.999110 0.999913 1.000625 1.000582 0.998919 1.003048 0.999677 1.006144 1.005929 0.998122 0.998551 0.989386 1.000127 0.989463 1.001428 0.990903 1.003153 0.999125 1.000556 0.999714 0.999059 1.001073 0.998817 1.001180 1.001161 0.998432 0.998534 1.011646 0.999615 1.000646 1.000549 1.000574 1.000588 1.000626 1.000225 
0.998536 0.999150 0.997070 0.999154 0.998484 1.000203 0.995979 0.998764 0.997576 0.997978 0.999835 0.997046 0.993227 0.994376 1.000419 0.997271 0.989260 1.000004 1.023334 1.001262 1.001458 1.001532 1.010092 0.998280 1.002452 1.000108 1.000550 0.998449 0.999646 0.998718 0.999951 0.999368 0.990749 0.992134 0.990774 0.999151 0.999008 0.999241 0.999268 0.999123 0.999368 0.999788 
1.000766 0.999191 1.000507 0.999169 1.000621 0.997449 0.996491 0.999501 0.999228 1.000542 0.999526 0.998218 0.998169 0.994658 0.998986 1.003518 1.000331 1.000200 0.943862 1.001588 1.010061 0.999439 0.985951 0.999490 0.998578 1.000048 1.001483 0.999349 1.000866 1.003307 0.999059 0.999207 1.001290 1.000921 1.000809 0.998843 1.000100 0.999765 0.999805 0.999810 0.999891 0.999933 
1.000304 0.999980 1.000018 1.000681 0.999082 0.998716 1.006175 0.999873 1.000302 0.999765 1.000411 0.998815 0.998265 0.998297 1.002414 0.995648 1.004356 0.999343 1.016871 1.001864 1.002640 0.999372 0.994826 0.998901 1.001179 0.999583 0.997820 0.999309 0.997124 1.000433 0.999991 0.998901 1.004398 1.001907 0.994020 1.000562 1.000375 0.999921 1.000097 1.000290 1.000103 0.999889 
0.999660 0.999959 1.001850 0.999825 1.000651 1.001042 1.012873 1.001345 0.997764 1.000838 1.000179 1.004274 1.003297 1.003529 0.998390 0.998827 0.995860 1.000247 1.026542 1.001492 0.997867 1.000503 0.971032 0.999773 0.996805 1.000804 0.998440 1.000519 0.994582 0.998689 1.000216 0.999099 1.004911 1.004766 1.010799 0.999368 0.999658 0.999779 0.999858 0.999618 0.999494 0.999165 
1.001393 1.001327 1.001375 1.001555 0.998922 1.001528 1.000571 1.000019 0.998479 1.001377 1.002052 0.999601 0.999786 1.002925 0.991878 0.996587 1.006583 1.001068 1.019967 0.998478 1.001759 0.999614 1.001312 0.996458 1.000160 1.000511 1.002996 1.000374 0.999727 1.000317 1.000540 0.999531 0.998973 0.999362 1.005826 1.000750 1.001108 1.001210 1.001217 1.001190 1.001407 1.001512 
0.999293 0.999760 0.999376 0.999228 1.001404 0.999564 0.988972 1.001847 1.000544 0.998522 0.998178 1.004671 0.999808 1.003461 0.997772 0.997235 1.002271 0.998159 0.982713 1.001848 0.993167 0.997978 0.990931 0.995295 1.002969 0.998901 1.000641 0.997438 0.998860 1.000807 0.998937 0.999106 1.002325 1.003651 1.001068 0.999625 0.999189 0.999380 0.999111 0.999287 0.999323 0.999314 
0.998699 0.999108 0.998572 0.998879 0.998384 0.999147 0.994607 0.999136 0.998506 1.000064 0.999206 0.997509 0.998681 0.998790 1.000366 1.004660 1.002101 0.997627 1.006116 0.999946 0.998867 0.996081 0.966414 1.002170 1.000123 0.998015 1.000703 0.997224 1.001057 0.998984 0.999435 0.999144 0.999763 1.000548 1.004897 0.998187 0.998944 0.999009 0.998868 0.998913 0.998945 0.999104 
0.998990 0.999732 0.998934 1.001129 1.000109 1.001593 1.016137 0.999490 1.001495 0.999222 0.999885 0.997977 1.000803 1.002456 1.001951 0.998134 0.998033 0.998922 1.043608 0.998951 1.005157 1.001032 0.979266 1.002107 0.994584 1.000223 1.002507 1.000270 1.000853 0.998157 1.000670 1.000632 1.002250 0.998972 0.998173 0.998205 1.000295 0.999972 0.999940 1.000132 1.000120 1.000213 
1.001775 1.000839 1.002235 1.000747 1.003010 1.002385 1.010573 1.002734 0.998585 0.999935 1.001310 1.003772 0.996901 1.002069 1.006396 1.004285 1.002601 0.997299 1.067045 1.002518 1.005509 0.999671 1.037207 1.001282 0.996954 1.000935 0.997484 0.998550 0.997844 1.000028 1.000247 1.000178 1.000828 0.999708 0.992799 1.000488 1.000363 1.000602 1.000634 1.000777 1.000406 1.000310 
1.000077 0.999479 1.000200 0.998542 0.999069 0.998833 0.997502 1.000318 0.999579 1.000434 0.999717 0.999356 1.005833 1.007380 0.997904 0.999803 0.994938 0.997001 1.006529 1.000720 1.007338 0.999537 1.008394 0.997158 0.999332 0.998919 1.001857 1.001219 0.996663 1.000342 1.000315 0.999064 1.002653 1.004815 1.005990 1.001033 0.999606 0.999514 0.999802 0.999665 0.999435 0.999040 
0.999581 0.999378 1.000636 0.999722 1.000688 1.001985 0.989394 1.000772 1.000535 0.998646 1.000688 0.998301 1.003788 1.000601 1.005911 1.003238 0.995952 0.999394 1.019330 0.999157 0.997292 0.998528 1.006943 0.996996 0.991876 0.999289 0.998164 0.999161 1.002575 1.002428 0.999370 0.998930 0.994197 0.991289 0.994029 0.999682 0.999871 0.999813 0.999555 0.999871 0.999620 0.998967 
0.999900 1.000728 1.000943 1.001252 0.999244 1.001039 1.012276 0.998743 1.002291 1.000137 1.000283 1.001464 1.003015 0.999345 0.990825 1.002772 1.000736 0.997620 0.979080 1.001348 0.994323 0.997216 0.999484 0.998797 1.000092 1.001233 1.001453 1.001593 1.000970 0.999527 1.001318 1.001889 1.000865 1.001403 1.003643 1.001601 1.000538 1.000395 1.000648 1.000700 1.000877 1.001272 
1.000333 1.000015 1.000190 0.999160 1.000656 0.997990 0.998750 1.000716 0.999476 1.001256 0.999738 1.000015 1.003297 1.001526 1.001257 0.998560 1.001748 1.000495 1.008259 1.003909 0.999275 1.001499 0.989154 1.001458 0.997569 0.999624 1.000775 1.000059 1.002146 0.998783 1.000017 1.003521 1.005998 1.009453 1.001301 1.000754 0.999762 0.999891 0.999860 0.999990 0.999786 0.999459 
1.000322 0.999881 0.999907 0.999270 0.998812 1.001260 1.000025 1.000564 0.998818 0.999666 1.000724 0.997265 1.001142 1.004081 0.999097 1.007371 0.991876 1.000219 1.028035 1.001844 1.004821 1.001107 0.977863 1.002108 1.002934 0.999719 0.997246 0.998786 1.001668 0.996920 0.999832 1.000640 0.992245 0.994061 1.001245 0.999159 0.999669 0.999773 0.999855 0.999706 0.999550 0.998974 
0.997568 0.999788 0.998631 0.999709 0.998361 1.001001 1.007643 0.998315 0.998752 0.999526 0.998518 1.001619 0.997512 0.998842 0.996149 1.000015 0.993642 0.999958 0.969008 1.000254 0.994851 1.000242 1.015799 1.000059 1.002767 0.999398 0.996811 1.000486 0.997895 0.999926 0.999571 0.999266 0.999993 1.001317 0.993728 0.998287 0.999477 0.999328 0.999295 0.999517 0.999697 1.000208 
1.000095 0.999677 0.998691 1.000202 1.001037 1.000613 1.005149 1.002335 0.999708 1.000533 1.000739 1.001653 0.994748 0.998336 0.999488 0.999567 1.011970 0.996858 1.003932 0.997562 0.998130 1.002858 0.984822 0.999267 1.000239 1.000972 1.003466 0.998868 1.001157 0.998615 0.999127 1.000036 1.003969 1.003172 1.002925 1.000449 0.999629 0.999896 1.000085 0.999892 1.000137 1.000477 
1.001630 1.000787 1.000305 1.001315 1.001249 1.001515 1.005990 0.999993 1.002088 1.002006 1.001817 1.000684 1.002272 1.005162 1.005253 0.998695 1.009913 1.000452 0.997914 1.002342 1.011767 1.000937 1.000266 1.002465 0.995281 1.000550 1.003152 0.998728 1.002142 1.000427 0.999331 0.999199 1.007229 1.003547 0.995855 1.001940 1.001243 1.001033 1.000997 1.001214 1.000964 1.000850 
1.001484 0.999926 1.000340 0.999213 1.001530 1.002555 1.001972 0.999341 0.999045 1.000715 1.000469 1.003123 1.000915 1.003098 1.003777 0.994613 1.017267 1.000067 1.016164 1.000854 1.006875 1.001888 0.984197 1.002706 1.002941 1.000287 1.001824 0.999379 0.999172 0.998742 1.000325 1.001022 1.011505 1.008370 0.989005 1.000666 1.000074 1.000226 1.000087 0.999999 1.000015 1.000381 
0.999583 0.998465 0.999508 0.999364 0.998529 0.999160 1.012571 0.999706 0.998274 0.998884 0.999226 0.999944 0.997394 1.000267 0.998928 1.004048 0.993166 0.999776 1.022412 0.999125 0.998785 0.998755 1.008777 1.000735 0.996517 0.999820 0.994641 0.998743 1.000355 0.999811 0.999750 0.997208 1.000447 1.000291 1.006409 0.998960 0.998888 0.999022 0.999256 0.999005 0.999286 0.999587 
0.999618 0.999740 0.999045 0.998995 0.999054 0.998162 0.988336 0.998074 0.999724 1.001005 0.999689 0.996514 1.000695 0.998194 1.000905 0.998126 0.993713 0.999868 1.010210 1.001251 0.997834 0.998381 1.014682 0.999203 0.999531 1.000753 0.995900 1.000928 1.001158 0.998905 0.999189 1.000332 1.000265 1.002643 1.005203 1.002365 0.999474 0.999694 0.999596 0.999523 0.999390 0.999041 
0.999558 1.000197 1.000824 1.000304 1.000180 1.001889 0.996049 0.998631 0.998988 0.999580 1.000129 1.001724 1.006705 1.006740 0.999218 1.000264 0.996956 1.001080 1.007974 1.000051 0.995958 0.998207 1.000576 1.002365 1.004902 1.000077 0.998006 0.999859 0.999123 1.000352 1.001334 0.999396 0.996948 0.999928 0.996657 1.001016 1.000639 1.000429 1.000236 1.000454 1.000363 1.000480 
0.999378 0.999392 0.999450 1.000121 1.000144 0.998965 0.992810 1.000057 0.999404 0.999370 0.998786 1.002026 0.997865 1.003624 0.997989 1.000100 0.998302 0.999349 0.985981 1.000419 1.017009 0.999700 0.989710 0.999922 1.000614 1.000400 0.999839 1.002165 1.001697 0.999863 0.999417 0.999334 1.006121 0.998198 0.997032 1.001946 0.999857 0.999707 0.999582 0.999562 0.999701 0.999658 
0.998883 1.000401 0.999598 0.999908 1.001834 1.000242 0.994821 1.003773 1.000172 1.000005 0.999389 1.004370 1.000290 1.000686 1.003225 0.998554 0.989300 1.001612 0.981156 1.001262 1.005248 1.001440 0.987911 0.996226 0.997363 0.998913 0.999923 1.000501 1.000193 0.999710 0.999987 0.998944 0.992635 0.995427 1.001443 0.999338 1.000165 0.999541 0.999874 0.999748 0.999978 0.999726 
1.000788 0.999799 0.999965 0.999985 1.000800 0.999842 1.021850 1.001369 0.999714 1.000459 1.000577 1.002852 0.999898 0.993619 0.990705 0.996035 1.002493 1.001183 1.042419 0.999979 0.987571 1.001051 0.980499 0.999412 0.997782 0.999663 1.000407 1.000098 0.997259 0.999934 0.999423 0.998960 1.000313 1.004957 1.004864 1.000128 0.999950 0.999878 0.999961 0.999806 0.999717 0.999846 
0.998891 0.999184 1.000484 0.999162 0.998488 0.997561 0.999352 0.999087 1.000888 0.999909 0.999913 0.998239 0.998098 0.998167 0.999835 0.994379 0.995796 1.000440 1.007880 0.999452 1.002331 0.997186 0.995301 0.993784 0.993962 0.998653 1.001882 0.998329 1.001392 1.000060 1.000062 0.996853 0.996510 1.000231 0.988440 0.999732 0.999537 0.999577 0.999710 0.999956 0.999762 0.999701 
0.999400 0.999863 1.000228 0.999014 1.001028 0.999114 0.994904 0.999288 1.000583 1.000604 0.999351 0.998905 1.001886 0.999643 1.007785 1.000292 0.996678 0.997736 0.973452 0.999651 1.019145 0.999758 1.020904 1.002397 0.998420 1.000097 0.997440 0.998491 1.004342 1.001951 0.999301 1.000863 1.001678 0.999793 0.999792 0.998658 0.999555 0.999697 0.999499 0.999541 0.999835 0.999554 
0.998958 1.000369 1.000281 1.001681 1.001345 1.001570 1.008760 1.000487 0.999794 1.000703 1.001993 0.999999 0.998334 1.002828 1.006201 1.002592 0.998758 1.001093 0.989861 0.999360 1.024872 1.003079 1.006272 1.002495 1.001629 1.000905 1.002951 1.001284 1.001562 1.002248 1.000412 0.999437 0.996833 0.996411 0.999598 1.000063 1.000887 1.000788 1.000681 1.000805 1.001179 1.001680 
0.999495 0.999481 1.000320 1.000451 1.000307 0.997941 1.002456 1.000560 0.999092 0.999818 1.000665 1.001157 0.997429 0.997793 0.998101 1.002228 1.009306 1.001426 0.962508 0.998539 1.002407 1.000929 0.982763 1.000198 0.996381 1.000770 1.000193 1.001348 1.000020 0.997664 0.999793 0.999782 1.003676 1.003925 1.003416 1.001346 1.000017 0.999566 0.999837 0.999711 1.000027 1.000164 
0.999489 1.000391 0.999707 0.999901 0.998767 0.999883 0.989653 0.998092 1.000564 0.999637 1.000248 0.995219 0.998417 1.001867 0.999181 0.999336 0.999070 1.000774 1.022246 1.000623 0.993490 0.998792 1.010488 0.995102 1.002484 0.999383 1.000696 1.000609 0.999623 1.002546 0.998321 0.999459 0.995455 0.997311 1.008528 1.000585 0.999960 1.000087 1.000041 1.000013 0.999979 1.000029 
0.999644 0.999205 0.999941 1.000714 0.999017 0.998449 0.995355 1.000342 1.002318 1.000072 0.999124 1.000390 1.000037 1.002178 0.992569 1.000720 1.004802 0.999956 0.980251 1.001323 0.992215 1.000356 0.992705 0.998040 1.003552 0.999937 0.999558 1.000641 1.000639 1.000328 1.000270 0.999926 1.004691 1.005141 0.999661 1.000175 1.000083 0.999952 1.000009 1.000028 0.999884 0.999603 
1.000173 1.000011 0.999567 0.999687 0.999865 0.999404 1.001603 0.998928 0.998999 0.999281 0.999126 0.997704 0.997307 0.996268 1.007507 0.993597 1.001125 0.999698 1.011406 1.001596 0.991116 0.999251 0.992996 0.999688 0.998723 1.000313 1.002033 1.000497 1.001742 0.998080 0.999877 1.000125 1.000496 0.999515 0.995482 0.999307 0.999353 0.999575 0.999578 0.999651 0.999684 0.999536 
1.000698 1.000927 0.999595 1.000113 1.000922 1.000585 0.998097 1.001925 1.001109 0.999875 1.000293 1.000926 1.002678 1.000797 0.999422 0.997959 0.996076 1.002731 1.026015 0.998081 1.004632 1.000169 0.979137 1.002171 1.000757 1.000396 1.002567 0.998277 1.005955 1.000906 1.000030 0.999131 0.996971 0.994614 1.004141 0.999338 1.000364 1.000733 1.000304 1.000518 1.000694 1.000712 
1.000614 1.000733 1.000071 0.999883 0.999249 0.998892 0.997616 0.998780 1.000704 0.999146 0.999874 0.998022 1.000792 1.003615 1.004558 1.001502 0.999704 0.998639 0.984733 1.000962 1.005415 0.997459 0.983194 0.996148 0.998555 0.998750 0.995356 0.999183 0.997890 0.995724 1.000391 0.999125 0.998889 0.993382 1.010664 0.998708 0.999696 0.999817 0.999851 0.999912 0.999679 0.999001 
1.000804 0.999882 1.000173 1.001167 1.001079 0.999858 1.006795 1.002163 1.001822 1.000270 1.000125 1.003456 1.002219 0.995676 0.994465 0.996626 1.006952 1.001294 1.022078 1.001283 0.979931 0.999974 0.998774 0.998336 1.003212 1.000127 0.999611 0.999936 0.997745 1.000517 1.001427 0.998189 1.000285 1.005962 1.001168 1.002126 1.000708 1.000419 1.000392 1.000832 1.000578 1.001284 
1.000103 0.999826 1.001089 0.999901 1.001074 0.999600 0.999714 1.000742 0.998208 0.999667 0.998790 1.000743 1.000330 0.998065 1.005042 0.997579 1.000341 1.001816 1.037969 0.999006 0.985606 0.998704 1.023228 0.997572 0.994497 0.999160 1.000299 1.002598 1.000915 0.999640 1.000041 1.000419 1.003871 1.006410 1.000901 1.001579 0.999717 0.999947 1.000092 0.999849 1.000134 1.000251 
1.000715 1.000841 0.999382 1.000432 1.000997 1.001208 1.033391 1.000171 1.000385 1.000719 1.000238 0.998822 1.005951 1.005524 1.008139 1.003463 1.001587 1.001748 0.989630 1.000615 1.002049 1.000683 1.000789 0.996883 1.002315 0.999387 0.999555 0.999022 0.997919 1.002141 0.998998 1.000883 1.004184 1.003167 0.998819 1.000543 1.000684 1.000582 1.000609 1.000711 1.000552 1.001069 
1.001586 1.002143 1.002588 1.002218 1.001493 1.001581 1.014826 1.000238 1.000239 1.001022 1.001548 1.000341 0.998393 0.997379 1.005024 1.006275 1.000003 0.998361 0.993669 1.002842 1.009375 1.000695 1.009475 1.001043 0.998052 1.000602 1.003805 1.000889 0.999637 1.001849 1.002298 1.000936 0.997002 0.996721 1.011997 0.999132 1.001486 1.001274 1.001326 1.001313 1.001218 1.000171 
1.001566 1.001308 1.001002 1.000716 1.000308 1.002033 1.006061 0.999389 0.999749 1.001391 1.001807 1.001887 1.003205 1.002899 1.001565 1.001189 1.021284 1.000735 1.001164 1.000510 1.007054 0.996796 1.004509 1.002827 1.001676 1.001213 1.003866 1.000390 0.996936 1.001603 1.000455 1.001150 1.007585 1.006233 1.005483 1.000209 1.000872 1.000851 1.000653 1.000829 1.000650 1.000837 
1.001435 1.000180 0.998829 1.001033 1.001638 1.002255 1.017771 1.000724 0.999982 1.001137 1.000551 1.000233 0.998622 0.998698 1.006368 1.001940 1.003361 1.002127 1.025108 0.998699 1.007517 1.000931 1.021502 1.005049 0.994353 1.000134 0.998521 0.997779 0.999409 1.000579 1.000323 0.999947 1.008225 1.006688 0.997084 0.998388 1.000253 1.000142 1.000237 1.000350 1.000633 1.000534 
0.997793 0.998150 0.997622 0.998202 0.998154 0.998038 1.005159 1.000398 0.997519 0.999091 1.000156 1.000029 0.997676 0.998223 0.994228 0.999390 1.009096 0.999715 0.994010 1.000497 0.991845 0.997605 0.999072 0.994748 0.999183 0.999439 1.001876 0.998599 1.001569 1.001208 0.998172 0.998953 1.001672 1.003115 0.996441 0.999440 0.998361 0.998664 0.998701 0.998676 0.998936 0.999321 
1.000655 1.001271 1.000022 1.000026 1.001768 0.999955 0.991364 1.001463 1.001888 1.001877 0.999246 1.006272 0.999582 1.005629 1.000339 0.999660 1.011905 0.999035 0.969752 0.998208 1.002474 1.000834 1.010433 0.998197 1.004708 0.999912 0.998591 0.999425 0.997959 0.998304 1.001150 1.000058 1.010776 1.009572 1.005072 1.001859 1.000323 1.000310 1.000153 1.000440 1.000286 1.000627 
1.001371 0.999686 0.999307 0.998667 0.999294 0.997886 1.015064 0.998718 0.999110 1.000799 1.000446 0.999336 1.001058 0.996897 1.001054 0.998634 1.006828 1.002999 0.989986 0.999681 1.008166 0.998505 1.006737 0.995554 0.999697 0.999580 1.003619 0.998394 1.001747 1.002158 0.999309 0.998861 1.000994 1.001642 0.992653 1.002378 0.999811 0.999990 1.000164 1.000032 1.000061 1.000003 
0.999862 1.000351 0.999802 1.000697 0.999649 1.000138 1.001752 0.998934 0.999849 0.999890 0.999864 1.000486 1.001695 1.000697 1.000337 1.002246 0.994710 0.998660 1.022610 1.000401 1.010735 1.002936 0.974233 1.001958 1.005750 1.000340 0.998759 1.000888 0.996214 0.998903 0.999538 1.001117 1.005014 1.000717 0.995647 0.998586 1.000427 1.000134 0.999920 1.000052 0.999846 0.999902 
0.999044 0.998867 0.998112 0.999046 1.000066 0.997611 0.990569 1.000237 1.000898 1.000277 0.998929 1.000865 1.002686 0.999786 1.000533 0.997748 1.003333 1.002361 0.951203 0.998981 0.992818 1.000281 0.988958 0.999961 1.001566 0.999627 0.998866 0.999553 1.002270 0.997003 0.999492 0.999604 1.005121 1.003903 0.999282 0.997767 0.999606 0.999249 0.999110 0.999150 0.999201 0.999137 
1.000579 1.000028 0.999676 1.000626 0.998485 1.000078 1.004553 0.999216 1.001792 0.999818 0.999884 0.996924 1.002422 1.002112 0.996329 0.994352 1.001752 0.999842 1.023279 0.999986 0.987238 1.001526 0.995813 1.004906 1.002553 1.000810 1.000801 0.999884 1.003957 0.998342 1.000320 1.000029 0.999201 0.996360 0.996784 0.998932 1.000270 1.000500 1.000375 1.000454 1.000358 1.000492 
0.997596 1.000001 0.999987 0.999913 1.001754 0.998800 1.001762 1.003049 1.001031 0.998573 0.999093 1.005257 1.001021 1.003955 1.006772 0.999691 0.992213 1.001906 0.969660 0.997581 1.003839 1.000199 0.977626 1.002715 1.004176 1.001833 1.002339 0.999810 0.997659 0.999511 0.999667 0.999940 0.997483 0.994778 0.993727 1.001550 1.000189 0.999919 0.999732 0.999899 1.000037 1.000367 
1.000480 0.999781 0.999494 1.000306 1.001557 1.000229 1.006850 1.000400 0.998223 1.000230 1.001214 1.000841 0.996815 0.996039 1.007587 1.001964 1.006711 0.999712 1.029251 1.000625 0.998391 1.000854 0.945221 1.000963 0.997793 0.999888 0.997871 0.999617 0.996838 1.001026 0.999228 0.999769 1.009771 1.009406 0.992316 1.000130 0.999840 0.999660 0.999917 0.999778 0.999729 0.999241 
1.000506 1.000862 0.999757 1.000245 1.002640 1.001788 0.990390 0.999387 1.000395 0.999597 0.999095 0.998947 1.000529 0.993850 1.008499 0.994277 0.995689 1.001229 0.990371 1.000364 0.998855 0.999239 0.987813 0.998523 0.999748 0.999594 1.000659 0.999802 1.002348 1.001366 1.000255 1.002254 0.994720 0.995433 0.987839 0.999246 1.000437 1.000756 1.000550 1.000701 1.000739 1.000881 
0.999989 1.000590 0.999888 1.000185 1.001139 1.000126 1.013091 1.001437 1.001036 1.000649 1.000574 1.003608 0.998598 0.998280 0.997083 1.004133 1.002179 1.002304 0.991598 1.000350 1.001315 0.997661 0.994300 0.994426 1.000301 0.999775 0.999060 1.000295 0.999246 1.000721 1.001035 1.000690 0.997728 0.999200 1.008162 0.997167 1.000168 1.000058 1.000206 1.000031 1.000033 0.999873 
1.000328 0.999477 0.999602 0.999386 1.000639 0.998590 0.995971 1.001072 1.002208 1.000114 1.001749 0.999902 1.001090 1.001392 1.001698 0.997188 1.026073 0.999370 0.973984 0.999218 0.992293 1.001557 0.986791 0.997413 1.002012 1.000552 0.998366 0.998250 1.004636 0.995735 0.999543 1.000888 1.003223 1.003909 1.004295 1.000761 1.000035 0.999812 0.999876 0.999861 0.999885 0.999810 
1.000475 1.000855 0.998897 0.999353 1.000930 1.000583 1.008287 1.000967 0.998334 1.000323 0.999808 0.997851 1.000128 0.995014 1.005993 0.996397 0.998165 1.002313 1.009835 1.001120 0.990720 1.000739 0.970867 1.002409 0.994032 1.000211 1.001043 0.999817 1.000663 0.999498 1.001278 1.002004 0.998310 1.001875 1.007711 0.999406 1.000094 1.000239 1.000374 1.000111 1.000287 0.999944 
0.999316 1.001028 1.000863 0.999573 0.999827 0.998963 0.999584 0.999340 1.000424 1.001304 0.999964 1.000822 1.001026 0.991352 1.001797 0.999794 0.999001 0.998053 0.981822 0.998394 0.996964 1.002998 0.991614 1.006399 1.003261 1.000871 0.997759 0.999654 1.000634 0.998590 1.000873 1.000897 1.005386 1.003896 0.996720 0.999975 1.000208 1.000378 1.000137 1.000209 1.000067 0.999366 
0.999821 1.000730 1.001089 1.000521 0.998779 0.999489 1.010980 0.999713 1.001205 1.000723 0.999270 0.999190 0.998561 1.005770 0.992296 1.002329 0.996032 1.001559 0.962085 0.998771 0.995705 1.002555 0.991149 0.998246 1.001453 0.999892 1.000356 0.999469 1.002050 1.003673 0.999896 0.999541 1.000093 1.001949 0.998771 0.998796 1.000587 1.000429 1.000681 1.000648 1.000712 1.001034 
1.000035 0.999066 0.999538 0.999442 0.999922 0.998325 0.997131 0.999342 0.997677 1.000044 0.999365 1.002388 1.000302 1.001377 1.001821 0.997107 1.000334 0.999012 0.977344 0.998382 1.008972 0.999917 1.008328 1.000564 0.998914 1.000240 0.996456 0.999537 0.995447 1.000260 0.999339 0.998539 1.007393 1.001756 0.997815 0.999195 0.998980 0.999114 0.999005 0.999165 0.999281 0.998971 
0.999727 0.999332 0.998433 0.998265 0.998419 0.999666 0.995499 0.998386 0.997474 0.999839 0.999404 0.998222 1.000807 0.993465 0.994508 1.003487 1.000835 0.998475 0.990096 0.998729 0.998871 1.000071 1.014232 1.000919 0.996279 1.000240 0.998719 0.999498 1.001080 0.999387 0.999071 0.999617 1.002908 1.002416 1.000349 0.997897 0.999053 0.999133 0.999304 0.999100 0.999189 0.999038 
0.999749 1.000084 0.999462 0.999949 0.999316 0.998526 0.996134 1.000388 1.002272 0.999247 1.000259 1.001237 0.997714 0.995869 0.994925 0.995886 1.002162 0.999524 0.982441 0.999086 0.984471 1.001559 1.013824 1.005144 0.997799 0.999153 1.000503 0.998060 1.000475 0.995560 1.000905 1.000316 0.996752 1.000195 0.999597 0.998844 0.999977 0.999807 0.999733 0.999896 0.999661 0.999288 
1.000077 1.000661 0.999818 0.999910 1.000389 1.000301 1.007797 1.000993 0.997205 1.000525 1.001275 1.000879 1.000666 0.999829 1.003310 1.008186 1.007168 1.001150 0.963933 0.999613 1.003733 1.001461 0.983460 1.001573 1.001773 1.001458 1.002089 1.000200 1.000667 1.001317 1.000391 1.002008 1.001811 1.001780 0.998374 0.998677 1.000293 1.000284 1.000427 1.000078 1.000355 1.000801 
1.000285 1.000263 0.998967 1.000371 0.999868 1.002614 0.994830 0.998045 0.999133 0.998440 1.000003 0.999380 1.004651 0.996878 0.995824 1.007214 0.990921 0.998060 0.994995 1.002096 0.994699 0.999021 0.989776 0.999997 1.003840 1.000655 0.996405 0.999220 0.997617 1.001108 1.000751 1.001900 0.996266 0.998320 1.003975 1.000517 0.999964 1.000260 0.999993 1.000283 1.000308 1.000083 
1.000501 0.999284 0.998995 1.000320 1.001024 0.998969 0.995830 1.000193 1.001158 0.999930 0.999262 1.001129 1.001085 0.993282 0.995470 0.999871 1.003093 0.997727 1.007107 1.000806 0.987456 1.000548 0.982956 1.004249 1.000321 1.000390 0.999957 0.999267 1.002896 0.999819 1.000995 1.000058 1.005991 1.004806 0.996439 1.000223 1.000072 1.000140 0.999891 0.999996 0.999946 0.999668 
0.999558 0.998697 0.998742 0.999095 0.999804 0.998798 1.002266 0.999359 0.997391 0.999439 1.000493 0.997309 0.997318 0.995957 1.000951 1.002731 1.019392 0.997138 1.004380 0.999999 0.989249 1.000873 1.001399 0.999463 1.000775 1.000361 1.004827 0.997286 0.998453 0.996912 0.998063 0.998228 0.997971 1.000745 0.999577 1.001855 0.999029 0.998861 0.999011 0.999000 0.998982 0.999550 
0.998895 0.999548 0.999476 0.999629 1.000463 0.999659 0.994410 0.998043 1.001421 0.998720 0.998847 0.997435 0.999065 0.998109 1.003671 0.997436 0.983442 0.998457 0.989461 1.000926 1.002871 1.000033 0.989268 0.997977 0.998619 1.000114 1.000106 0.999355 0.997772 1.002297 0.999082 0.999032 0.992312 0.991934 0.998789 0.999280 1.000018 1.000019 0.999720 0.999889 0.999933 1.000114 
0.999250 0.999808 1.000260 0.999514 0.999721 0.999045 1.000304 0.999315 0.999514 1.000203 1.000128 1.000083 1.004893 1.003865 1.000346 0.997197 0.992544 1.000506 0.969762 1.000161 1.009383 1.000490 1.028261 0.999328 1.002789 0.999388 1.001998 0.998940 0.997325 1.000691 0.998327 0.999392 0.997718 0.999121 0.997921 1.001079 0.999954 0.999919 0.999820 0.999949 1.000052 1.000547 
0.998772 0.999958 1.000280 1.000343 1.000921 0.999763 0.993351 1.001578 1.002108 0.999343 1.000521 1.001732 1.003241 1.000479 1.003599 0.996564 1.011144 0.997376 0.990148 0.999698 0.994137 0.999840 1.007993 0.999425 0.999516 0.999487 0.998103 0.998802 0.999295 0.999006 1.001566 1.000407 1.003091 1.002557 1.000013 1.000204 1.000055 1.000009 1.000106 1.000266 1.000312 1.000766 
0.999537 1.000510 0.998954 0.999773 0.999679 1.000889 1.009764 0.997750 0.999222 1.000037 0.999373 0.999250 0.999552 0.996959 0.998318 0.994482 1.011910 0.998665 0.992722 1.001248 0.989710 0.999770 0.998037 0.998108 0.998724 0.999307 1.000115 0.998628 0.996542 1.002313 0.998558 1.000448 1.006993 1.010259 0.999776 1.000222 0.999925 0.999709 0.999448 0.999657 0.999591 0.999522 
0.999923 1.000989 1.000730 0.999838 1.000755 0.998990 1.009659 1.002854 1.002683 0.999290 1.000483 1.005626 0.996594 0.995481 0.991716 0.997514 1.000402 0.998995 1.009150 0.999254 0.996797 0.999125 0.997409 0.994607 0.997512 0.999860 0.998523 0.998916 0.998432 1.001741 1.001090 0.999667 0.998461 1.004113 1.004656 0.998286 0.999757 0.999962 0.999860 1.000238 1.000163 1.000113 
1.003113 0.999761 0.999012 1.000303 0.999539 1.002006 1.006112 0.997671 1.001234 1.000381 0.999846 0.999007 1.000760 0.997109 1.001745 0.999422 1.008346 0.998450 1.028219 0.999856 0.996632 0.997315 1.005253 1.001205 1.002056 0.999816 0.998767 1.000139 1.003437 0.996452 1.001084 1.001439 1.003692 1.003299 0.995692 1.000611 1.000312 1.000111 1.000240 1.000267 1.000159 1.000005 
1.001823 1.000925 1.000937 1.000752 1.002823 1.000179 0.996886 1.003227 0.999142 1.001815 1.001287 1.004203 1.000323 1.001840 1.000657 1.002603 1.016018 0.999751 0.974758 1.000618 1.004272 1.002174 1.002567 1.001072 0.999877 0.999938 1.004983 0.998602 0.999190 1.000214 1.000450 1.000538 1.011844 1.010955 1.002170 1.000365 1.000871 1.000534 1.000544 1.000454 1.000373 0.999597 
0.998750 1.000180 0.999486 0.999501 1.000345 1.001350 1.005893 0.999955 1.003119 0.998670 1.000802 0.998290 0.997731 0.997659 1.008156 0.999203 1.004175 1.001523 0.989785 0.999265 0.985520 0.998471 0.993100 0.997630 0.998435 1.000566 1.001001 1.000588 1.000107 1.001280 1.000100 0.999239 0.991883 0.992659 1.001355 0.999773 1.000276 1.000080 1.000064 1.000157 1.000110 1.000148 
1.001118 1.000322 1.001940 1.001468 1.000111 1.001507 1.008932 0.999824 1.001150 1.001001 0.999500 1.001084 1.005921 1.004474 0.998784 1.002684 0.987475 0.997844 1.023747 1.001152 1.002267 1.001500 1.005848 1.003245 1.001494 1.000781 0.995944 1.001325 1.000367 0.998147 1.000875 0.999698 1.001573 1.000171 1.000801 1.000496 1.000709 1.000575 1.000621 1.000604 1.000612 1.000271 
1.000470 1.000587 1.000889 1.001379 1.001797 0.999746 0.998304 1.000206 0.998478 0.999768 1.000922 1.001423 0.996933 0.996513 1.002358 0.996180 0.998787 1.000760 1.002308 1.000100 1.002520 1.000589 0.972273 1.002176 0.997912 1.001840 1.001738 1.002021 1.002717 1.001882 1.000338 1.000920 1.003455 1.003781 1.000379 1.002674 1.000893 1.001254 1.000997 1.000998 1.001309 1.001067 
0.998796 0.999846 0.999027 0.999076 0.998745 0.997991 0.997087 0.999946 0.998840 0.999095 0.998723 0.997771 0.997925 0.994690 0.991897 0.995761 0.990232 0.999278 0.979770 1.001040 0.985937 0.998871 1.018254 1.000579 0.996581 1.000129 0.997106 0.999798 1.001385 0.999326 0.999922 1.002450 0.989731 0.994721 1.006187 0.998581 0.999045 0.999360 0.999431 0.999641 0.999687 1.000170 
0.998498 0.998267 0.998710 0.998247 0.998844 0.998961 0.990522 0.998857 0.999305 1.000250 0.999916 0.998401 0.996879 1.004222 1.005894 0.996074 0.999800 1.001356 0.981032 1.001215 1.003325 0.999629 1.013537 0.994804 0.995911 0.998171 0.999431 1.001092 1.001293 1.001171 0.999021 0.998617 1.001965 0.999777 0.997173 1.000354 0.998908 0.998966 0.999156 0.999074 0.999280 0.999847 
0.999726 1.000820 1.001961 1.001688 1.000716 1.000303 1.007268 1.003179 1.002176 1.000048 1.002551 1.002653 1.003284 0.999917 0.998157 1.005117 1.000595 1.002700 0.996575 0.999548 0.993495 1.002749 0.994931 1.002557 1.002750 1.000191 1.001373 1.000429 0.997037 1.001226 1.000814 1.002444 0.994444 0.994726 0.996279 0.999450 1.001313 1.000767 1.000807 1.000918 1.000604 1.000045 
1.000465 0.999666 1.000406 0.999588 1.001278 1.000502 1.003049 1.000452 0.998933 0.999487 0.999275 0.999445 0.995675 0.996888 1.005812 1.000910 0.989048 1.000462 1.011705 1.000893 1.001029 0.999407 0.970239 1.001681 1.000024 0.999946 0.998735 1.000746 0.997695 1.001975 1.000654 0.997377 0.990471 0.992678 1.004012 0.999252 0.999832 0.999807 1.000021 0.999922 0.999842 1.000094 
1.002101 0.999654 1.000837 1.000736 1.002315 1.001257 0.996632 1.000335 0.999014 1.000204 1.000958 1.000541 1.001684 1.000771 1.000614 1.002906 1.004543 1.002553 1.033164 1.002484 0.999366 1.001715 0.980249 1.001650 1.002184 1.000361 1.000317 1.002296 1.002803 1.001420 0.999394 0.999986 1.009161 1.007665 0.992577 1.002992 1.000572 1.001044 1.000881 1.000658 1.000610 1.000482 
0.999461 1.000042 1.000276 0.999680 1.000252 1.000163 0.999808 1.000426 1.000113 0.999636 1.000029 1.000018 1.004461 1.001689 0.999980 1.003743 0.999438 0.996794 0.990755 0.998503 0.998248 1.000561 1.013426 1.001097 0.999764 1.000298 0.998155 0.998437 0.999049 0.999493 1.000003 1.001218 0.999250 0.997749 1.000077 0.998951 0.999631 0.999913 0.999769 0.999684 0.999558 0.998800 
0.997975 1.000972 1.000165 1.000795 0.999201 0.999906 0.991273 1.000206 1.000392 0.998589 1.000294 0.999330 1.002314 0.999397 0.997751 0.994063 1.010055 0.998863 0.972271 1.001999 0.997509 0.997109 0.966570 0.995233 1.004793 0.998790 1.005994 1.001523 1.002150 1.002669 0.999148 0.999027 0.998895 0.993525 1.001803 1.001451 1.000677 1.000702 1.000542 1.000602 1.000686 1.000896 
1.001179 0.999613 1.000294 0.999913 1.001270 1.002076 1.003764 1.000821 0.999434 1.001686 1.000233 1.000703 1.004054 1.003133 1.000507 1.003567 1.003295 1.000785 0.974714 1.001461 1.008813 0.999208 0.998813 1.003858 1.000992 1.000854 1.002566 1.000949 1.002223 1.000740 1.000897 1.000586 1.006074 1.002950 0.996833 1.003309 1.000434 1.000566 1.000535 1.000513 1.000641 1.000569 
0.999045 1.001066 1.000850 0.999878 0.999476 0.999440 1.028056 0.999940 1.001049 1.000380 0.999652 1.000800 1.005842 1.004320 0.998537 1.004576 0.991988 0.999317 0.976492 1.001117 0.993342 1.000298 0.989716 1.000831 1.002657 1.000214 1.002298 0.999438 0.999260 1.000649 1.001130 0.999896 0.994594 1.001664 1.009828 1.000167 1.000434 1.000177 1.000235 1.000212 1.000328 1.000576 
1.001091 1.000015 0.999547 1.000648 1.000351 0.999143 0.993629 0.998180 1.000110 1.000000 0.999918 0.997098 0.999618 0.996882 1.000804 0.998750 1.013121 0.998615 0.988977 0.999612 1.007698 0.997840 0.984192 0.999200 0.995222 0.999950 0.995059 1.001640 0.999593 1.001433 0.999763 1.001057 1.009045 1.003794 1.011082 0.997003 0.999733 0.999935 1.000094 0.999940 1.000218 1.000298 
0.999987 1.000332 0.999002 0.999672 1.002186 1.000912 1.001983 1.002635 1.001700 1.000004 1.000099 1.004789 1.001316 0.997791 1.002381 0.999416 1.000108 0.999770 0.997976 1.000428 1.010252 0.997964 0.994657 0.997519 0.998816 0.999044 0.997954 1.001226 1.000510 0.998976 0.999815 1.001213 1.005347 1.002288 0.994450 0.999263 0.999692 0.999864 0.999926 1.000043 1.000072 1.000031 
1.000873 0.999330 0.999103 1.000138 1.000401 0.999837 1.003882 1.001059 0.999325 1.000877 1.000948 1.000056 1.000812 1.001775 0.997184 1.001090 1.003083 0.999040 1.016559 1.002457 1.014689 0.999250 0.985408 0.995679 1.000186 0.999702 1.002213 1.001132 0.999529 1.001273 0.998968 0.999665 1.000636 0.998153 0.991679 1.000244 0.999867 1.000022 1.000123 0.999829 0.999982 1.000084 
1.001751 1.000169 1.001236 1.000517 1.002438 0.999064 1.007715 1.003215 0.998991 1.001285 0.999652 1.003506 0.994745 0.997333 1.003692 1.005239 0.994232 1.001819 1.007610 0.998257 1.006367 1.000625 1.018387 1.004110 0.999735 1.001465 0.999398 1.002767 1.001613 1.000026 1.000401 0.999420 1.001860 1.005840 1.005058 1.000018 1.000263 1.000274 1.000456 1.000125 1.000465 1.000204 
1.000993 1.000673 0.999897 1.001075 1.002517 1.001682 1.001155 1.001769 0.998667 1.000226 1.000967 1.001735 1.003474 1.000126 1.009654 0.999812 1.001400 1.000854 1.005711 0.999023 1.008488 1.002340 1.001148 0.999973 1.000004 1.001628 1.003363 1.002767 1.001967 1.000009 0.999558 1.000214 1.002728 1.000261 0.991626 1.003537 1.000894 1.000598 1.000758 1.000638 1.000886 1.001571 
1.000966 0.998965 1.000142 1.000089 0.999132 0.999354 1.001253 0.999452 0.999840 1.000928 1.001014 0.999709 0.997965 1.000515 0.998697 1.008052 1.015659 0.999592 1.020336 0.999071 0.993924 0.998379 1.006491 0.998796 1.000916 0.999644 1.004215 0.999793 0.997137 0.997083 0.999134 0.998069 1.002047 1.004778 0.998878 1.001412 0.999860 0.999621 0.999834 0.999571 0.999672 0.999534 
0.998871 0.999702 0.998026 0.999299 0.999163 0.998528 1.020805 0.999503 0.998459 1.000268 1.000250 0.999639 1.002025 0.994800 1.000253 0.998105 1.001460 1.001666 0.961756 0.998414 1.001388 1.000314 1.026180 0.998640 1.003451 1.001172 0.998212 1.000924 1.001915 0.996878 1.001169 0.998864 0.998143 1.000851 0.997708 1.001332 0.999659 0.999507 0.999549 0.999572 0.999808 0.999421 
0.999513 1.001457 1.000529 1.000578 1.000471 1.000188 0.996369 0.999440 0.998274 0.999933 1.000961 0.998055 0.999347 1.003786 1.004226 0.998501 1.004029 1.000664 0.989516 0.998426 0.995455 1.000663 0.971448 0.999275 1.000452 1.000455 1.002056 1.001762 1.002568 1.002390 0.999992 0.999544 1.001269 1.003114 0.998586 1.000358 1.001004 1.000944 1.000723 1.000836 1.001114 1.001009 
0.999033 0.999723 0.998353 1.000105 0.998957 0.997978 0.996016 0.999685 1.000945 0.999742 0.999393 0.999245 0.995579 0.996680 0.999096 0.989598 0.996641 1.001130 1.014601 0.996508 0.996943 0.998904 0.997762 0.998472 1.004041 0.999481 1.001117 1.000023 1.000626 0.999952 1.000175 0.999438 0.995694 0.997188 0.984808 0.999785 0.999855 0.999888 1.000083 0.999961 0.999963 0.999683 
0.998452 0.999252 0.999410 0.998846 0.999428 0.998657 1.011613 1.001288 1.002390 0.999477 1.000139 1.000301 1.002171 1.000158 1.005640 0.993136 1.004065 0.999536 0.963068 1.001422 1.002973 0.999233 1.010887 0.997849 1.003023 0.998914 0.997325 0.998658 1.001726 0.996909 0.999622 1.000742 0.996130 0.994803 1.003091 0.999705 0.999298 0.999037 0.999193 0.999356 0.999423 0.999865 
0.998703 0.999079 0.998402 1.000095 0.999537 0.997825 1.021217 0.999452 1.001304 0.998595 0.998961 0.999566 0.997999 1.003045 1.004327 0.994835 0.995935 0.997011 0.996403 0.999208 0.998966 0.997704 0.982860 0.994221 0.996366 0.999123 0.998651 0.998816 1.000237 0.998458 1.000395 1.000411 0.997381 0.993938 0.993735 1.000240 0.999170 0.998886 0.999253 0.999263 0.999225 0.999059 
1.001103 1.000592 1.000316 1.000188 1.000471 0.999949 1.008979 1.000221 1.001218 1.000009 0.999350 0.999837 1.001082 0.996275 0.995860 1.003088 0.996182 0.999773 0.999749 0.998539 0.991193 0.998762 1.024512 0.999472 1.001043 0.999148 0.999827 1.000642 1.000551 0.999340 1.000901 1.001538 0.995388 1.001454 1.010261 0.998631 1.000174 1.000312 1.000316 1.000211 1.000381 1.000327 
1.000275 1.000008 1.000366 1.000479 1.000157 0.999427 1.008316 0.999700 1.000970 1.000475 0.999351 0.999953 0.997892 0.994835 0.993193 1.000618 1.006664 0.997928 0.973689 1.000706 1.000453 1.001194 1.015931 0.998217 0.997909 1.000192 1.003174 1.000370 1.000796 0.999995 1.000298 0.999367 1.003907 1.006240 0.994212 1.002213 1.000464 1.000239 1.000323 1.000261 1.000409 1.000696 
0.999341 1.000408 1.000376 1.000000 1.001321 1.000183 1.018819 1.001418 1.001187 1.000819 1.000453 0.999581 1.005197 1.002614 1.005460 1.006765 0.993808 1.000090 0.996840 1.000261 1.010360 0.998612 1.002541 0.998540 1.000979 0.998867 0.999365 1.000195 1.000122 1.002072 1.000494 1.001762 0.997079 0.996184 1.003731 0.997572 1.000569 1.000341 1.000094 1.000408 1.000290 1.000116 
0.999938 0.999653 1.001411 1.000493 0.999345 1.000635 1.005882 0.998817 0.999101 0.999402 1.000587 1.000154 0.994396 0.999159 0.994759 1.000129 0.994391 0.998713 1.007206 0.998263 1.004685 0.999503 0.981157 0.999653 0.997566 1.000935 1.001523 0.998928 0.998936 0.999767 1.000319 0.998102 0.991913 0.994410 0.997280 1.000734 1.000080 1.000088 1.000220 1.000109 1.000165 1.000003 
1.000277 0.998770 1.000171 0.999520 1.001760 1.000912 1.006991 1.003237 1.002000 1.000964 1.001970 1.004286 1.004409 1.004739 0.998120 1.003419 1.015538 1.001172 1.010265 0.997776 0.998970 0.998868 0.999688 0.998892 1.003452 1.001172 1.001522 1.000521 1.001610 0.997358 0.999706 0.999302 1.005871 1.002653 0.996616 1.002036 1.000271 1.000091 1.000243 1.000096 1.000238 1.000793 
0.998465 0.998433 0.999135 0.998733 0.998189 0.998790 1.003331 0.999169 0.999583 0.999381 0.999110 0.997449 0.994346 0.992715 0.996917 1.000056 1.000905 0.999944 0.989152 0.999924 0.991963 0.999950 0.978619 1.000885 1.000187 0.999472 1.001265 0.999065 0.996110 0.999551 0.998661 0.998154 0.998066 0.998910 1.005569 0.998858 0.998691 0.998860 0.998867 0.998771 0.998682 0.998862 
0.998299 0.999086 1.000511 0.999175 0.999978 1.001039 0.988784 1.002699 1.001791 0.998604 1.000925 1.002041 0.997262 1.001978 0.999443 0.998058 0.987942 1.000048 1.045510 0.999570 1.008941 0.998738 1.022078 0.998554 1.006139 0.998466 1.000168 0.999298 1.002998 0.999999 0.998242 0.997602 0.991008 0.991558 0.993829 0.999707 0.999518 0.999369 0.999304 0.999263 0.999142 0.998883 
0.998104 0.998631 0.997821 0.998653 0.998375 1.000161 1.003202 1.000333 0.998993 0.998823 0.999838 0.999149 0.998122 0.999144 0.995787 1.008570 0.995011 0.999003 1.025197 1.000382 1.001136 0.999890 0.973467 0.996125 1.003238 1.000679 0.999614 0.999071 0.999156 0.997398 0.999519 0.998172 0.996216 0.997826 0.998828 1.000589 0.998779 0.998948 0.998967 0.999122 0.999239 1.000403 
0.999299 1.001313 1.000222 1.001077 1.000103 0.999193 0.991901 1.000602 1.001527 1.000263 1.001025 1.000415 1.002722 1.000059 0.997992 0.994102 0.997729 0.999595 0.980919 0.999257 0.991170 1.001654 1.019957 1.002252 1.002594 1.000444 1.001472 0.999467 1.002638 1.000974 1.000108 0.999007 0.997922 0.995539 0.997400 1.002052 1.000789 1.000803 1.000781 1.000823 1.000827 1.000498 
0.999606 0.999040 0.997086 0.999017 0.999929 0.998246 1.000385 1.003097 0.999173 1.000490 1.000868 1.001574 0.997344 0.999519 0.994006 1.002980 1.004848 1.002174 1.025065 0.997386 1.014859 0.999418 1.006509 0.995955 1.002673 0.998829 0.997369 0.997821 1.002353 0.995790 0.999850 0.998747 0.999868 0.999440 0.999604 0.999028 0.999098 0.999091 0.999255 0.998905 0.999275 0.999637 
1.000836 0.999935 1.001089 0.999431 1.000067 0.999303 1.000661 0.999716 1.001779 0.999410 1.000096 0.998431 1.003904 1.000939 0.997361 1.001649 1.002078 1.002696 0.991773 1.000420 0.995303 0.997723 1.008372 1.001724 1.000273 1.000902 0.999964 1.000715 1.001753 0.998690 0.999656 1.000855 0.997924 0.995365 1.000486 1.000726 1.000293 1.000233 1.000195 1.000324 1.000267 1.000079 
1.001153 0.999894 1.000702 1.000839 1.000420 1.000595 0.989985 1.001209 1.000247 1.000912 1.000191 1.001635 1.003693 1.008971 1.002370 0.996945 1.006358 0.999926 0.977342 1.001703 1.007410 1.001709 1.005299 0.998729 1.002501 1.000627 1.001295 0.999119 0.999054 1.000915 0.999717 1.000595 1.001218 1.003484 0.991865 0.999491 1.001025 1.000448 1.000700 1.000606 1.000475 1.000357 
1.000152 0.999623 1.001559 1.001121 0.999368 0.999772 0.995003 0.999509 0.999759 1.000410 1.000028 0.996620 0.993456 0.997411 0.997551 1.002876 1.005836 0.998779 1.008910 1.001300 0.988976 1.002649 0.978762 1.003178 1.002543 0.999946 0.998279 0.998916 0.998069 1.001496 0.999329 0.999892 1.004611 1.001403 1.000472 0.998947 0.999999 1.000191 1.000364 0.999917 0.999868 0.999670 
0.999481 1.000692 0.999552 1.000514 0.999888 1.001134 0.997557 0.999768 0.999484 0.999963 0.999694 1.000240 1.001526 0.996106 0.998138 0.994903 1.000099 1.000949 0.997021 0.999598 0.980566 0.999597 1.000963 0.999119 0.998643 0.999685 0.999713 1.000271 0.997351 0.999905 1.000689 1.000969 1.001803 1.003369 1.004249 1.001057 0.999705 0.999889 1.000233 0.999886 1.000094 1.000192 
1.000676 0.999341 0.999737 0.999056 1.000711 1.000292 0.996892 1.000568 0.997956 1.000054 0.999839 1.002529 1.002591 1.000150 0.998616 1.000075 1.004729 1.000044 1.029525 1.001108 0.993006 0.997664 0.995339 0.998115 0.994456 0.998906 1.000479 1.000291 0.997844 0.998945 0.999136 0.999983 1.004480 1.004228 1.005442 1.001091 0.999383 0.999662 0.999790 0.999789 0.999692 1.000445 
1.001050 1.000337 1.002699 1.000466 1.000952 1.001602 1.005232 1.001387 0.998861 1.000248 1.000989 1.004837 0.997662 1.003731 1.002483 1.001112 1.004550 1.001089 1.024988 0.998895 1.003921 1.000878 0.984553 0.999438 0.996610 1.001005 0.996445 0.998960 0.996912 0.996676 1.000081 1.000384 1.001232 1.000163 1.012307 0.998608 0.999887 0.999775 1.000061 0.999592 0.999572 0.999069 
1.001272 1.000375 1.000703 1.000744 1.001461 1.001614 0.995228 0.998961 0.998863 1.001164 1.000058 1.000883 0.998686 0.995508 1.000451 0.997949 0.998516 1.002313 0.986906 1.004000 0.995202 1.000327 1.005914 1.001143 0.999137 1.001007 0.995536 1.001054 1.000361 0.999529 0.999576 1.000930 0.999374 1.000425 1.001532 1.001140 1.000275 1.000289 1.000374 1.000313 1.000260 1.000353 
0.998581 0.999119 0.998768 0.999938 1.001109 0.999703 1.000891 1.000472 1.001905 0.999795 1.000330 1.002123 0.999386 1.001369 1.005441 1.004336 0.992623 0.998765 0.998180 0.997931 1.005752 0.999903 0.992589 0.996976 1.001881 1.000586 0.995345 1.001089 1.000548 0.999648 0.999786 0.998284 0.995951 0.996084 1.001759 0.999507 0.999982 0.999689 0.999753 0.999710 0.999916 1.000056 
1.002043 1.000679 0.999510 1.000602 1.001806 1.001507 0.997486 1.002214 1.001330 1.000404 1.001038 0.997057 0.998706 0.995460 1.002922 0.998714 1.000655 0.999274 1.026792 1.000668 1.004268 1.003645 0.982893 1.002683 1.001400 1.001494 1.002782 1.000779 1.001463 0.999952 1.000502 1.000894 0.997339 0.999264 0.994902 0.999869 1.001212 1.000961 1.001072 1.000953 1.001021 1.001368 
1.001170 0.999666 1.000125 0.999335 0.999586 0.999350 1.009443 1.000504 0.997456 0.998731 1.000737 1.002997 1.001798 0.998451 0.997735 0.996214 1.011246 0.999672 1.050603 1.000424 0.982704 0.998631 0.994278 0.999494 0.996492 0.998869 0.999612 0.999892 1.000480 0.999833 0.999461 1.002675 1.000697 1.005502 1.005955 0.998005 0.999163 0.999434 0.999436 0.999360 0.999394 0.999506 
0.999500 1.001291 1.001188 1.000897 0.999022 0.998904 1.020368 0.999496 1.003230 0.999488 1.000643 0.997863 0.999254 0.999665 0.998806 0.993576 0.998872 1.001288 1.022679 1.000741 0.997068 1.000474 0.992148 1.002665 1.008315 1.000184 1.003667 1.003340 1.000296 1.002572 1.001727 1.000534 0.996826 0.993222 1.009765 1.002263 1.001070 1.001000 1.000949 1.001046 1.000936 1.000758 
0.999863 1.000067 1.000972 0.999492 1.000158 1.001573 1.005249 0.999466 1.001043 0.999228 1.000623 0.999558 0.998327 0.996216 0.999598 1.001945 1.008660 0.998716 0.981866 0.998693 1.000070 0.999237 1.004688 1.000094 1.001268 1.000718 1.000142 0.999403 0.994334 1.000661 0.999905 1.000430 1.000948 0.999803 0.996571 1.001494 1.000309 1.000233 1.000048 1.000429 1.000156 1.000160 
1.000441 1.000070 0.999772 1.000261 0.999285 0.998929 1.006991 1.002282 1.001606 0.999422 1.000774 0.998979 1.001990 1.001397 0.992034 0.995036 1.001455 1.001124 1.015427 0.999466 0.998404 0.999241 1.010346 0.997374 1.000978 0.999420 1.002509 0.997128 1.000615 0.999899 1.000594 0.999303 0.992884 0.995813 0.990295 0.999981 1.000266 0.999810 1.000143 1.000351 1.000008 1.000169 
0.999954 1.000183 0.999456 0.998468 0.999410 0.999771 0.993757 0.999505 0.998814 1.001135 1.000420 0.998924 1.000844 1.000076 1.008326 1.000064 0.995688 1.000216 1.021387 1.001966 1.008447 0.998928 0.982305 0.996648 0.996356 0.998942 1.000376 0.998622 0.999826 0.997347 1.000263 0.999880 1.001218 1.002343 1.004780 0.998097 0.999398 0.999688 0.999631 0.999510 0.999476 0.999309 
1.000936 0.999777 0.999501 0.999061 1.000157 1.000660 1.002683 1.000903 0.998986 0.999817 1.000957 1.001529 0.995726 0.991956 0.994840 0.998379 1.007413 1.001499 1.042048 0.997771 0.990956 0.998217 1.013148 0.997160 1.006000 0.997922 1.004781 1.002205 0.999532 1.000144 0.999581 1.000374 0.996699 1.004800 0.993109 0.999319 0.999887 0.999865 1.000119 0.999669 0.999641 0.999602 
1.001659 1.001155 1.001050 1.002519 1.002593 1.002507 1.009689 1.000695 1.002898 1.001052 1.000497 1.000029 1.004345 1.003446 1.000287 1.006516 1.011039 0.998021 0.988744 1.002263 0.996286 1.003491 1.000762 1.002370 0.998011 0.999523 0.998791 0.998231 1.002436 1.001198 1.000732 1.001522 1.009497 1.003697 1.003269 0.997752 1.001428 1.001472 1.001212 1.001251 1.001098 1.000343 
1.000253 1.000549 1.000202 0.999812 0.999420 0.999355 0.998618 0.998681 0.999968 0.999562 0.998389 0.999422 0.998599 0.999257 1.001623 0.998272 0.998372 1.003141 0.988947 1.001647 0.999704 0.998772 0.993909 1.002657 1.000857 0.999373 0.999387 1.000821 1.002408 1.001359 1.000906 1.000414 1.006600 1.006402 1.002090 0.996550 1.000055 1.000124 1.000007 0.999885 0.999893 0.999363 
1.000164 0.999443 0.999673 0.999543 1.000621 0.998241 1.000580 1.001916 1.000239 1.000524 0.998747 1.001303 0.999104 0.999053 1.001036 1.000714 1.000980 1.002063 1.013118 0.999779 1.004529 0.998786 0.994868 1.000642 0.995836 0.999981 0.997391 0.998756 1.001428 0.999506 0.999585 0.999574 1.004047 1.000235 1.003428 0.998989 0.999586 0.999508 0.999474 0.999584 0.999616 0.999450 
0.999758 1.000811 1.000477 1.000275 1.000306 1.001924 1.013504 1.000375 1.002556 1.001069 1.002941 0.997692 1.001456 1.001295 1.003247 1.005571 1.011238 1.001199 0.993945 1.000167 1.008231 1.000979 0.983030 1.000512 0.998332 1.000157 1.000094 0.999184 1.002120 0.998801 1.000404 0.999167 0.995056 0.996628 0.997999 0.999593 1.000761 1.000571 1.000357 1.000555 1.000345 0.999776 
0.998382 0.998956 0.999745 1.000124 0.999014 0.997990 0.997192 0.999881 1.000433 1.000218 1.001280 0.999037 0.998960 1.002115 0.999600 1.005932 1.006871 0.999443 1.000540 0.999793 1.005362 0.999881 1.014072 0.999031 1.003323 0.998524 0.997668 0.999829 0.998691 1.000526 1.000067 0.999387 1.000578 1.000646 1.002341 1.000822 0.999595 0.999582 0.999496 0.999579 0.999752 1.000124 
1.000386 1.000675 1.000223 1.000253 0.999740 0.997670 0.991235 0.998141 0.999639 1.000736 1.000261 0.999815 0.998205 1.005103 1.002358 0.999147 1.007419 1.002368 0.960359 0.999250 1.003686 1.000029 0.995877 0.998821 1.000816 0.999188 1.003032 1.000628 0.998960 1.000720 0.999664 1.001265 1.002116 1.001669 0.998852 1.000163 1.000163 1.000278 1.000354 1.000424 1.000604 1.001058 
1.000462 1.000073 1.000796 0.999953 0.998704 1.000266 0.994764 1.000536 1.000399 0.999035 1.000372 0.997684 0.999554 1.000780 0.993589 1.003870 0.991629 0.998083 1.011315 0.999562 1.000239 1.000201 0.999996 1.002178 0.995356 1.000620 1.001442 0.998484 1.000996 1.001004 0.999881 1.001636 0.990658 0.990447 0.993808 0.999766 1.000216 1.000365 1.000463 1.000326 1.000254 0.999806 
0.999295 1.000165 0.999866 1.000630 0.999884 1.000483 0.986464 1.001936 1.000187 0.999559 1.001007 1.001491 1.000151 0.997538 1.000478 0.999870 1.004766 0.996813 1.004255 0.999108 1.003414 1.000281 0.989661 1.002218 1.000555 1.000251 0.999221 1.000044 0.998428 0.998096 1.000091 0.999854 1.001297 0.997953 0.992117 0.999052 0.999858 0.999496 0.999793 0.999826 0.999829 0.999762 
0.999263 0.999456 0.999415 0.999376 0.999914 1.000658 0.999309 1.001752 0.998540 1.000203 1.000480 1.001183 0.999004 0.994010 0.997122 1.001754 1.001625 0.999021 1.006615 1.000240 1.001605 1.000670 1.001994 0.996643 0.998525 0.999587 1.001527 0.997005 1.002552 0.998605 1.000771 0.998404 1.000909 1.003466 0.997388 1.000807 0.999592 0.999718 0.999707 0.999470 0.999835 0.999932 
0.999278 1.000380 0.999341 1.000453 0.999853 1.001248 1.006098 0.998519 1.002606 1.000022 0.999230 0.998096 0.996324 0.996297 1.005856 1.003301 0.990166 1.000809 0.981635 1.001726 1.005091 0.999625 0.984279 1.001308 1.004860 1.001447 0.999301 1.001241 1.001054 1.000035 0.999356 1.000816 0.998067 0.995836 1.003088 1.001678 1.000284 1.000100 0.999857 1.000129 1.000276 1.001010 
1.000271 1.000881 0.999386 0.999377 1.000596 1.002899 1.006792 1.001949 0.998971 1.000580 1.000178 1.003241 1.003601 0.998432 0.992860 1.003407 1.001863 1.000680 0.998207 0.999344 0.999414 0.999491 0.996839 0.997353 1.001716 1.000300 1.000067 0.998586 0.999672 0.998742 1.000088 0.998795 0.996075 1.000751 1.003713 0.999701 0.999828 0.999916 0.999787 0.999732 0.999647 0.999579 
1.000160 1.001269 1.002985 1.000942 0.999461 0.999209 0.996576 0.999307 1.002128 1.000297 1.001450 0.997645 1.002983 1.007214 1.000827 0.999365 0.995738 1.001021 0.974676 0.998719 0.998238 1.000365 1.000676 0.999023 0.999694 1.001510 1.000356 1.000492 1.002028 1.002073 0.999589 0.999482 0.989551 0.991913 0.998925 1.001553 1.001084 1.001027 1.001181 1.001197 1.001040 1.000677 
1.000194 1.002001 1.000817 1.000885 1.000547 0.999520 1.003067 1.000581 1.000678 1.000307 1.000825 1.000466 1.004622 1.008149 0.996768 0.994517 0.990617 1.002152 0.960616 0.999790 1.006011 0.997982 1.035101 0.999731 0.995922 0.999701 1.003010 1.000045 1.000325 1.001605 1.001381 1.001562 0.993297 0.997772 1.001490 0.998564 1.001071 1.000955 1.001279 1.001177 1.001126 1.000717 
0.998427 0.999738 1.000226 1.000135 1.000217 0.999683 1.001768 0.999796 1.000926 0.999870 1.000633 1.000716 0.999075 0.999443 0.996244 0.997319 1.011748 0.997827 0.997633 0.998355 0.995965 0.998792 1.004462 1.001944 0.997285 1.000897 1.000057 0.999235 0.996947 1.000354 1.000516 1.000323 1.003929 1.001825 0.993123 0.998731 0.999832 0.999642 0.999601 0.999749 0.999633 0.999670 
1.000542 1.000229 1.000279 1.001081 1.002193 1.000076 1.000780 1.002349 1.003109 1.001246 1.002512 1.001497 0.999450 0.998415 0.998233 1.005698 1.014313 1.000206 0.980417 0.999925 1.002814 1.002708 0.993704 1.004679 1.005251 1.002748 1.001476 1.000959 1.002275 1.002458 0.999761 1.001441 0.999395 0.997226 1.002322 0.998973 1.000993 1.000691 1.000753 1.000762 1.000594 1.000462 
0.998505 0.998905 0.997816 0.999371 1.000112 0.999974 1.006590 1.001116 1.000363 0.999229 0.998597 1.002427 1.000240 0.998780 1.003514 0.991640 0.994647 0.998797 1.015764 1.001601 0.998139 1.000170 0.992545 0.997313 0.994305 0.998373 1.001984 1.000601 0.999717 0.999412 0.999284 1.000282 0.997105 0.994886 0.996020 1.000647 0.998857 0.998744 0.999065 0.998933 0.999151 0.999607 
1.000521 1.000878 0.999312 1.000058 0.999748 1.000882 0.997176 0.999175 1.000158 0.999578 1.000179 0.998591 1.000631 0.995652 0.999548 1.000885 1.004530 1.000262 0.978933 1.000042 0.994538 1.001788 0.996154 0.995459 1.003270 1.000676 1.001043 0.995931 0.997450 1.000315 0.999666 0.999654 0.990962 0.994088 1.007207 1.000839 1.000296 0.999998 1.000139 1.000082 1.000089 0.999951 
0.998912 0.998689 0.998815 0.998068 0.997207 0.999451 0.999069 0.997983 0.999940 0.999958 0.999685 0.997673 0.995168 0.999417 0.997696 0.996187 1.004994 1.000407 1.002953 0.999721 0.997208 0.996040 0.998318 0.996735 0.995048 0.997417 1.000017 1.000029 0.999459 0.998831 0.999299 0.998821 1.001992 0.999650 0.997801 0.998743 0.998590 0.998972 0.999084 0.998852 0.998827 0.998426 
0.999289 0.998766 0.998672 0.997944 0.998588 1.001259 0.989178 0.998928 0.999329 0.997588 0.998376 0.999295 1.001512 0.998036 0.996356 1.000034 0.984661 1.001675 1.005104 0.995824 0.996689 0.999501 1.005377 1.001072 0.999770 0.998912 0.993184 0.998230 1.000064 0.997846 0.998694 0.999687 0.992164 0.996551 0.997851 0.999281 0.998469 0.998676 0.998662 0.998772 0.999007 0.999520 
1.000070 1.000394 0.999942 1.000111 0.998520 0.998826 0.989849 1.001333 0.998751 0.999764 1.000940 0.996527 1.000400 0.998608 0.999825 0.997930 0.991384 1.001819 1.032829 0.999702 1.005619 1.001069 1.013531 1.001982 0.994099 1.000787 0.999718 0.999986 1.000306 0.997908 1.001673 1.000208 1.000024 1.000419 0.997366 1.000272 1.000045 0.999919 1.000265 1.000270 1.000289 1.000282 
0.999464 0.998775 1.000360 0.999390 1.000925 1.000946 1.005082 1.000419 0.998098 0.998650 0.999636 1.001813 0.998338 0.998312 1.006334 0.999405 1.001982 0.998742 1.006428 0.999736 0.978903 0.998289 1.003165 0.997152 0.997356 0.998642 0.997613 0.998916 1.001667 1.000290 0.999040 0.997013 0.996568 1.001286 0.994860 1.000611 0.999119 0.999597 0.999416 0.999570 0.999252 0.999029 
1.000232 0.999394 1.000052 0.999564 1.000292 0.999036 1.010587 1.002251 0.997825 1.000830 1.000289 1.001590 0.994585 0.999657 0.994262 0.999717 0.997724 1.000812 1.037661 0.998536 1.006321 0.997740 1.017467 0.996783 0.999046 0.999421 0.996632 1.001893 0.998562 1.000126 0.999258 0.999382 0.996436 0.997399 1.004551 1.000230 0.999197 0.999406 0.999959 0.999442 0.999695 1.000365 
0.998529 1.000184 1.001525 1.000362 1.000649 1.000420 1.013802 1.000724 1.001642 0.999959 1.001023 1.001523 1.003123 1.002440 1.000359 1.001047 1.003495 0.999153 0.958530 0.999403 0.994490 1.000749 1.004003 1.003522 1.002708 1.002248 1.000380 1.000181 1.001139 0.998536 1.000270 1.001640 0.995279 0.997014 1.002570 0.998444 1.000648 1.000343 1.000371 1.000395 1.000614 1.001044 
1.002004 1.001113 1.000658 1.000994 1.001305 1.001184 0.991549 1.000847 0.999788 1.000723 1.000965 1.000832 0.998142 1.001796 0.994829 1.005333 0.997349 0.999336 1.013758 0.999372 1.002362 1.000215 0.982736 0.998441 0.995569 1.000642 0.998378 1.002767 1.000909 1.000951 1.000712 1.001468 1.000980 0.999601 1.003148 0.999868 1.000739 1.001038 1.001240 1.001058 1.000995 1.000955 
1.000152 1.000420 1.001046 1.000532 1.001500 0.999889 1.003475 1.002228 1.000773 1.000356 1.001518 1.002395 1.001507 1.004064 1.002931 1.001320 1.002221 0.999926 1.001927 1.000400 0.994039 1.000782 0.991155 1.005133 1.005035 1.000311 1.001379 0.999932 0.999598 1.000264 1.000601 1.000265 1.000410 1.001026 1.002409 0.998767 1.000965 1.000628 1.000705 1.000360 1.000397 1.000207 
0.999481 0.999879 0.999387 0.999267 0.999237 1.001155 1.007052 0.998479 0.999304 0.999451 1.000460 1.000222 0.995744 0.994197 0.999431 1.006371 1.010659 1.000334 0.999115 1.000865 0.997743 0.996729 1.029738 0.996645 1.000008 1.001232 1.000757 1.000327 1.002256 0.998261 0.999299 0.997877 0.999299 0.999547 1.000510 1.002924 0.999452 0.999389 0.999281 0.999518 0.999466 0.999804 
1.000282 1.000906 1.000573 1.000005 0.999825 1.000872 0.999299 0.998821 1.001157 1.000039 1.000363 0.998835 0.999765 0.998715 0.999703 1.001818 0.996648 1.000116 0.971206 0.999547 0.996593 0.998113 1.010160 1.003497 1.000591 1.002293 1.003085 1.000084 0.999139 1.000001 1.001272 1.001693 0.991548 0.995498 1.006579 1.000342 1.000908 1.000731 1.000714 1.000663 1.000868 1.000873 
1.000703 0.999863 0.998813 0.999930 0.999622 1.002433 1.021859 0.998787 1.002372 1.000681 1.000256 0.997863 1.000584 0.996073 0.998499 1.011419 1.001785 0.998004 1.019633 0.999956 1.009307 1.000497 0.973864 0.996038 0.996031 0.998857 1.000646 1.000184 0.997580 1.002599 0.999557 1.000877 1.005839 1.004717 1.001452 0.998210 1.000041 1.000085 1.000190 1.000121 0.999887 0.999466 
0.999689 0.999456 1.000691 1.000513 1.001093 1.000907 1.005295 1.002607 1.002605 0.998911 1.000555 1.001739 0.999168 0.999465 0.995012 0.996315 0.995779 0.999282 1.013022 0.998503 0.993067 1.002276 1.006619 1.004402 0.992231 1.001725 1.002112 1.000979 1.001857 1.000539 0.999856 1.000308 0.995284 0.997554 0.985798 0.998423 1.000229 0.999832 1.000069 1.000153 0.999995 1.000092 
1.001798 1.000449 0.999824 1.001091 1.001847 1.002596 1.005014 1.000408 1.001677 1.001342 1.000300 1.000033 0.999063 0.996737 1.004616 1.008471 1.012033 0.998833 0.999461 1.002332 1.007777 1.001186 1.000256 0.999856 0.997313 1.000282 0.999488 0.998209 1.002009 0.999261 1.000082 0.999953 1.014628 1.010082 1.002490 0.999250 1.000591 1.000472 1.000388 1.000528 1.000604 1.000672 
0.999578 0.999099 0.999321 0.999334 0.999212 0.998655 0.997084 0.999733 1.000654 0.999039 1.000714 0.997429 0.997345 0.998747 0.997662 1.003120 1.004153 1.000063 1.023343 1.002006 1.005276 0.999508 1.012239 0.997086 1.003770 0.998929 0.996990 0.999418 1.001242 1.000194 0.998823 0.998942 1.001365 0.999891 0.994367 0.998413 0.999320 0.999393 0.999294 0.999371 0.999443 0.999755 
1.000656 1.001092 0.998999 1.000141 1.000824 1.000748 1.009509 1.000583 1.000614 0.999578 0.999042 1.000470 0.995081 0.998671 1.006827 0.997850 0.995601 0.999347 1.035579 0.997960 0.997316 0.999277 0.991616 1.001321 0.995558 0.999539 0.998723 0.999908 1.006047 0.997875 1.002337 1.000770 1.000220 1.000708 1.013721 0.999712 0.999682 1.000034 1.000129 1.000198 1.000568 1.000809 
1.001625 0.999431 1.000797 1.000458 1.002533 1.003476 0.996566 1.003246 1.001131 0.999858 1.000798 1.003523 0.998919 0.996912 1.004125 1.004422 0.989915 1.001446 1.053176 1.000518 1.001308 0.999919 1.002080 0.999535 1.000744 0.998270 0.997782 1.003423 0.999840 0.999896 0.999981 1.000671 0.993195 0.993362 0.996084 1.001621 1.000487 1.000410 1.000798 1.000279 1.000331 0.999901 
0.999364 1.000518 1.001248 0.999916 0.998289 1.001178 0.998782 0.999422 1.001068 1.000244 1.000462 0.998886 0.996462 1.000687 0.995592 0.998579 1.008077 1.002872 0.981984 0.999106 1.007399 0.999538 1.011960 1.000301 1.003828 0.999795 1.001440 1.000122 0.999681 0.998562 1.000950 1.001781 1.002191 0.997386 1.003280 0.999848 1.000471 1.000288 1.000445 1.000414 1.000437 1.000445 
0.999898 0.999751 1.000858 1.000235 0.999478 1.002153 0.997004 0.999690 0.998053 0.999576 0.999578 1.001359 0.996049 1.004319 1.001108 1.009575 0.996199 1.001885 1.017896 0.998871 1.012269 0.998764 0.995687 1.001677 1.007869 1.000234 0.997437 0.999549 1.002327 1.001351 0.998611 0.999098 0.998589 0.993487 1.002957 1.000327 0.999496 0.999825 0.999693 0.999508 0.999803 1.000304 
1.000712 0.999608 0.999412 1.000479 0.999593 1.001905 0.991567 0.998294 0.999168 0.999344 1.001067 0.998980 0.992500 0.990272 0.998791 0.997838 1.005113 1.001916 1.041448 0.997943 0.990289 0.997452 1.004115 0.997364 1.001049 1.000531 1.001629 1.001115 0.999789 1.000453 0.999747 0.999725 0.997358 1.001130 0.991669 1.001637 1.000204 1.000123 1.000217 1.000379 1.000392 1.000589 
1.000172 0.999240 1.000696 1.000626 1.000079 1.000120 0.994260 0.999755 0.998573 0.999778 0.999142 0.999451 0.999256 0.998581 1.003116 0.997090 0.999364 1.000349 1.003236 1.000255 0.995842 0.999796 0.963748 0.998508 0.998582 0.999550 1.001260 1.000354 1.004576 0.998731 1.000199 0.998590 1.000797 1.001970 0.998432 1.000505 0.999951 1.000083 1.000039 0.999988 1.000089 0.999937 
0.999791 0.999611 0.999359 0.999638 0.998510 0.998220 1.008401 0.998396 0.999571 1.000375 1.001503 0.996687 1.000911 1.000646 1.002108 0.996133 1.022127 0.999738 0.970507 0.999125 0.994370 1.002251 1.026010 1.001176 0.999690 1.000233 1.001933 0.999273 0.997760 0.997412 0.999641 1.000493 1.000499 0.997143 0.998648 0.999752 1.000107 0.999405 0.999891 0.999710 0.999560 0.999197 
1.000045 0.998936 0.999622 0.999139 0.999063 0.998772 1.012538 0.999989 1.001340 0.998777 0.999261 0.998441 0.998429 1.004715 0.999535 0.998461 0.998808 1.002555 0.994721 0.998537 1.001165 0.997371 0.997077 0.997518 0.997747 0.998949 1.000008 0.999998 1.000005 0.998283 0.999444 0.999287 0.998216 0.997402 0.991909 1.000110 0.999426 0.999412 0.999704 0.999776 0.999666 0.999622 
0.999406 1.000517 1.001781 0.999919 1.000706 1.000347 1.009218 1.000380 1.001569 1.000005 0.999508 1.001487 1.002121 1.002227 1.000445 1.002271 1.000815 1.000040 0.992010 0.999883 0.994415 0.998651 1.007090 0.997581 1.005988 1.000540 0.997956 1.000609 1.002302 0.999103 0.999702 1.001616 1.000676 0.999893 1.000214 1.000238 1.000158 1.000393 1.000177 1.000397 1.000502 1.000711 
0.998952 0.999721 1.000574 1.000141 1.001484 1.000094 1.004862 1.000949 0.998408 1.000745 1.000590 1.001019 1.001953 1.007452 1.012795 1.006503 0.989809 1.001682 0.966053 0.999764 1.009032 1.002065 1.014464 1.006349 1.002645 1.000168 0.999781 1.000435 1.006079 1.001692 1.000466 0.998672 0.998637 0.996867 1.000903 1.001154 1.000630 1.000490 1.000438 1.000257 1.000310 1.000319 
0.999500 1.000517 1.001712 0.999936 1.001000 0.998175 0.992399 1.002658 1.000633 1.000404 0.999570 1.002436 0.997376 1.001966 1.003436 0.993239 0.995637 0.998829 0.998768 1.001443 0.999196 1.000681 0.991334 1.000447 1.004295 1.000814 0.997602 0.999180 1.003800 0.999712 1.000766 1.001092 1.000235 0.997232 1.001638 1.001004 1.000276 1.000545 1.000273 1.000363 1.000406 1.000505 
0.998924 0.999335 0.999344 0.998834 0.998484 0.998548 0.991719 0.997949 1.001044 0.999053 0.997545 0.997810 1.000051 1.001387 1.005911 0.992350 0.991169 1.001037 0.979876 0.999111 1.000487 0.997929 1.016957 0.995515 1.004199 0.998942 1.001043 0.999580 1.000448 0.999659 1.000442 0.999748 0.995704 0.995397 0.998325 0.998702 0.999124 0.999404 0.999316 0.999534 0.999509 0.999983 
0.999927 0.999527 1.000947 1.000249 1.001231 1.000663 0.995257 1.002151 1.001351 0.998843 0.999874 1.002618 0.999359 1.000431 1.005261 0.995736 0.998774 0.999798 1.025130 0.998053 0.991599 1.000688 0.958390 1.001557 1.004225 1.000803 1.001882 0.998576 1.002597 0.997605 1.000223 0.999959 0.995927 0.998675 0.995463 0.997977 1.000319 0.999971 0.999951 0.999925 0.999854 0.999636 
1.002293 1.001863 1.001269 1.001689 1.001948 1.002414 1.020689 1.000945 1.000490 1.000188 1.001840 1.001382 1.002388 1.002801 1.002238 1.001390 0.999558 1.001179 1.016851 1.000968 0.994909 0.999215 0.999447 0.997504 1.008382 1.000732 0.995887 1.002025 1.000267 1.000817 1.000866 1.002887 0.993337 0.997373 1.006186 1.001302 1.001523 1.001736 1.001713 1.001477 1.001373 1.000860 
1.000185 1.001268 1.000895 1.000939 0.998199 1.000254 0.993932 0.999088 1.000201 1.000833 1.000748 0.999706 0.996110 0.999965 0.997689 1.004662 1.002811 0.998197 0.991065 0.999896 0.997819 0.999488 0.997677 0.996804 1.001342 0.999889 0.997408 0.999091 1.000477 0.998192 1.000120 1.000712 0.999203 1.000589 1.007156 1.000429 1.000198 1.000386 1.000702 1.000377 1.000429 1.000406 
1.000466 1.000207 1.000304 1.000555 1.001516 0.999708 1.001648 1.004070 0.999252 1.001234 1.001609 1.005127 0.999113 0.999030 0.996814 1.003478 1.009152 0.997631 1.015241 0.998875 1.001836 1.004303 1.015592 1.004028 0.997999 0.999969 1.002187 1.000448 1.000408 0.997369 1.000914 1.001562 1.006113 1.000493 1.001829 0.998911 1.000437 1.000263 1.000548 1.000200 1.000296 0.999955 
1.001019 1.000622 1.000604 1.001030 1.000555 1.000412 1.007260 1.002401 1.002647 1.001776 1.002191 1.002829 0.996789 0.998354 0.999181 0.999738 0.999506 0.997212 1.032525 1.001923 1.006895 1.000843 1.019255 1.000751 1.000325 1.000008 0.998994 0.997520 1.001345 0.997411 1.001346 1.000619 1.000529 1.002543 0.998482 0.999988 1.000426 1.000494 1.000776 1.000643 1.000540 1.000041 
0.999464 1.000931 1.001625 1.000352 0.999507 1.001221 1.004890 0.998988 0.998084 1.001385 1.001147 0.999114 1.002305 1.001357 1.005133 1.005708 0.987699 1.001311 0.964229 1.000007 1.008725 1.001315 0.993357 1.006513 1.003973 1.001270 0.996514 1.000234 1.002421 0.998598 1.000328 0.997848 0.998379 0.996466 1.009654 1.000627 0.999947 1.000535 1.000455 1.000443 1.000767 1.001028 
0.999986 0.999975 1.000811 0.999643 0.998490 1.000508 0.997296 0.998565 0.999341 1.001019 1.000508 0.998726 0.997918 0.999649 0.992791 1.007576 1.003068 1.002460 1.000088 1.001943 1.012739 0.998318 1.008661 0.998494 1.000377 0.999683 1.001949 0.999474 0.999602 0.999419 1.000954 0.999245 1.001665 1.002987 1.005476 1.002298 1.000414 1.000078 1.000155 1.000005 1.000254 1.000505 
1.001365 1.001588 1.001124 1.001750 1.000901 1.000694 1.009709 1.000366 1.002455 1.001329 1.000448 0.999298 0.998595 0.993418 1.000938 0.994682 0.996633 1.001668 0.994672 1.002492 1.006125 1.001310 1.021653 1.003043 1.004889 1.000397 1.000189 0.999012 1.000630 1.000652 1.002050 1.002215 0.997148 0.993402 0.995054 1.000863 1.001623 1.001375 1.001375 1.001281 1.001282 1.001252 
1.000678 1.000318 0.999887 1.000081 1.001685 1.000992 0.996116 1.000349 1.000097 1.001386 1.000006 1.002461 0.996860 0.998192 1.003596 1.000604 1.008884 0.998855 1.004646 1.000569 1.007093 0.999356 1.020524 0.997798 0.994924 1.000826 1.000996 1.000031 1.001446 1.000002 0.999539 0.999325 1.005957 1.004229 1.001321 1.002925 1.000329 1.000451 1.000282 1.000312 1.000667 1.001018 
1.002653 1.000995 1.001050 0.999901 1.000100 1.001503 1.017590 1.000641 0.999902 1.000347 1.001226 1.000458 1.003585 1.004506 0.998001 1.003122 1.006615 0.999901 1.042881 1.000558 1.007787 0.998683 0.986748 1.000120 1.000762 1.000054 1.001283 0.998731 0.998907 0.997443 1.000483 1.002580 0.999801 1.002711 0.999075 1.000893 1.000369 1.000491 1.000556 1.000445 1.000137 1.000120 
1.000560 1.000096 0.999812 1.000815 0.999694 1.000760 1.003155 1.000483 1.000972 0.999329 0.999057 1.002389 1.001659 0.999962 0.993090 1.002736 0.997792 0.999851 0.977054 0.998160 0.990806 1.001196 1.014776 1.004834 1.003189 1.001363 1.001353 1.002226 0.999840 0.998170 1.000494 1.000359 0.994888 0.997195 1.002010 1.000065 1.000390 1.000147 1.000314 1.000161 1.000319 1.000324 
1.001675 1.000788 0.997979 0.999868 1.001028 1.001598 1.001643 1.002114 1.001030 1.001590 0.999865 1.001346 0.998946 0.992893 0.999727 1.008165 1.014212 0.997232 0.988692 0.999669 1.017116 0.999293 1.013818 0.996925 0.996509 0.998740 1.002390 0.999421 1.000063 0.999650 0.999744 1.001280 1.009523 1.008502 1.002848 0.999525 0.999885 0.999649 0.999918 0.999743 0.999702 0.999177 
1.000839 0.999699 0.999546 1.000116 1.001127 1.000159 1.030279 1.000631 1.000476 1.000147 1.001253 0.999930 0.996760 0.999712 1.004661 1.001150 1.008578 1.001766 1.034149 0.999075 1.012373 1.000713 0.995726 0.998793 0.999513 1.001028 1.000523 1.001360 1.001496 1.000824 0.999004 0.998767 1.005277 1.004880 0.999345 1.000789 0.999820 0.999838 0.999731 0.999721 0.999813 0.999993 
1.000602 1.001401 0.999523 1.000391 0.999871 0.999518 1.007735 0.999641 0.998657 1.001017 1.000485 1.001333 1.000794 0.998149 0.996790 0.994392 1.009575 1.001719 0.971056 1.000838 0.985705 0.999813 0.989817 1.002537 0.999170 1.001631 1.002472 0.999594 0.997825 0.999614 1.000707 1.002102 1.006967 1.006478 1.004754 1.001216 1.000355 1.000587 1.000492 1.000399 1.000357 1.000227 
0.998222 0.998343 0.999027 0.998410 0.998237 0.999295 1.006601 0.998275 0.999624 0.999574 0.998241 0.999794 0.997971 1.001411 0.994789 1.000544 1.001487 1.002568 0.987573 0.999257 1.007117 0.997705 1.026365 0.997799 1.000661 0.998055 0.999746 1.001489 0.999634 1.000815 0.999446 1.000212 1.007535 1.000934 0.996239 1.000589 0.998987 0.999210 0.999054 0.999180 0.999353 1.000293 
1.000165 1.000640 0.999759 0.999294 0.999447 0.996135 0.999028 0.999184 1.001138 1.000685 0.999763 1.000482 1.000689 1.002014 0.998624 0.988312 1.005031 0.999680 0.980240 1.002257 0.990106 0.997521 1.011866 1.002687 0.997061 1.000193 0.999284 0.998980 1.000354 0.998964 1.001744 1.001930 1.004139 1.008881 0.994968 0.999204 1.000092 1.000366 1.000353 1.000532 1.000302 1.000077 
1.000307 0.999842 1.000307 1.000496 0.999970 0.999296 1.027188 1.000609 1.000982 1.001422 1.001173 1.000751 0.998487 0.996985 0.998249 1.003716 1.001345 1.000915 0.993895 1.000440 1.004439 1.000384 0.993906 0.997853 1.005655 0.999696 0.999393 1.001530 1.003459 1.001054 1.000664 1.000450 1.001179 1.000366 1.002058 0.999977 1.000409 1.000540 1.000293 1.000288 1.000185 1.000112 
1.000290 0.999858 0.999250 1.000414 0.999200 1.000357 1.003108 0.999072 0.998159 0.999746 0.999401 0.999487 0.999793 0.997634 0.994301 1.002139 0.998530 0.999293 0.980091 1.000864 0.988401 0.997675 0.997234 0.996583 0.994533 0.998969 0.999284 1.001278 1.000122 0.999979 0.999741 0.999872 0.996835 1.001415 1.004544 1.000820 0.999564 0.999508 0.999919 0.999790 0.999853 1.000443 
0.999939 0.999223 0.999683 0.999486 0.999058 0.999608 0.996014 0.998025 0.999882 0.999268 0.999790 0.997163 0.999791 0.997598 1.002262 1.001021 0.986499 1.001517 0.996866 1.001640 0.998099 1.000742 1.015092 0.998460 0.999975 0.999857 0.997680 1.000735 0.997157 0.998511 1.000399 0.998736 0.990977 0.992739 0.998517 1.000257 0.999537 0.999488 0.999612 0.999582 0.999532 0.999879 
1.000708 1.000390 0.998919 1.000257 1.000703 1.000180 0.994356 0.999834 0.999240 0.999591 1.001078 1.000993 1.000811 0.998266 0.994767 0.998485 1.001935 0.999588 1.016705 0.999376 1.004205 0.998368 0.979330 1.003066 0.997963 1.000340 1.000243 1.001559 1.000432 0.999660 1.000486 1.001493 0.997804 0.998499 1.002808 1.001006 0.999833 0.999978 0.999934 0.999823 0.999961 0.999864 
0.997909 0.998580 0.997903 0.999357 0.998555 0.997498 0.994527 0.998250 1.000095 0.998547 0.999208 0.998084 1.000020 0.997263 0.992823 0.989469 0.998263 0.998061 1.044076 1.000456 0.993162 0.998316 0.998623 0.995461 0.995259 0.998778 1.001648 1.000666 0.999455 1.002558 0.998645 0.999079 1.000107 1.002028 0.992434 1.000315 0.998958 0.999143 0.998797 0.999031 0.998978 0.999209 
0.999849 1.000549 1.000546 1.001154 0.998059 1.000142 0.995468 1.000423 0.998914 1.000164 1.001633 0.999517 1.001000 0.998233 0.988074 1.003057 0.999273 0.998319 1.018452 1.001194 1.007683 0.999397 1.045412 0.999465 0.993639 0.999025 1.000592 0.999517 0.998118 0.997477 1.000157 1.000467 0.994995 0.995503 1.009122 1.000393 0.999971 0.999733 1.000028 0.999693 0.999766 0.999269 
0.999803 1.000482 1.000164 1.001023 1.000225 1.000041 1.005146 1.000682 0.999836 1.000426 1.000681 1.002348 0.997375 0.999669 0.997496 0.999302 0.992837 1.000922 1.022323 1.001510 1.001913 0.998546 1.000059 0.998119 1.005073 0.999230 1.001717 1.000631 1.002271 0.999168 1.001305 1.000098 0.998142 0.997459 1.009348 0.999874 1.000631 1.000729 1.000551 1.000323 1.000518 1.000432 
1.000337 1.000798 1.000074 1.001395 1.000224 0.998467 0.999535 1.000045 1.003208 1.001457 1.001561 0.999674 1.002105 1.004959 1.001220 0.995165 0.996810 1.001941 1.013710 1.000932 1.017547 0.999116 1.025625 0.996440 1.000868 1.000969 1.001973 1.002216 0.999408 1.001002 1.000867 1.001603 1.000868 0.995531 0.995448 1.002590 1.001213 1.001097 1.001330 1.001378 1.001467 1.001573 
0.999074 1.000185 1.000067 1.000277 1.001754 1.001213 0.994286 1.001187 1.001890 0.999824 0.999374 0.999695 1.001481 1.002344 1.001297 1.002132 0.991720 1.000180 0.958498 1.000975 1.003926 0.997276 0.996874 0.998479 1.006011 0.999621 1.000050 1.000210 1.001601 1.003695 1.001578 1.000493 0.996011 0.996312 0.988848 0.999147 1.000723 1.000734 1.000465 1.000837 1.000461 1.000718 
1.000120 1.000640 0.999892 1.000570 1.001911 1.000400 1.005855 1.000737 1.000881 0.999890 0.999636 1.002418 1.001575 1.000478 1.004663 0.995900 0.993628 0.997115 0.977364 0.998901 0.998666 1.000900 1.009413 1.004962 0.999682 1.001640 0.999818 0.998973 0.995337 1.000045 1.000848 1.001928 1.001405 1.000519 0.994146 1.002774 1.000462 1.000172 1.000083 1.000473 1.000300 0.999773 
0.998925 0.998538 0.999210 0.998498 0.999326 0.999540 0.995463 0.998167 1.000292 0.998708 0.999381 0.996263 1.003424 1.005885 1.003567 0.996574 1.002952 0.997253 0.978887 0.998896 0.995307 0.997839 1.028549 1.000549 1.001504 0.999109 0.999790 0.999484 0.998879 1.001029 0.998588 0.998496 1.003862 1.000059 0.996685 0.998898 0.999240 0.999232 0.999161 0.999181 0.998951 0.998807 
0.999508 0.999763 0.999660 1.000127 0.999898 1.000501 1.012328 0.999354 1.001448 1.000005 1.000020 1.002758 0.999328 0.998862 0.992554 1.005536 1.012260 1.000059 0.985762 0.997886 0.988903 0.998916 1.000261 0.997338 1.000160 0.999819 1.000013 1.001628 1.003077 0.998526 0.999704 0.998945 1.003347 1.005549 1.000805 1.000272 1.000144 1.000033 1.000204 0.999949 1.000126 1.000155 
0.998374 0.999857 0.999210 0.999650 1.002106 1.002020 1.014233 1.002197 0.999701 0.998086 1.000036 1.004227 1.001004 1.006257 1.003453 0.992502 1.001373 0.999767 0.970757 0.996334 0.993541 0.998511 1.029212 0.995712 1.004208 0.999289 1.002851 0.998558 0.999178 0.999948 0.999461 1.000020 0.994798 0.996169 0.999142 0.999346 0.999798 0.999533 0.999598 0.999846 0.999981 1.000263 
0.997373 0.999488 0.999634 0.998251 0.998779 0.999876 0.994119 1.000513 1.001049 0.998448 0.997793 1.001780 1.000520 0.996456 0.994102 1.005139 0.989526 1.001520 0.979094 0.999294 1.001842 0.997168 1.019681 0.998758 0.996496 0.998719 0.999033 1.000078 1.003018 1.000444 0.999774 1.001186 0.994280 0.993412 0.997167 0.999197 0.998765 0.999136 0.998864 0.999376 0.999370 0.999819 
0.998367 0.999458 1.000489 0.999865 0.999063 0.999476 1.009955 1.000672 1.001102 1.000497 1.001295 1.000272 1.000527 1.003011 0.994901 0.993840 1.003706 0.999908 0.970236 1.000208 1.000463 0.999776 0.986586 1.002007 0.999885 1.001224 1.002477 1.000325 0.999268 1.001337 1.000335 0.998610 0.990570 0.995026 0.988447 1.000641 1.000266 1.000087 1.000416 1.000270 1.000198 1.000309 
1.000135 0.999633 0.998831 0.999089 0.999679 0.998475 1.007979 0.998976 1.000687 0.999600 0.999383 0.998852 0.998590 0.999934 1.002904 0.998368 0.988436 1.000802 1.008178 0.998448 1.005825 0.995380 1.006280 0.995347 0.997851 0.999659 0.999961 1.000673 0.997212 1.001469 0.999189 1.000119 0.994735 0.998435 1.006102 1.000323 0.999270 0.999246 0.999706 0.999555 0.999617 0.999787 
1.000668 1.000121 0.999518 1.000411 0.998793 0.998342 0.993365 0.999357 1.000147 1.000660 1.000502 0.998198 1.001837 0.998929 0.996828 1.005849 0.998371 0.999419 1.010493 1.000257 1.006773 1.000785 0.974810 0.999796 1.002353 0.999445 1.001152 0.998233 1.001884 0.997844 1.001541 1.002363 1.002045 1.001230 0.997349 0.996738 1.000106 0.999976 1.000105 1.000082 1.000129 0.999829 
0.999878 1.000526 1.000138 1.000104 0.999997 1.000593 1.012370 1.002243 1.002985 1.000296 1.000004 1.002001 0.998676 0.997861 0.996656 1.002704 0.995435 1.002420 1.010551 0.999929 0.992379 1.000619 0.999423 1.002995 0.998629 1.001376 1.001790 0.998289 0.998733 1.000401 0.999454 0.998856 0.996668 0.995833 1.000780 1.000381 1.000168 1.000257 1.000092 1.000310 0.999927 0.999736 
1.000715 0.999867 0.999574 0.999976 1.000415 1.000757 0.997682 0.999745 0.998829 0.999202 0.999625 1.000045 0.999105 0.997069 1.001985 0.995424 1.006602 0.999589 1.012648 0.999616 0.996657 0.999078 0.984321 1.000300 1.006755 0.999934 0.998586 0.998469 1.001250 0.998783 0.999162 1.001451 0.999785 0.998418 0.995933 1.000221 0.999623 0.999807 0.999690 0.999684 0.999693 0.999752 
1.000935 1.000341 0.999206 1.000177 1.002069 1.000436 1.006168 1.000886 0.997809 0.999028 0.999528 1.002105 0.999868 0.996799 1.000459 0.997394 0.998478 1.000469 1.003664 0.999158 0.987481 1.003297 0.990407 1.004812 1.001672 1.000445 1.000083 0.998792 1.001539 1.000711 0.999402 1.000736 1.004257 1.003576 0.997896 0.999659 1.000019 1.000329 1.000050 1.000163 1.000313 1.000164 
0.999744 0.999862 1.000880 1.000566 1.000786 0.999816 0.999629 0.999978 1.001098 0.999297 0.999919 1.000546 1.004043 1.001326 0.998875 0.992749 0.991253 1.001719 1.013824 1.000592 1.011432 0.999288 0.980713 0.999727 1.001076 0.999935 0.999516 1.002386 1.004139 0.999994 1.000230 0.999869 1.002649 0.998946 0.990904 1.001793 1.000497 1.000607 1.000238 1.000582 1.000593 1.000862 
0.997736 0.999892 0.999512 0.999656 0.997712 0.999149 0.997349 0.997231 0.997525 0.999236 0.997778 0.999935 0.997780 0.996067 0.990008 1.000717 0.987055 1.000743 0.954789 1.001855 0.978214 1.000527 1.004170 1.000192 1.000188 0.999471 0.998369 1.001683 0.997339 1.000407 0.999470 0.999088 0.994578 0.999905 0.999940 0.999745 0.999162 0.999366 0.999368 0.999517 0.999397 1.000155 
0.997770 0.997710 0.998408 0.998550 0.998404 0.999797 1.001038 0.999974 0.999728 0.999031 0.999670 0.998592 0.997650 1.002712 1.000232 1.009328 0.999319 0.997073 0.989082 0.999357 1.002874 0.999625 1.007856 0.996315 0.998062 0.998859 1.000379 0.998822 0.998479 0.997223 0.998998 0.997376 0.998506 0.997402 0.995861 0.997710 0.998839 0.998552 0.998659 0.998750 0.998855 0.999598 
1.001626 1.000815 0.998405 0.999823 1.001126 0.998845 1.001291 0.999215 1.002614 1.000563 0.999020 1.000956 0.997223 0.997862 1.005251 1.001275 1.000883 1.000017 0.985448 0.999545 1.003807 0.997431 1.000748 0.995173 0.993590 1.000533 1.002386 1.001774 1.002350 1.001562 0.999369 1.000752 1.004567 1.007047 1.002515 1.002391 1.000213 1.000219 1.000504 1.000445 1.000557 1.000515 
1.001937 1.001639 1.000715 1.000882 1.000976 1.004119 0.989954 1.001126 1.001152 1.000139 1.001053 1.000704 0.998275 1.001993 1.001218 1.009113 0.999197 1.000090 1.018824 0.999817 1.008515 1.001230 1.003996 1.000774 1.005380 0.999620 0.995364 1.000433 1.000343 1.001910 0.999952 1.001137 1.000709 0.999475 1.008035 0.999070 1.000420 1.000668 1.000586 1.000883 1.000669 1.000993 
1.001565 1.001058 1.000058 1.000997 1.003200 1.002089 1.001249 1.002758 1.001016 1.001187 1.000265 1.001651 0.999253 1.001273 1.002772 1.005939 1.001569 1.000097 0.989529 1.000483 0.997699 1.001435 0.994334 1.001572 1.002629 1.001461 1.001521 1.000198 1.002802 1.001161 0.999482 0.999965 1.005101 1.004996 1.007090 1.000074 1.000901 1.000869 1.000816 1.000782 1.000716 1.000800 
1.001597 1.001616 1.002055 1.001925 1.000842 1.001728 1.018401 0.999649 1.001266 1.000414 1.000831 0.999120 1.001427 1.003560 1.001488 0.999348 0.998127 1.003191 1.020659 0.999659 0.996165 1.001796 0.972667 1.004005 1.000066 1.001343 1.004011 1.001719 0.998799 1.001330 1.001176 1.001677 1.001662 1.001782 0.999090 1.001308 1.001684 1.001532 1.001538 1.001449 1.001228 1.000701 
0.998409 0.999823 1.000340 0.999536 0.999886 0.998973 1.007836 1.000232 1.000098 1.000155 1.000710 1.001535 1.002002 0.991672 0.997388 0.991589 1.011806 0.997547 0.956802 1.001346 0.977318 1.000438 0.991324 0.999311 1.003912 1.000029 1.002543 0.999681 0.997245 0.998647 0.998743 0.998426 0.993976 0.993087 0.999297 1.001459 0.999749 0.999671 0.999723 0.999698 0.999515 0.999575 
0.999557 0.999254 1.001240 0.999866 1.000653 1.001367 0.999184 0.999619 0.998551 0.998592 1.000248 0.999743 1.004522 1.001926 0.996335 0.995747 1.002272 0.999347 0.994341 0.999782 0.999670 0.999390 1.016015 1.002654 0.997480 1.001201 0.996990 1.000666 0.999036 1.001534 0.999785 1.000854 0.995901 1.000830 0.991006 1.001138 0.999752 0.999594 0.999585 0.999948 1.000024 1.000736 
1.001008 1.000168 1.000217 1.001010 1.000137 1.000740 1.001699 0.999677 0.999387 1.000092 1.000316 1.000443 0.997983 1.000150 0.997975 1.002420 0.999534 1.001782 0.990160 0.997756 1.017493 1.000205 0.989662 1.003982 0.999520 0.999647 0.997481 1.002307 1.000270 0.999273 1.000826 0.999549 1.004484 1.003480 0.998883 0.999250 1.000710 1.000361 1.000386 1.000503 1.000716 1.000651 
1.001386 0.999867 0.998325 0.999076 0.998637 1.000646 1.010145 0.999549 0.997067 1.000771 0.999801 0.999611 0.997042 0.994240 0.994659 1.001882 0.994016 0.996334 0.984517 0.999270 1.004102 1.000806 1.001969 0.999658 0.996120 0.999842 0.996701 0.998599 0.995110 0.998306 0.999420 1.000149 0.994231 0.998792 0.997021 1.001434 0.999500 0.999276 0.999623 0.999468 0.999332 0.998743 
0.999224 0.999132 1.000550 0.999174 0.999332 0.997980 0.999007 1.001105 0.999781 0.999012 0.999549 1.002062 1.002063 1.002037 1.001925 0.990469 1.001208 1.000969 1.010722 0.999284 0.995538 0.996997 0.999841 0.995662 0.994260 0.998243 0.998918 0.999928 1.000017 0.999245 1.000073 0.999349 0.998303 1.001301 0.990396 1.000894 0.999215 0.999276 0.999564 0.999654 0.999439 0.999669 
1.000743 1.000654 0.999588 1.000898 1.000745 1.001462 0.998743 0.999771 1.002084 0.999609 0.999604 0.999440 0.998274 0.998695 1.004179 1.004671 0.995474 1.002190 0.992764 0.999841 1.005726 0.999985 0.974721 0.999128 0.996579 1.000756 0.996238 0.999086 1.003215 0.999105 1.000761 1.001180 0.995480 0.996192 0.992316 1.000396 1.000320 1.000382 1.000330 1.000541 1.000675 1.000666 
1.001134 1.000383 0.998891 1.000212 1.001180 1.002996 0.998817 1.000463 0.998781 0.998934 0.999485 0.999875 1.000080 1.003481 1.006473 0.996246 0.997363 0.998277 1.053472 1.000104 1.001353 0.999872 0.979952 1.002330 1.005911 0.999810 0.998218 0.999778 1.000844 1.000761 1.000192 0.998982 1.004023 1.000023 0.990171 1.000407 1.000130 1.000223 1.000084 1.000172 1.000095 1.000120 
0.999983 1.000227 1.000132 0.999913 0.999402 0.999397 0.993283 0.999622 0.999725 1.000994 1.000211 0.998086 0.998036 1.002128 0.999216 1.000600 0.997523 1.000900 0.986028 0.998796 1.008456 1.001658 0.990286 0.999843 0.998273 0.999861 1.001644 1.001047 1.001593 1.001704 1.000354 1.000612 1.005427 1.006336 1.001395 0.999112 1.000222 1.000343 1.000335 1.000215 1.000293 1.000272 
0.999839 1.000338 0.999837 1.000723 0.999124 1.000091 1.013890 1.000261 0.998809 0.998907 1.000049 0.998678 0.998766 0.997319 1.000355 1.001971 0.996860 1.001272 1.034497 0.997258 0.995474 1.000142 1.011047 1.001648 1.002929 1.000193 1.003818 1.000610 1.001338 1.001275 0.999749 0.998203 0.997348 0.997568 0.992311 0.998847 0.999924 0.999994 1.000259 1.000255 1.000273 1.000395 
1.001467 0.999801 0.999435 1.000156 1.000006 1.000329 0.994640 0.999154 1.001816 0.998720 0.998187 1.001298 0.996334 1.001748 0.994634 0.995371 0.995364 1.001018 1.002243 0.998695 0.994170 0.999390 1.014092 0.995663 0.996647 1.000186 1.001718 1.002484 1.000997 0.999519 1.001237 1.001075 0.993674 1.000280 1.005734 0.999558 0.999121 0.999174 0.999686 0.999783 0.999733 0.999859 
0.999124 1.000192 0.999340 1.000740 0.999326 1.000459 1.025448 0.998751 1.001415 1.000243 0.999563 0.997334 0.999557 0.996090 0.998944 1.007640 0.995422 1.000657 0.962194 0.997743 1.009295 1.003268 1.024694 1.003790 0.999511 1.002267 1.003996 1.001408 0.998848 1.002959 0.999676 0.998984 1.001494 0.999804 0.999322 1.000536 1.000610 1.000259 1.000143 1.000395 1.000652 1.000711 
0.998980 1.000095 0.998440 0.998955 0.998075 0.999321 0.993558 0.998237 0.998571 0.998190 1.001286 0.998028 0.999360 0.994087 0.997249 0.997638 1.015663 1.002781 0.991048 1.001792 1.003179 0.997330 1.035203 0.995976 0.996346 1.000192 0.996891 0.999565 0.998468 1.002478 0.998399 1.000143 0.998145 0.998218 0.996563 0.998625 0.999412 0.999231 0.999203 0.999523 0.999596 0.999852 
0.999069 0.999947 1.000460 0.999987 0.999588 1.000248 0.998562 1.000211 1.001196 0.998520 0.999276 1.001144 1.001122 1.001092 0.993392 1.009545 0.986232 0.998610 1.007612 0.998237 1.005289 0.999310 0.997821 0.996917 0.996212 0.998915 0.996098 0.998928 0.999639 1.000135 0.999988 1.000635 0.992773 0.994505 0.999535 0.999953 0.999476 0.999412 0.999533 0.999721 0.999691 0.999824 
1.000448 1.000271 1.000574 1.000052 1.000747 1.002238 1.004468 1.001252 1.000224 1.001566 1.000372 1.001260 1.002009 1.000704 1.002925 1.002852 0.998801 0.998508 1.036436 0.999927 1.014657 1.001602 0.980225 0.999905 1.002574 1.000947 1.002750 1.000844 0.998478 0.998727 1.001294 0.998792 1.004861 1.003018 1.005307 1.001630 1.000106 1.000062 1.000147 1.000068 1.000269 1.000833 
0.998686 1.000779 0.999659 0.999345 0.998632 0.999035 1.010188 0.999098 1.000648 1.000629 1.000582 0.998851 0.999642 1.001031 1.002587 0.998116 1.004306 0.998414 0.994985 0.998522 1.005272 1.000139 0.997458 0.998527 0.999599 0.998707 1.003400 0.999682 0.999437 0.999512 1.000394 1.000615 1.003011 1.002757 1.002153 0.999683 1.000365 0.999937 0.999762 0.999957 0.999724 0.999388 
1.000117 1.000063 1.002114 0.999792 1.000455 1.001109 0.992667 0.999527 1.000120 0.999426 1.000308 1.000519 1.003446 1.001209 0.995024 0.996048 0.996379 1.000580 1.012032 1.000907 0.994853 0.996218 1.034119 0.997888 1.000168 0.999429 1.001376 1.000726 1.001845 1.001594 1.001088 1.001332 0.995048 0.995688 0.994077 1.000445 1.000295 1.000491 1.000227 1.000476 1.000234 1.000381 
1.000616 1.000854 1.000553 1.001405 1.001456 0.999924 0.993883 1.000737 1.001157 1.001123 1.000298 1.001663 0.999244 1.002892 1.005520 1.001263 1.003001 0.999681 0.989015 1.000329 1.008175 0.999677 1.025353 1.001424 0.997674 1.000180 1.000340 1.000277 1.003262 1.000634 1.001013 1.000678 1.003038 0.999011 1.004395 1.000247 1.000939 1.000794 1.000771 1.000666 1.000742 1.000853 
1.001026 1.000332 0.999371 1.000595 0.999437 0.999793 1.002551 1.000568 1.001646 0.998787 0.999564 0.997397 0.999535 0.997419 0.999260 1.001580 0.992606 0.998456 1.045694 1.000155 1.007046 0.998569 1.028475 0.998777 0.997258 0.998636 0.999029 0.998545 0.997673 1.001357 1.000123 0.999779 0.993619 0.990545 1.003082 0.999057 0.999926 0.999478 0.999963 0.999941 0.999697 0.999536 
1.000189 1.000350 0.998956 1.000130 0.999056 0.998905 1.002837 0.999136 0.999653 1.000140 0.999709 1.001149 0.997034 0.999492 0.994998 0.996978 1.004021 1.000327 1.007863 0.999287 1.013140 0.999342 0.988748 1.002700 0.998040 1.001148 0.995864 1.000122 0.998059 0.998648 1.000157 1.000084 1.009605 1.002263 0.996889 0.999221 0.999687 0.999640 0.999570 0.999760 0.999783 1.000242 
0.997057 0.998182 0.998191 0.997852 0.997348 0.997508 0.987498 0.998448 0.997920 0.998798 1.000108 0.998267 0.998673 0.997320 0.995967 0.989711 1.013107 0.998498 1.002954 0.998782 0.990743 0.996664 0.986411 0.995361 0.997254 0.997467 0.998456 0.997886 0.995622 0.997554 0.999679 0.998622 0.998127 0.999712 0.986847 0.998696 0.998146 0.998152 0.998150 0.998299 0.998268 0.998518 
1.000084 1.000189 1.000535 1.000980 1.002846 1.000412 1.001918 1.002869 0.999835 1.000231 1.000050 1.003741 1.003521 0.998097 0.994856 0.998065 1.011491 0.995779 0.978459 1.000999 0.999190 1.000265 1.007109 1.001456 0.998372 1.000494 1.003694 1.001002 1.002239 1.002686 1.000949 1.000128 1.003257 1.003975 0.999104 1.000759 1.000756 1.000678 1.000666 1.000339 1.000703 1.000832 
0.999127 0.998995 0.998760 0.999315 0.998145 1.000037 0.997192 0.999006 0.998713 0.999716 1.000072 0.995814 0.998401 0.997293 0.997788 0.999419 1.002311 0.999649 1.049711 1.001028 0.989290 0.997025 0.987734 0.993880 1.000045 0.999161 1.006923 1.002163 0.999390 1.001682 0.998750 1.000063 0.994818 0.995791 1.003259 0.999701 0.999356 0.999592 0.999667 0.999297 0.999282 0.999620 
1.003312 1.001905 1.001421 1.001051 1.002009 1.003866 0.997243 1.002718 1.000671 1.001993 1.001154 1.002053 0.998635 0.997272 1.001335 1.006056 0.993213 1.001237 1.064139 0.999401 0.999370 1.001630 0.990000 1.005509 1.000256 1.001597 0.999896 1.001278 1.005345 0.998901 1.002486 1.003621 1.001059 1.001143 1.007437 1.000132 1.000790 1.001556 1.001708 1.001316 1.001496 1.001863 
0.999686 0.999137 0.998146 0.998645 1.001278 1.000056 0.999785 0.999823 0.998344 0.999298 0.998419 1.000757 0.995962 0.994972 1.005555 0.998388 1.001007 0.995834 0.983080 0.997410 0.995217 1.000891 0.974836 1.000384 0.996757 0.999835 1.004435 0.998682 0.998155 0.998252 0.999422 0.998919 0.997642 0.999400 0.996994 1.002171 0.998671 0.998728 0.998734 0.998781 0.998805 0.998167 
0.999453 0.998593 1.000154 0.998693 0.999570 0.999253 1.003096 0.999902 1.000055 0.998922 1.001958 0.998949 1.001803 0.999399 1.004464 0.998462 1.009798 0.997827 1.006500 0.999310 0.995436 0.999845 0.998228 0.997121 1.004444 0.999485 0.998202 0.999051 0.998155 0.998261 0.999839 0.999182 0.992068 0.992349 0.993886 1.000235 0.999267 0.999158 0.999292 0.999468 0.999193 0.999218 
0.999613 1.000719 1.000327 0.999270 1.000384 0.999648 1.017328 1.001792 0.998742 1.001740 0.999157 1.002200 0.997992 1.000715 0.996305 1.004121 1.008812 0.999432 0.984363 1.000557 1.001964 1.000134 0.977418 0.996074 0.997902 0.999179 1.003334 0.999940 1.002491 0.999138 1.000318 0.998425 1.005696 1.011449 1.017804 0.998907 0.999640 1.000010 0.999937 0.999655 1.000233 1.000515 
0.999110 0.999868 0.999473 0.998879 0.999916 0.998504 1.014904 1.002183 1.000396 1.000011 1.000192 1.002671 0.997322 0.994851 1.002412 0.999890 0.991773 0.999581 1.008949 0.998046 0.998184 1.000047 0.997662 0.998369 1.002241 0.999244 0.998209 0.999293 1.001385 0.998868 0.999219 0.998674 0.996489 0.997990 1.001063 1.002331 0.999287 0.999496 0.999533 0.999309 0.999571 0.999595 
0.998417 0.998686 0.998518 0.999163 1.000542 1.000058 0.995558 0.999610 1.001422 0.998895 0.998562 1.001042 1.000742 1.001297 1.002692 0.995709 1.009893 0.996903 0.972958 1.002300 1.000423 0.998377 0.989101 1.000063 1.001587 1.000437 1.000654 0.998612 1.003038 0.998996 0.999737 0.998331 1.003542 1.000836 0.995810 0.999664 0.999162 0.999218 0.998933 0.999048 0.998958 0.998972 
1.001056 1.001557 1.000735 1.000687 1.001052 1.001053 0.998547 1.000165 1.004108 1.001216 1.000749 1.001862 1.000310 0.995859 0.998052 1.007632 1.004904 1.002067 0.993186 1.001499 0.996028 0.999048 1.005559 1.001412 1.004333 1.001000 0.999837 1.001141 1.001126 0.999625 1.001964 1.001892 0.997207 1.000549 1.012853 0.999403 1.001120 1.001301 1.000996 1.001106 1.000999 1.000655 
0.998673 0.999022 0.998714 0.999697 0.997782 1.000854 0.989050 0.998859 0.999442 0.998794 0.998796 0.998643 0.998880 0.998923 0.996344 1.001312 0.989850 0.996975 0.994356 0.997693 0.995988 0.999849 1.018724 0.995924 0.995230 0.999909 1.000647 0.997851 0.995674 1.000574 1.000438 0.997717 0.989282 0.988534 0.996282 1.000314 0.999333 0.999082 0.999399 0.999360 0.999305 0.999459 
1.001223 1.000159 1.000254 1.000212 1.000493 1.000009 0.994417 0.998923 1.001724 1.001427 0.999744 0.998819 0.998107 0.999653 1.008582 1.010484 1.009058 0.998247 1.000895 0.998184 1.024154 1.000684 0.985336 1.003027 0.998320 0.999492 0.999302 0.999902 0.999224 0.999925 0.999892 1.001512 1.012535 1.004298 1.007264 0.999224 1.000127 0.999846 0.999796 0.999835 1.000022 0.999308 
0.999162 1.000113 1.000534 0.999120 0.999707 0.999192 0.996727 1.000235 1.000377 0.999176 1.001228 0.999228 1.003532 1.004431 0.996724 0.999750 0.995294 0.999733 0.989795 1.000601 1.002510 0.999159 0.971522 0.998784 0.995238 1.000154 1.001194 1.000022 1.001679 1.000237 0.999030 0.997939 0.993033 0.994952 1.002929 1.002486 1.000038 0.999969 0.999827 1.000145 1.000109 1.000665 
1.000160 0.999397 1.000404 1.000803 1.001358 1.001463 1.038160 1.001168 1.000628 1.001612 1.000850 1.003054 0.998643 0.998104 1.006176 1.001265 1.009019 1.001108 1.014910 1.001873 0.993442 0.999568 1.020834 0.999092 0.996550 1.000265 0.998573 1.000449 1.003583 0.998440 1.000419 0.999482 1.005822 1.005897 1.000049 0.997651 1.000101 1.000029 1.000199 1.000130 1.000123 0.999977 
1.000528 1.001142 1.001842 1.001023 0.999841 1.001237 1.001968 1.001869 1.001265 1.000531 1.003387 1.001020 1.002351 1.000378 0.989390 1.010726 1.012559 0.998546 1.005815 0.999580 0.998176 1.002831 1.040537 1.003782 1.003189 1.002473 0.999964 1.000357 1.001167 0.999573 0.999913 1.000832 0.999082 1.003889 0.997885 1.000966 1.001191 1.001107 1.001068 1.001086 1.000919 1.001026 
1.002429 1.000429 0.999909 1.000071 1.000063 1.001672 0.993376 1.000343 1.000001 0.999375 0.999546 1.000371 0.998021 0.995549 0.997041 1.002963 1.003315 0.997786 1.037327 0.998986 0.990464 0.999113 0.992746 1.002598 1.000699 0.999521 0.999293 0.998800 0.999794 0.999841 1.000878 1.001119 0.996404 1.000174 0.997429 1.000948 0.999678 0.999886 0.999899 0.999989 0.999899 1.000133 
0.999442 0.999638 0.999381 0.999694 0.999666 1.001785 0.989640 0.998785 1.002125 1.000275 0.999658 0.998104 1.000357 1.000763 0.997289 1.008599 1.000460 0.999749 0.984269 1.002710 1.019050 0.999851 1.002961 1.000189 0.995918 0.998043 0.998556 0.999431 1.001910 1.001100 1.001093 1.000429 1.002457 1.002232 1.002266 0.999451 0.999884 0.999776 0.999447 0.999905 0.999962 0.999764 
0.998382 0.998862 0.999370 0.998595 0.995881 0.996739 0.993768 0.996792 0.998155 0.998898 0.999527 0.995768 0.996536 1.000921 0.992911 0.996156 0.998403 0.997800 1.019928 0.999455 0.991691 0.998749 1.011886 0.998585 0.999224 0.999974 1.002050 0.998611 0.996773 0.998594 0.998382 0.998308 0.990602 0.993434 0.995043 0.999730 0.998566 0.998821 0.998760 0.998648 0.998674 0.999002 
0.999307 0.999434 1.000113 0.998999 0.998984 0.999244 0.994520 1.000231 0.998987 1.001997 1.000701 0.999145 0.997739 1.003137 1.003149 1.006055 0.998954 0.999878 0.986237 1.001089 1.011791 0.999413 1.007439 0.997467 1.002963 1.000040 0.998245 1.000877 0.995980 0.998193 0.999684 0.999885 1.005942 1.001724 1.003581 0.998713 0.999567 0.999571 0.999929 0.999608 0.999643 0.999557 
1.001510 0.999322 1.001285 0.999368 1.001033 0.999562 0.994889 1.002399 0.999049 1.000635 0.999121 1.003895 1.000787 1.002035 1.001889 0.997246 1.002459 0.998965 1.001436 1.001618 0.994337 0.999373 1.013430 0.999473 1.001742 0.998924 0.999708 0.999375 0.998856 0.996948 0.999708 0.999874 1.002018 1.003897 0.996480 0.999010 0.999702 0.999475 0.999938 0.999447 0.999384 0.999379 
0.999684 1.000173 0.999944 0.999877 1.000404 0.999180 1.006345 1.000105 1.000284 1.001232 0.999748 1.000620 1.002518 1.002864 1.003621 0.998052 1.001689 0.998685 0.989638 0.999132 1.012815 0.999235 0.967419 0.997759 0.999285 1.000027 1.001687 0.999270 0.998928 1.000322 0.999841 0.998506 1.001071 1.002568 1.012183 0.999869 0.999870 0.999744 0.999744 0.999692 1.000093 1.000269 
1.000450 0.999866 1.000226 0.998792 0.999066 0.996781 1.001585 0.999873 1.000737 1.000590 0.999982 0.996633 1.000522 1.002411 0.995498 1.003400 0.993595 1.001613 1.030486 0.998406 1.011464 1.000840 1.017603 1.000200 0.999583 0.999428 0.998878 1.001643 1.003235 0.999064 0.997985 1.001115 1.000740 0.998354 1.006796 1.000752 0.999755 1.000179 0.999958 0.999841 0.999967 1.000476 
1.000189 0.999311 1.000021 0.999681 1.001072 0.999897 1.002683 1.002788 0.999817 1.001508 1.001224 1.002993 0.999853 0.995736 1.003889 1.006392 1.004079 0.999329 0.998400 1.002114 1.013844 1.001085 0.977307 1.002194 1.001616 0.999463 1.000706 0.998636 1.001590 1.000204 1.000654 0.999033 0.999831 1.002775 1.003011 0.998905 0.999480 0.999555 0.999690 0.999570 0.999767 1.000356 
0.999885 1.000233 0.999863 0.999574 0.999596 1.000783 1.000165 0.999640 0.999147 0.999753 0.999972 1.000023 0.996526 0.997245 0.999977 1.002345 0.997529 0.998435 0.987411 1.000592 0.996417 0.999594 0.969182 1.000575 1.001379 0.999154 0.999433 0.999738 1.000766 0.998215 1.000359 1.000330 0.995490 0.997016 1.010541 0.999324 0.999723 0.999839 1.000073 0.999743 0.999934 0.999677 
1.000127 1.001272 1.000138 0.999477 1.001713 0.999626 0.999796 1.002049 1.000284 1.000576 1.000486 1.002706 1.000676 0.996696 1.000307 1.000769 1.002611 0.998738 0.980965 0.999378 0.992282 1.001051 1.011394 1.003829 0.999597 1.000836 1.002907 1.002251 0.996726 1.000722 1.000548 1.002464 1.001993 1.003952 1.001499 1.000865 1.000579 1.000562 1.000449 1.000498 1.000209 0.999923 
0.999475 0.999238 0.999433 1.000405 1.000575 0.998819 1.009987 1.000614 0.999527 0.998860 0.998665 0.999559 0.993840 0.997272 1.006904 0.993878 0.993059 0.999422 1.010866 0.999410 1.000100 0.998916 0.988579 1.001230 0.994884 0.999733 1.000809 0.999863 0.999623 0.999730 0.999877 1.000479 0.996698 0.996585 0.995831 1.002394 0.999597 0.999402 0.999842 0.999671 0.999946 1.000583 
1.001967 1.001794 1.001037 1.002189 1.001344 1.001576 1.005719 0.999378 1.000428 1.002161 1.001197 0.999401 1.000000 0.999415 1.007184 1.004218 1.006498 1.000187 0.988498 1.003305 0.998291 1.001460 0.989356 1.000987 0.997823 1.000211 0.998915 0.999549 1.001764 1.001308 1.000899 0.999685 1.007525 1.006052 1.015348 1.000627 1.001242 1.001189 1.001354 1.001234 1.001277 1.000783 
0.999604 1.001551 1.000928 1.000365 0.999804 1.001465 1.008203 0.998830 1.002069 1.000773 0.999633 0.999423 1.001189 1.008015 1.005944 0.998377 0.995374 1.001507 0.972155 0.998773 1.001869 1.001355 0.977199 1.000707 1.000784 1.000132 0.999912 0.999716 1.000123 1.001245 0.999686 0.999187 1.003121 0.999981 1.005834 1.000073 1.000706 1.000867 1.000833 1.000841 1.000929 1.001026 
1.000992 0.999927 1.000164 0.999076 1.000221 0.999094 1.003366 0.999251 1.000541 1.000860 0.999248 0.998352 1.001791 0.999275 0.999539 1.004896 0.992000 0.999935 0.984559 1.000646 1.009973 1.002122 1.014353 1.004189 1.005759 1.000234 0.999174 1.001000 0.997037 1.000353 0.999238 1.000740 1.001135 1.000174 1.000194 1.000619 1.000042 1.000140 0.999993 0.999997 1.000044 1.000686 
0.998652 0.999097 1.000050 0.998694 0.998517 0.998554 0.991813 0.999582 0.998386 0.999624 0.999546 0.996079 0.999654 1.003697 1.004937 0.998122 0.990130 0.998222 0.994666 1.000540 1.010045 0.996875 0.998118 0.996845 0.998341 0.998527 1.000436 0.999541 1.000552 1.000059 0.999199 0.999846 0.997423 0.990951 0.995162 0.999038 0.999065 0.999399 0.999695 0.999406 0.999617 0.999447 
0.997820 1.000436 1.000823 1.000013 0.997643 0.998344 0.999624 0.998328 0.999773 0.999284 1.000371 0.998248 1.004302 1.003954 1.000672 0.999234 0.993626 1.001110 0.987894 0.999046 0.998939 0.999439 0.987623 0.996071 0.998435 1.000067 1.001260 1.000536 0.999341 0.999904 0.999819 1.000033 0.989598 0.990117 1.001363 1.000344 0.999953 0.999765 0.999981 0.999975 0.999946 1.000257 
1.001355 1.000654 1.000122 1.000303 1.000565 1.000048 1.010056 1.000363 1.001418 1.000370 1.000296 1.000182 0.999387 0.998055 0.999607 1.002736 1.001032 0.999679 1.023605 0.997847 0.997864 0.998711 0.981104 1.002351 0.995184 1.001382 0.997611 1.000611 1.001543 1.000286 1.000033 1.000854 1.001181 1.001066 1.003345 1.002226 1.000331 1.000573 1.000345 1.000705 1.000771 1.001239 
1.000069 0.999865 0.998553 0.999205 1.000208 0.999972 0.999324 1.001457 0.999555 0.999367 1.000287 1.004061 1.001350 1.001485 0.993901 0.994706 1.007389 0.999140 1.017798 0.999637 1.000931 0.999632 1.003945 1.001462 1.004406 1.001854 0.996800 0.997838 0.998729 0.999266 0.999848 1.000664 1.005344 1.004918 0.992528 0.997674 0.999649 0.999786 0.999445 0.999725 0.999935 1.000186 
0.999626 1.000572 1.000694 1.001474 1.000812 1.000435 0.996631 1.000422 1.000689 1.000766 1.000889 0.999272 0.998919 1.002315 1.006362 1.000341 0.991340 0.999647 0.987207 1.003319 1.014546 1.000974 1.007697 0.999930 0.999838 1.000127 0.997695 1.000525 1.001388 0.999787 1.000797 1.000412 0.998883 0.995609 0.995375 1.001513 1.000396 1.000489 1.000677 1.000383 1.000415 0.999607 
1.000666 1.001277 1.000745 1.000363 1.000792 0.998588 0.997227 1.000554 0.999534 1.000522 1.000047 1.000531 0.998408 0.998079 1.005292 1.000639 1.002371 0.999985 0.997627 1.001141 1.008554 1.001835 0.972238 1.002303 1.003445 1.000358 0.999193 0.998983 1.000533 0.997499 1.000501 1.002054 1.001986 0.996739 1.013077 1.000535 1.000219 1.000334 1.000267 1.000107 1.000378 1.000478 
0.999368 1.000259 1.000469 1.000117 1.001087 1.001255 1.002052 1.002516 1.001088 0.999966 0.999302 1.002552 1.000746 1.003492 1.003776 1.001843 0.985922 0.999090 0.987749 1.000402 0.999388 0.997518 0.992635 0.996765 1.000611 0.998949 0.998532 1.002408 1.001807 0.999844 1.000164 0.999556 0.993895 0.996358 0.996711 0.998747 1.000200 1.000167 1.000390 1.000302 1.000279 0.999894 
1.000329 0.999768 1.002446 1.001033 1.000421 1.000514 1.008303 1.000968 1.001639 1.001257 1.001160 0.999921 0.999364 1.001499 0.999624 1.002602 0.996115 1.000790 1.021328 1.001371 1.003191 0.996148 1.019252 0.997966 0.997736 0.998486 0.999172 1.000187 1.002220 1.000550 1.001967 0.998224 0.999307 1.002181 0.996588 1.000085 1.000692 1.000475 1.000499 1.000680 1.000589 1.000552 
0.999204 0.999700 1.000133 1.001740 1.000153 1.000085 1.003124 1.003077 1.000696 0.999347 1.001275 1.003171 0.998491 0.997058 0.992811 0.997998 0.997242 1.001696 1.027625 0.996090 0.998458 1.000909 0.973994 1.000801 1.004046 0.998874 0.999900 1.002656 1.005211 1.001406 1.000669 0.999276 0.994482 0.995671 0.997250 1.001173 1.000287 1.000480 1.000574 1.000471 1.000744 1.000766 
1.000341 1.000436 1.001984 1.001983 1.001971 1.002526 0.991106 1.000354 0.998198 1.000099 1.002916 0.999841 1.001814 1.001913 1.002552 1.009768 1.000195 1.001123 1.020480 1.000016 1.009255 1.001981 1.016166 1.003510 1.005039 1.001803 0.998028 1.002676 0.998134 1.002732 1.000022 1.000354 1.001632 0.999407 1.003838 1.001691 1.001350 1.001087 1.001242 1.001027 1.001168 1.001280 
1.000003 0.999748 1.000034 0.999895 1.000882 1.001200 1.008520 1.000304 0.999926 0.999350 0.999217 1.002111 0.994736 1.000326 0.998338 0.997779 1.005737 0.998769 0.988038 0.999845 0.998077 0.999246 0.979885 0.999493 0.994584 0.999435 0.998876 1.000940 0.999020 1.001704 0.998414 0.999092 1.002804 1.002175 0.991776 1.000548 0.999443 0.999635 0.999747 0.999766 0.999637 0.999781 
1.000059 0.999640 0.998659 1.000695 0.999000 0.997462 1.005370 1.000178 0.998605 0.999891 0.999689 1.000724 0.996320 0.994015 0.993149 0.994867 1.012941 1.001739 1.010356 0.999814 0.987989 1.002544 0.987285 1.003130 1.004832 0.999919 1.002306 0.999486 1.000038 0.997204 0.999492 0.999722 0.999963 1.002135 0.998685 0.999423 0.999682 0.999404 0.999579 0.999268 0.999420 0.999217 
0.999229 1.000317 1.000363 0.999772 0.998953 0.999754 0.998277 0.999292 1.001270 0.998854 0.999136 0.997955 1.002290 1.007922 1.004577 0.990102 0.997483 0.998103 1.033899 1.001441 0.994346 1.000260 1.011517 1.002406 1.001097 0.999275 0.996859 0.997677 0.998046 0.998732 0.999332 1.000132 1.002908 1.001233 0.995799 0.998938 0.999733 0.999920 0.999717 0.999891 0.999519 0.999170 
0.998957 0.998621 0.997097 0.997800 0.998441 1.002025 0.994666 0.997204 0.998450 0.999171 0.998380 0.999575 0.999135 0.994109 1.002500 1.008420 0.997719 0.997104 0.997148 1.001747 0.997166 0.995162 1.001789 0.995824 0.997057 0.998887 0.999749 0.997813 0.999856 0.998487 0.998981 0.998472 0.995778 0.998296 1.006205 1.002068 0.997991 0.998183 0.998253 0.998259 0.998554 0.998918 
1.001495 1.000316 1.000591 1.000841 1.001866 1.000052 0.990491 1.000579 1.000088 0.999481 0.998898 1.002811 0.998880 1.001488 1.012926 0.991900 0.996275 1.000358 1.012704 0.999858 0.994598 1.000841 0.995703 1.002439 1.003364 1.000557 0.997244 0.999124 1.001319 1.000954 0.999674 0.999669 1.006201 1.002262 0.995591 0.999355 1.000453 1.000385 1.000571 1.000387 1.000595 1.000406 
1.000870 0.999731 1.000997 1.000053 1.002234 0.998623 1.000057 1.002747 1.003748 1.000794 0.999189 1.005533 0.997636 1.000173 1.005655 0.990637 0.995541 0.998583 0.995058 1.001112 1.003844 0.999806 0.972298 1.003230 0.995910 1.001520 0.996122 0.998308 0.996501 0.999185 1.001235 1.000063 1.003428 1.005706 0.993515 1.000769 1.000303 1.000014 1.000040 1.000246 1.000095 0.999829 
1.000797 0.998177 0.997917 0.998617 1.000387 1.000384 1.000167 1.000729 0.999411 0.999820 0.998486 1.002038 0.999053 0.995199 0.997239 1.007310 0.997211 0.998871 1.006010 0.998825 1.002031 1.000873 1.015669 1.000027 0.999092 0.999926 0.998995 0.998824 0.999836 0.999632 0.999604 0.999091 1.001814 1.005990 0.998152 1.001731 0.998597 0.998631 0.998874 0.998860 0.998900 0.998955 
1.000790 1.000465 1.000028 1.000721 1.001405 1.001854 0.991943 1.000342 0.999459 1.000304 0.999810 1.001857 0.998379 0.990128 1.000114 0.995768 0.993495 1.000368 0.985691 0.999339 0.996732 1.001489 0.994544 0.999507 0.999628 1.000807 0.998650 1.000357 0.996563 1.002806 0.999677 0.999806 1.000539 1.000151 0.990098 1.000690 1.000338 1.000567 1.000515 1.000572 1.000761 1.001059 
1.000552 1.000300 1.001237 1.000214 1.000399 1.000647 1.008524 0.999865 1.000298 1.000375 1.001869 1.001014 1.000444 1.004703 0.999496 0.998890 1.007152 0.999852 1.034237 0.998528 1.000767 0.998501 0.990021 0.998559 0.998940 1.000312 0.997633 1.000595 0.997930 0.999827 1.000561 1.001451 1.002285 1.001202 0.993711 0.998486 1.000094 1.000127 1.000224 1.000081 0.999922 0.999404 
0.999328 1.000187 0.998958 1.000217 1.000364 1.000593 0.996726 0.998329 0.998883 0.999819 0.999400 1.000450 0.996442 0.995217 1.004046 0.998306 0.994792 1.000611 0.962398 0.999957 1.007490 0.999366 1.024969 0.997208 0.998729 0.999196 0.997828 0.999793 1.001533 0.997754 0.999184 1.000176 0.998736 0.995706 0.998375 1.001099 0.999838 0.999882 0.999624 0.999802 1.000099 1.000150 
0.999235 0.998640 0.998951 0.999750 0.998685 1.000933 1.001464 0.999322 0.998135 0.999256 1.001095 1.001825 1.001713 1.001458 0.994322 1.003386 1.006452 0.999724 1.010366 0.997700 1.003982 0.999017 1.008511 0.996079 1.000034 0.999671 0.999629 1.000010 0.995934 1.000995 0.998374 0.999277 0.996525 0.993586 0.996853 1.003372 0.999015 0.999149 0.999302 0.999266 0.999406 1.000007 
1.001238 0.998858 1.000216 0.999675 1.000203 0.999538 0.998186 1.000417 0.998557 1.000740 0.998938 1.001462 0.998151 0.999193 1.001890 1.004038 1.007043 1.001439 1.010614 1.000615 1.003073 0.996240 0.997419 0.996077 0.999639 0.998779 0.998136 1.000659 0.999238 1.000674 0.999634 0.998192 1.012318 1.009777 0.996377 0.998923 0.999395 0.999393 0.999655 0.999551 0.999434 0.999949 
1.000086 1.000249 0.999981 1.000520 1.000365 1.000960 1.003221 0.999466 1.000162 1.001342 1.000884 1.000284 1.001919 1.000497 1.002996 0.999158 1.009141 1.002667 1.000734 1.002339 1.007317 0.997254 0.993063 0.999242 0.999401 1.000235 1.000455 1.001518 1.003933 1.000815 1.000735 0.999080 1.005463 1.004181 1.001683 1.002257 1.000655 1.000501 1.000571 1.000478 1.000740 1.001065 
1.001729 1.000272 1.000758 1.000361 1.001721 1.000548 1.002963 1.001914 0.998903 1.000517 1.000199 1.000901 0.996012 0.997520 0.999697 1.001640 1.007128 0.999682 1.024449 0.997854 1.008185 0.999342 0.975725 0.998707 1.005980 1.000712 1.001839 1.000987 1.000552 1.003026 0.999145 0.998920 1.000432 0.996954 0.994937 0.999842 1.000230 1.000517 1.000443 1.000383 1.000419 1.001100 
0.999308 1.000803 1.000607 1.000055 0.997494 1.000179 0.995072 0.997753 1.001866 0.999904 1.002283 0.997417 1.004529 1.001663 0.994085 1.001124 1.011095 1.000090 0.980974 0.999863 0.995558 1.001050 1.004667 1.000700 1.001547 1.000808 0.999531 1.000257 0.999916 0.999351 1.000541 1.000287 0.998296 0.998438 1.002723 0.997874 1.000439 1.000346 1.000263 1.000571 1.000265 1.000570 
1.000881 0.999454 0.999565 1.000562 0.999780 1.000100 0.994638 1.000660 0.999520 1.000558 1.001031 1.000247 1.001699 0.994580 0.993834 1.005101 1.005492 0.999617 1.006593 1.001458 1.005224 1.001779 1.009327 1.001364 0.994842 1.000851 1.002661 0.999927 1.000760 0.999436 1.000564 0.999789 0.998857 1.000321 1.001359 0.999279 1.000261 0.999828 1.000046 0.999965 0.999943 0.999743 
1.001532 1.001099 0.999960 1.000179 1.001812 1.001123 1.002778 1.000558 1.000176 1.000135 1.000642 0.999939 0.999269 0.999430 1.007868 1.002616 1.009599 0.997362 0.995785 1.000511 0.998499 1.000243 0.980987 1.003792 0.993821 1.001208 1.000535 1.001483 0.999091 1.001203 0.999612 1.001652 1.004667 1.006748 1.007224 1.000245 1.000249 1.000236 1.000169 1.000386 1.000257 1.000104 
0.999855 1.000016 1.000193 0.999869 1.001009 1.000855 1.004527 1.002045 1.000150 1.000254 0.999333 1.003909 0.993149 1.000037 1.004236 0.995590 1.011815 0.998530 0.992165 1.002082 1.006227 0.999217 0.991571 1.000658 0.997462 1.000278 1.003159 0.998994 1.001893 1.000228 0.999504 0.998653 1.007472 1.003409 0.998486 1.001278 0.999970 0.999989 1.000060 0.999974 0.999975 0.999929 
1.001584 1.001185 1.000497 1.001654 1.000063 0.999396 1.004390 0.999666 0.998551 0.999591 1.000653 1.001498 1.001216 1.001919 0.994343 0.997309 1.002509 0.998786 1.027157 0.999470 0.986552 1.001209 0.961109 1.001037 1.008777 1.001391 0.999455 1.002465 1.004113 0.999579 1.001664 1.001198 0.994188 0.998655 1.002572 1.001081 1.000831 1.001164 1.000988 1.001043 1.001135 1.001601 
0.998071 0.999482 1.000064 0.999606 0.999164 0.998924 1.003081 0.999515 0.997220 1.000409 1.000424 1.000350 0.998658 1.004428 1.002269 0.997489 0.999400 0.998679 1.011242 1.000032 1.007438 1.001263 0.984471 0.999800 0.996473 1.000206 1.000609 0.999075 1.000059 0.999194 0.999845 0.998543 1.005766 1.004886 1.008784 0.999028 0.999034 0.999303 0.999341 0.999092 0.999517 0.999557 
1.000137 0.999990 1.001368 0.999650 1.000151 1.000040 1.012391 0.999835 0.999527 0.999847 1.001226 0.999971 1.007049 1.004732 0.999709 0.999909 0.996670 1.000004 1.014427 0.999778 1.002484 0.998048 1.014074 0.996282 0.998513 1.000969 1.001643 1.001536 1.001029 0.998606 0.999083 1.001476 0.997027 0.996517 0.995103 1.002751 1.000205 1.000055 1.000471 1.000284 1.000358 1.000991 
1.000913 1.000423 1.000182 1.000855 1.000567 1.000869 0.997866 0.999574 1.000861 1.000415 1.000683 0.997431 0.999383 1.003073 1.009106 1.001090 0.998687 1.000350 1.043503 0.996313 1.017459 1.000976 0.987786 0.998881 1.001048 0.999832 1.001093 1.001062 0.999380 1.000015 1.000265 1.000734 1.004918 0.999630 0.999642 1.000324 1.000734 1.000461 1.000546 1.000600 1.000524 1.000586 
1.001404 0.999013 0.999279 0.999199 1.001390 0.999278 0.998794 1.000655 0.999569 1.000898 0.999617 1.000906 1.000690 0.999284 1.007210 1.001491 1.007600 0.996483 1.019116 1.001103 1.000823 1.000883 0.986194 1.000869 0.994309 1.000213 1.000617 1.000741 1.000613 0.999084 1.000163 0.999556 1.008448 1.010357 1.001085 1.000188 0.999332 0.999385 0.999541 0.999252 0.999145 0.998776 
1.000268 1.001141 1.000639 1.000073 0.998109 0.999338 1.003888 0.999394 1.001443 1.001461 1.001076 1.000437 1.000949 1.001657 0.995708 0.998132 1.001213 0.999652 0.977005 0.999209 1.007035 1.000565 1.015190 1.001581 1.003010 1.001287 0.999693 0.999921 1.001021 0.999621 1.000075 0.998671 0.997837 0.996422 1.000618 1.000738 1.000563 1.000418 1.000647 1.000636 1.000632 1.000541 
0.998065 0.998242 0.999217 0.997827 0.997349 0.998473 1.005051 0.996774 0.997403 0.998195 0.998229 0.998402 0.998856 0.999407 1.003485 0.988127 0.996935 1.000753 1.027832 0.998381 0.995386 0.996937 0.998844 1.000519 0.997274 0.998524 0.996980 0.998293 0.999472 0.997543 0.999480 0.998643 1.001181 1.004079 0.994408 0.997430 0.997803 0.998034 0.997668 0.997999 0.998147 0.998611 
0.999979 0.999626 1.001025 1.000122 0.999762 0.998823 0.993788 1.000588 1.001637 0.999880 1.000136 1.000254 0.997535 0.993246 0.993784 1.003270 1.001182 0.995865 0.986594 0.999623 0.987394 1.003257 1.010848 1.002765 1.000078 1.000363 0.996597 0.999663 1.000634 0.999826 1.000128 0.999262 0.995142 0.996668 1.004200 1.000002 1.000312 1.000176 1.000333 1.000153 1.000292 1.000312 
1.000473 1.000161 0.999308 1.000042 0.998818 1.000886 1.000449 0.996537 1.001081 1.000324 0.999814 0.997477 0.994611 0.997856 1.001247 0.998061 1.003622 1.000187 1.021151 0.999828 0.993058 1.001093 0.987114 1.000758 0.998858 0.999288 1.000549 1.000792 0.998962 1.000102 0.998461 0.999603 1.003668 1.002925 1.001217 0.999492 0.999648 0.999654 0.999780 0.999763 0.999854 1.000020 
0.999752 0.999472 1.000141 1.000046 0.997145 0.999914 0.997049 0.996706 0.999857 0.999038 1.000548 0.996715 1.000323 1.002914 0.999699 0.998471 1.004440 1.001128 1.043396 1.000441 0.993746 0.999589 1.014018 0.999110 0.996767 1.000488 0.996313 0.999614 0.997974 0.997314 0.998197 1.000828 1.004680 1.001130 0.995431 1.000252 0.999265 0.999447 0.999568 0.999616 0.999505 0.999585 
1.000560 0.998971 0.999027 0.998571 1.000524 0.996690 0.994740 1.000952 1.001165 1.000851 0.999853 1.001416 1.002148 1.003307 1.000927 1.001439 1.011055 0.997061 0.984439 1.001854 1.005773 1.001461 1.010307 0.996802 1.001248 0.999356 1.000993 0.998411 0.999242 1.000351 0.999477 0.999099 1.005687 1.007163 1.005473 0.998534 0.999356 0.999262 0.999268 0.999270 0.999296 0.999332 
1.000579 0.999561 0.998813 1.000002 1.001236 1.001702 0.992324 1.001959 1.000127 0.999352 0.999249 1.000588 0.998786 0.995725 1.003358 0.996275 0.995366 0.996796 1.011664 1.000957 0.991169 0.999259 0.996292 0.996560 0.999251 0.999795 1.002542 1.000151 0.998794 1.000976 0.998950 1.000295 0.997766 0.996327 0.989714 1.000903 0.999987 1.000098 1.000211 1.000102 0.999978 0.999728 
1.000428 1.000053 1.000956 1.000576 1.000673 0.999998 1.007639 1.000349 0.998457 1.000226 1.000340 1.002342 1.004990 1.004500 1.000204 0.998519 1.000279 1.000323 0.992585 1.000319 0.989113 1.001572 1.003420 0.997389 1.003928 1.000410 0.999458 0.999874 0.998357 1.002719 0.999647 1.000014 1.003007 1.007726 0.995259 0.999216 1.000483 1.000526 1.000462 1.000375 1.000351 1.000493 
1.000863 1.000673 1.000693 1.001021 1.002304 1.004123 1.000750 0.998363 1.000842 0.999441 0.999915 1.002944 1.000571 0.999631 1.009437 0.994384 1.011161 0.998706 1.010992 0.997945 0.986111 0.999289 0.994904 1.000626 1.001874 1.001525 1.001253 0.999533 1.002726 0.999579 1.000972 1.000773 1.005133 1.003458 0.998798 1.000474 1.000498 1.000650 1.000437 1.000772 1.000756 1.001296 
0.998362 0.999083 0.999052 0.999216 0.998028 0.998138 1.009651 0.998918 0.997381 0.999596 0.999031 0.998630 0.998487 0.999189 0.998445 0.998040 1.001267 0.998533 1.003834 1.000429 0.995957 0.999324 0.999981 0.995852 1.007819 0.998375 0.999090 1.000845 0.998755 0.999899 0.998852 0.998630 1.000039 1.001985 0.999814 1.001916 0.998877 0.999175 0.999126 0.998973 0.999157 0.999899 
1.000751 0.999841 0.999678 0.999051 0.999742 0.999457 1.014316 1.000927 1.000872 1.000901 1.001019 0.997498 1.000823 1.001297 1.001690 1.004228 1.001751 0.997447 0.992304 1.001963 1.013291 1.002605 1.005921 1.002840 0.999583 0.999690 0.997994 0.998004 0.998390 0.998455 1.001048 1.001167 0.996045 0.994811 1.003509 0.998866 1.000163 0.999935 1.000137 1.000033 0.999848 0.999357 
1.000625 0.999381 0.999743 0.999812 1.000920 1.000782 1.010615 1.002014 0.999105 0.999164 1.000805 1.003030 0.999008 0.996470 0.997947 1.003350 0.996193 1.000673 1.017441 1.000391 1.003165 1.002464 1.006309 1.001830 1.000920 1.000690 1.001555 0.997715 0.999935 1.000401 0.999287 0.998728 0.998462 1.001547 1.000014 0.998145 0.999455 0.999550 0.999527 0.999533 0.999610 0.999598 
1.001051 0.999859 0.999859 1.000671 0.999744 0.998440 0.995195 1.001847 0.999448 0.999880 1.000816 1.002240 1.001342 1.003123 1.000578 0.994905 1.007963 1.000652 1.003619 0.997129 0.993623 1.001829 1.003067 0.999814 1.002615 1.000958 1.005316 0.998872 0.997560 1.000026 1.000562 0.999967 1.001674 1.000057 0.998988 1.002103 1.000205 1.000309 1.000516 1.000461 1.000410 1.000702 
1.000645 1.000771 1.002637 1.000097 1.000868 0.999348 0.996363 0.999685 1.001195 1.000101 0.999332 1.000706 1.005718 1.003159 1.007570 0.999040 0.987320 1.001535 0.985287 1.001842 0.989844 0.998557 1.008222 1.002513 1.001496 0.999549 1.000460 1.000696 1.000479 1.000502 1.000540 0.999821 0.990170 0.992198 1.007127 0.999757 1.000628 1.000552 1.000540 1.000603 1.000305 1.000306 
0.998907 0.999662 0.999273 1.000323 0.998612 0.997994 1.008470 0.998505 0.999037 1.000037 1.000261 0.997575 1.002305 1.000274 1.005518 0.993268 0.994502 0.999700 0.991175 0.998196 0.993718 1.001427 0.984481 1.003668 1.001844 1.000044 1.000324 0.997941 0.998869 0.999346 1.000041 0.998116 0.997365 1.001193 0.998660 0.999673 0.999676 0.999608 0.999580 0.999712 0.999578 0.999435 
0.999565 0.999395 0.999520 1.000407 0.999589 0.999175 1.016262 0.999917 0.999105 0.999066 0.999650 0.998532 1.001032 1.002737 1.003999 0.995787 0.996231 1.001210 1.045074 1.001666 1.005255 1.001671 1.018553 0.998970 0.995656 0.999598 0.997689 0.999505 1.000829 0.997555 0.999601 1.000215 0.998323 0.996918 0.996078 0.999531 0.999732 0.999767 0.999765 0.999714 0.999789 0.999887 
1.000481 1.000781 1.000408 1.000310 0.998849 0.998928 0.999382 0.999088 0.999633 1.000907 1.000491 0.997592 0.996230 1.001037 0.997662 1.003032 0.998716 1.001468 1.028158 0.998320 0.998818 1.001199 0.992957 1.002927 1.005831 1.001014 0.998351 1.000292 1.001414 0.997652 0.999326 0.999495 1.003474 1.003704 1.000924 1.001034 1.000273 1.000395 1.000178 1.000160 1.000191 0.999874 
0.999263 0.998743 1.000989 0.999877 1.000071 0.998769 0.999458 1.001998 0.997381 0.999142 1.001028 1.002561 1.002138 0.997800 0.993078 1.001015 0.998632 1.000155 1.047240 0.997867 0.993220 0.999676 1.036034 0.998388 0.997744 0.998976 0.999423 1.000000 0.996845 0.999324 0.999344 0.998403 0.993229 0.996658 1.002585 0.998912 0.999284 0.999321 0.999462 0.999212 0.999332 0.999378 
0.999468 1.000514 1.000946 0.999761 1.000201 0.999613 0.991200 1.000016 1.001363 0.999704 0.999328 0.997210 1.001553 1.006135 1.006918 0.993208 0.986634 0.999972 1.003559 1.001044 0.995697 0.999721 1.007235 1.000306 1.000899 0.999740 1.003482 1.000836 0.999019 1.001269 0.999970 1.001331 0.993284 0.993072 0.994925 0.999958 1.000489 1.000708 1.000637 1.000755 1.000630 1.000782 
0.999293 0.999324 0.997415 0.998975 0.999240 1.000234 1.007929 0.998959 0.999683 0.999359 0.998955 1.002835 0.998286 0.994048 0.999384 1.001264 1.004168 0.995615 1.010614 0.996920 1.002785 0.999182 1.005646 1.000462 0.999082 0.999109 0.997218 0.997517 0.995611 0.997789 1.000085 0.999911 1.000950 1.003356 0.995331 0.999091 0.998704 0.998185 0.998174 0.998548 0.998360 0.998271 
0.999937 1.001412 1.001076 0.999806 1.001612 1.001317 1.006543 1.002314 1.001322 1.000361 0.999993 1.003546 0.999312 0.999957 1.004958 0.992496 1.009289 1.000576 0.982838 1.000632 0.987787 0.998067 1.008754 0.996141 0.993022 0.999637 1.000090 1.000618 1.001746 0.998099 1.000536 1.000105 0.999551 1.001640 0.999431 0.998718 1.000330 1.000323 1.000517 1.000451 1.000222 0.999555 
0.999370 0.999084 0.999906 0.999289 0.998948 0.999639 0.997166 0.999081 0.998476 1.000238 0.999998 0.998792 0.995361 1.002911 1.005270 0.998863 1.006436 1.003132 1.013645 0.998059 1.006465 0.998757 1.022903 0.998980 0.997273 1.000123 1.002047 1.001455 1.002896 0.999915 1.000333 0.999095 1.006382 1.001322 0.997666 1.000775 0.999361 0.999600 0.999834 0.999545 0.999721 0.999668 
1.000568 1.000170 1.001188 1.000625 0.999537 1.001961 0.987564 0.999044 1.004606 0.998935 0.999519 0.998339 0.999029 0.997533 1.005009 1.006190 0.990960 0.999965 1.002896 1.000248 0.992493 0.998203 1.008173 0.997743 0.993484 0.999303 0.997435 0.998063 0.999979 0.997660 1.001314 1.001162 0.988324 0.991644 0.997968 0.998845 1.000109 0.999822 1.000007 1.000357 1.000004 0.999206 
1.002213 1.000615 1.000326 1.000794 1.001845 1.001577 1.027499 0.999181 1.000033 1.000532 1.000164 0.999916 1.001989 0.998577 1.008329 1.004573 1.002689 0.996445 0.991833 0.998346 1.000472 1.004189 1.010554 1.006342 1.000610 1.002245 0.995335 1.000383 0.998146 0.999239 0.999092 1.000197 1.009136 1.004880 1.003312 0.999260 1.000321 1.000338 1.000279 1.000514 1.000285 0.999898 
1.000483 1.001936 1.000407 1.001247 1.000808 1.001489 0.989006 0.999588 0.998269 0.999852 1.000173 0.999076 0.996523 1.007890 1.000925 0.999294 0.994033 0.998435 1.011458 0.996975 1.002077 0.999603 0.986322 1.000977 1.000783 1.001471 1.000996 1.002175 1.006306 1.001650 1.000037 0.999526 0.998486 0.997133 1.009402 1.001473 1.000863 1.001311 1.001140 1.001064 1.001439 1.001539 
1.000026 1.000936 1.000397 1.000440 1.000377 1.001643 1.000456 1.000739 1.000890 0.998936 0.999591 1.001109 1.003179 1.011817 1.002897 1.000330 0.999219 0.998145 0.989870 0.998306 1.000132 1.001508 0.978049 0.999955 0.998581 0.999543 1.001492 1.000412 1.002531 1.002498 1.000803 0.998614 0.997563 0.998033 1.012163 0.999128 1.000019 0.999966 1.000193 1.000099 1.000155 0.999723 
0.997704 0.999377 0.999629 0.999277 1.000269 0.999551 0.987238 1.001099 1.000376 1.000341 0.998631 1.000542 0.994827 0.993733 1.001894 1.002968 0.997008 0.998940 0.978930 1.001161 0.996281 0.999977 1.001904 0.999431 0.998179 0.998596 0.996648 1.001074 1.003070 0.999816 1.000135 1.001121 1.004413 1.003273 0.998536 0.997874 0.999396 0.999480 0.999414 0.999397 0.999485 0.999530 
1.000462 1.000854 1.001012 1.000680 1.001100 1.000454 0.997574 1.001942 0.999678 1.000060 1.000659 1.002509 0.999163 1.000387 1.001359 0.996749 1.000643 0.997197 1.018848 1.001779 1.002620 1.000503 0.999356 1.002391 0.996493 0.999870 0.998133 0.999318 1.002135 0.997994 1.001979 1.000954 0.997882 0.997769 1.006378 1.000310 0.999999 1.000142 1.000100 1.000159 1.000022 0.999539 
1.000388 0.999457 0.998988 0.999868 1.001132 0.999194 1.014423 1.002305 0.997403 1.001224 1.000904 1.002660 1.001316 0.995038 0.995643 0.998434 1.009232 1.000153 0.983701 0.996886 0.994887 1.000600 0.988231 1.000740 1.002153 1.001066 1.000975 0.998691 1.001090 1.000527 1.000532 0.997264 1.004662 1.006678 0.995283 0.999910 1.000286 1.000129 1.000033 1.000072 1.000240 1.000638 
0.998670 0.999388 0.998716 0.999210 0.999546 0.996454 0.985713 1.000392 1.000952 1.000310 0.998417 1.002198 1.006136 1.003223 0.994304 0.998938 1.007033 1.000055 0.954232 1.000200 1.000078 0.996929 1.018514 0.999395 0.996415 0.998666 0.999559 0.999621 1.000854 0.998215 0.999767 1.000606 1.005833 1.004550 1.007520 0.998165 0.999495 0.999353 0.998997 0.999306 0.999299 0.998960 
0.999726 0.998980 0.998515 0.998505 1.001158 0.998844 0.996781 1.001538 1.002143 0.999711 0.998505 1.001764 0.996802 0.995388 1.002311 0.993780 1.004249 0.999671 0.990526 0.999385 0.990040 1.000401 0.984431 1.001940 0.999528 1.000634 1.001848 0.995935 0.999045 1.001541 0.999040 0.996705 1.006145 1.007183 0.992654 0.998364 0.999557 0.999305 0.998985 0.999510 0.999030 0.998606 
1.002068 1.001022 1.002796 1.000720 1.002586 1.002237 1.005650 1.001185 1.001269 0.999739 0.999925 1.002147 1.003571 1.003984 1.002237 1.000307 0.990917 1.001022 1.015960 0.999643 1.000662 1.002485 0.993718 1.005468 0.998187 1.000072 0.999085 1.000560 0.999666 0.999615 1.001264 1.001394 0.999551 0.998163 1.001476 0.999145 1.000667 1.000879 1.000760 1.000725 1.000641 1.000010 
0.999898 1.000236 0.998774 0.999274 1.000534 0.998966 1.006848 0.999613 1.000582 1.000209 0.999362 1.001191 1.000470 1.004625 1.004044 0.996185 1.013868 1.001602 0.989964 0.999978 1.005124 1.001025 1.002401 0.999142 0.996486 1.000270 0.999758 0.998253 0.999308 1.000355 0.998831 1.000131 1.011016 1.007727 0.999979 1.000793 0.999822 0.999557 0.999453 0.999789 0.999701 0.999739 
1.001591 1.001351 1.000290 1.001771 1.002051 1.000259 0.998550 1.002955 0.999694 1.001765 1.001515 1.003477 1.000633 0.998649 1.001283 0.997143 1.012858 0.999828 1.021421 1.002488 1.009765 1.002892 1.026975 1.005839 0.996758 1.000819 1.001751 1.002105 1.004673 0.999780 1.000770 1.001573 1.011009 1.009577 0.999850 1.001122 1.001270 1.001244 1.001229 1.001061 1.001267 1.000999 
1.000148 1.000020 1.000185 0.999857 0.999015 1.001354 1.007289 0.997694 1.000418 0.999856 1.000964 0.997004 1.000786 1.000332 0.992406 1.005885 1.004703 1.002072 1.006765 0.999241 1.007469 0.997769 1.005318 0.999637 0.995869 1.001201 0.999472 1.000481 0.999764 1.001616 0.999647 0.999822 1.002598 1.002068 0.995812 1.000378 1.000528 1.000531 1.000208 1.000479 1.000523 1.000399 
1.003249 1.000792 1.000031 1.000704 1.001023 1.001679 1.004981 1.000862 1.001616 1.001548 1.001338 1.000088 1.003721 1.000687 1.000090 1.006370 1.005068 0.998122 1.008393 1.001164 1.015770 1.001067 0.991546 1.000614 0.998015 1.000866 1.000347 0.999023 0.997511 0.998396 1.000716 1.002321 1.005286 1.002877 1.001196 0.999251 1.000891 1.000626 1.000875 1.000725 1.000528 1.000085 
1.000924 0.999809 0.998657 0.998714 0.999476 1.000906 1.004466 0.998662 0.999113 0.999739 0.998221 0.999249 0.995718 0.993615 1.001030 0.996199 0.997378 0.998595 0.984213 0.998721 1.000539 0.998201 0.992516 0.996403 0.997954 1.000193 0.998228 0.999883 0.999602 0.997265 0.999969 1.000990 1.001568 1.001682 0.994135 1.000339 0.999358 0.999467 0.999493 0.999592 0.999559 0.999556 
1.001463 1.001282 1.000917 1.000413 1.000837 1.002512 0.998847 1.000041 1.002448 0.999769 0.999094 0.998735 1.000413 0.995783 0.999477 0.999914 0.986844 1.000746 1.009321 0.998593 1.002150 0.999504 1.017336 1.002901 0.997733 1.001016 0.997963 1.000582 1.002796 0.998973 0.999620 1.000730 0.994999 0.993492 0.996983 0.999422 1.000428 1.000619 1.000431 1.000605 1.000570 1.000365 
1.000867 1.000226 1.001114 1.000666 1.002771 1.001775 0.991787 1.004535 0.999764 1.001846 1.001627 1.003464 1.002200 0.997259 1.005596 1.008611 1.003358 0.998718 1.021428 0.999209 1.004418 1.000662 0.992108 1.001061 1.001861 1.000663 1.003498 1.000190 1.001670 1.000074 1.000801 1.003047 0.997534 1.001021 1.000342 0.997978 1.000567 1.000622 1.000876 1.000658 1.000634 1.000517 
0.999571 1.000016 0.998982 0.999354 0.999394 1.001715 0.996785 0.999272 0.998310 0.999008 0.999931 0.999409 1.000825 0.997324 1.004118 0.995474 1.000271 0.997831 1.009092 1.000783 1.003780 1.001041 1.012698 1.001044 0.999871 1.000659 1.000830 0.998760 0.999112 0.997669 1.000308 1.000891 1.007063 1.002423 0.997840 1.000913 0.999634 0.999909 0.999784 0.999862 1.000071 1.000168 
1.002598 1.000898 0.999378 1.001300 1.001969 1.000223 0.993432 1.002472 1.000846 1.000987 0.998715 1.003080 1.002042 0.994553 0.998527 0.998178 1.010058 1.002579 1.013345 1.000565 0.991665 1.000599 1.034806 0.996380 1.000679 0.999010 0.998514 1.002524 1.003800 0.999996 1.000399 1.001697 1.010766 1.011135 0.999183 0.999617 1.000422 1.000802 1.000589 1.000859 1.000980 1.001338 
0.999282 0.999541 1.000938 1.000844 0.999290 0.999681 0.993997 0.999310 0.999365 1.000001 0.999792 0.999708 0.996792 1.000621 0.996174 1.001247 1.007030 0.997370 0.985801 0.998220 0.996506 1.002090 0.996309 1.000790 0.999256 0.999208 0.999624 1.000070 0.998208 1.000528 0.999781 0.998525 1.002678 1.000858 0.997413 0.998250 0.999745 0.999704 0.999703 0.999703 0.999746 1.000053 
1.001247 0.999869 1.002033 1.000235 1.001294 1.001599 0.998382 1.000946 1.000056 0.999857 1.000313 1.003576 0.998309 1.003594 1.000241 1.006055 1.005874 0.998203 1.039589 0.999269 0.996578 1.000502 0.999032 1.000379 1.000843 1.000407 0.998438 0.998221 0.999426 1.000174 1.000443 1.000327 1.004431 1.004803 1.006009 0.998487 1.000033 1.000359 1.000214 1.000130 1.000022 0.999726 
1.000661 1.000741 0.999138 1.000884 1.002503 1.001397 1.006705 1.003057 1.001885 1.000903 1.000177 1.004280 0.999627 0.998424 1.006651 1.005673 0.998777 1.002378 1.000502 0.999540 1.010192 1.001097 1.004160 1.001668 0.997107 0.999393 1.000502 0.999263 1.000098 0.998293 1.000813 1.001640 1.006283 1.001341 1.001743 0.997809 1.000403 1.000263 1.000419 1.000278 1.000327 0.999896 
0.998030 1.000443 0.999402 1.000056 0.999085 1.001550 1.007281 0.999156 0.999561 0.999191 1.000851 1.002121 1.001447 1.002220 1.002475 0.997101 1.009766 1.000448 0.972298 1.001350 0.988398 1.001826 0.999009 1.000551 1.000661 1.001583 0.998443 0.998654 0.996403 0.997165 0.999668 0.999638 0.999373 0.998680 1.000543 1.001868 0.999846 0.999543 0.999655 0.999606 0.999705 0.999841 
1.000682 0.999891 0.998601 0.999481 1.001122 0.999699 1.013801 1.001993 1.001874 0.998884 0.999306 1.001806 0.997848 0.994428 0.996078 1.001457 1.000231 1.001163 1.010770 1.000469 0.997593 0.996938 0.978899 1.000140 1.000405 0.999596 1.000875 1.000293 1.002775 0.999642 1.000757 1.000035 0.998596 0.999248 1.001399 0.997525 0.999697 0.999958 0.999822 0.999920 1.000036 1.000543 
0.999666 0.999159 1.000097 0.999328 1.000508 1.000545 1.009321 1.000221 0.999086 1.000322 1.000247 1.001703 1.002254 1.001534 0.994681 1.000079 1.009433 1.000069 0.982959 0.997829 0.997513 1.001898 0.999969 0.998433 1.001184 1.000442 1.000762 0.999001 0.996752 1.000345 0.999159 0.999512 1.000240 1.000602 0.996736 0.997361 0.999677 0.999563 0.999543 0.999555 0.999545 0.999785 
