experiment,run,event
20,449,1549273
20,520,850915
20,521,2614121
20,521,14435225
20,643,13479498
20,644,39997552
20,644,37598166
20,644,41236229
20,644,14045634
20,644,18398414
20,644,32055917
20,644,8365830
20,644,28251519
20,644,36986261
20,644,33356158
20,648,4607722
20,648,9466857
20,649,6094973
20,649,12200402
20,649,29774422
20,649,29350057
20,649,17827763
20,649,17355039
20,649,9436136
20,649,15123117
20,649,18863888
20,651,14160418
20,651,21913428
20,652,13019371
20,652,8048093
20,652,11981363
20,652,16444620
20,654,8692141
20,654,610257
20,656,4337679
20,656,2005245
20,656,12455449
20,664,4636490
20,666,4749571
20,666,2489077
20,539,6508310
20,567,343042
20,667,11597576
20,667,4770287
20,667,4867842
20,671,3314919
20,671,3984382
20,672,941932
20,673,1929896
20,674,14228278
20,674,16181653
20,674,6251281
20,674,7417091
20,675,13256835
20,675,20729102
20,675,7103722
20,676,7848423
20,676,2037233
20,676,12861665
20,678,3669228
20,678,20466986
20,681,1992971
20,681,8300521
20,681,17636077
20,681,5529738
20,682,2595326
20,682,17494170
20,685,1628298
20,738,23294463
20,738,13794160
20,738,52321096
20,738,30656249
20,738,850367
20,748,14432178
20,748,18455148
20,570,6279616
20,749,38274902
20,749,4937390
20,749,24757502
20,749,40477124
20,750,20038127
20,750,11524554
20,750,9647360
20,750,13344373
20,759,4695666
20,760,3812140
20,761,25665047
20,762,2530568
20,762,8514969
20,763,5836859
20,764,8312496
20,764,17004986
20,765,869158
20,765,17278639
20,765,6420756
20,769,10670203
20,769,20901523
20,769,616175
20,770,2962991
20,775,1021005
20,778,2629326
20,778,10108372
20,780,2806867
20,781,1809639
20,788,64156147
20,788,28443369
20,788,22377659
20,581,167375
20,585,5594986
20,790,34043344
20,791,2717661
20,861,9479379
20,861,10144964
20,864,7890576
20,865,23181302
20,865,1542342
20,865,15785905
20,865,14467366
20,866,6562883
20,868,484751
20,868,12307840
20,868,17874989
20,869,4188472
20,871,3236878
20,871,4922092
20,871,21727332
20,871,41824733
20,871,31442180
20,871,41531757
20,871,10644523
20,871,24203257
20,871,40873108
20,872,14847788
20,872,6692545
20,872,12965572
20,872,26701839
20,874,19550600
20,874,5443220
20,874,12718881
20,594,3828788
20,897,4081286
20,897,10315372
20,900,3631921
20,906,8299192
20,916,2336940
20,923,2076973
20,926,8318461
20,926,11132017
20,928,1988485
20,931,5786810
20,933,3227732
20,934,10045504
20,934,4485039
20,936,726618
20,939,10569012
20,939,3487400
20,941,9893386
20,942,4834237
20,942,4162121
20,944,1303507
20,634,304809
20,634,5750311
20,635,3479351
20,636,5346929
20,636,5457211
20,636,1475555
20,637,3824734
20,637,19113401
20,637,28980859
20,637,13857887
20,638,26038420
20,638,16999012
20,640,1590439
20,642,17393199
20,642,570974
20,642,29402005
20,642,18697048
20,642,8050065
20,642,7194082
22,25,521640
22,25,1292298
22,171,23126366
22,171,1029756
22,171,7692284
22,171,8678595
22,172,961482
22,172,2669107
22,173,21706612
22,173,21399430
22,173,17943138
22,173,21721466
22,173,23302923
22,173,20243871
22,175,8538286
22,175,9309916
22,175,4309960
22,175,5736395
22,175,385839
22,175,5045953
22,178,2176214
22,178,2424942
22,178,2788881
22,179,2912666
22,179,21837263
22,179,20610604
22,179,21737004
22,179,9805400
22,179,13973358
22,179,2380474
22,179,16872022
22,179,19837452
22,180,87673
22,180,1021753
22,180,206710
22,181,15038
22,34,9668394
22,34,632764
22,34,11471701
22,34,2138153
22,187,20247097
22,187,9570974
22,187,7844533
22,187,1585435
22,187,10295180
22,187,3461041
22,187,12598027
22,187,24644318
22,187,24765110
22,189,3501683
22,209,9145224
22,209,2707777
22,209,5247441
22,210,26214721
22,210,38521207
22,210,39189917
22,210,24976628
22,210,30832253
22,210,6546715
22,210,24099300
22,210,16076835
22,210,36283050
22,210,28849631
22,210,7331047
22,210,14044113
22,210,25415905
22,210,28526077
22,210,1992903
22,210,12052320
22,210,35948062
22,210,29775694
22,210,37870685
22,219,1952550
22,219,14744022
22,219,17169615
22,219,21453348
22,35,3184308
22,35,4258788
22,35,2556501
22,220,14346123
22,220,881474
22,220,1218605
22,225,9702334
22,225,1489956
22,225,2494905
22,225,15164332
22,226,3060078
22,226,440574
22,227,578822
22,230,1480648
22,230,3964028
22,231,1601618
22,231,6027829
22,232,5332525
22,232,19424167
22,232,1401126
22,232,31597224
22,232,4779517
22,232,19024203
22,232,19092286
22,232,9654980
22,232,2640858
22,232,9896393
22,232,11451957
22,232,21028970
22,232,21784860
22,39,23002318
22,39,8060043
22,39,9665023
22,39,12116014
22,39,19525022
22,39,521518
22,39,9750394
22,239,5878064
22,239,24339814
22,239,7443180
22,239,21026204
22,239,12821332
22,239,5462180
22,239,10316621
22,242,5798982
22,242,4444155
22,242,3353013
22,243,5711134
22,243,3047415
22,243,4297295
22,243,5746909
22,244,5848936
22,244,4318199
22,247,4559716
22,247,16396165
22,247,39540400
22,247,33713614
22,247,37653283
22,247,28643793
22,247,15046564
22,247,31710727
22,247,25934472
22,247,29237057
22,247,26335136
22,39,13239298
22,39,13930018
22,39,4284967
22,39,18513885
22,39,12444485
22,39,10675503
22,39,18868949
22,39,10597809
22,39,14043649
22,39,5755900
22,39,13008787
22,337,2772305
22,337,2170853
22,340,2661691
22,341,7941950
22,341,7391026
22,341,4502923
22,341,17515802
22,341,7097883
22,341,21822886
22,341,1428231
22,341,21677290
22,341,13064123
22,341,10819001
22,342,4055186
22,342,18033409
22,342,9516494
22,342,16393855
22,342,19208146
22,343,3581993
22,343,6952818
22,344,180803
22,344,7623847
22,344,507738
22,344,20233549
22,344,19327577
22,344,34675072
22,344,27858106
22,344,22793075
22,344,23675845
22,344,22122462
22,344,22121277
22,344,27010999
22,344,28420643
22,353,3164086
22,353,15018872
22,40,890082
22,353,23118101
22,353,15271029
22,353,15751220
22,353,22247193
22,362,24974488
22,362,26919821
22,362,18761250
22,362,23326196
22,362,7231884
22,362,32196053
22,362,11777304
22,362,4385059
22,364,90176442
22,364,64369517
22,364,58684059
22,364,44605570
22,364,45163690
22,364,95641110
22,364,71546923
22,364,102026309
22,364,24785005
22,364,33041163
22,364,33769963
22,364,34309100
22,364,87497406
22,364,44676526
22,364,99580817
22,364,31472973
22,364,18621261
22,364,9336013
22,42,2015764
22,364,79818196
22,364,83924806
22,364,76734234
22,364,92444311
22,364,94427314
22,364,102263147
22,364,97859451
22,364,100658572
22,364,30028999
22,364,66789509
22,364,3159347
22,364,52361437
22,364,58983385
22,364,26049069
22,364,73588909
22,364,88275157
22,364,90595897
22,364,47287875
22,364,70767466
22,364,104461892
22,364,104740022
22,364,39613408
22,364,68024975
22,364,41582366
22,364,29053832
22,364,87352865
22,364,94050993
22,366,4809906
22,366,8787768
22,366,7996004
22,366,11269957
22,366,12360352
22,366,2490718
22,44,43373931
22,44,17455993
22,44,25311643
22,44,5656987
22,44,53482105
22,44,35265990
22,44,24350048
22,44,24411768
22,44,4361339
22,44,19185974
22,44,16644337
22,44,20125920
22,44,28932852
22,44,42852735
22,44,8349695
22,26,15872230
22,26,5938343
22,44,27959717
22,44,25346849
22,44,22342147
22,44,32948195
22,44,47632525
22,44,34083211
22,44,34194181
22,45,14542326
22,45,10736418
22,45,13114778
22,45,5472951
22,45,6879641
22,45,19434388
22,47,3719106
22,47,4273171
22,47,3835887
22,47,2002922
22,47,5903822
22,47,6213900
22,47,6375783
22,48,11939
22,49,14539714
22,49,321485
22,49,13274896
22,49,8148751
22,49,14745390
22,54,5716977
22,54,5422138
22,54,5816885
22,54,4514154
22,55,1487183
22,55,3066735
22,55,3098667
22,56,3566493
22,56,2056884
22,59,1286577
22,59,969993
22,59,1330663
22,60,835083
22,60,4519494
22,26,27618382
22,68,3487730
22,68,673974
22,68,5397494
22,68,11538211
22,68,12391431
22,68,2850512
22,69,29737598
22,69,32695968
22,69,3057720
22,69,9996440
22,69,7082976
22,69,28632602
22,69,8184971
22,69,20268743
22,69,21454403
22,69,30939296
22,69,30983282
22,69,18125677
22,69,17814792
22,73,1581809
22,73,3616428
22,83,294002
22,84,1969340
22,84,3057462
22,114,22281246
22,114,29245152
22,114,26233371
22,114,37584816
22,114,39531966
22,114,12469932
22,114,14328026
22,114,36614151
22,114,43300384
22,114,18879954
22,114,37071473
22,114,13761593
22,114,47316983
22,114,47924247
22,114,29382584
22,114,18973749
22,114,20331269
22,114,22128729
22,114,29894653
22,114,8386715
22,114,22769130
22,114,20526403
22,114,26149309
22,114,16899830
22,115,1694082
22,116,73715
22,117,11341368
22,118,38215468
22,118,15482426
22,118,1062924
22,118,21513893
22,118,15142617
22,118,31076380
22,118,17273296
22,118,22432982
22,118,30425528
22,118,4748498
22,118,48474156
22,118,24897558
22,118,31242858
22,118,21070026
22,119,6208713
22,119,13907707
22,119,8344778
22,119,1423580
22,119,755631
22,135,916185
22,138,1345895
22,138,4544843
22,138,3489018
22,27,4573602
22,27,4134123
22,27,1829878
22,27,3813620
22,30,14812275
22,139,62631741
22,139,57932711
22,139,20668395
22,139,55481406
22,139,53598515
22,139,24511288
22,139,24718817
22,139,17986788
22,139,3757100
22,139,3602022
22,139,67832190
22,139,52157080
22,139,24097721
22,139,36511901
22,139,13824167
22,139,32756456
22,139,37681464
22,139,59749943
22,139,16017912
22,139,62524719
22,139,28051777
22,139,43813691
22,139,48543120
22,139,33905091
22,139,14693973
22,139,28205482
22,139,53753749
22,139,38645219
22,144,4403550
22,144,8452889
22,144,2100217
22,145,4559453
22,145,2468524
22,145,2762304
22,145,5577829
22,147,4728887
22,147,1387390
22,30,20572185
22,147,9513141
22,147,4479922
22,147,9154762
22,147,18647977
22,149,5644057
22,149,9718487
22,149,4726654
22,149,602660
22,149,3135430
22,149,901947
22,149,5248525
22,149,600563
22,149,8566789
22,150,7062776
22,150,7514794
22,150,1633611
22,150,5951169
22,150,9313133
22,150,2582566
22,150,8106345
22,151,271593
22,152,2523940
22,152,3337155
22,152,24611220
22,152,25777868
22,152,10725413
22,152,14104613
22,152,9922575
22,152,10287027
22,152,26124763
22,152,15118596
22,152,12472200
22,152,14619250
22,152,10012692
22,152,13337021
22,152,16818921
22,153,3089449
22,153,4856765
22,155,10816545
22,155,2560232
22,155,76360
22,155,3506719
22,155,5571795
22,155,12546274
22,156,42996180
22,156,15251700
22,156,38061511
22,156,42574286
22,30,2019188
22,30,36893062
22,30,35959273
22,156,34149231
22,156,33767329
22,156,3531756
22,156,37228617
22,156,29029847
22,156,26473004
22,156,19881399
22,156,15087751
22,156,40532457
22,156,598515
22,156,2257965
22,156,3116105
22,156,34714043
22,157,23691046
22,157,5757666
22,157,15367848
22,157,20380119
22,157,17824599
22,157,2970418
22,157,6726573
22,157,14208981
22,157,16032347
22,158,39316177
22,158,42878888
22,158,2799488
22,158,429087
22,158,40319079
22,158,7569305
22,158,21819819
22,159,24479739
22,159,53312066
22,159,71816278
22,159,51768475
22,159,53528655
22,30,20675396
22,30,19804300
22,30,2747924
22,30,10176911
22,30,5419188
22,159,55612780
22,159,38034936
22,159,14257529
22,159,3651270
22,159,13655603
22,159,25357324
22,159,39491885
22,159,61117892
22,159,49453648
22,159,74712343
22,159,76757753
22,159,26636185
22,159,69831162
22,159,32802818
22,159,72405891
22,159,742977
22,159,37078453
22,159,23562966
22,159,39543211
22,160,5437973
22,161,4118739
22,161,1014163
22,161,5371749
22,162,6943927
22,162,8139129
22,162,16320182
22,31,95489
22,31,1521357
22,31,56438
22,32,1686366
22,32,592507
22,32,1963701
22,162,873017
22,162,1379436
22,162,18838399
22,163,7441680
22,163,2722508
22,163,6044377
22,166,2574232
22,167,2974565
22,167,2562467
22,168,10257018
22,168,535634
22,168,1399983
22,170,31326020
22,170,41740593
22,170,43196943
22,170,34913378
22,170,709707
22,170,45441530
22,170,31879016
22,170,27464870
22,170,33120873
22,170,23475722
22,170,39431320
22,170,44461658
22,170,24024887
22,171,18545734
22,171,20896792
22,171,7317116
22,34,17288017
22,34,18040788
22,34,6264053
22,34,22873652
22,371,11530290
22,371,19839945
22,371,935348
22,449,40592475
22,449,17219234
22,449,63836081
22,449,64171711
22,449,63125222
22,449,26658686
22,449,62039116
22,449,3340059
22,449,15547929
22,449,40230728
22,449,51363652
22,449,62918108
22,449,56739648
22,449,52024145
22,449,41766431
22,449,56043003
22,449,63138404
22,449,11860902
22,450,7545986
22,450,11841046
22,450,5620663
22,450,1861367
22,458,3341310
22,458,4993978
22,458,2956045
22,459,3925926
22,459,4141976
22,459,8496034
22,459,15475291
22,461,22876041
22,461,22468117
22,377,8127668
22,461,19945937
22,461,16857351
22,461,3859860
22,461,9910318
22,461,22371734
22,461,17712855
22,461,33478978
22,461,5596991
22,461,9058391
22,461,26895804
22,462,3244032
22,466,4216016
22,466,5011424
22,467,8923318
22,467,16976075
22,467,4075736
22,467,13080176
22,468,38455771
22,468,23023845
22,468,14486740
22,468,19988713
22,468,21091503
22,468,32790127
22,468,18091984
22,468,29956378
22,468,31707395
22,468,16991168
22,468,18899288
22,469,22721814
22,379,983453
22,379,1215396
22,469,15155877
22,469,9431210
22,471,58660594
22,471,55068072
22,471,148894
22,471,16438308
22,471,59064617
22,471,25678534
22,471,3097927
22,471,31543536
22,471,27605220
22,471,47128782
22,471,3997032
22,471,36678884
22,471,39100785
22,471,41147335
22,471,18811119
22,471,22408152
22,471,32824393
22,474,1684821
22,476,5460669
22,476,10322262
22,476,1649398
22,476,3147526
22,477,9627850
22,477,1438182
22,380,10015090
22,380,18441161
22,380,18344792
22,481,5353060
22,481,17722678
22,481,9468489
22,485,51398962
22,485,26588854
22,485,36401518
22,485,41274015
22,485,21627142
22,485,582890
22,485,44966282
22,485,44653625
22,485,42211272
22,485,56765503
22,485,56943683
22,485,9029532
22,485,6722197
22,485,24881552
22,485,58296615
22,485,31423649
22,487,1963681
22,490,4765184
22,490,21120988
22,490,13833495
22,490,2323336
22,490,4757576
22,490,17449331
22,490,15558527
22,490,15692353
22,490,22482286
22,490,9091535
22,490,9869275
22,492,2424280
22,492,9308158
22,492,10402858
22,380,13453974
22,380,6479985
22,380,8004462
22,497,3307483
22,499,13980663
22,499,5565171
22,499,6642991
22,499,1963302
22,499,15184558
22,499,15967430
22,499,18703990
22,499,21660066
22,500,13289365
22,500,2756317
22,500,19304119
22,500,21897762
22,500,22571632
22,500,14429691
22,500,18822531
22,502,12991308
22,502,13217898
22,502,3332964
22,502,11532651
22,502,23919017
22,502,21688942
22,502,6795455
22,502,9952142
22,502,21108068
22,502,19939482
22,502,19447238
22,502,9659996
22,502,20734350
22,502,19504833
22,511,3812414
22,511,7113114
22,511,183226
22,512,1196951
22,512,6018613
22,518,3314552
22,518,14544222
22,518,14523306
22,518,643823
22,518,2144657
22,518,159059
22,518,21530
22,518,13866815
22,381,10685900
22,381,17539584
22,381,23751193
22,518,17661813
22,520,5212484
22,521,40696156
22,521,1335765
22,521,28280307
22,521,10287204
22,521,40607889
22,521,41429987
22,521,33235367
22,521,42549780
22,521,9006210
22,521,14929503
22,521,34595870
22,521,34676880
22,521,13461095
22,521,10324928
22,521,2332161
22,522,11924832
22,523,5720179
22,523,11730587
22,523,4719546
22,524,6425770
22,525,18248048
22,525,8672603
22,525,2153197
22,525,20102109
22,525,41571
22,381,6469874
22,526,3211146
22,526,4452587
22,526,3314874
22,526,518945
22,535,10510090
22,535,31683450
22,535,5072601
22,535,25614845
22,535,5337376
22,535,33931675
22,535,35699936
22,535,2115880
22,543,4986853
22,543,8644653
22,544,1652826
22,544,1383907
22,545,19458094
22,545,12481304
22,545,23223420
22,545,21742978
22,545,22322912
22,545,17369843
22,545,16373759
22,545,3749326
22,546,5878764
22,546,4331770
22,547,6135783
22,547,19875134
22,547,11835041
22,547,2774649
22,547,8052162
22,547,5550707
22,547,1192111
22,547,32608374
22,547,1436247
22,381,22064277
22,381,26364522
22,381,20735672
22,381,16043910
22,381,17731750
22,381,20050656
22,381,4189013
22,547,22483630
22,547,13719956
22,550,12023355
22,550,39924289
22,550,35724610
22,550,6036596
22,550,38196103
22,550,21393664
22,550,33071237
22,550,10543762
22,550,23280218
22,550,15743870
22,550,1627566
22,550,3857519
22,550,35138553
22,551,34704973
22,551,18230434
22,551,46302952
22,551,19952920
22,551,19133522
22,551,51379112
22,551,7489250
22,551,50193950
22,551,1700147
22,551,23119024
22,551,58686638
22,551,273930
22,552,17204136
22,552,19848776
22,552,13929262
22,552,16501995
22,552,21877351
22,552,19769470
22,552,1156263
22,552,21370179
22,552,22731740
22,552,12895499
22,552,17742707
22,382,28101644
22,382,23451420
22,382,38602783
22,382,2212314
22,382,37656287
22,382,21857446
22,382,19726365
22,382,27758956
22,382,14213780
22,382,14229320
22,553,6055509
22,553,10594161
22,553,4280977
22,553,3935656
22,555,1431687
22,555,6079527
22,555,6436352
22,555,7094803
22,556,2287699
22,557,23128068
22,557,22175468
22,557,6635341
22,557,12306980
22,557,26094632
22,557,6497338
22,557,23231179
22,557,12419343
22,557,12678393
22,557,12748597
22,557,7132769
22,557,2582489
22,557,10776152
22,557,19421479
22,557,18684723
22,558,18736159
22,558,17100654
22,558,8449584
22,558,10196495
22,560,608680
22,565,1663676
22,565,1715596
22,566,35413321
22,566,4916733
22,566,13730266
22,566,42368212
22,566,44509012
22,566,30550652
22,566,53454083
22,566,37654507
22,566,16560514
22,566,6275530
22,566,19073273
22,382,11783941
22,382,9378236
22,382,20335897
22,382,24617917
22,382,25341738
22,566,36656472
22,566,25962146
22,566,31375540
22,566,31362350
22,566,4522628
22,568,8993461
22,568,27096473
22,568,4679476
22,568,1114623
22,568,3782063
22,568,11454396
22,568,24701742
22,568,19189774
22,568,31366943
22,568,13071155
22,569,9321912
22,569,12459962
22,569,2267978
22,569,11574197
22,571,1126264
22,571,14062605
22,571,15610865
22,571,30587508
22,571,29586955
22,571,13335876
22,571,13490706
22,571,13395367
22,571,18100336
22,571,33654262
22,571,9608469
22,573,3094694
22,574,12878664
22,574,16838989
22,574,17105369
22,382,35419266
22,371,14522181
22,371,19409508
22,371,21661611
22,574,7308779
22,574,11000949
22,574,11455849
22,574,15167131
22,574,6766945
22,574,8700925
22,574,10985785
22,574,3505796
22,575,687162
22,575,1187065
22,575,1833423
22,576,4952795
22,576,267498
22,576,2026778
22,576,1563933
22,576,7429737
22,576,2512983
22,576,5615404
22,576,6962516
22,577,16338309
22,578,4270161
22,578,11581000
22,578,20405785
22,578,22420653
22,578,11515911
22,578,11640354
22,578,9746258
22,579,5128161
22,580,8447688
22,580,13341796
22,580,10933012
22,580,6156485
22,580,15492794
22,580,10030244
22,383,18068208
22,383,3388994
22,383,4561834
22,383,23189239
22,581,12030680
22,581,21219960
22,581,12797705
22,581,16625751
22,581,1896775
22,581,504900
22,581,30247719
22,584,10397981
22,584,7730432
22,584,4862395
22,584,13205061
22,584,11405890
22,584,10780044
22,584,9468213
22,590,3126962
22,590,16332631
22,590,11396268
22,590,13418491
22,590,3427693
22,590,2072260
22,590,13248393
22,590,12442737
22,591,5972268
22,591,895750
22,592,33677312
22,592,12822748
22,592,49400265
22,592,8023846
22,592,10382717
22,592,15256646
22,592,54367982
22,592,34581412
22,592,3738880
22,592,46240266
22,592,25743570
22,593,679327
22,593,6636364
22,594,25731645
22,594,3862062
22,594,4154021
22,594,21826265
22,594,35893319
22,594,25524190
22,594,15668127
22,594,5667965
22,594,6490900
22,594,11797109
22,594,14377126
22,594,1792155
22,595,94950261
22,595,122261664
22,595,35608036
22,595,21682624
22,595,21667454
22,595,84693249
22,595,80769727
22,595,25909257
22,595,33486240
22,595,93735659
22,595,19475015
22,595,93550354
22,595,324178
22,595,22978570
22,595,71281957
22,595,46327823
22,595,51208383
22,595,96133947
22,595,118376062
22,595,39472732
22,595,22900336
22,595,58647988
22,383,750123
22,383,3112713
22,383,880052
22,384,221704
22,385,57278
22,385,711148
22,595,41293074
22,595,61573432
22,595,70436985
22,595,8816534
22,595,51924719
22,595,200556
22,595,112419306
22,595,129274473
22,595,129744883
22,595,80267192
22,596,6177001
22,596,2750828
22,596,4785906
22,597,423424
22,598,15265505
22,598,34384607
22,598,2329841
22,598,35150959
22,598,13185274
22,598,23330723
22,598,6718927
22,599,22797969
22,599,15422886
22,599,16068136
22,599,5924478
22,386,26565383
22,386,27995548
22,386,8520591
22,386,4993610
22,386,24535844
22,600,9448126
22,600,13202255
22,600,4435763
22,600,4837813
22,600,8857911
22,600,10840621
22,600,29396315
22,602,244338
22,604,20361422
22,604,7245892
22,604,13083311
22,604,5224723
22,604,19920771
22,604,3867454
22,604,8215934
22,604,28538698
22,604,22046679
22,604,4484251
22,605,11847048
22,605,2825486
22,605,5331263
22,605,6700298
22,606,4631521
22,606,9596163
22,610,2317371
22,610,8185496
22,610,14399785
22,610,12918099
22,610,2763299
22,611,6196345
22,611,3630841
22,611,45498522
22,386,22069240
22,386,8674428
22,611,9285909
22,611,9769839
22,611,67403811
22,611,39204336
22,611,43521639
22,611,38779532
22,611,17140150
22,611,7755431
22,611,61426279
22,611,60274613
22,611,5424987
22,611,42347175
22,611,32862021
22,611,48724963
22,614,33899628
22,614,1833128
22,614,12883469
22,614,31533966
22,614,20207553
22,614,18339816
22,615,18489347
22,615,17378651
22,615,12802068
22,615,4349538
22,615,6090608
22,615,7390184
22,615,12134425
22,620,8355975
22,620,9137845
22,620,1191583
22,620,952674
22,620,14908019
22,621,7128729
22,621,3516866
22,621,12808991
22,622,3610856
22,622,7032798
22,622,2637762
22,622,2920110
22,623,19632157
22,623,12472033
22,623,4103579
22,623,17625600
22,623,12450269
22,643,409524
22,646,803482
22,646,15154425
22,646,6262741
22,646,6995605
22,646,10513722
22,646,2174738
22,646,1500115
22,646,13680491
22,647,19344036
22,647,22044911
22,647,1467869
22,647,22901295
22,647,24413932
22,647,9280949
22,647,15433639
22,647,24907853
22,647,28159949
22,647,7541390
22,647,1457406
22,647,23584519
22,647,20735272
22,387,8215746
22,387,21176055
22,387,21935609
22,387,21124247
22,648,2459315
22,648,731862
22,648,737604
22,682,4280115
22,682,805181
22,687,11360447
22,687,17602868
22,687,4570319
22,687,7468564
22,687,22599659
22,687,410227
22,687,17559807
22,687,8034447
22,687,19485590
22,687,14776054
22,688,9051248
22,688,8091537
22,688,2623724
22,688,3592902
22,691,384492
22,691,1034896
22,691,5206751
22,691,5205949
22,691,5299129
22,691,15072500
22,691,3530626
22,691,4010026
22,691,18158253
22,692,119540
22,692,4578856
22,692,7249364
22,721,1031967
22,722,11028792
22,387,14041387
22,387,22198596
22,387,22521136
22,722,9557936
22,722,1714884
22,722,31375482
22,722,40409875
22,722,22678763
22,722,29976658
22,722,30880988
22,722,22382814
22,722,47969494
22,722,32558476
22,722,36020480
22,723,25989764
22,723,27536504
22,723,7675045
22,723,34423827
22,723,18299908
22,723,62800143
22,723,21658727
22,723,46813794
22,723,926347
22,723,51798439
22,723,52874209
22,723,1029974
22,723,22327612
22,723,2355928
22,723,57055694
22,723,23716209
22,723,17983707
22,723,5449241
22,723,12923160
22,723,20952182
22,723,57543521
22,396,14434605
22,396,27962642
22,396,25798402
22,372,5189180
22,372,3848276
22,372,158742
22,396,8373230
22,396,3788191
22,396,44577382
22,396,8442346
22,396,13036721
22,396,41684466
22,396,7185989
22,396,23107773
22,396,51359676
22,396,24636389
22,396,27557708
22,396,29625111
22,396,12396654
22,396,26486541
22,396,38541706
22,396,38505908
22,396,13139828
22,396,74403346
22,396,38519830
22,397,1982627
22,397,2899099
22,398,1550616
22,398,2473599
22,398,2698879
22,398,31692337
22,398,42553625
22,398,38050205
22,398,38138671
22,398,21540778
22,398,47296543
22,398,35094902
22,398,400825
22,398,33132704
22,398,24680572
22,398,29774652
22,398,5439642
22,398,48032302
22,398,11189029
22,398,1365898
22,398,10583954
22,398,15667358
22,398,34764543
22,373,29538501
22,373,34474339
22,373,2944766
22,398,11887680
22,398,6854895
22,398,18140973
22,398,25749513
22,398,44780929
22,401,4814326
22,401,9629195
22,401,1102173
22,401,4188467
22,401,3365712
22,401,10700462
22,402,25455265
22,402,52455309
22,402,40058648
22,402,38366508
22,402,19364297
22,402,26367080
22,402,57106222
22,402,39536664
22,402,55745395
22,402,61807633
22,402,54567480
22,402,13567302
22,402,50460074
22,402,16971159
22,373,31423786
22,373,42702937
22,373,53924376
22,373,22432463
22,402,31985213
22,402,38543845
22,402,12195813
22,402,55051641
22,402,13963606
22,403,29903726
22,403,30940456
22,403,29010667
22,403,31787060
22,403,27363075
22,403,12716585
22,403,12571669
22,403,35152460
22,403,29600842
22,403,32771574
22,403,20009598
22,403,15023664
22,404,8855388
22,404,6218347
22,404,8285040
22,406,40535591
22,406,24018209
22,406,52504162
22,406,70217685
22,406,67919278
22,406,8208119
22,406,70417154
22,406,43741523
22,406,43430222
22,406,58094194
22,406,238172
22,406,4142472
22,406,31425203
22,406,79149152
22,406,5712696
22,406,41856877
22,406,84348884
22,406,50766046
22,406,19862208
22,406,20342842
22,406,58010170
22,406,3914943
22,406,30537468
22,406,1473094
22,406,73312138
22,406,58870479
22,406,79082995
22,406,75214985
22,406,44684891
22,406,58767747
22,406,868570
22,406,1401780
22,406,30442344
22,407,19678398
22,407,3790626
22,408,487819
22,409,3628356
22,409,4405872
22,412,2551411
22,413,349445
22,413,23059902
22,413,24368093
22,413,39982261
22,413,30188159
22,413,34652650
22,413,9910462
22,413,4098896
22,373,54838577
22,373,5164304
22,373,9932314
22,373,23264511
22,373,24782271
22,414,9213361
22,414,2152212
22,414,11892923
22,415,13445014
22,415,3494228
22,415,10538826
22,415,11328856
22,415,6823520
22,415,3554261
22,415,15445982
22,415,7004174
22,416,962711
22,416,10493062
22,416,12071914
22,416,6051053
22,417,20773453
22,417,23384773
22,417,14980501
22,417,16830627
22,417,17488996
22,417,12951834
22,417,25424557
22,417,6441811
22,417,14996103
22,418,3218568
22,418,3753837
22,419,16379597
22,419,7107837
22,419,7057529
22,419,7198659
22,419,5294323
22,419,7364940
22,422,3785480
22,427,859977
22,429,13381270
22,373,48100784
22,373,45821213
22,373,56448947
22,429,17981382
22,429,25962843
22,429,20143103
22,429,5663864
22,429,6997364
22,429,9050495
22,429,19716764
22,429,21793336
22,429,12501186
22,429,12979891
22,431,9098343
22,431,2646443
22,431,5827084
22,431,10364387
22,433,6767498
22,433,1237330
22,434,1271268
22,434,767290
22,434,3202270
22,436,22336047
22,436,27522594
22,436,20859299
22,436,25687833
22,437,3265876
22,437,9542989
22,437,3540593
22,437,5767193
22,438,21692177
22,438,37976727
22,438,52700821
22,373,62216976
22,373,11332374
22,373,68364117
22,438,26460780
22,438,30007144
22,438,1025732
22,438,28359683
22,438,32354366
22,438,14333393
22,440,816222
22,440,9622605
22,440,7372967
22,440,3046023
22,440,539490
22,446,21782695
22,446,16589484
22,446,7270556
22,446,44336697
22,446,31628143
22,446,19474098
22,446,27477508
22,446,3411015
22,446,25775166
22,446,22613319
22,446,10837465
22,446,11076035
22,446,5368372
22,446,15103183
22,446,31262441
22,446,3153348
22,446,2866341
22,446,18574006
22,447,11525039
22,447,14703946
22,447,4916590
22,449,55252440
22,449,884362
22,449,8489010
22,449,61640131
22,449,63504145
22,449,5010124
22,449,53998308
22,377,23815891
22,377,28824891
22,377,29887981
24,794,3047352
24,794,5300586
24,866,44580121
24,866,8353308
24,866,44627070
24,866,49645990
24,866,35293956
24,866,57919671
24,867,9230330
24,867,11793600
24,867,22417154
24,867,26169283
24,867,13609967
24,867,15332366
24,867,9300445
24,867,12382565
24,867,9652377
24,867,10824969
24,867,11921189
24,867,28386914
24,867,29081494
24,867,30733395
24,868,6222378
24,868,11621026
24,868,14106226
24,868,11381825
24,868,875339
24,868,9056738
24,868,11349428
24,868,12273129
24,869,11030735
24,869,22751
24,869,12899505
24,869,17753725
24,869,4021140
24,869,11891934
24,869,17174039
24,806,28869674
24,806,35500881
24,870,4062102
24,870,3746929
24,870,6878786
24,870,1570395
24,870,5281555
24,871,481086
24,871,1073107
24,872,4362143
24,872,30753739
24,872,3638674
24,872,11958744
24,872,22568924
24,872,19915867
24,872,6829945
24,872,18108682
24,872,34235901
24,872,31856036
24,872,31241833
24,872,30463162
24,873,7106561
24,873,7320221
24,873,11071956
24,873,9137095
24,873,13244294
24,876,7552041
24,876,11288341
24,876,33535730
24,876,18813992
24,876,28204036
24,876,32113706
24,876,32730506
24,876,33243256
24,876,8218082
24,876,10676802
24,876,28139137
24,876,12770118
24,876,16246708
24,876,17803458
24,876,18413221
24,876,33248358
24,806,40011187
24,806,10806022
24,806,11976522
24,806,30962504
24,806,34745814
24,876,1534388
24,877,1946061
24,877,5958948
24,878,11293710
24,878,353423
24,878,12002130
24,878,18635783
24,878,23260643
24,878,16239088
24,878,13625384
24,878,4386477
24,878,8892291
24,878,15981876
24,878,20028476
24,878,20113785
24,878,23678342
24,878,30895994
24,878,29849539
24,878,32075386
24,878,27101951
24,878,29230501
24,878,26620618
24,879,1602486
24,879,2977656
24,881,16999406
24,881,24675206
24,881,15245425
24,881,9691031
24,881,18146543
24,881,9945274
24,881,15894400
24,881,6119372
24,881,10269832
24,881,2808270
24,881,6503040
24,881,24023749
24,881,25390229
24,881,27801499
24,881,31602639
24,881,18074928
24,881,2913855
24,881,857946
24,881,10713916
24,881,38744712
24,806,33964288
24,806,33345520
24,806,23152703
24,806,22880742
24,806,28924142
24,881,4253167
24,881,32455861
24,881,25250512
24,881,25290284
24,883,13944905
24,883,18088208
24,883,24798658
24,883,7993171
24,883,12717077
24,883,14067027
24,883,19578751
24,883,17322834
24,883,28040093
24,883,29270821
24,883,31252264
24,883,7447882
24,883,8208704
24,883,5644055
24,883,1608247
24,884,15713031
24,884,2311292
24,884,1556958
24,884,5729923
24,884,5475916
24,884,438495
24,884,15495899
24,884,15816259
24,884,56631
24,886,218360
24,888,3638917
24,890,2773354
24,890,12498224
24,890,3792611
24,890,9150331
24,890,10909071
24,890,5946680
24,807,6595639
24,807,2103097
24,914,15987229
24,914,7506489
24,914,16386560
24,914,20513995
24,914,6267970
24,914,8579098
24,914,9944798
24,916,11821955
24,916,15573176
24,916,9445791
24,916,19948390
24,916,23779809
24,916,23920843
24,916,23778956
24,916,19877339
24,916,7269444
24,916,9531894
24,916,805648
24,916,14030813
24,916,21832563
24,916,23458103
24,916,4264366
24,916,10389116
24,917,36747899
24,917,1909434
24,917,30131060
24,917,13531275
24,917,1635663
24,917,28006893
24,917,12687768
24,917,443960
24,917,35759588
24,917,36218478
24,917,37545562
24,917,23922911
24,917,221478
24,917,22005612
24,917,6330776
24,808,48114688
24,808,9245745
24,808,18132112
24,808,19376622
24,808,14652087
24,808,16044487
24,808,37579096
24,808,39139236
24,917,26895972
24,918,2999899
24,918,8856249
24,918,7571804
24,918,1201121
24,918,8534291
24,918,21026018
24,918,40923405
24,918,39189669
24,918,41968307
24,918,22101306
24,918,23034206
24,918,30154768
24,918,1453170
24,918,21917061
24,918,29014350
24,918,39636252
24,918,9232238
24,918,10041058
24,918,23506517
24,918,26389417
24,919,3279700
24,919,16299887
24,919,17845351
24,919,4008613
24,919,7583583
24,924,2148218
24,925,1988355
24,925,1689356
24,925,1654183
24,925,1184651
24,926,37614056
24,926,36769580
24,926,37815760
24,926,37116527
24,808,36488319
24,808,6266426
24,808,15485668
24,808,30410570
24,808,56397246
24,926,12523043
24,926,14929229
24,926,21256079
24,926,761665
24,926,28160755
24,926,4248160
24,926,19366348
24,926,4811504
24,926,9146544
24,926,1427671
24,926,23195580
24,926,15001566
24,926,23859556
24,926,35081386
24,926,18296784
24,928,9926849
24,928,6506536
24,928,8809446
24,928,1364827
24,928,3526267
24,928,2651592
24,928,11391122
24,929,35871664
24,929,31453982
24,929,12179175
24,929,14303533
24,929,19073013
24,929,19604023
24,929,9903060
24,929,2268815
24,929,5745647
24,929,11126027
24,929,16739334
24,929,7529066
24,929,11014661
24,929,10580513
24,929,30428126
24,929,11325304
24,929,31288201
24,929,34080051
24,929,27832250
24,931,17775065
24,931,10961819
24,931,4917542
24,931,18030620
24,931,2683416
24,931,19943883
24,931,22745893
24,931,21433884
24,931,8128020
24,932,84890898
24,932,56751865
24,932,84644229
24,932,48493504
24,932,74095713
24,932,43472327
24,932,45012887
24,932,1901086
24,932,18537915
24,932,70402452
24,932,71754292
24,932,73933497
24,932,59747366
24,932,22617334
24,932,16576151
24,932,50918418
24,932,42965855
24,932,11068909
24,932,38068077
24,932,63450298
24,932,69666788
24,932,41150860
24,932,4928765
24,932,56043042
24,932,88065102
24,932,20893042
24,932,69360227
24,932,9416498
24,932,84431772
24,932,84956712
24,932,69907759
24,932,35888389
24,932,87976365
24,932,4349811
24,932,68605861
24,932,1891172
24,932,59425364
24,932,17518334
24,932,71554201
24,932,75456171
24,932,62754130
24,932,88955823
24,808,12865424
24,808,55592115
24,932,26714841
24,932,54394299
24,932,38037810
24,933,5385464
24,933,1646847
24,934,2020719
24,935,16970495
24,935,26624419
24,935,12135743
24,935,13986920
24,935,7978736
24,935,5437212
24,935,9230641
24,935,21947499
24,938,18034185
24,938,20574225
24,938,15420120
24,938,15766130
24,938,10492031
24,938,770715
24,938,11203065
24,938,11343555
24,938,12583277
24,938,15414161
24,938,7050633
24,938,1881014
24,808,46111224
24,808,40744437
24,940,18986150
24,940,18657908
24,940,15282329
24,940,13455455
24,940,911574
24,940,9538980
24,940,16359811
24,940,4380706
24,940,9910923
24,940,11516371
24,941,681410
24,941,1776690
24,941,1948160
24,941,22008910
24,941,3935888
24,941,14512416
24,941,10405326
24,941,18180651
24,941,21444951
24,941,10048945
24,941,25268559
24,941,19535778
24,941,16156964
24,941,28414964
24,941,29964364
24,941,27245461
24,941,12766245
24,941,28999068
24,942,4913139
24,942,9475299
24,943,726987
24,947,25477739
24,947,12138126
24,947,6910516
24,947,12221254
24,808,47635363
24,795,7797399
24,947,41322563
24,947,38783340
24,947,740791
24,947,43205252
24,947,3678969
24,947,37076282
24,947,19507733
24,947,797217
24,947,16569294
24,947,15932378
24,947,5747698
24,947,6746518
24,947,13137765
24,947,15348925
24,947,20670545
24,947,30222474
24,947,28889686
24,947,33714496
24,947,4461583
24,947,10254393
24,948,122042
24,948,4649406
24,948,8021112
24,948,7648193
24,948,1839294
24,948,4852454
24,949,3054850
24,952,1867905
24,952,2012735
24,952,2641476
24,952,9528688
24,952,6700666
24,952,7258941
24,952,3363018
24,953,24604044
24,953,24795954
24,953,19336047
24,953,13807769
24,953,15886399
24,953,22133459
24,953,33249529
24,953,10736444
24,953,8147123
24,953,9428883
24,953,30512461
24,808,24453228
24,808,26737668
24,809,18991641
24,809,20101780
24,809,22343920
24,809,20821954
24,953,33367643
24,953,24697928
24,953,2973776
24,953,11511496
24,953,30016446
24,953,31176076
24,953,29717327
24,953,1508128
24,953,26137092
24,953,32203482
24,953,7724275
24,953,9514365
24,953,36741480
24,955,15230234
24,955,18270422
24,955,2993723
24,955,9340480
24,955,10463547
24,955,15224760
24,955,486389
24,955,13694045
24,956,24701739
24,956,69398048
24,956,63771023
24,956,1003663
24,956,33688346
24,956,53105948
24,956,55310058
24,956,59139688
24,956,62310539
24,956,17554586
24,956,19042731
24,956,42026327
24,956,43839000
24,956,52670204
24,956,35282582
24,956,43333211
24,956,45445721
24,956,68393289
24,956,39838118
24,809,8029497
24,809,722170
24,956,53454679
24,956,43954512
24,956,12267943
24,956,14365433
24,956,67810470
24,956,70002950
24,956,45447373
24,956,25304531
24,956,69777404
24,965,6192382
24,965,10970605
24,965,9578756
24,965,2500027
24,965,10565999
24,965,3860823
24,965,1740694
24,967,1674705
24,967,3087595
24,967,539297
24,967,3173232
24,967,2573620
24,980,8877147
24,980,14428213
24,980,14562225
24,980,12875018
24,980,8685740
24,980,17016020
24,980,17534840
24,981,6508155
24,981,1054399
24,983,16468214
24,983,17073614
24,983,28577025
24,983,29183745
24,983,23073383
24,983,24805336
24,983,8113205
24,983,33414304
24,983,34439039
24,983,9935237
24,983,10800147
24,809,40291
24,809,3432788
24,809,7170063
24,983,32006341
24,983,16759096
24,983,38670336
24,983,26053072
24,983,39056191
24,983,9406556
24,983,2688524
24,984,6333798
24,984,6062579
24,984,5625032
24,985,22684426
24,985,64524766
24,985,15145567
24,985,16658137
24,985,63681505
24,985,17182915
24,985,9809493
24,985,21199900
24,985,22759790
24,985,5890068
24,985,13972438
24,985,14315518
24,985,46839644
24,985,17255632
24,985,44042875
24,985,64419580
24,985,65980170
24,985,68314420
24,985,4699276
24,985,4865036
24,985,5729596
24,985,51828143
24,985,40995137
24,985,50054787
24,985,50359617
24,985,11259118
24,985,38299393
24,985,30428564
24,985,33183594
24,985,42159512
24,985,43204780
24,985,58547988
24,811,6642594
24,811,424580
24,811,4804753
24,811,5248707
24,811,3462188
24,811,3697388
24,811,683626
24,811,3065291
24,985,62926836
24,985,46361398
24,985,30068692
24,985,38829407
24,985,65245727
24,985,24659309
24,985,29066649
24,985,33513349
24,985,22042985
24,985,17550617
24,985,6697229
24,985,40110995
24,985,51656155
24,988,5836292
24,988,3422216
24,988,8298060
24,989,5906962
24,989,6332908
24,990,18976598
24,990,1317470
24,990,9472387
24,990,2483233
24,990,14442907
24,990,21816557
24,990,9155704
24,990,17197053
24,990,438608
24,990,4546346
24,990,21659686
24,990,22179450
24,990,22846070
24,990,6770699
24,990,9535409
24,990,12937011
24,990,15703711
24,990,21577511
24,990,24261804
24,990,25167306
24,992,11777552
24,992,32732016
24,992,3777120
24,992,23564716
24,992,16550025
24,992,11271666
24,992,12753813
24,992,19878224
24,992,34413928
24,992,27753157
24,992,40385724
24,992,39186263
24,992,42447363
24,992,44180433
24,992,995921
24,992,3743881
24,992,8728221
24,992,42189585
24,992,8572835
24,992,9410949
24,992,4662564
24,992,13015114
24,813,9030108
24,813,1342927
24,813,5976520
24,813,10576600
24,813,10023341
24,992,21146610
24,992,23237039
24,992,35425419
24,992,34654795
24,992,29996530
24,992,39533357
24,992,21266177
24,992,30178922
24,994,1940115
24,994,7938155
24,994,35150372
24,994,32399291
24,994,34693031
24,994,1869612
24,994,26361563
24,994,35697323
24,994,27224137
24,994,28320737
24,994,28845117
24,994,30418667
24,994,13541036
24,994,359343
24,994,14028153
24,994,29190129
24,994,27530034
24,994,3905718
24,994,14539895
24,994,681396
24,994,27561895
24,994,28838695
24,995,3976610
24,995,12117940
24,995,2421639
24,995,10191512
24,995,13304468
24,995,13628203
24,995,15108753
24,995,10121116
24,995,11557366
24,995,10322909
24,996,4355530
24,996,4174802
24,996,11098512
24,996,8739593
24,996,18050942
24,996,20940292
24,996,22062428
24,996,23844218
24,996,19196301
24,996,23928367
24,813,10376455
24,813,22074950
24,813,20935054
24,813,17930737
24,813,29546009
24,996,29031478
24,996,16893396
24,996,18409856
24,997,14789634
24,997,10544815
24,997,4438787
24,997,9913881
24,997,11133988
24,997,5310603
24,998,5778167
24,998,10612287
24,998,936959
24,998,4604409
24,998,23824035
24,998,14269220
24,998,18968330
24,998,16685281
24,998,14107099
24,998,22363249
24,998,2020662
24,998,6216060
24,998,26108213
24,998,26828450
24,813,27757607
24,813,27161202
24,813,23602188
24,813,24278038
24,814,20063545
24,814,24134405
24,814,20892887
24,814,4049142
24,814,33330611
24,814,50619401
24,814,19516564
24,814,25593232
24,814,27276862
24,814,27354672
24,814,18584926
24,814,40047210
24,796,11859659
24,796,4101137
24,796,8256407
24,796,4690186
24,814,39432462
24,814,829595
24,814,30157239
24,814,34725609
24,814,10372264
24,814,46971165
24,814,23084274
24,814,28023234
24,814,35022232
24,814,43640662
24,814,27021137
24,814,14402889
24,814,14527499
24,814,21206310
24,814,678026
24,815,2642746
24,816,19520233
24,816,24448673
24,816,20232771
24,816,4945663
24,816,6003193
24,816,23109797
24,816,13543058
24,816,13171042
24,816,5378127
24,816,20619469
24,816,945786
24,816,4647496
24,817,14246030
24,817,9510729
24,818,16642088
24,798,11395124
24,798,13689734
24,798,22328584
24,798,11389085
24,798,19104749
24,798,1728791
24,798,16738470
24,818,7027072
24,818,11467542
24,818,3446148
24,818,7218235
24,818,3189959
24,820,1844571
24,821,44250568
24,821,13808010
24,821,23312670
24,821,45240826
24,821,47587676
24,821,24104547
24,821,24860625
24,821,33598025
24,821,36048745
24,821,37198427
24,821,26853421
24,821,11968541
24,821,40216104
24,821,5537332
24,821,18894588
24,821,38679821
24,821,30593410
24,821,42885742
24,821,15335173
24,821,206528
24,821,7169068
24,823,3513249
24,823,10147783
24,823,4573204
24,823,5880912
24,823,7831782
24,825,26710941
24,825,25691066
24,825,20639319
24,825,22715880
24,798,11589256
24,798,19597353
24,798,27524305
24,798,27469088
24,798,28789018
24,798,27226827
24,800,10565898
24,825,3421558
24,825,2454343
24,825,2895531
24,825,7876921
24,825,7422236
24,825,18042348
24,825,23388025
24,829,42998497
24,829,41400754
24,829,43442904
24,829,28030457
24,829,30718567
24,829,34366162
24,829,37654702
24,829,36310746
24,829,7066349
24,829,27481883
24,829,19305802
24,829,3162806
24,829,13760566
24,829,15025946
24,829,41858908
24,829,16983155
24,829,22673485
24,829,26631075
24,829,5210545
24,829,7353775
24,829,27593294
24,829,31531514
24,829,36936244
24,829,6083748
24,829,23605211
24,829,40855889
24,829,31001129
24,829,21129308
24,829,1456880
24,829,5579640
24,829,11679080
24,829,3046984
24,830,8808785
24,830,30934785
24,830,43212975
24,830,45936502
24,830,47664291
24,830,33967228
24,830,2749620
24,830,9917700
24,830,11108050
24,830,7320428
24,830,35654772
24,830,40047209
24,830,42027379
24,830,42697949
24,830,7370596
24,830,17251082
24,830,11696477
24,830,37212487
24,800,6672057
24,800,3425523
24,800,3092354
24,800,1504609
24,800,6824332
24,800,7742021
24,800,13479896
24,800,10652674
24,800,7426225
24,834,2081108
24,834,6979507
24,834,8566470
24,835,778935
24,835,4438808
24,835,1910589
24,837,3286528
24,837,4356382
24,837,7119995
24,838,9250141
24,838,3752374
24,838,11692672
24,838,927409
24,838,6309690
24,838,4308606
24,838,12268846
24,838,13319707
24,838,4335105
24,838,10420515
24,849,1392482
24,850,8969468
24,850,12585698
24,850,11969831
24,850,8393236
24,850,12808186
24,850,16023760
24,850,16283190
24,850,17251370
24,850,4550945
24,850,7524955
24,850,2029117
24,851,61192445
24,851,16551781
24,851,37420840
24,851,38095030
24,851,32870987
24,851,17415942
24,851,44802782
24,851,45375677
24,851,49567067
24,851,25444259
24,851,43954918
24,851,346714
24,851,8139014
24,851,48490101
24,851,28676238
24,851,25661683
24,851,33555545
24,802,11759850
24,802,559506
24,802,8892546
24,802,6575608
24,802,10147022
24,802,1178297
24,802,4466187
24,851,18034504
24,851,22721414
24,851,36865513
24,851,59196038
24,851,34190348
24,851,5545999
24,851,63967792
24,851,53308269
24,851,15719657
24,851,40031484
24,851,15763435
24,851,30336001
24,851,36843291
24,854,4409265
24,854,8008186
24,854,4212372
24,855,7778824
24,855,19041684
24,855,24315854
24,855,28764252
24,855,42846122
24,855,24017582
24,855,35454420
24,855,36563043
24,855,1438690
24,855,27998425
24,855,41703370
24,855,25683202
24,855,26935342
24,855,40072732
24,855,31341873
24,855,14829839
24,855,38686746
24,855,19764087
24,855,21142517
24,855,33004623
24,855,44789637
24,805,2572627
24,805,5566129
24,805,3025575
24,805,9419272
24,855,1598262
24,855,9383201
24,855,12667361
24,855,1464897
24,855,34157175
24,857,3243168
24,858,3658512
24,858,12485762
24,858,52111712
24,858,43700344
24,858,45320534
24,858,26569423
24,858,52714774
24,858,1703159
24,858,9315176
24,858,13003985
24,858,15782115
24,858,15113501
24,858,35542093
24,858,49951279
24,858,46197742
24,858,50711982
24,858,41752809
24,858,48982657
24,858,37827307
24,858,37933157
24,858,8388197
24,858,27747919
24,858,50607451
24,858,32665980
24,858,23086985
24,858,1805300
24,858,3538200
24,858,5567130
24,858,2139118
24,858,8708168
24,858,9299628
24,858,36964615
24,858,50248208
24,858,56420678
24,859,24524461
24,859,3169886
24,859,12736886
24,806,41239709
24,806,16553336
24,859,38797684
24,859,17335118
24,859,18006478
24,859,19906848
24,859,20579738
24,859,36585248
24,859,17087177
24,859,23166477
24,859,24352127
24,859,25324507
24,859,3272800
24,859,12697558
24,859,31998323
24,864,4622538
24,864,3725262
24,864,5155320
24,866,15501554
24,866,12625272
24,866,13539922
24,866,37874597
24,866,41331397
24,866,7899101
24,866,10157871
24,866,31857888
24,866,38098458
24,866,38826988
24,866,29515647
24,866,30902397
24,866,7529916
24,866,34614341
24,866,262512
24,866,52433115
24,866,44045066
24,866,14527667
24,1126,212627
24,1128,215791
24,1128,907853
24,1129,1751508
24,1130,313595
24,1130,49588
24,1132,144563
24,1133,154354
24,1236,10435249
24,1236,6585414
24,1236,2957675
24,1236,5708227
24,1236,4755671
24,1236,5105911
24,1236,8702911
24,1236,14461223
24,1236,11297416
24,1236,7146009
24,1236,2071612
24,1236,8443692
24,1238,6738054
24,1238,3414162
24,1238,278503
24,1238,8881666
24,1238,3684020
24,1238,7065460
24,1238,1041639
24,1238,1448639
24,1238,1753848
24,1238,1318446
24,1239,713072
24,1239,1494632
24,1239,1055678
24,1242,602373
24,1243,1685487
24,1243,2100329
24,1244,2929417
24,1244,4433213
24,1245,6231300
24,1245,1820654
24,1245,14060658
24,1245,12659755
24,1245,8027926
24,1245,7074301
24,1245,3948124
24,1245,3682512
24,1245,7464702
24,1246,14798900
24,1246,5753876
24,1247,1199769
24,1247,3140477
24,1248,16964861
24,1154,11265403
24,1154,694514
24,1156,5989629
24,1156,7314261
24,1156,6180942
24,1156,3818355
24,1248,1997581
24,1248,13980454
24,1248,4374629
24,1248,5049018
24,1248,8899158
24,1248,1421856
24,1248,10711916
24,1249,2665364
24,1250,8116646
24,1250,9309820
24,1252,5755076
24,1252,1183532
24,1252,1297092
24,1252,726388
24,1253,858509
24,1253,6703849
24,1253,1226775
24,1253,6816995
24,1253,5126736
24,1253,4810692
24,1254,64668
24,1254,1252244
24,1255,8562845
24,1255,5631007
24,1255,2923270
24,1255,5411499
24,1255,6486189
24,1257,11159968
24,1257,10673325
24,1257,627323
24,1257,5561823
24,1257,1771597
24,1258,9597425
24,1258,8386092
24,1259,16276543
24,1157,4104316
24,1259,7749574
24,1259,18958894
24,1259,8216713
24,1259,451391
24,1260,793842
24,1261,41996286
24,1261,23115292
24,1261,5170400
24,1261,7726070
24,1261,7885940
24,1261,4602716
24,1261,8885756
24,1261,21517665
24,1261,22245993
24,1261,12275187
24,1261,41081765
24,1261,21665724
24,1261,9029021
24,1262,9332978
24,1262,4534375
24,1262,7249715
24,1262,2109901
24,1263,14799621
24,1263,18454161
24,1263,19024221
24,1263,16134445
24,1263,17151035
24,1263,34797861
24,1263,29802075
24,1263,32554745
24,1263,29078354
24,1158,3547844
24,1158,3124939
24,1158,4460029
24,1263,20387186
24,1263,15110388
24,1263,16574788
24,1263,34154533
24,1263,22318402
24,1263,19086560
24,1263,1387182
24,1263,5858342
24,1263,6801272
24,1263,11174222
24,1263,498576
24,1263,11227986
24,1264,740933
24,1265,2831195
24,1265,3409433
24,1266,5193186
24,1266,13719202
24,1266,4796875
24,1266,14200497
24,1266,18502377
24,1266,7350334
24,1266,553968
24,1266,13198024
24,1266,16264634
24,1266,19495194
24,1266,17288735
24,1266,11565401
24,1266,16806779
24,1266,14226871
24,1266,483060
24,1267,3400653
24,1267,5613982
24,1267,4882091
24,1267,6993631
24,1267,261012
24,1267,5135278
24,1269,5044803
24,1269,8495983
24,1269,8641673
24,1269,2787932
24,1269,27408858
24,1269,27778566
24,1269,26549755
24,1162,4709749
24,1162,25467313
24,1162,16486235
24,1269,1096029
24,1269,17229555
24,1269,10773641
24,1269,7511804
24,1271,4720898
24,1271,11833108
24,1271,3132973
24,1271,16079438
24,1271,7680422
24,1271,658540
24,1271,11333280
24,1271,6350935
24,1271,16414515
24,1271,4244254
24,1272,1261375
24,1272,4319885
24,1272,8362120
24,1272,8514120
24,1272,7575967
24,1272,4015249
24,1272,6330199
24,1272,9215769
24,1272,9301378
24,1272,8724301
24,1272,9340821
24,1272,4233252
24,1273,1806756
24,1273,2140510
24,1274,44769249
24,1274,9532492
24,1274,5329812
24,1274,22375818
24,1274,1721269
24,1274,41700732
24,1274,45049032
24,1274,2431702
24,1274,23603785
24,1274,11654524
24,1274,33955332
24,1274,16543566
24,1274,39746403
24,1274,7333485
24,1162,483830
24,1162,9355500
24,1162,14941597
24,1162,6627894
24,1275,14327100
24,1275,7926189
24,1275,15545989
24,1275,16412791
24,1275,2064400
24,1275,5503184
24,1275,1647783
24,1276,13295423
24,1276,14110443
24,1276,23753943
24,1276,7308234
24,1276,7836796
24,1276,14555148
24,1276,16865828
24,1276,18792162
24,1276,21692522
24,1276,30326451
24,1276,2428493
24,1276,23248431
24,1276,28011103
24,1276,34390973
24,1276,12319491
24,1276,11189352
24,1276,33893928
24,1276,36451698
24,1277,3719555
24,1277,20153584
24,1277,20487584
24,1277,19564338
24,1277,24019951
24,1277,11945946
24,1277,13099195
24,1277,22471685
24,1277,9710863
24,1277,11753583
24,1277,28681480
24,1277,10384290
24,1277,5509912
24,1277,13879740
24,1278,462313
24,1278,1960740
24,1278,1371379
24,1278,5842835
24,1162,16175871
24,1162,73878
24,1162,15448130
24,1162,21782250
24,1279,2996834
24,1279,8942901
24,1280,5253992
24,1280,2338248
24,1282,884264
24,1284,2851920
24,1285,587554
24,1286,962995
24,1288,2445384
24,1288,4555182
24,1289,13092241
24,1289,13708811
24,1289,18653677
24,1289,1831433
24,1289,3170910
24,1289,9339730
24,1289,12590645
24,1289,14534645
24,1289,15964055
24,1292,22197706
24,1292,12770711
24,1292,13090770
24,1292,16610485
24,1292,23161673
24,1292,14224957
24,1292,23499578
24,1292,26623292
24,1292,10702568
24,1292,3721259
24,1293,10152381
24,1163,2203782
24,1163,4601177
24,1163,1837120
24,1163,3822740
24,1164,2417721
24,1165,1600746
24,1293,10131362
24,1293,10326468
24,1293,11962530
24,1293,8032507
24,1294,631152
24,1294,5013239
24,1294,142215
24,1294,6029955
24,1297,2107035
24,1297,2153023
24,1297,1946040
24,1298,1961328
24,1299,1761757
24,1299,3191507
24,1299,12319417
24,1299,37940771
24,1299,29307799
24,1299,13736091
24,1299,14363741
24,1299,20117621
24,1299,36738168
24,1299,36310809
24,1299,9519934
24,1299,31110315
24,1300,1191250
24,1302,6043799
24,1302,1874305
24,1302,8983815
24,1302,6581486
24,1166,2279852
24,1166,3159313
24,1303,55632907
24,1303,61991234
24,1303,62205534
24,1303,20798734
24,1303,73377465
24,1303,64041906
24,1303,50359066
24,1303,72319118
24,1303,3186240
24,1303,9282570
24,1303,31077255
24,1303,34294786
24,1303,18998615
24,1303,66880733
24,1303,57408053
24,1303,10740283
24,1303,2693681
24,1303,64746642
24,1303,7517375
24,1303,8955055
24,1303,18994483
24,1303,39772080
24,1303,38389523
24,1303,39272853
24,1303,70564977
24,1303,19757256
24,1303,34231947
24,1303,36944537
24,1303,39007787
24,1303,69060844
24,1303,60532470
24,1306,134270
24,1307,8161725
24,1307,6786891
24,1170,3139666
24,1170,3220910
24,1308,2216863
24,1309,4150198
24,1309,4978818
24,1314,189597
24,1316,445169
24,1327,2317540
24,1328,26473313
24,1328,31925983
24,1328,33218346
24,1328,14566281
24,1328,20735031
24,1328,20770308
24,1328,34422747
24,1328,22702464
24,1328,6924306
24,1328,11337386
24,1328,1872680
24,1328,34268634
24,1328,28265015
24,1329,5326412
24,1331,97426
24,1331,7072730
24,1331,8580139
24,1331,1119634
24,1331,601108
24,1331,2348238
24,1332,14149994
24,1332,9235374
24,1171,8551570
24,1171,11456054
24,1171,5083825
24,1171,13315268
24,1332,12184435
24,1333,8073011
24,1333,19098812
24,1333,21037752
24,1333,18183448
24,1333,19896318
24,1333,23170544
24,1333,98506
24,1333,10495108
24,1333,7767334
24,1333,15883279
24,1333,18317860
24,1333,6928242
24,1333,9084493
24,1334,8421862
24,1334,5703454
24,1334,5026966
24,1334,5334235
24,1335,1531334
24,1336,6295147
24,1336,8489407
24,1336,3785233
24,1336,7539513
24,1336,2448059
24,1336,3689349
24,1336,8330324
24,1337,2413521
24,1337,3260630
24,1337,1031111
24,1338,1141741
24,1340,2439092
24,1342,2115001
24,1342,2096908
24,1344,20809243
24,1344,18317451
24,1344,22747058
24,1344,25773614
24,1344,13563502
24,1344,14133072
24,1171,8395523
24,1171,8614803
24,1171,5145632
24,1171,10079002
24,1344,2636980
24,1344,13743504
24,1344,1173475
24,1344,3612596
24,1347,5044623
24,1385,1882953
24,1385,2891384
24,1385,2617480
24,1385,22659
24,1385,654249
24,1385,1860701
24,1385,2811411
24,1396,1805591
24,1396,2267106
24,1397,1923057
24,1397,2755087
24,1397,3944316
24,1397,346842
24,1397,7365982
24,1397,929900
24,1397,12303170
24,1398,6024943
24,1398,4622294
24,1398,5092891
24,1398,4382
24,1399,1841239
24,1399,2634217
24,1400,13111632
24,1400,6606776
24,1400,420367
24,1400,8874087
24,1400,520
24,1400,8059548
24,1400,8360088
24,1401,14214994
24,1401,751230
24,1401,12158970
24,1401,10105464
24,1401,7419748
24,1401,23306725
24,1401,19010217
24,1401,23767587
24,1401,5559872
24,1401,23582226
24,1401,6898739
24,1401,14010290
24,1172,10202782
24,1172,757753
24,1172,3238073
24,1172,15691279
24,1172,2430944
24,1402,2896838
24,1402,5855649
24,1404,11058499
24,1404,250493
24,1404,495175
24,1404,11460435
24,1405,3781735
24,1405,4673075
24,1405,5513900
24,1405,3403044
24,1407,21853755
24,1407,22283835
24,1407,22308725
24,1407,12725879
24,1407,17598379
24,1407,19677319
24,1407,10612951
24,1407,12023812
24,1407,25054527
24,1407,1735520
24,1407,14536466
24,1407,18990246
24,1408,2672681
24,1408,6574651
24,1408,13521621
24,1408,12714149
24,1408,5480765
24,1408,11310492
24,1445,7255777
24,1445,3757733
24,1445,6656703
24,1445,5421090
24,1446,3584371
24,1446,4232361
24,1446,4828305
24,1172,7281737
24,1172,10564831
24,1447,56282046
24,1447,35066704
24,1447,40937975
24,1447,43879805
24,1447,44095135
24,1447,26709842
24,1447,48382937
24,1447,73518814
24,1447,27423811
24,1447,44723019
24,1447,67108609
24,1447,57406644
24,1447,32027646
24,1447,52607893
24,1447,1973168
24,1447,28238659
24,1447,5275443
24,1447,18951617
24,1447,674619
24,1447,37440180
24,1447,41137730
24,1447,51847380
24,1447,53175980
24,1447,2456046
24,1447,11581606
24,1447,28848083
24,1447,38365493
24,1447,41826798
24,1447,52694335
24,1447,62778805
24,1447,13309579
24,1449,7821237
24,1449,722634
24,1450,1285385
24,1450,1510175
24,1450,2444709
24,1452,1846911
24,1454,2003970
24,1454,800399
24,1175,1948720
24,1175,3915130
24,1175,4514450
24,1175,6444962
24,1175,177141
24,1175,4059201
24,1175,1179538
24,1455,4255458
24,1455,3559242
24,1456,2912414
24,1457,15734
24,1459,4996050
24,1459,2116966
24,1460,4540543
24,1460,3444335
24,1460,4858702
24,1460,733506
24,1176,11727304
24,1176,1741253
24,1176,4559136
24,1178,5239014
24,1178,6222607
24,1178,1143603
24,1178,7552898
24,1179,19157225
24,1179,7779049
24,1179,1293421
24,1179,25489383
24,1179,4718824
24,1179,10008614
24,1179,19180506
24,1179,19548956
24,1179,504212
24,1179,503207
24,1179,26154761
24,1179,11600576
24,1180,16467326
24,1180,4232453
24,1180,9739759
24,1180,19185449
24,1180,4454089
24,1146,8144473
24,1146,10232429
24,1146,5800531
24,1146,1696262
24,1146,4050452
24,1146,5271552
24,1146,4026015
24,1146,3378946
24,1181,9496320
24,1181,26026572
24,1181,34904127
24,1181,20587110
24,1181,31875773
24,1181,15882974
24,1181,27512584
24,1181,3985629
24,1181,13426979
24,1181,11115282
24,1181,26453109
24,1181,10138117
24,1181,3915415
24,1181,17567896
24,1181,25115157
24,1183,8188346
24,1183,210429
24,1184,17206837
24,1184,32219194
24,1184,43205024
24,1184,22733319
24,1184,76068599
24,1184,73032054
24,1184,35274959
24,1184,55926655
24,1184,21265990
24,1184,27968666
24,1184,29294296
24,1184,71932412
24,1184,11521989
24,1184,35176235
24,1184,37329035
24,1184,66991609
24,1184,57239386
24,1184,1923246
24,1184,49054610
24,1184,50878470
24,1184,42848449
24,1184,49187135
24,1184,3543137
24,1184,3845867
24,1184,4711057
24,1184,49468547
24,1184,34254416
24,1184,42117638
24,1184,31623392
24,1184,33717812
24,1184,37685832
24,1184,26980858
24,1184,24216802
24,1184,29638202
24,1147,1593608
24,1147,1193876
24,1147,3319966
24,1147,904963
24,1184,71535558
24,1184,49473601
24,1184,52202713
24,1184,1272658
24,1184,29855334
24,1185,4618
24,1189,4786093
24,1189,7841799
24,1189,2071577
24,1189,10367108
24,1191,24161021
24,1191,5006083
24,1191,10030922
24,1191,20775344
24,1191,14268395
24,1191,8928760
24,1191,12435570
24,1191,10887909
24,1191,24921480
24,1191,29357449
24,1191,29883629
24,1191,26628388
24,1191,27376236
24,1193,10830030
24,1193,22643751
24,1193,22887130
24,1193,10898221
24,1193,12358394
24,1193,275265
24,1193,1528675
24,1193,10346365
24,1193,4377418
24,1193,8221318
24,1193,16792128
24,1193,29581067
24,1193,20628924
24,1193,15391602
24,1193,13745339
24,1194,21296901
24,1194,9190976
24,1194,23467874
24,1194,2739765
24,1194,14682458
24,1194,20802950
24,1194,12294081
24,1194,23617652
24,1194,2812983
24,1195,32019257
24,1195,34976257
24,1195,42012477
24,1195,42660737
24,1195,5794242
24,1195,10702372
24,1195,24673024
24,1195,41327751
24,1195,30816556
24,1195,39561166
24,1195,25839342
24,1195,33189469
24,1195,35892339
24,1195,41539289
24,1195,5352700
24,1195,7368910
24,1195,8049230
24,1195,19343941
24,1148,899342
24,1148,10859004
24,1148,5889670
24,1196,2319061
24,1196,1674318
24,1196,63784
24,1196,594447
24,1203,10853483
24,1203,11119733
24,1203,37791529
24,1203,30665181
24,1203,4481570
24,1203,11248780
24,1203,19055964
24,1203,31386362
24,1203,30188917
24,1203,43812236
24,1203,41784040
24,1203,43804698
24,1203,15390333
24,1203,25539153
24,1203,5529848
24,1203,31835344
24,1203,40662597
24,1203,43806453
24,1205,8161152
24,1205,1253293
24,1205,2592080
24,1205,2998406
24,1206,21144675
24,1206,12064494
24,1206,888457
24,1206,23575249
24,1149,407101
24,1206,9874823
24,1206,8791636
24,1206,10815468
24,1206,16548924
24,1206,20102974
24,1211,17170163
24,1211,12776579
24,1211,9420451
24,1211,14831422
24,1211,16908802
24,1212,1506264
24,1212,8722932
24,1213,3018617
24,1213,6020937
24,1213,1118444
24,1215,12798750
24,1215,30505942
24,1215,1518286
24,1215,5375086
24,1215,10819366
24,1215,17157344
24,1215,19870437
24,1215,28240627
24,1215,25199866
24,1215,31304991
24,1215,28960649
24,1215,14834655
24,1215,10124072
24,1215,15337886
24,1215,17429966
24,1215,27551963
24,1149,11019177
24,1149,9855961
24,1149,2294734
24,1149,7235474
24,1149,9014232
24,1216,2590011
24,1216,3174422
24,1216,1230139
24,1216,1607815
24,1217,2361546
24,1217,2513700
24,1217,7467495
24,1217,3836167
24,1217,3910834
24,1217,6018083
24,1217,3651041
24,1217,1768189
24,1218,8184771
24,1218,1247668
24,1218,3798751
24,1218,4383850
24,1218,7517094
24,1218,10688221
24,1218,2233739
24,1218,12604490
24,1218,4649850
24,1218,12526958
24,1219,13023250
24,1219,1937218
24,1219,17318522
24,1219,12121098
24,1219,12234788
24,1219,17998318
24,1219,14854254
24,1222,17785250
24,1222,3879069
24,1222,4984799
24,1222,9570779
24,1222,19713373
24,1222,12746259
24,1222,10513972
24,1222,4835303
24,1222,5673591
24,1222,2466876
24,1222,10159316
24,1222,2678735
24,1222,16654897
24,1223,23438656
24,1223,2722172
24,1223,10623192
24,1223,4879976
24,1223,180984
24,1223,4362224
24,1223,14933110
24,1223,21860520
24,1223,18799688
24,1153,2227111
24,1223,24976157
24,1223,4685695
24,1223,18208991
24,1223,23590301
24,1223,6697357
24,1223,13498019
24,1223,18716669
24,1223,4735801
24,1223,19414787
24,1225,2087772
24,1225,3212507
24,1225,1679408
24,1231,6794629
24,1232,288402
24,1234,29267380
24,1234,24639745
24,1234,17939917
24,1234,25642134
24,1234,114596
24,1234,8633427
24,1234,11731863
24,1234,13851603
24,1234,4432764
24,1235,3971488
24,1235,2687560
24,1154,531633
24,1154,4430123
24,1154,4451063
24,1154,2006765
24,1548,618442
24,1549,503740
24,1632,5853892
24,1632,1568483
24,1632,3823551
24,1632,3190914
24,1632,4263404
24,1632,6981654
24,1634,2016094
24,1635,3478589
24,1638,129862
24,1639,1636185
24,1639,299938
24,1640,26275214
24,1640,20139046
24,1640,17404550
24,1640,1082525
24,1640,17415592
24,1640,7300433
24,1640,2833984
24,1640,21876755
24,1640,7479005
24,1640,1269823
24,1640,24810162
24,1640,25947987
24,1640,4349042
24,1640,6996531
24,1640,9732686
24,1640,2180571
24,1640,3939826
24,1641,14386923
24,1641,21443014
24,1641,15223272
24,1641,16557517
24,1641,16651687
24,1641,11553582
24,1641,441515
24,1641,5646254
24,1641,2870618
24,1641,17200716
24,1643,8451255
24,1643,5478019
24,1643,593497
24,1557,9346233
24,1557,16894174
24,1557,2616874
24,1557,17961475
24,1644,20772852
24,1644,50466136
24,1644,50903336
24,1644,23214705
24,1644,8317618
24,1644,14750873
24,1644,22794383
24,1644,28546102
24,1644,13142896
24,1644,22052546
24,1644,28987193
24,1644,8657636
24,1644,3358059
24,1644,36337928
24,1644,28803161
24,1644,30360621
24,1644,48197193
24,1644,6610821
24,1644,41640607
24,1644,49030817
24,1644,14352340
24,1644,14587469
24,1644,27877725
24,1644,9743510
24,1644,40191661
24,1644,51638337
24,1644,51289596
24,1645,6228483
24,1645,6397265
24,1645,1181216
24,1646,20850814
24,1646,26195701
24,1646,24226049
24,1646,34256576
24,1646,32538213
24,1646,10157475
24,1646,16160732
24,1646,15368807
24,1646,18571737
24,1646,23167147
24,1646,4595783
24,1646,25512800
24,1646,25591070
24,1646,22720728
24,1646,23619706
24,1646,13508500
24,1647,14072488
24,1647,18673468
24,1647,27907944
24,1647,28676004
24,1647,27125855
24,1647,31301849
24,1647,33202012
24,1647,241189
24,1647,33723256
24,1647,6577123
24,1647,3197342
24,1647,16833555
24,1647,18779877
24,1647,22673910
24,1647,28441198
24,1647,32443317
24,1647,37094712
24,1656,5086601
24,1656,4688974
24,1656,4405340
24,1659,306153
24,1661,1223489
24,1662,2590214
24,1662,7666982
24,1662,4932450
24,1662,4994710
24,1662,4701208
24,1662,6926688
24,1662,2425577
24,1663,8192544
24,1663,3136957
24,1663,55999
24,1663,8064775
24,1663,12404065
24,1663,3962368
24,1665,3523829
24,1665,4738529
24,1665,316943
24,1666,117862
24,1666,487895
24,1557,20014676
24,1557,20806067
24,1557,21389847
24,1557,13813621
24,1557,22417169
24,1557,23174489
24,1557,23449909
24,1557,18010378
24,1667,9441836
24,1667,15746016
24,1667,17335526
24,1667,3772584
24,1667,14105130
24,1667,57561
24,1668,1180431
24,1669,1940170
24,1669,1887284
24,1669,1605736
24,1670,3142095
24,1670,1518317
24,1670,2820597
24,1670,5988087
24,1670,9786289
24,1670,6790444
24,1677,5392683
24,1677,9119133
24,1677,8093829
24,1677,1570475
24,1679,3200493
24,1679,3823790
24,1685,1814302
24,1686,16811941
24,1686,19628231
24,1686,13267537
24,1686,6424464
24,1686,11196444
24,1686,12709418
24,1686,6234869
24,1686,24573632
24,1686,11706035
24,1686,10275112
24,1686,301098
24,1686,17889603
24,1716,2128906
24,1719,11201136
24,1719,4020162
24,1719,6761742
24,1719,7692522
24,1719,209355
24,1719,10538733
24,1719,5544074
24,1719,2018240
24,1719,18012877
24,1719,19135047
24,1721,18986732
24,1721,23177202
24,1721,19012443
24,1721,19146409
24,1721,23511218
24,1721,9429387
24,1721,21198565
24,1721,27737297
24,1721,27292903
24,1722,602179
24,1722,4803529
24,1722,6897260
24,1722,7414480
24,1722,11571572
24,1722,3243127
24,1722,5477667
24,1722,9126007
24,1722,2196768
24,1722,5746738
24,1722,10122808
24,1722,11809969
24,1726,31147553
24,1726,29711246
24,1726,43459227
24,1726,20666213
24,1726,9366657
24,1726,20793859
24,1559,770839
24,1559,17191342
24,1559,24183572
24,1559,3729917
24,1559,4379446
24,1559,8250006
24,1559,21037261
24,1559,1670075
24,1559,18017355
24,1726,25098857
24,1726,41961923
24,1726,4779755
24,1726,26880192
24,1726,1000243
24,1726,3059803
24,1726,18212676
24,1726,28856099
24,1728,3547857
24,1728,3871747
24,1728,4383824
24,1728,2222646
24,1729,8704402
24,1729,3940031
24,1729,5620117
24,1737,1444324
24,1737,6705103
24,1737,4902031
24,1737,10071551
24,1737,1493066
24,1737,3649009
24,1738,7601013
24,1738,21549007
24,1738,8746472
24,1738,3500541
24,1738,10659391
24,1738,14850523
24,1738,21615498
24,1738,11264887
24,1738,7219529
24,1738,23675861
24,1738,27208364
24,1738,26208866
24,1738,26239035
24,1738,27506945
24,1738,30193888
24,1559,4605878
24,1559,4751928
24,1559,15164538
24,1559,10736253
24,1559,11009793
24,1559,4496532
24,1739,2298635
24,1739,2811866
24,1739,377924
24,1739,4970714
24,1739,7810281
24,1739,2854161
24,1739,977269
24,1741,1462957
24,1741,1489769
24,1743,686129
24,1743,698593
24,1744,11119993
24,1744,15369605
24,1744,5541276
24,1744,10783119
24,1744,14224474
24,1744,17115322
24,1746,4338594
24,1747,6951185
24,1747,819687
24,1747,9412783
24,1747,5690024
24,1747,1876309
24,1756,460316
24,1758,10695710
24,1758,7192791
24,1758,11483491
24,1758,12951436
24,1758,13222820
24,1559,26832197
24,1560,9975636
24,1560,9905840
24,1761,7311884
24,1761,935220
24,1761,3765739
24,1762,7274303
24,1762,2323477
24,1763,8415610
24,1763,10505120
24,1763,13984788
24,1763,2438714
24,1763,519729
24,1763,18502266
24,1763,22308193
24,1763,3159066
24,1763,7947477
24,1765,5405355
24,1765,721789
24,1765,194031
24,1765,13625973
24,1765,4757854
24,1778,2576153
24,1779,2703750
24,1779,6523814
24,1783,16344011
24,1783,4574553
24,1783,350204
24,1784,230238
24,1784,623888
24,1784,2731521
24,1560,332221
24,1560,1291386
24,1560,12081062
24,1560,1154913
24,1786,2050144
24,1786,1295057
24,1787,14677289
24,1787,15749884
24,1787,12089795
24,1787,16924422
24,1787,18068881
24,1787,13570950
24,1787,17056300
24,1787,6962175
24,1787,4639284
24,1787,2680136
24,1787,9053316
24,1787,10137166
24,1787,1507520
24,1788,2282448
24,1788,16096285
24,1788,17115474
24,1788,66102
24,1788,38854811
24,1788,37140302
24,1788,39306850
24,1788,26874948
24,1788,21872422
24,1788,15207200
24,1788,9747066
24,1788,11322736
24,1788,2352155
24,1788,34983194
24,1788,15507513
24,1788,14161471
24,1788,4003849
24,1788,15104427
24,1788,27719312
24,1788,27164046
24,1789,8441718
24,1789,2420211
24,1789,2019186
24,1789,11041552
24,1789,1053540
24,1789,7907725
24,1789,9663733
24,1789,2914344
24,1789,4537577
24,1790,6688992
24,1790,211829
24,1790,7035189
24,1562,27512413
24,1562,17341256
24,1562,12203309
24,1562,21237873
24,1562,2000918
24,1562,25793031
24,1562,26112921
24,1790,24130094
24,1790,28624522
24,1790,4244510
24,1790,1306401
24,1790,18818039
24,1790,22162238
24,1790,12880384
24,1790,19165500
24,1790,20745030
24,1791,4249531
24,1792,18720102
24,1792,2780013
24,1792,14703849
24,1792,12159684
24,1792,16418904
24,1792,12101137
24,1792,4122175
24,1793,6688396
24,1793,15420071
24,1794,12747
24,1794,5768957
24,1794,7680967
24,1794,687760
24,1794,6949905
24,1794,7740815
24,1794,673231
24,1794,2495301
24,1794,9997981
24,1794,1247363
24,1794,3293913
24,1794,7148152
24,1794,8816827
24,1794,11270977
24,1794,8134183
24,1795,981384
24,1795,3298522
24,1562,12168781
24,1562,5310952
24,1562,5360782
24,1562,17820499
24,1562,19846229
24,1550,1931469
24,1550,8382920
24,1550,19474855
24,1550,5097166
24,1550,8862776
24,1550,11297112
24,1550,12949512
24,1550,14758762
24,1796,1252977
24,1796,7585597
24,1796,6211922
24,1796,5173454
24,1796,4784696
24,1796,5538316
24,1796,11413469
24,1799,326863
24,1799,861345
24,1799,1933155
24,1807,30326881
24,1807,11016370
24,1807,11442870
24,1807,5813773
24,1807,7689973
24,1807,6133906
24,1807,6308046
24,1807,6957306
24,1807,19238841
24,1807,20177005
24,1807,277701
24,1807,1336831
24,1807,23368483
24,1807,38062254
24,1807,39573975
24,1807,27139673
24,1807,22642120
24,1808,12718152
24,1808,8520660
24,1808,3142544
24,1808,11449478
24,1808,12383525
24,1810,12650461
24,1810,22062221
24,1810,26032971
24,1810,27751793
24,1810,12201510
24,1810,6311850
24,1810,1684597
24,1810,16448683
24,1810,14157799
24,1562,14011485
24,1562,14617585
24,1562,11250994
24,1562,22835747
24,1565,1029743
24,1565,2853695
24,1565,296857
24,1810,24921215
24,1810,962913
24,1810,5029526
24,1810,10814656
24,1810,19254165
24,1810,27229968
24,1810,27811740
24,1810,32673340
24,1810,12401327
24,1810,36369088
24,1810,34415539
24,1810,35059070
24,1811,12029221
24,1811,14067141
24,1811,21060051
24,1811,4886855
24,1811,22982473
24,1811,14736126
24,1811,37546898
24,1811,257586
24,1811,6645426
24,1811,23912856
24,1811,5113240
24,1812,10316242
24,1812,26375975
24,1812,31699545
24,1812,17780129
24,1812,20250229
24,1812,567906
24,1812,11141316
24,1812,6681957
24,1812,30220030
24,1812,33503420
24,1812,23611208
24,1812,20519266
24,1812,21211536
24,1812,18566971
24,1812,30806739
24,1812,35489
24,1812,8618859
24,1812,21274483
24,1812,33880886
24,1566,882752
24,1567,4180085
24,1567,2357060
24,1567,3784374
24,1567,375441
24,1567,2473151
24,1567,5129992
24,1813,5855400
24,1813,1461607
24,1813,12121286
24,1813,778402
24,1815,10436210
24,1815,1918714
24,1815,5434996
24,1815,1314924
24,1815,9538539
24,1815,1825504
24,1816,4510680
24,1816,6808956
24,1816,10376214
24,1816,21118606
24,1816,23844011
24,1816,31802147
24,1816,11280505
24,1816,25236840
24,1816,15921109
24,1816,20461701
24,1816,13216421
24,1816,13841390
24,1816,394927
24,1816,6745318
24,1816,11216806
24,1817,728786
24,1817,7408
24,1818,1171536
24,1818,25801331
24,1818,29272954
24,1818,32479104
24,1818,37307962
24,1818,38714722
24,1818,5975909
24,1818,30152267
24,1818,34942760
24,1818,12557954
24,1818,1975235
24,1818,19261473
24,1818,21887063
24,1569,4910562
24,1569,1878271
24,1569,5153288
24,1818,25313478
24,1818,1673544
24,1818,7482284
24,1818,9544304
24,1819,6750230
24,1819,1025288
24,1819,2160202
24,1819,10929372
24,1819,4716705
24,1819,4898799
24,1819,15607493
24,1819,469707
24,1819,17952528
24,1819,15613496
24,1819,21777130
24,1820,1934589
24,1820,2383466
24,1822,7305206
24,1822,1383970
24,1822,2254040
24,1822,7465913
24,1822,9795835
24,1822,4362807
24,1822,5724167
24,1822,9349467
24,1825,6302299
24,1825,2275881
24,1825,4823517
24,1825,2118685
24,1825,1281499
24,1829,3259497
24,1829,3780959
24,1831,2881810
24,1831,3001981
24,1832,3249575
24,1834,7362443
24,1834,4993727
24,1570,12202938
24,1570,4430906
24,1835,242157
24,1835,3638160
24,1835,2781799
24,1836,27028886
24,1836,2128691
24,1836,9601667
24,1836,19027024
24,1836,21861214
24,1836,19194415
24,1836,28795840
24,1836,32407558
24,1836,11530900
24,1836,16235529
24,1836,33073309
24,1837,236465
24,1838,3945150
24,1838,742395
24,1838,12194669
24,1838,1972899
24,1838,151024
24,1839,1352418
24,1839,4808151
24,1839,3230463
24,1839,2867812
24,1839,4018332
24,1839,3454736
24,1839,4025286
24,1839,7317936
24,1840,6702751
24,1841,11980497
24,1841,16296377
24,1841,2627737
24,1841,15209436
24,1841,19601146
24,1841,9480082
24,1841,18359501
24,1841,49266
24,1841,9827896
24,1570,9905876
24,1570,15812794
24,1570,18736597
24,1841,24835825
24,1841,3591451
24,1841,1623000
24,1842,2131584
24,1842,2113678
24,1842,4310868
24,1843,1985563
24,1843,742294
24,1843,1209371
24,1843,1448691
24,1844,30915107
24,1844,8527588
24,1844,28270290
24,1844,8892438
24,1844,10142241
24,1844,24333450
24,1844,28062456
24,1844,5508750
24,1844,30555481
24,1844,12781065
24,1844,19379847
24,1844,18072299
24,1844,20066096
24,1844,14321579
24,1844,16481530
24,1844,19109152
24,1844,31333995
24,1845,3354897
24,1845,14491664
24,1845,992930
24,1845,2844680
24,1845,5926568
24,1845,7544273
24,1845,8049362
24,1845,12389023
24,1845,10084943
24,1846,1084299
24,1849,10125241
24,1571,32359596
24,1571,12652619
24,1571,21586229
24,1571,37725364
24,1849,15924660
24,1849,9229337
24,1849,1181320
24,1849,13173505
24,1849,15871125
24,1849,7812472
24,1850,2197410
24,1852,1710353
24,1854,2509104
24,1854,4763052
24,1854,3967686
24,1854,4603786
24,1854,5537650
24,1857,4022106
24,1857,17295751
24,1857,36399656
24,1857,15843826
24,1857,21471086
24,1857,10301830
24,1857,30447199
24,1857,31489439
24,1857,17962173
24,1857,8016105
24,1857,4312849
24,1857,19395990
24,1857,14195294
24,1857,9979724
24,1857,26385206
24,1857,28436276
24,1857,39146914
24,1857,34307215
24,1857,35516113
24,1859,5685685
24,1859,20817446
24,1859,11747445
24,1859,4238974
24,1859,8192314
24,1859,771160
24,1859,23365213
24,1859,24108621
24,1861,852941
24,1861,274712
24,1861,265895
24,1571,22513363
24,1571,67111619
24,1571,68671949
24,1571,20705280
24,1862,1849963
24,1862,6559303
24,1862,565124
24,1862,8325750
24,1862,1622016
24,1862,517267
24,1862,2232222
24,1863,2058121
24,1863,13471980
24,1863,15785760
24,1863,3757508
24,1863,8557342
24,1863,9972243
24,1863,17320238
24,1864,283124
24,1864,11319144
24,1864,9223222
24,1864,22474476
24,1864,16778601
24,1864,18168658
24,1864,21535427
24,1864,24593973
24,1864,23726851
24,1864,24124429
24,1866,9539382
24,1866,37334091
24,1866,27509154
24,1866,17075313
24,1866,26902398
24,1866,21528481
24,1866,18246347
24,1866,21017197
24,1866,18197096
24,1866,280587
24,1866,10278473
24,1866,21043749
24,1868,1781194
24,1868,866189
24,1571,9849656
24,1571,5214357
24,1869,5837932
24,1869,11927737
24,1869,8643993
24,1869,6062538
24,1869,7352680
24,1869,13832476
24,1870,22629345
24,1870,6598070
24,1870,8553890
24,1870,6441983
24,1870,30692146
24,1870,16516273
24,1870,24557480
24,1870,26431930
24,1870,25296101
24,1870,19822378
24,1870,18521104
24,1870,9530597
24,1871,163673
24,1873,7203931
24,1873,3435610
24,1873,3757413
24,1873,5962365
24,1874,3728741
24,1877,2004879
24,1878,4628168
24,1878,744376
24,1879,2727440
24,1879,8902908
24,1879,1865512
24,1571,23051915
24,1571,74724950
24,1571,52287900
24,1881,387143
24,1881,2145088
24,1881,2742545
24,1881,1070860
24,1882,12892113
24,1882,2813859
24,1882,6245109
24,1882,7771269
24,1882,6515735
24,1882,7418424
24,1882,5274130
24,1882,14115382
24,1884,9711523
24,1884,11990621
24,1884,13165305
24,1884,2571450
24,1884,10915750
24,1884,12001628
24,1890,20588920
24,1890,3349925
24,1890,14736682
24,1890,276233
24,1890,674053
24,1890,6968439
24,1891,19109191
24,1891,19993881
24,1891,12320370
24,1891,12734110
24,1891,21960596
24,1891,18398045
24,1891,20107158
24,1891,21953168
24,1891,3084726
24,1891,5136516
24,1891,11825136
24,1891,5191042
24,1891,12140265
24,1571,72656295
24,1571,73245525
24,1571,43301151
24,1571,43658053
24,1571,44409896
24,1550,10540653
24,1550,3969215
24,1551,1146076
24,1551,3065819
24,1892,5039155
24,1892,11332333
24,1892,7581706
24,1892,17390580
24,1892,23288280
24,1892,21025435
24,1892,20357539
24,1897,2288
24,1898,2324583
24,1898,71606
24,1899,2142580
24,1899,6003270
24,1899,1630483
24,1899,1828904
24,1900,1712570
24,1900,184753
24,1900,9649361
24,1900,2777935
24,1900,9994038
24,1901,8742305
24,1901,11120215
24,1901,11181526
24,1901,2009133
24,1901,8065293
24,1901,11537779
24,1901,20141283
24,1901,14239292
24,1901,28214258
24,1901,10234140
24,1901,32118481
24,1901,28838974
24,1901,13921890
24,1901,22445464
24,1901,31634473
24,1901,8393578
24,1901,38335527
24,1571,42431088
24,1571,71809966
24,1571,30816675
24,1910,4882472
24,1910,9235138
24,1910,1837595
24,1910,6842495
24,1911,8664119
24,1911,30594060
24,1911,27106703
24,1911,563617
24,1911,8609347
24,1911,2169161
24,1911,10591381
24,1911,1145244
24,1911,6460924
24,1911,2875595
24,1911,11790957
24,1911,23901554
24,1911,24571714
24,1911,7598950
24,1911,15322593
24,1911,18769886
24,1911,19041336
24,1911,33552576
24,1912,4986338
24,1912,5309458
24,1912,6469013
24,1912,8947822
24,1912,9374149
24,1913,34903681
24,1913,16106761
24,1913,40440951
24,1913,45929691
24,1913,47232701
24,1913,22464029
24,1913,19593845
24,1913,630784
24,1913,16525193
24,1913,4008885
24,1571,58348076
24,1571,61215266
24,1571,57520172
24,1571,69398481
24,1571,40910792
24,1913,28821238
24,1913,25174506
24,1913,15734342
24,1913,50410294
24,1913,46818057
24,1913,52731345
24,1916,6282404
24,1916,4504718
24,1573,1516550
24,1573,1967032
24,1573,3571832
24,1573,15756363
24,1573,7926245
24,1573,10323405
24,1573,10689571
24,1573,14521988
24,1573,15248982
24,1573,26412281
24,1574,4120624
24,1574,2111780
24,1574,8104021
24,1574,2358492
24,1574,6944115
24,1575,4369535
24,1575,13748971
24,1575,17998031
24,1575,2378199
24,1575,5808010
24,1575,7426766
24,1575,9748484
24,1577,4867031
24,1577,13448491
24,1577,3902468
24,1577,13722633
24,1577,10058206
24,1577,2033867
24,1577,12077435
24,1578,5391253
24,1578,6773670
24,1579,6547902
24,1579,866473
24,1579,361006
24,1580,3262648
24,1581,104262
24,1581,8323993
24,1587,10029591
24,1587,4990814
24,1587,11671712
24,1587,11880582
24,1587,10056535
24,1587,4951956
24,1588,7370801
24,1588,10279555
24,1588,1620333
24,1588,15132248
24,1589,1075774
24,1553,2000519
24,1553,7146369
24,1553,4507750
24,1553,8831420
24,1553,10156780
24,1553,12603285
24,1553,12347357
24,1590,3162389
24,1591,2171885
24,1591,7482181
24,1591,6704508
24,1592,6408742
24,1594,231598
24,1594,70606
24,1595,1450987
24,1595,3899183
24,1596,13093406
24,1596,17578400
24,1596,18902840
24,1596,17114803
24,1596,17610842
24,1596,18686612
24,1596,21052862
24,1596,11878199
24,1596,19873549
24,1596,13554835
24,1596,6503110
24,1596,25192230
24,1596,25899519
24,1596,27736571
24,1596,31783641
24,1598,8896710
24,1598,1978986
24,1598,1852428
24,1598,828651
24,1598,4779981
24,1599,4600040
24,1599,7676300
24,1599,7998788
24,1599,1349183
24,1599,1009825
24,1553,17199723
24,1553,21091383
24,1553,21449013
24,1600,2505740
24,1600,1176531
24,1602,12607571
24,1602,10931425
24,1602,4934373
24,1602,2607350
24,1602,2747060
24,1602,8161890
24,1602,9043500
24,1602,6549608
24,1603,9207208
24,1603,12915265
24,1603,16914236
24,1603,5820716
24,1603,12620094
24,1603,13663903
24,1603,11186102
24,1603,15071548
24,1603,6996115
24,1603,1184811
24,1605,4182290
24,1605,6898330
24,1605,24494972
24,1605,9057113
24,1605,11414993
24,1605,38791171
24,1605,5821141
24,1605,12137199
24,1605,23039659
24,1605,4034934
24,1605,20822155
24,1605,30979571
24,1605,34503627
24,1605,9013638
24,1605,35780856
24,1605,17476557
24,1605,13432873
24,1605,18428983
24,1605,21492813
24,1605,24989404
24,1608,1918457
24,1608,1760075
24,1554,538767
24,1554,5428796
24,1554,10523466
24,1554,9795675
24,1610,2930410
24,1610,9833172
24,1613,875756
24,1613,506407
24,1614,3776803
24,1614,7421246
24,1614,7323309
24,1614,10848166
24,1615,7650279
24,1615,12029618
24,1615,12150904
24,1615,19419736
24,1615,20059372
24,1615,20240422
24,1615,15240918
24,1615,18582533
24,1617,25603838
24,1617,1814926
24,1617,12657308
24,1617,22673278
24,1617,11835490
24,1617,19794345
24,1617,11682239
24,1617,16403004
24,1617,11256574
24,1617,15891677
24,1617,3887013
24,1617,18209913
24,1617,1071755
24,1618,2046805
24,1618,4115266
24,1618,1310261
24,1618,3166211
24,1618,4613741
24,1618,3917989
24,1618,2329637
24,1554,4147504
24,1554,6226874
24,1554,6394364
24,1554,14374820
24,1554,14383351
24,1554,21182941
24,1619,4683996
24,1620,3582042
24,1620,5720388
24,1620,5816868
24,1620,7354929
24,1622,27974481
24,1622,17345216
24,1622,12535648
24,1622,3370524
24,1622,10836484
24,1622,38833207
24,1622,19863481
24,1622,6658886
24,1622,8389056
24,1622,30367093
24,1622,1685903
24,1622,42853604
24,1622,36601708
24,1622,29075565
24,1622,33080945
24,1622,34579215
24,1622,43573595
24,1622,3485701
24,1623,2756427
24,1624,13376829
24,1624,17055990
24,1624,19817700
24,1624,2076443
24,1624,19516683
24,1624,12409240
24,1555,1372300
24,1556,11904494
24,1625,268940
24,1625,592899
24,1626,19284419
24,1626,18262925
24,1626,23893975
24,1626,6070873
24,1626,20974276
24,1626,4318450
24,1626,9889750
24,1626,9955420
24,1626,6155657
24,1626,23111353
24,1626,30197002
24,1628,5610793
24,1628,1396868
24,1628,10809864
24,1628,494176
24,1629,6529685
24,1629,9184405
24,1629,11482154
24,1629,8007061
24,1630,14951767
24,1630,3806425
24,1630,11796335
24,1630,12189328
24,1630,17782330
24,1630,9126589
24,1630,9954199
24,1630,25046803
24,1630,8392244
24,1630,8086412
24,1630,10493672
24,1630,18872883
24,1630,24429896
24,1556,12969429
24,1556,8456001
24,1556,2065320
24,1556,3541690
24,1996,10107267
24,1996,4092692
24,1996,4900531
24,1996,2936896
24,1996,5583206
24,1996,13779459
24,2096,28428964
24,2096,18518679
24,2096,11899345
24,2096,21909275
24,2096,26073921
24,2097,2611336
24,2097,9722406
24,2097,13356673
24,2097,15217353
24,2097,15759369
24,2097,34638351
24,2097,495534
24,2097,7579574
24,2097,2049481
24,2097,6437717
24,2097,24068418
24,2097,13360502
24,2097,22212822
24,2097,27604173
24,2097,18624467
24,2097,35480248
24,2097,35961318
24,2103,749990
24,2103,2319250
24,2103,797279
24,2103,874433
24,2104,8359346
24,2104,10174356
24,2104,11099026
24,2104,12941986
24,2104,2094040
24,2104,2767801
24,2104,10719362
24,2104,12474421
24,2104,13405611
24,2104,13052058
24,2104,10590633
24,2107,16830983
24,2107,7652010
24,2107,10843687
24,2107,12869856
24,2107,13841106
24,2107,16728176
24,2107,16171539
24,2108,8415356
24,2017,9198068
24,2017,21436093
24,2017,20695283
24,2017,24969233
24,2109,15361955
24,2109,14396802
24,2109,12195727
24,2109,12115341
24,2116,23520919
24,2116,14476956
24,2116,16536722
24,2116,22888333
24,2116,6565594
24,2116,10372811
24,2116,2707269
24,2116,7704585
24,2116,4837382
24,2116,13002058
24,2116,15776588
24,2116,26568680
24,2116,664680
24,2116,9376110
24,2118,6063483
24,2118,30889688
24,2118,34548138
24,2118,1345236
24,2118,22697210
24,2118,39279416
24,2118,39537586
24,2118,31008699
24,2118,5491125
24,2118,7572689
24,2118,5254591
24,2017,22488494
24,2017,2396287
24,2017,18284596
24,2118,39367728
24,2118,32914131
24,2118,32837114
24,2118,17700187
24,2118,17721673
24,2118,21607043
24,2120,5512022
24,2120,7103315
24,2120,956246
24,2121,3619159
24,2121,5609797
24,2121,8479421
24,2121,4795114
24,2121,5991334
24,2126,1982475
24,2126,1719987
24,2127,4517068
24,2127,1851070
24,2127,4088605
24,2130,2018336
24,2130,930160
24,2130,9642540
24,2130,16840039
24,2130,14524952
24,2130,13075883
24,2130,14557543
24,2130,6429524
24,2130,3153061
24,2130,178545
24,2130,14949195
24,2130,9103348
24,2130,8881877
24,2130,9697037
24,2131,3541640
24,2131,6073070
24,2131,6804320
24,2131,3932555
24,2131,11739343
24,2131,6173231
24,2132,16553778
24,2132,312922
24,2019,4687004
24,2019,9221318
24,2019,9015033
24,2019,1887943
24,2132,13729691
24,2132,20640081
24,2132,15511915
24,2132,15403336
24,2132,19860006
24,2132,33835850
24,2132,3642677
24,2132,28476357
24,2132,19905879
24,2133,3529034
24,2133,6201566
24,2134,23615009
24,2134,2374232
24,2134,6829847
24,2134,1688820
24,2134,15732348
24,2134,9833039
24,2134,22170604
24,2136,453371
24,2136,4743563
24,2136,1831027
24,2136,5208497
24,2138,974587
24,2138,1159128
24,2139,315618
24,2139,938559
24,2140,1322771
24,2140,5114884
24,2140,6738574
24,2141,4625335
24,2141,856191
24,2021,558913
24,2142,6605835
24,2142,846186
24,2142,2582420
24,2142,7763060
24,2143,3339569
24,2143,9667089
24,2143,8664635
24,2143,306280
24,2143,31893
24,2144,1822456
24,2144,6424668
24,2144,13747498
24,2144,2010083
24,2144,6862203
24,2144,9598273
24,2144,11216320
24,2144,10919282
24,2144,16947092
24,2144,9377187
24,2144,4068511
24,2145,9220620
24,2145,21494641
24,2145,6317766
24,2145,24081438
24,2145,15894216
24,2145,22553165
24,2145,1595832
24,2145,15012527
24,2145,15662167
24,2145,3812244
24,2145,6475184
24,2145,21363329
24,2146,556634
24,2147,17953781
24,2147,6499360
24,2147,19185568
24,2147,2834639
24,2147,315882
24,2147,3953852
24,2147,17378382
24,2147,18365102
24,2147,9726467
24,2148,40693560
24,2148,32461739
24,2148,12545131
24,2148,26768015
24,2034,8154404
24,2034,1614161
24,2034,6120811
24,2148,27554253
24,2148,9165469
24,2148,24430302
24,2148,25067252
24,2148,1686288
24,2148,6446708
24,2148,12741702
24,2148,18575902
24,2150,1308340
24,2150,1791792
24,2150,1505543
24,2151,27728487
24,2151,27430755
24,2151,29811335
24,2151,33915145
24,2151,11209083
24,2151,16508107
24,2151,24562514
24,2151,20393166
24,2151,10056531
24,2151,5284472
24,2151,27576252
24,2151,24976116
24,2151,39132797
24,2151,22140684
24,2151,16891228
24,2151,35385182
24,2152,9655304
24,2152,8923861
24,2152,9793275
24,2152,1832566
24,2152,10149253
24,2152,11178873
24,2153,1106123
24,2153,1295377
24,2035,8763936
24,2035,11097366
24,2035,12222916
24,2153,31799490
24,2153,31703496
24,2153,11161706
24,2153,9188598
24,2153,11213918
24,2153,29030233
24,2153,34374838
24,2153,11895669
24,2153,20148929
24,2153,10386051
24,2153,10678861
24,2155,1274109
24,2155,52355
24,2156,16227262
24,2156,3978385
24,2156,10197155
24,2156,12560900
24,2156,12891429
24,2156,15574755
24,2156,3932642
24,2157,2580385
24,2157,1721436
24,2157,3627906
24,2157,211250
24,2158,7062880
24,2158,1168083
24,2158,1305374
24,2158,5512221
24,2161,2134905
24,2161,3256712
24,2161,7816372
24,2161,11229396
24,2161,14964393
24,2161,17795573
24,2161,20681623
24,2161,4681634
24,2161,16003876
24,2161,20462976
24,2161,17702394
24,2035,18070040
24,2035,9205135
24,2035,23062318
24,2162,4001822
24,2162,16301320
24,2162,11197941
24,2163,6346490
24,2163,22149857
24,2163,21555280
24,2163,21975688
24,2163,5836805
24,2163,10416905
24,2164,7655231
24,2164,5509177
24,2164,5157904
24,2164,2863316
24,2164,4372516
24,2165,12120137
24,2165,4072665
24,2165,6918395
24,2165,1635119
24,2165,7812339
24,2166,12473292
24,2166,18409612
24,2166,10603042
24,2166,15689984
24,2035,10680963
24,2035,1380047
24,2035,2680097
24,2035,4908457
24,2035,17259689
24,2035,23439193
24,2035,15086094
24,2035,16807254
24,2166,25986728
24,2166,26877332
24,2166,24430094
24,2166,1527967
24,2167,5401249
24,2167,10530669
24,2167,2581952
24,2167,6414692
24,2167,8782457
24,2167,2607673
24,2167,13318058
24,2167,18659844
24,2172,7829671
24,2172,5189292
24,2172,6052964
24,2172,8122250
24,2172,8805040
24,2172,5615367
24,2173,13091854
24,2173,18882534
24,2173,12306232
24,2173,14637378
24,2173,16866808
24,2173,7146745
24,2173,3894020
24,2173,8160710
24,2173,10538680
24,2173,6743521
24,2173,19819956
24,2174,1087454
24,2174,2696566
24,2176,1131156
24,2176,23781991
24,2176,30980041
24,2176,22100689
24,2176,32208854
24,2176,38576378
24,2176,24080015
24,2176,13851465
24,2176,22363310
24,2176,30668542
24,2176,27877240
24,2176,4357820
24,2176,27182667
24,2176,17696897
24,2176,15973056
24,2176,984699
24,2176,3436639
24,2176,19760063
24,2176,21960023
24,2037,14194350
24,2037,8059226
24,2176,35091152
24,2176,5182433
24,2176,8173743
24,2176,1244201
24,2176,1240771
24,2177,62691945
24,2177,6523412
24,2177,30696622
24,2177,38976162
24,2177,12336097
24,2177,8921731
24,2177,15104235
24,2177,15668005
24,2177,18866385
24,2177,43893438
24,2177,27555408
24,2177,31505223
24,2177,26837874
24,2177,41318532
24,2177,53618642
24,2177,19999540
24,2177,57819476
24,2177,92824
24,2177,48181215
24,2178,6718726
24,2178,6685011
24,2178,3726582
24,2179,473573
24,2179,6564920
24,2179,967884
24,2179,5246204
24,2179,8055045
24,2179,8838147
24,2179,8875257
24,2179,4466748
24,2179,8397049
24,2179,532531
24,2180,13642743
24,2037,14827342
24,2037,6393203
24,2037,14437204
24,1997,8481751
24,1998,930348
24,2180,2145431
24,2180,14559320
24,2180,167386
24,2180,877752
24,2180,8914884
24,2180,2836247
24,2183,986357
24,2183,44989028
24,2183,9398003
24,2183,15170931
24,2183,65595356
24,2183,445003
24,2183,13536473
24,2183,31170721
24,2183,15245159
24,2183,35802647
24,2183,50040261
24,2183,5322976
24,2183,22557112
24,2183,24452973
24,2183,26979843
24,2183,29382663
24,2183,32319456
24,2183,37415230
24,2183,30338704
24,2183,52267105
24,2183,28159132
24,2183,22302490
24,2183,28427290
24,2183,29697550
24,2183,51483240
24,2183,972012
24,2183,6854742
24,2183,64969255
24,2183,65492377
24,2184,2750706
24,2184,6559676
24,2184,2618717
24,2184,6438583
24,2185,11985672
24,2185,48308574
24,2185,26855962
24,2041,2400258
24,2185,11388751
24,2185,8829587
24,2185,38178463
24,2185,8505436
24,2185,9838986
24,2185,2948782
24,2185,46810653
24,2185,23337656
24,2185,34385036
24,2185,22025779
24,2185,5413838
24,2185,35252157
24,2185,46459087
24,2185,37190306
24,2185,34935858
24,2185,478285
24,2185,10116143
24,2185,16314314
24,2185,17545564
24,2187,1035634
24,2187,14423074
24,2187,3708676
24,2187,5070213
24,2187,13251778
24,2187,7118915
24,2187,9176998
24,2187,8935690
24,2190,959911
24,2190,2240167
24,2190,20999645
24,2190,594558
24,2190,9624432
24,2190,21712808
24,2190,15757189
24,2190,529454
24,2190,24880541
24,2190,11257431
24,2190,14839201
24,2190,22951576
24,2191,2646177
24,2043,7695434
24,2043,8612454
24,2043,2043816
24,2193,19784483
24,2193,22449372
24,2193,19417742
24,2193,22401835
24,2193,24349265
24,2193,19465730
24,2193,12911264
24,2193,2458750
24,2193,3410780
24,2193,8071910
24,2195,6758288
24,2195,9538832
24,2195,1429219
24,2196,12797024
24,2196,35965948
24,2196,36920888
24,2196,16315357
24,2196,5122516
24,2196,44004905
24,2196,25030844
24,2196,15165382
24,2196,20036302
24,2196,6029671
24,2196,23321760
24,2196,25772250
24,2196,30169278
24,2196,12236726
24,2196,19455753
24,2196,1732910
24,2196,8489180
24,2196,34122803
24,2196,38609212
24,2044,71283
24,2197,559800
24,2197,265373
24,2198,2166965
24,2199,55507197
24,2199,37146746
24,2199,51483868
24,2199,63210107
24,2199,50826586
24,2199,44804703
24,2199,7695587
24,2199,49819591
24,2199,37604587
24,2199,632552
24,2199,11001402
24,2199,14109669
24,2199,21823135
24,2199,4918670
24,2199,16584950
24,2199,31779278
24,2199,32164948
24,2199,48754955
24,2199,10192991
24,2199,32403321
24,2200,28496828
24,2200,16099335
24,2200,30045080
24,2200,12855577
24,2200,21870273
24,2200,8913465
24,2200,9017965
24,2200,30497957
24,2200,13994720
24,2200,5223211
24,2200,25001022
24,2200,23952866
24,2202,4531553
24,2202,11290760
24,2202,2095441
24,2202,8172491
24,2202,9130567
24,2203,10340905
24,2203,19137953
24,2203,20041323
24,2203,15550387
24,2203,16668567
24,2203,3360929
24,2203,17257678
24,2203,12490134
24,2203,884020
24,2203,9993950
24,2203,3506522
24,2204,23404781
24,2204,22775029
24,2204,26151879
24,2204,20809310
24,2204,25501896
24,2204,14105764
24,2204,6952321
24,2204,18077536
24,2204,8964835
24,2204,15428032
24,2204,17029772
24,2205,1047364
24,2205,374792
24,2206,1912720
24,2207,707588
24,2207,8321033
24,2207,3544714
24,2207,6878794
24,2207,7573844
24,2045,488948
24,2045,9542283
24,2045,1401487
24,2045,17544054
24,2045,4762424
24,2210,1239091
24,2210,4630021
24,2210,562554
24,2210,6121557
24,2211,6522158
24,2211,538774
24,2211,7486444
24,2211,17043734
24,2211,666606
24,2211,5025502
24,2211,15260706
24,2211,16034126
24,2213,5738126
24,2213,7170156
24,2213,695480
24,2213,568559
24,2213,5963689
24,2213,4962651
24,2216,24022621
24,2216,27121701
24,2216,3151165
24,2216,989481
24,2216,4424967
24,2216,13365438
24,2216,20828708
24,2216,9798000
24,2217,32074989
24,2217,3284911
24,2217,26965965
24,2045,9002280
24,2045,12369310
24,2045,8661359
24,2045,1144751
24,2045,13706585
24,2217,28396663
24,2217,14174080
24,2217,15527360
24,2217,18038100
24,2217,29964028
24,2217,31632508
24,2217,27566781
24,2217,25710677
24,2217,28021427
24,2217,11233469
24,2217,3604135
24,2218,12838673
24,2218,644634
24,2218,14660999
24,2218,9531736
24,2218,6376568
24,2218,4471589
24,2218,12042269
24,2218,2083523
24,2218,5406420
24,2218,1807407
24,2218,2884837
24,2219,1377249
24,2220,2597433
24,2220,1151919
24,2220,2082669
24,2220,4823749
24,2220,4089317
24,2221,5497637
24,2221,8380867
24,2221,10450846
24,2221,17444710
24,2221,19690070
24,2221,14547539
24,2221,20340332
24,2221,20095858
24,2221,2351943
24,2221,9458033
24,2221,804069
24,2221,1678691
24,2221,11224561
24,2221,18981066
24,2221,2704300
24,2221,23036578
24,2222,1104006
24,2222,1397334
24,2222,5687439
24,2228,25471040
24,2228,23301596
24,2228,470642
24,2228,648172
24,2046,11555340
24,2046,10624699
24,2046,11890609
24,2228,12296143
24,2228,20358028
24,2228,33377474
24,2228,20959986
24,2228,4473958
24,2228,11059958
24,2228,11659102
24,2228,21660392
24,2228,6757719
24,2228,17114317
24,2228,15257980
24,2228,28905877
24,2228,30110997
24,2228,2937296
24,2228,37169841
24,2228,10116645
24,2236,4418382
24,2236,6381790
24,2236,14261884
24,2236,11469615
24,2236,4885456
24,2237,11686436
24,2237,4801110
24,2237,6861637
24,2237,10214069
24,2237,5429205
24,2237,5700634
24,2238,5966156
24,2238,26187547
24,2238,4384189
24,2238,33433389
24,2238,15408186
24,2238,18281229
24,2238,27349962
24,2238,9387640
24,2238,26187547
24,2238,16696078
24,2238,20752278
24,2238,22477298
24,2238,24972073
24,2238,29256733
24,2238,6872817
24,2238,29784184
24,2238,29794184
24,2238,30098114
24,2049,1965634
24,2049,408357
24,2243,10751790
24,2243,15759881
24,2243,2329352
24,2243,2749732
24,2243,4594922
24,2243,12459030
24,2243,9621907
24,2243,4994695
24,2243,12104576
24,2243,12511856
24,2244,2187502
24,2244,2792702
24,2245,2038785
24,2245,13165808
24,2245,11402886
24,2245,15586261
24,2246,11478376
24,2246,16675914
24,2246,927782
24,2246,15389272
24,2246,40029148
24,2246,7625440
24,2246,1133867
24,2246,35633474
24,2246,7692499
24,2246,35079679
24,2246,49432568
24,2246,22848035
24,2246,36462203
24,2246,32298764
24,2050,3890330
24,2050,8608666
24,2050,4288545
24,2050,5065828
24,2050,11405283
24,2050,7103454
24,2248,11872936
24,2248,5217967
24,2248,12974805
24,2248,3173984
24,2248,10619166
24,2248,31868854
24,2248,9944540
24,2248,27430363
24,2248,24730059
24,2248,20904327
24,2248,29797562
24,2249,2073665
24,2249,9822992
24,2249,820472
24,2249,11487958
24,2249,12027917
24,2249,15252857
24,2249,6037889
24,2249,6229739
24,2250,16353840
24,2250,20742000
24,2250,1126207
24,2250,24646933
24,2250,29857833
24,2250,32060251
24,2250,5785121
24,2250,10797908
24,2250,25089480
24,2250,30088360
24,2250,15695194
24,2250,1046902
24,2250,15286857
24,2250,30043122
24,2250,10285426
24,2250,28796877
24,2250,19944242
24,2057,14973229
24,2057,15869432
24,2057,14800908
24,2057,26627909
24,1999,5032983
24,1999,406475
24,1999,8062730
24,2000,762428
24,2251,2978901
24,2252,551682
24,2252,11580612
24,2252,336918
24,2252,13186976
24,2252,6624993
24,2253,26874833
24,2253,31548433
24,2253,3802846
24,2253,17449475
24,2253,26558936
24,2253,36316900
24,2253,35579337
24,2253,4569628
24,2253,10172078
24,2253,30637888
24,2253,12309306
24,2253,37819836
24,2253,40911506
24,2254,6585686
24,2254,6712940
24,2254,492639
24,2255,1776618
24,2255,1979168
24,2255,5603488
24,2255,5946231
24,2255,7189771
24,2255,7507599
24,2057,10603098
24,2057,20561703
24,2257,10667421
24,2257,5851738
24,2257,8853661
24,2257,2309163
24,2257,5311680
24,2257,10302772
24,2257,1944674
24,2259,1407095
24,2259,691950
24,2261,20271633
24,2261,22031143
24,2261,23693145
24,2261,580490
24,2261,7539380
24,2261,27063784
24,2261,4574755
24,2264,2352025
24,2264,3792955
24,2264,6137991
24,2264,3068130
24,2267,11633662
24,2267,7139923
24,2267,1841404
24,2267,10696359
24,2267,4671730
24,2267,5307180
24,2269,6868331
24,2269,6078397
24,2269,416606
24,2269,2087202
24,2269,651773
24,2271,19352515
24,2271,22231275
24,2271,3516740
24,2271,11225984
24,2057,828204
24,2057,22779364
24,2271,20897013
24,2271,31456947
24,2271,22305902
24,2271,14848348
24,2271,22313471
24,2271,28628171
24,2271,17735841
24,2271,13317879
24,2274,12588865
24,2274,17642035
24,2274,19923345
24,2274,14629852
24,2274,21169090
24,2274,5441674
24,2274,2741345
24,2274,207627
24,2274,14164379
24,2274,20997453
24,2274,22472466
24,2275,7759890
24,2275,9272607
24,2275,9844987
24,2275,1680258
24,2275,5362235
24,2276,307210
24,2278,9681683
24,2278,10504123
24,2278,11244985
24,2278,4453347
24,2278,13719371
24,2278,755594
24,2278,14140748
24,2278,5671719
24,2278,4147578
24,2058,100499
24,2280,13255890
24,2280,16590964
24,2280,22341692
24,2280,5875601
24,2280,4938608
24,2280,15416351
24,2280,28871147
24,2280,5270823
24,2280,17445308
24,2280,19082926
24,2280,33361285
24,2281,7613328
24,2281,4319247
24,2281,829197
24,2281,11593105
24,2281,13359355
24,2282,3066634
24,2282,93581
24,2282,2146601
24,2283,1101510
24,2283,3897330
24,2298,2056574
24,2298,3188275
24,2299,2604384
24,2301,1387920
24,2301,2286303
24,2304,417527
24,2305,955567
24,2305,5493689
24,2305,4969861
24,2305,4720738
24,2306,4297099
24,2307,2619405
24,2307,2680935
24,2307,3436256
24,2307,4490609
24,2307,2909352
24,2307,68083
24,2308,797134
24,2308,1476174
24,2059,15484329
24,2059,4331923
24,2059,6238973
24,2059,1168654
24,2059,8388544
24,2309,2467608
24,2309,6685017
24,2309,12073594
24,2309,13251682
24,2309,6106246
24,2059,6166792
24,2059,4330067
24,2059,12245234
24,2059,1223175
24,2059,1281885
24,2060,6059936
24,2060,28122344
24,2060,131593
24,2060,443342
24,2060,32218335
24,2060,24613728
24,2060,20920752
24,2060,4033271
24,2060,613728
24,2060,8389178
24,2060,12089008
24,2060,19410710
24,2060,4708975
24,2061,35901495
24,2061,18552288
24,2061,18107149
24,2061,24526775
24,2061,10456106
24,2061,27035132
24,2061,35240542
24,2061,35036199
24,2061,7491703
24,2061,3893564
24,2004,7748793
24,2004,8309124
24,2004,9287364
24,2004,1688175
24,2004,965227
24,2004,6379997
24,2004,8571871
24,2004,4299742
24,2061,25519570
24,2061,28231297
24,2061,30469996
24,2061,36154886
24,2061,2544301
24,2062,6562583
24,2063,6050009
24,2063,2569151
24,2063,8354157
24,2063,5155983
24,2064,7229525
24,2064,7715425
24,2064,12379847
24,2064,45386856
24,2064,18246655
24,2064,12187551
24,2064,42572377
24,2064,47524588
24,2064,47534568
24,2064,48761338
24,2064,14895995
24,2064,839989
24,2064,30880733
24,2064,14741133
24,2064,22008073
24,2064,40519992
24,2064,23706049
24,2064,8067024
24,2064,54422530
24,2064,43671559
24,2065,1586278
24,2066,7517724
24,2066,19987623
24,2066,12839135
24,2066,3829956
24,2066,13695378
24,2066,17676628
24,2066,16318162
24,2066,2697012
24,2066,10291872
24,2066,22910240
24,2005,2922153
24,2005,4211853
24,2066,10555587
24,2066,13940395
24,2066,8656239
24,2066,847130
24,2066,7461470
24,2068,5989046
24,2068,5226543
24,2068,1479313
24,2068,4006270
24,2068,5410036
24,2069,4604853
24,2069,6562171
24,2070,2430937
24,2071,1087018
24,2071,877691
24,2072,2148685
24,2073,4239819
24,2073,24507050
24,2073,2805741
24,2073,11592251
24,2073,33580220
24,2073,24185345
24,2073,16454313
24,2073,9676534
24,2073,25063092
24,2073,25991592
24,2073,31769432
24,2073,32047553
24,2073,111442
24,2073,2965752
24,2073,5855612
24,2073,6812132
24,2073,4505995
24,2074,1344713
24,2074,8737653
24,2074,10046064
24,2074,11262350
24,2074,5979327
24,2075,10614360
24,2009,2222937
24,2009,4081589
24,2009,6891689
24,2009,7192540
24,2075,3012976
24,2075,1539107
24,2075,1241598
24,2076,132780
24,2076,550290
24,2076,252493
24,2077,2245490
24,2077,4837694
24,2079,11782613
24,2079,2075164
24,2079,6308765
24,2079,3754990
24,2079,15498760
24,2079,13363629
24,2080,13608588
24,2080,2517030
24,2080,20681929
24,2080,4097462
24,2080,5626765
24,2080,5237696
24,2080,21038646
24,2080,501167
24,2080,11645624
24,2080,13916962
24,2080,15175461
24,2081,57075870
24,2081,1585080
24,2081,1959540
24,2081,38871652
24,2081,23210611
24,2081,10523575
24,2081,15750927
24,2012,950220
24,2013,3602886
24,2081,26061066
24,2081,431416
24,2081,39809513
24,2081,6275571
24,2081,11583914
24,2081,4664308
24,2081,15926203
24,2081,30211382
24,2081,55843224
24,2081,14173682
24,2081,19011084
24,2081,34204735
24,2081,55067136
24,2081,21178766
24,2082,280615
24,2082,2719210
24,2082,12535620
24,2082,15869910
24,2082,8227013
24,2082,15733786
24,2082,17294538
24,2082,5633634
24,2083,6543458
24,2083,6987086
24,2084,26388638
24,2084,6677725
24,2084,13584257
24,2084,1850814
24,2084,3764254
24,2084,17930913
24,2084,16585044
24,2084,10049798
24,2084,10617649
24,2084,16862975
24,2084,9003186
24,2084,30915297
24,2084,35789137
24,2084,22063971
24,2014,2594556
24,2014,1883576
24,2014,2171005
24,2014,6334225
24,2014,6803629
24,2014,6822597
24,2014,7884984
24,2084,36407427
24,2084,32068336
24,2088,9603371
24,2088,20151821
24,2088,13735859
24,2088,18804749
24,2088,1465005
24,2088,16902286
24,2088,31429392
24,2088,3881444
24,2088,26179043
24,2088,8227703
24,2088,8364228
24,2088,21152437
24,2088,23953337
24,2088,29883967
24,2088,35474817
24,2088,34675275
24,2088,27909941
24,2088,39426291
24,2092,42823786
24,2092,25270130
24,2092,21043944
24,2092,4690294
24,2092,6979038
24,2092,7161078
24,2092,35177577
24,2092,1009106
24,2092,13215808
24,2092,2881713
24,2092,15466650
24,2092,8756041
24,2092,22217889
24,2092,13206649
24,2092,24525376
24,2092,27998666
24,2092,28518245
24,2092,33869335
24,2092,7077107
24,2092,38782981
24,2092,28406620
24,2092,15876196
24,2092,16696436
24,2092,4571282
24,2092,11675872
24,2015,3028767
24,2015,5368344
24,2093,3108102
24,2093,5370262
24,2093,21415674
24,2093,23687414
24,2093,17072567
24,2093,18720037
24,2093,25902587
24,2093,3886939
24,2093,5578009
24,2093,7511169
24,2093,25704540
24,2093,10040861
24,2093,25179495
24,2093,29947495
24,2093,40754692
24,2093,32454596
24,2093,20957162
24,2093,23598725
24,2093,46231458
24,2093,23604306
24,2093,24671246
24,2093,26158776
24,2093,953365
24,2093,31938904
24,2093,51431117
24,2093,16510133
24,2093,24913733
24,2093,24962889
24,2093,33043769
24,2093,39729653
24,2094,17421423
24,2094,18660063
24,2094,5512902
24,2094,3656559
24,2094,5306671
24,2094,2469135
24,2096,39101052
24,2096,42765287
24,2096,1453670
24,2096,39214385
24,2096,28839060
24,2096,33854880
24,2096,16166210
24,2096,33565662
24,2096,32674395
24,2096,29171073
24,2096,29365643
24,2096,10668989
24,2096,35663966
24,2016,1324672
24,2016,8725867
24,2016,9869125
24,2016,9357836
26,37,12133810
26,289,10146011
26,289,16422219
26,290,6142959
26,290,2383128
26,290,6058786
26,290,6794473
26,295,10116577
26,303,1860602
26,303,2280766
26,303,4656306
26,308,845888
26,312,3904324
26,312,6026870
26,312,1876573
26,312,6312412
26,312,6405051
26,312,7427419
26,314,1141067
26,315,6293526
26,315,3131413
26,315,2151480
26,319,16262932
26,319,3571915
26,319,24361241
26,319,465957
26,319,4452417
26,319,19988731
26,319,7434816
26,89,11853425
26,89,11797238
26,89,10030712
26,89,116393
26,89,7303613
26,89,1864871
26,322,21038
26,322,360052
26,347,5094397
26,348,2781007
26,348,9379047
26,348,24150637
26,348,25856380
26,348,8468881
26,348,26994255
26,348,5851976
26,349,11305034
26,349,9984564
26,349,20106766
26,349,34639411
26,349,17210643
26,349,29525447
26,349,4061529
26,349,11037531
26,349,4372673
26,349,14245552
26,349,27317331
26,349,27391131
26,352,6427645
26,353,18540741
26,91,9740435
26,91,5755712
26,354,4114612
26,354,15664773
26,354,2379624
26,354,16285987
26,354,19977107
26,355,1351615
26,355,2655326
26,356,11660309
26,356,12388666
26,356,6709773
26,358,1186217
26,358,1436497
26,358,9284450
26,358,2541786
26,358,10030818
26,358,8962469
26,358,15913874
26,358,2821464
26,358,14521
26,358,4982741
26,358,19171697
26,359,10444939
26,359,12497419
26,359,4798581
26,359,8258367
26,360,913865
26,361,16386677
26,361,4901985
26,361,21803134
26,361,3078366
26,361,15295825
26,361,16306504
26,362,171170
26,362,1784172
26,362,5878993
26,362,11122520
26,363,1277401
26,363,3062758
26,363,11858319
26,91,5811187
26,91,13217104
26,91,5320959
26,364,18856343
26,364,22475331
26,364,22699961
26,364,357085
26,364,3023093
26,364,7411758
26,364,9265780
26,365,2568605
26,369,3972252
26,369,7474472
26,369,5013585
26,369,2016780
26,369,7122878
26,371,2017855
26,371,5535046
26,375,557797
26,375,4411469
26,375,256905
26,377,3916081
26,380,12544866
26,380,14509764
26,456,18591
26,96,4468231
26,96,17404495
26,96,2857648
26,96,3770628
26,459,15775038
26,459,19585044
26,459,9727305
26,459,14052015
26,501,103259
26,510,3799018
26,510,33781
26,511,2537146
26,512,4444136
26,512,4963906
26,512,7257013
26,513,8459803
26,518,542031
26,521,6752556
26,521,11991226
26,521,4628973
26,521,6065223
26,521,8597405
26,521,11561565
26,521,586411
26,521,368542
26,521,1455622
26,521,11967477
26,523,4026640
26,524,2296828
26,529,1657275
26,529,20175917
26,529,569680
26,529,34182292
26,529,36977332
26,529,35283713
26,529,38025838
26,529,23726169
26,532,3721908
26,532,8409890
26,532,11672435
26,532,15279871
26,534,73463
26,534,718275
26,537,3850550
26,537,7818587
26,537,9096077
26,537,15177457
26,539,129508
26,540,2292945
26,543,9045026
26,543,3286917
26,543,3992336
26,543,9598691
26,543,9521058
26,544,9211583
26,544,11362483
26,544,1859304
26,545,379944
26,549,5803053
26,549,6067548
26,550,6124710
26,550,1258653
26,550,31470235
26,550,12968637
26,550,26423689
26,550,29781251
26,550,31168841
26,550,4195021
26,550,8008101
26,550,1145294
26,550,10518889
26,97,19852011
26,552,2512461
26,552,2493017
26,552,3390943
26,552,757854
26,554,2654390
26,555,10693231
26,555,7872012
26,555,5123967
26,557,1877734
26,557,2973644
26,557,2858099
26,559,10705864
26,559,17091432
26,559,5769099
26,559,18844223
26,561,18216819
26,561,1928571
26,561,13789102
26,561,5749708
26,565,1200306
26,567,10126978
26,567,11059443
26,568,14080368
26,568,22103764
26,568,12260153
26,570,3716293
26,570,9440430
26,576,6572188
26,576,9181868
26,576,9611346
26,576,2177979
26,576,7550259
26,576,8738172
26,97,14829751
26,97,2467949
26,578,9324898
26,579,6220167
26,579,6179220
26,581,1138815
26,585,6683272
26,585,12124045
26,585,7078733
26,585,12120643
26,585,6533541
26,585,7408311
26,587,1465108
26,587,14874465
26,587,13819626
26,587,8532701
26,587,11550041
26,588,3603458
26,588,5597527
26,588,10662347
26,590,4392838
26,592,16971024
26,594,2791805
26,594,3634003
26,594,10860190
26,596,1891456
26,596,1902503
26,597,2242739
26,610,612775
26,612,4996546
26,613,405902
26,613,1046816
26,103,4354856
26,103,6673050
26,103,1102329
26,103,4461807
26,615,6135658
26,615,3278620
26,615,7948287
26,615,2192676
26,615,6654596
26,616,6331098
26,616,16569007
26,616,4170586
26,617,5986320
26,617,478873
26,617,7887258
26,617,1807251
26,617,15654338
26,622,2504496
26,622,9731228
26,622,18248355
26,624,5170974
26,629,6764698
26,629,4665456
26,105,4241077
26,105,7616395
26,105,9283285
26,632,7977125
26,637,1641591
26,647,4045433
26,648,6190878
26,648,8436578
26,648,10315423
26,648,9955379
26,648,10394349
26,648,24795088
26,648,18217095
26,648,3123850
26,648,26396917
26,650,2491320
26,650,10620223
26,650,12083729
26,651,866983
26,651,15495885
26,651,16601813
26,651,25347396
26,651,19706732
26,651,9250441
26,651,14754151
26,651,5185518
26,651,3708634
26,651,9941272
26,653,1372150
26,656,1721033
26,656,3005358
26,657,3642341
26,657,7695521
26,658,3671949
26,661,5034092
26,661,4415323
26,662,688946
26,663,9151025
26,663,3654299
26,663,5728039
26,663,9678732
26,663,2321893
26,668,19046050
26,37,7769315
26,37,369260
26,38,66158
26,668,16581959
26,668,23089906
26,668,40094524
26,668,5015762
26,668,9154905
26,668,28688527
26,668,8255790
26,671,8035005
26,671,6129420
26,671,16199636
26,671,2384118
26,671,5733888
26,672,969324
26,672,1179694
26,672,1164250
26,672,805541
26,673,3046327
26,673,15791124
26,673,30487846
26,673,22077052
26,673,18159430
26,673,12016448
26,673,26968280
26,673,28088505
26,673,19267247
26,674,25460523
26,674,3840172
26,674,573760
26,674,23649065
26,674,1976576
26,674,1450985
26,674,15858767
26,677,8498540
26,677,3075199
26,117,15219960
26,117,1223846
26,117,2634785
26,117,4714825
26,117,8166865
26,117,12708231
26,117,2635537
26,117,14843644
26,682,9977637
26,682,13136100
26,682,12151458
26,682,8872911
26,682,5519203
26,682,10468098
26,682,5396666
26,683,2347829
26,687,2043063
26,687,907402
26,687,5477070
26,692,1162815
26,728,1785496
26,728,4307192
26,728,2990101
26,729,12797800
26,729,16755242
26,729,12374169
26,729,15085819
26,729,904531
26,729,8262463
26,729,12185247
26,729,3986297
26,729,7075162
26,729,3973468
26,729,4178620
26,729,10333665
26,732,2446479
26,732,3158219
26,732,3423082
26,732,6757782
26,736,33202830
26,736,6180695
26,736,161196
26,736,10031516
26,736,18064793
26,736,31911680
26,736,11576789
26,118,1664985
26,118,3478091
26,118,4061571
26,738,7025185
26,738,20807423
26,738,15401111
26,738,18364681
26,738,32597876
26,738,18034129
26,738,19218829
26,738,15146258
26,738,1410470
26,738,2346464
26,738,2960333
26,739,3174728
26,739,5161055
26,741,7831826
26,741,12473652
26,741,6417366
26,741,5526705
26,741,13782519
26,743,7435216
26,744,2438811
26,744,31758150
26,744,16615655
26,744,13670599
26,744,3791487
26,744,27199416
26,744,26409567
26,744,30909527
26,745,19418914
26,745,21292922
26,745,5726731
26,745,4036337
26,747,1633332
26,747,3497828
26,747,2192705
26,119,37183198
26,119,42571937
26,119,15918028
26,748,14431498
26,748,4491264
26,749,6064725
26,751,4605881
26,751,4855751
26,751,5797994
26,751,8162953
26,752,74109
26,752,238194
26,755,2851270
26,757,10888943
26,757,4089109
26,757,9421969
26,758,2068499
26,759,25091493
26,759,29957623
26,759,19880175
26,759,20818328
26,759,39199413
26,759,37759705
26,759,2843675
26,759,23959777
26,759,3302333
26,759,16963459
26,759,19697469
26,759,4786060
26,759,25438972
26,759,30215682
26,759,9930255
26,759,13226940
26,759,15854870
26,760,2457618
26,760,16770604
26,119,56745899
26,119,13991041
26,119,56952755
26,760,15089765
26,760,9221918
26,760,15422808
26,760,5480029
26,760,18434689
26,765,268084
26,765,3756274
26,765,2622067
26,766,2771130
26,766,4431804
26,767,8120090
26,767,133025
26,767,11443816
26,767,9082357
26,768,19354219
26,768,175251
26,768,398351
26,768,6502090
26,768,10892922
26,768,16314970
26,768,16673287
26,768,21659602
26,769,736326
26,770,1338783
26,770,7666385
26,770,7847823
26,770,22713931
26,770,9417530
26,770,20581749
26,770,8187118
26,770,24745645
26,770,21997144
26,770,12174921
26,770,12414111
26,770,13526011
26,772,2808171
26,119,32448424
26,119,31965031
26,119,1616491
26,773,3284535
26,773,6321535
26,773,12205095
26,773,9153419
26,773,8374232
26,775,5687380
26,775,6190164
26,775,9195114
26,775,12717279
26,781,2405652
26,781,1081842
26,785,24314
26,785,806372
26,786,7350711
26,786,5110445
26,786,1710251
26,786,1912891
26,786,1106040
26,786,6802400
26,786,2291673
26,787,1822389
26,787,969094
26,787,3639681
26,788,6492984
26,788,641627
26,788,2785138
26,788,3201168
26,788,5588119
26,788,86409
26,788,4784332
26,789,5153607
26,789,11651064
26,789,401085
26,789,4721453
26,789,1935956
26,790,685471
26,790,11226170
26,790,10346313
26,790,200604
26,790,9689091
26,792,36157854
26,792,11449232
26,792,20905024
26,792,4816245
26,792,33041647
26,792,13150131
26,792,37152602
26,119,13629114
26,119,7876559
26,792,18821171
26,792,3792006
26,792,14102085
26,792,4281580
26,792,25707922
26,792,23024453
26,792,9519603
26,793,231828
26,794,796138
26,797,13243818
26,797,38189981
26,797,13657741
26,797,9098327
26,797,5826615
26,797,28378986
26,797,18778721
26,797,8263959
26,797,8859799
26,797,35927773
26,797,20982207
26,801,1427056
26,801,6761109
26,802,1792850
26,802,1627229
26,803,5051488
26,120,998541
26,120,592514
26,121,12665611
26,121,6511963
26,121,6427252
26,121,4787815
26,121,18768222
26,121,15452566
26,121,21802580
26,803,14516029
26,803,14308943
26,803,4088534
26,804,2893623
26,804,1821112
26,804,1383100
26,804,1158209
26,804,2408729
26,811,2352100
26,812,284587
26,812,1270145
26,812,3485084
26,812,1158250
26,813,2037335
26,814,3044774
26,817,1158208
26,817,1470382
26,818,4836938
26,818,5385445
26,818,6461974
26,820,4529959
26,823,1739475
26,826,16867693
26,826,823010
26,826,137431
26,826,5309145
26,826,10356695
26,826,12529935
26,826,14283613
26,826,12478404
26,826,2378442
26,827,20991755
26,827,18802044
26,827,18833752
26,827,13166081
26,827,13815110
26,827,6641621
26,827,9179361
26,827,17809515
26,827,13055153
26,827,12538048
26,827,1416545
26,827,943542
26,827,4385982
26,827,15486274
26,828,51854
26,121,2132476
26,121,2323956
26,831,287666
26,837,8465605
26,838,366944
26,839,958056
26,840,1705896
26,840,4895709
26,840,836066
26,845,569638
26,845,3234943
26,846,417420
26,847,3065474
26,847,4233437
26,847,8927657
26,847,6131086
26,847,1904431
26,847,2804583
26,847,11921760
26,848,23053023
26,848,42665413
26,848,52507359
26,848,30999481
26,848,1086808
26,848,6350055
26,848,12675814
26,848,1960655
26,848,46461435
26,848,7017695
26,848,3532905
26,848,4499622
26,848,16946632
26,848,14398037
26,848,49505489
26,848,26889980
26,848,45171245
26,848,13678929
26,886,2478911
26,886,2152424
26,887,3412156
26,887,4385842
26,887,4655113
26,887,7080150
26,122,2054531
26,122,1809042
26,889,4312810
26,889,7037025
26,889,2615794
26,890,3996686
26,890,4717876
26,890,3190904
26,890,351936
26,891,10598275
26,891,5117289
26,891,13964752
26,891,16263093
26,891,4249095
26,891,28695660
26,891,12867820
26,891,32473557
26,891,25774885
26,891,2413973
26,891,7937474
26,893,16895025
26,893,6745914
26,894,20389105
26,894,3061023
26,894,15541376
26,894,7801617
26,894,18475996
26,894,18485748
26,894,21418157
26,123,2526501
26,123,11083330
26,123,5741374
26,123,9299443
26,123,12757563
26,123,14309024
26,123,14227407
26,123,17693237
26,895,10448490
26,895,12898830
26,895,8988756
26,895,8889462
26,896,1401909
26,898,44540043
26,898,5635049
26,898,56539770
26,898,51087614
26,898,25696667
26,898,29912537
26,898,40502727
26,898,8829390
26,898,29050482
26,898,52040187
26,898,39543834
26,898,21403457
26,898,49575822
26,898,21830973
26,898,34990793
26,898,35492513
26,898,45022405
26,899,7309255
26,899,10512240
26,899,761679
26,899,9907707
26,903,31207930
26,903,36164181
26,903,25622161
26,903,26692591
26,903,10753414
26,903,25834019
26,903,39998438
26,903,43554572
26,123,9123
26,123,13973778
26,903,11054965
26,903,14943757
26,903,29318294
26,903,11028839
26,904,4244251
26,904,6245501
26,904,11606900
26,904,13070114
26,912,3077754
26,912,4896844
26,912,10776828
26,912,7388223
26,912,17051940
26,912,3349176
26,912,16050621
26,917,6998372
26,917,16708114
26,917,13129437
26,917,13061589
26,917,17844375
26,917,29249524
26,919,32755488
26,919,21133457
26,124,9894088
26,124,3196463
26,919,1787772
26,919,6397453
26,919,29324272
26,919,31223260
26,919,32230855
26,923,32099410
26,923,475516
26,923,2202026
26,923,11222209
26,923,12476679
26,923,13450679
26,923,16006655
26,923,2833272
26,923,5297852
26,923,32907652
26,923,6304829
26,923,18791177
26,925,11497646
26,925,3562541
26,925,8034947
26,925,8469449
26,925,15458459
26,925,12088530
26,925,12022395
26,925,10225157
26,925,5899510
26,925,13864471
26,929,2962951
26,929,9372278
26,929,8498421
26,929,10304931
26,930,13222497
26,930,1399866
26,930,19369202
26,930,21495686
26,930,14741129
26,132,5036955
26,932,12531557
26,932,8223813
26,932,7472871
26,932,8267734
26,933,4195986
26,933,2198268
26,933,423361
26,933,4262501
26,934,13609428
26,934,13886133
26,934,19028335
26,934,18556638
26,934,22844968
26,934,5361968
26,934,7363069
26,936,1281540
26,936,2163495
26,937,4559770
26,937,14280824
26,937,17113764
26,937,11084653
26,937,1400965
26,937,5593115
26,937,14702836
26,937,24250117
26,937,16238582
26,937,8577467
26,939,4965098
26,939,643160
26,940,5087064
26,940,4009458
26,940,5090103
26,941,4238486
26,941,505504
26,941,2318264
26,941,7140762
26,945,3258957
26,946,310960
26,946,2747230
26,133,3037453
26,133,9691262
26,133,8658823
26,133,14558405
26,133,1906706
26,133,2421202
26,947,1945870
26,947,5397345
26,947,12585781
26,947,2099402
26,947,6847089
26,948,22762557
26,948,13975074
26,948,20876570
26,948,4300112
26,948,905303
26,948,9950765
26,948,34996719
26,951,6785107
26,951,7038387
26,952,13143516
26,952,33586434
26,952,20378103
26,952,2399509
26,952,28586336
26,952,12341511
26,952,15110140
26,952,4940786
26,952,925727
26,953,1841853
26,953,9932901
26,953,6086636
26,953,6446068
26,133,8766854
26,133,12318764
26,149,3347879
26,963,10694344
26,963,7169060
26,964,772015
26,964,545610
26,965,22126
26,966,1848873
26,967,1960146
26,969,6000467
26,969,14147221
26,969,946572
26,969,2334482
26,969,12377854
26,969,7511731
26,969,11955582
26,969,14351412
26,969,7078000
26,969,9613320
26,971,4707896
26,971,3332795
26,971,3082987
26,971,4153337
26,972,6181554
26,973,22695397
26,973,13896245
26,973,22504166
26,973,16997402
26,973,5511978
26,973,2206389
26,973,10849556
26,973,7908213
26,974,8273136
26,974,4492644
26,974,6212805
26,974,49478
26,974,666258
26,974,2272708
26,974,9072373
26,982,450855
26,984,4229170
26,984,1356853
26,984,2372973
26,984,9543696
26,984,4056757
26,987,3719608
26,987,475837
26,988,1699975
26,989,5629734
26,989,25590999
26,989,21638408
26,989,97680
26,989,8213372
26,989,6273795
26,989,7656146
26,989,18436914
26,989,20178894
26,989,20518594
26,989,18868756
26,989,11428389
26,992,1114034
26,993,3977009
26,993,3900071
26,993,2693834
26,994,9556669
26,994,21269741
26,994,16520654
26,994,16628682
26,994,529102
26,994,1838292
26,994,638901
26,994,16612035
26,994,19426248
26,994,4509260
26,994,8637341
26,994,26764849
26,994,1190536
26,996,4054076
26,996,5462186
26,996,7559181
26,996,1708682
26,996,1403395
26,158,7364172
26,997,3662783
26,997,4450103
26,997,8258279
26,999,14909250
26,999,26291530
26,999,26801635
26,999,6335276
26,999,9593584
26,999,12443764
26,999,23957756
26,999,19551051
26,999,21450301
26,999,8319644
26,1000,271942
26,1011,6564868
26,1011,8936902
26,1011,6568205
26,1022,490726
26,1023,8006073
26,1026,6822196
26,1026,1819606
26,1026,1168101
26,1029,557016
26,1029,2216919
26,1031,1480183
26,1031,4147831
26,1031,614909
26,161,16050413
26,161,26483490
26,161,24602898
26,1038,16388480
26,1038,21614129
26,1038,25023723
26,1039,4935014
26,1039,23810989
26,1039,15359928
26,1039,17152924
26,1039,20893477
26,1039,7566769
26,1039,7553700
26,1040,5960954
26,1040,8349230
26,1040,14635914
26,1045,784440
26,1046,5194641
26,1046,4162974
26,1047,2924519
26,1050,6346462
26,1050,397907
26,1052,21728797
26,1052,15603054
26,161,1088580
26,161,4642975
26,161,3443014
26,1052,22876631
26,1052,19079412
26,1062,3434524
26,1062,28327867
26,1062,3048123
26,1062,806062
26,1062,35857839
26,1062,18880964
26,1062,21418166
26,1064,1215670
26,1064,1895421
26,1066,6742807
26,1067,9419332
26,1067,6430023
26,1069,3834918
26,1070,5530868
26,1070,3032770
26,1070,3219640
26,1070,5448834
26,1072,5956057
26,1072,7492169
26,1072,8704314
26,1072,7843904
26,1073,5356525
26,1073,5534305
26,1073,2013678
26,1073,3754489
26,1073,3634951
26,1073,4281121
26,165,20916113
26,165,10045585
26,165,10318944
26,39,6962255
26,1074,9055141
26,1074,8220826
26,1074,4454993
26,1074,623294
26,1075,4365933
26,1075,11060976
26,1075,1677657
26,1075,530126
26,1075,1412180
26,1078,10602143
26,1078,12833965
26,1078,7647043
26,1078,9031990
26,1078,9232177
26,1078,18470687
26,1078,22979263
26,1080,383106
26,1080,21799384
26,1080,20137130
26,1080,19141502
26,1080,19027171
26,1081,4804828
26,1081,4939421
26,1081,1500702
26,1082,8425203
26,1082,2045297
26,1083,12125045
26,1083,13229851
26,1084,16689208
26,1084,11427111
26,1084,23100065
26,165,15011069
26,165,18766529
26,165,22037007
26,165,6611346
26,1084,17383447
26,1084,17594397
26,1088,7985112
26,1088,8340850
26,1088,5519601
26,1088,2986662
26,1089,17592930
26,1089,19949107
26,1089,6220004
26,1089,13630099
26,1089,7373868
26,1089,11593186
26,1089,15868026
26,1089,5548102
26,1089,13887545
26,1090,3728309
26,1090,11024787
26,1090,6039098
26,1091,1347804
26,1092,17561888
26,1092,828221
26,1092,9652974
26,1092,690363
26,1092,9657236
26,1092,12720319
26,1096,517408
26,1096,8337392
26,1114,2142891
26,1114,3596690
26,1117,1320418
26,1117,141011
26,1118,3818102
26,1118,882651
26,1120,7514165
26,1120,14297414
26,173,9308448
26,173,1845119
26,173,3477901
26,1120,11868817
26,1121,806105
26,1121,11799401
26,1123,5228824
26,1123,5797404
26,1123,12250337
26,1123,18426983
26,1123,9907166
26,1123,5040248
26,1123,8585859
26,1124,4927667
26,1124,10158032
26,1124,9717347
26,1124,9010129
26,1125,19333476
26,1125,4098091
26,1125,20530031
26,1125,18487965
26,1125,16460159
26,1127,9239323
26,1128,33559
26,1128,1855826
26,1129,3213946
26,1129,2321050
26,1137,1477980
26,1137,4368491
26,1137,5049341
26,173,10323549
26,173,8162032
26,173,5012168
26,173,9151026
26,173,16023646
26,1138,21788585
26,1138,3396854
26,1138,3530724
26,1138,3473316
26,1138,28865935
26,1138,21749747
26,1138,25768447
26,1138,10993460
26,1138,3222617
26,1140,2181897
26,1141,15784835
26,1141,18262434
26,1141,4579435
26,1141,3304253
26,1142,3413802
26,1143,1700220
26,1143,10279754
26,1143,4400057
26,1144,28204202
26,1144,24964549
26,1144,1744836
26,1144,21848306
26,1144,18410851
26,1144,21520748
26,1145,6593611
26,176,3518804
26,176,262588
26,176,682778
26,176,2370290
26,1146,7690755
26,1146,5470501
26,1147,12205569
26,1147,10163884
26,1147,3343549
26,1147,15812198
26,1147,10740591
26,1147,6991628
26,1147,13202092
26,1148,3006199
26,1148,10286142
26,1151,12487260
26,1151,8025870
26,1151,10376889
26,1151,3478283
26,1151,11977428
26,1153,1240256
26,1153,10429687
26,1155,393525
26,1155,4349148
26,1155,8112128
26,1155,21769724
26,1155,21780374
26,1155,2005636
26,176,2979563
26,176,24023721
26,176,31407021
26,176,18600195
26,1156,4195294
26,1156,13015888
26,1156,9146609
26,1156,2035550
26,1157,2907261
26,1157,2468700
26,1157,740925
26,1159,6217363
26,1161,13751280
26,1161,8362749
26,1161,9461457
26,1164,12024623
26,1164,12209011
26,1164,3253089
26,1167,4700665
26,1167,7755263
26,1168,3548952
26,1169,6531325
26,1169,6312609
26,1169,15702207
26,1169,21316144
26,1169,25294799
26,1169,30518519
26,1175,542189
26,176,31611278
26,176,9053456
26,1177,45783625
26,1177,35263443
26,1177,8976007
26,1177,38240284
26,1177,27167529
26,1177,10343041
26,1177,4091769
26,1177,28393604
26,1177,17960667
26,1178,13064622
26,1178,10948167
26,1178,3410133
26,1178,3672687
26,1178,5329368
26,1181,2928115
26,1181,5124515
26,1181,5134033
26,1181,8117862
26,1183,20453286
26,1183,887445
26,1183,62160991
26,1183,55350163
26,1183,34919093
26,1183,40167635
26,1183,11528429
26,1183,21874115
26,1183,38357178
26,1183,40749742
26,1183,45863667
26,1183,32541872
26,1183,25815063
26,1183,33150915
26,1183,37912364
26,1183,59210986
26,177,20556892
26,1183,68513270
26,1183,70230860
26,1183,49980742
26,1183,70547414
26,1184,14753640
26,1184,8294872
26,1185,3302867
26,1185,5522127
26,1185,4157542
26,1185,5427732
26,1186,13863437
26,1186,20730112
26,1186,27375058
26,1186,29305766
26,1187,4090459
26,1187,4964899
26,1187,1882589
26,1189,3121200
26,1189,10044704
26,1189,352325
26,1189,673305
26,1189,8762497
26,1189,4611816
26,1190,22568301
26,1190,17740562
26,1190,20202652
26,1190,38446278
26,1190,11221676
26,1190,34335401
26,1190,6910178
26,177,9689594
26,177,7154731
26,177,7146060
26,177,12285208
26,177,24042545
26,177,25114785
26,177,26439734
26,1190,25388149
26,1190,45689358
26,1190,59678859
26,1190,52201284
26,1190,52928574
26,1190,3286941
26,1190,13489100
26,1190,65317367
26,1190,57032343
26,1190,57479583
26,1190,38178389
26,1190,49378815
26,1190,40132831
26,1190,11578934
26,1190,26219777
26,1190,26227357
26,1190,53454138
26,1229,2039436
26,1229,2311696
26,1229,6255266
26,1229,4009403
26,1229,3761158
26,1233,6557227
26,1233,3318596
26,1234,31491799
26,1234,2330136
26,1234,39659648
26,1234,33662732
26,1235,1821926
26,180,1843075
26,180,385933
26,1236,9911861
26,1236,2195369
26,1237,34120865
26,1237,19144741
26,1237,17984785
26,1237,13599813
26,1237,32046381
26,1237,1260487
26,1237,47415392
26,1238,5744631
26,1238,18249954
26,1238,28593062
26,1238,19722327
26,1238,26135587
26,1238,3101935
26,1242,1087443
26,1242,7158043
26,1243,12204458
26,1243,4047222
26,1243,4644110
26,1245,3317151
26,1247,9930271
26,181,111446
26,181,10341719
26,181,11817713
26,42,16037776
26,42,17455498
26,42,3924603
26,42,7679442
26,42,161792
26,42,11848087
26,42,18126786
26,1247,11167013
26,1249,14167961
26,1249,12939593
26,1249,13692052
26,1249,4217448
26,1249,692188
26,1259,6906290
26,1260,9526933
26,1261,6727787
26,1261,3313829
26,1268,21776
26,1351,7308295
26,1351,10370428
26,1353,30773502
26,1353,10715218
26,1353,37912593
26,1353,17860010
26,182,3267847
26,182,4290396
26,182,5130074
26,182,7006894
26,1353,42150907
26,1353,12999036
26,1353,42547102
26,1353,10018915
26,1354,5407964
26,1355,2472693
26,1355,2815806
26,1356,975065
26,1356,17343444
26,1358,6296259
26,1358,29617596
26,1358,21758066
26,1358,24637616
26,1358,18938594
26,1358,23777184
26,1358,34133132
26,1358,11970789
26,1359,3784430
26,1359,4157598
26,183,18810455
26,183,1953633
26,183,6295943
26,183,20587277
26,183,22663411
26,183,22677431
26,183,7624786
26,1360,6487106
26,1361,802788
26,1363,3650805
26,1363,2513536
26,1363,1655629
26,1367,5088578
26,1367,4750380
26,1367,6288472
26,1368,2166981
26,1368,3064255
26,1368,19128452
26,1368,19909272
26,1368,1535760
26,1368,10496566
26,1369,5680741
26,1369,10610024
26,1370,388885
26,1372,3519440
26,1372,9213710
26,1372,21890962
26,1373,3503302
26,183,1477731
26,183,25977046
26,183,27956525
26,1374,25022451
26,1374,31316221
26,1374,31736121
26,1374,32176718
26,1374,10182698
26,1374,8109948
26,1374,2994580
26,1374,25504595
26,1374,5456561
26,1374,7362313
26,1374,4900277
26,1375,709537
26,1375,1110560
26,1376,16467620
26,1376,55037547
26,1376,10299269
26,1376,53915534
26,1376,6122758
26,1376,26129521
26,1376,66088668
26,1376,37743840
26,1376,2258607
26,1376,36269428
26,1376,55254919
26,1376,21319806
26,1376,22969736
26,1376,31352925
26,1376,15422001
26,1376,39621134
26,1376,32240642
26,1376,6136855
26,1376,43205116
26,1376,33478557
26,1379,5786057
26,1379,7318500
26,1382,3936495
26,1382,5986958
26,1382,3652961
26,1382,7431301
26,184,13481538
26,184,14282447
26,1383,432209
26,1383,7757612
26,1383,13115067
26,1383,10815339
26,1385,99161
26,1386,3522479
26,1386,3839200
26,1388,25401277
26,1388,20416284
26,1388,8060826
26,1388,17118690
26,1388,23752148
26,1388,7734820
26,1388,31397964
26,1388,28220566
26,1388,6395088
26,1388,14180073
26,1388,6989584
26,1389,14965533
26,1389,232114
26,1389,16004794
26,1390,2251435
26,1390,1079677
26,1394,1148307
26,1394,4889619
26,1394,889045
26,1395,6072319
26,1395,6172029
26,1396,2235161
26,1396,2405881
26,184,5361476
26,184,8166803
26,1397,2209144
26,1398,1335895
26,1398,7342884
26,1400,814931
26,1400,200505
26,1401,21792802
26,1401,4568844
26,1401,30024350
26,1401,34321155
26,1401,8963609
26,1401,10551922
26,1401,14218653
26,1401,14264923
26,1401,7331781
26,1401,5458915
26,1401,9932986
26,1401,30973466
26,1401,32667769
26,1402,28529
26,1402,6284831
26,1402,7211563
26,1402,162013
26,1403,8593557
26,1403,7662012
26,1403,5083153
26,1403,6291374
26,1403,7234481
26,1404,5086142
26,1404,1097716
26,1404,1094540
26,1405,18091320
26,185,185511
26,1406,33798626
26,1406,13882681
26,1406,33893711
26,1406,14081738
26,1406,31623298
26,1406,31390130
26,1406,33261260
26,1406,22914639
26,1407,439408
26,1409,9235598
26,1409,1090631
26,1409,6766294
26,186,16277330
26,186,2973907
26,186,25949141
26,186,19417257
26,186,27309619
26,186,18794295
26,186,25522535
26,188,4968931
26,188,3209126
26,189,5038848
26,189,4674876
26,189,6785356
26,43,2944981
26,43,5378097
26,193,24879821
26,193,7792248
26,193,7874398
26,193,5230866
26,193,9888775
26,193,18116175
26,193,13748292
26,193,17737248
26,193,10652281
26,193,19526943
26,193,9583124
26,193,3465337
26,193,27763148
26,193,27801822
26,194,4257608
26,194,5516601
26,194,222364
26,194,3020404
26,195,3350427
26,195,5180853
26,195,1983340
26,195,12152007
26,198,1719410
26,198,14174438
26,199,12430707
26,199,209646
26,200,4202652
26,200,6387232
26,200,24443151
26,200,24738619
26,44,4498602
26,44,5042976
26,48,4097152
26,48,9327074
26,200,19165602
26,200,11360987
26,200,12575877
26,200,21031068
26,200,2380705
26,202,1790794
26,203,2671573
26,203,3210448
26,204,39468674
26,204,9039326
26,204,25358404
26,204,26999562
26,205,27909917
26,205,4364109
26,205,32987843
26,205,12633219
26,205,36184975
26,205,1616583
26,205,19131606
26,205,15281404
26,205,18469821
26,205,28405729
26,268,4187602
26,268,9701842
26,268,9907120
26,268,1868128
26,51,79317
26,51,1317517
26,60,56711
26,60,161823
26,60,966363
26,60,1376277
26,60,268768
26,269,5714565
26,269,8231720
26,271,262039
26,271,787634
26,271,3762246
26,271,4597763
26,271,12375157
26,277,3880032
26,277,5375938
26,277,12494041
26,281,13503303
26,281,28239391
26,281,19722288
26,281,9238984
26,281,4973879
26,281,9631167
26,281,27663155
26,281,2165337
26,281,19129461
26,281,26153623
26,281,189685
26,282,4740821
26,65,403780
26,66,2656052
26,67,1719413
26,69,146942
26,70,266867
26,72,1165246
26,283,6119919
26,283,5295302
26,283,7579851
26,283,9703025
26,284,5450954
26,284,6363971
26,284,23071139
26,284,17522262
26,284,25961674
26,284,31443783
26,284,2921530
26,284,32864692
26,284,32471521
26,287,35496595
26,287,6380086
26,287,35900646
26,287,21577959
26,287,25590809
26,287,4535283
26,287,8669043
26,287,10745127
26,287,24778625
26,287,40615818
26,287,1126348
26,287,21966558
26,287,24486208
26,287,5124660
26,287,7758724
26,287,38509926
26,287,9318193
26,288,2649588
26,75,935148
26,88,3568915
26,88,3771048
26,1750,30426496
26,1750,34674719
26,1750,35323499
26,1750,24249518
26,1750,14491525
26,1750,17031175
26,1899,3754717
26,1899,1197970
26,1899,2646328
26,1942,181937
26,1943,2643180
26,1943,3245232
26,1944,1560418
26,1945,6426118
26,1945,6396573
26,1946,1831121
26,1948,5925950
26,1948,6807095
26,1949,503416
26,1951,42907
26,1951,2489166
26,1951,12890489
26,1951,14446954
26,1951,3665855
26,1951,4556135
26,1951,1126101
26,1955,6526860
26,1955,5020619
26,1955,8660538
26,1955,10027857
26,1957,4441884
26,1957,1631542
26,1957,1854205
26,1958,3053084
26,1958,2416663
26,1968,697993
26,1968,19990722
26,1968,11990620
26,1968,823880
26,1767,4348191
26,1767,4982814
26,1416,9574396
26,1416,4902748
26,1416,2924365
26,1416,29070541
26,1416,13003593
26,1416,25770423
26,1417,7660135
26,1417,8483575
26,1417,28336105
26,1417,22771155
26,1417,11979462
26,1417,13975362
26,1417,26000034
26,1417,12531448
26,1417,13171238
26,1417,20018958
26,1418,1158287
26,1418,14196932
26,1418,4391369
26,1419,682371
26,1419,1560902
26,1419,4472072
26,1420,1541954
26,1420,5812221
26,1420,3129846
26,1420,5742317
26,1769,5999145
26,1769,4981297
26,1769,6078937
26,1769,1658124
26,1423,8965631
26,1423,48092460
26,1423,22883509
26,1423,820419
26,1423,18988638
26,1423,24129767
26,1423,51630238
26,1423,28604025
26,1423,38728544
26,1423,40500913
26,1423,7944832
26,1423,16464579
26,1423,31603449
26,1425,3383472
26,1425,3148925
26,1425,9714849
26,1425,14947963
26,1425,9520530
26,1425,9235198
26,1425,5604770
26,1430,53849948
26,1430,56410698
26,1430,34562258
26,1430,44131086
26,1430,57846255
26,1430,69574678
26,1430,15940521
26,1430,28439147
26,1430,28819217
26,1430,33309417
26,1430,30495376
26,1430,80101336
26,1430,5217391
26,1430,18194219
26,1430,122144968
26,1430,82314787
26,1770,1713663
26,1430,36806313
26,1430,113492383
26,1430,19896247
26,1430,50587910
26,1430,114280192
26,1430,61379021
26,1430,80652858
26,1430,81668778
26,1430,84210688
26,1430,107305847
26,1430,79874470
26,1430,63703340
26,1430,66453176
26,1430,46224794
26,1430,83624891
26,1430,97559419
26,1430,112762977
26,1430,29412450
26,1430,29447260
26,1430,60156559
26,1430,14061810
26,1430,15928400
26,1430,8811863
26,1430,96555278
26,1432,1923907
26,1432,1617356
26,1436,3285615
26,1437,3030724
26,1437,5115439
26,1437,5163600
26,1437,14763169
26,1437,15750782
26,1438,48096465
26,1438,73139710
26,1438,32238259
26,1771,6921277
26,1771,6011608
26,1771,8388360
26,1438,65604859
26,1438,15862458
26,1438,63769118
26,1438,1926421
26,1438,75737
26,1438,47456279
26,1438,6210533
26,1438,66225720
26,1438,37106370
26,1446,20107635
26,1446,35128342
26,1446,24248916
26,1446,989800
26,1446,9687050
26,1446,14813790
26,1446,44659230
26,1446,11576867
26,1446,19233792
26,1446,6918769
26,1446,67375966
26,1446,41830666
26,1446,1570006
26,1446,12617221
26,1446,10322183
26,1446,56481985
26,1446,33071491
26,1446,48901268
26,1446,21426036
26,1446,1091052
26,1446,28825194
26,1446,47550819
26,1446,53995645
26,1447,2584185
26,1447,3726823
26,1447,3249018
26,1772,4732509
26,1449,69816139
26,1449,46616050
26,1449,56148148
26,1449,6118722
26,1449,72785399
26,1449,22474846
26,1449,43487613
26,1449,64483709
26,1449,63655455
26,1449,11906950
26,1449,13496860
26,1449,21338742
26,1449,27985488
26,1449,48772569
26,1449,4650769
26,1449,6486215
26,1449,9150025
26,1449,35752411
26,1449,22518184
26,1449,68859158
26,1449,41969963
26,1449,2761520
26,1449,1277551
26,1451,16096182
26,1451,2541133
26,1451,13628065
26,1451,11863359
26,1451,6134899
26,1452,3568040
26,1452,955167
26,1452,476296
26,1452,2240332
26,1452,11638253
26,1455,35412
26,1455,827646
26,1457,13712233
26,1457,21771823
26,1457,8191894
26,1457,2720306
26,1457,5969196
26,1457,2384849
26,1457,8078389
26,1773,2951061
26,1457,23263068
26,1458,7397222
26,1458,12034273
26,1458,14130630
26,1458,21199267
26,1458,24857122
26,1458,9620866
26,1458,10161186
26,1459,20932255
26,1459,18785963
26,1459,16348293
26,1459,4016506
26,1460,6992129
26,1460,7959663
26,1460,11469173
26,1460,3355224
26,1461,6783127
26,1461,2349728
26,1461,1787661
26,1461,9941050
26,1463,11542806
26,1463,467622
26,1464,12216289
26,1464,26199846
26,1464,3693503
26,1464,693095
26,1464,2584685
26,1464,26202195
26,1464,20142848
26,1464,5052786
26,1774,15584249
26,1774,7419684
26,1465,1723022
26,1466,14940603
26,1466,13716580
26,1466,38483546
26,1466,33884979
26,1466,40542133
26,1466,23522720
26,1466,10733984
26,1466,11668142
26,1466,26542507
26,1466,19792841
26,1466,25842611
26,1466,19839405
26,1466,19064499
26,1467,2333402
26,1468,3187518
26,1468,4721854
26,1469,3254834
26,1470,1299004
26,1470,6351524
26,1470,15570308
26,1470,18739849
26,1470,16870840
26,1473,344801
26,1474,522338
26,1475,7423168
26,1475,28567294
26,1475,5217191
26,1475,37246876
26,1475,7461644
26,1475,9848952
26,1475,30849945
26,1774,9841513
26,1475,21284329
26,1475,7700320
26,1477,9284140
26,1477,5267512
26,1477,10915847
26,1477,17911374
26,1477,11607511
26,1477,17858743
26,1477,8411378
26,1477,19709735
26,1477,26888755
26,1479,801831
26,1480,2902636
26,1480,2898135
26,1484,13567270
26,1485,46148489
26,1485,23683789
26,1485,18792186
26,1485,49735567
26,1485,32880762
26,1485,33574799
26,1485,1085790
26,1485,64355053
26,1485,54146936
26,1485,25061653
26,1485,74409095
26,1777,5393833
26,1777,7293782
26,1485,2401356
26,1485,33057554
26,1485,63777411
26,1485,45497626
26,1485,22775952
26,1485,73689971
26,1485,67598246
26,1485,64690014
26,1485,6098993
26,1486,2632615
26,1487,18996808
26,1487,28874672
26,1489,8671447
26,1489,478557
26,1489,8933832
26,1489,6500839
26,1489,9666819
26,1489,12438939
26,1492,6052519
26,1493,8708016
26,1493,3945975
26,1493,5369282
26,1778,1078866
26,1750,25190855
26,1750,839495
26,1750,33568301
26,1494,4953139
26,1494,1193226
26,1495,1878862
26,1497,40033539
26,1497,11174747
26,1497,35810261
26,1497,61761006
26,1497,53757148
26,1497,63572705
26,1499,11191146
26,1499,800689
26,1499,34748110
26,1499,28985454
26,1499,16290398
26,1499,27397392
26,1500,9356073
26,1502,481830
26,1502,938018
26,1503,3335453
26,1503,4893127
26,1503,11157728
26,1503,11217279
26,1503,3158218
26,1505,1530108
26,1505,10009685
26,1505,773292
26,1780,17744810
26,1780,11051488
26,1780,3985920
26,1780,11425182
26,1780,18489801
26,1508,15888952
26,1508,14810859
26,1508,25289189
26,1508,19248977
26,1508,9527036
26,1508,17898028
26,1508,8792052
26,1508,18651650
26,1508,22747956
26,1509,1336023
26,1509,1609832
26,1510,3401510
26,1510,3641987
26,1510,16735318
26,1511,31150682
26,1511,1747116
26,1511,10636639
26,1511,2285485
26,1511,22182126
26,1511,38835884
26,1511,3186042
26,1511,481113
26,1511,8558067
26,1511,23974877
26,1512,629786
26,1515,6859017
26,1516,601036
26,1516,6892058
26,1517,11127274
26,1517,16037463
26,1517,3069458
26,1517,10675757
26,1518,324146
26,1518,11948575
26,1518,22052760
26,1518,39370202
26,1518,24261823
26,1518,33038538
26,1518,39704515
26,1518,24079762
26,1518,52302526
26,1518,61062184
26,1518,56911284
26,1518,60647962
26,1518,44513511
26,1518,30200459
26,1518,52799497
26,1518,21981865
26,1518,849058
26,1518,24515500
26,1518,62310859
26,1518,7685240
26,1519,6642592
26,1519,29838018
26,1519,23758280
26,1519,19917584
26,1519,25757124
26,1519,28278164
26,1519,35012414
26,1519,3548901
26,1519,26356999
26,1781,23788829
26,1781,2110634
26,1781,3634324
26,1523,6804323
26,1523,10068159
26,1523,10155865
26,1523,6000966
26,1523,6690051
26,1527,18220457
26,1527,2830955
26,1527,10899794
26,1527,15684775
26,1527,15001403
26,1527,19907889
26,1527,8498320
26,1528,3157207
26,1528,5546375
26,1541,6476924
26,1541,8788284
26,1541,11128867
26,1541,3203728
26,1541,5538319
26,1541,10424355
26,1542,3137579
26,1542,3379014
26,1542,2387831
26,1543,16156975
26,1543,15384667
26,1781,14777941
26,1781,13424063
26,1544,22913277
26,1544,21767822
26,1544,1484559
26,1546,5981016
26,1546,10426112
26,1546,5913004
26,1547,1181116
26,1550,8959040
26,1550,4053085
26,1550,4897121
26,1551,4376852
26,1552,8938304
26,1552,16348882
26,1552,2021915
26,1552,4655875
26,1552,7497555
26,1552,12746269
26,1553,1446577
26,1553,85512
26,1553,1619485
26,1554,37341657
26,1554,12027682
26,1782,334045
26,1554,16125414
26,1554,18674249
26,1554,46694133
26,1554,38744306
26,1554,6771710
26,1557,1346262
26,1558,2344325
26,1671,230292
26,1672,182520
26,1675,1036630
26,1676,2734554
26,1676,742259
26,1679,1271723
26,1681,2704305
26,1682,150601
26,1682,2415166
26,1682,3227846
26,1682,4055486
26,1683,5383758
26,1683,10684319
26,1683,9931853
26,1683,59439
26,1683,682664
26,1683,5119344
26,1684,5920043
26,1687,30992217
26,1687,14814856
26,1687,16327836
26,1687,27357896
26,1687,23384974
26,1687,25390544
26,1783,19992155
26,1783,6687544
26,1783,12394277
26,1783,39133867
26,1687,37995931
26,1687,31210516
26,1687,38160456
26,1687,44312432
26,1687,44314792
26,1687,44344062
26,1687,45930808
26,1687,24103798
26,1687,48415554
26,1687,35883762
26,1687,11828962
26,1687,45290607
26,1687,32542994
26,1688,666928
26,1688,3986418
26,1688,38391102
26,1688,21811270
26,1688,1844497
26,1688,1303134
26,1688,38458428
26,1688,25236896
26,1688,1539503
26,1689,5891279
26,1689,5522818
26,1689,6105048
26,1689,869534
26,1689,8690852
26,1691,1748973
26,1691,508076
26,1691,2450751
26,1693,430200
26,1693,10611907
26,1693,9389624
26,1693,12612695
26,1695,26971768
26,1695,22774609
26,1695,23261870
26,1783,24706674
26,1783,9664091
26,1695,1511577
26,1695,25755411
26,1695,11941599
26,1695,32240339
26,1699,3553021
26,1699,5587331
26,1699,2367595
26,1701,14997422
26,1701,16146874
26,1701,21704856
26,1703,719662
26,1705,1283987
26,1705,3149878
26,1705,909659
26,1707,31338619
26,1707,10748402
26,1707,16956774
26,1707,27132436
26,1707,19420635
26,1707,21892875
26,1707,9100604
26,1707,11570285
26,1707,35917420
26,1708,835839
26,1709,13576902
26,1709,7061119
26,1709,19734176
26,1709,19276471
26,1709,12965913
26,1709,6792000
26,1783,28320222
26,1783,37577089
26,1783,20054498
26,1709,8517285
26,1712,715841
26,1713,5946966
26,1713,9372636
26,1713,29051243
26,1713,29269379
26,1713,929672
26,1713,6074292
26,1713,37718851
26,1713,30738755
26,1713,10077339
26,1713,18568769
26,1713,17575454
26,1713,19434124
26,1714,17956433
26,1714,15985521
26,1714,9459334
26,1714,15922698
26,1715,262596
26,1716,16878319
26,1716,8438287
26,1717,5841776
26,1717,2730209
26,1717,13023324
26,1719,1389657
26,1719,2875000
26,1719,8244438
26,1719,3116669
26,1721,6105014
26,1721,7501114
26,1789,54659081
26,1789,22068171
26,1789,49653528
26,1789,3005878
26,1721,17911168
26,1721,17842441
26,1721,22588399
26,1721,20263803
26,1721,7297421
26,1722,2486035
26,1722,320843
26,1723,1226276
26,1723,4040240
26,1723,6737181
26,1723,10721252
26,1723,5696007
26,1724,30887859
26,1724,31505939
26,1724,3521965
26,1724,4363764
26,1724,4367388
26,1724,6480928
26,1724,18752873
26,1727,36439831
26,1727,41229378
26,1727,16392541
26,1727,16912568
26,1727,24786047
26,1731,469517
26,1731,869249
26,1789,42342227
26,1789,11206736
26,1789,24338202
26,1789,48369386
26,1789,50944876
26,1750,26729713
26,1750,4529767
26,1750,22600670
26,1750,34281487
26,1732,13416341
26,1732,3193506
26,1732,8538073
26,1732,13902253
26,1733,22939890
26,1733,18105575
26,1733,9374709
26,1733,3877341
26,1733,3289717
26,1733,5911488
26,1733,15402170
26,1734,759076
26,1736,495998
26,1737,456340
26,1738,992841
26,1739,1899428
26,1741,244118
26,1741,3412169
26,1741,1394301
26,1741,2352871
26,1744,4952659
26,1744,16726277
26,1744,28076882
26,1744,12656698
26,1744,23238235
26,1744,25124383
26,1746,2976978
26,1746,23645970
26,1746,25201310
26,1746,7080166
26,1746,26196788
26,1746,23200511
26,1746,9988060
26,1746,31837211
26,1746,950607
26,1746,1501689
26,1748,415866
26,1748,6602348
26,1748,970245
26,1789,6429291
26,1789,34107224
26,1791,24713534
26,1791,7056722
26,1791,20180482
26,1791,33249660
26,1791,8752358
26,1791,2126104
26,1791,18213420
26,1791,15903014
26,1792,178570
26,1792,1099903
26,1792,5534449
26,1792,6881066
26,1795,5076017
26,1795,7645702
26,1797,44217283
26,1797,8698573
26,1797,8835504
26,1797,24736443
26,1751,6476797
26,1797,12156990
26,1797,28816826
26,1797,9470091
26,1798,19787229
26,1798,20174649
26,1798,8237813
26,1798,269185
26,1798,23887040
26,1799,5601780
26,1801,18712741
26,1801,19232815
26,1801,12377508
26,1801,14961014
26,1801,1970853
26,1802,380287
26,1802,5432931
26,1802,4446408
26,1802,7210940
26,1802,8025993
26,1802,547034
26,1802,67215
26,1805,2943919
26,1805,2625357
26,1805,2529035
26,1808,129767
26,1810,16114847
26,1810,7003269
26,1810,8878574
26,1812,4605912
26,1812,3699683
26,1816,6475455
26,1816,33527096
26,1816,33256268
26,1816,8457766
26,1816,29051571
26,1816,25076923
26,1816,15329449
26,1818,5010365
26,1818,777944
26,1819,2045383
26,1819,6232097
26,1819,5285529
26,1819,6126135
26,1819,2526772
26,1820,14863135
26,1820,14058704
26,1820,6338355
26,1820,12320479
26,1820,1630351
26,1820,2081830
26,1822,2215544
26,1822,1126797
26,1822,7435807
26,1823,15459091
26,1823,3901812
26,1823,14823837
26,1823,14507103
26,1823,7206854
26,1823,11848554
26,1753,2689589
26,1754,4441827
26,1754,4510245
26,1754,289995
26,1824,29549145
26,1824,10694226
26,1824,2195426
26,1824,45667642
26,1824,5694682
26,1824,37592829
26,1824,31336429
26,1824,24035544
26,1824,26676254
26,1824,4274578
26,1827,21667183
26,1827,18893988
26,1827,16895551
26,1827,11097046
26,1827,13786443
26,1827,10125932
26,1827,9076920
26,1828,6505550
26,1828,9784238
26,1828,5729578
26,1828,8700625
26,1829,3697963
26,1829,5648351
26,1830,6863096
26,1831,1898778
26,1832,22936988
26,1832,13297897
26,1832,446848
26,1832,2926029
26,1832,10707108
26,1832,16570748
26,1832,41153506
26,1755,3003857
26,1832,39028602
26,1832,8988475
26,1832,44988477
26,1832,4229830
26,1832,22981842
26,1834,13666793
26,1834,19961658
26,1834,5642693
26,1835,13710627
26,1835,6619326
26,1835,22129487
26,1835,25337047
26,1835,19304594
26,1835,25529429
26,1835,25661836
26,1836,1620340
26,1836,2455290
26,1837,3190134
26,1837,3466441
26,1839,4665320
26,1839,2711249
26,1841,16332920
26,1841,7979831
26,1841,783905
26,1841,3368732
26,1757,12311719
26,1757,6323068
26,1757,14459541
26,1757,6562169
26,1757,2727014
26,1757,5478611
26,1841,2803269
26,1841,7725636
26,1841,12059497
26,1882,3727896
26,1882,652403
26,1882,10468369
26,1882,8215622
26,1882,270225
26,1883,9516502
26,1883,3937770
26,1886,6770564
26,1886,3007033
26,1887,5756210
26,1888,862170
26,1889,12415364
26,1889,7376596
26,1889,8658968
26,1889,1677512
26,1889,7204159
26,1892,705834
26,1892,898086
26,1893,292844
26,1893,9443002
26,1893,26960657
26,1893,21758761
26,1893,4552291
26,1758,7281853
26,1758,2115865
26,1758,8221755
26,1893,22221256
26,1893,27938039
26,1893,8560182
26,1894,42390580
26,1894,8941588
26,1894,14260808
26,1894,19591512
26,1894,39271807
26,1894,52611706
26,1894,36076715
26,1894,46489081
26,1894,47911091
26,1894,23335878
26,1894,39503681
26,1894,36454685
26,1894,2111406
26,1894,51305557
26,1895,15118915
26,1895,7811901
26,1895,21096024
26,1895,21987262
26,1895,44649185
26,1895,16891190
26,1895,1736424
26,1895,3767194
26,1895,16839071
26,1895,38187729
26,1895,42423884
26,1896,1698891
26,1897,3933806
26,1766,3998704
26,1766,4328156
10,4716,4125136
10,4716,536835
10,4718,1864292
10,4721,2122977
10,5203,261994
10,5238,3338429
10,5238,2841493
10,5244,5215043
10,5244,101354
10,5251,571326
10,5328,2019853
10,5345,4226594
10,5346,2683561
10,5346,5797199
10,5389,7108
10,5391,533087
10,5391,1196187
10,5394,4769416
10,5395,1099136
10,5398,3297008
10,5398,4644131
10,5400,817968
10,5451,4707168
10,5452,2286745
10,5456,1708722
10,5460,1349825
10,5610,3053808
10,5610,747737
10,5611,3936
10,5614,1816734
10,5615,2129710
10,5624,6963403
10,5631,4656262
10,5689,487691
10,5694,771119
10,4736,4531834
10,5704,1877964
10,5754,1540566
10,5758,2138611
10,5825,2417854
10,5826,2763570
10,5834,3659963
10,5834,1543705
10,5834,4312341
10,5835,3259619
10,5896,3309350
10,3401,2104024
10,3405,1890201
10,3493,565217
10,3505,1080361
10,3507,1205160
10,3507,880956
10,3511,2910727
10,3511,1830384
10,3549,584427
10,3559,2726113
10,3565,2087228
10,3621,3426929
10,3621,3980175
10,3654,4108608
10,3660,2593351
10,3706,2538657
10,3707,1940350
10,3728,7729613
10,3728,1923830
10,3737,2924222
10,3740,3158261
10,3744,1961554
10,3745,2994179
10,3747,5830272
10,3747,3710419
10,4739,1316518
10,4741,3483399
10,4742,2070201
10,3748,1502454
10,3760,1789052
10,3761,1169350
10,3777,1373745
10,3795,3375909
10,3850,5694193
10,3850,2934700
10,3850,2410510
10,3850,1952431
10,3852,1061980
10,3859,33924
10,3869,12553616
10,3869,4857927
10,3869,7502560
10,3869,6174038
10,3935,3954163
10,3937,517016
10,4183,2709781
10,4184,3468253
10,4192,45009
10,4254,644333
10,4257,2166411
10,4263,10685
10,4265,2330184
10,4266,2342796
10,4266,22465
10,4269,343009
10,4297,2794880
10,4305,58850
10,4305,2639933
10,4314,2058544
10,4314,2617125
10,4328,52679
10,4451,10731
10,4453,2789673
10,4464,429495
10,4466,2666048
10,4466,1450444
10,4466,224190
10,4554,42832
10,4554,204250
10,4555,2775712
10,4556,402856
10,4804,3261705
10,4808,5169999
10,4809,4036125
10,4809,339931
10,4557,7899404
10,4672,4551763
10,4677,1583349
10,4699,1695315
10,4701,685524
10,4702,2182829
10,4703,3470417
10,4705,378782
10,4707,25052
10,4812,712186
10,4856,2017366
10,4857,5496791
10,4857,6069891
10,4859,4856847
10,4866,8045915
10,4866,12442338
10,4867,350935
10,4874,463199
10,4937,2004032
10,4937,1305158
10,5097,1687208
10,5099,1775791
10,5099,1244359
10,5102,623178
10,5102,2034915
10,5104,2355120
10,5155,14720
10,5157,594409
10,5157,6473831
10,5157,11906460
10,5158,2179658
10,5159,3755729
10,5159,685553
10,5159,35428
10,5170,2409029
10,5186,2691452
12,6025,13579888
12,4875,14929903
12,4875,1682484
12,4875,7616943
12,4876,3563848
12,4876,21290276
12,4876,2399
12,4876,19925245
12,4876,20529751
12,4876,2701546
12,4877,401142
12,4878,4198225
12,4880,838888
12,4880,1511042
12,4881,963501
12,4881,551452
12,4881,2384647
12,4882,583094
12,4883,20535913
12,4883,49441001
12,4883,3987012
12,4883,16450900
12,4883,27726326
12,4883,20747480
12,4883,50225750
12,4883,7043670
12,4883,12706516
12,4883,32918465
12,4883,59856294
12,4883,21469595
12,4883,21943418
12,4883,9146656
12,4888,30335204
12,4888,21977786
12,4888,10902146
12,4888,37704053
12,4888,16838650
12,4888,31058802
12,4888,6932633
12,4888,23926724
12,4888,3057505
12,4888,13386247
12,4891,5522029
12,4891,6355538
12,4895,802197
12,4895,3589979
12,4895,2420141
12,6037,86222226
12,6037,8109696
12,6037,44044819
12,6037,44592363
12,4897,26697044
12,4897,27099908
12,4897,467560
12,4897,43960301
12,4897,49440274
12,4897,16484753
12,4897,43467069
12,4897,26195904
12,4897,2247669
12,4897,32520642
12,4897,32886906
12,4897,11071069
12,4897,38936561
12,4897,55608240
12,4897,11743888
12,4897,53550322
12,4898,14147453
12,4898,3677621
12,4898,11958662
12,4899,3503536
12,4899,1190792
12,4900,2006901
12,4901,6730739
12,4901,630250
12,4901,937508
12,4902,442537
12,4905,514065
12,4905,1091543
12,4905,5191385
12,4908,37089883
12,4908,34308867
12,4908,1836212
12,4908,1855746
12,4908,20936057
12,4908,11972729
12,4908,17495030
12,4908,18534008
12,4911,3085958
12,4911,2636411
12,4912,300962
12,6037,52293931
12,6037,64504781
12,6037,2688097
12,4913,45772443
12,4913,54998763
12,4913,53950445
12,4913,48896303
12,4913,40043314
12,4913,60748652
12,4913,16961856
12,4913,42415780
12,4913,13930341
12,4913,5924182
12,4913,56157882
12,4913,58679576
12,4913,11388329
12,4914,10541004
12,4914,4228139
12,4914,39026630
12,4914,37944670
12,4914,6058260
12,4914,19446272
12,4914,32384244
12,4915,19788907
12,4915,16662715
12,4915,18116969
12,4915,18416476
12,4915,10930966
12,4915,23503657
12,4915,11436740
12,4915,28703834
12,4925,2972417
12,4925,896330
12,4925,12937213
12,4925,13238844
12,4926,1463747
12,4927,42573706
12,4927,2581607
12,4927,8499786
12,6037,47819389
12,6037,49768040
12,6037,11714245
12,6037,5644726
12,6037,62516501
12,4927,45078347
12,4927,41566832
12,4927,6300711
12,4927,10001911
12,4927,40998092
12,4927,7952090
12,4928,717041
12,4928,1417831
12,4936,1265495
12,4936,6667406
12,4936,4761028
12,4937,11948877
12,4937,12090421
12,4937,10869457
12,4938,392481
12,4939,8151715
12,4939,8465467
12,4939,7079559
12,4939,11199466
12,4939,1933760
12,4940,14793814
12,4940,18584131
12,4940,13432664
12,4940,12173242
12,4940,2501493
12,4941,2751853
12,4941,10626422
12,4941,568550
12,4941,16983387
12,5039,3782832
12,5039,5399794
12,5039,12221556
12,5039,2690899
12,5039,16325243
12,5039,714486
12,5039,7037717
12,5039,12360885
12,5041,4066313
12,5042,7833656
12,5042,2591760
12,5042,3914993
12,5043,7396070
12,5043,11909101
12,5043,3185323
12,6037,26043152
12,6037,3852993
12,6037,3710564
12,6037,63398221
12,6037,6036007
12,5064,12315561
12,5065,2206096
12,5065,17094126
12,5065,7750206
12,5065,12361636
12,5065,12650287
12,5065,20273027
12,5065,24458816
12,5065,34982210
12,5065,7002663
12,5065,7200196
12,5066,2591699
12,5102,95123
12,5103,12499662
12,5103,14380626
12,5103,10835374
12,5103,27530098
12,5106,17428814
12,5106,13151556
12,5106,4555423
12,5106,194215
12,5108,3148281
12,5108,2170423
12,5108,2767412
12,5111,30092584
12,5111,11118457
12,5111,21375222
12,5111,20927854
12,5111,12016915
12,5111,5524898
12,5111,5561151
12,5111,30557168
12,5111,31222048
12,5114,44248951
12,5114,43779015
12,5114,190937
12,5114,2505636
12,5114,16422284
12,5114,7556520
12,5114,40201882
12,5114,9972053
12,5114,49135991
12,5114,48443053
12,5115,16798520
12,5115,11611433
12,5115,23936292
12,5115,3199905
12,5115,3960772
12,5115,4517966
12,5117,7808734
12,5117,11422542
12,5117,12122288
12,5117,8775638
12,5117,908735
12,5117,5955384
12,5119,3763843
12,5119,15100471
12,5119,1562553
12,5119,35786373
12,5119,5646940
12,5119,10264327
12,5119,23700719
12,5119,41027366
12,5119,33707875
12,5119,11404130
12,5119,34601200
12,5119,22634524
12,5119,18926738
12,5119,11968390
12,5119,30565586
12,5120,9971871
12,5120,464563
12,5124,4369964
12,5124,11394914
12,5124,1940469
12,5124,2579538
12,6037,83919945
12,6037,13993631
12,6037,33301986
12,6037,33370478
12,6037,17594421
12,6037,12986222
12,6037,21415699
12,6037,46320914
12,5125,230045
12,5127,13151804
12,5127,11992568
12,5127,6119095
12,5127,9945812
12,5127,11138175
12,5128,6130563
12,5129,22121393
12,5129,23319094
12,5129,2008681
12,5130,17205759
12,5130,35635778
12,5130,21540173
12,5130,15393281
12,5130,30197478
12,5130,2713860
12,5130,11507948
12,5131,20707231
12,5131,2417860
12,5131,10076536
12,5131,414965
12,5131,12289482
12,5136,3984332
12,5137,8652790
12,5137,7647423
12,5137,7112447
12,5137,15579477
12,5137,1273192
12,6050,6853403
12,6053,8618479
12,5137,26129058
12,5137,17592905
12,5137,22036499
12,5137,22102763
12,5137,14778862
12,5137,24550874
12,5141,23441682
12,5141,29394239
12,5141,22275091
12,5141,16466873
12,5141,12811056
12,5141,18627375
12,5141,35791956
12,5141,23853575
12,5141,25663435
12,5141,15845775
12,5146,40259986
12,5146,106095235
12,5146,74729544
12,5146,14263335
12,5146,33984321
12,5146,22336191
12,5146,22964032
12,5146,1659707
12,5146,81911444
12,5146,62704182
12,5146,91335859
12,5146,44844577
12,5146,45425773
12,5146,17253855
12,5146,98244199
12,5146,79253879
12,5146,102587450
12,5146,107402160
12,5146,56715060
12,5146,28942574
12,5146,42833008
12,5146,98883377
12,5146,86618280
12,5146,110242349
12,5146,12665551
12,5146,82448558
12,5146,72986473
12,5146,92751586
12,6053,10221684
12,6053,4233327
12,6053,1672185
12,6053,19335179
12,5147,3665744
12,5148,4022911
12,5148,13908191
12,5148,7975875
12,5148,8731804
12,5149,75257730
12,5149,52781369
12,5149,16516752
12,5149,79511192
12,5149,60755474
12,5149,12271201
12,5149,63600198
12,5149,66509902
12,5149,87709983
12,5149,78008051
12,5149,836408
12,5149,70367632
12,5149,36231450
12,5149,2288230
12,5149,47614568
12,5149,51629008
12,5149,44096081
12,5149,37909574
12,5151,1757078
12,5152,1907600
12,5157,196720
12,5158,12137682
12,5158,3876780
12,5158,39244448
12,5158,38177870
12,5158,27921024
12,5158,24487345
12,5158,15070357
12,5158,15423782
12,5158,16734133
12,5158,19381077
12,5158,23574953
12,5158,20149214
12,5158,109687
12,5158,33798147
12,5158,31420317
12,5158,26025614
12,5160,908356
12,5160,970168
12,5206,5301420
12,5206,666239
12,6054,9952256
12,6054,13923433
12,6054,11524878
12,6054,3671342
12,5208,27054844
12,5208,26334042
12,5208,26979726
12,5208,15583191
12,5209,12206844
12,5209,270006
12,5209,722471
12,5209,5825051
12,5209,3345975
12,5211,3414201
12,5211,1821779
12,5211,11458795
12,5211,16858470
12,5212,7132594
12,5212,835835
12,5212,465720
12,5212,9576107
12,5213,23329465
12,5213,64488768
12,5213,12120643
12,5213,51116755
12,5213,59342497
12,5213,50596831
12,5213,14743022
12,5213,56770713
12,5213,66888319
12,5213,36545461
12,5213,20036283
12,5213,24175614
12,5213,969645
12,5213,1320624
12,5213,11250809
12,6055,1776958
12,6056,22771456
12,6056,2645226
12,6026,1086066
12,6026,26400677
12,6026,36566012
12,6026,8755166
12,5217,8171373
12,5217,7225036
12,5219,21543137
12,5219,17020312
12,5219,9971696
12,5219,9947831
12,5220,7761017
12,5220,11735347
12,5220,12622038
12,5220,12773199
12,5220,8344544
12,5235,36239719
12,5235,2168379
12,5235,29366490
12,5235,13024218
12,5235,34397307
12,5235,34361084
12,5235,5485966
12,5236,38333564
12,5236,37112915
12,5236,37506702
12,5236,37829508
12,5236,19123998
12,5236,16447876
12,5236,23450348
12,5237,5351605
12,5239,6785347
12,5239,5444109
12,5239,775415
12,5242,1456850
12,6056,3502117
12,6056,37800671
12,5244,7596177
12,5244,11011827
12,5244,9899382
12,5244,14328415
12,5247,49144974
12,5247,42663415
12,5247,42279897
12,5247,13357402
12,5247,49724606
12,5247,29963145
12,5247,45195022
12,5247,31852446
12,5247,37648775
12,5247,33723823
12,5349,6587109
12,5349,16965059
12,5349,15906660
12,5351,6297187
12,5353,2064764
12,5353,881508
12,5354,5694959
12,5355,12378499
12,5355,17383772
12,5355,5493942
12,5355,29261201
12,5355,22797356
12,5355,13240428
12,5355,16423596
12,5355,16346652
12,5355,23579795
12,5355,1102188
12,5364,5856
12,5365,10783012
12,5365,24755916
12,6056,34175299
12,6056,29434146
12,5365,4009517
12,5365,25461570
12,5365,21379575
12,5365,8948399
12,5365,9182976
12,5366,9713513
12,5366,12690467
12,5367,5365352
12,5386,16653529
12,5386,13233022
12,5386,28114780
12,5386,4461783
12,5386,10189765
12,5387,2138864
12,5388,44680375
12,5388,26692964
12,5388,37516455
12,5388,29711077
12,5388,3317984
12,5388,32031165
12,5388,14526425
12,5388,38046489
12,5388,7514490
12,5388,13518316
12,5388,21769609
12,5389,26019080
12,5389,19404992
12,5389,32409671
12,5389,2098283
12,5389,27329724
12,5389,21229611
12,6057,3329816
12,6057,5394338
12,5389,18412605
12,5389,28395691
12,5389,3906577
12,5389,25450383
12,5390,36963401
12,5390,48767106
12,5390,49250171
12,5390,8551909
12,5390,24501289
12,5390,41014136
12,5390,35603536
12,5390,3307968
12,5390,37871536
12,5390,37322791
12,5390,20353577
12,5390,15524242
12,5390,12647444
12,5390,10529138
12,5391,1871809
12,5392,5244513
12,5394,5259649
12,5397,45983313
12,5397,23763349
12,5397,5750631
12,5397,2876951
12,5397,9868426
12,5397,12730870
12,5397,49865174
12,5397,31828372
12,5397,15718310
12,5397,26249036
12,5397,7562575
12,5397,47188699
12,5397,34826574
12,5397,14554887
12,5397,27415075
12,5397,59841092
12,5397,46138235
12,5397,40048769
12,5397,20436585
12,5397,38636083
12,5398,9399835
12,5398,3931887
12,5398,5069347
12,6057,8036196
12,5399,6049937
12,5399,920850
12,5399,3463644
12,5399,6527638
12,5400,11434373
12,5400,3593317
12,5400,8661869
12,5400,1505176
12,5401,3098183
12,5401,11644244
12,5401,13683091
12,5401,2547110
12,5401,14090993
12,5401,19057514
12,5405,12096990
12,5405,339209
12,5405,11070428
12,5405,1390982
12,5406,1646676
12,5406,6393965
12,5406,4563412
12,5406,23827935
12,5406,23566316
12,5406,14079253
12,5406,11398961
12,5407,5570046
12,5407,5770018
12,5412,11706801
12,5412,7526599
12,5412,29528541
12,5412,18564266
12,5412,24281740
12,5412,21711969
12,5413,10577974
12,5413,13625800
12,5413,12658268
12,5417,12271907
12,5417,13699685
12,5417,10876646
12,5417,11042643
12,6057,762237
12,6057,31128176
12,6057,13895113
12,5418,44934927
12,5418,38044473
12,5418,46036344
12,5418,46318149
12,5418,34732499
12,5418,20276987
12,5418,19576339
12,5418,18874606
12,5418,18853593
12,5418,32495203
12,5418,24278946
12,5418,4996262
12,5418,43140062
12,5419,26982736
12,5419,8176588
12,5419,11660133
12,5419,24024177
12,5419,21201831
12,5419,5804407
12,5419,20307123
12,5421,186771
12,5421,5108314
12,5424,1803139
12,5424,1986570
12,5424,1687933
12,5424,1311491
12,5424,25578754
12,5424,16093237
12,5425,18943748
12,5425,13180441
12,5425,7337375
12,5425,15157225
12,5425,7869137
12,5425,21129461
12,5427,2698973
12,6058,45701088
12,6058,25494145
12,6058,26550678
12,5427,9478689
12,5427,19233593
12,5427,14338240
12,5427,18137139
12,5427,8384939
12,5428,6304301
12,5428,9184353
12,5428,6056028
12,5429,422918
12,5429,5824837
12,5429,6688046
12,5438,2079521
12,5438,4799721
12,5439,18520
12,5441,3214511
12,5466,9446154
12,5466,11391912
12,5466,11098433
12,5466,475563
12,5466,10444545
12,5466,15934430
12,5466,8241205
12,5468,12260793
12,5468,13422767
12,5468,10084019
12,5468,8597406
12,5468,25625902
12,5468,10458608
12,5468,10713553
12,5469,16863331
12,5469,5528800
12,5469,17631508
12,5469,21742934
12,5469,20020950
12,5469,18201421
12,5469,17921812
12,5469,1152524
12,5469,1408528
12,5469,14172629
12,5469,14703687
12,5470,24981033
12,5470,17164806
12,5470,16544972
12,5470,75678
12,6058,2490679
12,6058,42548949
12,6058,12490163
12,6058,9903001
12,5470,7749234
12,5470,30802771
12,5470,11604936
12,5470,9206841
12,5471,10148923
12,5474,2940086
12,5500,11116449
12,5500,4493214
12,5500,11842971
12,5889,3612302
12,5890,7437999
12,5890,14171304
12,5890,11128497
12,5890,1457300
12,5890,17200863
12,5890,10688333
12,5890,17575540
12,5892,13405587
12,5892,17606794
12,5892,12708147
12,5892,4638467
12,5892,6127684
12,5892,5634869
12,5893,59704
12,5894,21522298
12,5894,21655933
12,5894,2110321
12,5894,14634453
12,5894,3754733
12,5895,1993529
12,5898,6634441
12,5898,1952405
12,5898,6221166
12,5898,447566
12,5899,423976
12,5899,208420
12,6058,16253323
12,6058,1995436
12,6058,21881469
12,6058,11181096
12,6059,1688289
12,5901,7542840
12,5901,21036310
12,5901,1273089
12,5901,1995354
12,5901,1142923
12,5901,27380816
12,5901,16851479
12,5925,937564
12,5925,1566392
12,5925,3036493
12,5926,9294759
12,5926,9254451
12,5926,6177939
12,5926,7239599
12,5926,7542155
12,5927,3531447
12,5928,19413068
12,5928,19579130
12,5928,2090590
12,5928,37471470
12,5928,37942518
12,5928,34794543
12,5928,33034712
12,5928,20260266
12,5928,17970648
12,5928,5919135
12,5928,9201984
12,5928,41975198
12,5928,33862221
12,5928,24838044
12,5928,18797259
12,5928,21262930
12,5930,17575804
12,5930,10965426
12,5930,6963046
12,5930,19282744
12,5930,33784442
12,5930,21749949
12,5934,5599204
12,5934,5232225
12,5934,2097079
12,5935,18210099
12,5935,11682124
12,5935,11897334
12,5935,26643259
12,5935,21284546
12,5935,7503622
12,6061,5948529
12,6062,1921507
12,6062,1134628
12,5935,13868483
12,5935,1515549
12,5935,22865161
12,5935,23091945
12,5935,18671359
12,5935,1160148
12,5936,14705998
12,5936,20274521
12,5936,24223190
12,5936,36462478
12,5936,37245626
12,5936,22893759
12,5936,20994295
12,5936,8084569
12,5936,7661745
12,5936,12498419
12,5936,7252142
12,5959,1200183
12,5959,19498818
12,5959,19038570
12,5959,18908494
12,5959,3594008
12,5959,12570091
12,5959,9336767
12,5959,4990912
12,5960,1004305
12,5960,5487993
12,5960,3017933
12,5960,29671876
12,5960,9383502
12,5960,15720642
12,5960,6832076
12,5961,4769610
12,5961,291671
12,5967,25425787
12,5967,16875448
12,5967,20076763
12,5967,22761674
12,5967,29674488
12,5967,26519924
12,5968,16249584
12,5968,17404012
12,6104,3039453
12,6104,981179
12,6106,9655134
12,6106,8934258
12,6026,22861733
12,6026,46054915
12,5968,8045813
12,5968,4209652
12,5968,26887603
12,5968,12835532
12,5992,322655
12,5994,18707841
12,5994,16384485
12,5994,10610844
12,6010,1530818
12,6010,2138595
12,6010,4131608
12,6011,158823
12,6011,2897402
12,6012,768999
12,6012,286773
12,6012,719622
12,6013,12392518
12,6013,5452251
12,6013,15666145
12,6013,8363105
12,6014,36551458
12,6014,16489641
12,6014,3307984
12,6014,30631360
12,6014,20685835
12,6014,17501439
12,6014,12757156
12,6014,43723259
12,6014,32968698
12,6014,33553706
12,6014,20762233
12,6014,39137290
12,6014,9536967
12,6014,6981834
12,6016,8748590
12,6016,7420166
12,6016,10084035
12,6017,1982209
12,6017,3409514
12,6017,772342
12,6018,844718
12,6018,7437213
12,6022,3396647
12,6108,31138721
12,6108,653983
12,6108,33051521
12,6108,9253528
12,6022,525118
12,6022,4688369
12,6022,8070563
12,6022,20784677
12,3829,6971210
12,3831,1961755
12,3831,6212618
12,3837,136042
12,3837,1625657
12,3840,318999
12,3841,1900176
12,3843,365630
12,3843,1806762
12,3845,5714287
12,3847,2021899
12,3850,1491916
12,3850,3272116
12,3853,2168365
12,3855,488058
12,3856,1062909
12,3857,2893580
12,3858,1346509
12,3858,1643987
12,3858,3571549
12,3860,2979180
12,3861,6059148
12,3861,852602
12,3861,3470278
12,3863,5623133
12,3863,4481718
12,3866,2821046
12,3866,6335063
12,3866,9817212
12,3867,2101400
12,3867,2143641
12,3867,2344122
12,3868,4817195
12,3873,1141651
12,3876,143138
12,3879,1587075
12,3893,2009501
12,3893,4967452
12,6108,39995437
12,6108,28923645
12,6108,18788002
12,3896,1246291
12,4272,2305473
12,4279,9451313
12,4279,1313801
12,4280,13140598
12,4280,8778113
12,4280,6524196
12,4280,6624521
12,4280,7999164
12,4282,4938911
12,4282,9111018
12,4283,12307241
12,4283,12551324
12,4283,23928688
12,4283,9853590
12,4283,25200307
12,4283,7022370
12,4283,20948216
12,4283,33487384
12,4283,17561465
12,4283,3868831
12,4283,10053445
12,4283,35766426
12,4283,11448767
12,4283,23261439
12,4283,28097849
12,4283,19872845
12,4283,37113928
12,4284,23740028
12,4284,17690448
12,4284,5094420
12,4284,5351972
12,4284,21047318
12,4284,11788108
12,4284,25444874
12,4284,5792258
12,4289,1727510
12,4289,8778692
12,4289,125300
12,4289,33231
12,4295,19654393
12,4295,11196530
12,4295,12165480
12,4295,9665478
12,4295,9774006
12,4295,8043560
12,6110,3956433
12,6110,6563908
12,6111,3175983
12,6111,5212543
12,4304,290182
12,4304,2630583
12,4305,13776975
12,4305,5202355
12,4305,26840
12,4305,27410496
12,4307,17885579
12,4307,7256136
12,4308,9989508
12,4308,44105675
12,4308,23896245
12,4308,23789022
12,4308,13680004
12,4308,30959666
12,4308,41603992
12,4308,32680736
12,4308,9880169
12,4308,7893192
12,4308,17958188
12,4308,18196099
12,4309,44325967
12,4309,19901734
12,4309,54272116
12,4309,58921543
12,6112,8283238
12,6112,8643004
12,6112,2323522
12,6113,4949621
12,6113,5390518
12,6113,1295282
12,4309,12495584
12,4309,63968379
12,4309,8401396
12,4310,9340795
12,4310,1075370
12,4310,13370663
12,4312,7357811
12,4312,7363266
12,4312,3025529
12,4312,4621333
12,4313,6215984
12,4313,10354007
12,4313,3781643
12,4313,3813558
12,4313,15764438
12,4313,7003319
12,4313,11616162
12,4317,979243
12,4319,17143333
12,4319,10255963
12,4319,3011270
12,4319,14818862
12,4319,39283345
12,4319,15412202
12,4319,23947284
12,4319,22256231
12,4319,9097943
12,4319,37742927
12,4319,6981951
12,4338,1786445
12,4338,1946358
12,4338,4166594
12,4341,1963653
12,4341,12910461
12,4344,15352966
12,4344,26408872
12,4344,16015460
12,4344,1361327
12,4344,1470896
12,4344,20972958
12,4344,25795374
12,6123,5573729
12,6123,456804
12,6125,5681359
12,4344,4116574
12,4344,13058169
12,4344,13100146
12,4344,24350298
12,4352,2573033
12,4352,3914838
12,4353,2659871
12,4354,3174901
12,4354,807230
12,4355,712508
12,4355,923667
12,4356,2996899
12,4356,803726
12,4358,33097
12,4359,49484
12,4360,1453808
12,4361,207131
12,4365,1147034
12,4365,1309230
12,4366,3130012
12,4378,512831
12,4378,5639990
12,4378,4079653
12,4379,1704783
12,4380,1779598
12,4380,328507
12,4381,15481975
12,4381,19348482
12,4381,16031853
12,4381,11121340
12,4382,27614444
12,4382,26644467
12,4382,26694363
12,4382,16758778
12,4382,2904814
12,4382,8583644
12,4382,24898103
12,4382,25031685
12,4382,7303510
12,4382,2399740
12,4382,2556671
12,4382,4725839
12,4382,40864740
12,6154,2555573
12,6154,2486112
12,4396,4329020
12,4397,4997008
12,4397,8183746
12,4397,7415662
12,4397,1173672
12,4401,7118964
12,4401,8763136
12,4401,8687161
12,4401,20540189
12,4401,2743216
12,4403,1988776
12,4403,6236354
12,4403,5474132
12,4404,7676275
12,4407,11005800
12,4407,7919457
12,4407,26615810
12,4407,26976315
12,4407,14202219
12,4407,23537946
12,4407,31374613
12,4407,2083893
12,4407,34088997
12,4407,28012342
12,4408,2381615
12,4408,10803612
12,4408,20682249
12,4408,14014000
12,4408,18009598
12,4408,4791156
12,4408,9576287
12,4408,15859374
12,4409,2042544
12,4410,425503
12,4413,1513304
12,4413,2928005
12,6156,29928966
12,6156,38051557
12,6156,6781703
12,4424,8548969
12,4424,8572234
12,4424,12921145
12,4427,1939226
12,4428,4600307
12,4428,10787636
12,4428,8508327
12,4428,2148752
12,4428,7169637
12,4428,7777339
12,4431,14176503
12,4431,14592537
12,4432,3300479
12,4432,4211060
12,4432,9408880
12,4433,4462886
12,4437,69304
12,4441,5161825
12,4441,5296249
12,4442,13182182
12,4442,17075666
12,4442,17177914
12,4442,10158506
12,4442,13386304
12,4442,4211133
12,4442,9685725
12,4446,12326358
12,4446,2507323
12,4446,9896137
12,4446,14043597
12,4446,10403109
12,4449,5499700
12,4450,459009
12,4450,19419372
12,4450,8789924
12,4450,7157399
12,4450,3865977
12,4450,2584172
12,4450,22636487
12,6156,12009486
12,6156,7632121
12,6156,37558772
12,4450,23106413
12,4450,23108669
12,4450,17771834
12,4450,4084356
12,4450,24662151
12,4451,4391839
12,4451,8614951
12,4452,2837598
12,4452,21524192
12,4452,22746563
12,4452,5093399
12,4452,20366375
12,4453,13213106
12,4453,11288858
12,4455,1527109
12,4456,4522783
12,4456,8107445
12,4456,1948152
12,4457,11248863
12,4457,11609424
12,4457,588651
12,4457,10473096
12,4457,17107546
12,4457,29138330
12,4457,29673127
12,4458,27699671
12,4458,9202278
12,4458,27253921
12,4458,18698572
12,4459,1538229
12,4459,242738
12,4468,4593701
12,4468,1239621
12,4468,2642361
12,4469,1112518
12,6158,2107889
12,6158,2959573
12,6158,1590477
12,6162,7004728
12,4470,596445
12,4472,31363927
12,4472,31397941
12,4472,18030737
12,4472,54604091
12,4472,55338614
12,4472,9114592
12,4472,43659270
12,4472,34504703
12,4472,40326792
12,4472,6933776
12,4473,2637319
12,4475,4527179
12,4475,49519
12,4475,128883
12,4475,1750306
12,4476,16925602
12,4476,16992450
12,4476,8041055
12,4476,14664353
12,4476,11264521
12,4476,11796937
12,4477,4819672
12,4477,5603995
12,4478,59757
12,4478,5483114
12,4478,7219170
12,4481,1728380
12,4481,2023795
12,4481,2656033
12,4481,108674
12,4686,24399017
12,4686,34489547
12,6163,6981719
12,6163,3243649
12,6164,1821943
12,6026,40670928
12,6026,31381670
12,6026,27031135
12,6026,18565155
12,4686,4682518
12,4686,25485480
12,4686,25416394
12,4686,19869797
12,4686,14027715
12,4686,558904
12,4686,5813793
12,4694,1509829
12,4725,978791
12,4726,1070209
12,4728,10377083
12,4728,4784671
12,4734,1185546
12,4735,909391
12,4736,3760478
12,4736,17754943
12,4736,18872860
12,4736,2763351
12,4736,10657110
12,4742,93677
12,4745,2030501
12,4745,1220652
12,4749,167782
12,4750,1061973
12,4750,2508464
12,4751,10074435
12,4751,7717508
12,4752,1375094
12,4754,243065
12,4754,1229044
12,4754,1516275
12,4755,1474628
12,4760,1096089
12,4760,155964
12,4761,8716286
12,4763,325078
12,4764,316390
12,4766,913751
12,4767,258218
12,4769,763840
12,4770,6614229
12,4770,2374415
12,4773,1855885
12,4776,2645745
12,4777,14684682
12,4777,12614547
12,4777,3954165
12,4777,14265318
12,4778,3225081
12,4778,1419215
12,4778,1425705
12,4780,35163
12,4782,1670154
12,4782,145468
12,4784,1404176
12,4784,2248131
12,4784,3531138
12,4790,448036
12,4791,17019978
12,4791,6778412
12,4791,20845878
12,4791,5481788
12,4794,3012992
12,4795,9434822
12,4796,17440502
12,4796,10963683
12,4796,2931634
12,4796,16114542
12,4796,604303
12,4798,785584
12,4801,898255
12,4802,753955
12,4803,1786320
12,4806,695721
12,4806,759249
12,6168,14892138
12,6168,14845834
12,6168,23004957
12,4807,3125620
12,4807,9096997
12,4807,3982549
12,2845,3672776
12,2845,28180935
12,2845,37200740
12,2845,40180491
12,2847,6704238
12,2847,3425377
12,2847,10584398
12,2848,31486160
12,2848,34302064
12,2848,11319679
12,2848,11335438
12,2848,20774210
12,2848,21228155
12,2848,16655655
12,2848,13934116
12,2848,26461280
12,2849,37709130
12,2849,80254954
12,2849,24445491
12,2849,67658870
12,2849,3894436
12,2849,62007306
12,2849,62507099
12,2849,3044465
12,2849,54705359
12,2849,44895887
12,6168,21080491
12,6168,13809153
12,6168,13839942
12,6168,4031008
12,6168,16350562
12,6169,1186815
12,2849,16738239
12,2849,1518492
12,2849,19632870
12,2849,57167601
12,2849,65613143
12,2849,63326040
12,2849,180562
12,2851,516504
12,2857,11218317
12,2858,20990401
12,2858,291728
12,2858,12196077
12,2858,8484226
12,2858,8691163
12,2858,8891574
12,2858,18664436
12,2859,19699172
12,2859,6806093
12,2859,4250848
12,2859,40664519
12,2859,52527123
12,2859,36312042
12,2859,53960808
12,2859,25627452
12,2859,18030773
12,2860,13524912
12,2860,9737608
12,2860,9163539
12,2860,50052929
12,6170,3622405
12,6172,4200467
12,2860,28097855
12,2860,49051646
12,2860,35981925
12,2860,35197126
12,2860,3980807
12,2863,3448451
12,2865,6279136
12,2874,6578004
12,2874,8385697
12,2874,9059489
12,2874,10342445
12,2874,1246981
12,2878,14498922
12,2878,15374175
12,2878,1637000
12,2879,9400964
12,2879,15217655
12,2879,10213182
12,2879,319892
12,2880,31617322
12,2880,4332160
12,2880,50755237
12,2880,52857681
12,2880,8046549
12,2880,37536541
12,2880,32683203
12,2880,22634788
12,2880,35211615
12,2880,57221698
12,2881,313836
12,2881,1504183
12,6174,5447023
12,6174,9040016
12,6175,1066465
12,2886,7785017
12,2886,1278061
12,2886,535242
12,2886,21076825
12,2886,34866751
12,2886,31937220
12,2886,39825455
12,2886,2781227
12,2887,6895011
12,2888,7441094
12,2888,2331614
12,2889,4227258
12,2890,5731724
12,2890,23192458
12,2890,17438996
12,2890,39894483
12,2890,26797519
12,2890,24737662
12,2890,15765486
12,2890,2559981
12,2891,47295467
12,2891,37082161
12,2891,53195562
12,2891,1166458
12,6175,13153048
12,6175,8492777
12,6175,7755535
12,6175,5005740
12,6175,22130465
12,6175,6651669
12,6175,9410207
12,2891,19328501
12,2891,38800611
12,2891,31161475
12,2891,11897249
12,2891,2760389
12,2891,6453617
12,2891,21969372
12,2892,16614016
12,2892,17891980
12,2892,15212148
12,2892,9632371
12,2893,4538575
12,2893,1430442
12,2894,8083334
12,2894,11195823
12,2895,91969
12,2895,728717
12,2897,23186990
12,2897,24827329
12,2897,23579185
12,2898,21389885
12,2898,12709731
12,2898,1686403
12,3103,2652541
12,3105,2324793
12,3105,2389412
12,3106,4777798
12,3106,7691251
12,3110,2652233
12,3110,3141004
12,3110,3731848
12,3122,3640827
12,3122,1784262
12,3122,4329914
12,3122,4601170
12,3123,3263593
12,3124,2761430
12,3124,3004134
12,6176,9472987
12,6176,14497756
12,6176,11449262
12,6176,7347983
12,6176,7798433
12,3125,4083792
12,3167,4622208
12,3168,6318571
12,3168,9069535
12,3169,232714
12,3169,2877834
12,3176,530448
12,3177,4951012
12,3177,5425158
12,3177,5501968
12,3177,4243860
12,3177,4405636
12,3177,3367516
12,3177,3981396
12,3178,5865382
12,3184,9153304
12,3184,1488328
12,3185,2928454
12,3185,3039052
12,3185,8999464
12,3185,18012468
12,3186,31334654
12,3186,4058403
12,3186,13956114
12,3186,28465023
12,3186,17158611
12,3186,18876732
12,3186,19046546
12,3190,9661206
12,3190,4395897
12,3191,15219338
12,3191,7659134
12,3191,22639312
12,3191,4691503
12,3191,5128082
12,3191,2633904
12,3191,29015711
12,6214,3440502
12,6214,1514869
12,3193,5849497
12,3195,3041283
12,3195,3323661
12,3195,3285647
12,3195,3560239
12,3195,8958587
12,3195,2079517
12,3195,4752652
12,3199,18992983
12,3199,10720078
12,3199,12220784
12,3199,13998227
12,3200,9095746
12,3201,8633102
12,3201,17610273
12,3201,11327849
12,3201,2159693
12,3201,3621519
12,3201,12685940
12,3201,5553882
12,3203,607398
12,3204,17621854
12,3204,7419077
12,3204,5169511
12,3204,1826600
12,3204,20700682
12,3204,27482298
12,3208,3174186
12,3212,9258568
12,3212,8739636
12,3213,13330192
12,3213,4403179
12,3213,3445097
12,3213,8623733
12,3218,542400
12,3221,2454466
12,3221,3780128
12,3224,5185007
12,3224,5829170
12,3224,26286
12,3225,372243
12,3225,3130876
12,3228,599609
12,3230,751487
12,3230,2336486
12,3234,123858
12,3235,48557971
12,3235,18575686
12,3235,47815560
12,3235,21850189
12,3235,26719673
12,3235,32252350
12,3235,26357218
12,3235,6013622
12,3235,19600891
12,3235,13715880
12,3235,29547479
12,3253,1505634
12,3254,9416764
12,3254,1527995
12,3254,327487
12,3254,4729402
12,3258,2175703
12,3258,2918302
12,3259,5255795
12,3260,1992442
12,3260,10394373
12,3260,11454318
12,3260,10055320
12,3260,11891664
12,3260,9348632
12,6216,20472410
12,6216,10176993
12,6027,915238
12,6027,4653957
12,6028,12637868
12,6028,5162672
12,6028,10951420
12,3265,9978687
12,3265,8430492
12,3265,14523751
12,3265,9489979
12,3265,11322243
12,3272,8063303
12,3273,1677955
12,3273,5212936
12,3273,26680308
12,3273,12717829
12,3273,22392169
12,3273,4626553
12,3273,24925271
12,3273,11918064
12,3274,9807011
12,3274,5450786
12,3274,10907817
12,3275,10160210
12,3275,10084696
12,3275,12469272
12,3278,16171938
12,3278,16166136
12,3278,5929543
12,3280,9229440
12,3281,5377157
12,3281,8214573
12,3282,9086905
12,3282,6345817
12,3284,4343218
12,6216,749267
12,6216,15090631
12,3285,3613985
12,3286,39453
12,3286,541727
12,3287,2034328
12,3287,7684729
12,3287,8491193
12,3289,2488668
12,3289,33984723
12,3289,40954246
12,3289,30198949
12,3289,31324687
12,3289,31702126
12,3289,16837610
12,3290,1275392
12,3290,7489651
12,3290,12242992
12,3292,6123405
12,3293,18393816
12,3293,11821067
12,3293,21121579
12,3293,21047808
12,3293,15258307
12,3293,8100303
12,3294,32345184
12,3294,38146861
12,3294,39019694
12,3294,28968788
12,3294,28440509
12,3294,45870957
12,3294,36988735
12,3294,41744688
12,3294,4942795
12,3294,16705089
12,3294,25663613
12,3294,47334005
12,3294,8518042
12,3294,8569196
12,3294,41838933
12,6219,2525729
12,6221,1062052
12,6222,3385890
12,6223,1212033
12,6223,1409697
12,3298,6891926
12,3298,30925593
12,3298,7986394
12,3298,17436668
12,3298,3461621
12,3298,22794204
12,3298,33254503
12,3298,14347797
12,3298,1912505
12,3298,5569691
12,3299,8028236
12,3299,8643354
12,3299,5323334
12,3299,2607278
12,3299,5922009
12,3300,1424054
12,3301,11853923
12,3301,10508690
12,3303,1142125
12,3306,2066573
12,3309,4761992
12,3309,5203756
12,3309,12656327
12,3310,2349221
12,3310,6626571
12,3310,10037480
12,3327,104637
12,3327,6759337
12,3328,202576
12,3328,754848
12,3330,34579715
12,3330,10739610
12,3330,11397026
12,3330,7211891
12,6224,4705125
12,6224,866832
12,3330,8457336
12,3330,23522423
12,3330,9768773
12,3330,25590202
12,3330,29788329
12,3330,38451188
12,3331,41494126
12,3331,14978166
12,3331,23374957
12,3331,18807777
12,3331,19112778
12,3331,20474530
12,3331,1222817
12,3331,32643211
12,3331,9447319
12,3331,13750664
12,3331,5306874
12,3331,5242644
12,3331,5317359
12,3333,1537308
12,3336,4944583
12,3336,6337433
12,3338,3475973
12,3340,12917257
12,3340,10752927
12,3340,13383031
12,3342,4403931
12,3342,5014609
12,3342,10581257
12,3342,8112419
12,3342,2107740
12,3342,2229382
12,3342,2458082
12,3343,2720521
12,3345,1201752
12,3345,2066885
12,3345,5932718
12,3347,2897481
12,3348,2258803
12,3355,1843080
12,6226,7961203
12,6226,18005206
12,6226,14225676
12,6226,16944165
12,6226,11890299
12,6226,15707106
12,6226,3231392
12,6227,114901
12,3358,632650
12,3360,9295161
12,3360,13391983
12,3360,17418645
12,3360,9729902
12,3360,12095330
12,3360,17793746
12,3360,16943575
12,3360,7648993
12,3363,4855128
12,3363,54142031
12,3363,11957467
12,3363,79304735
12,3363,8927540
12,3363,50669518
12,3363,29116786
12,3363,68333969
12,3363,68512509
12,3363,48202117
12,3363,51684925
12,3363,54654644
12,3363,96040462
12,3363,25334695
12,3363,46569903
12,3363,83688344
12,3363,94300989
12,3363,8913665
12,3368,17501933
12,3368,2161267
12,3368,17898500
12,3368,4439394
12,3368,16223160
12,3368,18927025
12,3368,19083124
12,3368,9009164
12,3370,15238101
12,3370,16125516
12,3370,1346914
12,3371,23696332
12,3371,21348193
12,3371,28499679
12,3371,19706468
12,3371,11986661
12,3371,34253415
12,3371,2431458
12,3371,85022
12,3378,29046756
12,3378,21569020
12,3378,31296511
12,3378,31248113
12,3378,58129017
12,3378,35297464
12,3378,32636361
12,3378,40020557
12,3378,40437707
12,3378,16140497
12,3384,34568140
12,3384,7212585
12,3384,4434618
12,3384,38296527
12,3384,18250292
12,3384,22869177
12,6269,3449804
12,6269,12791144
12,6269,8957460
12,3384,36372132
12,3384,3007678
12,3384,20149491
12,3384,21700934
12,3384,22247001
12,3386,5871641
12,3386,17976934
12,3386,1612739
12,3387,36549
12,3388,20402824
12,3388,12648450
12,3389,25857853
12,3389,8735974
12,3389,4656341
12,3390,1343629
12,3391,33870379
12,3391,8006029
12,3391,41740768
12,3391,4406056
12,3391,2227112
12,3391,11605100
12,3391,40519366
12,3391,9745999
12,3391,37922160
12,3391,21038996
12,6270,8659458
12,6270,8695379
12,6270,1140409
12,3394,47951780
12,3394,48255562
12,3394,43541243
12,3394,7958369
12,3394,52649430
12,3394,50399823
12,3394,44167760
12,3394,44428633
12,3394,53672600
12,3394,53745488
12,3394,8668164
12,3394,51343633
12,3394,30163210
12,3394,24013922
12,3394,12289942
12,3394,9027845
12,3394,1705489
12,3394,38552068
12,3394,57219273
12,3394,37193454
12,3394,29102005
12,3395,23727261
12,3395,8252573
12,3398,25419351
12,3398,33598140
12,3398,18678344
12,3398,14297163
12,3398,17578937
12,3398,35294580
12,3398,1115306
12,3399,25833100
12,3399,27191127
12,3399,13539128
12,3399,81606272
12,3399,3505979
12,3399,28049170
12,6271,4184000
12,6271,12064379
12,6271,10970056
12,6271,2209759
12,6271,9509273
12,6271,16536029
12,3399,23235808
12,3399,47198127
12,3399,26896602
12,3399,60188614
12,3399,68251499
12,3399,50774744
12,3399,36476464
12,3399,63269231
12,3399,44137310
12,3399,19524382
12,3400,737478
12,3400,728312
12,3402,55477564
12,3402,55584007
12,3402,52259582
12,3402,50011871
12,3402,38475978
12,3402,39888349
12,3402,60408746
12,3402,82426848
12,3402,29571889
12,3402,35761922
12,3402,68787475
12,3402,69301036
12,3402,59256585
12,3402,21475296
12,3402,126373
12,3402,14312573
12,3402,2973836
12,3402,89951135
12,3404,13780940
12,3404,5666153
12,6272,6063745
12,6272,4737873
12,6274,608467
12,6274,1866098
12,6276,3004304
12,6276,81897
12,6276,1282840
12,3407,26397701
12,3407,15827863
12,3407,15991511
12,3407,22824170
12,3407,31446549
12,3407,23272541
12,3412,22905415
12,3412,34351787
12,3412,35530838
12,3412,82523141
12,3412,84989105
12,3412,39159793
12,3412,32955118
12,3412,70078519
12,3412,91740528
12,3412,82643051
12,3412,74586848
12,3412,65010194
12,3412,9894627
12,3412,9943274
12,3412,19867647
12,3412,41835562
12,3412,63889789
12,3412,68709932
12,3412,73947198
12,3412,16359564
12,6280,4474584
12,6280,2829489
12,6030,4327498
12,6030,2002773
12,6030,1017173
12,3459,16279707
12,3459,6152935
12,3460,6091374
12,3460,3251240
12,3461,20786307
12,3461,20854124
12,3461,3428384
12,3461,16882065
12,3461,17921788
12,3461,5814122
12,3461,1582178
12,3471,8615578
12,3471,5305287
12,3471,12919094
12,3471,10016385
12,3471,10718607
12,3471,34799214
12,3471,40353946
12,3471,16238008
12,3471,36714854
12,3471,357044
12,3471,44255502
12,3473,48385529
12,3473,61088557
12,3473,20221489
12,3473,58838826
12,3473,62388147
12,3473,29919661
12,3473,24818570
12,3473,51314613
12,3473,1352967
12,3473,3296725
12,3473,88651918
12,3473,27737278
12,3473,12309735
12,3473,5584412
12,3473,18646072
12,3473,90172934
12,3474,3164807
12,3474,2044276
12,3474,142151
12,3474,660437
12,3477,3399841
12,3477,1311284
12,3479,3503092
12,3479,14024050
12,3479,1409389
12,3479,1579764
12,3479,2698753
12,3494,17901651
12,3494,52527000
12,3494,24445224
12,3494,35209071
12,3494,12474344
12,3494,42071263
12,3494,22349085
12,3494,22259410
12,3494,7647194
12,3494,16951096
12,3500,3825634
12,3500,7754979
12,3501,21538457
12,3501,13690581
12,3501,1619749
12,3501,9092570
12,3501,13756944
12,3501,5123411
12,3501,15350929
12,3501,7742312
12,3745,2558027
12,3745,1093522
12,3745,5468237
12,3745,5914750
12,3747,1982976
12,6312,22945319
12,6312,23354774
12,6312,17170301
12,6312,5818853
12,6312,10510653
12,3748,23519199
12,3748,13252481
12,3748,20534499
12,3748,17222434
12,3750,5475641
12,3750,547464
12,3754,3388141
12,3754,22634998
12,3754,4825419
12,3754,16312262
12,3754,29818665
12,3754,20920179
12,3754,11694568
12,3754,30984259
12,3754,13628860
12,3754,14799428
12,3786,2419397
12,3786,1508010
12,3786,2760926
12,3786,2721894
12,3786,399795
12,3788,381969
12,3789,9570220
12,3789,6137786
12,3789,1159005
12,3793,3761089
12,3794,50591
12,3795,8292582
12,3795,12798706
12,3796,1435922
12,6313,7784066
12,6313,8626547
12,3799,13536554
12,3799,2545303
12,3805,7141136
12,3805,3266003
12,3807,5965298
12,3807,13342065
12,3807,13783106
12,3807,12683248
12,3807,12414884
12,3808,3819674
12,3808,8445154
12,3808,4210000
12,3809,2220443
12,3810,2522914
12,3810,10770042
12,3810,6589044
12,3811,17308
12,3812,2690725
12,3812,462346
12,3819,9550013
12,3819,2129154
12,3821,2467140
12,3822,2340415
12,3822,1568397
12,3824,11403089
12,3824,14743374
12,1969,3354102
12,2150,1151552
12,2169,1938262
12,2173,233802
12,2174,266236
12,2185,290626
12,2200,1017942
12,2209,525036
12,2212,951303
12,2212,3087237
12,6315,3327488
12,6315,2329041
12,2221,2277467
12,2222,3561710
12,2224,11163942
12,2224,14601633
12,2224,15159321
12,2224,2691050
12,2225,2082363
12,2227,491617
12,2240,2492891
12,2247,7414059
12,2251,9911885
12,2252,774020
12,2252,4503957
12,2252,4573046
12,2254,1246050
12,2255,1415365
12,2256,853761
12,2257,17655
12,2262,617229
12,2270,3211198
12,2273,620136
12,2275,587783
12,2276,2680276
12,2279,1160507
12,2284,426956
12,2284,4031384
12,2287,1949773
12,2288,3657979
12,6315,9341440
12,6315,20340614
12,6315,34548322
12,6315,17363818
12,2300,4926
12,2303,911404
12,2305,3245518
12,2305,4707202
12,2308,10678172
12,2337,5448931
12,2342,3972571
12,2342,19875798
12,2342,13353653
12,2342,8166413
12,2347,3542450
12,2351,1694205
12,2352,16681368
12,2352,7999994
12,2352,5531791
12,2352,16211979
12,2352,9891160
12,2356,11888787
12,2356,14904876
12,2356,15991982
12,2418,481191
12,2419,2657302
12,2420,2131063
12,2420,2571011
12,2420,5774440
12,2422,2476933
12,2422,17539648
12,2422,3145934
12,2422,24607718
12,2422,15886871
12,2422,27629032
12,2422,7864181
12,6317,1439628
12,6317,3369278
12,6318,195875
12,6318,834807
12,6318,2249548
12,6318,3492199
12,2424,523590
12,2425,5449999
12,2425,8668486
12,2425,6085729
12,2426,3148835
12,2427,15070154
12,2442,11600194
12,2442,15417304
12,2442,19669413
12,2443,12377446
12,2443,23867893
12,2446,19786476
12,2446,6102490
12,2451,12981751
12,2451,11382309
12,2451,15965263
12,2456,1519978
12,2459,1399414
12,2461,209745
12,6319,1482741
12,6321,1733706
12,2465,974502
12,2474,9857566
12,2474,10543307
12,2474,28886380
12,2474,25342096
12,2474,3907389
12,2478,9951515
12,2478,3619000
12,2479,28354196
12,2479,2006046
12,2479,2196058
12,2479,69960
12,2479,16365619
12,2484,9789322
12,2484,8163537
12,2487,466034
12,2489,4782427
12,2489,1006287
12,2490,4729798
12,2494,3100041
12,2495,6985774
12,2496,3118717
12,2497,116126
12,6322,3780706
12,2498,4128796
12,2498,7270308
12,2500,4856427
12,2501,1827429
12,2502,7016095
12,2502,15728630
12,2502,13249940
12,2502,8640795
12,2503,2987215
12,2504,87336
12,2505,778241
12,2505,15969215
12,2505,14930540
12,2505,19099220
12,2506,27239790
12,2506,27256079
12,2506,28019191
12,2506,31098907
12,2506,31282674
12,2506,31463902
12,2506,31635166
12,2506,35535860
12,2506,32068744
12,2506,38943425
12,2506,17339084
12,2508,884959
12,2508,1005646
12,2508,2071363
12,2508,2194059
12,2509,156431
12,2509,147031
12,2534,26017902
12,2534,12686915
12,2534,9680492
12,2534,6368810
12,2534,18598881
12,2534,11116138
12,2534,24587454
12,2534,19168211
12,2534,19311860
12,2534,22110609
12,2534,26873724
12,2534,5379172
12,2534,32905760
12,2534,20582120
12,2535,1461305
12,2535,5173921
12,2535,5850054
12,2537,8050049
12,2537,1939914
12,2537,9484099
12,2539,14256267
12,2539,3728375
12,2539,4505254
12,6334,2509576
12,6334,2719308
12,6334,24132392
12,2540,645095
12,2541,8173121
12,2541,3617465
12,2541,5529715
12,2543,4496468
12,2543,22760962
12,2543,10064886
12,2543,18578448
12,2546,14322756
12,2546,8015305
12,2546,3247623
12,2546,13290441
12,2546,18212445
12,2547,9470520
12,2547,5174998
12,2547,2397169
12,2547,10234253
12,2548,3991547
12,2548,5401231
12,2548,11524488
12,2548,3622775
12,2554,405903
12,2554,1967190
12,2554,2974274
12,2555,5785395
12,2555,5817125
12,2555,5951271
12,2555,453432
12,2555,10657552
12,2555,5260068
12,2556,2317152
12,2557,4301914
12,2557,1205223
12,2558,4884372
12,2558,1524793
12,2561,1093901
12,6334,15553949
12,6334,15530507
12,6334,7002226
12,6031,4531984
12,2562,801265
12,2562,11182386
12,2562,4348771
12,2562,3637945
12,2564,284478
12,2567,1966780
12,2567,9169586
12,2567,8591904
12,2568,22065319
12,2568,19735613
12,2568,5113206
12,2568,23155849
12,2568,20738029
12,2568,21041368
12,2569,1660442
12,2570,3613673
12,2570,15900012
12,2570,14319521
12,2570,9699462
12,2570,17122504
12,2571,333042
12,2572,4993127
12,2572,751213
12,2575,10067350
12,2575,10366261
12,2577,11195358
12,2577,18810122
12,2577,12856662
12,2577,12477974
12,2578,8103055
12,2578,5822787
12,2578,4506053
12,2578,4648882
12,2580,11196748
12,2580,12257646
12,2580,12591005
12,2582,690807
12,2582,5467054
12,2582,1445265
12,2582,3845326
12,2586,9747399
12,2586,10289050
12,2586,16070412
12,2586,14221238
12,2586,2480095
12,2586,4892915
12,2588,7290416
12,2588,12568646
12,2588,5875497
12,2588,15846047
12,2588,15578025
12,2588,22482
12,6335,255050
12,6335,3979771
12,6340,3954298
12,2589,11708106
12,2589,1382050
12,2589,10800230
12,2590,784832
12,2590,5794167
12,2596,5423650
12,2597,970380
12,2720,11741059
12,2720,24991693
12,2720,13617694
12,2720,4776897
12,2720,25598001
12,2720,454660
12,2720,15807840
12,2721,13108190
12,2721,17598740
12,2721,17822577
12,2721,45164808
12,2721,39044805
12,2721,27899370
12,2721,29886358
12,2721,19963044
12,2721,5120841
12,2721,5020783
12,2721,18155779
12,2721,2612862
12,2721,2193006
12,2721,29122282
12,2722,2081720
12,2722,2923648
12,2722,57558
12,2723,2781108
12,2723,5608010
12,2723,977937
12,2723,3315465
12,2724,742241
12,2726,333705
12,2727,6624284
12,2727,6236488
12,2727,8905835
12,2728,15094442
12,2728,26401121
12,2728,15836447
12,2728,27679415
12,2728,20262727
12,6341,11120119
12,2728,24596095
12,2728,29797268
12,2728,30359541
12,2728,13292347
12,2729,262654
12,2729,588354
12,2731,54380661
12,2731,50251644
12,2731,39265036
12,2731,45586013
12,2731,58620254
12,2731,48647617
12,2731,16612594
12,2731,38494824
12,2735,2385950
12,2739,34121638
12,2739,12673959
12,2739,26499642
12,2739,12015969
12,2739,6792792
12,2739,16216654
12,2739,29798066
12,6354,4948044
12,6354,1910970
12,6354,93936
12,2740,2818499
12,2748,28299854
12,2748,4028862
12,2748,12187375
12,2748,21885773
12,2748,25643214
12,2748,10410284
12,2748,2583635
12,2748,19867097
12,2748,29953976
12,2748,11053578
12,2749,10628361
12,2749,23083362
12,2749,13086165
12,2749,5438659
12,2749,18881690
12,2749,2277016
12,2749,24883546
12,2750,14497303
12,2750,20660439
12,2750,20648807
12,2750,19297688
12,2750,55172061
12,2750,18129930
12,2750,18200632
12,2750,18586243
12,2750,43196956
12,2750,23936456
12,2750,27708352
12,2750,10648570
12,2750,36531713
12,2750,1654162
12,2750,33260662
12,2750,18584115
12,2750,34040745
12,2750,34146276
12,2750,51709261
12,2750,8436558
12,2750,54710988
12,2750,31052242
12,6355,1438286
12,6355,2179669
12,6355,2002406
12,6355,3628324
12,2751,17055841
12,2751,1414116
12,2751,13469040
12,2751,5397489
12,2751,18277734
12,2751,9282024
12,2751,9363401
12,2755,9006717
12,2755,11223605
12,2783,3735932
12,2783,4278558
12,2783,8756429
12,2783,7778869
12,2783,7824238
12,2784,10015814
12,2784,10145466
12,2784,7305705
12,2785,1506478
12,2785,1953678
12,2786,8642433
12,2786,10417277
12,2786,2159231
12,2787,2685727
12,2799,6313923
12,2800,4539487
12,2800,17757847
12,2800,8081913
12,2800,8274242
12,2800,13075306
12,2800,13618825
12,2800,6883782
12,2841,2041940
12,2841,2339679
12,2841,11009474
12,2843,1721630
12,2844,1578192
12,2844,2199025
12,2844,22796650
12,2844,23456055
12,2844,13525330
12,2844,44006062
12,2844,30767341
12,6356,3530592
12,6356,11411615
12,6356,20002712
12,6356,9041417
12,6356,20639528
12,6356,21583277
12,6356,4173653
12,2844,11107146
12,800,1577331
12,801,204932
12,803,341345
12,805,48546
12,808,4442492
12,880,2293679
12,882,2278323
12,887,1690883
12,891,975511
12,950,4913720
12,978,993323
12,978,6415088
12,979,4960721
12,979,1773874
12,981,4705707
12,985,268314
12,988,4307741
12,1001,6271321
12,1198,4210155
12,1397,1334075
12,1398,3120826
12,1428,40318
12,1439,1793999
12,1439,1786990
12,1439,3653962
12,1441,97468
12,1444,4086633
12,1472,1268152
12,1473,4207383
12,1474,2059030
12,1475,1369489
12,1476,4229433
12,1480,3316001
12,1541,2477771
12,1542,4096857
12,1544,687727
12,1545,791004
12,1548,3912465
12,1549,2066109
12,1549,2353310
12,1559,327804
12,1562,1803125
12,1563,7481745
12,1563,6896355
12,1579,890726
12,6357,2197957
12,6357,3123874
12,6357,3295038
12,6360,4693681
12,6360,4311107
12,6360,142847
12,6360,3284155
12,6361,1976120
12,6367,417374
12,1580,6376550
12,1580,2193757
12,1582,4642993
12,1582,6941314
12,1583,66603
12,1584,10700662
12,1584,8105920
12,1584,8810770
12,1584,5919590
12,1584,3129797
12,1649,5677226
12,1649,5554172
12,1649,6712231
12,1649,7217873
12,1649,11901984
12,1649,6793989
12,1650,2041397
12,1652,1643657
12,1746,3407904
12,1750,92203
12,1751,55952
12,1754,11052689
12,1754,2552580
12,1761,179920
12,1761,712235
12,1762,879118
12,1763,2308671
12,1766,1114288
12,1768,11677903
12,1768,11891989
12,1773,2200683
12,1773,10915830
12,1773,6766264
12,1773,1218962
12,1780,7534533
12,1780,8865685
12,1781,1452543
12,1781,2216052
12,1783,654822
12,1788,2125969
12,1788,1222433
12,1789,1273964
12,1789,4707938
12,1790,2284673
12,1790,2215179
12,1794,4008206
12,6374,5628792
12,1796,948742
12,1796,6009091
12,1796,2531066
12,1797,9909186
12,1797,8608024
12,1798,3832440
12,1798,4233221
12,1800,2717730
12,1804,5105693
12,1804,5390473
12,1804,9227935
12,1806,8711736
12,1808,2154594
12,1808,9944097
12,1809,17620153
12,1809,6408256
12,1809,4518643
12,1809,1068332
12,1811,1571534
12,1811,3337041
12,1820,26148
12,1860,5319324
12,1860,10690155
12,1861,3434669
12,1862,16433550
12,1862,2756960
12,1862,6394218
12,1863,847067
12,1865,760989
12,1866,4044566
12,1879,6356501
12,1879,1599138
12,1879,9017940
12,1879,9197592
12,1879,10346738
12,1882,5869093
12,1882,5242116
12,1882,13661815
12,6376,3717559
12,6380,1585519
12,6381,1454382
12,1885,6988485
12,1911,3873288
12,1911,11927549
12,1911,12268191
12,1911,17224608
12,1911,1137961
12,1912,7774669
12,1912,11809626
12,1912,1479198
12,1912,470155
12,1913,15375197
12,1913,37610518
12,1913,3444371
12,1913,28307780
12,1913,41459609
12,1913,11346885
12,1913,21036909
12,1913,19401658
12,1916,9318200
12,1916,20383097
12,1916,5570953
12,1917,1030529
12,1922,1491325
12,1923,8766841
12,1923,4411413
12,1965,4222392
12,1965,9021719
12,1965,17793078
12,1965,14873480
12,1965,11566001
12,1965,22494914
12,1965,15639344
12,1966,1420366
12,6382,3383802
12,6382,5700420
12,6382,1728880
12,6382,1636591
12,6384,1272020
12,6385,743092
12,6032,5914744
12,6033,597092
12,6394,909987
12,6395,4027858
12,6396,837625
12,6396,3530028
12,6398,584062
12,6399,4682981
12,6414,3714566
12,6415,3337255
12,6417,6411781
12,6418,1143128
12,6419,4731556
12,6419,31957355
12,6419,35601235
12,6419,18187697
12,6419,74245921
12,6419,48432825
12,6419,2975391
12,6419,1032805
12,6419,80249870
12,6419,18275804
12,6419,84309806
12,6419,73119082
12,6419,31081679
12,6419,15935714
12,6419,5174753
12,6419,1377995
12,6419,59998238
12,6419,43018653
12,6419,78577181
12,6419,69932671
12,6419,76180121
12,6419,80095650
12,6419,47764202
12,6421,3545661
12,6421,9039066
12,6421,11334654
12,6421,4811254
12,6421,13415773
12,6422,4227655
12,6422,366325
12,6423,1543833
12,6424,11798512
12,6424,10280879
12,6424,31891637
12,6424,29573669
12,6424,4087531
12,6424,27433917
12,6424,27801907
12,6033,3800382
12,6034,7555883
12,6034,7026271
12,6425,18958394
12,6425,8010886
12,6425,6582564
12,6425,11037331
12,6426,3320571
12,6426,5627837
12,6426,5556542
12,6426,15794795
12,6427,27597158
12,6427,27118936
12,6427,25285118
12,6427,10207485
12,6427,19359015
12,4816,4157091
12,4817,546680
12,4818,71844
12,4819,6169717
12,4819,9568053
12,4819,9614556
12,4819,1821934
12,4819,21954613
12,4821,6441592
12,4821,1505193
12,4821,7974589
12,4823,8813449
12,4825,3413485
12,4826,340144
12,4826,621095
12,4828,4105102
12,4828,1500837
12,4872,1784425
12,6035,3130061
12,6035,3246442
14,694,2498627
14,695,22576186
14,695,8896627
14,695,16594667
14,699,331458
14,723,2234290
14,1163,2844776
14,1163,9140136
14,1163,30626763
14,1163,8668557
14,1163,8220640
14,1163,7077230
14,1163,3797899
14,1165,2257811
14,1165,1832287
14,1167,7974073
14,1167,5839073
14,1167,1891567
14,1195,506831
14,1195,8107861
14,1195,10367418
14,1195,7097476
14,1199,3711763
14,1201,19127353
14,1201,9122686
14,1201,17713876
14,1203,7703045
14,1203,11166537
14,1203,29914485
14,1203,22211151
14,1203,4694390
14,1203,37753963
14,1203,31206950
14,1203,31265740
14,1203,7784692
14,1203,6610483
14,1203,19088880
14,1205,7443081
14,1205,17395741
14,1205,26361235
14,1205,26957625
14,1205,5718477
14,1205,5780917
14,1207,2353652
14,1235,4494724
14,1237,8570217
14,1237,16136888
14,1237,5565588
14,1536,5352717
14,1536,5915577
14,1536,8599937
14,1536,7228139
14,1536,3037475
14,1538,26621594
14,1538,29029287
14,1538,59387313
14,745,886954
14,745,940291
14,1538,18109339
14,1538,58801225
14,1538,20446723
14,1539,20280119
14,1539,8757366
14,1539,25995082
14,1539,8593807
14,1540,2533792
14,1540,2872722
14,1540,12749644
14,1540,4122899
14,1540,15723109
14,1541,8818758
14,1541,4794474
14,1543,59236488
14,1543,75627639
14,1543,51285086
14,1543,3740617
14,1543,71526162
14,1543,27145580
14,1544,49345104
14,1544,15891857
14,1544,20962885
14,1544,32419510
14,1544,3296347
14,1544,29189107
14,1544,37846579
14,1545,27463894
14,1545,18652407
14,1546,12234147
14,1546,16507720
14,1548,374300
14,1549,30134882
14,1549,30353339
14,1549,54954721
14,1549,34136823
14,1549,48450221
14,749,12719457
14,749,2803927
14,749,6338833
14,1549,20969224
14,1549,31622333
14,1549,15882439
14,1549,52331595
14,1549,25000451
14,1549,10008787
14,1549,75870449
14,1549,2545341
14,1549,59997097
14,1549,68354720
14,1549,38288599
14,1551,16114345
14,1551,11997937
14,1551,30737593
14,1556,3488641
14,1568,527880
14,1575,4265143
14,1605,16936585
14,1605,26073303
14,1605,27311133
14,1605,32504056
14,1606,7761228
14,1615,4701520
14,1615,264924
14,1633,419800
14,1686,2850044
14,1687,9778868
14,1687,10267690
14,1687,9503449
14,1688,12580638
14,1688,22967842
14,1688,5872651
14,1688,24598053
14,1688,2849964
14,1688,4202987
14,1689,17925611
14,750,45958043
14,750,18416123
14,750,18560883
14,750,60377312
14,750,5358309
14,1689,25819327
14,1689,14490660
14,1701,2649
14,1707,2319712
14,1712,1174882
14,1733,463589
14,1734,2337027
14,1734,482929
14,1735,2597865
14,1735,6356822
14,1736,6250926
14,1738,56969667
14,1738,4679546
14,1738,23987010
14,1738,1380594
14,1738,20922005
14,1738,56580733
14,1738,60014713
14,1738,8123812
14,1738,39350058
14,1738,14732444
14,1738,3746478
14,1738,5411867
14,1738,1475991
14,1739,1939318
14,1739,743094
14,1741,48656163
14,1741,53993201
14,1741,45200550
14,1741,31663068
14,1741,8856568
14,1741,33131162
14,1741,46670037
14,1741,24947422
14,1741,6497041
14,1741,47344456
14,1741,54305062
14,1741,72939110
14,1742,6985178
14,1742,11106188
14,1742,22531487
14,1742,14281745
14,1742,3121393
14,750,21008430
14,750,34445850
14,1745,33335333
14,1745,75451820
14,1745,77610210
14,1745,54792926
14,1745,44755974
14,1745,43306567
14,1745,66940213
14,1745,30978189
14,1745,36829485
14,1745,45247736
14,1745,5046694
14,1745,41270912
14,1745,53059240
14,1745,55790690
14,1745,38663996
14,1745,50725772
14,1746,42146407
14,1746,12232074
14,1746,39275939
14,1746,24767422
14,1746,49934416
14,1746,52395046
14,1746,43992821
14,1746,11065777
14,1746,30013421
14,1746,24581050
14,1747,3444463
14,1750,15967390
14,1750,4410447
14,1750,12583273
14,1750,6026900
14,1750,3014666
14,1750,4055416
14,1750,16783485
14,1750,3411398
14,1750,11858968
14,1750,2702194
14,1751,3858024
14,1752,2592119
14,1752,493313
14,1754,5061334
14,1756,6069770
14,1756,4910541
14,1759,1312862
14,1760,1124943
14,1760,3015413
14,750,25659034
14,750,46017374
14,750,4548114
14,750,49639330
14,750,9248984
14,750,11159384
14,750,7891645
14,750,33855697
14,1762,16216954
14,1762,1414712
14,1762,14451567
14,1762,21250540
14,1762,1987846
14,1762,25363944
14,1768,10860409
14,1772,8668
14,1773,13841741
14,1773,2072650
14,1773,25193006
14,1773,3457792
14,1779,5839043
14,1779,6841381
14,1780,606512
14,1786,1018477
14,1786,4773697
14,1786,1613545
14,1789,11009915
14,751,1925296
14,1789,7824164
14,1789,1631368
14,1789,28016952
14,1789,22506725
14,1790,14958101
14,1790,25427375
14,1790,13035016
14,1790,26990152
14,1791,42504989
14,1791,57610478
14,1791,52305124
14,1791,24013806
14,1791,7359969
14,1791,32466288
14,1791,57544541
14,1791,1799465
14,1791,1565599
14,1791,35095938
14,1791,35687607
14,1791,43303564
14,1796,1281033
14,1796,1573968
14,1797,47737303
14,1797,11040992
14,1797,46441526
14,1797,52684685
14,1797,54202994
14,1797,14530715
14,1797,53405427
14,1797,81403214
14,1797,19154693
14,1797,62333957
14,1797,15190650
14,754,21944475
14,754,1125497
14,754,28249311
14,754,6789508
14,754,2043130
14,1797,30681321
14,1797,56918365
14,1797,2846833
14,1797,10301245
14,1797,69543608
14,1798,69515230
14,1798,60876769
14,1798,15942615
14,1798,38509575
14,1798,24214834
14,1798,35431561
14,1798,25048689
14,1798,7382398
14,1798,21918744
14,1798,10449974
14,1798,39105605
14,1798,63172582
14,1798,25683125
14,1798,18492396
14,1798,53574066
14,1798,69031431
14,1798,22984860
14,1798,39541948
14,1798,2108200
14,1798,2487244
14,1798,34453269
14,1829,2390873
14,1829,1499730
14,1829,2874089
14,1830,7769164
14,1831,928214
14,1832,68077613
14,1832,93996695
14,1832,93828021
14,1832,70101384
14,1832,7924704
14,1832,77565091
14,1832,41544714
14,1832,67756017
14,1832,51703093
14,1832,42254214
14,1832,65925314
14,1832,30269443
14,1832,83645852
14,1832,14264868
14,1832,19512141
14,1832,41590801
14,1832,89827516
14,757,13005156
14,757,18679488
14,757,9536044
14,1832,77437670
14,1833,11219867
14,1833,20646201
14,1833,23579857
14,1833,6664770
14,1833,7419606
14,1833,9306814
14,1959,14471322
14,1959,13795473
14,1959,4080700
14,1960,5069297
14,1960,1515750
14,1960,9800438
14,1960,10312741
14,1960,17725210
14,1964,23653308
14,1964,11443332
14,1964,4748475
14,1964,5613255
14,1968,19801528
14,1968,16460366
14,1968,9957239
14,1968,20152544
14,1968,15116575
14,1968,4528819
14,1968,17553105
14,1968,19356535
14,1970,16732923
14,1970,11112277
14,1970,16860337
14,1971,3174439
14,1971,21637922
14,1971,9209956
14,1971,11087354
14,759,19447535
14,759,13626706
14,759,14289375
14,759,696416
14,1971,17752115
14,1972,11655267
14,1972,17664699
14,1972,952394
14,1972,14089374
14,1974,17506445
14,1974,20394518
14,1974,19919670
14,1974,10606846
14,1976,6036305
14,1976,12860724
14,1976,17903751
14,1976,24698320
14,1976,41290331
14,1976,36842684
14,1978,18228480
14,1978,12397168
14,1982,31768117
14,1982,14795726
14,1987,30361990
14,1987,14175420
14,1987,36388330
14,1987,87002900
14,1987,6787131
14,1987,41066757
14,1987,39886908
14,1987,57257657
14,1987,51324504
14,1987,20932713
14,1987,9864738
14,760,955237
14,787,13962096
14,792,391244
14,724,37912058
14,724,20550488
14,724,4435679
14,724,22819967
14,724,26024890
14,724,11695226
14,1988,5306408
14,1988,7068720
14,1993,13506837
14,1993,30230485
14,1993,6019737
14,1993,6874409
14,1993,30534426
14,1993,15005638
14,1993,4587296
14,1993,17703224
14,1993,2169103
14,1995,1263592
14,1996,10463804
14,1996,7672350
14,1996,233865
14,1996,2448305
14,1996,7309246
14,1997,13943445
14,1997,12908880
14,1997,19723480
14,1997,1861893
14,1997,1912323
14,1997,3654853
14,1997,33226810
14,1997,4511691
14,1997,10947791
14,1997,31195374
14,1997,5538787
14,1997,22087572
14,2000,17321314
14,2000,15839720
14,2000,660611
14,2000,6427644
14,2000,8748954
14,2001,16003222
14,2001,1133164
14,2001,8167724
14,2001,6444095
14,2001,3451668
14,2001,11784076
14,2006,2397977
14,795,2151479
14,796,3659917
14,797,6702879
14,798,7818882
14,798,2187525
14,2012,14418116
14,2012,11067600
14,2012,9632852
14,2012,3624374
14,2013,2813561
14,2014,70357305
14,2014,47928897
14,2014,28320952
14,2014,50050531
14,2014,58866596
14,2014,40821883
14,2014,37381952
14,2014,59384479
14,2014,29535015
14,2014,43927065
14,2014,80406525
14,2014,25694508
14,2014,6254264
14,2014,4963433
14,2014,2809769
14,2015,831109
14,2017,19301599
14,2017,4688023
14,2017,10558866
14,2020,17730991
14,2020,12259664
14,2020,1851574
14,2020,2481285
14,2021,8808685
14,2021,2821617
14,2021,42000737
14,2021,207258
14,2021,5713543
14,2021,23973588
14,2021,17426139
14,2021,12428401
14,2021,44380338
14,2021,20976976
14,799,8505885
14,804,7327787
14,804,24039209
14,2042,765547
14,2044,2110640
14,2045,775500
14,2046,424097
14,2047,21267015
14,2047,20560847
14,2047,8433998
14,2047,8625701
14,2049,16112362
14,2049,17939232
14,2049,14251827
14,2049,36471134
14,2049,1538929
14,2049,24635357
14,2049,5043630
14,2049,11420596
14,2049,26170379
14,2049,10974519
14,2049,12829502
14,2049,7894128
14,2056,3532268
14,2057,1135920
14,2059,3906271
14,2059,578522
14,2059,1380955
14,2094,5018740
14,2094,1366069
14,2095,424513
14,2097,1620184
14,2097,2973817
14,2098,9207677
14,2098,8224955
14,2098,3557021
14,2099,2453983
14,2106,12021755
14,2106,7599068
14,2106,24031587
14,2106,31398275
14,821,6419859
14,821,2725427
14,822,9827708
14,823,8095195
14,823,3003752
14,2106,34894009
14,2106,788913
14,2111,6919600
14,2112,2403406
14,2112,4025249
14,2113,397508
14,2116,5780328
14,2116,1367385
14,2116,6415271
14,2117,9989402
14,2118,6136186
14,2118,6043930
14,2126,6782292
14,2126,1800744
14,2126,15106034
14,2126,15214024
14,2126,16298994
14,2129,5025795
14,2129,6535835
14,2129,9098665
14,2129,13873607
14,2132,3038237
14,2132,8058781
14,2132,1052956
14,2132,9950788
14,2133,16766103
14,2133,16139748
14,2133,11861455
14,2133,17318357
14,2133,9284483
14,826,8826897
14,826,27438383
14,826,19684533
14,826,15304925
14,826,29746247
14,826,8209880
14,832,649085
14,833,2783180
14,833,1961465
14,834,1304627
14,834,8752724
14,849,643949
14,850,2309293
14,850,2697968
14,850,1693032
14,851,1409319
14,853,15163924
14,853,43637912
14,853,1262559
14,853,17515212
14,853,760864
14,853,25729860
14,858,3748222
14,862,9093956
14,724,20125863
14,726,5790946
14,863,4391253
14,863,1325440
14,863,2565536
14,863,11560207
14,863,5761797
14,863,12969394
14,863,7747917
14,863,13352880
14,864,757952
14,866,824842
14,866,9436187
14,866,10118987
14,866,151959
14,866,2120859
14,866,6430214
14,866,7635273
14,866,12194281
14,866,22255530
14,866,19470624
14,866,1994637
14,867,1827033
14,868,748181
14,870,2641573
14,870,1047700
14,871,154115
14,872,78064961
14,872,3246569
14,872,45153106
14,872,37794359
14,872,78340257
14,872,77099968
14,872,33178235
14,872,6642873
14,872,75046876
14,872,5856434
14,872,44907917
14,872,27883641
14,872,1697480
14,872,52957485
14,872,18649425
14,872,66530999
14,872,17779740
14,872,68259783
14,872,68209865
14,872,44622692
14,872,27489764
14,875,12217333
14,875,14044413
14,875,15795005
14,875,8075480
14,877,3126808
14,881,1346032
14,881,1680252
14,734,6230269
14,881,17331735
14,881,17626267
14,881,6808108
14,881,4376090
14,882,5095134
14,882,9686279
14,884,8503637
14,884,4293844
14,884,7112802
14,884,5050823
14,885,2640477
14,885,7916527
14,890,5095397
14,892,525765
14,893,6968607
14,893,6092118
14,893,3568448
14,894,4896291
14,894,14464214
14,894,14909084
14,894,13965638
14,894,19771623
14,894,23972956
14,894,3677387
14,894,16418351
14,895,5287768
14,895,2303324
14,895,18855090
14,895,8410447
14,895,13633084
14,895,15772051
14,896,2700628
14,899,436726
14,899,12889913
14,899,23986930
14,899,10554094
14,899,26362491
14,899,11683579
14,899,1052142
14,735,7912529
14,735,32324804
14,735,32721035
14,735,15397450
14,735,39920102
14,900,705492
14,900,18814389
14,900,19275442
14,900,18707260
14,900,482000
14,901,12649682
14,901,13976838
14,901,9260097
14,901,10111567
14,901,14790237
14,901,18960680
14,903,551773
14,904,27253315
14,904,48497905
14,904,19687610
14,904,9845231
14,904,48725857
14,904,48581636
14,904,16984029
14,904,12158249
14,904,26298779
14,904,50223071
14,904,12854613
14,904,34632463
14,904,45895342
14,905,3265934
14,905,1605849
14,907,2860443
14,922,11081734
14,922,18391577
14,922,22859160
14,922,22299966
14,922,7215203
14,923,2537630
14,923,3946524
14,924,28813908
14,924,42222208
14,924,25003858
14,924,14903506
14,924,30022873
14,924,25641672
14,924,11447149
14,924,20494966
14,924,9641755
14,924,17872771
14,924,8651709
14,924,4450854
14,735,3203666
14,735,37501313
14,735,16349562
14,741,1827373
14,742,89299
14,925,19168000
14,925,22863774
14,925,29447994
14,925,771488
14,925,23405781
14,925,12522995
14,925,6672173
14,925,27897726
14,929,369647
14,930,1161492
14,930,10616232
14,932,2360284
14,932,6923660
14,932,16629006
14,935,6802445
14,937,7835984
14,939,12580091
14,939,7072636
14,940,16736240
14,940,8219420
14,940,14453846
14,940,1524000
14,941,27478860
14,743,15348372
14,743,41635213
14,743,60473440
14,743,20211976
14,743,32542781
14,743,37101964
14,941,291538
14,941,28648402
14,941,3180584
14,941,16609998
14,941,28824230
14,941,29346524
14,941,17245035
14,943,6927928
14,943,11634853
14,943,14737632
14,943,16169194
14,943,14289854
14,947,390526
14,947,9197918
14,948,7114669
14,950,146658
14,958,1453749
14,958,3558269
14,958,1257984
14,958,17902919
14,958,18244871
14,958,8749251
14,958,11019799
14,958,9235834
14,958,17758802
14,958,15615985
14,959,305963
14,980,28745703
14,980,11852620
14,980,26648921
14,980,7487579
14,980,34973457
14,981,15613431
14,981,16188920
14,981,13865726
14,1002,4402774
14,1002,18717721
14,743,9818604
14,743,18192285
14,743,19822645
14,743,30744017
14,743,45878313
14,1002,15448049
14,1002,19795056
14,1002,5184516
14,1002,23721178
14,1102,15670532
14,1102,3454933
14,1103,2194557
14,1104,591208
14,1106,1489239
14,1126,445288
14,1128,6910588
14,1129,1717782
14,1134,11643842
14,1134,7790800
14,1134,15360211
14,1134,20462069
14,1134,15889370
14,1134,2583496
14,1134,12812276
14,1135,12498306
14,1135,2932046
14,1135,10940911
14,1136,2775922
14,1137,25592099
14,1137,46245211
14,1137,15330841
14,1137,3313724
14,1137,4274164
14,1137,5172284
14,1137,26191238
14,1137,39805141
14,1137,41312397
14,1137,9051539
14,1137,32604518
14,1138,10918361
14,1138,17818499
14,1138,25867245
14,1138,7566803
14,743,29132271
14,1138,7532024
14,1138,11010637
14,1138,12377897
14,1147,5334032
14,1149,5106423
14,1149,5392445
14,1149,15253818
14,1149,19484551
14,1149,17092380
14,1149,18572345
14,1153,6155666
14,1153,10742130
14,1153,11829413
14,1153,8155979
14,1161,281716
14,1161,10291698
14,1161,4766580
14,1162,7380747
14,1162,6420670
14,1162,33579516
14,1162,25385614
14,1162,4872164
14,1162,41360630
14,1162,20961989
14,1162,3126800
14,1162,3965730
14,1162,89730155
14,1162,35745944
14,1162,77979015
14,1162,33047538
14,1162,81777737
14,1162,68836070
14,1162,58420812
14,1162,28183567
14,1162,41607477
14,1162,43864782
14,1162,35943821
14,1162,46891506
14,1163,34576416
14,744,3340471
14,744,468489
14,744,15300930
16,583,576974
16,584,24535336
16,585,2385133
16,585,12806111
16,1020,5706789
16,1020,27424103
16,1020,30461423
16,1020,75269863
16,1021,26381822
16,1021,34866963
16,1021,54750971
16,1021,60873822
16,1021,34051269
16,1022,9127168
16,1023,26105368
16,1023,18488716
16,1023,32328562
16,1024,64446399
16,1024,19804462
16,1024,24801599
16,1024,46016673
16,1024,16302615
16,1024,57406231
16,1024,3725947
16,1025,4082903
16,1030,979563
16,1032,19671467
16,1032,20841445
16,1032,10777479
16,1033,47877177
16,660,11190582
16,660,20370016
16,660,4127540
16,660,16926208
16,1033,18450609
16,1033,66175800
16,1033,9765695
16,1033,46021915
16,1033,63099521
16,1040,11488840
16,1042,4661449
16,1042,10438990
16,1042,7775004
16,1043,4498709
16,1044,398041
16,1050,11008953
16,1051,50310550
16,1051,41047481
16,1051,131173516
16,1051,131576013
16,1051,53544502
16,1051,35480316
16,1056,22976393
16,661,4900886
16,661,1022096
16,661,1564071
16,1056,46401122
16,1056,15670527
16,1056,29889714
16,1056,54778391
16,1056,14713566
16,1056,17851995
16,1061,5631638
16,1062,429518
16,1062,14437427
16,1062,759447
16,1066,4685611
16,1066,2504867
16,1066,11105709
16,1092,1059280
16,1092,1357938
16,1092,10258643
16,1094,4184074
16,1095,1690240
16,931,2251652
16,932,10569419
16,933,1077673
16,933,7979427
16,1055,58279260
16,1055,38271495
16,1055,78464665
16,1055,49194365
16,1055,96943698
16,1055,11601183
16,1055,100758518
16,1055,75703252
16,1085,38159886
16,1085,34947831
16,662,4188118
16,662,14929691
16,662,12237865
16,662,644266
16,662,9145081
16,1085,60936962
16,1085,53784057
16,1085,36036514
16,1096,13747087
16,1096,36791776
16,1096,35605919
16,1096,11110691
16,1096,14481006
16,1097,21568601
16,1097,6993655
16,1097,19535013
16,1097,13358278
16,1099,8159436
16,1099,36102400
16,1099,18909917
16,1099,37757623
16,1099,23966939
16,1101,15255611
16,1101,24667224
16,1101,25939354
16,1101,8249361
16,1101,32091581
16,1103,19077731
16,1104,10202634
16,1104,3943941
16,1104,5307755
16,1104,21033695
16,1104,19154800
16,1104,3871890
16,1104,2717288
16,666,13388668
16,666,14833670
16,668,9894091
16,668,185319
16,668,11142059
16,668,12817987
16,1111,40372390
16,1111,83228816
16,1111,41843255
16,1111,42132696
16,1111,31845172
16,1113,55554984
16,1113,52282183
16,1113,34497804
16,1113,28522060
16,1113,45170295
16,1113,51995920
16,1113,56452861
16,1116,79983399
16,1116,4658298
16,1116,79927205
16,1116,71273228
16,1116,80126386
16,1116,66080818
16,1116,46716295
16,1116,61674195
16,1116,9409306
16,1116,38112563
16,1116,13058122
16,1116,26363179
16,669,9105058
16,1118,644550
16,1119,59380637
16,1119,45965999
16,1119,46836718
16,1119,63644615
16,1119,78784632
16,1119,38523433
16,1119,40273983
16,1119,48202237
16,1119,60226920
16,1119,19940496
16,1119,60558097
16,1119,50635105
16,671,35361273
16,671,12253574
16,671,21243241
16,672,42051134
16,672,187632
16,672,17296773
16,672,25924020
16,672,55729826
16,672,38500276
16,672,51202930
16,672,34332555
16,672,47459822
16,673,2138590
16,678,5079468
16,679,1221607
16,682,11485659
16,682,24740822
16,589,2159984
16,683,27764071
16,683,18500842
16,683,28426472
16,683,10800488
16,686,10577948
16,686,11520999
16,686,43497246
16,686,23357511
16,686,22118649
16,686,30756066
16,686,4444338
16,687,6341652
16,687,4536309
16,687,62840093
16,687,30578122
16,688,7583209
16,688,8233503
16,688,2822282
16,688,16237087
16,689,5837119
16,691,70596730
16,691,48381250
16,691,32191660
16,691,63708789
16,691,60749067
16,692,11194501
16,692,8836654
16,693,8303436
16,697,813164
16,697,34620694
16,697,19227475
16,697,5274132
16,697,7257640
16,697,36685643
16,594,15010371
16,594,200455
16,594,18109253
16,595,15576552
16,595,10562165
16,699,2331917
16,699,16563027
16,700,15646019
16,700,7736761
16,701,527111
16,702,9013225
16,702,21118244
16,704,10744252
16,704,8894984
16,705,17982731
16,705,15370040
16,705,36866485
16,707,66853954
16,707,28696542
16,707,75908260
16,707,36039101
16,707,4794595
16,707,22279781
16,707,34967883
16,707,75265419
16,708,27065264
16,708,48413203
16,708,7580581
16,708,29158880
16,708,69579134
16,708,27064436
16,708,51688531
16,708,12770549
16,708,69610482
16,708,43468348
16,708,86855102
16,708,14045214
16,596,11326851
16,596,14431284
16,603,9724325
16,713,18689838
16,713,7033961
16,713,20807669
16,713,30090597
16,713,39708905
16,713,42922685
16,713,25840122
16,715,8363719
16,715,7188894
16,715,22294998
16,715,18728285
16,723,10068214
16,723,6945372
16,723,14285382
16,724,14200414
16,724,5122348
16,724,52548929
16,724,12592075
16,724,48002735
16,724,34068773
16,725,2164591
16,728,4841501
16,729,78163021
16,729,21997190
16,729,36830253
16,729,41308987
16,729,53822551
16,729,9139421
16,730,39713015
16,730,63984917
16,730,50566969
16,605,907993
16,605,9629913
16,606,13145144
16,730,32664735
16,730,39390969
16,730,8339905
16,730,36796261
16,734,18134280
16,734,787724
16,734,18837876
16,734,19988999
16,734,25319324
16,745,16905094
16,745,33787349
16,745,40903136
16,745,14388843
16,745,27464043
16,746,8441783
16,746,13468166
16,747,3766730
16,747,13880901
16,750,10443979
16,750,12004691
16,751,2731785
16,753,10671762
16,753,11298710
16,754,1113697
16,754,39764611
16,754,7764262
16,755,12998708
16,755,12115026
16,901,387683
16,904,28140126
16,904,14539383
16,904,11105231
16,904,18382080
16,904,7891552
16,607,6472080
16,607,11608774
16,607,24790143
16,609,6175776
16,609,201433
16,944,8720038
16,944,30795607
16,944,25146210
16,944,17619644
16,944,20180363
16,944,20380093
16,944,30322161
16,950,3444408
16,950,96453
16,951,36024523
16,951,39415195
16,951,899667
16,951,31977341
16,951,17287018
16,952,159708
16,952,8865938
16,952,16847770
16,952,8664486
16,952,11966946
16,952,13225601
16,952,11709883
16,954,746026
16,956,23292360
16,956,61025814
16,956,50933268
16,957,18068647
16,957,60712927
16,957,38870270
16,957,34260213
16,957,49429509
16,957,30891571
16,957,62250611
16,957,565487
16,957,11285161
16,957,12066161
16,612,18634433
16,612,9684529
16,958,5155877
16,958,5946672
16,960,297542
16,960,9768967
16,964,5811055
16,974,5355974
16,974,4994814
16,974,1001272
16,980,2539265
16,980,466725
16,980,711427
16,980,32585815
16,981,705698
16,981,13685054
16,981,4267178
16,981,4578856
16,983,3759591
16,983,16330116
16,983,6803322
16,983,12931611
16,983,24993014
16,983,20050548
16,983,28174710
16,993,20093093
16,993,4829408
16,997,39021454
16,997,59714947
16,998,30283219
16,630,32047947
16,630,7284073
16,998,30167680
16,998,61156102
16,998,43862878
16,1000,19269659
16,1001,36384323
16,1001,19503942
16,1001,2271232
16,1001,6158696
16,1001,36450019
16,1001,36508309
16,1002,25815317
16,1002,31912976
16,1002,23699270
16,1002,40828195
16,1005,3413072
16,1005,17379038
16,1005,5358256
16,1006,22624974
16,1006,5938559
16,1011,15395450
16,1012,66275695
16,1012,91868212
16,1012,47579345
16,1012,102168695
16,1012,10772067
16,1012,3651548
16,1012,92592828
16,1012,87065527
16,1012,144059213
16,632,10653292
16,632,8873516
16,1012,54787541
16,1012,132490196
16,1012,79766986
16,1012,145047841
16,1012,44705383
16,1012,93487073
16,1012,35101234
16,1012,38873104
16,1012,25352875
16,1013,25751194
16,1013,16885390
16,1013,50215726
16,1013,18046972
16,1013,20874242
16,1013,50153172
16,1013,6860585
16,1015,123283732
16,1015,11322205
16,1015,53344863
16,1015,85485981
16,1015,20168449
16,1015,38182277
16,1015,97530301
16,1015,33052347
16,1015,20373145
16,1015,44691880
16,1015,99068957
16,1015,11828623
16,1015,40804253
16,1017,8642220
16,1018,1512370
16,1018,569329
16,1018,1228299
16,1018,6192169
16,1018,8191132
16,1020,8659025
16,1020,29076925
16,1020,65422840
16,633,24296247
16,633,13448067
16,633,8191439
17,60,599169
17,60,7648275
17,276,16020124
17,276,10738971
17,276,13703677
17,276,13198400
17,276,37054933
17,276,25343769
17,276,24338688
17,276,4971164
17,276,5484224
17,277,16225802
17,277,4824481
17,277,19706060
17,277,978708
17,278,66071718
17,278,56478526
17,278,67530275
17,278,33463018
17,278,17974132
17,278,19624822
17,278,6031808
17,278,55932331
17,278,32202467
17,278,13839770
17,278,8771796
17,278,39145794
17,278,32243871
17,278,29386394
17,278,37203359
17,278,22285287
17,278,68890053
17,280,75466
17,281,1671179
17,282,16089626
17,282,21236246
17,282,17502032
17,282,12848450
17,282,16476310
17,282,4172759
17,283,4269798
17,284,10666437
17,284,31720307
17,284,2695104
17,284,29568972
17,284,20149003
17,104,24183216
17,284,29317163
17,284,10563451
17,284,11806553
17,285,63252951
17,285,55030402
17,285,9574148
17,285,39880161
17,285,65800241
17,285,49635085
17,285,3533256
17,285,14714245
17,285,55270374
17,285,6720521
17,285,62343634
17,285,35730817
17,285,37789787
17,285,23313083
17,285,64030938
17,285,45467464
17,285,59150458
17,285,63951499
17,285,32897688
17,286,71477751
17,286,46991251
17,286,71268828
17,286,24505680
17,286,14636330
17,286,61627714
17,286,84189246
17,286,61031936
17,286,92347453
17,286,37845772
17,286,12913225
17,286,53304097
17,286,50740878
17,286,6601918
17,286,28359876
17,286,49793255
17,286,66525331
17,286,15863229
17,286,52094591
17,286,59418481
17,286,5549635
17,286,14866731
17,286,84884262
17,105,1243781
17,106,115314
17,287,28635374
17,287,1419739
17,287,5509379
17,287,21322698
17,288,1825630
17,288,13599735
17,292,6563412
17,292,5428046
17,292,9841455
17,292,10062715
17,292,10608175
17,292,161995
17,313,2214471
17,313,3154331
17,314,10120040
17,314,5615182
17,316,1397298
17,316,500297
17,316,7035284
17,316,1052452
17,318,7056081
17,318,5748708
17,318,9782200
17,330,25697472
17,330,15237300
17,330,23924927
17,330,31959099
17,330,3090716
17,330,23522956
17,330,9679695
17,330,13111457
17,333,22671401
17,333,4059180
17,107,1867722
17,107,18059039
17,107,3082814
17,107,32263486
17,333,14679589
17,333,5419053
17,333,13374287
17,335,16447141
17,335,27242399
17,335,28825887
17,335,28692836
17,335,12662064
17,335,21228073
17,335,2948337
17,337,7935590
17,337,13408164
17,337,1595135
17,337,10707697
17,337,4104517
17,337,8991731
17,338,15887259
17,338,4953345
17,338,6536866
17,338,732012
17,338,31625795
17,341,3396673
17,341,40762071
17,341,52031922
17,341,31602201
17,341,77075807
17,341,14635998
17,341,48841043
17,341,47311188
17,341,54397837
17,341,48724239
17,341,64534450
17,341,68445070
17,341,74524609
17,341,19603752
17,341,46837197
17,341,71711104
17,341,26718416
17,107,23189014
17,107,35369519
17,343,11440697
17,345,11014144
17,345,1788356
17,348,48885102
17,348,52605592
17,348,54419677
17,348,6902558
17,348,36042186
17,348,9819050
17,348,13038563
17,348,70587791
17,348,48136581
17,348,58246447
17,348,60561107
17,348,443300
17,348,69398702
17,348,29339022
17,348,41255334
17,348,30475361
17,349,6153628
17,349,25411527
17,349,29678983
17,349,15963636
17,349,29396659
17,349,3885632
17,349,29368824
17,349,8265869
17,349,13304282
17,349,435283
17,108,19296681
17,108,10180972
17,108,13474344
17,108,9492279
17,108,3793289
17,108,31897776
17,108,600402
17,108,7241403
17,112,3753143
17,112,36410996
17,112,28025386
17,112,24417837
17,112,19538808
17,112,40187229
17,112,17098928
17,112,28286407
17,112,49206682
17,112,37789273
17,112,34598291
17,112,57133608
17,112,18490851
17,116,301911
17,116,251673
17,117,5639173
17,118,7078641
17,118,8421475
17,118,9309225
17,118,1553148
17,118,7881886
17,119,1383991
17,61,29849344
17,61,3080735
17,119,4458780
17,119,16413502
17,119,8628612
17,119,44681683
17,119,32175307
17,121,16084946
17,121,1877521
17,121,1388186
17,121,17989660
17,121,833797
17,121,33237804
17,121,16182188
17,121,16532552
17,121,1822302
17,125,13026661
17,125,7708747
17,125,16720530
17,125,19186607
17,132,36527135
17,132,4356490
17,132,12258163
17,132,32654297
17,132,16262076
17,132,17291016
17,132,57932952
17,132,32930355
17,132,49818392
17,132,9276964
17,132,35720221
17,132,25809302
17,132,7703074
17,132,29511066
17,132,55886380
17,132,29520651
17,132,19623020
17,132,23994936
17,132,49461946
17,132,55325231
17,145,649501
17,146,2485745
17,147,1990808
17,84,2971608
17,148,7066468
17,148,10735200
17,148,12658310
17,154,9149362
17,154,3928821
17,154,2671059
17,154,1365148
17,154,220200
17,155,1664129
17,159,10957874
17,160,65938732
17,160,28919389
17,160,11846781
17,160,58418067
17,160,56299745
17,160,59457350
17,160,14857992
17,160,21777614
17,160,30514428
17,160,32691519
17,160,75267295
17,160,56120705
17,160,66286181
17,160,43807583
17,160,44475167
17,160,66207145
17,160,13592269
17,160,54918450
17,160,4755412
17,165,8665504
17,165,2131342
17,167,19361609
17,167,17649436
17,167,36102146
17,167,27149167
17,85,7168911
17,85,23107107
17,85,9937790
17,85,17532951
17,85,25909231
17,85,26633004
17,85,25548787
17,170,14769536
17,170,1418181
17,170,514087
17,170,9835528
17,170,18065595
17,170,928042
17,170,7440430
17,171,33598148
17,171,34815247
17,171,55563866
17,171,18711212
17,171,100318766
17,171,20845397
17,171,102540502
17,171,64226595
17,171,93393795
17,171,182896
17,171,20800069
17,171,7036364
17,171,12041414
17,171,88518554
17,171,98207056
17,171,71167857
17,171,10594793
17,171,83684608
17,171,39416513
17,171,53868020
17,171,91551103
17,171,52140466
17,171,59978596
17,172,47406192
17,172,43301871
17,172,25017223
17,172,15727485
17,172,50577274
17,172,43873877
17,172,8434108
17,172,4136239
17,173,34900961
17,173,25168768
17,173,37705162
17,173,12879143
17,86,254950
17,86,5418848
17,86,13569873
17,86,6667262
17,86,10959034
17,86,937257
17,86,5899927
17,173,25918321
17,173,10597915
17,173,17061315
17,173,9661791
17,173,13564744
17,175,279137
17,176,1047577
17,176,6921757
17,176,2272492
17,176,24601669
17,176,23886637
17,176,21797308
17,176,20919523
17,176,15346640
17,176,6514204
17,181,757198
17,182,17860602
17,182,7619674
17,182,870973
17,182,1679516
17,183,10670528
17,183,12203368
17,183,4666306
17,183,1754192
17,184,647263
17,184,3890211
17,185,7519010
17,188,10927016
17,188,19965432
17,188,24825151
17,189,14054736
17,189,4280952
17,189,8076737
17,190,1355629
17,191,43318016
17,89,15658643
17,89,17193025
17,191,31767320
17,191,13965207
17,191,98324
17,191,49365184
17,191,36857566
17,191,2560241
17,191,34196820
17,192,52215856
17,192,38565575
17,192,10235568
17,192,9173229
17,192,67727614
17,192,61318626
17,192,63276806
17,192,5686775
17,192,19291932
17,192,29391073
17,192,20660685
17,198,11297933
17,198,2830813
17,198,13810960
17,199,1781228
17,199,2671198
17,199,14662500
17,199,16913450
17,199,15496758
17,199,9932733
17,204,8771952
17,204,31570544
17,204,29928389
17,204,56898153
17,204,10122785
17,89,21603524
17,89,33800845
17,89,4703475
17,204,3766228
17,204,11984611
17,204,44872301
17,204,52631367
17,205,4498620
17,205,14833784
17,210,1148229
17,213,436573
17,219,153495
17,222,3453197
17,222,2060585
17,227,1383208
17,229,7142622
17,229,9403794
17,229,32762151
17,229,27881107
17,229,14066381
17,229,27593248
17,229,20988840
17,229,8220665
17,229,21177018
17,229,22387218
17,230,214876
17,230,2366462
17,230,4697930
17,231,4644978
17,232,2952065
17,241,1547134
17,244,1960242
17,244,1810980
17,247,5759315
17,247,18647253
17,247,17632910
17,247,12507464
17,247,10752770
17,247,1983199
17,247,12952781
17,247,41586254
17,247,11413577
17,247,6607396
17,247,34703974
17,248,1215151
17,249,28428646
17,249,8449411
17,249,33456380
17,90,2457354
17,92,3803871
17,93,3675171
17,249,11689398
17,249,25435337
17,249,45733166
17,249,17233715
17,249,38280459
17,249,33524688
17,249,39688643
17,249,27963074
17,250,2807878
17,250,31049047
17,250,25135592
17,250,42088263
17,250,24396578
17,250,36789691
17,250,3212401
17,260,8193302
17,262,1813965
17,263,36279227
17,263,36634504
17,263,43133036
17,263,3305661
17,263,4776321
17,263,22520439
17,263,41344622
17,263,1716547
17,263,20710137
17,263,25857895
17,264,1421451
17,265,36534442
17,265,28141638
17,265,27557642
17,265,1682879
17,265,4440669
17,265,19978560
17,102,4990636
17,265,566358
17,265,28274785
17,265,47470218
17,266,22588781
17,266,29089821
17,266,832106
17,266,2837026
17,266,18903995
17,267,891658
17,267,70242579
17,267,52454998
17,267,36247337
17,267,38240804
17,267,61722117
17,267,23780077
17,267,50022274
17,267,42753277
17,267,54542181
17,267,30460079
17,267,65043016
17,270,857924
17,270,5539976
17,271,2845202
17,271,6743988
17,272,9943018
17,272,11982838
17,272,3003221
17,272,5606894
17,272,13706320
17,272,13709147
17,273,5272784
17,273,5264966
17,103,781216
17,103,22342198
18,66,47154
18,67,7569951
18,67,7796908
18,2981,2926342
18,2981,41308448
18,2981,53713172
18,2981,31917336
18,2981,31362917
18,2981,37401922
18,2981,14412711
18,2983,51689465
18,2983,12322133
18,2983,16955183
18,2983,58090051
18,2983,70790729
18,2983,38099103
18,2983,66832455
18,2983,48635758
18,2983,74848130
18,2983,74247887
18,2983,52823854
18,2984,659832
18,2984,36232718
18,2984,26916433
18,2984,28636103
18,2984,7218469
18,2984,40237850
18,2984,7091201
18,2984,16628596
18,207,16490831
18,207,10289564
18,207,21882048
18,207,17818960
18,2985,6082168
18,2985,3773687
18,2985,1232865
18,2986,2183568
18,2986,41859172
18,2986,27818085
18,2986,42583007
18,2986,32499301
18,2986,49471991
18,2986,51496412
18,2986,37010072
18,2986,48814776
18,2986,8799890
18,1772,10696230
18,1772,13158523
18,1772,364911
18,1772,16125214
18,1772,12922018
18,1773,14451873
18,1773,8253752
18,1773,8588072
18,1773,10010866
18,1773,2536599
18,1773,4217818
18,1774,4842559
18,1774,18699049
18,1774,36173783
18,1774,3757044
18,1774,12859576
18,1774,17647249
18,1774,35126356
18,1774,19760852
18,1774,22573860
18,208,4937227
18,1775,6167970
18,1777,16361087
18,1777,11552497
18,1777,9518013
18,1777,16574828
18,1777,27799085
18,1777,1639964
18,1777,1936234
18,1779,25257394
18,1779,6674960
18,1779,52914436
18,1779,44871430
18,1779,39656568
18,1779,22380019
18,1779,16339486
18,1779,20275371
18,1779,23403731
18,1779,68844242
18,1779,60668945
18,1779,53198107
18,1779,65271319
18,1779,26903336
18,1779,68158771
18,1779,68773951
18,1779,35628546
18,1779,37773951
18,1779,70870649
18,1779,7319821
18,1779,38753417
18,1779,31762820
18,1780,32457253
18,1780,34658033
18,1780,27663576
18,1780,159562
18,1780,17303134
18,1780,465165
18,1780,34317014
18,1780,5198576
18,1780,7417177
18,221,9915654
18,221,4988171
18,221,5528731
18,221,7388170
18,221,19458188
18,221,9967157
18,1782,2589335
18,1783,1821784
18,1784,2809756
18,1784,6578546
18,1784,14009451
18,1784,683037
18,1784,20699028
18,1784,8402581
18,1784,18791955
18,1785,9226456
18,1785,7900843
18,1788,26629355
18,1788,13741875
18,1788,7973029
18,1788,47194
18,1788,34011
18,1788,30488394
18,1788,450748
18,1788,6413860
18,1788,23055329
18,1789,26548064
18,1789,28550213
18,1789,11972714
18,1789,3137735
18,1789,24199622
18,1789,9804756
18,1789,11672207
18,1789,20794601
18,1789,21962741
18,1790,6760487
18,1790,281306
18,1791,10046603
18,221,5940837
18,222,1062680
18,1792,12057428
18,1792,4975626
18,1792,11875484
18,1793,3618773
18,1793,35919713
18,1793,31081955
18,1793,27457158
18,1794,3658087
18,1794,14282409
18,1794,5827906
18,1794,7351198
18,1794,578660
18,1795,552156
18,1795,2358709
18,1798,4708805
18,1798,3801452
18,1798,2440653
18,1799,5255722
18,1799,565761
18,1800,10724252
18,1800,21945994
18,1800,12069215
18,1800,13260685
18,1800,13279807
18,1800,15154567
18,1800,4883777
18,1800,18951946
18,1800,20183456
18,1800,17828952
18,1801,3197050
18,1801,3162588
18,1803,22197
18,1804,521025
18,223,6569071
18,223,10977199
18,223,16841153
18,223,18747769
18,223,19355088
18,1805,44577351
18,1805,27339186
18,1805,16703209
18,1805,18124468
18,1805,11144319
18,1805,46319634
18,1805,27792897
18,1805,6268123
18,1805,11295118
18,1805,51977560
18,1805,45234755
18,1805,46673775
18,1808,20005412
18,1808,10272398
18,1808,24448944
18,1808,33176642
18,1808,27732457
18,1808,55961400
18,1808,2267290
18,1808,49959453
18,1808,58013416
18,1808,51503219
18,1811,1194445
18,1811,785558
18,1811,14159183
18,1811,2879382
18,1812,3592438
18,1812,15274218
18,1812,11060408
18,223,1605136
18,1812,8473293
18,1814,193264
18,1814,3686004
18,1815,132168529
18,1815,9708424
18,1815,111031980
18,1815,87934822
18,1815,26898182
18,1815,67521044
18,1815,16972387
18,1815,97980727
18,1815,106915117
18,1815,122708747
18,1815,39914492
18,1815,52017033
18,1815,127903899
18,1815,126371202
18,1815,126436792
18,1815,101200241
18,1815,85749129
18,1815,21422947
18,1815,51669435
18,1815,137623705
18,1815,33846490
18,1815,116404387
18,1815,112046533
18,1815,50359468
18,1815,85211055
18,1815,92300184
18,1816,10494909
18,1816,8444404
18,1817,1929527
18,224,3383472
18,224,11593529
18,224,11992823
18,224,11960818
18,224,9869382
18,224,2131899
18,1826,18859498
18,1826,7105188
18,1826,14434600
18,1826,16616164
18,1827,92995710
18,1827,90691100
18,1827,89712871
18,1827,34355377
18,1827,30501264
18,1827,29958849
18,1827,13187574
18,1827,40917678
18,1827,22452856
18,1827,70590059
18,1827,73705469
18,1827,40113374
18,1827,79872029
18,1827,57941018
18,1827,60182078
18,1827,35232843
18,1829,8309136
18,1829,9344532
18,1829,13688142
18,1829,7969357
18,228,197817
18,228,6743011
18,1833,838041
18,1834,22182368
18,1834,48479886
18,1834,3730458
18,1834,50061923
18,1834,13751590
18,1834,31843795
18,1834,9257508
18,1834,42203719
18,1834,59726829
18,1834,55157078
18,1834,5444123
18,1834,12250917
18,1835,4841543
18,1840,32106520
18,1840,45754569
18,1840,3442084
18,1840,12253161
18,1840,32324151
18,1840,50799272
18,1840,30551276
18,1840,31168206
18,1840,41130878
18,1840,23906520
18,1841,17767162
18,1841,8601002
18,1841,15268336
18,1841,9583354
18,1841,15149518
18,1841,15353478
18,231,7318829
18,231,486273
18,231,10495393
18,231,12556813
18,1842,18765242
18,1842,7682862
18,1842,19253285
18,1842,16038382
18,1842,15522367
18,1842,11136194
18,1842,8392649
18,1844,17431994
18,1844,11719222
18,1844,16347422
18,1844,21649511
18,1845,1714332
18,1845,1797908
18,1846,6088077
18,1846,7104023
18,1846,6329631
18,1847,15073412
18,1847,13095246
18,1847,17682116
18,1847,27508924
18,1847,27768484
18,1847,7545533
18,1848,84399559
18,1848,86293729
18,1848,49092109
18,76,6170553
18,77,1989007
18,77,3463964
18,1848,46577952
18,1848,47423402
18,1848,32475071
18,1848,103390376
18,1848,17901587
18,1848,96965558
18,1848,98412728
18,1848,38065836
18,1848,26358136
18,1848,96047240
18,1848,77642716
18,1848,29706569
18,1848,91711121
18,1848,20957780
18,1848,61558011
18,1848,9954912
18,1848,19773756
18,1848,108314371
18,1848,64879216
18,1848,61065913
18,1848,46938924
18,1848,2257519
18,1848,72817816
18,1848,39136269
18,1848,111321409
18,1848,4160734
18,1848,6406594
18,1848,27193615
18,1850,6923645
18,1850,2240352
18,234,53438411
18,234,32881324
18,234,38992364
18,1864,21789504
18,1864,25184753
18,234,49369778
18,1909,799624
18,1910,2920537
18,1911,7612968
18,1911,10318289
18,1913,2426687
18,1914,3626405
18,1914,17201857
18,1914,15510180
18,1914,12767155
18,1915,19705560
18,1915,13087437
18,1915,20525481
18,1915,35832444
18,1915,4205792
18,1916,15387877
18,1917,20735799
18,1917,13518676
18,1917,24207419
18,1917,6373937
18,1917,10861839
18,1921,636477
18,1921,13780850
18,1921,14298935
18,1921,26760645
18,1921,29948157
18,1921,14717706
18,1921,5722146
18,1921,6473615
18,1930,11798554
18,1945,1935655
18,1945,2646732
18,1947,3355093
18,1947,1107072
18,1947,1358472
18,1950,36169828
18,1950,7619340
18,1950,9442439
18,1950,13617169
18,1950,4756332
18,1950,33665800
18,1950,164940
18,234,7489076
18,234,955828
18,234,44018099
18,234,41243933
18,234,48053806
18,1951,15017570
18,1951,1390291
18,1951,15730938
18,1951,2168283
18,1951,7500194
18,1951,16700856
18,1951,19596606
18,1967,31518204
18,1967,60436230
18,1967,14908209
18,1967,3853889
18,1967,12507675
18,1967,70949356
18,1967,65851075
18,1967,38652384
18,1967,87006593
18,1967,42368815
18,1967,30817276
18,1967,56931857
18,1967,37046947
18,1968,4593791
18,1968,12780342
18,1968,11384966
18,1969,13459218
18,1969,20446888
18,1969,5259242
18,1971,5030803
18,1971,17158269
18,1971,39815890
18,1971,49054684
18,1971,49583512
18,1971,28594832
18,1971,19273650
18,1971,25038564
18,241,354585
18,1973,66180603
18,1973,62929771
18,1973,62785696
18,1973,142454066
18,1973,154397354
18,1973,108900579
18,1973,56190635
18,1973,49412499
18,1973,35440622
18,1973,152547618
18,1973,93431037
18,1973,50248571
18,1973,51378781
18,1973,100038246
18,1973,130943264
18,1973,5782907
18,1973,97792061
18,1973,59623378
18,1973,52017476
18,1973,144980683
18,1977,62916365
18,1977,66700426
18,1977,58605333
18,1977,33478456
18,1977,18019567
18,244,1279799
18,244,8937934
18,244,5054341
18,244,7959008
18,1977,53063376
18,1977,7218980
18,1977,16100707
18,1977,52057594
18,1977,29979067
18,1977,64191177
18,1979,7608846
18,1979,17987869
18,1979,59958662
18,1979,48621859
18,1979,62307733
18,1979,12849746
18,1979,63015407
18,1979,138735
18,1979,50025632
18,1979,12524500
18,1979,54485486
18,1979,29657733
18,1979,53861357
18,1979,41053145
18,1979,74324090
18,1979,56657410
18,1980,3254260
18,1980,12525160
18,1980,605253
18,1980,3586123
18,1980,5694441
18,1980,17557188
18,1980,12997483
18,1983,8272057
18,1984,41206297
18,1984,25330826
18,1984,26764674
18,1984,12523467
18,1984,31228761
18,1984,8438252
18,1984,20306048
18,1984,15939561
18,1986,5934498
18,1986,17091275
18,1986,12030903
18,1988,7533660
18,1988,34026319
18,1988,35243899
18,1988,58911438
18,1988,83955083
18,1988,2016940
18,1988,98942956
18,1988,46169232
18,1988,32484090
18,1988,56688299
18,1988,105484034
18,1988,95767577
18,1988,87349789
18,1988,7451186
18,1988,32000648
18,1988,32886128
18,1990,78764537
18,1990,52727875
18,1990,80838799
18,1990,56264037
18,1990,78125202
18,1990,8180197
18,1990,75624865
18,1990,33135769
18,1990,37122199
18,1990,51950761
18,1990,33903031
18,1990,74318968
18,1990,39493021
18,1992,11822593
18,1992,18339761
18,1994,5038651
18,1994,10216148
18,1994,11407368
18,1994,14554168
18,1994,10887477
18,1994,16921969
18,248,4602701
18,248,5144645
18,248,21488956
18,248,23700676
18,248,20003709
18,1998,30800956
18,1998,5497960
18,1998,13541034
18,1998,11037150
18,1998,15834027
18,2000,10749970
18,2000,15042701
18,2000,4746887
18,2000,8119111
18,2000,16379958
18,2000,6249674
18,2000,7252982
18,2001,2218496
18,2012,34649212
18,2012,6486441
18,2012,23940596
18,2012,2197629
18,2012,27854813
18,2012,45440109
18,2013,5912546
18,2013,12854035
18,2013,29701878
18,2013,2339180
18,2013,13569614
18,2014,19782587
18,2014,9607834
18,2014,20012380
18,2014,9841458
18,2014,27917783
18,248,11117784
18,248,15937726
18,248,16957696
18,248,1334360
18,250,240214
18,250,1496039
18,251,2245185
18,2015,20048818
18,2016,64990431
18,2016,37410190
18,2016,69015775
18,2016,23748737
18,2016,77899576
18,2016,6623255
18,2016,15840911
18,2016,82463866
18,2016,507908
18,2016,21459670
18,2016,74147417
18,2020,9061122
18,2020,3821833
18,2024,4532931
18,2024,5025621
18,2025,12010474
18,2025,12951811
18,2025,6315734
18,2222,814263
18,2222,2415428
18,2225,18009476
18,2225,2537964
18,2225,7960041
18,2225,8544621
18,2225,15638360
18,2225,18479976
18,2225,1611817
18,2227,15183215
18,2227,4177227
18,2227,14404509
18,2227,31312039
18,2227,11066668
18,2227,5454194
18,252,1611078
18,252,3555190
18,253,12185884
18,253,7421012
18,2227,34448557
18,2227,35283087
18,2227,18904327
18,2227,24947591
18,2227,24240428
18,2227,34833876
18,2228,3398994
18,2228,3222883
18,2229,4916211
18,2229,2510505
18,2231,16697336
18,2231,13489822
18,2231,20267825
18,2232,512879
18,2233,8885408
18,2233,2209270
18,2233,796761
18,2233,11502884
18,2233,344758
18,2241,932147
18,2243,15240717
18,2243,2504255
18,2243,4511230
18,2245,3513753
18,2245,5744696
18,2245,1984397
18,2247,5289943
18,2247,31795759
18,2247,12819671
18,2247,18224246
18,2247,22499340
18,2247,4733538
18,2247,30701729
18,2247,9493222
18,2247,12284602
18,2247,36984294
18,2247,809815
18,2247,3358814
18,254,3004672
18,254,21113496
18,254,15091526
18,254,19249914
18,254,6049751
18,2250,3205948
18,2252,72705758
18,2252,70076315
18,2252,70483005
18,2252,57110327
18,2252,38073206
18,2252,63712104
18,2252,52938276
18,2252,65571616
18,2252,79141536
18,2252,59249124
18,2252,27664950
18,2252,80307504
18,2252,17588624
18,2252,62844893
18,2252,74978207
18,2252,69387728
18,2252,12174023
18,2252,18220223
18,2252,77720154
18,2252,81492046
18,2252,78326555
18,2252,32042079
18,2252,9061749
18,2252,11020699
18,2256,3082357
18,2256,1759709
18,2257,13619662
18,2257,13842613
18,2257,24571065
18,2257,2877424
18,2257,5006129
18,2257,23287548
18,255,6035148
18,255,2626484
18,2258,1877436
18,2258,9365067
18,2258,10952387
18,2259,4807203
18,2259,14391999
18,2259,17760620
18,2259,7952851
18,2259,10207898
18,2259,21837163
18,2260,1549396
18,2260,22007669
18,2260,6642162
18,2260,12258870
18,2262,575915
18,2266,4131710
18,2266,27917837
18,2266,30099497
18,2266,11351242
18,2266,39248686
18,2266,27113276
18,2266,38728973
18,2266,10379355
18,2266,20610206
18,2266,23091757
18,2266,4829403
18,2266,29470092
18,2266,45634449
18,2266,34261556
18,2266,3251645
18,2266,12987221
18,2266,21071764
18,2266,35376541
18,2266,43792936
18,2268,7457741
18,2268,39320608
18,2268,50092558
18,2268,23831057
18,2268,19443135
18,2268,24025571
18,2268,33394547
18,2268,5608410
18,2268,5904170
18,2268,38379768
18,2268,32956039
18,2268,44273939
18,256,1960022
18,259,145000
18,2268,39688074
18,2268,16105924
18,2268,20177524
18,2268,31232856
18,2268,49911481
18,2270,7257684
18,2270,3809412
18,2270,6618638
18,2270,2634476
18,2270,6989525
18,2272,1349482
18,2272,43163
18,2274,16917537
18,2274,49246522
18,2274,45960130
18,2274,2523594
18,2274,12955356
18,2274,23087146
18,2274,38384171
18,2274,22477961
18,2274,48297038
18,2274,33079320
18,2274,41715517
18,2276,15546185
18,2276,58543447
18,2276,8223017
18,2276,47864547
18,2276,56881362
18,2276,17579361
18,2276,48585976
18,267,1874122
18,267,20356321
18,267,23391821
18,267,10862196
18,267,7695448
18,267,4917066
18,267,379675
18,267,2428505
18,267,18651164
18,2276,27253599
18,2276,37084700
18,2276,37560940
18,2276,10878515
18,2276,8301996
18,2276,41558058
18,2276,46633810
18,2276,38709345
18,2276,63757659
18,2276,18173400
18,2276,40895182
18,2280,24113842
18,2280,13212635
18,2280,62149220
18,2280,34362926
18,2280,57680706
18,2280,52710761
18,2280,60597840
18,2280,31324329
18,2280,42751448
18,2280,24024366
18,2280,2264600
18,2280,5417640
18,2280,43586165
18,2280,7756383
18,2280,12190983
18,2280,46213772
18,2285,8022053
18,2285,3552645
18,2289,23101168
18,2289,35640992
18,2289,36643691
18,2289,3004875
18,2289,36018215
18,2289,36798763
18,2289,14976310
18,2289,9199690
18,267,14556260
18,267,15954410
18,267,8572401
18,267,21740536
18,267,27769753
18,2291,2419790
18,2291,2567395
18,2291,4405902
18,2292,4212956
18,2292,3724162
18,2292,1763049
18,2292,5321009
18,2292,14566113
18,2292,9218808
18,2293,5900199
18,2293,1257395
18,2293,182171
18,2293,11664242
18,2293,15901254
18,2293,10928180
18,2293,4196173
18,2295,3677419
18,2295,9802955
18,2295,10483293
18,2295,3171062
18,2296,5905076
18,2296,924581
18,2297,3186566
18,2297,1143355
18,2297,6147568
18,2297,4465460
18,2297,2868659
18,2297,4780459
18,2297,9012461
18,2298,5599547
18,2298,8463381
18,2299,9562646
18,2299,3755615
18,2299,19410668
18,2299,7756982
18,2300,20765563
18,2300,88861890
18,2300,90239520
18,2300,51502965
18,2300,62022690
18,2300,34720938
18,2300,37969538
18,2300,78616179
18,2300,56879488
18,2300,80326398
18,2300,14358192
18,269,3911505
18,269,12318825
18,269,1948512
18,269,27875798
18,269,27514742
18,269,4395697
18,2300,60978319
18,2300,12323388
18,2300,33635265
18,2300,75692421
18,2300,6609873
18,2300,61797541
18,2300,14423369
18,2305,5348815
18,2305,9307350
18,2305,9227942
18,2306,2578156
18,2309,12689420
18,2309,21003008
18,2309,15982693
18,2309,30483621
18,2309,1374804
18,2309,11272034
18,2309,13228686
18,2309,37706225
18,2309,599993
18,2309,25383044
18,2309,14409305
18,2309,23231640
18,2309,38197099
18,2309,29455706
18,2309,4708005
18,2311,10948040
18,2311,433842
18,2311,2284306
18,269,23395441
18,269,31056643
18,269,17896613
18,269,32323384
18,269,14468044
18,270,5218941
18,270,972180
18,2314,4531764
18,2314,1143679
18,2314,2147865
18,2314,3979013
18,2314,7209720
18,2314,7865320
18,2314,15428891
18,2315,11181924
18,2315,24076609
18,2315,24223395
18,2315,22363784
18,2316,5773494
18,2316,15382832
18,2318,2653125
18,2318,8358097
18,2318,15366548
18,2318,9664312
18,2319,1364582
18,2319,1250285
18,2321,16339954
18,2321,18518515
18,2321,2861610
18,2321,3622010
18,2321,7645080
18,2321,15378558
18,2321,4412016
18,2321,11291484
18,2321,7858558
18,2323,17678944
18,2323,12389972
18,2323,12099981
18,273,5458067
18,273,7359816
18,274,1372032
18,2324,9454404
18,2325,1773557
18,2325,1066933
18,2342,20635774
18,2342,5180505
18,2342,7371638
18,2343,5145786
18,2343,2486599
18,2344,2037753
18,2344,9010416
18,2344,3273655
18,2345,5129660
18,2345,15911008
18,2345,20005173
18,2345,23585782
18,2345,14270469
18,2345,3952263
18,2345,18800287
18,2345,19755297
18,2345,20878544
18,2345,17773052
18,2345,19147500
18,2345,25094491
18,2347,8075096
18,2347,9527363
18,2361,7873687
18,2361,1355618
18,2361,10029579
18,2361,2544633
18,2361,9415417
18,2362,6343172
18,2362,7168473
18,2362,8083458
18,2362,14502932
18,2362,12471290
18,2362,1924986
18,2362,10021931
18,2362,8151612
18,275,2917898
18,275,7967362
18,275,8533925
18,275,333535
18,275,1138752
18,276,285149
18,276,756329
18,278,4229649
18,278,10442087
18,278,4728407
18,278,6437120
18,81,12513254
18,81,18176886
18,81,5799519
18,81,10339965
18,81,9409114
18,81,1280038
18,279,11882411
18,279,6258017
18,279,11905505
18,281,5900451
18,281,13936178
18,281,712540
18,281,10505549
18,281,10950916
18,302,2862759
18,302,1174537
18,302,632142
18,305,19696399
18,305,19795276
18,305,3935258
18,305,9471069
18,305,4578207
18,305,23488945
18,307,18110131
18,307,17937154
18,307,11416597
18,307,7946464
18,307,20180431
18,307,23289230
18,307,23342860
18,307,30402982
18,308,2582819
18,308,10365324
18,309,19845914
18,309,7158598
18,309,10181176
18,309,10541895
18,309,11593375
18,310,4200649
18,310,20257030
18,310,19032227
18,310,12045996
18,310,2042190
18,82,327388
18,82,2210845
18,84,7143401
18,84,1472350
18,84,2996655
18,86,4269151
18,86,16579630
18,320,1725374
18,320,1654165
18,321,4793012
18,321,6333208
18,321,8160624
18,321,22688431
18,321,22448242
18,321,24210012
18,321,5375430
18,321,26901520
18,321,27974640
18,326,8226822
18,326,3696293
18,326,5271493
18,326,9669951
18,327,3538903
18,327,32090466
18,327,32533887
18,327,27132382
18,327,30915156
18,327,23152391
18,327,24767291
18,327,18427433
18,327,34155523
18,327,23350460
18,327,27197718
18,327,18315711
18,330,44230929
18,330,1719802
18,330,5524142
18,330,5639902
18,330,40855896
18,330,47614717
18,330,61921105
18,330,28069578
18,330,25210645
18,330,29686935
18,330,66373974
18,330,36948049
18,330,8388539
18,330,10096229
18,330,15447543
18,330,62071247
18,86,3692372
18,86,16602914
18,331,28742942
18,331,20266040
18,331,3140590
18,334,4169520
18,334,2146214
18,334,5854413
18,334,3924546
18,336,50869603
18,336,16463645
18,336,14820867
18,336,44449195
18,336,64094126
18,336,49224094
18,336,61217923
18,336,62238818
18,336,10382108
18,336,40694001
18,336,7087502
18,336,1802862
18,336,25642622
18,336,70758357
18,336,3814878
18,336,31589304
18,336,58813920
18,336,8147616
18,336,41196373
18,340,16753833
18,340,17947723
18,340,20690692
18,340,29785823
18,340,5299944
18,340,37332008
18,340,35771647
18,340,32508766
18,340,16565051
18,340,28047196
18,340,10485121
18,340,39625501
18,340,8613217
18,343,11754607
18,343,9446910
18,343,7617462
18,346,9660786
18,346,7629997
18,346,10110488
18,346,3950849
18,347,2703670
18,347,47429751
18,347,47988631
18,347,25611076
18,347,7403741
18,347,7896454
18,347,11194214
18,347,49709793
18,347,60837904
18,347,61584334
18,347,3339633
18,347,38213883
18,347,37942228
18,347,55739139
18,347,35264975
18,347,58439592
18,347,26690502
18,347,5667790
18,347,63131237
18,347,57643986
18,347,5175361
18,347,11275703
18,347,30251759
18,347,5486717
18,349,18631890
18,349,6206969
18,349,13728969
18,349,5220904
18,349,6212073
18,349,7718073
18,349,11244274
18,95,51584873
18,95,52254593
18,95,3802920
18,352,13309850
18,352,3651850
18,352,4021146
18,353,306893
18,354,10531002
18,354,12608548
18,354,24899877
18,355,12437122
18,355,10679341
18,355,13935893
18,359,793374
18,359,4322348
18,359,3039361
18,360,14193019
18,360,18009809
18,360,14147801
18,360,17940476
18,360,1072590
18,360,17031607
18,360,10446107
18,360,5786098
18,360,21367152
18,362,5535678
18,362,3508311
18,364,30325879
18,364,24988324
18,364,9774073
18,364,3125577
18,364,4457645
18,364,15426017
18,365,1358529
18,365,6083049
18,365,7516082
18,365,14331339
18,95,10215129
18,95,31967276
18,95,25102816
18,95,52201867
18,95,10793963
18,95,9358416
18,95,472803
18,366,17331991
18,366,6882116
18,366,9353596
18,366,12138965
18,367,7286516
18,369,4320174
18,369,6286761
18,369,612021
18,369,4700030
18,379,2926784
18,380,2936855
18,380,3844635
18,381,2455322
18,383,1259631
18,386,65476
18,396,14876301
18,396,13133823
18,396,14104799
18,398,22763281
18,398,38184240
18,398,40346930
18,398,52991908
18,398,54248168
18,398,58045058
18,398,36604346
18,398,31022403
18,398,39607011
18,398,45465111
18,398,26522711
18,398,55478523
18,95,21468025
18,95,3500752
18,95,36011548
18,95,40443338
18,95,44344435
18,95,28188746
18,95,35933943
18,402,5427097
18,402,458092
18,402,5016242
18,402,126990
18,402,4467556
18,403,10027455
18,403,16580652
18,403,16740179
18,403,3153103
18,404,14249611
18,404,15640821
18,404,11688806
18,404,10269701
18,404,8234972
18,404,4473349
18,404,4562761
18,405,2507253
18,407,20689945
18,407,10108320
18,407,13757029
18,407,4325345
18,407,4558595
18,407,27315145
18,407,1981063
18,407,17748083
18,407,5849049
18,407,5105381
18,417,39847022
18,417,31439764
18,417,23771818
18,417,29825294
18,417,15378074
18,95,24309357
18,95,26421282
18,95,5747182
18,95,7409782
18,95,48005892
18,68,2118453
18,68,21992992
18,68,22549581
18,68,18479320
18,68,10839462
18,417,2622082
18,417,31205136
18,418,7312070
18,418,2109175
18,418,13895281
18,418,16403526
18,418,9392739
18,418,705447
18,418,2136474
18,420,7801641
18,420,11395809
18,420,10969869
18,420,7580131
18,420,8312226
18,452,572823
18,452,391984
18,454,4724781
18,457,2691840
18,457,4930649
18,457,11645039
18,457,4381083
18,457,15716903
18,457,18070613
18,457,1263004
18,457,20592555
18,457,22990887
18,458,7543977
18,458,2090231
18,458,3161042
18,458,4264982
18,739,19553203
18,739,24859218
18,739,28093693
18,739,30199439
18,740,3744577
18,740,7270137
18,740,11509446
18,743,145350
18,743,309209
18,743,1236461
18,99,8681474
18,99,12788754
18,99,9847723
18,99,1770037
18,99,10421520
18,746,16865703
18,746,8165144
18,746,5240752
18,746,18333241
18,749,11276291
18,749,11999524
18,749,11077233
18,749,1413585
18,750,4365920
18,750,708518
18,750,7935590
18,750,908963
18,751,25728692
18,751,28482282
18,751,1974010
18,751,18439169
18,751,35870093
18,751,12054287
18,751,33394326
18,751,45963657
18,751,46915617
18,751,39622119
18,751,43753559
18,751,28850527
18,751,29081303
18,760,183873
18,763,9579989
18,763,11469683
18,763,8363337
18,766,11868145
18,766,12650820
18,771,10264734
18,772,6924977
18,774,3090617
18,775,2262719
18,775,7304211
18,775,390586
18,775,775346
18,775,14013689
18,775,1458624
18,102,6549205
18,776,9906441
18,776,4338161
18,780,10339083
18,780,47002084
18,780,33910729
18,780,6354388
18,780,41564256
18,780,19813414
18,780,59716131
18,780,26034544
18,780,43887568
18,780,34991931
18,780,53443138
18,783,47608654
18,783,57052159
18,783,162099
18,783,8333369
18,783,15035309
18,783,66735099
18,783,36163555
18,783,43029227
18,783,709666
18,783,57106053
18,783,60238383
18,783,28215928
18,784,1814402
18,785,3573691
18,787,4746466
18,787,12844563
18,787,16565593
18,102,3634532
18,102,3239850
18,102,17001918
18,787,17538259
18,787,18584259
18,787,18140550
18,787,58289588
18,787,41172028
18,787,43570981
18,787,56084587
18,787,18863282
18,787,21714357
18,790,10824040
18,790,12047807
18,792,50284766
18,792,1393027
18,792,5243609
18,792,9471665
18,792,37980857
18,792,38252077
18,792,36396223
18,792,45631509
18,794,12384447
18,794,22203461
18,794,382892
18,794,8597574
18,794,21023423
18,794,17737876
18,796,14159690
18,796,13389382
18,796,8534180
18,796,4759282
18,796,16001247
18,796,6162343
18,814,367022
18,819,2377140
18,828,4261268
18,830,1756373
18,832,4531908
18,833,9871115
18,833,11692838
18,833,13749790
18,833,14044410
18,833,6073664
18,833,12803526
18,105,1651604
18,105,2752816
18,105,291788
18,835,10604538
18,835,3293409
18,835,10380107
18,835,6796681
18,836,6498
18,838,19173874
18,838,3854325
18,838,9077421
18,842,6746302
18,842,7209624
18,843,24941745
18,843,17596791
18,843,17625448
18,843,15371134
18,843,31825805
18,843,23583152
18,843,9470108
18,843,12426183
18,843,13839079
18,843,12095142
18,843,12906342
18,843,14456693
18,844,6132913
18,844,1865061
18,844,5997646
18,844,1439067
18,845,2399358
18,848,4938026
18,848,5052868
18,848,5815410
18,848,6566471
18,848,3543423
18,848,10134950
18,849,7684988
18,849,5588647
18,851,9585998
18,111,10286794
18,111,12591294
18,111,7059698
18,111,918116
18,852,15600087
18,852,14588495
18,852,13828959
18,852,15179390
18,853,4194038
18,853,10486490
18,853,10213145
18,853,4542682
18,857,12909501
18,857,5823053
18,857,1008778
18,857,2644928
18,857,14906076
18,857,14987536
18,857,1999709
18,857,21027040
18,857,10071769
18,857,11513950
18,858,7656809
18,858,4804501
18,858,5719553
18,859,6650241
18,860,2430039
18,860,5229418
18,865,76380
18,867,32995667
18,867,16009674
18,867,13068986
18,867,13749025
18,867,7810643
18,867,7722124
18,867,19330350
18,867,26058452
18,867,29226793
18,870,3951445
18,872,3499072
18,112,17596978
18,112,4849242
18,112,9129308
18,112,14829069
18,873,8336210
18,873,9261819
18,873,4395492
18,873,12182451
18,873,1864607
18,873,15220814
18,874,6212989
18,874,1815692
18,874,4288952
18,874,2025838
18,874,2698008
18,874,712776
18,875,5610288
18,875,6754625
18,875,8234706
18,876,138475
18,880,14331961
18,880,1460905
18,880,11906866
18,880,10343105
18,883,30306635
18,883,14989307
18,883,60165499
18,883,18049632
18,883,67699062
18,883,44611705
18,883,69750556
18,883,58115103
18,883,58835615
18,883,61544514
18,883,56844451
18,883,76842
18,883,23321871
18,883,6597681
18,883,54924578
18,883,72946621
18,883,59355252
18,883,61215930
18,883,68203839
18,883,2863168
18,883,27335829
18,883,69551763
18,883,74115403
18,883,34551136
18,112,7616083
18,112,19722666
18,112,13862552
18,112,10244302
18,886,22760020
18,886,27725253
18,886,30320697
18,886,15320834
18,886,32238965
18,886,32255734
18,886,5086206
18,886,8786288
18,886,3436360
18,888,520849
18,888,1160581
18,890,5294222
18,890,1836873
18,893,45787949
18,893,41702305
18,893,26001395
18,893,28047405
18,893,20000288
18,893,18022126
18,893,31343056
18,893,23217972
18,893,51936870
18,893,40338501
18,897,10570956
18,897,23657218
18,113,1289881
18,113,10379408
18,113,10211011
18,113,5917754
18,897,26190396
18,897,25487388
18,897,22133906
18,897,6253543
18,897,12947761
18,897,2630664
18,897,11979860
18,898,7349686
18,898,6811597
18,899,16221510
18,899,20464507
18,899,32059116
18,899,37215324
18,899,15037626
18,899,7097634
18,899,1694796
18,899,39865791
18,899,2345449
18,899,5898098
18,899,6120607
18,901,5259517
18,901,10887932
18,901,13975410
18,901,22436088
18,901,13308609
18,901,26338459
18,901,16542723
18,901,18920675
18,901,18990925
18,902,7039593
18,902,15925854
18,902,18029454
18,902,3692998
18,903,2167396
18,903,11310301
18,903,5954815
18,113,25573930
18,113,17568983
18,113,13874306
18,113,6629883
18,113,20916852
18,113,16298254
18,113,16510984
18,113,24084527
18,113,25470607
18,903,5302322
18,905,37491145
18,905,11564620
18,905,25332634
18,905,20770191
18,905,29516681
18,905,7647974
18,905,36659680
18,905,7088031
18,905,19433798
18,905,13152018
18,905,355677
18,905,3856397
18,905,5504427
18,905,2718410
18,907,2115635
18,907,3165389
18,907,14110149
18,907,23080394
18,907,3660877
18,907,15232006
18,907,5690553
18,907,4881321
18,907,18026255
18,907,22759530
18,909,2654021
18,909,1248084
18,911,2800885
18,911,9298762
18,911,15296315
18,911,11277448
18,911,15413422
18,911,730841
18,911,5817040
18,912,9726180
18,912,5746680
18,913,19668522
18,913,15886181
18,913,13401693
18,913,11024664
18,913,13929607
18,114,1213235
18,114,3242093
18,114,7969015
18,114,634676
18,114,7077260
18,115,11881981
18,115,1613774
18,68,11060620
18,68,5098541
18,68,13646793
18,68,10963905
18,68,3522530
18,914,16763275
18,914,2588028
18,914,13722932
18,914,16721306
18,914,15874238
18,914,15324944
18,914,14311617
18,916,31329952
18,916,23402494
18,916,2854504
18,916,28029197
18,916,26636476
18,916,349031
18,918,1343795
18,932,1669081
18,933,3905664
18,933,31842387
18,933,2908945
18,933,13151130
18,933,22257964
18,933,23748974
18,933,6716544
18,933,26527216
18,933,31616458
18,933,12051881
18,933,20342092
18,934,6443898
18,934,11629444
18,934,9013482
18,936,5185895
18,936,148007
18,936,11662689
18,936,3544292
18,937,3083249
18,115,10679868
18,115,17713190
18,115,19995901
18,939,7468979
18,939,12692648
18,939,12258383
18,939,19258777
18,939,20689545
18,939,14324190
18,944,26477647
18,944,33346602
18,944,15942893
18,944,41711298
18,944,26443895
18,944,20715974
18,944,16410409
18,944,6397384
18,944,30478484
18,945,19679944
18,945,21768634
18,945,23015097
18,945,13789723
18,945,21378790
18,945,13457304
18,945,15416961
18,945,18803623
18,945,16581210
18,947,19509033
18,947,23696310
18,947,19555290
18,947,6715917
18,947,20900784
18,947,3237112
18,948,10242265
18,948,43885514
18,948,12150764
18,948,12403704
18,948,34716354
18,117,6325342
18,117,6092005
18,117,6672923
18,118,3576526
18,119,3604562
18,948,16653182
18,948,18396702
18,948,26223915
18,948,17971367
18,948,9361431
18,948,25568720
18,948,23050562
18,948,23532882
18,948,35995623
18,948,40413208
18,948,23588804
18,948,47700834
18,948,49896533
18,948,14580785
18,948,2445574
18,948,26404401
18,951,9057147
18,951,2712474
18,951,7852225
18,952,206978
18,954,12278645
18,954,6736217
18,954,11192443
18,954,3353633
18,954,3517029
18,955,7204588
18,955,12421598
18,955,15414422
18,955,5086440
18,955,554241
18,955,7876280
18,955,8007580
18,955,35676753
18,955,30805969
18,955,25769842
18,955,26365082
18,955,24993686
18,955,30626663
18,955,23260998
18,955,19381450
18,955,4785098
18,956,1632805
18,956,2408373
18,959,9404747
18,959,15295976
18,959,14631591
18,963,6779068
18,963,21247753
18,963,25421599
18,963,26664760
18,963,11348231
18,963,17969273
18,963,18410773
18,963,13389127
18,963,3970537
18,963,6270057
18,963,19175631
18,963,25968125
18,964,17441172
18,964,15168008
18,964,8031291
18,964,2307035
18,964,6907825
18,964,21418851
18,965,288801
18,967,27865922
18,967,6266894
18,967,45881527
18,967,11499811
18,967,2362008
18,967,25490416
18,967,35793231
18,967,12807177
18,967,6244463
18,968,2816241
18,968,3304322
18,970,38069048
18,970,42273808
18,970,47402284
18,970,45214526
18,970,46599172
18,970,27512772
18,970,23200090
18,970,3639450
18,970,21582108
18,970,16880646
18,970,40691362
18,970,29899100
18,120,498684
18,120,22008075
18,120,9847992
18,120,22450906
18,120,4412600
18,974,17994190
18,974,73739566
18,974,47918427
18,974,89113076
18,974,90521091
18,974,48141590
18,974,88831317
18,974,16694018
18,974,75500269
18,974,61649268
18,974,20476294
18,974,64365436
18,974,4244196
18,974,25578354
18,974,30198329
18,974,67361275
18,974,22760465
18,974,7540428
18,974,32527177
18,974,6485821
18,974,10394783
18,975,2173479
18,975,7307556
18,975,2031078
18,975,910816
18,975,4994429
18,980,14156874
18,980,15932460
18,980,747784
18,985,12950073
18,985,2323193
18,985,7211917
18,985,17812630
18,985,15575886
18,121,5222884
18,991,37902564
18,991,25182791
18,991,24961195
18,991,23889754
18,991,26493518
18,991,29268118
18,991,5425643
18,994,10350244
18,994,8568569
18,994,6865557
18,995,368315
18,995,334333
18,997,5337311
18,998,22226988
18,998,4842091
18,998,8069026
18,998,11081348
18,1000,1232551
18,1001,61444387
18,1001,79784062
18,1001,84219932
18,1001,40573270
18,121,11108971
18,121,21543114
18,122,5626933
18,1001,17966145
18,1001,96802465
18,1001,37751515
18,1001,44171482
18,1001,87876264
18,1001,49575746
18,1001,3404367
18,1001,53929871
18,1001,32925976
18,1001,34502264
18,1001,41128238
18,1001,94742095
18,1001,111138995
18,1001,16253161
18,1001,100125272
18,1001,32261749
18,1001,48174751
18,1001,97783360
18,1001,75260303
18,1001,68644645
18,1001,84894251
18,1001,72436302
18,1003,19902243
18,1003,4632078
18,1003,10847497
18,1003,18257750
18,1006,9402086
18,1006,525276
18,1006,3755902
18,122,12596794
18,122,9997609
18,1008,832106
18,1008,10737287
18,1008,12198864
18,1008,8193146
18,1008,12826541
18,1008,2374372
18,1008,9552698
18,1008,12708318
18,1032,16353964
18,1032,589729
18,1032,8605169
18,1032,4649333
18,1032,6270883
18,1032,1377337
18,1032,991898
18,1033,9120743
18,1033,13873307
18,1033,12839505
18,1033,2726078
18,1033,13217748
18,1033,15270609
18,1034,10606781
18,1034,1363285
18,1034,19849704
18,1034,1665902
18,1034,5470906
18,1034,14174948
18,1034,27576634
18,1034,19702139
18,1034,8549305
18,1034,12553201
18,1036,18935787
18,1036,20970487
18,1036,19722274
18,1036,21056755
18,1036,13583998
18,1036,8830538
18,1036,8974861
18,1036,5164446
18,1036,6046273
18,1037,22917466
18,1037,24402215
18,1037,3850932
18,1037,14153235
18,1037,14315149
18,1037,16299467
18,1037,8499363
18,1039,16156536
18,1039,23389208
18,1039,26555538
18,1039,12639135
18,1039,41989002
18,124,2187836
18,1039,3481748
18,1039,13178673
18,1039,37877733
18,1039,35932225
18,1039,26973501
18,1039,7345132
18,1039,40107677
18,1039,5446595
18,1041,16325858
18,1041,6208707
18,1041,16152472
18,1041,9149016
18,1041,7096326
18,1041,14109688
18,1041,2753051
18,1041,20992484
18,1041,20544805
18,1041,11299935
18,1041,21380563
18,1043,60397969
18,1043,34134501
18,1043,44194024
18,1043,38676801
18,1043,46011356
18,1043,22598029
18,1043,65277183
18,1043,16780730
18,1043,8061595
18,1043,3682836
18,1043,53268048
18,1043,49623466
18,1043,34035560
18,1043,39223558
18,1043,40210195
18,1043,53165612
18,1043,56375616
18,1043,24217135
18,1043,11145036
18,1043,53772891
18,1045,20440922
18,1045,10536128
18,1045,24077364
18,1045,4203838
18,1045,26084264
18,1045,3315356
18,126,21454145
18,126,6677886
18,126,11924646
18,126,14103156
18,126,541750
18,126,18975721
18,126,22359716
18,126,12656091
18,1047,6559976
18,1047,2231846
18,1047,19206296
18,1047,10217532
18,1047,27982169
18,1047,24553894
18,1047,18896622
18,1047,20412523
18,1050,502415
18,1050,282173
18,1051,15491324
18,1051,21058415
18,1051,13213306
18,1053,12041614
18,1053,4615937
18,1053,16693522
18,1053,12423637
18,1053,9298711
18,1053,26476344
18,1053,22372568
18,1053,21153200
18,1053,1233271
18,1053,35492901
18,1053,15264325
18,1056,2234177
18,1056,677902
18,1061,718561
18,1061,1217914
18,1062,62572951
18,1062,22453894
18,1062,39570487
18,1062,52707146
18,1062,60005590
18,1062,61126720
18,1062,61959380
18,1062,33268220
18,1062,44451129
18,1062,19058259
18,1062,43153666
18,1062,58280618
18,1062,37539920
18,1062,38086850
18,1062,12185847
18,1062,57573226
18,1062,6851954
18,1062,34982004
18,69,2244731
18,69,11674321
18,1062,55968577
18,1062,52364321
18,1063,43589962
18,1063,29996647
18,1063,32040409
18,1063,10972166
18,1063,37674922
18,1063,39030782
18,1063,7372728
18,1063,34236410
18,1063,25672020
18,1063,20853920
18,1063,35002102
18,1063,5188069
18,1063,39114633
18,1063,24964552
18,1063,49195792
18,1153,7961169
18,1155,5744849
18,1155,3373113
18,1155,5225611
18,1155,6598331
18,1157,516071
18,1160,34682117
18,1160,35714475
18,1160,11166438
18,1160,24044952
18,1160,26344810
18,1160,27694010
18,1160,338368
18,1160,29633269
18,1161,1157842
18,1170,1823752
18,1170,3126787
18,126,26675470
18,126,17209869
18,126,36214664
18,126,34802991
18,126,26885351
18,126,30058781
18,126,12264169
18,126,19614588
18,1171,13900551
18,1171,15250210
18,1171,101032
18,1171,1866292
18,1171,15524402
18,1171,16279572
18,1171,16875713
18,1174,7831442
18,1174,10707701
18,1174,2551537
18,1175,38706782
18,1175,23929977
18,1175,43499777
18,1175,9340532
18,1175,21041945
18,1175,21859055
18,1175,20729279
18,1175,63957258
18,1175,52975509
18,1175,24793253
18,1175,40925319
18,1175,33041135
18,1175,2464900
18,1175,66008462
18,1175,53673276
18,1175,48246807
18,1175,12264327
18,1175,56521694
18,1185,3550218
18,1185,4106498
18,1185,6973664
18,1186,11556103
18,1186,13958900
18,1186,430949
18,1186,8142943
18,1186,11995617
18,1186,13607948
18,1186,10568019
18,1186,1786223
18,1186,830120
18,1187,1063385
18,1187,9439360
18,1187,11599196
18,1187,15970487
18,1188,586691
18,127,22311078
18,127,6994581
18,1190,25823516
18,1190,13370695
18,1190,2261286
18,1190,21238156
18,1190,4687694
18,1190,1610252
18,1191,14497820
18,1191,6841576
18,1191,12514472
18,1196,34144716
18,1196,14119741
18,1196,35390360
18,1196,4292552
18,1196,32213429
18,1196,2219314
18,1196,3807
18,1196,18205078
18,1196,33477860
18,1196,22023656
18,1197,21997545
18,1197,25268155
18,1197,9035020
18,1197,17166000
18,1197,28236858
18,1197,6178903
18,1197,6845086
18,1197,2401763
18,1197,3733703
18,1197,19469424
18,1198,4422239
18,1198,10779672
18,1198,2649858
18,1198,9035724
18,1198,113345
18,1198,3938794
18,1199,10622679
18,1199,9140608
18,1199,9738644
18,127,24559784
18,127,20066422
18,1199,9653933
18,1199,9709186
18,1200,414380
18,1200,528762
18,1200,8744282
18,1201,2497667
18,1201,3235543
18,1203,14975456
18,1203,7629807
18,1203,3499364
18,1203,16524930
18,1203,14141650
18,1203,3827014
18,1203,22153043
18,1203,23688879
18,1203,22894378
18,1203,9353768
18,1203,11156775
18,1203,2757929
18,1203,17389900
18,1204,3968233
18,1204,7147142
18,1204,8440841
18,1205,22744147
18,1205,9859558
18,1205,13995328
18,1205,27610228
18,1205,26587841
18,1205,2626785
18,1205,11480112
18,1206,2974505
18,1206,4147727
18,1206,4907708
18,1207,6361741
18,1207,532459
18,1213,11781528
18,1213,10386811
18,1213,10159872
18,127,24776987
18,127,24579469
18,127,8922867
18,127,13722886
18,1215,17262296
18,1215,43775184
18,1215,2564833
18,1215,24552344
18,1215,8463354
18,1215,11898917
18,1215,31033500
18,1215,37407090
18,1215,28940469
18,1215,52852199
18,1215,55377399
18,1215,22617
18,1215,2265317
18,1215,30490922
18,1215,8279596
18,1215,63552582
18,1215,79596585
18,1215,12794706
18,1215,64850976
18,1215,68302216
18,1215,17008903
18,1215,45482650
18,1215,40925474
18,1215,7688027
18,1217,21691051
18,1217,25744141
18,1217,40130161
18,1217,1359887
18,1217,40092377
18,1217,34100263
18,1217,41455019
18,1217,51909441
18,1217,60409766
18,1217,2135488
18,1217,18260349
18,1217,21009647
18,1217,56945307
18,1217,43690267
18,1217,26333507
18,1217,56349151
18,1217,22068525
18,1217,7008584
18,127,18844526
18,1217,44364858
18,1217,23196062
18,1218,2666387
18,1218,22408227
18,1218,16717612
18,1218,8344645
18,1218,7014439
18,1218,3778990
18,1218,4067160
18,1218,11971979
18,1218,5735864
18,1218,4530213
18,1219,31386262
18,1219,38975580
18,1219,29538011
18,1222,28056366
18,1222,14358795
18,1222,14033351
18,1222,11150428
18,1222,220466
18,1222,17882455
18,1224,21754842
18,1224,19462318
18,130,947952
18,130,842986
18,130,4158566
18,1225,1119273
18,1225,2737365
18,1225,3052716
18,1225,2770758
18,1231,88181162
18,1231,100407872
18,1231,18471391
18,1231,18729772
18,1231,79827631
18,1231,38511372
18,1231,78916746
18,1231,81489581
18,1231,79710815
18,1231,32774611
18,1231,41344897
18,1231,34097051
18,1231,35230493
18,1231,51145464
18,1231,99454078
18,1231,49270088
18,1231,27775233
18,1231,24663990
18,1231,53843966
18,1231,3818385
18,1231,19244844
18,1231,22745257
18,1231,55085042
18,1231,10934109
18,1231,32468497
18,1235,9269586
18,1235,4333224
18,1236,6058126
18,131,18180992
18,131,15433312
18,131,20330145
18,1236,4165922
18,1236,21073941
18,1236,21217006
18,1236,18109076
18,1236,15195661
18,1237,2020507
18,1237,607492
18,1237,24276485
18,1237,1093610
18,1237,12430084
18,1237,565775
18,1237,19499580
18,1237,8988342
18,1237,6735097
18,1237,3755340
18,1237,5407209
18,1237,15276510
18,1239,2924858
18,1239,519043
18,1240,28029817
18,1240,29668616
18,1240,29194621
18,1241,4309625
18,1241,19460452
18,1241,19083888
18,1241,17012937
18,1241,34009
18,1241,5611945
18,1241,12763722
18,1242,2511437
18,131,1247605
18,133,378985
18,1243,5371816
18,1243,3723734
18,1245,5176078
18,1245,1774036
18,1245,3783116
18,1246,6896444
18,1246,1177952
18,1246,4381576
18,1247,447434
18,1247,512973
18,1253,160772
18,1254,17400389
18,1254,17796386
18,1254,7822391
18,1254,6648056
18,1254,9844042
18,1255,354239
18,1256,36040536
18,1256,25563215
18,1256,8891631
18,1256,15993899
18,1256,12513761
18,1256,5946955
18,1256,43140244
18,1256,617845
18,1256,18418938
18,1256,15250334
18,1256,27522611
18,1256,27638846
18,1256,3145373
18,1256,24045251
18,1256,26265335
18,1256,46892987
18,1256,1024126
18,1256,1298149
18,1256,38796662
18,1256,42321494
18,1256,35913624
18,1256,10232390
18,1256,46277354
18,1256,4983422
18,1256,7726793
18,1256,40658286
18,1256,41564343
18,1259,14775181
18,1259,4102946
18,134,696364
18,134,2035547
18,1259,3412149
18,1259,15947120
18,1260,5093767
18,1261,888821
18,1261,15496971
18,1261,2925171
18,1261,5338595
18,1261,9201637
18,1261,1463960
18,1261,29520720
18,1300,578089
18,1300,8059719
18,1300,14698053
18,1300,1234595
18,1300,6725219
18,1300,12585057
18,1300,14392266
18,1301,1485887
18,1301,450549
18,1307,2873669
18,1307,7221024
18,1307,656425
18,1307,4475332
18,1307,1065784
18,1312,1556123
18,1312,4590063
18,1314,43100418
18,1314,34390094
18,1314,37132184
18,1314,62323535
18,1314,1149764
18,1314,38705990
18,1314,34362919
18,136,18953092
18,136,22250471
18,136,13993415
18,71,6851571
18,71,15293184
18,71,15131529
18,1314,51150982
18,1314,20029558
18,1314,62555049
18,1314,62575199
18,1314,34972196
18,1314,59290662
18,1314,39031483
18,1314,11427683
18,1314,60071960
18,1314,10566754
18,1314,63771421
18,1314,64808661
18,1314,34730900
18,1314,62357692
18,1315,33273694
18,1315,6432335
18,1315,33006787
18,1315,26696288
18,1315,8928720
18,1315,24721231
18,1315,35784995
18,1315,12460543
18,1315,21838474
18,1315,41532421
18,1315,38543836
18,1315,34612773
18,1315,10258112
18,1315,35974869
18,1320,1107250
18,1321,506488
18,1323,59207922
18,1323,26923387
18,1323,10950903
18,1323,24837509
18,1323,52165909
18,1323,54737599
18,1323,15410877
18,1323,11727070
18,1323,45578017
18,1323,49656609
18,1323,20169314
18,1323,1216950
18,136,5742514
18,136,5809824
18,1323,6959388
18,1323,14565988
18,1323,14840398
18,1323,9150335
18,1323,40548309
18,1323,3030718
18,1323,47804731
18,1323,34593473
18,1323,37796505
18,1324,11920340
18,1324,23841887
18,1324,16645411
18,1324,11483781
18,1324,12699341
18,1324,6649323
18,1324,1687751
18,1324,35547931
18,1324,1127956
18,1324,19399703
18,1324,16364410
18,1325,203032
18,1325,4998982
18,1325,3037946
18,1325,11219125
18,1325,22786031
18,1325,22519972
18,1325,6240817
18,1325,32481339
18,1325,3738109
18,1325,13922528
18,1325,24367519
18,1325,5265775
18,1325,22533744
18,1325,23038407
18,1327,8735994
18,1327,10788373
18,1327,15201356
18,1327,14538229
18,1327,4086000
18,1327,6795929
18,1327,9098581
18,1327,1721081
18,1329,7478618
18,1329,1876407
18,1329,7684290
18,1329,3444028
18,1329,4225068
18,1329,12033874
18,1329,9502939
18,1329,11049159
18,136,39999809
18,136,40730299
18,136,41284671
18,136,649740
18,136,48692401
18,136,25981428
18,136,44372870
18,1331,3754088
18,1331,10946819
18,1331,1107867
18,1334,2235113
18,1334,2471583
18,1334,3065656
18,1334,2103765
18,1335,106650690
18,1335,7224936
18,1335,115477208
18,1335,21820343
18,1335,117273896
18,1335,29729077
18,1335,21755620
18,1335,56875992
18,1335,93054067
18,1335,41834094
18,1335,21945307
18,1335,108349704
18,1335,79098794
18,1335,14255453
18,1335,93152130
18,1335,95080340
18,1335,77133755
18,1335,70702553
18,1335,9391200
18,1335,61699303
18,1335,65090850
18,1335,96053953
18,1335,11965482
18,1335,128490663
18,1335,91970798
18,1335,71416465
18,1335,121269437
18,1335,125017245
18,1335,29797545
18,1335,5047764
18,1335,13847574
18,1335,129832176
18,1335,64979541
18,1335,8201238
18,1335,27423562
18,1335,28266322
18,1335,101733323
18,1335,35424222
18,1335,5769197
18,1335,104149862
18,136,47534296
18,1335,129185912
18,1335,89962916
18,1335,52902448
18,1335,41676480
18,1335,42639550
18,1337,4112593
18,1337,1551420
18,1337,4619041
18,1337,8937173
18,1338,23687464
18,1338,15574828
18,1338,24532623
18,1338,8971520
18,1338,979809
18,1338,2052209
18,1338,7161613
18,1338,6688295
18,1338,31158957
18,1338,18433999
18,1340,16796261
18,1340,1304669
18,1340,18824787
18,1340,23891278
18,1340,22708046
18,1340,8557946
18,1340,12049340
18,1340,21051812
18,1340,21741639
18,1341,2901443
18,1342,2372828
18,1343,11099927
18,1343,9186139
18,1343,24045834
18,1343,7488750
18,137,22979853
18,1346,1143153
18,1346,2023103
18,1346,4018625
18,1348,3374403
18,1348,475062
18,1348,9311737
18,1349,20545317
18,1349,30477666
18,1349,4179701
18,1349,35635287
18,1349,37962876
18,1349,38649453
18,1353,28716595
18,1353,6256840
18,1353,10055773
18,1353,23215357
18,1353,33726067
18,1353,16412924
18,1353,7483431
18,1353,14990277
18,1353,36271966
18,1354,5681871
18,1354,1159469
18,1354,99351
18,1356,9652879
18,1356,24130437
18,1356,19463371
18,137,12687565
18,137,8212879
18,137,20317739
18,137,21508905
18,137,1136919
18,1356,24598164
18,1356,303512
18,1356,22459655
18,1356,9000832
18,1356,16594817
18,1356,20931747
18,1358,19879429
18,1358,4482391
18,1358,4726238
18,1358,18576680
18,1358,7786759
18,1358,6532544
18,1361,6397736
18,1361,1459591
18,1361,2509792
18,1362,38357811
18,1362,269588
18,1362,10415286
18,1362,34072057
18,1362,60423726
18,1362,57052215
18,1362,13697418
18,1362,2213740
18,1363,1195411
18,1363,1131259
18,138,6740396
18,1368,30527143
18,1368,60756414
18,1368,1641468
18,1368,49730648
18,1368,58886227
18,1368,66813747
18,1368,20950470
18,1368,57244163
18,1368,58163625
18,1368,40821275
18,1368,10581226
18,1368,34511821
18,1372,4632684
18,1372,8726573
18,1372,2526542
18,1372,12016812
18,1375,1540292
18,1375,1459624
18,1375,2765305
18,1384,3362418
18,1384,8358228
18,1384,208088
18,1384,5592397
18,1385,4238925
18,1385,813868
18,1385,2465557
18,1386,26564191
18,1386,10844254
18,139,29867488
18,139,26973689
18,139,6487338
18,139,33321076
18,1386,13529755
18,1386,12124990
18,1386,8775175
18,1387,1601412
18,1387,928611
18,1393,11963173
18,1393,23337538
18,1393,25132758
18,1393,29275003
18,1393,17866050
18,1393,8131186
18,1393,32441911
18,1393,7921348
18,1393,27369914
18,1393,16717721
18,1393,5894535
18,1393,28697070
18,1393,31373226
18,1393,13165301
18,1394,29714513
18,1394,79824138
18,1394,41374628
18,1394,31892752
18,1394,76214821
18,1394,34919928
18,1394,45518007
18,1394,25954185
18,1394,29287584
18,1394,30397491
18,1394,25990077
18,1394,13321444
18,1394,45047208
18,1394,61317547
18,1394,49195316
18,1394,40259224
18,1394,44964944
18,1394,88825361
18,1394,21766
18,139,26854017
18,1395,29462647
18,1395,27728028
18,1395,23049200
18,1395,8407511
18,1395,8613581
18,1395,9176351
18,1395,16770659
18,1395,25337196
18,1395,14049756
18,1395,6859065
18,1395,11214485
18,1396,26870526
18,1396,60327443
18,1396,20050279
18,1396,13705505
18,1396,74822774
18,1396,31116405
18,1396,2400751
18,1396,1085312
18,1396,2782652
18,1396,27579500
18,1396,50458122
18,1396,44380585
18,1396,47240534
18,1396,60116971
18,1396,47685350
18,1396,70958357
18,1397,175136
18,1412,6417266
18,1412,4553997
18,1412,6419244
18,1412,7368058
18,1412,3903940
18,1413,13594304
18,1413,22636697
18,1413,19150212
18,1413,4490290
18,1413,9035060
18,1413,24901808
18,139,11910618
18,139,9330232
18,139,11871870
18,1413,25975966
18,1413,26384146
18,1413,5782752
18,1413,3060829
18,1413,12649011
18,1413,6099764
18,1413,16712746
18,1413,13983427
18,1413,13191549
18,1415,10677934
18,1415,12180990
18,1415,14128581
18,1415,8993348
18,1415,4744848
18,1415,1519706
18,1415,426588
18,1416,8666136
18,1416,2851363
18,1416,7395687
18,1416,5163322
18,1416,4889110
18,1417,6838059
18,1417,11660447
18,1419,54419155
18,1419,23951357
18,1419,74305472
18,1419,21723154
18,1419,10086452
18,1419,33742747
18,1419,89652128
18,1419,4246987
18,1419,2554184
18,1419,61096443
18,1419,36565981
18,1419,53716901
18,1419,88451212
18,1419,50668950
18,1419,91901529
18,1419,89545101
18,1419,16743391
18,1419,1490840
18,1419,43635832
18,1419,73367392
18,1419,10622011
18,1419,49083585
18,71,5079850
18,71,16817270
18,71,5167023
18,71,5340383
18,71,7068978
18,71,14531343
18,1423,1376067
18,1423,18128073
18,1423,12916884
18,1423,14950596
18,1423,5221341
18,1424,429712
18,1424,930614
18,1426,6559987
18,1426,1050845
18,1426,5195786
18,1429,12033732
18,1429,9334890
18,1429,5976263
18,1429,1177462
18,1429,5170009
18,1431,9940207
18,1431,7891791
18,1431,12864404
18,1431,9257710
18,1431,8741223
18,1431,7385797
18,1433,5006076
18,1433,4376587
18,1433,2417799
18,1433,5819491
18,1434,9602986
18,142,9522262
18,142,70577
18,142,10272833
18,142,8509019
18,142,8652222
18,142,12872883
18,142,7986566
18,1436,7299250
18,1436,17025807
18,1436,14196648
18,1441,702463
18,1442,498840
18,1443,3640193
18,1443,8329737
18,1443,6271047
18,1444,6839675
18,1444,6674033
18,1444,7860453
18,1444,11253511
18,1445,6662422
18,1445,6677082
18,1445,2203928
18,1445,7442171
18,1447,11622868
18,1447,7809741
18,1447,6160677
18,1447,11212894
18,1447,3530153
18,1448,25063824
18,1448,11218122
18,1448,16329906
18,1448,7636788
18,1448,10863515
18,1448,11390775
18,1448,22039433
18,1448,12044851
18,1448,28987397
18,1448,6510269
18,1450,3446591
18,1452,27801454
18,1452,26733908
18,1452,16498311
18,1452,37204026
18,1452,6538803
18,1452,8019073
18,146,338397
18,146,32734940
18,146,15315296
18,146,16040681
18,1452,36110744
18,1452,17433393
18,1452,20255022
18,1452,32513749
18,1452,36120577
18,1452,39287511
18,1452,39464411
18,1453,11486878
18,1453,7632782
18,1453,10247595
18,1453,1035825
18,1453,1278542
18,1454,3764363
18,1454,2503635
18,1454,7822214
18,1455,19623212
18,1455,19787189
18,1455,20470445
18,1455,11248679
18,1455,15095963
18,1455,41881400
18,1455,34173921
18,1455,17436376
18,1455,34746060
18,1455,23296037
18,1455,37852029
18,1455,23842263
18,1456,26915802
18,1456,33161586
18,1456,33534820
18,1456,43891293
18,1456,20474383
18,1456,39021120
18,1456,2793593
18,1456,36363161
18,1456,23202508
18,1456,37039898
18,1456,44717080
18,1456,3165196
18,1456,19002445
18,1456,31661528
18,1456,21955917
18,1456,9078164
18,146,30705764
18,146,31682164
18,146,18557109
18,146,48199125
18,1457,26532950
18,1457,1743352
18,1457,19010953
18,1457,9810762
18,1472,1184294
18,1473,965578
18,1474,7949598
18,1474,8101128
18,1474,8670153
18,1475,15777987
18,1475,15561324
18,1476,5966250
18,1476,8854797
18,1477,1330951
18,1480,4881357
18,146,21718750
18,146,9231638
18,1482,1419165
18,1482,2023094
18,1482,5916801
18,1485,7930951
18,1485,10291471
18,1485,1256800
18,1486,3502854
18,1486,10447036
18,1486,4204884
18,1486,2343102
18,1486,3882126
18,1486,1265830
18,1488,2239983
18,1488,2944819
18,1488,3476499
18,1488,1815761
18,1489,38352510
18,1489,44304194
18,1489,12417017
18,1489,2668162
18,1489,19093563
18,1489,18847192
18,1489,37853929
18,1489,12804555
18,1489,3794968
18,1489,39669371
18,1489,848479
18,1489,20242195
18,1489,3067546
18,1489,4132266
18,1489,16238048
18,1489,37298412
18,1490,561218
18,1491,764471
18,1492,6142132
18,1492,451334
18,1492,5840179
18,1492,7457206
18,1492,5712861
18,1493,427800
18,1496,18283185
18,1496,14923835
18,1496,27072439
18,1496,22153843
18,1496,28781606
18,1496,32355636
18,1496,1496640
18,1496,11790225
18,1496,5493316
18,1496,26557140
18,1496,7536790
18,1496,21885
18,154,3633367
18,160,3142527
18,160,140991
18,1498,218869
18,1498,1237092
18,1499,1209300
18,1499,1448633
18,1500,606311
18,1500,5085094
18,1500,2567287
18,1503,37656101
18,1503,34371662
18,1503,1481410
18,1503,51109071
18,1503,47816055
18,1503,38723772
18,1503,41103662
18,1503,21626452
18,1503,29934783
18,1503,37653550
18,1503,10495870
18,1504,770633
18,1504,147127
18,1504,8091298
18,1504,7260720
18,1518,16165996
18,1518,51289693
18,1518,53092941
18,1518,40330255
18,1518,43240066
18,1518,16761451
18,1518,7330316
18,1518,720612
18,1518,44013101
18,1518,25140147
18,1518,22493127
18,1518,8546632
18,1518,22917886
18,1518,54096894
18,1518,19993120
18,1518,34596495
18,162,587321
18,1519,13359452
18,1519,10410955
18,1519,13490611
18,1519,5139558
18,1520,1205751
18,1524,3299638
18,1525,3331917
18,1526,5610676
18,1526,11822225
18,1526,9781388
18,1526,8936756
18,1527,276314
18,1532,25536493
18,1532,25040026
18,1532,14375953
18,1532,3426317
18,1532,3284198
18,1532,2689619
18,1532,15085390
18,1532,372011
18,1532,24769825
18,1532,21746985
18,1532,16555979
18,1534,18814270
18,1534,39598349
18,1534,22293426
18,1534,17761689
18,1534,17904829
18,1534,21306462
18,1534,31568734
18,163,13531582
18,163,8518385
18,163,9408296
18,163,12210473
18,1534,41551744
18,1534,10110919
18,1534,10526759
18,1534,10606729
18,1539,979622
18,1545,29152480
18,1545,21220227
18,1545,19461695
18,1545,29725328
18,1546,9974680
18,1546,16013743
18,1546,4277894
18,1546,53264769
18,1546,35164558
18,1546,35020447
18,1546,28133916
18,1546,25279770
18,1546,6769957
18,1546,7411564
18,1546,39589772
18,1546,42024666
18,1546,2067782
18,1546,1175169
18,1546,8149298
18,1546,38792389
18,1546,50191311
18,1548,1237617
18,1548,4725337
18,1548,2315443
18,164,6117967
18,164,10978446
18,164,11267390
18,1550,1365629
18,1550,10403842
18,1550,20100177
18,1550,19876721
18,1550,7158874
18,1550,29161514
18,1550,11687719
18,1550,2888721
18,1550,13684751
18,1550,49875142
18,1550,25918079
18,1550,16653005
18,1550,10701717
18,1550,12673678
18,1553,28899192
18,1553,16981266
18,1553,12453959
18,1553,66557239
18,1553,6717948
18,1553,58329964
18,1553,59123234
18,1553,29743374
18,1553,67429590
18,1553,58859211
18,1553,60985821
18,1553,67699241
18,1553,21575823
18,1553,31205969
18,1553,57848569
18,1553,31384691
18,1553,2253382
18,1553,43028674
18,1553,64834752
18,1553,26053426
18,1553,54104242
18,1553,32008932
18,1559,1335124
18,1561,152672
18,1563,29299212
18,1563,24187722
18,1563,22009178
18,1563,16390032
18,1563,15178760
18,1563,10052259
18,1563,237693
18,1563,25976888
18,1563,22362192
18,1563,18534550
18,1563,8020697
18,1563,7980130
18,1675,2702727
18,1676,7256270
18,1676,25572636
18,1676,6759139
18,1676,3781436
18,1676,4427184
18,1676,5494577
18,1676,6685560
18,1676,9849873
18,1676,14075671
18,1676,16868245
18,1677,34798036
18,1677,55668040
18,1677,56041780
18,1677,36685568
18,1677,20944358
18,1677,35551028
18,1677,20506604
18,1677,57551851
18,1677,37852671
18,1677,24819656
18,1677,10545961
18,1677,15462653
18,1677,18176363
18,1677,44038390
18,1680,2007851
18,1681,1696461
18,1681,830235
18,1685,8946496
18,165,659300
18,165,27796154
18,165,14055988
18,165,12794553
18,165,5616181
18,72,23801499
18,72,4684631
18,72,6563951
18,72,7329922
18,72,22270516
18,72,25397792
18,1685,20401758
18,1686,13995266
18,1686,5355718
18,1686,33224382
18,1686,12273550
18,1686,18369579
18,1686,15925164
18,1688,3318431
18,1690,1488305
18,1690,7341496
18,1690,1343232
18,1690,2387102
18,1701,3477655
18,1702,25128351
18,1702,42347380
18,1702,31512928
18,1702,45296448
18,1702,26911804
18,1702,27891529
18,1702,21597249
18,1710,2265215
18,1710,4288675
18,1710,7056631
18,165,2727173
18,165,5700383
18,1715,32126743
18,1715,26909211
18,1715,18070635
18,1715,6683746
18,1715,26428314
18,1715,24870676
18,1716,4709764
18,1716,3074825
18,1717,13102614
18,1717,19941665
18,1717,5039582
18,1717,3454355
18,1717,14084310
18,1717,20076412
18,1717,24072462
18,1717,30230057
18,1717,25860660
18,1717,4403729
18,1718,41791449
18,1718,17263171
18,1718,34491649
18,1718,32915668
18,1718,36556308
18,1718,10502735
18,1718,27088850
18,1718,21790014
18,1718,13114006
18,1718,15305044
18,1745,1826041
18,1746,8314199
18,1746,11446997
18,1746,11996561
18,1746,5289840
18,165,20146470
18,165,34319190
18,1747,15283025
18,1747,17222392
18,1747,39288035
18,1747,17457581
18,1747,27052947
18,1747,28700176
18,1747,37689886
18,1747,22658226
18,1747,11921411
18,1747,15609373
18,1749,23639778
18,1749,28625818
18,1749,31649335
18,1749,30239481
18,1749,48750446
18,1750,4542368
18,1750,3363973
18,1750,20026137
18,1750,2643435
18,1750,10610847
18,1750,4393539
18,1750,38463400
18,1750,2515070
18,1750,37296789
18,1750,46293476
18,1750,23928143
18,1750,29063697
18,1754,3256835
18,1755,3305046
18,1759,2289212
18,1762,1552302
18,1762,2051504
18,1762,3143834
18,1763,2606642
18,1763,10992792
18,1764,1862108
18,1764,15719714
18,1764,5117662
18,1766,487518
18,1769,4347197
18,1769,10223863
18,1769,13173548
18,1769,15379417
18,2368,11663135
18,2368,7568436
18,2368,4059990
18,2368,6012530
18,2368,17552518
18,2368,4164965
18,2368,14475117
18,2370,654846
18,2370,1905490
18,2372,22183
18,174,5541203
18,174,1347263
18,174,3524001
18,2373,7142096
18,2373,13663312
18,2373,1906946
18,2373,10945856
18,2373,15116546
18,2373,10478089
18,2375,29445790
18,2375,12095895
18,2375,2070341
18,2375,3573831
18,2375,11811410
18,2377,9807014
18,2377,8019192
18,2377,10391205
18,2377,17437597
18,2377,5709729
18,2378,5893899
18,2378,8048245
18,2379,7740960
18,2379,5673917
18,2379,2821531
18,2380,25087155
18,2380,140033
18,2380,9038827
18,2380,11529543
18,2380,29199496
18,2380,3639210
18,2380,16383913
18,2380,6413189
18,2382,12990827
18,2382,13427287
18,2382,6258426
18,2382,30131521
18,2382,32148652
18,2382,15544475
18,2382,17257975
18,2382,27751821
18,2382,25672877
18,2382,27757473
18,2384,10866204
18,2384,22140131
18,2384,15520325
18,2384,18519180
18,2384,6226082
18,2384,44574369
18,2385,10774318
18,2385,18576027
18,2385,4212474
18,2385,137139
18,2385,2001958
18,2385,27324189
18,2385,1212226
18,2385,23867058
18,2385,36196049
18,2385,19080292
18,2385,19900052
18,2385,6174827
18,2385,38105948
18,2385,33425181
18,2386,9739009
18,2386,5921825
18,2391,384512
18,176,7601123
18,176,31810226
18,176,18919377
18,2392,22149555
18,2392,21672786
18,2392,34151947
18,2392,6225519
18,2392,7488967
18,2392,11109373
18,2392,287552
18,2392,13064250
18,2392,15904470
18,2393,1044754
18,2395,38991377
18,2395,51571307
18,2395,25430880
18,2395,26260549
18,2395,28205799
18,2395,13697454
18,2395,15740974
18,2395,54403411
18,2395,17291098
18,2395,42038647
18,2395,31762329
18,2395,42868571
18,2395,12002671
18,2395,12304611
18,2395,31019914
18,2395,10334505
18,2396,24627963
18,2396,24439289
18,2396,24953739
18,2396,17718241
18,2398,14909738
18,2398,17557418
18,176,24245243
18,176,14493016
18,176,6493754
18,176,16418185
18,176,15228667
18,2398,17385776
18,2398,24383786
18,2398,7524205
18,2398,9687212
18,2398,16844641
18,2399,9813248
18,2399,4422188
18,2399,18958195
18,2399,16808293
18,2399,1295112
18,2399,473039
18,2399,14843028
18,2399,14871620
18,2401,27159260
18,2401,2315386
18,2401,31177403
18,2401,11818094
18,2401,4726368
18,2628,163355
18,2628,1782285
18,2630,3847405
18,2630,4021385
18,2630,6197399
18,2630,4081014
18,2630,13524949
18,2630,3719909
18,2634,24113830
18,2634,5368063
18,2634,989844
18,2634,3508707
18,177,2870772
18,177,2131618
18,2634,16682440
18,2634,14666596
18,2634,22333879
18,2634,14231179
18,2634,14981127
18,2634,8140870
18,2634,17105955
18,2634,12968424
18,2634,7329162
18,2638,13609971
18,2638,14412962
18,2638,943440
18,2638,17026534
18,2638,5040255
18,2638,3378236
18,2639,2530840
18,2642,5671846
18,2642,13643676
18,2642,16011436
18,2642,18204151
18,2642,8627449
18,2642,19216490
18,2648,4971631
18,2648,1195029
18,2648,7163667
18,2648,6430813
18,2648,4088066
18,2648,22134041
18,2648,22958663
18,2648,19489077
18,2648,22278868
18,2649,179371
18,2651,13715347
18,2651,902070
18,2651,8379084
18,2656,11742152
18,2657,35568040
18,2657,20010588
18,180,5410504
18,180,19763681
18,180,22559142
18,2657,18805270
18,2657,74866801
18,2657,19299682
18,2657,10608595
18,2657,58433601
18,2657,49160934
18,2657,21837576
18,2657,7201369
18,2657,66688150
18,2657,48291759
18,2657,50346149
18,2657,22625765
18,2659,3872370
18,2659,10159949
18,2659,29217985
18,2659,24576979
18,2659,31916657
18,2660,185341
18,2660,9666037
18,2660,7455774
18,2660,2226595
18,2660,801804
18,2661,6632821
18,2663,201556
18,2663,11158546
18,2663,3758393
18,2663,10484169
18,2663,7861314
18,2663,11664550
18,2663,11012714
18,2667,3773511
18,2667,904773
18,2667,2400169
18,2667,2930342
18,2668,2802533
18,2668,30334911
18,180,1657709
18,180,6909761
18,180,22587723
18,180,24285503
18,180,20607473
18,72,9238658
18,72,20732874
18,72,24299097
18,72,24922537
18,72,41850756
18,2668,27408290
18,2668,11065429
18,2668,4759191
18,2668,8802971
18,2668,7878718
18,2672,1561845
18,2672,3746983
18,2672,3738747
18,2681,5736204
18,2681,19263099
18,2681,23338589
18,2681,16763518
18,2681,23641621
18,2681,6445952
18,2681,19604221
18,2687,11253604
18,2687,5978439
18,2687,9928977
18,2687,6322784
18,2687,17923817
18,2687,2331988
18,2688,32127936
18,2688,19579276
18,2688,5366395
18,2688,6130115
18,2688,27836482
18,2688,30125790
18,2688,29497413
18,2688,38885890
18,181,67616218
18,181,41810573
18,181,21907298
18,181,9817521
18,181,19712130
18,181,57476030
18,2690,4363831
18,2690,6383463
18,2690,12284199
18,2690,18088703
18,2690,18118493
18,2692,12537349
18,2692,18373389
18,2692,4682178
18,2692,5131408
18,2692,66457738
18,2692,56592738
18,2692,53945657
18,2692,58382565
18,2692,39951208
18,2692,67034296
18,2692,37806327
18,2692,68064707
18,2692,6310711
18,2692,62400266
18,2692,79109026
18,2692,47537930
18,2692,19342618
18,2692,23135596
18,2693,1139182
18,2693,1062903
18,2698,7241421
18,2698,8849726
18,2698,10807566
18,2700,11981684
18,2700,7945520
18,2700,3276035
18,2700,109952
18,2700,2870324
18,2700,3123484
18,2701,349127
18,2702,2160414
18,2702,3060347
18,2703,3760556
18,2703,6996485
18,2703,1024869
18,2703,10604794
18,2703,895974
18,2703,5951030
18,2704,828575
18,181,11394924
18,181,53073034
18,2705,8391681
18,2705,19145162
18,2705,14560746
18,2705,9582343
18,2705,24519074
18,2705,12537150
18,2705,15819743
18,2705,14171765
18,2706,28647041
18,2706,11791323
18,2706,16030862
18,2706,27489476
18,2706,31131826
18,2706,29441539
18,2706,4046463
18,2706,6481983
18,2706,26706593
18,2706,8531681
18,2706,5049255
18,2708,17701320
18,2708,17150541
18,2708,7730347
18,2708,4911050
18,2708,9567629
18,2708,15804315
18,2708,6055394
18,2708,10592884
18,2709,40258978
18,2709,35839024
18,2709,40600097
18,2709,40243852
18,2709,44364859
18,2710,15461743
18,2710,18344373
18,2710,7247848
18,181,16532852
18,181,14289410
18,181,50342382
18,181,22349800
18,181,62387259
18,2710,17898602
18,2710,2270517
18,2710,2148378
18,2710,2833365
18,2711,4232622
18,2711,13249346
18,2711,5640133
18,2711,5275947
18,2711,9440902
18,2716,1949917
18,2716,7850627
18,2719,33808450
18,2719,41860714
18,2719,63453
18,2719,21892089
18,2719,36700358
18,2719,19541907
18,2719,22036113
18,2722,6984781
18,2724,1868904
18,2724,8650290
18,2724,14988544
18,2724,9328856
18,2724,15270790
18,2725,4396554
18,2725,4927473
18,2725,3177971
18,2726,3104432
18,2726,11624495
18,2726,976513
18,2727,18976797
18,2727,36779852
18,2727,27378582
18,2727,37543212
18,181,46615805
18,181,13712291
18,181,46566918
18,2727,8338350
18,2727,18181255
18,2727,12173717
18,2728,8571557
18,2728,12578999
18,2728,41819507
18,2728,29765199
18,2728,17926862
18,2731,22939520
18,2731,65825274
18,2731,22047325
18,2731,25876415
18,2731,5434324
18,2731,7486477
18,2731,26951842
18,2731,17227238
18,2735,22719151
18,2735,28977378
18,2735,13747258
18,181,11012813
18,181,48553601
18,181,58893093
18,181,20989599
18,181,32730934
18,2735,7038666
18,2735,8057236
18,2735,28453971
18,2735,12064313
18,2735,5064346
18,2735,6348476
18,2736,51488286
18,2736,50654840
18,2736,45300606
18,2736,19105930
18,2736,32291171
18,2736,21319558
18,2738,689051
18,2739,8320942
18,2741,22903745
18,2741,26723728
18,2741,5783763
18,2741,5521210
18,2742,661103
18,2742,3995810
18,2749,5998719
18,2751,2415163
18,2751,5373314
18,2751,5736060
18,183,4741710
18,183,5253375
18,183,5541843
18,183,9368573
18,183,6297166
18,183,12292017
18,183,16550252
18,2752,609482
18,2752,11222629
18,2752,11714433
18,2752,10185175
18,2754,17870811
18,2754,26108071
18,2754,33355415
18,2754,21907040
18,2754,20144061
18,2754,14864077
18,2754,23367057
18,2754,37899452
18,2754,817748
18,2754,45544913
18,2754,26186753
18,2754,6525001
18,2754,815135
18,2756,26076113
18,2756,20386262
18,2756,14146433
18,2756,13788677
18,2757,4846482
18,2757,21321965
18,2757,15925788
18,2757,17107648
18,2757,13210555
18,2761,16794374
18,2761,5956961
18,2761,10212100
18,2761,11343660
18,2761,5405239
18,2761,12156618
18,2761,16586188
18,2761,20169663
18,2761,12192552
18,2761,3039025
18,2761,18543672
18,2762,30975383
18,2762,22302805
18,2762,26098109
18,2762,32357000
18,2762,28481158
18,194,2167524
18,195,2579118
18,195,353206
18,2762,4328751
18,2762,7367252
18,2762,28562632
18,2765,622454
18,2766,13726619
18,2766,2621719
18,2766,19991947
18,2766,1294000
18,2766,5936464
18,2766,2577476
18,2766,14299272
18,2767,1667917
18,2767,1295326
18,2767,311005
18,2768,158652
18,2768,13163453
18,2768,12874207
18,2768,1606683
18,2768,4367641
18,2769,4041908
18,2769,2396301
18,2773,3828906
18,2773,4188883
18,2773,8357294
18,2773,8625786
18,2773,11958266
18,2773,2685596
18,2774,5212655
18,2775,8101565
18,2775,9337555
18,2775,67231714
18,2775,16471432
18,2775,63591848
18,2775,59886856
18,2775,41562556
18,2775,37451145
18,2775,7079392
18,2775,29099959
18,2775,35545522
18,2775,15696565
18,196,355221
18,196,4456708
18,196,5421617
18,196,11633695
18,196,11984818
18,196,14798165
18,196,974066
18,2787,11666261
18,2792,2529267
18,2792,8734833
18,2792,7825082
18,2792,14310052
18,2797,4106050
18,2797,3837214
18,2801,1618641
18,2801,21326884
18,2801,22281374
18,2801,40781767
18,2801,34965850
18,2801,27487853
18,2801,39351406
18,2801,14313923
18,2801,2023412
18,2801,22029329
18,2801,36572141
18,2801,42059504
18,2801,14901821
18,2801,35580196
18,2801,29884708
18,2801,12639162
18,2802,2661537
18,2804,11810630
18,2804,10750261
18,2804,9705678
18,2804,13204835
18,2804,17105303
18,2804,6447652
18,2804,17667637
18,198,18303234
18,198,30572636
18,198,12691169
18,198,16851843
18,198,36242191
18,2806,36256839
18,2806,4396878
18,2806,25423955
18,2806,29844486
18,2806,5922549
18,2806,13638830
18,2806,17761620
18,2806,3409216
18,2806,20584892
18,2806,33569127
18,2817,13097991
18,2817,17912345
18,2820,15467592
18,2820,9623710
18,2848,949876
18,2849,5165286
18,2849,16805146
18,2849,16831973
18,2849,15511207
18,2849,6702649
18,2850,1624339
18,2850,294444
18,2850,1397344
18,2851,59987142
18,2851,25641214
18,2851,59066517
18,2851,44355574
18,2851,78296590
18,2851,68463774
18,2851,50055881
18,2851,45282563
18,2851,2036109
18,198,36846087
18,198,37181724
18,198,1599213
18,198,5983655
18,198,33451564
18,198,6471229
18,198,18484264
18,198,37225505
18,72,25344103
18,72,30666908
18,2851,8118219
18,2851,26839556
18,2851,1641993
18,2851,72866692
18,2851,31369152
18,2851,6001630
18,2851,63772783
18,2851,68106913
18,2851,77525145
18,2851,42830935
18,2853,11363900
18,2853,18710435
18,2853,3707035
18,2853,3824861
18,2853,4217251
18,2854,6746855
18,2854,36757388
18,2854,717064
18,2854,34979292
18,2854,7915000
18,2854,8855719
18,2854,36455494
18,2854,20583617
18,2854,16819158
18,2854,31463015
18,2869,3038380
18,198,11109191
18,198,4892320
18,198,12981393
18,198,33980635
18,198,7813506
18,198,28367779
18,2870,3214449
18,2870,6300121
18,2870,17499101
18,2870,1287941
18,2871,14692004
18,2871,14123388
18,2871,23149313
18,2871,24678975
18,2880,4728894
18,2880,12726850
18,2883,2917723
18,2884,2686247
18,2885,47233232
18,2885,3744625
18,2885,25468095
18,2885,51297090
18,2885,14482774
18,2885,55683465
18,2885,16918748
18,2885,32969680
18,2885,9792100
18,2885,31220912
18,2885,51288219
18,2885,54662269
18,2885,53639748
18,2885,48544776
18,2885,6328760
18,2885,14154457
18,2885,37030489
18,2885,152403
18,2885,42867359
18,2885,45015922
18,2886,4171788
18,2886,16631714
18,200,3736721
18,2886,1051617
18,2886,23169694
18,2886,3762863
18,2887,823194
18,2887,354068
18,2899,4252022
18,2901,1043267
18,2901,12266274
18,2902,2666706
18,2902,4495343
18,2902,6859207
18,2903,12024831
18,2903,16186211
18,2905,9645481
18,2905,11417288
18,2905,7873519
18,2906,35621395
18,2906,21442212
18,2906,16771613
18,2906,20195865
18,2906,23559141
18,2906,1985215
18,2907,26216293
18,2907,19973624
18,2907,28897885
18,2907,4471549
18,2907,14976835
18,2907,13877576
18,2907,13522738
18,2907,4986187
18,201,14511209
18,201,13963043
18,201,7176013
18,201,3977232
18,201,9557826
18,2908,41267726
18,2908,9962882
18,2908,14842082
18,2908,15590339
18,2908,17900683
18,2908,52816809
18,2908,30754019
18,2908,56148010
18,2908,72972141
18,2908,43059841
18,2908,18070490
18,2908,46275750
18,2908,53750313
18,2908,8541300
18,2908,10950498
18,2909,12002234
18,2909,549834
18,2909,775887
18,2909,10359453
18,2910,37698427
18,2910,47080181
18,2910,21990660
18,2910,92145694
18,2910,37517136
18,2910,11283334
18,2910,111805050
18,2910,12405665
18,2910,63422439
18,2910,86735656
18,2910,88629586
18,2910,74435343
18,2910,13026178
18,2910,15929118
18,2910,22306486
18,2910,54799720
18,2910,27084926
18,2910,30830822
18,2910,36776882
18,2910,22418371
18,2910,79183962
18,2911,2092673
18,2911,31043051
18,2911,26199478
18,201,2780087
18,202,9622633
18,202,4652205
18,2911,36945913
18,2911,67321959
18,2911,7230345
18,2911,12881075
18,2911,1028730
18,2911,2626577
18,2911,62478502
18,2913,18213788
18,2913,2545646
18,2913,11012408
18,2913,12355515
18,2913,7992413
18,2913,650563
18,2913,4229389
18,2913,10043362
18,2913,2365127
18,2914,478913
18,2914,1580243
18,2914,3723058
18,2914,6050985
18,2916,15478623
18,2916,16737873
18,2916,8677387
18,2917,6368905
18,2917,3832118
18,2917,12786317
18,2917,22254599
18,2917,14114416
18,2917,11615410
18,2917,22351541
18,2917,8120184
18,2917,14792641
18,2920,9971396
18,2920,10065274
18,2922,13699430
18,2922,115783025
18,2922,28250235
18,2922,59281115
18,2922,140183197
18,2922,3501343
18,2922,126997815
18,2922,169795318
18,2922,148578252
18,2922,4453571
18,2922,128288190
18,2922,181018509
18,2922,182958869
18,2922,93508381
18,2922,29846988
18,203,14485197
18,203,13581013
18,2922,92199382
18,2922,69194825
18,2922,90563306
18,2922,47552812
18,2922,55619150
18,2922,165579869
18,2922,195338016
18,2922,132272927
18,2922,15269945
18,2922,128485739
18,2922,17388479
18,2922,159300188
18,2922,23012979
18,2922,191066940
18,2925,7386073
18,2925,4185600
18,2925,18514573
18,2925,19075783
18,2925,14794515
18,2929,1974114
18,2929,505645
18,2933,109675154
18,2933,93434377
18,2933,27940124
18,2933,1067247
18,2933,113553419
18,2933,103212298
18,2933,112648192
18,2933,73675005
18,203,6886736
18,203,12814269
18,203,15024879
18,203,23231927
18,203,18699671
18,203,5921731
18,203,15207926
18,203,21210680
18,203,20878683
18,203,9124284
18,2933,46444756
18,2933,83482346
18,2933,85036026
18,2933,2158570
18,2933,81774861
18,2933,100150786
18,2933,106311019
18,2933,3413039
18,2933,10412849
18,2933,3516158
18,2939,53110316
18,2939,57704796
18,2939,28457770
18,2939,31892330
18,2939,33947180
18,2939,41152223
18,2939,68483148
18,2939,63191514
18,2939,61388727
18,2939,66123083
18,2939,26803154
18,2939,50111241
18,2939,41513411
18,2939,42972661
18,2939,7781077
18,2939,50928060
18,2939,37594544
18,2939,40185254
18,2939,40307822
18,2939,49301689
18,2939,16504026
18,2940,34174142
18,2940,934091
18,2940,20521472
18,2940,21712492
18,2940,22579743
18,2940,32251391
18,2940,11399103
18,2940,18566098
18,2940,4704657
18,2941,4802371
18,2943,1625573
18,2943,3778989
18,2945,605690
18,2945,8928630
18,205,1115107
18,205,11764982
18,205,4598221
18,205,5830169
18,2946,3223381
18,2946,12920831
18,2946,28000559
18,2946,2420019
18,2946,19446451
18,2947,54140867
18,2947,15017950
18,2947,58010281
18,2947,35053815
18,2947,5352358
18,2947,62428246
18,2947,29141223
18,2947,68707113
18,2947,70602973
18,2947,22302586
18,2948,26462482
18,2948,35866536
18,2948,16640873
18,2948,1568727
18,2948,27870988
18,2948,11600192
18,2949,39416078
18,2949,17458569
18,2949,36599571
18,2951,6625620
18,2951,9980220
18,2951,12802801
18,2952,30775863
18,2952,15744763
18,206,18938914
18,206,14279510
18,206,5744475
18,2954,7486292
18,2954,12452030
18,2954,48834947
18,2954,46166498
18,2954,2713314
18,2954,59078711
18,2954,23387547
18,2954,26384253
18,2954,21338875
18,2955,8831174
18,2955,7035283
18,2955,502506
18,2956,15997537
18,2956,33752660
18,2956,1416913
18,2956,38093147
18,2956,32205602
18,2956,16554093
18,2956,11713926
18,2956,7761109
18,2956,3058035
18,2956,12822474
18,2956,16633640
18,2956,46928429
18,2956,27162563
18,2956,27143621
18,2959,1515915
18,2962,7417565
18,2962,5825110
18,2962,6516982
18,2962,16011792
18,2963,3458539
18,2965,5238209
18,206,10956362
18,206,300999
18,206,4510683
18,206,18397169
18,206,7297155
18,206,10564083
18,206,10554990
18,2972,81392558
18,2972,69017287
18,2972,84120964
18,2972,13472154
18,2972,52022689
18,2972,53566119
18,2972,2986601
18,2972,29099245
18,2972,10421711
18,2972,15089281
18,2972,24776216
18,2972,77131002
18,2972,30059537
18,2972,61041503
18,2973,1691433
18,2973,1236056
18,2973,2272724
18,2975,76100612
18,2975,65871939
18,2975,80685456
18,2975,52395083
18,2975,58175665
18,2975,58411507
18,2975,63958530
18,2975,45502387
18,2975,47460487
18,2975,11887890
18,2975,15794580
18,2975,5150524
18,2975,36504603
18,2975,67948386
18,2975,66242682
18,2975,8780235
18,2976,5754633
18,2976,7793622
18,2976,4980860
18,2980,2479766
18,207,11939062
18,72,1783914
7,3374,1662444
7,3492,306306
7,3527,82117
7,3581,374713
7,3599,1549473
7,3602,246840
7,3620,3382277
7,3640,989864
7,3648,1460082
7,3718,1870428
7,3726,2624204
7,3735,1736383
7,3778,1133709
7,3814,884085
7,3896,3873054
7,3897,1333431
7,3897,2967133
7,3897,5462
7,3905,2147267
7,3907,4469681
7,3941,2574509
7,3947,818744
7,4036,351284
7,4048,2768230
7,4099,656132
7,4102,1773770
7,4104,2566590
7,4104,5295879
7,4104,1333853
7,4105,2025076
7,4107,4121479
7,4115,3800291
7,4118,11871125
7,4119,447587
8,1161,3329070
8,1175,5273020
8,1213,1168176
8,1228,1004778
8,1229,7367914
8,1230,642717
8,1233,1104694
8,1234,521249
8,1242,15359929
8,1242,14619561
8,1277,189156
8,1292,4165238
8,1295,158000
8,1306,8718122
8,1307,2541281
8,1315,27549026
8,1328,2296405
8,1328,9807991
8,1329,845350
8,1332,1246032
8,1419,5811085
8,1519,6099678
8,1519,2716027
8,1526,2100054
8,1534,2004399
8,1534,7059874
8,1538,2773614
8,1544,10895744
8,1544,967632
8,1544,3454369
8,1550,1160992
8,1553,11264149
8,1935,350438
8,1940,3343458
8,1941,3009883
8,1942,1003993
8,1946,975470
8,1946,467787
8,1953,1240674
8,57,399146
8,223,4639011
8,235,2813259
8,245,1393605
8,277,678374
8,282,4206929
8,295,1279083
8,357,1529079
8,372,6192350
8,377,495628
8,635,73244
8,650,634758
8,826,1025672
8,838,2417687
8,840,1752504
8,840,1945715
8,840,7728385
8,840,1053181
8,845,5017132
8,845,7855501
8,848,571849
8,1012,839900
8,1019,3342538
8,1021,1544465
8,1021,910840
8,1041,512996
8,1054,1042827
8,1054,5449232
8,1131,4992669
8,1157,168809
