0.003769834913816 0.003592055188431 0.003837146060269 0.003880692328569 0.002758944169327 0.004245307719948 0.003392848893770 0.003451677986928 0.002630632215327 0.004096002049372 0.003355398575056 0.003630992606105 0.003719093923735 0.003312953946945 0.003750848283776 0.000138467334677 0.000151315828750 0.000143732960506 -0.000025540888023 0.000162652451349 0.000143743565084 0.000127699539754 0.000160496630033 0.000133150866370 0.000211798884356 0.000110448278252 0.000137996697606 0.000102929285301 0.000107366429560 0.000118634304742 0.003567324204755 0.003542509279013 0.003465866239099 0.003557057177203 0.003343357179851 0.004076928882562 0.001225168226222 0.002207623816635 0.004028267735244 0.002839655634969 0.002525197495484 0.002577488209948 0.003047455209936 0.003707638916894 0.002796842573423 0.003120515873971 0.003034414056981 0.002645800788036 0.003369376744344 0.002870427571199 0.002316688912702 0.002460683584001 0.001960937064856 0.001966950574641 0.001825338288046 0.003695255737459 0.003038490955428 0.001585979444249 0.001524001510876 0.002119467213301 0.002711303142487 0.003105101308358 0.002129910401350 0.002446785669677 0.002633096916869 0.002041117546115 0.001815136041951 0.001835012804859 0.002358832596924 0.001757531223136 0.002555153035564 0.002238991226663 0.002368838093544 0.002020564957688 0.002126251397628 
0.003592055188431 0.003628477194883 0.004125115839939 0.004048180189519 0.002861862837751 0.003928699667675 0.003303973385886 0.003717174079216 0.002722894797633 0.003660130741023 0.003440003230461 0.003713106881244 0.003685152276358 0.003359427383261 0.003854634726471 0.000127398544420 0.000174188753696 0.000143786631085 -0.000066265313622 0.000239109074767 0.000188859757934 0.000117614556657 0.000121736349585 0.000156949592104 0.000280387892398 0.000114034313404 0.000150877617716 0.000074384848290 0.000132187676663 0.000117381614331 0.003405264224059 0.003429343416092 0.003394300698733 0.003435577668222 0.003236585150471 0.003773225149330 0.001372256305776 0.002019388132979 0.003951545087325 0.002825071077573 0.002404281802475 0.002693654805701 0.002825411416555 0.003446217544767 0.002766265510249 0.002970828876882 0.002934327140158 0.002627970082425 0.003050709324240 0.002757509141376 0.002300802057088 0.002317326315851 0.001909146008788 0.001957319323262 0.001801583170568 0.003206088033999 0.002768508693977 0.001416233271702 0.001297869555253 0.002071370647577 0.002662592941469 0.002997415569905 0.002112656315886 0.002277427276168 0.002609641574119 0.001962013588889 0.001758420585893 0.001704230174880 0.002383501219868 0.001662608459007 0.002533349747400 0.002133709916685 0.002310211516476 0.002037503713289 0.002073588959820 
0.003837146060269 0.004125115839939 0.005675713442612 0.005131897812670 0.003011909311125 0.003744639625169 0.003237227400358 0.004057722347287 0.003325759851794 0.002854264520535 0.003857323510389 0.004447186371345 0.004076983701097 0.003757717231818 0.004506478674069 0.000070250900436 0.000202465273189 0.000204133945259 -0.000169234067735 0.000443070897140 0.000233330089849 0.000110160048443 0.000005323508732 0.000225677217297 0.000464818456649 0.000112797670219 0.000175552073179 -0.000018000855406 0.000167314724068 0.000087683369721 0.003998361062007 0.004063726565346 0.004055357590375 0.004015407078883 0.003792027727774 0.004362078771064 0.001383556143957 0.001578877815852 0.004643926881608 0.003286533044184 0.002816806732377 0.002934399252569 0.003245004996526 0.003894571494884 0.003671033211144 0.003360261469988 0.003376759897238 0.003228566403242 0.003214672100899 0.003164327645195 0.002571668956317 0.002666947029756 0.002208731803999 0.002372195858079 0.002222732550898 0.003935829499115 0.003139079251885 0.001020680794170 0.001470482407419 0.002012236419462 0.003117496663628 0.003416854897088 0.002311547873165 0.002546193292785 0.003112029193048 0.002128323576796 0.001865054584914 0.001823080356102 0.003141548025026 0.001795702623321 0.003076369894624 0.002418646748353 0.002765154139781 0.002461622507287 0.002519339888756 
0.003880692328569 0.004048180189519 0.005131897812670 0.004946229811580 0.003216835112326 0.003873035024358 0.003401381574775 0.004072720073614 0.003116689772463 0.003432807647275 0.003765518725104 0.004228254311026 0.003930317213796 0.003599492949583 0.004323863422156 0.000118451714176 0.000156659528869 0.000290853572760 -0.000070639150380 0.000391309181193 0.000110487602605 0.000100063703151 0.000051875797203 0.000153021176668 0.000378733766037 0.000098835703640 0.000146036195962 0.000005357951082 0.000087880526470 0.000066783737868 0.004046450037138 0.004110078433371 0.004101893907788 0.004092970587325 0.003856695529691 0.004485708103771 0.001661959629274 0.002089838951499 0.004682931079220 0.003392483819321 0.002917246925286 0.003156098627008 0.003314314621458 0.003984778215475 0.003520803885788 0.003484767338507 0.003474470813201 0.003232908309274 0.003412783891375 0.003243201939178 0.002684777518199 0.002763884795597 0.002286619120165 0.002395657134689 0.002205254362209 0.003829181936056 0.003172339782485 0.001423078232627 0.001546753520017 0.002280973742253 0.003181389659325 0.003523251505675 0.002481264519694 0.002664867762281 0.003154511805134 0.002218980140552 0.002033986482569 0.001926178507664 0.002998849047434 0.001929903466364 0.003090009355361 0.002504547636939 0.002793363662504 0.002474183553971 0.002519580489285 
0.002758944169327 0.002861862837751 0.003011909311125 0.003216835112326 0.002642137241566 0.002985556867607 0.002717960438409 0.003267154809727 0.001996717137966 0.003195010043223 0.002689945855040 0.002793789492180 0.002736243121630 0.002537223875798 0.002969987468449 0.000102270014782 0.000112782145683 0.000147427514960 -0.000082822774396 0.000247525064219 0.000124774576459 0.000075154168951 0.000100604540288 0.000103622002882 0.000302735001578 0.000079345205520 0.000111324142912 0.000045616335868 0.000074497827193 0.000066192262152 0.002681802344577 0.002747968254213 0.002746743558784 0.002773646434031 0.002612870913320 0.002960774650579 0.001550688870128 0.001999310105710 0.003245003267628 0.002398491654563 0.001874055462476 0.002580122172758 0.002165797200346 0.002693291194551 0.002068053434366 0.002406342227269 0.002398765822997 0.002092363062014 0.002369019875211 0.002232091112194 0.002020056479066 0.001863442455610 0.001585005035707 0.001621397110287 0.001445352175727 0.002024634302394 0.002129745906912 0.001392247501640 0.000915378836468 0.002011013500804 0.002185923408781 0.002464997573683 0.001862075958594 0.001788248497923 0.002141111479501 0.001634369391235 0.001557506347035 0.001359257707584 0.001837146587858 0.001386146494575 0.002074395836714 0.001737175937084 0.001867294727960 0.001715133421521 0.001649935938549 
0.004245307719948 0.003928699667675 0.003744639625169 0.003873035024358 0.002985556867607 0.005110421585056 0.003963392051868 0.003820994291876 0.002818052329265 0.005061477517766 0.003737563727013 0.003907180372975 0.004236233694723 0.003758113050626 0.004082572196562 0.000141923320104 0.000168171072298 0.000106735382112 -0.000056487970393 0.000142857564350 0.000253238691925 0.000166555287838 0.000241707518233 0.000176467303110 0.000290077903258 0.000145686396065 0.000174538988901 0.000163159931036 0.000177670394984 0.000170022089553 0.003697505722349 0.003638976962941 0.003524609123315 0.003673087220905 0.003448622653532 0.004300320354929 0.001220037044560 0.002540446727556 0.004202676213204 0.002899010114408 0.002584489635517 0.002653434354295 0.003220706436847 0.003962541160390 0.002695643143344 0.003273847558283 0.003150014520016 0.002635110902289 0.003682595306937 0.002987081172400 0.002424502543433 0.002566847478464 0.002016233076453 0.001975741846840 0.001836464508189 0.003928089016498 0.003292607085098 0.001873558978237 0.001666831708101 0.002394549459424 0.002786668838200 0.003246289223134 0.002224138134800 0.002575322448107 0.002663438936130 0.002195552570226 0.001942150278125 0.001989214246013 0.002315647984861 0.001866160941854 0.002577437197368 0.002356222333662 0.002414077242901 0.002038394795141 0.002163293480356 
0.003392848893770 0.003303973385886 0.003237227400358 0.003401381574775 0.002717960438409 0.003963392051868 0.003306200197973 0.003476838392319 0.002407015688734 0.003982042799635 0.003212262533808 0.003292715388171 0.003443832209446 0.003125063391503 0.003467201447696 0.000144672087593 0.000118606471160 0.000227856007449 0.000021336788532 0.000193924393001 0.000132292887272 0.000115398800620 0.000175664989868 0.000107985105748 0.000250545241861 0.000112068745436 0.000132497373035 0.000105968354795 0.000100888214421 0.000113263318040 0.002974820326699 0.002981665320960 0.002942845416193 0.003017551495543 0.002834329793760 0.003380714122866 0.001351993864304 0.002183710345915 0.003462825609092 0.002502493810270 0.002187634887146 0.002441999088241 0.002526429969548 0.003085169992458 0.002202500181756 0.002675503965360 0.002610581481006 0.002255793262989 0.002866533135712 0.002432362247915 0.002054815010679 0.002077542812271 0.001700647177654 0.001678954012616 0.001516599690077 0.002786352786602 0.002440151319270 0.001606143861471 0.001250535745261 0.002054324630640 0.002346934820242 0.002675199873645 0.001970101157358 0.002080979338090 0.002261921649805 0.001786846032571 0.001674938742240 0.001593759933550 0.001925014960064 0.001561468911893 0.002167967926090 0.001921837831060 0.001997039315402 0.001738673478622 0.001779522383334 
0.003451677986928 0.003717174079216 0.004057722347287 0.004072720073614 0.003267154809727 0.003820994291876 0.003476838392319 0.004343752428573 0.002717670787639 0.003776285143462 0.003605559593080 0.003717553877864 0.003678298672123 0.003462777264113 0.003962971363858 0.000107416313033 0.000190462415851 0.000095253846280 -0.000160467490096 0.000312212019301 0.000281623522853 0.000103773389776 0.000112981803106 0.000180417323180 0.000408645761862 0.000119045754627 0.000166095212607 0.000060715271043 0.000170592511731 0.000120408031055 0.003119988456678 0.003214013741639 0.003226593119889 0.003237602284006 0.003058363361180 0.003320657336528 0.001805158633006 0.002184559424236 0.003859633692536 0.002824999092500 0.002146936056235 0.003081784126594 0.002473919847097 0.003096969812847 0.002448041748507 0.002781460559808 0.002799969713734 0.002483351259624 0.002684174805476 0.002603244090418 0.002382410160768 0.002105866407508 0.001836500825545 0.001903632686975 0.001702578183473 0.002207515657706 0.002417834115323 0.001502346310682 0.000934798811303 0.002329006752014 0.002579589033688 0.002879343577920 0.002181318558041 0.002030606239973 0.002533203320495 0.001930585913326 0.001790975020878 0.001565272877081 0.002229544623927 0.001577437772612 0.002445425947240 0.002005592946152 0.002180470211407 0.002043662770801 0.001933114533622 
0.002630632215327 0.002722894797633 0.003325759851794 0.003116689772463 0.001996717137966 0.002818052329265 0.002407015688734 0.002717670787639 0.002222739042871 0.002318068802761 0.002691787240976 0.002917328329039 0.002834619716838 0.002605788027307 0.002984508547594 0.000117433505277 0.000104984542313 0.000329059264298 0.000063687656155 0.000285586632275 0.000088085040163 0.000095451077188 0.000084913069099 0.000113592353781 0.000267681087842 0.000100979145887 0.000124963670919 0.000043419775432 0.000093369134738 0.000083790309927 0.002431049494903 0.002456656147096 0.002457429267750 0.002451202649186 0.002305284896266 0.002712412268829 0.000929244061535 0.001240182116506 0.002793375123335 0.002026165217698 0.001891775480401 0.001767128460650 0.002037743162145 0.002400688323256 0.002093046656520 0.002113657110048 0.002093792219040 0.001987753036670 0.002137506260978 0.001927525467710 0.001543735120639 0.001673344806964 0.001380612870318 0.001418357007729 0.001303869754697 0.002495258289877 0.001841368254738 0.000914612879867 0.001054035950908 0.001327156798343 0.001924576610496 0.002109008308092 0.001522865959442 0.001660590322069 0.001888759970866 0.001331573894488 0.001248525141524 0.001213009029645 0.001808218612574 0.001206179143311 0.001831696799088 0.001518586179074 0.001666454661044 0.001443728685662 0.001517568493591 
0.004096002049372 0.003660130741023 0.002854264520535 0.003432807647275 0.003195010043223 0.005061477517766 0.003982042799635 0.003776285143462 0.002318068802761 0.005713242441990 0.003375123537932 0.003388234031978 0.003817550614775 0.003354298258794 0.003630730857191 0.000138521861531 0.000134030496033 0.000018038424422 -0.000108863099531 0.000077923376865 0.000223275399253 0.000150297315788 0.000281024561666 0.000136999272670 0.000282169184230 0.000123230484488 0.000148181223405 0.000181429216546 0.000132913824197 0.000147317477208 0.003620641654518 0.003568254567020 0.003438153990645 0.003636255273242 0.003410083633410 0.004284318540006 0.001551889746388 0.003112753033742 0.004188780626934 0.002924121994662 0.002422709019494 0.002979973535768 0.003150622864930 0.003971360010540 0.002368386263273 0.003289783368161 0.003149067280694 0.002458879884413 0.003738777031629 0.002998044354067 0.002578142177637 0.002570153332608 0.002021803599187 0.001941490177492 0.001767690407374 0.003471723337231 0.003353749518012 0.002274734028063 0.001582677394591 0.002802025693431 0.002751333172599 0.003281428989118 0.002319794437079 0.002547865647805 0.002605561875543 0.002279430989238 0.002073482139690 0.002015043513800 0.002057932744394 0.001915961662994 0.002516371350307 0.002376394635047 0.002364576782936 0.002029589016343 0.002080500488309 
0.003355398575056 0.003440003230461 0.003857323510389 0.003765518725104 0.002689945855040 0.003737563727013 0.003212262533808 0.003605559593080 0.002691787240976 0.003375123537932 0.003406272746013 0.003578986220323 0.003575027539310 0.003293480590311 0.003719736371313 0.000133769551766 0.000121207834358 0.000323999495615 0.000040736617502 0.000288570702851 0.000121522758908 0.000105421589876 0.000118225427173 0.000118136995280 0.000297610646128 0.000111999213363 0.000137164333064 0.000061404956039 0.000104916690019 0.000098687566663 0.002986333666053 0.003022034097306 0.003018927468901 0.003036176329109 0.002856081404129 0.003318048611896 0.001321905827136 0.001833598935920 0.003489470580602 0.002543331583648 0.002279617294669 0.002382286360043 0.002495181618174 0.002988403020892 0.002419456603819 0.002642603539731 0.002612696407765 0.002398053439518 0.002706816024954 0.002409013615589 0.001999270074043 0.002054663557173 0.001712502641498 0.001734343811128 0.001572417907536 0.002823027708929 0.002291140230811 0.001341204705874 0.001224573406762 0.001853628755587 0.002389559137113 0.002650906477055 0.001961666612706 0.002052782225532 0.002330939385145 0.001714818027694 0.001618528045525 0.001532353071362 0.002115585209128 0.001522226703014 0.002239947732491 0.001894203224687 0.002037383705346 0.001788457287784 0.001834715261256 
0.003630992606105 0.003713106881244 0.004447186371345 0.004228254311026 0.002793789492180 0.003907180372975 0.003292715388171 0.003717553877864 0.002917328329039 0.003388234031978 0.003578986220323 0.003902820711406 0.003815798227206 0.003488503498240 0.004009882885128 0.000128516668379 0.000157663150565 0.000288780891236 -0.000016444689326 0.000332952000742 0.000168292033453 0.000123902941364 0.000108577215114 0.000166564090833 0.000355837257662 0.000124767213884 0.000162948430560 0.000057615776408 0.000137471006148 0.000111708835291 0.003433378345869 0.003461498964534 0.003439828761290 0.003455547312098 0.003253127820514 0.003830743726907 0.001297745715530 0.001824819338181 0.003964091954799 0.002835276987174 0.002527889160179 0.002562612341440 0.002864998354926 0.003436665571834 0.002897948568548 0.002975988261191 0.002944505166466 0.002718984427849 0.003026542266671 0.002742392533587 0.002234192880200 0.002346901810979 0.001926253950302 0.001985273568833 0.001833694910532 0.003427984100970 0.002721605954774 0.001302546966594 0.001407484356668 0.001953662681068 0.002688521992245 0.002987571695252 0.002107867162860 0.002306197000327 0.002638273355479 0.001914017954253 0.001743903533002 0.001700555396036 0.002498136557451 0.001670016861124 0.002569710001794 0.002139935940663 0.002340172738766 0.002043746120176 0.002119505217730 
0.003719093923735 0.003685152276358 0.004076983701097 0.003930317213796 0.002736243121630 0.004236233694723 0.003443832209446 0.003678298672123 0.002834619716838 0.003817550614775 0.003575027539310 0.003815798227206 0.003903180653653 0.003541562356705 0.003952289951779 0.000131532252854 0.000170940356283 0.000184648215098 -0.000027056873277 0.000229282656396 0.000215801391372 0.000136357922482 0.000152218933118 0.000168693731971 0.000289357454265 0.000131975865137 0.000164259654608 0.000099319282151 0.000161373489420 0.000141241781803 0.003313634159015 0.003309818087855 0.003260362908109 0.003318357955576 0.003122799662439 0.003715592537468 0.001171208890455 0.001930775382753 0.003809352839005 0.002684427444187 0.002395350840648 0.002436230102756 0.002805706280004 0.003399359516421 0.002651003730916 0.002893935643621 0.002835912439696 0.002536079690293 0.003070825497329 0.002660398370329 0.002158655557723 0.002257775843107 0.001833320345232 0.001854338622082 0.001718032499710 0.003368918168639 0.002726917288631 0.001399836642195 0.001377633799160 0.001959707278024 0.002564027245539 0.002893880683198 0.002021397205952 0.002255085385689 0.002492209265331 0.001902798689158 0.001695416623684 0.001700383382481 0.002290266285112 0.001629577777154 0.002411405452803 0.002077274043387 0.002217030759499 0.001916042438571 0.002001044782439 
0.003312953946945 0.003359427383261 0.003757717231818 0.003599492949583 0.002537223875798 0.003758113050626 0.003125063391503 0.003462777264113 0.002605788027307 0.003354298258794 0.003293480590311 0.003488503498240 0.003541562356705 0.003245374738539 0.003627377775322 0.000119001479291 0.000160098137037 0.000181131665147 -0.000029278255673 0.000236819269623 0.000209751479821 0.000120573936715 0.000129928052654 0.000158464705388 0.000288994839970 0.000122600178430 0.000153958269496 0.000083130863152 0.000154698761491 0.000128964507650 0.002915033307362 0.002930452960415 0.002902952422963 0.002938494005371 0.002767477902101 0.003225723112906 0.001134591489490 0.001709213243384 0.003398442508606 0.002415425284990 0.002119628970656 0.002251827815604 0.002439876292227 0.002958618469925 0.002347746140141 0.002552609030386 0.002517263731823 0.002272955438924 0.002656321231920 0.002350282848114 0.001940998807725 0.001978179126528 0.001632937730089 0.001661356228833 0.001529291575531 0.002826313812536 0.002340544138120 0.001234281864166 0.001159704770491 0.001771903844209 0.002291367867502 0.002567000365199 0.001829222328839 0.001971229159143 0.002232437597570 0.001688838252870 0.001519815560097 0.001489635320269 0.002053728554863 0.001441265914215 0.002156079422631 0.001832901704589 0.001968511236704 0.001726619167235 0.001775486468485 
0.003750848283776 0.003854634726471 0.004506478674069 0.004323863422156 0.002969987468449 0.004082572196562 0.003467201447696 0.003962971363858 0.002984508547594 0.003630730857191 0.003719736371313 0.004009882885128 0.003952289951779 0.003627377775322 0.004151470526196 0.000150055888513 0.000191151850139 0.000229131476498 -0.000027811388782 0.000301666098426 0.000204743585669 0.000133015713809 0.000129637648784 0.000178299642934 0.000325301317167 0.000135470219664 0.000175148363579 0.000080033698221 0.000155699138837 0.000135655537568 0.003494886899078 0.003529234289794 0.003509109493195 0.003530296877205 0.003326135435318 0.003845729854524 0.001408184324312 0.001969490631979 0.004063227170503 0.002919202760526 0.002531328065592 0.002740181569612 0.002892517728081 0.003498487546740 0.002898921577656 0.003043681965683 0.003016605804216 0.002758299578846 0.003091706917319 0.002818241651618 0.002338130878609 0.002374709527584 0.001970799011563 0.002028628827568 0.001866357712868 0.003317305361646 0.002764846930204 0.001395381291257 0.001346163541520 0.002067556898704 0.002755014484561 0.003069348413690 0.002184866784470 0.002340161989426 0.002704606747997 0.001996202849650 0.001802783265579 0.001744058698794 0.002512683157541 0.001710525328948 0.002623060279612 0.002186830111375 0.002384728911054 0.002105202670526 0.002150087974141 
0.000138467334677 0.000127398544420 0.000070250900436 0.000118451714176 0.000102270014782 0.000141923320104 0.000144672087593 0.000107416313033 0.000117433505277 0.000138521861531 0.000133769551766 0.000128516668379 0.000131532252854 0.000119001479291 0.000150055888513 0.002721280668495 0.002113821792594 0.002835192675539 0.001975775330300 0.002829732444963 0.002182141766797 0.002034574022340 0.002794955255717 0.002437562162830 0.002984383707618 0.002130086417171 0.002492657336626 0.002335907034888 0.002314024462389 0.002406269254269 0.000571727549148 0.000523154914005 0.000449662320742 0.000413591120099 0.000309205181286 0.001167780234879 0.000583964103996 0.000857678506011 0.000489714868548 0.000581763549796 0.000423805912041 0.001050439356923 0.000474872611774 0.000671135906788 0.000512553311223 0.000614586288535 0.000553970005551 0.000397805824529 0.000353187863874 0.000588769824324 0.001297325112066 0.001529418659645 0.001181404319511 0.001320328707235 0.001445705216298 0.001808202760899 0.001043440882390 0.001618725904593 0.001604914521909 0.001612198646110 0.000608810701959 0.000546297294096 0.000505735266411 0.000559768670040 0.000499679027964 0.001221899399034 0.001191314283504 0.000959524300613 0.001254675534232 0.001255499669504 0.001114416188220 0.001105400939791 0.001175662209265 0.001122168581385 0.001333202342095 
0.000151315828750 0.000174188753696 0.000202465273189 0.000156659528869 0.000112782145683 0.000168171072298 0.000118606471160 0.000190462415851 0.000104984542313 0.000134030496033 0.000121207834358 0.000157663150565 0.000170940356283 0.000160098137037 0.000191151850139 0.002113821792594 0.001717542625033 0.002030798723453 0.001433415679419 0.002178406105833 0.001829113764288 0.001607152262272 0.002189332767447 0.001965001205628 0.002347115409564 0.001680052968978 0.001976419849591 0.001844369959789 0.001874888992491 0.001918524424368 0.000504773643541 0.000464762844204 0.000391060818018 0.000370704414344 0.000293649682388 0.000911243570976 0.000406203815218 0.000615416498415 0.000483679029259 0.000474590633415 0.000216297499395 0.000914891861649 0.000382563336050 0.000597712512217 0.000457921657538 0.000497619251386 0.000461120844541 0.000301950753695 0.000274156874122 0.000521436984961 0.001098817032411 0.001191140276401 0.000927285069827 0.001063601651883 0.001179565195319 0.001369193105061 0.000948314770786 0.001179647605611 0.001145598147097 0.001295344875751 0.000500488954822 0.000473122925449 0.000363494519697 0.000408413846370 0.000423726368424 0.001020206262493 0.000904338264785 0.000748782398018 0.001043886105731 0.000949621037563 0.000918480316113 0.000881348405547 0.000955898740622 0.000940448628611 0.001073523023294 
0.000143732960506 0.000143786631085 0.000204133945259 0.000290853572760 0.000147427514960 0.000106735382112 0.000227856007449 0.000095253846280 0.000329059264298 0.000018038424422 0.000323999495615 0.000288780891236 0.000184648215098 0.000181131665147 0.000229131476498 0.002835192675539 0.002030798723453 0.003982620828846 0.002199215963036 0.003813609288221 0.002290058718496 0.002227592136335 0.003029159804270 0.002704351264519 0.004194476488602 0.002350218944564 0.002766014520028 0.002423433261506 0.002529694680745 0.002495575839749 0.000606549595640 0.000598374525563 0.000551674010958 0.000467107126953 0.000322758049918 0.001806420788444 0.000868822236545 0.000884249416962 0.000691431855433 0.000720699832777 0.000889036779295 0.000925176568052 0.000651346040223 0.000746229942309 0.000643617246468 0.000713341700699 0.000637025116699 0.000565603251084 0.000309370867619 0.000499836032392 0.001303344473517 0.001914288790973 0.001396532273659 0.001537789128963 0.001633755258354 0.002617330080505 0.001107605806815 0.001914908855265 0.002501701939660 0.002133073617510 0.000724398590450 0.000591164186723 0.000709768400179 0.000688857219687 0.000533234048928 0.001167973927773 0.001544738963671 0.001062810103697 0.001604133667119 0.001517074832342 0.001313348158137 0.001307792029694 0.001358581107437 0.001237655522370 0.001583819519335 
-0.000025540888023 -0.000066265313622 -0.000169234067735 -0.000070639150380 -0.000082822774396 -0.000056487970393 0.000021336788532 -0.000160467490096 0.000063687656155 -0.000108863099531 0.000040736617502 -0.000016444689326 -0.000027056873277 -0.000029278255673 -0.000027811388782 0.001975775330300 0.001433415679419 0.002199215963036 0.001604898460109 0.001943843532501 0.001345313467447 0.001411503016596 0.001968463810922 0.001616831265741 0.001919018412567 0.001480995510655 0.001710841732033 0.001641317053155 0.001527762177149 0.001664396078761 0.000229884500570 0.000190678748432 0.000166918702949 0.000124910870008 0.000053633448353 0.000636319391949 0.000380161100116 0.000571820161981 0.000043288972242 0.000289616658873 0.000401168658258 0.000499625647372 0.000230405118744 0.000249831946100 0.000227593737014 0.000319958660907 0.000263964799079 0.000241632237261 0.000180102085707 0.000261066575327 0.000705158397419 0.000986798142349 0.000763263370393 0.000818782256413 0.000891213015103 0.001230630507986 0.000417921289326 0.001175526085254 0.001177163341670 0.000896149384492 0.000318284401484 0.000224921997489 0.000323922324637 0.000382270296480 0.000243110399134 0.000717037686154 0.000785834975127 0.000633569003146 0.000718227712356 0.000872130269995 0.000634426138194 0.000677222009317 0.000703221863648 0.000630776381059 0.000826959813700 
0.000162652451349 0.000239109074767 0.000443070897140 0.000391309181193 0.000247525064219 0.000142857564350 0.000193924393001 0.000312212019301 0.000285586632275 0.000077923376865 0.000288570702851 0.000332952000742 0.000229282656396 0.000236819269623 0.000301666098426 0.002829732444963 0.002178406105833 0.003813609288221 0.001943843532501 0.004030640354756 0.002664342657909 0.002331839097135 0.003120019906152 0.002951137021908 0.004630903219333 0.002457224867885 0.002926702659844 0.002502837946320 0.002775125974332 0.002622146369438 0.000721171257761 0.000723459907135 0.000638016153620 0.000566208863572 0.000424198272005 0.001956660566919 0.000869110924300 0.000805739869663 0.000989045948038 0.000791281626717 0.000647678562847 0.001180765513294 0.000685632378784 0.000928368249371 0.000759894039743 0.000754353963574 0.000703197617469 0.000528326774529 0.000245276996053 0.000608443143595 0.001545741775970 0.001997556510563 0.001453897000731 0.001670034203807 0.001802755495060 0.002618862305549 0.001477810447499 0.001812857029022 0.002448347048891 0.002449628148236 0.000789626726541 0.000701548240238 0.000673481467563 0.000607438680452 0.000594409122308 0.001320356077198 0.001582720557571 0.001068493756976 0.001824418571168 0.001495912529476 0.001472059156132 0.001396615177877 0.001485546728702 0.001430730338987 0.001714020773015 
0.000143743565084 0.000188859757934 0.000233330089849 0.000110487602605 0.000124774576459 0.000253238691925 0.000132292887272 0.000281623522853 0.000088085040163 0.000223275399253 0.000121522758908 0.000168292033453 0.000215801391372 0.000209751479821 0.000204743585669 0.002182141766797 0.001829113764288 0.002290058718496 0.001345313467447 0.002664342657909 0.002188617894778 0.001778749228875 0.002385468155161 0.002268097172007 0.003085899273270 0.001862854554955 0.002218435295959 0.001977411720560 0.002168718742763 0.002084228388529 0.000487009345890 0.000455279536438 0.000352477269582 0.000338289451721 0.000255431908220 0.001118932220755 0.000425013756370 0.000559234145170 0.000632181054881 0.000460871106817 0.000102432462846 0.000960495543629 0.000387843807571 0.000672346303419 0.000443185441982 0.000470792317012 0.000438362530706 0.000213645647003 0.000164348843812 0.000485113628053 0.001212223866201 0.001313449293978 0.000978731872439 0.001157664644296 0.001302117444643 0.001577429069378 0.001189360394048 0.001222593287178 0.001388494693554 0.001673013805702 0.000490577563955 0.000473271929711 0.000332542675149 0.000329022687138 0.000374640411663 0.001081305869389 0.001007185393513 0.000762555684866 0.001214286212983 0.000985108307747 0.001000626566543 0.000956787296387 0.001027726141859 0.001041968548923 0.001180795381205 
0.000127699539754 0.000117614556657 0.000110160048443 0.000100063703151 0.000075154168951 0.000166555287838 0.000115398800620 0.000103773389776 0.000095451077188 0.000150297315788 0.000105421589876 0.000123902941364 0.000136357922482 0.000120573936715 0.000133015713809 0.002034574022340 0.001607152262272 0.002227592136335 0.001411503016596 0.002331839097135 0.001778749228875 0.001583373952599 0.002152817887962 0.001945003322656 0.002571892496638 0.001658010387700 0.001954604385651 0.001782692970121 0.001846800570521 0.001850319313370 0.000462579759420 0.000427724273552 0.000356004321786 0.000333725511127 0.000250622678512 0.001035413919035 0.000425423763651 0.000603425346053 0.000480321171807 0.000448499161952 0.000295882319131 0.000793019087594 0.000402040039049 0.000585777296829 0.000422504099057 0.000478056203563 0.000432158455693 0.000284088820558 0.000251365199135 0.000449163600715 0.001026460576220 0.001224876021872 0.000918468390512 0.001042794046417 0.001150698472739 0.001536849390013 0.000938952936987 0.001214286443461 0.001345130502261 0.001379692941354 0.000473509353816 0.000437125585270 0.000371014420162 0.000408140256323 0.000372783033067 0.000946091745928 0.000942739602380 0.000734993839096 0.001046750583614 0.000961788941265 0.000893386867816 0.000879734288007 0.000932975037445 0.000896891937851 0.001065651401477 
0.000160496630033 0.000121736349585 0.000005323508732 0.000051875797203 0.000100604540288 0.000241707518233 0.000175664989868 0.000112981803106 0.000084913069099 0.000281024561666 0.000118225427173 0.000108577215114 0.000152218933118 0.000129928052654 0.000129637648784 0.002794955255717 0.002189332767447 0.003029159804270 0.001968463810922 0.003120019906152 0.002385468155161 0.002152817887962 0.002943514780465 0.002622198111525 0.003413175375488 0.002253619540216 0.002650036389085 0.002440544268146 0.002491518817769 0.002522288102890 0.000585951300947 0.000534108275927 0.000438681095433 0.000414036315649 0.000302366562449 0.001342298611538 0.000594369772704 0.000891003670147 0.000578771894562 0.000582876120494 0.000393984544813 0.001070607765886 0.000515184815722 0.000753740502806 0.000498652322755 0.000629959682229 0.000561416731330 0.000353374743211 0.000350198835923 0.000587710196660 0.001373518124458 0.001637721569182 0.001231974653759 0.001384872531993 0.001526473219374 0.002011079751843 0.001217198927565 0.001711028278051 0.001801824994466 0.001855730822711 0.000615396688259 0.000566552958116 0.000505099023682 0.000552338358767 0.000477679997627 0.001278902511428 0.001278581321721 0.001000887558028 0.001344899122901 0.001310483709271 0.001169430059760 0.001175667534403 0.001232945471948 0.001181764530584 0.001410502423297 
0.000133150866370 0.000156949592104 0.000225677217297 0.000153021176668 0.000103622002882 0.000176467303110 0.000107985105748 0.000180417323180 0.000113592353781 0.000136999272670 0.000118136995280 0.000166564090833 0.000168693731971 0.000158464705388 0.000178299642934 0.002437562162830 0.001965001205628 0.002704351264519 0.001616831265741 0.002951137021908 0.002268097172007 0.001945003322656 0.002622198111525 0.002435107436280 0.003333949960055 0.002038119572237 0.002416137955638 0.002164100986098 0.002313493301776 0.002263192706108 0.000565517785599 0.000531805812727 0.000436439078193 0.000407362484912 0.000307452801853 0.001307715984818 0.000516132128841 0.000659389147539 0.000662281238499 0.000547978941578 0.000290839456315 0.000997525087518 0.000481001762993 0.000735591905269 0.000540964181157 0.000565411190162 0.000519894979567 0.000322962348985 0.000239924651487 0.000540726336639 0.001288376517285 0.001503499280787 0.001118903779351 0.001295464377910 0.001436683730896 0.001882148247675 0.001226765580999 0.001415092354155 0.001653799481042 0.001777430439512 0.000576280621703 0.000536449758405 0.000427971211380 0.000447929640396 0.000448621772491 0.001159053923576 0.001151564271469 0.000871589780772 0.001346204886307 0.001147298633891 0.001120239207797 0.001079308883475 0.001155710826904 0.001132968763693 0.001324467451602 
0.000211798884356 0.000280387892398 0.000464818456649 0.000378733766037 0.000302735001578 0.000290077903258 0.000250545241861 0.000408645761862 0.000267681087842 0.000282169184230 0.000297610646128 0.000355837257662 0.000289357454265 0.000288994839970 0.000325301317167 0.002984383707618 0.002347115409564 0.004194476488602 0.001919018412567 0.004630903219333 0.003085899273270 0.002571892496638 0.003413175375488 0.003333949960055 0.005501344969627 0.002709890417284 0.003251241680997 0.002711217697667 0.003140002133495 0.002860624183600 0.000801421207337 0.000807898497733 0.000685612615116 0.000625428565456 0.000467537055121 0.002331507810016 0.000942017899995 0.000857952542774 0.001241929566228 0.000855954783367 0.000608859064568 0.001308332791230 0.000785436588355 0.001120663254560 0.000811502656456 0.000821698952268 0.000765746672153 0.000499548049111 0.000233762996179 0.000652174662675 0.001752498599094 0.002241579936774 0.001590879131389 0.001850377636708 0.002011651623275 0.003003487681586 0.001843433687277 0.001972780498802 0.002816605033940 0.002957475284592 0.000854821304471 0.000789427303069 0.000707492356593 0.000607403047077 0.000610681459244 0.001463383966676 0.001777507949711 0.001158577054945 0.002077563333245 0.001620223616147 0.001644774732537 0.001565100507322 0.001649042416788 0.001608647297865 0.001912943664274 
0.000110448278252 0.000114034313404 0.000112797670219 0.000098835703640 0.000079345205520 0.000145686396065 0.000112068745436 0.000119045754627 0.000100979145887 0.000123230484488 0.000111999213363 0.000124767213884 0.000131975865137 0.000122600178430 0.000135470219664 0.002130086417171 0.001680052968978 0.002350218944564 0.001480995510655 0.002457224867885 0.001862854554955 0.001658010387700 0.002253619540216 0.002038119572237 0.002709890417284 0.001737638861865 0.002048683731067 0.001864688653421 0.001935382431794 0.001936550368097 0.000454421733516 0.000421893335619 0.000350835749669 0.000323446597363 0.000237832653159 0.001050606305962 0.000457709651452 0.000617207061485 0.000478788567499 0.000456917857868 0.000299005613624 0.000824620102297 0.000393023333987 0.000577043427020 0.000422223613610 0.000477046833210 0.000432008992402 0.000285147962193 0.000227706223273 0.000446255477530 0.001061160107213 0.001265034430670 0.000951173327187 0.001082363221130 0.001193620969267 0.001564823852508 0.000946135620024 0.001263876394556 0.001398966684356 0.001440841334868 0.000480638624081 0.000435657846495 0.000382974873500 0.000407202796402 0.000375385062308 0.000974358913775 0.000981578818214 0.000754583754024 0.001085758434749 0.000997335587312 0.000921533415197 0.000905517584781 0.000961631404157 0.000929379882736 0.001102826034526 
0.000137996697606 0.000150877617716 0.000175552073179 0.000146036195962 0.000111324142912 0.000174538988901 0.000132497373035 0.000166095212607 0.000124963670919 0.000148181223405 0.000137164333064 0.000162948430560 0.000164259654608 0.000153958269496 0.000175148363579 0.002492657336626 0.001976419849591 0.002766014520028 0.001710841732033 0.002926702659844 0.002218435295959 0.001954604385651 0.002650036389085 0.002416137955638 0.003251241680997 0.002048683731067 0.002419663287185 0.002189687971424 0.002293554267946 0.002278734567379 0.000558238743053 0.000522876285699 0.000436595988656 0.000404112272020 0.000302223837797 0.001279749261201 0.000548884292490 0.000718758349869 0.000612276607142 0.000557082536446 0.000348389460276 0.000996359272545 0.000479717793641 0.000709085932754 0.000523922291831 0.000576432276749 0.000526002157003 0.000345854114656 0.000268240656574 0.000541140688636 0.001274500489475 0.001509119669408 0.001132250311447 0.001294318411257 0.001426744504953 0.001868702827328 0.001157780256043 0.001478238207475 0.001662976089706 0.001739111959597 0.000582718020961 0.000533724292945 0.000457556606104 0.000480254202855 0.000457035431985 0.001159555059788 0.001168255916454 0.000891352059050 0.001314036102133 0.001177608943997 0.001110930922338 0.001082241447538 0.001152883762703 0.001118718736193 0.001319398420881 
0.000102929285301 0.000074384848290 -0.000018000855406 0.000005357951082 0.000045616335868 0.000163159931036 0.000105968354795 0.000060715271043 0.000043419775432 0.000181429216546 0.000061404956039 0.000057615776408 0.000099319282151 0.000083130863152 0.000080033698221 0.002335907034888 0.001844369959789 0.002423433261506 0.001641317053155 0.002502837946320 0.001977411720560 0.001782692970121 0.002440544268146 0.002164100986098 0.002711217697667 0.001864688653421 0.002189687971424 0.002036453124731 0.002060281786391 0.002104620577371 0.000456281665360 0.000408338869265 0.000328376047083 0.000309436089986 0.000222001869353 0.001013179023639 0.000447723250086 0.000708478411433 0.000418315039710 0.000447640860261 0.000271327915918 0.000873855908889 0.000386559140045 0.000584094595218 0.000389272879847 0.000489139178164 0.000434312387677 0.000264412165786 0.000268338638457 0.000475331847768 0.001120243599090 0.001307845111194 0.000992342026963 0.001119706566867 0.001242783408061 0.001577529327654 0.000970976018461 0.001378811285040 0.001401355505302 0.001454668602348 0.000480429003712 0.000439228214407 0.000381825353113 0.000431996790252 0.000376257536665 0.001054630421936 0.001012613105996 0.000811688460815 0.001072436005554 0.001055371808714 0.000935726544835 0.000941533299501 0.000992784008285 0.000957144607791 0.001137238629791 
0.000107366429560 0.000132187676663 0.000167314724068 0.000087880526470 0.000074497827193 0.000177670394984 0.000100888214421 0.000170592511731 0.000093369134738 0.000132913824197 0.000104916690019 0.000137471006148 0.000161373489420 0.000154698761491 0.000155699138837 0.002314024462389 0.001874888992491 0.002529694680745 0.001527762177149 0.002775125974332 0.002168718742763 0.001846800570521 0.002491518817769 0.002313493301776 0.003140002133495 0.001935382431794 0.002293554267946 0.002060281786391 0.002203514236947 0.002155783830099 0.000478182556105 0.000443875662981 0.000352081368346 0.000327003808180 0.000236913061888 0.001154745083290 0.000458839475803 0.000600631710327 0.000564428373107 0.000469524385446 0.000218015909982 0.000913858590602 0.000403943200519 0.000642703017656 0.000451926743928 0.000485652218718 0.000443318402943 0.000254509592305 0.000184479044877 0.000471175828021 0.001190926296960 0.001375692170326 0.001024411714471 0.001190024690883 0.001328292025090 0.001703747865955 0.001120562854947 0.001322130252376 0.001519962983619 0.001653777260828 0.000501033841451 0.000460719990150 0.000368843718727 0.000382468367998 0.000380508419338 0.001078841243481 0.001058694583987 0.000802066159022 0.001227487352311 0.001056551557380 0.001014391927134 0.000985740791366 0.001052501279331 0.001039875064936 0.001215478215575 
0.000118634304742 0.000117381614331 0.000087683369721 0.000066783737868 0.000066192262152 0.000170022089553 0.000113263318040 0.000120408031055 0.000083790309927 0.000147317477208 0.000098687566663 0.000111708835291 0.000141241781803 0.000128964507650 0.000135655537568 0.002406269254269 0.001918524424368 0.002495575839749 0.001664396078761 0.002622146369438 0.002084228388529 0.001850319313370 0.002522288102890 0.002263192706108 0.002860624183600 0.001936550368097 0.002278734567379 0.002104620577371 0.002155783830099 0.002183975897292 0.000489725317682 0.000444869300783 0.000361820539966 0.000337733353362 0.000247716730437 0.001063812722529 0.000462851650101 0.000689190846418 0.000477351046918 0.000479280936864 0.000267924976604 0.000928505885737 0.000404368107452 0.000619006315384 0.000440060381756 0.000510753679649 0.000460705503141 0.000287896914771 0.000257764001348 0.000503494690451 0.001180936538027 0.001360381791350 0.001034699226686 0.001178952915436 0.001309607153412 0.001638260936120 0.001032306755129 0.001387355623407 0.001442793881153 0.001524380367211 0.000512364931952 0.000468204842395 0.000394107155259 0.000436911941609 0.000406132392175 0.001100851132726 0.001048064158320 0.000834890373898 0.001156375421098 0.001085655112593 0.000994980768319 0.000982498191713 0.001046278152215 0.001017816015388 0.001197300937105 
0.003567324204755 0.003405264224059 0.003998361062007 0.004046450037138 0.002681802344577 0.003697505722349 0.002974820326699 0.003119988456678 0.002431049494903 0.003620641654518 0.002986333666053 0.003433378345869 0.003313634159015 0.002915033307362 0.003494886899078 0.000571727549148 0.000504773643541 0.000606549595640 0.000229884500570 0.000721171257761 0.000487009345890 0.000462579759420 0.000585951300947 0.000565517785599 0.000801421207337 0.000454421733516 0.000558238743053 0.000456281665360 0.000478182556105 0.000489725317682 0.003917539982914 0.003897435921401 0.003801151207139 0.003869102080998 0.003624833075229 0.004606653970182 0.001365448579526 0.002269755384776 0.004380967725381 0.003116095920234 0.002678239246032 0.002903233219954 0.003306508107853 0.004046381209892 0.003247103362864 0.003388028321286 0.003305030315410 0.002891947044676 0.003487025533596 0.003155409624645 0.002696516147660 0.002910965183305 0.002294105632885 0.002378846785904 0.002264244452458 0.004295913293881 0.003490289704276 0.001739709536722 0.001884252686466 0.002444652231377 0.002974592899890 0.003376857006047 0.002263243733741 0.002641009000162 0.002902922966486 0.002320142630519 0.002067921381451 0.002029726374825 0.002843512782198 0.002023561730343 0.002977816671724 0.002558456784785 0.002771995312042 0.002400482330086 0.002541665943280 
0.003542509279013 0.003429343416092 0.004063726565346 0.004110078433371 0.002747968254213 0.003638976962941 0.002981665320960 0.003214013741639 0.002456656147096 0.003568254567020 0.003022034097306 0.003461498964534 0.003309818087855 0.002930452960415 0.003529234289794 0.000523154914005 0.000464762844204 0.000598374525563 0.000190678748432 0.000723459907135 0.000455279536438 0.000427724273552 0.000534108275927 0.000531805812727 0.000807898497733 0.000421893335619 0.000522876285699 0.000408338869265 0.000443875662981 0.000444869300783 0.003897435921401 0.003893342099126 0.003809720106310 0.003866276774442 0.003623848440091 0.004570416397033 0.001439711870971 0.002261431670713 0.004397988866816 0.003138790244761 0.002677516231011 0.002954289474005 0.003272995507027 0.004003984534851 0.003246104626059 0.003374235816138 0.003303105842451 0.002905956034498 0.003431677716429 0.003140803341581 0.002699250948612 0.002885313046988 0.002287812267601 0.002378602258232 0.002252447024435 0.004175022208508 0.003431773126743 0.001715998492309 0.001841173333920 0.002464116695484 0.002981330560348 0.003373647355761 0.002286377209890 0.002615793448747 0.002913539769637 0.002297871843004 0.002071085093535 0.002000977901204 0.002849086932125 0.002006881264467 0.002981937563204 0.002541645998362 0.002763206277124 0.002408154678268 0.002529472497402 
0.003465866239099 0.003394300698733 0.004055357590375 0.004101893907788 0.002746743558784 0.003524609123315 0.002942845416193 0.003226593119889 0.002457429267750 0.003438153990645 0.003018927468901 0.003439828761290 0.003260362908109 0.002902952422963 0.003509109493195 0.000449662320742 0.000391060818018 0.000551674010958 0.000166918702949 0.000638016153620 0.000352477269582 0.000356004321786 0.000438681095433 0.000436439078193 0.000685612615116 0.000350835749669 0.000436595988656 0.000328376047083 0.000352081368346 0.000361820539966 0.003801151207139 0.003809720106310 0.003744656549098 0.003788042069424 0.003552777397059 0.004418108413464 0.001464783895704 0.002205079582346 0.004297907306285 0.003093988390000 0.002655152126237 0.002911017841500 0.003179881228488 0.003871167469570 0.003182898550657 0.003296460475362 0.003235787472158 0.002877399520913 0.003332502894213 0.003063366504680 0.002615299422465 0.002783507974454 0.002224710989410 0.002310238222686 0.002171439714638 0.003972540478579 0.003263746404838 0.001648429390009 0.001742309222284 0.002362708623773 0.002927003859459 0.003298291826102 0.002265357742650 0.002555798681062 0.002868584659465 0.002212941941066 0.002014231372186 0.001932190990777 0.002770433188357 0.001945275414507 0.002907657075090 0.002460856833517 0.002684017490267 0.002342527909421 0.002448059216527 
0.003557057177203 0.003435577668222 0.004015407078883 0.004092970587325 0.002773646434031 0.003673087220905 0.003017551495543 0.003237602284006 0.002451202649186 0.003636255273242 0.003036176329109 0.003455547312098 0.003318357955576 0.002938494005371 0.003530296877205 0.000413591120099 0.000370704414344 0.000467107126953 0.000124910870008 0.000566208863572 0.000338289451721 0.000333725511127 0.000414036315649 0.000407362484912 0.000625428565456 0.000323446597363 0.000404112272020 0.000309436089986 0.000327003808180 0.000337733353362 0.003869102080998 0.003866276774442 0.003788042069424 0.003849019909303 0.003610967467651 0.004500547320953 0.001440155924137 0.002279464678488 0.004363604760420 0.003119656255725 0.002668768388781 0.002929643725181 0.003249613959781 0.003969789209273 0.003196796941052 0.003355001292279 0.003284049245440 0.002888455069594 0.003438008387931 0.003120005844139 0.002646132005448 0.002813087250819 0.002237509112814 0.002313477214506 0.002176490301923 0.004054389518466 0.003364505918739 0.001686761795499 0.001754618101451 0.002397753061269 0.002957381724328 0.003354685823663 0.002281806453554 0.002602443797970 0.002894026120431 0.002252047054240 0.002028409926470 0.001968540542395 0.002763570597790 0.001961928081464 0.002923582315283 0.002493477680437 0.002704818989321 0.002351302809312 0.002460088297374 
0.003343357179851 0.003236585150471 0.003792027727774 0.003856695529691 0.002612870913320 0.003448622653532 0.002834329793760 0.003058363361180 0.002305284896266 0.003410083633410 0.002856081404129 0.003253127820514 0.003122799662439 0.002767477902101 0.003326135435318 0.000309205181286 0.000293649682388 0.000322758049918 0.000053633448353 0.000424198272005 0.000255431908220 0.000250622678512 0.000302366562449 0.000307452801853 0.000467537055121 0.000237832653159 0.000302223837797 0.000222001869353 0.000236913061888 0.000247716730437 0.003624833075229 0.003623848440091 0.003552777397059 0.003610967467651 0.003391336121249 0.004178091042789 0.001335475231176 0.002115091481694 0.004090336859776 0.002919264658843 0.002484932167271 0.002739028532731 0.003036766243452 0.003711813609002 0.002995073393432 0.003136925647756 0.003074036670498 0.002706239141675 0.003221299102188 0.002923657146004 0.002456584125640 0.002591084116419 0.002067075712319 0.002136304382337 0.002004261308349 0.003729179873283 0.003130579327323 0.001527267056145 0.001571594716414 0.002194239495662 0.002765363241240 0.003141693703326 0.002129034664950 0.002427557559769 0.002712416415316 0.002087300189055 0.001864384040866 0.001820669328954 0.002560074238122 0.001802001719931 0.002717530982568 0.002309017071628 0.002508810398502 0.002181722600749 0.002271748006836 
0.004076928882562 0.003773225149330 0.004362078771064 0.004485708103771 0.002960774650579 0.004300320354929 0.003380714122866 0.003320657336528 0.002712412268829 0.004284318540006 0.003318048611896 0.003830743726907 0.003715592537468 0.003225723112906 0.003845729854524 0.001167780234879 0.000911243570976 0.001806420788444 0.000636319391949 0.001956660566919 0.001118932220755 0.001035413919035 0.001342298611538 0.001307715984818 0.002331507810016 0.001050606305962 0.001279749261201 0.001013179023639 0.001154745083290 0.001063812722529 0.004606653970182 0.004570416397033 0.004418108413464 0.004500547320953 0.004178091042789 0.005986898745135 0.001678795131742 0.002773180673903 0.005234281544480 0.003660969264906 0.003288631833599 0.003330411143655 0.004016656869030 0.004901738565839 0.003819787060991 0.004028362889318 0.003890639274399 0.003347729038629 0.004077402563922 0.003651775925468 0.003322334182707 0.003861765494211 0.002930294581754 0.003052864770803 0.002957274251559 0.005924033587411 0.004448096378514 0.002464090664863 0.003072055701547 0.003496882895394 0.003516740828371 0.003971647893836 0.002701984831656 0.003171584201091 0.003345151917800 0.002858095194118 0.002768276356491 0.002563049034679 0.003650560491911 0.002669832525394 0.003686397415081 0.003256184638668 0.003472895353480 0.002986398279202 0.003286346803312 
0.001225168226222 0.001372256305776 0.001383556143957 0.001661959629274 0.001550688870128 0.001220037044560 0.001351993864304 0.001805158633006 0.000929244061535 0.001551889746388 0.001321905827136 0.001297745715530 0.001171208890455 0.001134591489490 0.001408184324312 0.000583964103996 0.000406203815218 0.000868822236545 0.000380161100116 0.000869110924300 0.000425013756370 0.000425423763651 0.000594369772704 0.000516132128841 0.000942017899995 0.000457709651452 0.000548884292490 0.000447723250086 0.000458839475803 0.000462851650101 0.001365448579526 0.001439711870971 0.001464783895704 0.001440155924137 0.001335475231176 0.001678795131742 0.001261468615722 0.001346690941061 0.001732222820002 0.001404705466163 0.001067962883463 0.001721953481165 0.001074617381510 0.001340919167679 0.001054047132544 0.001302631133737 0.001309661069754 0.001146565572909 0.001101520701011 0.001177178185904 0.001326208808211 0.001247814300313 0.001068780314916 0.001117501342400 0.001006949758264 0.001030273667299 0.001091263090831 0.001167717799427 0.000793573051860 0.001554179246586 0.001237373208257 0.001334484812283 0.001163513701114 0.000962004373046 0.001188788392398 0.001025354699543 0.001135043751058 0.000830653690292 0.001157952402781 0.000985019636981 0.001289043384341 0.001088270549728 0.001169517792996 0.001123496916066 0.001086690217675 
0.002207623816635 0.002019388132979 0.001578877815852 0.002089838951499 0.001999310105710 0.002540446727556 0.002183710345915 0.002184559424236 0.001240182116506 0.003112753033742 0.001833598935920 0.001824819338181 0.001930775382753 0.001709213243384 0.001969490631979 0.000857678506011 0.000615416498415 0.000884249416962 0.000571820161981 0.000805739869663 0.000559234145170 0.000603425346053 0.000891003670147 0.000659389147539 0.000857952542774 0.000617207061485 0.000718758349869 0.000708478411433 0.000600631710327 0.000689190846418 0.002269755384776 0.002261431670713 0.002205079582346 0.002279464678488 0.002115091481694 0.002773180673903 0.001346690941061 0.002195616100394 0.002570616417622 0.001980884351862 0.001620663524340 0.002230105894449 0.001923830497038 0.002413134078018 0.001558705021917 0.002120534364832 0.002040208362196 0.001637908671650 0.002216808826710 0.001935560748376 0.001915878240663 0.001938720877151 0.001561378905134 0.001554099067392 0.001445178740260 0.002248866455626 0.002075148165452 0.001857483134154 0.001295339543842 0.002101699306845 0.001833191224400 0.002100494924109 0.001612309727464 0.001666557469794 0.001740055211857 0.001652683366900 0.001603297864096 0.001422897293084 0.001541600655196 0.001508373469345 0.001830755655146 0.001700610992398 0.001738013476937 0.001543781559058 0.001595147720633 
0.004028267735244 0.003951545087325 0.004643926881608 0.004682931079220 0.003245003267628 0.004202676213204 0.003462825609092 0.003859633692536 0.002793375123335 0.004188780626934 0.003489470580602 0.003964091954799 0.003809352839005 0.003398442508606 0.004063227170503 0.000489714868548 0.000483679029259 0.000691431855433 0.000043288972242 0.000989045948038 0.000632181054881 0.000480321171807 0.000578771894562 0.000662281238499 0.001241929566228 0.000478788567499 0.000612276607142 0.000418315039710 0.000564428373107 0.000477351046918 0.004380967725381 0.004397988866816 0.004297907306285 0.004363604760420 0.004090336859776 0.005234281544480 0.001732222820002 0.002570616417622 0.005099922163156 0.003570535470505 0.002941048136681 0.003446940535098 0.003672318098385 0.004543511686352 0.003624112352445 0.003794648231978 0.003728208323123 0.003235564043291 0.003791817775777 0.003525392120354 0.003117974674170 0.003269984444183 0.002584542643294 0.002708388206084 0.002562839192612 0.004629115260404 0.003963949189602 0.001943804092893 0.002113643592866 0.003036373867669 0.003372082399135 0.003826760069032 0.002601755038746 0.002883422653419 0.003276248248177 0.002605408045325 0.002391839189929 0.002231305546641 0.003272923904977 0.002248310600172 0.003398358141175 0.002884221031768 0.003129754657391 0.002768077968831 0.002871226204587 
0.002839655634969 0.002825071077573 0.003286533044184 0.003392483819321 0.002398491654563 0.002899010114408 0.002502493810270 0.002824999092500 0.002026165217698 0.002924121994662 0.002543331583648 0.002835276987174 0.002684427444187 0.002415425284990 0.002919202760526 0.000581763549796 0.000474590633415 0.000720699832777 0.000289616658873 0.000791281626717 0.000460871106817 0.000448499161952 0.000582876120494 0.000547978941578 0.000855954783367 0.000456917857868 0.000557082536446 0.000447640860261 0.000469524385446 0.000479280936864 0.003116095920234 0.003138790244761 0.003093988390000 0.003119656255725 0.002919264658843 0.003660969264906 0.001404705466163 0.001980884351862 0.003570535470505 0.002616219286043 0.002198114442037 0.002593510116585 0.002588337975611 0.003168403157488 0.002578588193367 0.002738344410562 0.002693820525079 0.002381249084196 0.002706104509523 0.002538447354860 0.002285116035177 0.002386679966206 0.001925284411166 0.002004420069662 0.001881327928777 0.003190999984215 0.002682962754226 0.001559817791177 0.001516486178777 0.002178834701446 0.002454001267668 0.002746872634978 0.001954316503510 0.002111445346585 0.002393976486949 0.001915199872148 0.001793471223709 0.001647992584434 0.002341857320132 0.001705829794257 0.002471599699247 0.002099655045429 0.002282135924881 0.002024099880168 0.002096317348108 
0.002525197495484 0.002404281802475 0.002816806732377 0.002917246925286 0.001874055462476 0.002584489635517 0.002187634887146 0.002146936056235 0.001891775480401 0.002422709019494 0.002279617294669 0.002527889160179 0.002395350840648 0.002119628970656 0.002531328065592 0.000423805912041 0.000216297499395 0.000889036779295 0.000401168658258 0.000647678562847 0.000102432462846 0.000295882319131 0.000393984544813 0.000290839456315 0.000608859064568 0.000299005613624 0.000348389460276 0.000271327915918 0.000218015909982 0.000267924976604 0.002678239246032 0.002677516231011 0.002655152126237 0.002668768388781 0.002484932167271 0.003288631833599 0.001067962883463 0.001620663524340 0.002941048136681 0.002198114442037 0.002208032306026 0.001839185073447 0.002336882025846 0.002710832799625 0.002258590000900 0.002376254792942 0.002304052480422 0.002136022201881 0.002453873563618 0.002109520227769 0.001720797784017 0.002084109273231 0.001634768431468 0.001646991863953 0.001526774195926 0.003209131603903 0.002162234214927 0.001349469742316 0.001600509220386 0.001630162493505 0.002090928047250 0.002308180789402 0.001691376037351 0.001943494070782 0.002022843270112 0.001496384488728 0.001527750311382 0.001441222281305 0.001968496048364 0.001506681679882 0.002047999433464 0.001786470369395 0.001912652847224 0.001592595214170 0.001768795634477 
0.002577488209948 0.002693654805701 0.002934399252569 0.003156098627008 0.002580122172758 0.002653434354295 0.002441999088241 0.003081784126594 0.001767128460650 0.002979973535768 0.002382286360043 0.002562612341440 0.002436230102756 0.002251827815604 0.002740181569612 0.001050439356923 0.000914891861649 0.000925176568052 0.000499625647372 0.001180765513294 0.000960495543629 0.000793019087594 0.001070607765886 0.000997525087518 0.001308332791230 0.000824620102297 0.000996359272545 0.000873855908889 0.000913858590602 0.000928505885737 0.002903233219954 0.002954289474005 0.002911017841500 0.002929643725181 0.002739028532731 0.003330411143655 0.001721953481165 0.002230105894449 0.003446940535098 0.002593510116585 0.001839185073447 0.003049913605701 0.002294426163798 0.002949538417718 0.002304592350392 0.002597818402417 0.002583560637224 0.002181368866862 0.002414988188252 0.002477776875989 0.002554174159772 0.002380421662353 0.001987902124373 0.002111928450547 0.001998587103920 0.002523195666937 0.002612868755458 0.001836624965225 0.001320349390345 0.002569032288743 0.002384515519535 0.002665157358577 0.001964878731550 0.001916683469665 0.002324737733534 0.002094568296388 0.001914963677751 0.001649562353460 0.002307361392327 0.001765220302436 0.002498897956431 0.002113903228127 0.002303261704989 0.002165421471419 0.002130705522109 
0.003047455209936 0.002825411416555 0.003245004996526 0.003314314621458 0.002165797200346 0.003220706436847 0.002526429969548 0.002473919847097 0.002037743162145 0.003150622864930 0.002495181618174 0.002864998354926 0.002805706280004 0.002439876292227 0.002892517728081 0.000474872611774 0.000382563336050 0.000651346040223 0.000230405118744 0.000685632378784 0.000387843807571 0.000402040039049 0.000515184815722 0.000481001762993 0.000785436588355 0.000393023333987 0.000479717793641 0.000386559140045 0.000403943200519 0.000404368107452 0.003306508107853 0.003272995507027 0.003179881228488 0.003249613959781 0.003036766243452 0.004016656869030 0.001074617381510 0.001923830497038 0.003672318098385 0.002588337975611 0.002336882025846 0.002294426163798 0.002852288684236 0.003459621636807 0.002718785258008 0.002869421241851 0.002777197291075 0.002422246543315 0.003010316538365 0.002633475473534 0.002211683579478 0.002507161538023 0.001935828091035 0.001986904078976 0.001895818759720 0.003893300425484 0.002996034637536 0.001523474457197 0.001779186798388 0.002079459822569 0.002488040376374 0.002832487978720 0.001894875413014 0.002270400427978 0.002406589342888 0.001928824619008 0.001766314327163 0.001741293844106 0.002386694295259 0.001737898753614 0.002486215689549 0.002176716167335 0.002330379410411 0.001978211528276 0.002148841286746 
0.003707638916894 0.003446217544767 0.003894571494884 0.003984778215475 0.002693291194551 0.003962541160390 0.003085169992458 0.003096969812847 0.002400688323256 0.003971360010540 0.002988403020892 0.003436665571834 0.003399359516421 0.002958618469925 0.003498487546740 0.000671135906788 0.000597712512217 0.000746229942309 0.000249831946100 0.000928368249371 0.000672346303419 0.000585777296829 0.000753740502806 0.000735591905269 0.001120663254560 0.000577043427020 0.000709085932754 0.000584094595218 0.000642703017656 0.000619006315384 0.004046381209892 0.004003984534851 0.003871167469570 0.003969789209273 0.003711813609002 0.004901738565839 0.001340919167679 0.002413134078018 0.004543511686352 0.003168403157488 0.002710832799625 0.002949538417718 0.003459621636807 0.004269037255802 0.003286425325217 0.003504437983687 0.003396760070329 0.002896646421908 0.003652828420203 0.003251935496319 0.002823994834034 0.003089789151740 0.002390222734452 0.002474397165921 0.002379087829251 0.004664268946953 0.003789212540683 0.001910290791859 0.002121553069569 0.002700593827736 0.003041848618439 0.003485774044761 0.002299417225375 0.002730319109408 0.002938995787421 0.002449310249971 0.002188407851617 0.002145816808903 0.002945211681188 0.002133253228671 0.003076813940360 0.002693595319937 0.002883935686105 0.002487454348423 0.002662713281118 
0.002796842573423 0.002766265510249 0.003671033211144 0.003520803885788 0.002068053434366 0.002695643143344 0.002202500181756 0.002448041748507 0.002093046656520 0.002368386263273 0.002419456603819 0.002897948568548 0.002651003730916 0.002347746140141 0.002898921577656 0.000512553311223 0.000457921657538 0.000643617246468 0.000227593737014 0.000759894039743 0.000443185441982 0.000422504099057 0.000498652322755 0.000540964181157 0.000811502656456 0.000422223613610 0.000523922291831 0.000389272879847 0.000451926743928 0.000440060381756 0.003247103362864 0.003246104626059 0.003182898550657 0.003196796941052 0.002995073393432 0.003819787060991 0.001054047132544 0.001558705021917 0.003624112352445 0.002578588193367 0.002258590000900 0.002304592350392 0.002718785258008 0.003286425325217 0.002878387837068 0.002762370643434 0.002715818968636 0.002473850094078 0.002736396166649 0.002581142636614 0.002188638527572 0.002429603684104 0.001916379434412 0.002031042565400 0.001950350214440 0.003702666705796 0.002838034978441 0.001217978707397 0.001611762925802 0.001875484321387 0.002471744620460 0.002755541706362 0.001821736723762 0.002153273869296 0.002431388164562 0.001861177135994 0.001663737329376 0.001629609348579 0.002530608610851 0.001648441129277 0.002530822590421 0.002107025831876 0.002342334774885 0.002033998636183 0.002172353309760 
0.003120515873971 0.002970828876882 0.003360261469988 0.003484767338507 0.002406342227269 0.003273847558283 0.002675503965360 0.002781460559808 0.002113657110048 0.003289783368161 0.002642603539731 0.002975988261191 0.002893935643621 0.002552609030386 0.003043681965683 0.000614586288535 0.000497619251386 0.000713341700699 0.000319958660907 0.000754353963574 0.000470792317012 0.000478056203563 0.000629959682229 0.000565411190162 0.000821698952268 0.000477046833210 0.000576432276749 0.000489139178164 0.000485652218718 0.000510753679649 0.003388028321286 0.003374235816138 0.003296460475362 0.003355001292279 0.003136925647756 0.004028362889318 0.001302631133737 0.002120534364832 0.003794648231978 0.002738344410562 0.002376254792942 0.002597818402417 0.002869421241851 0.003504437983687 0.002762370643434 0.002965280262627 0.002887073678312 0.002517091568063 0.003048977450986 0.002741455741552 0.002389993163380 0.002586213727294 0.002043139880139 0.002104564343946 0.001994288394781 0.003720920966761 0.003005957372061 0.001680541601447 0.001722111718948 0.002249734405484 0.002603026367825 0.002946654559100 0.002031132540646 0.002323432122630 0.002528094472811 0.002057547777009 0.001884877319822 0.001810029120202 0.002462968766193 0.001833368833436 0.002607030944455 0.002264050098969 0.002433302879880 0.002109359017557 0.002237252501632 
0.003034414056981 0.002934327140158 0.003376759897238 0.003474470813201 0.002398765822997 0.003150014520016 0.002610581481006 0.002799969713734 0.002093792219040 0.003149067280694 0.002612696407765 0.002944505166466 0.002835912439696 0.002517263731823 0.003016605804216 0.000553970005551 0.000461120844541 0.000637025116699 0.000263964799079 0.000703197617469 0.000438362530706 0.000432158455693 0.000561416731330 0.000519894979567 0.000765746672153 0.000432008992402 0.000526002157003 0.000434312387677 0.000443318402943 0.000460705503141 0.003305030315410 0.003303105842451 0.003235787472158 0.003284049245440 0.003074036670498 0.003890639274399 0.001309661069754 0.002040208362196 0.003728208323123 0.002693820525079 0.002304052480422 0.002583560637224 0.002777197291075 0.003396760070329 0.002715818968636 0.002887073678312 0.002822516905769 0.002474218113857 0.002935668107221 0.002678046990004 0.002341253125335 0.002495223784740 0.001986064632453 0.002055132979976 0.001941373831275 0.003525306119059 0.002899679726572 0.001590211785450 0.001611426778863 0.002185170347716 0.002551355113829 0.002881197533471 0.001992279714211 0.002246267899936 0.002486094732863 0.001997452195008 0.001826310853270 0.001741218540399 0.002416722005460 0.001765407524312 0.002553513846609 0.002194362739397 0.002372001631204 0.002071540407030 0.002175494989743 
0.002645800788036 0.002627970082425 0.003228566403242 0.003232908309274 0.002092363062014 0.002635110902289 0.002255793262989 0.002483351259624 0.001987753036670 0.002458879884413 0.002398053439518 0.002718984427849 0.002536079690293 0.002272955438924 0.002758299578846 0.000397805824529 0.000301950753695 0.000565603251084 0.000241632237261 0.000528326774529 0.000213645647003 0.000284088820558 0.000353374743211 0.000322962348985 0.000499548049111 0.000285147962193 0.000345854114656 0.000264412165786 0.000254509592305 0.000287896914771 0.002891947044676 0.002905956034498 0.002877399520913 0.002888455069594 0.002706239141675 0.003347729038629 0.001146565572909 0.001637908671650 0.003235564043291 0.002381249084196 0.002136022201881 0.002181368866862 0.002422246543315 0.002896646421908 0.002473850094078 0.002517091568063 0.002474218113857 0.002264939082499 0.002524290040741 0.002320665410805 0.001954517368797 0.002135012169638 0.001719141458650 0.001780111175246 0.001664076893218 0.003069913867566 0.002370768592551 0.001256933710540 0.001374649271529 0.001718287862101 0.002252351420563 0.002502573674601 0.001762173057918 0.001980388576724 0.002213058088652 0.001659447113309 0.001549307409561 0.001479939765061 0.002144930837966 0.001513201947685 0.002230852847575 0.001877043348289 0.002058271545075 0.001783759194610 0.001884065048945 
0.003369376744344 0.003050709324240 0.003214672100899 0.003412783891375 0.002369019875211 0.003682595306937 0.002866533135712 0.002684174805476 0.002137506260978 0.003738777031629 0.002706816024954 0.003026542266671 0.003070825497329 0.002656321231920 0.003091706917319 0.000353187863874 0.000274156874122 0.000309370867619 0.000180102085707 0.000245276996053 0.000164348843812 0.000251365199135 0.000350198835923 0.000239924651487 0.000233762996179 0.000227706223273 0.000268240656574 0.000268338638457 0.000184479044877 0.000257764001348 0.003487025533596 0.003431677716429 0.003332502894213 0.003438008387931 0.003221299102188 0.004077402563922 0.001101520701011 0.002216808826710 0.003791817775777 0.002706104509523 0.002453873563618 0.002414988188252 0.003010316538365 0.003652828420203 0.002736396166649 0.003048977450986 0.002935668107221 0.002524290040741 0.003337516406490 0.002808942250452 0.002265059104946 0.002509137455318 0.001956992296287 0.001957083026650 0.001841555539036 0.003864372174997 0.003070726522019 0.001654181733945 0.001640389304968 0.002026126248466 0.002600418885757 0.002999667379448 0.002011442554242 0.002435935158510 0.002525998323361 0.002018633020057 0.001784436483735 0.001837450063108 0.002275066258556 0.001780479093610 0.002496742745970 0.002227656171981 0.002350233051972 0.001966735626251 0.002122217107956 
0.002870427571199 0.002757509141376 0.003164327645195 0.003243201939178 0.002232091112194 0.002987081172400 0.002432362247915 0.002603244090418 0.001927525467710 0.002998044354067 0.002409013615589 0.002742392533587 0.002660398370329 0.002350282848114 0.002818241651618 0.000588769824324 0.000521436984961 0.000499836032392 0.000261066575327 0.000608443143595 0.000485113628053 0.000449163600715 0.000587710196660 0.000540726336639 0.000652174662675 0.000446255477530 0.000541140688636 0.000475331847768 0.000471175828021 0.000503494690451 0.003155409624645 0.003140803341581 0.003063366504680 0.003120005844139 0.002923657146004 0.003651775925468 0.001177178185904 0.001935560748376 0.003525392120354 0.002538447354860 0.002109520227769 0.002477776875989 0.002633475473534 0.003251935496319 0.002581142636614 0.002741455741552 0.002678046990004 0.002320665410805 0.002808942250452 0.002574859093559 0.002258880137830 0.002362098719949 0.001883889507226 0.001956266011691 0.001863679560747 0.003326683482450 0.002813902838241 0.001495169442420 0.001454573478459 0.002040055007138 0.002414150459765 0.002741944686755 0.001852915092091 0.002125983832717 0.002360389381775 0.001943068099930 0.001705062999168 0.001665884393974 0.002285049156554 0.001667199780414 0.002426365311786 0.002087379856446 0.002261206642208 0.001981554905783 0.002071180561234 
0.002316688912702 0.002300802057088 0.002571668956317 0.002684777518199 0.002020056479066 0.002424502543433 0.002054815010679 0.002382410160768 0.001543735120639 0.002578142177637 0.001999270074043 0.002234192880200 0.002158655557723 0.001940998807725 0.002338130878609 0.001297325112066 0.001098817032411 0.001303344473517 0.000705158397419 0.001545741775970 0.001212223866201 0.001026460576220 0.001373518124458 0.001288376517285 0.001752498599094 0.001061160107213 0.001274500489475 0.001120243599090 0.001190926296960 0.001180936538027 0.002696516147660 0.002699250948612 0.002615299422465 0.002646132005448 0.002456584125640 0.003322334182707 0.001326208808211 0.001915878240663 0.003117974674170 0.002285116035177 0.001720797784017 0.002554174159772 0.002211683579478 0.002823994834034 0.002188638527572 0.002389993163380 0.002341253125335 0.001954517368797 0.002265059104946 0.002258880137830 0.002354408973081 0.002396475220314 0.001912953918917 0.002042061611962 0.001997162840984 0.003011019085523 0.002651150836565 0.001765344335079 0.001637023299650 0.002432168981731 0.002156684502831 0.002410777784496 0.001699446227127 0.001811193764760 0.002069447583658 0.001994304813868 0.001821757084199 0.001619187441302 0.002283461960201 0.001736328794751 0.002357965182698 0.002051041333296 0.002217878940683 0.002032674864235 0.002112240829938 
0.002460683584001 0.002317326315851 0.002666947029756 0.002763884795597 0.001863442455610 0.002566847478464 0.002077542812271 0.002105866407508 0.001673344806964 0.002570153332608 0.002054663557173 0.002346901810979 0.002257775843107 0.001978179126528 0.002374709527584 0.001529418659645 0.001191140276401 0.001914288790973 0.000986798142349 0.001997556510563 0.001313449293978 0.001224876021872 0.001637721569182 0.001503499280787 0.002241579936774 0.001265034430670 0.001509119669408 0.001307845111194 0.001375692170326 0.001360381791350 0.002910965183305 0.002885313046988 0.002783507974454 0.002813087250819 0.002591084116419 0.003861765494211 0.001247814300313 0.001938720877151 0.003269984444183 0.002386679966206 0.002084109273231 0.002380421662353 0.002507161538023 0.003089789151740 0.002429603684104 0.002586213727294 0.002495223784740 0.002135012169638 0.002509137455318 0.002362098719949 0.002396475220314 0.002745539367054 0.002110443310312 0.002228935830739 0.002200524689503 0.003942791977257 0.002910210288033 0.001965086673001 0.002247113755100 0.002573650946251 0.002295292786393 0.002540007015455 0.001791835110912 0.002050600627137 0.002167769861955 0.002080767588253 0.002017158178582 0.001809604827670 0.002552014098723 0.001970899191608 0.002544614677735 0.002268972277150 0.002427719817177 0.002136638611876 0.002358024211443 
0.001960937064856 0.001909146008788 0.002208731803999 0.002286619120165 0.001585005035707 0.002016233076453 0.001700647177654 0.001836500825545 0.001380612870318 0.002021803599187 0.001712502641498 0.001926253950302 0.001833320345232 0.001632937730089 0.001970799011563 0.001181404319511 0.000927285069827 0.001396532273659 0.000763263370393 0.001453897000731 0.000978731872439 0.000918468390512 0.001231974653759 0.001118903779351 0.001590879131389 0.000951173327187 0.001132250311447 0.000992342026963 0.001024411714471 0.001034699226686 0.002294105632885 0.002287812267601 0.002224710989410 0.002237509112814 0.002067075712319 0.002930294581754 0.001068780314916 0.001561378905134 0.002584542643294 0.001925284411166 0.001634768431468 0.001987902124373 0.001935828091035 0.002390222734452 0.001916379434412 0.002043139880139 0.001986064632453 0.001719141458650 0.001956992296287 0.001883889507226 0.001912953918917 0.002110443310312 0.001658206561296 0.001753080409992 0.001715366614376 0.002876673656119 0.002200833808368 0.001531665625710 0.001618207961526 0.001987058204617 0.001834688309521 0.002020353798167 0.001452360449092 0.001607290620202 0.001750097459235 0.001647074564412 0.001577406290193 0.001409116387101 0.001987810845300 0.001535953910963 0.002009518779073 0.001767093367055 0.001904629939466 0.001697277718070 0.001834730480113 
0.001966950574641 0.001957319323262 0.002372195858079 0.002395657134689 0.001621397110287 0.001975741846840 0.001678954012616 0.001903632686975 0.001418357007729 0.001941490177492 0.001734343811128 0.001985273568833 0.001854338622082 0.001661356228833 0.002028628827568 0.001320328707235 0.001063601651883 0.001537789128963 0.000818782256413 0.001670034203807 0.001157664644296 0.001042794046417 0.001384872531993 0.001295464377910 0.001850377636708 0.001082363221130 0.001294318411257 0.001119706566867 0.001190024690883 0.001178952915436 0.002378846785904 0.002378602258232 0.002310238222686 0.002313477214506 0.002136304382337 0.003052864770803 0.001117501342400 0.001554099067392 0.002708388206084 0.002004420069662 0.001646991863953 0.002111928450547 0.001986904078976 0.002474397165921 0.002031042565400 0.002104564343946 0.002055132979976 0.001780111175246 0.001957083026650 0.001956266011691 0.002042061611962 0.002228935830739 0.001753080409992 0.001878883347386 0.001852490085043 0.003005173533070 0.002329652836285 0.001566239883952 0.001704859043045 0.002124630191371 0.001910413166920 0.002093592551331 0.001490389019963 0.001635664045930 0.001823942283717 0.001743030254208 0.001656502696844 0.001462361451699 0.002151740014822 0.001606952143665 0.002137312655350 0.001858112314921 0.002021341794004 0.001823262319849 0.001960202270629 
0.001825338288046 0.001801583170568 0.002222732550898 0.002205254362209 0.001445352175727 0.001836464508189 0.001516599690077 0.001702578183473 0.001303869754697 0.001767690407374 0.001572417907536 0.001833694910532 0.001718032499710 0.001529291575531 0.001866357712868 0.001445705216298 0.001179565195319 0.001633755258354 0.000891213015103 0.001802755495060 0.001302117444643 0.001150698472739 0.001526473219374 0.001436683730896 0.002011651623275 0.001193620969267 0.001426744504953 0.001242783408061 0.001328292025090 0.001309607153412 0.002264244452458 0.002252447024435 0.002171439714638 0.002176490301923 0.002004261308349 0.002957274251559 0.001006949758264 0.001445178740260 0.002562839192612 0.001881327928777 0.001526774195926 0.001998587103920 0.001895818759720 0.002379087829251 0.001950350214440 0.001994288394781 0.001941373831275 0.001664076893218 0.001841555539036 0.001863679560747 0.001997162840984 0.002200524689503 0.001715366614376 0.001852490085043 0.001852345468738 0.003023454314455 0.002312521781826 0.001535066032256 0.001732163108848 0.002090748680283 0.001809221195218 0.001980475958058 0.001381730450527 0.001551497702979 0.001718994392926 0.001719923116528 0.001611695881781 0.001431804984194 0.002125226425892 0.001578021108752 0.002077151524864 0.001816152242520 0.001977386850309 0.001786373712619 0.001939042613722 
0.003695255737459 0.003206088033999 0.003935829499115 0.003829181936056 0.002024634302394 0.003928089016498 0.002786352786602 0.002207515657706 0.002495258289877 0.003471723337231 0.002823027708929 0.003427984100970 0.003368918168639 0.002826313812536 0.003317305361646 0.001808202760899 0.001369193105061 0.002617330080505 0.001230630507986 0.002618862305549 0.001577429069378 0.001536849390013 0.002011079751843 0.001882148247675 0.003003487681586 0.001564823852508 0.001868702827328 0.001577529327654 0.001703747865955 0.001638260936120 0.004295913293881 0.004175022208508 0.003972540478579 0.004054389518466 0.003729179873283 0.005924033587411 0.001030273667299 0.002248866455626 0.004629115260404 0.003190999984215 0.003209131603903 0.002523195666937 0.003893300425484 0.004664268946953 0.003702666705796 0.003720920966761 0.003525306119059 0.003069913867566 0.003864372174997 0.003326683482450 0.003011019085523 0.003942791977257 0.002876673656119 0.003005173533070 0.003023454314455 0.006808937704513 0.004415507742045 0.002407925796932 0.003625591946695 0.003159068823070 0.003189040689264 0.003565226063014 0.002307796048964 0.003068556740960 0.002983891283042 0.002744650523004 0.002648284029031 0.002576871763534 0.003671738007245 0.002704716839054 0.003505302581174 0.003193746202997 0.003391382948957 0.002807751312479 0.003322493021445 
0.003038490955428 0.002768508693977 0.003139079251885 0.003172339782485 0.002129745906912 0.003292607085098 0.002440151319270 0.002417834115323 0.001841368254738 0.003353749518012 0.002291140230811 0.002721605954774 0.002726917288631 0.002340544138120 0.002764846930204 0.001043440882390 0.000948314770786 0.001107605806815 0.000417921289326 0.001477810447499 0.001189360394048 0.000938952936987 0.001217198927565 0.001226765580999 0.001843433687277 0.000946135620024 0.001157780256043 0.000970976018461 0.001120562854947 0.001032306755129 0.003490289704276 0.003431773126743 0.003263746404838 0.003364505918739 0.003130579327323 0.004448096378514 0.001091263090831 0.002075148165452 0.003963949189602 0.002682962754226 0.002162234214927 0.002612868755458 0.002996034637536 0.003789212540683 0.002838034978441 0.003005957372061 0.002899679726572 0.002370768592551 0.003070726522019 0.002813902838241 0.002651150836565 0.002910210288033 0.002200833808368 0.002329652836285 0.002312521781826 0.004415507742045 0.003625902300240 0.001825621014792 0.002160504613404 0.002717169830534 0.002603687222893 0.002999611200394 0.001901975458167 0.002309802609799 0.002479826814753 0.002303624644523 0.002033890793351 0.001955118003120 0.002762148352832 0.001976440503290 0.002794039097213 0.002477302005840 0.002647779454620 0.002320431184303 0.002509414752513 
0.001585979444249 0.001416233271702 0.001020680794170 0.001423078232627 0.001392247501640 0.001873558978237 0.001606143861471 0.001502346310682 0.000914612879867 0.002274734028063 0.001341204705874 0.001302546966594 0.001399836642195 0.001234281864166 0.001395381291257 0.001618725904593 0.001179647605611 0.001914908855265 0.001175526085254 0.001812857029022 0.001222593287178 0.001214286443461 0.001711028278051 0.001415092354155 0.001972780498802 0.001263876394556 0.001478238207475 0.001378811285040 0.001322130252376 0.001387355623407 0.001739709536722 0.001715998492309 0.001648429390009 0.001686761795499 0.001527267056145 0.002464090664863 0.001167717799427 0.001857483134154 0.001943804092893 0.001559817791177 0.001349469742316 0.001836624965225 0.001523474457197 0.001910290791859 0.001217978707397 0.001680541601447 0.001590211785450 0.001256933710540 0.001654181733945 0.001495169442420 0.001765344335079 0.001965086673001 0.001531665625710 0.001566239883952 0.001535066032256 0.002407925796932 0.001825621014792 0.001973283098402 0.001705051279259 0.002163640867934 0.001471335061151 0.001622881619851 0.001315417251555 0.001368248064269 0.001339805999687 0.001562626331395 0.001611946255855 0.001354983204104 0.001544047022943 0.001551039865240 0.001666935894444 0.001605294470942 0.001633280022395 0.001459611349767 0.001612262040513 
0.001524001510876 0.001297869555253 0.001470482407419 0.001546753520017 0.000915378836468 0.001666831708101 0.001250535745261 0.000934798811303 0.001054035950908 0.001582677394591 0.001224573406762 0.001407484356668 0.001377633799160 0.001159704770491 0.001346163541520 0.001604914521909 0.001145598147097 0.002501701939660 0.001177163341670 0.002448347048891 0.001388494693554 0.001345130502261 0.001801824994466 0.001653799481042 0.002816605033940 0.001398966684356 0.001662976089706 0.001401355505302 0.001519962983619 0.001442793881153 0.001884252686466 0.001841173333920 0.001742309222284 0.001754618101451 0.001571594716414 0.003072055701547 0.000793573051860 0.001295339543842 0.002113643592866 0.001516486178777 0.001600509220386 0.001320349390345 0.001779186798388 0.002121553069569 0.001611762925802 0.001722111718948 0.001611426778863 0.001374649271529 0.001640389304968 0.001454573478459 0.001637023299650 0.002247113755100 0.001618207961526 0.001704859043045 0.001732163108848 0.003625591946695 0.002160504613404 0.001705051279259 0.002415413889185 0.002156314763584 0.001502986714837 0.001617063773469 0.001193626175546 0.001447267742525 0.001332368679173 0.001463924656039 0.001640259304249 0.001384390840137 0.001979225314994 0.001609182611092 0.001825177283059 0.001726099275443 0.001794018055283 0.001519996164900 0.001847199091791 
0.002119467213301 0.002071370647577 0.002012236419462 0.002280973742253 0.002011013500804 0.002394549459424 0.002054324630640 0.002329006752014 0.001327156798343 0.002802025693431 0.001853628755587 0.001953662681068 0.001959707278024 0.001771903844209 0.002067556898704 0.001612198646110 0.001295344875751 0.002133073617510 0.000896149384492 0.002449628148236 0.001673013805702 0.001379692941354 0.001855730822711 0.001777430439512 0.002957475284592 0.001440841334868 0.001739111959597 0.001454668602348 0.001653777260828 0.001524380367211 0.002444652231377 0.002464116695484 0.002362708623773 0.002397753061269 0.002194239495662 0.003496882895394 0.001554179246586 0.002101699306845 0.003036373867669 0.002178834701446 0.001630162493505 0.002569032288743 0.002079459822569 0.002700593827736 0.001875484321387 0.002249734405484 0.002185170347716 0.001718287862101 0.002026126248466 0.002040055007138 0.002432168981731 0.002573650946251 0.001987058204617 0.002124630191371 0.002090748680283 0.003159068823070 0.002717169830534 0.002163640867934 0.002156314763584 0.003075722395892 0.002033992033433 0.002265805260084 0.001707071232365 0.001679776061580 0.001864706756680 0.002018273590519 0.002072170550538 0.001650721203363 0.002326455697759 0.001877495485922 0.002351027268132 0.002123170957911 0.002227213701260 0.002070275871851 0.002189962845691 
0.002711303142487 0.002662592941469 0.003117496663628 0.003181389659325 0.002185923408781 0.002786668838200 0.002346934820242 0.002579589033688 0.001924576610496 0.002751333172599 0.002389559137113 0.002688521992245 0.002564027245539 0.002291367867502 0.002755014484561 0.000608810701959 0.000500488954822 0.000724398590450 0.000318284401484 0.000789626726541 0.000490577563955 0.000473509353816 0.000615396688259 0.000576280621703 0.000854821304471 0.000480638624081 0.000582718020961 0.000480429003712 0.000501033841451 0.000512364931952 0.002974592899890 0.002981330560348 0.002927003859459 0.002957381724328 0.002765363241240 0.003516740828371 0.001237373208257 0.001833191224400 0.003372082399135 0.002454001267668 0.002090928047250 0.002384515519535 0.002488040376374 0.003041848618439 0.002471744620460 0.002603026367825 0.002551355113829 0.002252351420563 0.002600418885757 0.002414150459765 0.002156684502831 0.002295292786393 0.001834688309521 0.001910413166920 0.001809221195218 0.003189040689264 0.002603687222893 0.001471335061151 0.001502986714837 0.002033992033433 0.002320103811917 0.002600526555335 0.001819620860559 0.002021525144871 0.002259548411762 0.001831320184458 0.001692837496477 0.001586757451139 0.002246595115495 0.001631888459115 0.002349145948180 0.002008551058288 0.002180425542552 0.001918481200734 0.002012934537518 
0.003105101308358 0.002997415569905 0.003416854897088 0.003523251505675 0.002464997573683 0.003246289223134 0.002675199873645 0.002879343577920 0.002109008308092 0.003281428989118 0.002650906477055 0.002987571695252 0.002893880683198 0.002567000365199 0.003069348413690 0.000546297294096 0.000473122925449 0.000591164186723 0.000224921997489 0.000701548240238 0.000473271929711 0.000437125585270 0.000566552958116 0.000536449758405 0.000789427303069 0.000435657846495 0.000533724292945 0.000439228214407 0.000460719990150 0.000468204842395 0.003376857006047 0.003373647355761 0.003298291826102 0.003354685823663 0.003141693703326 0.003971647893836 0.001334484812283 0.002100494924109 0.003826760069032 0.002746872634978 0.002308180789402 0.002665157358577 0.002832487978720 0.003485774044761 0.002755541706362 0.002946654559100 0.002881197533471 0.002502573674601 0.002999667379448 0.002741944686755 0.002410777784496 0.002540007015455 0.002020353798167 0.002093592551331 0.001980475958058 0.003565226063014 0.002999611200394 0.001622881619851 0.001617063773469 0.002265805260084 0.002600526555335 0.002948653656896 0.002025128733414 0.002279340953258 0.002532638589264 0.002053242134946 0.001860927606446 0.001774838003963 0.002457982548681 0.001790898250667 0.002604763972314 0.002240134185523 0.002418626848485 0.002120225316468 0.002215301390466 
0.002129910401350 0.002112656315886 0.002311547873165 0.002481264519694 0.001862075958594 0.002224138134800 0.001970101157358 0.002181318558041 0.001522865959442 0.002319794437079 0.001961666612706 0.002107867162860 0.002021397205952 0.001829222328839 0.002184866784470 0.000505735266411 0.000363494519697 0.000709768400179 0.000323922324637 0.000673481467563 0.000332542675149 0.000371014420162 0.000505099023682 0.000427971211380 0.000707492356593 0.000382974873500 0.000457556606104 0.000381825353113 0.000368843718727 0.000394107155259 0.002263243733741 0.002286377209890 0.002265357742650 0.002281806453554 0.002129034664950 0.002701984831656 0.001163513701114 0.001612309727464 0.002601755038746 0.001954316503510 0.001691376037351 0.001964878731550 0.001894875413014 0.002299417225375 0.001821736723762 0.002031132540646 0.001992279714211 0.001762173057918 0.002011442554242 0.001852915092091 0.001699446227127 0.001791835110912 0.001452360449092 0.001490389019963 0.001381730450527 0.002307796048964 0.001901975458167 0.001315417251555 0.001193626175546 0.001707071232365 0.001819620860559 0.002025128733414 0.001512965763611 0.001584046674158 0.001762234575951 0.001425938946266 0.001401965576201 0.001249374591282 0.001689715153638 0.001321957350718 0.001818119582167 0.001570119810311 0.001683058397934 0.001489418247551 0.001548301680106 
0.002446785669677 0.002277427276168 0.002546193292785 0.002664867762281 0.001788248497923 0.002575322448107 0.002080979338090 0.002030606239973 0.001660590322069 0.002547865647805 0.002052782225532 0.002306197000327 0.002255085385689 0.001971229159143 0.002340161989426 0.000559768670040 0.000408413846370 0.000688857219687 0.000382270296480 0.000607438680452 0.000329022687138 0.000408140256323 0.000552338358767 0.000447929640396 0.000607403047077 0.000407202796402 0.000480254202855 0.000431996790252 0.000382468367998 0.000436911941609 0.002641009000162 0.002615793448747 0.002555798681062 0.002602443797970 0.002427557559769 0.003171584201091 0.000962004373046 0.001666557469794 0.002883422653419 0.002111445346585 0.001943494070782 0.001916683469665 0.002270400427978 0.002730319109408 0.002153273869296 0.002323432122630 0.002246267899936 0.001980388576724 0.002435935158510 0.002125983832717 0.001811193764760 0.002050600627137 0.001607290620202 0.001635664045930 0.001551497702979 0.003068556740960 0.002309802609799 0.001368248064269 0.001447267742525 0.001679776061580 0.002021525144871 0.002279340953258 0.001584046674158 0.001865202981865 0.001958234082072 0.001593073353198 0.001480030452188 0.001446846359824 0.001901405179456 0.001471789699116 0.002014978435951 0.001777179837517 0.001897310393471 0.001610052610132 0.001752091954043 
0.002633096916869 0.002609641574119 0.003112029193048 0.003154511805134 0.002141111479501 0.002663438936130 0.002261921649805 0.002533203320495 0.001888759970866 0.002605561875543 0.002330939385145 0.002638273355479 0.002492209265331 0.002232437597570 0.002704606747997 0.000499679027964 0.000423726368424 0.000533234048928 0.000243110399134 0.000594409122308 0.000374640411663 0.000372783033067 0.000477679997627 0.000448621772491 0.000610681459244 0.000375385062308 0.000457035431985 0.000376257536665 0.000380508419338 0.000406132392175 0.002902922966486 0.002913539769637 0.002868584659465 0.002894026120431 0.002712416415316 0.003345151917800 0.001188788392398 0.001740055211857 0.003276248248177 0.002393976486949 0.002022843270112 0.002324737733534 0.002406589342888 0.002938995787421 0.002431388164562 0.002528094472811 0.002486094732863 0.002213058088652 0.002525998323361 0.002360389381775 0.002069447583658 0.002167769861955 0.001750097459235 0.001823942283717 0.001718994392926 0.002983891283042 0.002479826814753 0.001339805999687 0.001332368679173 0.001864706756680 0.002259548411762 0.002532638589264 0.001762234575951 0.001958234082072 0.002217018665611 0.001751765858233 0.001588635643877 0.001509486264451 0.002154165779829 0.001537751685001 0.002265323871445 0.001915069797449 0.002093958002059 0.001845128460417 0.001917632754039 
0.002041117546115 0.001962013588889 0.002128323576796 0.002218980140552 0.001634369391235 0.002195552570226 0.001786846032571 0.001930585913326 0.001331573894488 0.002279430989238 0.001714818027694 0.001914017954253 0.001902798689158 0.001688838252870 0.001996202849650 0.001221899399034 0.001020206262493 0.001167973927773 0.000717037686154 0.001320356077198 0.001081305869389 0.000946091745928 0.001278902511428 0.001159053923576 0.001463383966676 0.000974358913775 0.001159555059788 0.001054630421936 0.001078841243481 0.001100851132726 0.002320142630519 0.002297871843004 0.002212941941066 0.002252047054240 0.002087300189055 0.002858095194118 0.001025354699543 0.001652683366900 0.002605408045325 0.001915199872148 0.001496384488728 0.002094568296388 0.001928824619008 0.002449310249971 0.001861177135994 0.002057547777009 0.001997452195008 0.001659447113309 0.002018633020057 0.001943068099930 0.001994304813868 0.002080767588253 0.001647074564412 0.001743030254208 0.001719923116528 0.002744650523004 0.002303624644523 0.001562626331395 0.001463924656039 0.002018273590519 0.001831320184458 0.002053242134946 0.001425938946266 0.001593073353198 0.001751765858233 0.001736509635454 0.001554681171923 0.001434375372361 0.001933854559588 0.001520220005745 0.002000497513099 0.001773947741533 0.001903103108585 0.001716856258341 0.001820125442325 
0.001815136041951 0.001758420585893 0.001865054584914 0.002033986482569 0.001557506347035 0.001942150278125 0.001674938742240 0.001790975020878 0.001248525141524 0.002073482139690 0.001618528045525 0.001743903533002 0.001695416623684 0.001519815560097 0.001802783265579 0.001191314283504 0.000904338264785 0.001544738963671 0.000785834975127 0.001582720557571 0.001007185393513 0.000942739602380 0.001278581321721 0.001151564271469 0.001777507949711 0.000981578818214 0.001168255916454 0.001012613105996 0.001058694583987 0.001048064158320 0.002067921381451 0.002071085093535 0.002014231372186 0.002028409926470 0.001864384040866 0.002768276356491 0.001135043751058 0.001603297864096 0.002391839189929 0.001793471223709 0.001527750311382 0.001914963677751 0.001766314327163 0.002188407851617 0.001663737329376 0.001884877319822 0.001826310853270 0.001549307409561 0.001784436483735 0.001705062999168 0.001821757084199 0.002017158178582 0.001577406290193 0.001656502696844 0.001611695881781 0.002648284029031 0.002033890793351 0.001611946255855 0.001640259304249 0.002072170550538 0.001692837496477 0.001860927606446 0.001401965576201 0.001480030452188 0.001588635643877 0.001554681171923 0.001571662536801 0.001337208491336 0.001833456297366 0.001493147110414 0.001869722961281 0.001674914648705 0.001775689017989 0.001592599007864 0.001723101136585 
0.001835012804859 0.001704230174880 0.001823080356102 0.001926178507664 0.001359257707584 0.001989214246013 0.001593759933550 0.001565272877081 0.001213009029645 0.002015043513800 0.001532353071362 0.001700555396036 0.001700383382481 0.001489635320269 0.001744058698794 0.000959524300613 0.000748782398018 0.001062810103697 0.000633569003146 0.001068493756976 0.000762555684866 0.000734993839096 0.001000887558028 0.000871589780772 0.001158577054945 0.000754583754024 0.000891352059050 0.000811688460815 0.000802066159022 0.000834890373898 0.002029726374825 0.002000977901204 0.001932190990777 0.001968540542395 0.001820669328954 0.002563049034679 0.000830653690292 0.001422897293084 0.002231305546641 0.001647992584434 0.001441222281305 0.001649562353460 0.001741293844106 0.002145816808903 0.001629609348579 0.001810029120202 0.001741218540399 0.001479939765061 0.001837450063108 0.001665884393974 0.001619187441302 0.001809604827670 0.001409116387101 0.001462361451699 0.001431804984194 0.002576871763534 0.001955118003120 0.001354983204104 0.001384390840137 0.001650721203363 0.001586757451139 0.001774838003963 0.001249374591282 0.001446846359824 0.001509486264451 0.001434375372361 0.001337208491336 0.001251990982856 0.001638316685044 0.001325092223485 0.001694586867587 0.001527920280355 0.001620799551254 0.001414215780105 0.001549223408440 
0.002358832596924 0.002383501219868 0.003141548025026 0.002998849047434 0.001837146587858 0.002315647984861 0.001925014960064 0.002229544623927 0.001808218612574 0.002057932744394 0.002115585209128 0.002498136557451 0.002290266285112 0.002053728554863 0.002512683157541 0.001254675534232 0.001043886105731 0.001604133667119 0.000718227712356 0.001824418571168 0.001214286212983 0.001046750583614 0.001344899122901 0.001346204886307 0.002077563333245 0.001085758434749 0.001314036102133 0.001072436005554 0.001227487352311 0.001156375421098 0.002843512782198 0.002849086932125 0.002770433188357 0.002763570597790 0.002560074238122 0.003650560491911 0.001157952402781 0.001541600655196 0.003272923904977 0.002341857320132 0.001968496048364 0.002307361392327 0.002386694295259 0.002945211681188 0.002530608610851 0.002462968766193 0.002416722005460 0.002144930837966 0.002275066258556 0.002285049156554 0.002283461960201 0.002552014098723 0.001987810845300 0.002151740014822 0.002125226425892 0.003671738007245 0.002762148352832 0.001544047022943 0.001979225314994 0.002326455697759 0.002246595115495 0.002457982548681 0.001689715153638 0.001901405179456 0.002154165779829 0.001933854559588 0.001833456297366 0.001638316685044 0.002596084545419 0.001775969107471 0.002499807955040 0.002127910192254 0.002344242845157 0.002100044434260 0.002271155414769 
0.001757531223136 0.001662608459007 0.001795702623321 0.001929903466364 0.001386146494575 0.001866160941854 0.001561468911893 0.001577437772612 0.001206179143311 0.001915961662994 0.001522226703014 0.001670016861124 0.001629577777154 0.001441265914215 0.001710525328948 0.001255499669504 0.000949621037563 0.001517074832342 0.000872130269995 0.001495912529476 0.000985108307747 0.000961788941265 0.001310483709271 0.001147298633891 0.001620223616147 0.000997335587312 0.001177608943997 0.001055371808714 0.001056551557380 0.001085655112593 0.002023561730343 0.002006881264467 0.001945275414507 0.001961928081464 0.001802001719931 0.002669832525394 0.000985019636981 0.001508373469345 0.002248310600172 0.001705829794257 0.001506681679882 0.001765220302436 0.001737898753614 0.002133253228671 0.001648441129277 0.001833368833436 0.001765407524312 0.001513201947685 0.001780479093610 0.001667199780414 0.001736328794751 0.001970899191608 0.001535953910963 0.001606952143665 0.001578021108752 0.002704716839054 0.001976440503290 0.001551039865240 0.001609182611092 0.001877495485922 0.001631888459115 0.001790898250667 0.001321957350718 0.001471789699116 0.001537751685001 0.001520220005745 0.001493147110414 0.001325092223485 0.001775969107471 0.001464153457514 0.001805153748070 0.001629631762419 0.001730774371025 0.001527982245124 0.001684445384449 
0.002555153035564 0.002533349747400 0.003076369894624 0.003090009355361 0.002074395836714 0.002577437197368 0.002167967926090 0.002445425947240 0.001831696799088 0.002516371350307 0.002239947732491 0.002569710001794 0.002411405452803 0.002156079422631 0.002623060279612 0.001114416188220 0.000918480316113 0.001313348158137 0.000634426138194 0.001472059156132 0.001000626566543 0.000893386867816 0.001169430059760 0.001120239207797 0.001644774732537 0.000921533415197 0.001110930922338 0.000935726544835 0.001014391927134 0.000994980768319 0.002977816671724 0.002981937563204 0.002907657075090 0.002923582315283 0.002717530982568 0.003686397415081 0.001289043384341 0.001830755655146 0.003398358141175 0.002471599699247 0.002047999433464 0.002498897956431 0.002486215689549 0.003076813940360 0.002530822590421 0.002607030944455 0.002553513846609 0.002230852847575 0.002496742745970 0.002426365311786 0.002357965182698 0.002544614677735 0.002009518779073 0.002137312655350 0.002077151524864 0.003505302581174 0.002794039097213 0.001666935894444 0.001825177283059 0.002351027268132 0.002349145948180 0.002604763972314 0.001818119582167 0.002014978435951 0.002265323871445 0.002000497513099 0.001869722961281 0.001694586867587 0.002499807955040 0.001805153748070 0.002521116589737 0.002165030966033 0.002360870245686 0.002110081584294 0.002242555032037 
0.002238991226663 0.002133709916685 0.002418646748353 0.002504547636939 0.001737175937084 0.002356222333662 0.001921837831060 0.002005592946152 0.001518586179074 0.002376394635047 0.001894203224687 0.002139935940663 0.002077274043387 0.001832901704589 0.002186830111375 0.001105400939791 0.000881348405547 0.001307792029694 0.000677222009317 0.001396615177877 0.000956787296387 0.000879734288007 0.001175667534403 0.001079308883475 0.001565100507322 0.000905517584781 0.001082241447538 0.000941533299501 0.000985740791366 0.000982498191713 0.002558456784785 0.002541645998362 0.002460856833517 0.002493477680437 0.002309017071628 0.003256184638668 0.001088270549728 0.001700610992398 0.002884221031768 0.002099655045429 0.001786470369395 0.002113903228127 0.002176716167335 0.002693595319937 0.002107025831876 0.002264050098969 0.002194362739397 0.001877043348289 0.002227656171981 0.002087379856446 0.002051041333296 0.002268972277150 0.001767093367055 0.001858112314921 0.001816152242520 0.003193746202997 0.002477302005840 0.001605294470942 0.001726099275443 0.002123170957911 0.002008551058288 0.002240134185523 0.001570119810311 0.001777179837517 0.001915069797449 0.001773947741533 0.001674914648705 0.001527920280355 0.002127910192254 0.001629631762419 0.002165030966033 0.001913244442593 0.002051108622718 0.001811621956935 0.001961130731685 
0.002368838093544 0.002310211516476 0.002765154139781 0.002793363662504 0.001867294727960 0.002414077242901 0.001997039315402 0.002180470211407 0.001666454661044 0.002364576782936 0.002037383705346 0.002340172738766 0.002217030759499 0.001968511236704 0.002384728911054 0.001175662209265 0.000955898740622 0.001358581107437 0.000703221863648 0.001485546728702 0.001027726141859 0.000932975037445 0.001232945471948 0.001155710826904 0.001649042416788 0.000961631404157 0.001152883762703 0.000992784008285 0.001052501279331 0.001046278152215 0.002771995312042 0.002763206277124 0.002684017490267 0.002704818989321 0.002508810398502 0.003472895353480 0.001169517792996 0.001738013476937 0.003129754657391 0.002282135924881 0.001912652847224 0.002303261704989 0.002330379410411 0.002883935686105 0.002342334774885 0.002433302879880 0.002372001631204 0.002058271545075 0.002350233051972 0.002261206642208 0.002217878940683 0.002427719817177 0.001904629939466 0.002021341794004 0.001977386850309 0.003391382948957 0.002647779454620 0.001633280022395 0.001794018055283 0.002227213701260 0.002180425542552 0.002418626848485 0.001683058397934 0.001897310393471 0.002093958002059 0.001903103108585 0.001775689017989 0.001620799551254 0.002344242845157 0.001730774371025 0.002360870245686 0.002051108622718 0.002225826990660 0.001979417390760 0.002126842875999 
0.002020564957688 0.002037503713289 0.002461622507287 0.002474183553971 0.001715133421521 0.002038394795141 0.001738673478622 0.002043662770801 0.001443728685662 0.002029589016343 0.001788457287784 0.002043746120176 0.001916042438571 0.001726619167235 0.002105202670526 0.001122168581385 0.000940448628611 0.001237655522370 0.000630776381059 0.001430730338987 0.001041968548923 0.000896891937851 0.001181764530584 0.001132968763693 0.001608647297865 0.000929379882736 0.001118718736193 0.000957144607791 0.001039875064936 0.001017816015388 0.002400482330086 0.002408154678268 0.002342527909421 0.002351302809312 0.002181722600749 0.002986398279202 0.001123496916066 0.001543781559058 0.002768077968831 0.002024099880168 0.001592595214170 0.002165421471419 0.001978211528276 0.002487454348423 0.002033998636183 0.002109359017557 0.002071540407030 0.001783759194610 0.001966735626251 0.001981554905783 0.002032674864235 0.002136638611876 0.001697277718070 0.001823262319849 0.001786373712619 0.002807751312479 0.002320431184303 0.001459611349767 0.001519996164900 0.002070275871851 0.001918481200734 0.002120225316468 0.001489418247551 0.001610052610132 0.001845128460417 0.001716856258341 0.001592599007864 0.001414215780105 0.002100044434260 0.001527982245124 0.002110081584294 0.001811621956935 0.001979417390760 0.001801368878062 0.001896113256749 
0.002126251397628 0.002073588959820 0.002519339888756 0.002519580489285 0.001649935938549 0.002163293480356 0.001779522383334 0.001933114533622 0.001517568493591 0.002080500488309 0.001834715261256 0.002119505217730 0.002001044782439 0.001775486468485 0.002150087974141 0.001333202342095 0.001073523023294 0.001583819519335 0.000826959813700 0.001714020773015 0.001180795381205 0.001065651401477 0.001410502423297 0.001324467451602 0.001912943664274 0.001102826034526 0.001319398420881 0.001137238629791 0.001215478215575 0.001197300937105 0.002541665943280 0.002529472497402 0.002448059216527 0.002460088297374 0.002271748006836 0.003286346803312 0.001086690217675 0.001595147720633 0.002871226204587 0.002096317348108 0.001768795634477 0.002130705522109 0.002148841286746 0.002662713281118 0.002172353309760 0.002237252501632 0.002175494989743 0.001884065048945 0.002122217107956 0.002071180561234 0.002112240829938 0.002358024211443 0.001834730480113 0.001960202270629 0.001939042613722 0.003322493021445 0.002509414752513 0.001612262040513 0.001847199091791 0.002189962845691 0.002012934537518 0.002215301390466 0.001548301680106 0.001752091954043 0.001917632754039 0.001820125442325 0.001723101136585 0.001549223408440 0.002271155414769 0.001684445384449 0.002242555032037 0.001961130731685 0.002126842875999 0.001896113256749 0.002063597820930 
