1.000000000000000 0.960472890469205 0.806282622084131 0.885557568540787 0.830141957824027 0.943881098962498 0.934517318850182 0.826331416033123 0.879398250703711 0.857650607111979 0.908371989058894 0.927492252809351 0.945243558964482 0.923266794274648 0.927022289462977 0.038816977864505 0.060880726684318 0.039945561212262 -0.018328268694531 0.051111150331572 0.047748090383881 0.049143371903160 0.038892222299702 0.049198822096398 0.052786634977709 0.041894207353662 0.046406399064145 0.029794672071975 0.037764156825290 0.038005616001767 0.916525237937218 0.915653862421684 0.908660788039736 0.924587505482509 0.925973473227611 0.815373630295667 0.513280700035777 0.727937941701866 0.882456283537620 0.888166307440980 0.804017699579044 0.683821413303107 0.903733897729845 0.915793190718830 0.833033861438725 0.918795068081425 0.918871383964465 0.871570550290883 0.937905194058353 0.905826325175233 0.763213937787786 0.746970493888758 0.770856769841584 0.724692533031830 0.677425961782010 0.708266522060382 0.770321752921687 0.534191840718244 0.487588763733612 0.591407084689016 0.902644550747882 0.919114706234956 0.841852764488351 0.901902715824174 0.895321247090085 0.762257274399843 0.729490015458044 0.811620167422707 0.724926232943152 0.709498906667733 0.816812979350375 0.823847812591573 0.806991812854139 0.764815906651399 0.749438609846165 
0.960472890469205 1.000000000000000 0.893303699677098 0.931704317972193 0.862566648906121 0.879134072257573 0.920839309181576 0.920588382895742 0.908794825235288 0.774294335123085 0.944446255224462 0.966095741943571 0.968231628182786 0.963872258798565 0.974460083987104 0.043505429021510 0.061573988959377 0.049892355505901 -0.014235487274372 0.065064717958556 0.045985027104605 0.045792890233328 0.040235687541337 0.044240114417210 0.060708369321534 0.040956047098071 0.047799251584480 0.025538774964181 0.036501936771552 0.038698583543672 0.894958769350729 0.903227016877438 0.906193609440947 0.909780089495708 0.912782451526233 0.783451436249956 0.596341852893011 0.705248452385897 0.870055552351516 0.891350873053032 0.760340401477173 0.718796781640623 0.847259502479817 0.868577844953038 0.843075837305479 0.892876809882425 0.898748471543568 0.864612867653185 0.853023723518909 0.884896060461692 0.778282660453821 0.732238458634264 0.764185242182833 0.739388823992861 0.681124274356417 0.620527131696065 0.742527416496417 0.482211967802311 0.426775432167560 0.598486127834863 0.899224459268719 0.900961715681980 0.829197676578163 0.858535132776581 0.893046595062460 0.729676655980561 0.715999769949574 0.751003084759890 0.733971498299121 0.679609208671780 0.824986688788629 0.796815914218770 0.801983749162099 0.784675009691012 0.741264012716182 
0.806282622084131 0.893303699677098 1.000000000000000 0.945241036931846 0.735826097430943 0.670364166089676 0.714732428628683 0.807259919171076 0.882015582626367 0.495220477544268 0.842387180493344 0.925365070662463 0.844853441802844 0.856876067498350 0.898308453105172 0.033772086639504 0.053654047415189 0.063186620858569 -0.008282299053411 0.078531746299840 0.040240164882598 0.031685831119655 0.014488800127944 0.036687716246541 0.062070872299770 0.034258294835082 0.043366600869570 0.004202340148397 0.034316408983873 0.025570366589624 0.828524260276826 0.847318870397215 0.855025490122364 0.841064519596572 0.843786268264499 0.736240465781681 0.499345036496570 0.448560545085015 0.830445688260451 0.829054974021049 0.694804828959981 0.614870275286107 0.775448698672423 0.771855681661902 0.898139781875778 0.804745042344219 0.822042965862517 0.833272317913724 0.696303905065240 0.806542588364771 0.691120238898351 0.664219800663966 0.699044463456416 0.712517680463202 0.667709287694360 0.615585974435753 0.689075344996287 0.260006614518259 0.393354722692327 0.474346991187935 0.832713594709906 0.816916346692633 0.712762366961133 0.743907537510304 0.849701483091555 0.635090706886335 0.607864210034641 0.627960439457939 0.782862038647839 0.597187005816656 0.797773061634493 0.713667945682323 0.759395971235395 0.744794435984989 0.716634046358640 
0.885557568540787 0.931704317972193 0.945241036931846 1.000000000000000 0.867466332512697 0.745296653176021 0.818770020162453 0.842140811580301 0.917169432400594 0.638696978816736 0.884027645352885 0.939636071459442 0.862237061970578 0.867697858366991 0.930047001933867 0.027369524579859 0.049472512107354 0.062611996168571 -0.025793726947568 0.075834070480021 0.042497018428059 0.038242808022009 0.016509138509534 0.048116979362060 0.073504829592830 0.039138358922467 0.046474834823572 0.007598530136220 0.036409355581497 0.018409277900898 0.903377587936118 0.922540364726996 0.936249988455769 0.923216833878347 0.924846785651870 0.783790468494056 0.604653866039581 0.591094630335955 0.900959188944166 0.928481182811705 0.824000633303593 0.732374815085049 0.855301606391452 0.847102785800292 0.915793236847424 0.894464435596388 0.912166184873239 0.930991556811213 0.819716474156506 0.881873757644974 0.761497821341000 0.725371209223052 0.776130603495218 0.763438374686106 0.704266196611323 0.648103120858053 0.707490946967540 0.429634754043187 0.434561729598047 0.558423126115587 0.923239525507402 0.904998810466678 0.845410066686439 0.834608154316789 0.933148010072425 0.720056181980180 0.713970609586788 0.731999915416985 0.806303594866000 0.672381054028727 0.856088423510648 0.796986816081229 0.822760424797380 0.805626782771426 0.764857846541920 
0.830141957824027 0.862566648906121 0.735826097430943 0.867466332512697 1.000000000000000 0.756834542228304 0.837876197259945 0.888222276271179 0.803248110948136 0.811755444354135 0.816607984018959 0.809680049573524 0.779111266155455 0.793258197920527 0.848471281583061 0.034239222486087 0.053747981805676 0.046562327028082 -0.036063213005141 0.062658688938982 0.049283745392315 0.052453919227790 0.032867693270131 0.057113586548250 0.075729111074870 0.050301655865409 0.050899342569193 0.024367727092219 0.037501716381634 0.026857889015822 0.781168286028819 0.807828432917879 0.820722823757468 0.821327356572577 0.826790012310181 0.683383119433534 0.744933330912522 0.724277960862772 0.824118422495162 0.864641516281385 0.690647410903377 0.794217412226847 0.735897027575930 0.757322668015667 0.711530103181874 0.809799649362309 0.831164422256958 0.798375320314421 0.752380385204999 0.800226952910173 0.743831010389834 0.637922603816566 0.706297608152411 0.671890940110869 0.608911908349558 0.460578762549645 0.613552786232445 0.510552118419227 0.346975084448828 0.630653464682808 0.827332846621149 0.829408079035861 0.848243298578706 0.742367185102292 0.841563610656536 0.701899892294239 0.713372800404304 0.699636503262342 0.652683557227690 0.659114498694489 0.758297921996024 0.726961913076487 0.725057220590522 0.727863621672622 0.667327680943341 
0.943881098962498 0.879134072257573 0.670364166089676 0.745296653176021 0.756834542228304 1.000000000000000 0.921679593753541 0.792101295210113 0.804782536017884 0.902383738394281 0.873860074793332 0.862994373487590 0.925106522457926 0.902261189257064 0.866078597275776 0.039365064941217 0.059868134593030 0.024521923143669 -0.014169653026450 0.033284355142174 0.065234370380791 0.052394672951336 0.052429065203357 0.046810743638141 0.048117203561772 0.046165579334318 0.047526148178659 0.044185830066848 0.047384198717719 0.049136268397786 0.799860177167358 0.800565743555699 0.781769929231906 0.811558606065326 0.810765367675880 0.747368551201066 0.463531324667700 0.703308814051635 0.808409514365803 0.785604687583909 0.698427237527584 0.614447818675658 0.829976969335613 0.827296031472752 0.696360742809035 0.822802297762896 0.824026654752041 0.738077831040385 0.866418822231740 0.811546502058273 0.682342647592018 0.650119264047572 0.679911052492295 0.621436328980346 0.588101090632356 0.652635532600106 0.713828162605343 0.536667135144219 0.462752897855727 0.577308032597546 0.793689597787264 0.829188596261910 0.770950479667192 0.790295160801486 0.785437956020469 0.723145593060518 0.677957886488638 0.758594609788250 0.626711855620258 0.666734041812690 0.709626773611389 0.742789083254272 0.703636478587161 0.657730427015100 0.659364380903837 
0.934517318850182 0.920839309181576 0.714732428628683 0.818770020162453 0.837876197259945 0.921679593753541 1.000000000000000 0.865970989409998 0.840292618156128 0.871322891303534 0.937706148483276 0.894004771597962 0.918750304432414 0.917817019618275 0.888853867725010 0.040113830115773 0.058459825760924 0.040599152735842 -0.017518070424931 0.051617243532429 0.052336941921731 0.054293600122979 0.045829923137245 0.054677845361043 0.065651319999822 0.046874224119970 0.047856149455689 0.035653049930507 0.038696703598301 0.039539126821223 0.809378074595702 0.811866253857257 0.820864075607215 0.823164152596399 0.817005643659638 0.713725257609840 0.594752446433341 0.758962087848068 0.804646587213207 0.828192549242339 0.772051338854068 0.714916171430233 0.795768275267628 0.789731462906531 0.688165660257956 0.831733753063282 0.821660425251119 0.799316134607768 0.832208473503927 0.788268103597069 0.710117278778954 0.662521467829902 0.700049863165440 0.652325418186748 0.586972968508313 0.576937033260355 0.647145251153151 0.597753224341357 0.412055578017269 0.606961652979357 0.827310708574480 0.824675193843049 0.816216008496880 0.775311410545929 0.808238474107208 0.711948229459050 0.712722064265283 0.741681398179761 0.625017010660052 0.639060818088710 0.729605059973997 0.746034870450687 0.715881355219423 0.688767796605992 0.649696888170703 
0.826331416033123 0.920588382895742 0.807259919171076 0.842140811580301 0.888222276271179 0.792101295210113 0.865970989409998 1.000000000000000 0.815006106551424 0.729589547634209 0.902588867703301 0.886184368084132 0.881037083782070 0.909526175574784 0.912954665192583 0.043459758124133 0.056967869954856 0.043954808390069 -0.018263502608724 0.063766459880353 0.050060339369011 0.041324585132505 0.041129187336288 0.039664149928599 0.066257276293450 0.041714230047921 0.045701758666142 0.024470297711040 0.034841150551137 0.036189090520192 0.736606608112526 0.765816530126993 0.775537162026488 0.776119808813925 0.782025497289473 0.648053699769149 0.741770852288181 0.690098889200112 0.785270005036357 0.816066225841841 0.592103091711480 0.757579524213176 0.677570008570290 0.706703594575027 0.686106921016679 0.759348069663171 0.783166504371055 0.729781831397911 0.667998667687866 0.761489281787586 0.731630972807860 0.602458896782488 0.668662472842499 0.650645198181643 0.587119428796737 0.391355370405093 0.605433880265599 0.437471512888693 0.291396090404378 0.615611611729681 0.785840576401249 0.789240622872646 0.783373246687069 0.687812204327229 0.793137980831991 0.659022771788561 0.666968743713583 0.628068247507759 0.629721306934998 0.614826287351043 0.729786931450021 0.678162594931295 0.689342528190826 0.707472924333938 0.634564073035819 
0.879398250703711 0.908794825235288 0.882015582626367 0.917169432400594 0.803248110948136 0.804782536017884 0.840292618156128 0.815006106551424 1.000000000000000 0.639664885503776 0.939762492182540 0.958639227333175 0.911777889458288 0.917417598545690 0.947543630729596 0.036383874629210 0.059431282610280 0.076823837657566 -0.005235459233649 0.087606991664354 0.058132867549156 0.054350294274836 0.027765575010020 0.060777645110825 0.086800921071553 0.053733425878975 0.056293484405171 0.022609592784144 0.048957886997201 0.037566389863378 0.790860434875146 0.806175383283831 0.825772159218368 0.808106594443799 0.807991775401955 0.690119560249879 0.498321458739946 0.490812093999151 0.798608061104354 0.811514528776352 0.802731525694659 0.614286442553731 0.785570578387968 0.747642580111559 0.790008724383163 0.796772778864296 0.812148426650528 0.867304920718263 0.764668835310422 0.759994283860110 0.641850735322866 0.630892045342182 0.696672801128020 0.664025386565989 0.620537885523523 0.625378550048365 0.568863946991125 0.398540707284765 0.433578493423312 0.463094784104629 0.823459941410975 0.791883955339605 0.807008161741943 0.775879317189088 0.823171447430716 0.666437494389559 0.644291089490692 0.713678596318042 0.739651846519040 0.636875914337886 0.749396886454683 0.718524934866324 0.726630121334956 0.698472266554380 0.691676341073585 
0.857650607111979 0.774294335123085 0.495220477544268 0.638696978816736 0.811755444354135 0.902383738394281 0.871322891303534 0.729589547634209 0.639664885503776 1.000000000000000 0.730417789459330 0.696951244111421 0.772471784705166 0.745139720548022 0.718499104231707 0.037635467085201 0.052684439356301 0.013703943810478 -0.019044240212419 0.019231977226071 0.055158457707186 0.057490492600425 0.054731141580119 0.048342915145398 0.043837043805156 0.046966756691399 0.043685854771891 0.049254029891408 0.038829119751888 0.043563694629323 0.743367614841349 0.738648795341267 0.725915448673852 0.756956889267133 0.756211735989912 0.702406806334095 0.526844207217257 0.818787132059602 0.754156592315306 0.738442263330966 0.621782819064608 0.644670806944283 0.756286433058203 0.781676071528226 0.570833314237373 0.780790082691262 0.763986534519816 0.657748635787887 0.826342670555624 0.751123698393587 0.676561103196346 0.617303396924042 0.633536797901003 0.568880013307818 0.523134209189012 0.548907131850563 0.681159422867139 0.575634113977358 0.407439959481633 0.625998517319024 0.729165168968461 0.773361591954118 0.740840904425456 0.744840162193202 0.716460451526019 0.692276665317586 0.663892592862214 0.725552641200812 0.515697371686078 0.638250007848771 0.648544060288159 0.699883394298769 0.645002684178391 0.604386907286688 0.591573594728565 
0.908371989058894 0.944446255224462 0.842387180493344 0.884027645352885 0.816607984018959 0.873860074793332 0.937706148483276 0.902588867703301 0.939762492182540 0.730417789459331 1.000000000000000 0.975229409958052 0.961206223488676 0.973947506510968 0.955760830061137 0.037067941599106 0.053230717770319 0.058304674469950 -0.011172135558630 0.070271380950005 0.053528212504173 0.043936148992370 0.034712011086423 0.044851317939917 0.074273443526569 0.043563848873600 0.046142294893425 0.022150132200829 0.037918434888242 0.034939173513819 0.804581891903435 0.816852288709894 0.836422293938679 0.823050799972882 0.819397393065708 0.698863234034531 0.597359026195452 0.632281359644331 0.815440309844099 0.835753763505361 0.797940123892732 0.687078714750739 0.786085287481641 0.761472171298829 0.750670351756292 0.819744989400970 0.824240904639601 0.848850585458692 0.783330192023772 0.776646849303970 0.690946428100091 0.647809652139879 0.707029915428319 0.674083102940782 0.611331742686460 0.578853758698159 0.600653153037320 0.495441540639026 0.408573756230915 0.550981652130985 0.839918901284559 0.814914108176548 0.830638923872243 0.772330426104030 0.828993991324808 0.694557852468056 0.688655696512579 0.721521831182957 0.700167709488895 0.637967928413356 0.752324795523488 0.735001554541529 0.727926992650178 0.710335295224286 0.677261254464556 
0.927492252809351 0.966095741943571 0.925365070662463 0.939636071459442 0.809680049573524 0.862994373487590 0.894004771597962 0.886184368084132 0.958639227333175 0.696951244111421 0.975229409958052 1.000000000000000 0.966699618472476 0.971952654718926 0.976909620385406 0.039509923249807 0.058921864799221 0.062778283199922 -0.007614572027873 0.076481166856799 0.057013961173638 0.045545850932356 0.034086268943618 0.046871358954978 0.073976312554967 0.045120944952934 0.050707349571500 0.022684610033963 0.044126668765245 0.038078249771103 0.867824120284518 0.881189109825169 0.892252948256394 0.883573083745430 0.882273660987563 0.770095499524052 0.560906336612831 0.601775870304827 0.873869496611021 0.875877927945099 0.804305368163593 0.677322848129698 0.847582181702735 0.829004598681327 0.854707803408207 0.870185723785940 0.879150099757679 0.889423180969685 0.819106722160179 0.843279435395393 0.728646137965776 0.698450837406013 0.748263149904649 0.725817726403854 0.672910286215667 0.656234833164642 0.689211020066482 0.436264673637405 0.447665038182467 0.550054136614068 0.886734595236450 0.870601519080155 0.835047608058202 0.824091244733991 0.883344297489999 0.721690380679592 0.697136534140930 0.743810566109820 0.775448751008163 0.672710668971579 0.813368767673373 0.778219030317426 0.786250829738870 0.762669678397421 0.739594654648841 
0.945243558964482 0.968231628182786 0.844853441802844 0.862237061970578 0.779111266155455 0.925106522457926 0.918750304432414 0.881037083782070 0.911777889458287 0.772471784705166 0.961206223488676 0.966699618472476 1.000000000000000 0.991075866495351 0.968167019620738 0.043517088662837 0.059651359432416 0.047918437724471 -0.006224584137800 0.058793462914130 0.056722238793918 0.045464443925614 0.046941591036103 0.040111520080386 0.058928754676282 0.042417046289290 0.047686557103379 0.032607019871407 0.041927010026158 0.045522124558474 0.839332115962117 0.841066519773626 0.841225714544499 0.847141804253456 0.847687336316129 0.743196198399139 0.500543017357743 0.649128376274330 0.817932341094743 0.820709710380133 0.741274625982648 0.632700206226877 0.814895248717996 0.823494662901722 0.779779564776718 0.841509470166638 0.840329091052256 0.812022885512001 0.828177675904134 0.822466168019619 0.708753317315901 0.685057284055489 0.711847016299060 0.681462066241255 0.631843755305641 0.634037155832582 0.702349044354278 0.471316441215239 0.438630648488363 0.553980647348470 0.839062937997084 0.839961982413403 0.774622512044400 0.813868134944629 0.826866753937805 0.697804898445280 0.671938600824011 0.731543894688185 0.692433620198631 0.646999714018311 0.759962362947562 0.752803834508842 0.744469002990315 0.716676479453300 0.694949808579245 
0.923266794274648 0.963872258798565 0.856876067498350 0.867697858366991 0.793258197920527 0.902261189257064 0.917817019618275 0.909526175574784 0.917417598545690 0.745139720548022 0.973947506510968 0.971952654718926 0.991075866495351 1.000000000000000 0.974450113520018 0.044994161341931 0.060005825223881 0.051290295045470 -0.007962742213406 0.063027613900030 0.058168692264799 0.046434165770910 0.047016649127217 0.040593284926357 0.063358043554263 0.044574732927748 0.048584921641855 0.031814383511452 0.041275923771714 0.044534779903325 0.807832015183606 0.815963842249674 0.819065670720933 0.822052342032492 0.823355740328514 0.709561413112697 0.533174968821753 0.627235101586957 0.802259737138031 0.811715637736343 0.716185490525471 0.645273169744274 0.778358491191864 0.785930315345316 0.759365101356465 0.813269503465890 0.819399363395045 0.795959309842889 0.783664170082856 0.798230754818673 0.698175650325108 0.658760848233590 0.696369208651089 0.669104687472034 0.618383183869250 0.584391787642578 0.664607428950886 0.457913828676958 0.408961163008285 0.549149526563808 0.822939405982611 0.819292019896581 0.770709214260770 0.776818119826426 0.813296696811244 0.681036634089075 0.663773899266944 0.702232658087969 0.682980174249753 0.631843899043616 0.746764032901892 0.728692836476468 0.726269149561901 0.708372965323694 0.677667820752886 
0.927022289462977 0.974460083987104 0.898308453105172 0.930047001933868 0.848471281583061 0.866078597275777 0.888853867725010 0.912954665192583 0.947543630729596 0.718499104231707 0.955760830061138 0.976909620385406 0.968167019620738 0.974450113520019 1.000000000000000 0.042393796157715 0.058695651968937 0.059735975719663 -0.010175254285710 0.070781360058702 0.056367975754676 0.047003552642519 0.041552015515960 0.046687570463740 0.069237649246800 0.047360711702444 0.053147302113863 0.027854961849278 0.044958860429253 0.038436001939292 0.853374584400236 0.867627772387594 0.871951431964730 0.873611716196072 0.878388293620878 0.735171555310324 0.571711306129011 0.619865895110515 0.846123640478281 0.870891173927333 0.755166414544563 0.686781489199954 0.810910957327800 0.823634815628223 0.824929296596340 0.853717568856741 0.871597113562475 0.856897271136412 0.815973490936125 0.850855187158533 0.734516185194350 0.693111501090239 0.740578120734517 0.713854432694052 0.662965241709381 0.603462899484820 0.682960419101381 0.454201126827100 0.421313115318257 0.556404273965393 0.873950550109772 0.867005445175297 0.814763009641501 0.821057685491108 0.875365089223162 0.707024313092231 0.693330966257913 0.729582907638676 0.735792911229372 0.666972123083416 0.800004900527391 0.764523637787694 0.775053270244775 0.760142913949260 0.724119433146537 
0.038816977864505 0.043505429021510 0.033772086639504 0.027369524579859 0.034239222486087 0.039365064941217 0.040113830115773 0.043459758124133 0.036383874629210 0.037635467085201 0.037067941599106 0.039509923249807 0.043517088662837 0.044994161341931 0.042393796157715 1.000000000000000 0.945717520854873 0.829752796279039 0.860984692712514 0.817227939006205 0.777859567108252 0.919885912231573 0.950913102410922 0.876818516119156 0.737141901209932 0.947031883315224 0.943660333588277 0.959824295722958 0.859923353644274 0.939648503059495 0.165271722511912 0.154110356599106 0.129687498276897 0.120198938645254 0.093809780247565 0.294692895963637 0.306348579709772 0.348736905320801 0.121565971607613 0.209840922501586 0.116941918084764 0.334598189284841 0.160014397124297 0.194367810011451 0.184822020916689 0.208307345443967 0.191425655297813 0.131848677573846 0.097235787869663 0.220788255031821 0.508841487922052 0.551394227678007 0.544665184722150 0.579008200322455 0.639989914948754 0.416016527689899 0.334903423188514 0.629045504008977 0.614251414069540 0.534417814150999 0.226495418458735 0.187842691205030 0.212954877081373 0.229631279065575 0.197821613334429 0.542094073899943 0.562989958257709 0.491047372301465 0.454926479099775 0.606810262001541 0.421353562772659 0.476137950667407 0.475088012088095 0.495023283004470 0.557613235004853 
0.060880726684318 0.061573988959377 0.053654047415189 0.049472512107354 0.053747981805676 0.059868134593030 0.058459825760924 0.056967869954856 0.059431282610280 0.052684439356301 0.053230717770319 0.058921864799221 0.059651359432416 0.060005825223881 0.058695651968937 0.945717520854873 1.000000000000000 0.723069416231718 0.714653874013444 0.812188450410965 0.816262804577274 0.920908663661934 0.880168180389813 0.911708243636398 0.732277958389498 0.923167249067307 0.924563316725961 0.913687865173437 0.859922057082451 0.935880066382983 0.183281591224201 0.171445020263375 0.149746073443175 0.133996412989787 0.110134004678096 0.266717391847979 0.226387080851468 0.285960668872888 0.150990464868630 0.219219757538844 0.102337570764532 0.410432306130282 0.175623001217258 0.213745713339158 0.197186154634561 0.203843672815101 0.195644286576374 0.157554459024272 0.113951256199753 0.231801061076925 0.523819543113059 0.514127094468200 0.521067437818115 0.567486056638502 0.641053894192582 0.402507162154618 0.318429561700124 0.561491636479269 0.512117459206690 0.501161957127245 0.234430742341594 0.194566182348769 0.217269107309815 0.199298885376838 0.217367132916671 0.574179546783757 0.516711062224579 0.512060963743847 0.468910065889955 0.555385923090666 0.428595682272399 0.478429717511510 0.480540728375907 0.511415169760009 0.555813445918233 
0.039945561212262 0.049892355505901 0.063186620858569 0.062611996168571 0.046562327028082 0.024521923143669 0.040599152735842 0.043954808390069 0.076823837657566 0.013703943810478 0.058304674469950 0.062778283199922 0.047918437724471 0.051290295045470 0.059735975719663 0.829752796279039 0.723069416231718 1.000000000000000 0.797183288045767 0.888673933607610 0.682836886072252 0.803400776293620 0.823153397963478 0.772980829702416 0.824208578805384 0.843485322642349 0.852443155555257 0.802572897900962 0.790118745279666 0.787691305054497 0.149242042306159 0.152624652398923 0.131849194222187 0.123795440034400 0.097507486827462 0.358048192772372 0.349840943481437 0.308320170286533 0.147910031825678 0.220245388199115 0.204826459887532 0.197041858833716 0.168365940007081 0.189609191569540 0.197465966974677 0.203305406555798 0.190893326082877 0.140421973540843 0.073830775004063 0.173851482274515 0.407184867584910 0.553171711382380 0.502119482407048 0.530148059465302 0.563949910819388 0.461869717953903 0.298566001613114 0.566929500806817 0.757695067372873 0.576034499618469 0.223970419344084 0.178906077128818 0.233405956778462 0.246311929588462 0.174286430932582 0.378880108237263 0.578231332904520 0.411773333958289 0.451286194519522 0.589451544288545 0.391737586663480 0.445950067779116 0.430381060491383 0.429151451229604 0.522074312166832 
-0.018328268694531 -0.014235487274372 -0.008282299053411 -0.025793726947568 -0.036063213005141 -0.014169653026450 -0.017518070424931 -0.018263502608724 -0.005235459233649 -0.019044240212419 -0.011172135558630 -0.007614572027873 -0.006224584137800 -0.007962742213406 -0.010175254285710 0.860984692712514 0.714653874013444 0.797183288045767 1.000000000000000 0.634290106265498 0.602488844465181 0.719263201764398 0.802939151538605 0.660049533250533 0.557452298135149 0.790258815293588 0.765735611246552 0.818428998896243 0.711436759831133 0.785336566104456 0.080642110146635 0.071591178228271 0.050299891758705 0.051095060786866 0.025385998585289 0.200361540852971 0.269934614883040 0.300025139525371 0.046045195556762 0.125180057326299 0.116692891368214 0.096509690360903 0.083411755492987 0.080940736821423 0.106696250484000 0.140681897924898 0.117986224913812 0.054736476438875 0.043347110993130 0.135895732271910 0.344274975674061 0.416633802553193 0.428177131822890 0.430441796770621 0.458554033263938 0.315325794003635 0.208277676758622 0.493341725994560 0.545628562518291 0.401795191162709 0.138040681660378 0.106067243883973 0.135423176049625 0.199108271296265 0.108325750820825 0.366495913514011 0.455117012957565 0.340663856282555 0.308362707197794 0.518435084074342 0.291124838856189 0.330168690793017 0.319898441528391 0.324782670290116 0.399381514515691 
0.051111150331572 0.065064717958556 0.078531746299840 0.075834070480021 0.062658688938982 0.033284355142174 0.051617243532429 0.063766459880353 0.087606991664354 0.019231977226071 0.070271380950005 0.076481166856799 0.058793462914130 0.063027613900030 0.070781360058702 0.817227939006205 0.812188450410965 0.888673933607610 0.634290106265498 1.000000000000000 0.768925847368556 0.840012862095127 0.810110899027999 0.860790692559616 0.927474400846452 0.852341259884938 0.882873864251101 0.782366109140087 0.833560841549788 0.841774106576536 0.175966508863849 0.179597790457062 0.160902729000917 0.140881784092654 0.114195339995199 0.349840114000291 0.304632409395580 0.258153389109707 0.197686818229175 0.231690213235312 0.183642885755888 0.312134421953876 0.189177506434364 0.226762466587188 0.208173555680809 0.202330352478075 0.199126387073720 0.168734479521688 0.079682919596433 0.195852923022044 0.483603304668625 0.560967313479338 0.533762267560417 0.586123894994046 0.638321414639350 0.476551876956292 0.329620477327260 0.570337497228827 0.708637686960354 0.633131514117838 0.241772465943208 0.195070010707828 0.240734689500642 0.215574355608804 0.204149600245557 0.474431443858242 0.583389650536354 0.453827595829638 0.526468083885461 0.555981117984402 0.439317584118678 0.487033728385567 0.479405336493813 0.515442424701583 0.575637806095876 
0.047748090383881 0.045985027104605 0.040240164882598 0.042497018428059 0.049283745392315 0.065234370380792 0.052336941921731 0.050060339369011 0.058132867549156 0.055158457707186 0.053528212504173 0.057013961173638 0.056722238793918 0.058168692264799 0.056367975754676 0.777859567108252 0.816262804577274 0.682836886072252 0.602488844465181 0.768925847368556 1.000000000000000 0.801156450253693 0.848616006317423 0.843272165146516 0.831796465633653 0.879882730457269 0.899361911651698 0.869813560559727 0.963184823430201 0.865149246014886 0.168018303010706 0.155176367946766 0.133226182434788 0.121992573911424 0.098135232889040 0.228044017204254 0.212116328244282 0.214553407997732 0.211586232677465 0.187822107222662 0.122819118844977 0.234184776830464 0.140732966958698 0.193654361961472 0.149227982863394 0.192163074524370 0.179325908407691 0.130210060364197 0.086233058820188 0.185180958327577 0.486487990024635 0.460246562732574 0.469675858951416 0.522923002184745 0.570718809463087 0.355080127011607 0.341431977728803 0.537087949688183 0.535411464864637 0.617647181091623 0.232650573458216 0.180705542768128 0.200684171877443 0.166481194225205 0.157772381463690 0.510151873597064 0.510772777477348 0.402569075301696 0.496389580537498 0.470754699470970 0.379907860421331 0.429308013752186 0.405016975141796 0.490770579578555 0.496359722363476 
0.049143371903160 0.045792890233328 0.031685831119655 0.038242808022009 0.052453919227790 0.052394672951336 0.054293600122979 0.041324585132505 0.054350294274836 0.057490492600425 0.043936148992370 0.045545850932356 0.045464443925614 0.046434165770910 0.047003552642519 0.919885912231573 0.920908663661934 0.803400776293620 0.719263201764398 0.840012862095127 0.801156450253693 1.000000000000000 0.928323305571203 0.925784658878108 0.817250811163922 0.957060363730547 0.938537752392646 0.938470456490735 0.862976046519436 0.927721526679492 0.170085816414330 0.156579985985577 0.135283578362246 0.119950695434980 0.096135139098541 0.342465646351589 0.274351872316661 0.269819985138407 0.140006062878089 0.205504783196598 0.147369541856492 0.390447802242850 0.195594661718969 0.213202276903498 0.193400792191523 0.198956898583938 0.183956113574664 0.143530495506685 0.092018835194296 0.186401237261892 0.483326765080155 0.557496509785944 0.528234642193012 0.549302294923937 0.626634817323716 0.455853425202696 0.354477159711792 0.581324822992966 0.651583878935860 0.547371410902600 0.224782766465409 0.179865509150981 0.236814550156537 0.204536665169206 0.182349295714501 0.515624740480430 0.551371325815019 0.505609120641640 0.464784909109988 0.592788465128183 0.429797796375612 0.482025082543968 0.480048704930835 0.486801213725383 0.558391641787528 
0.038892222299702 0.040235687541337 0.014488800127944 0.016509138509534 0.032867693270131 0.052429065203357 0.045829923137245 0.041129187336288 0.027765575010020 0.054731141580119 0.034712011086423 0.034086268943618 0.046941591036103 0.047016649127217 0.041552015515960 0.950913102410922 0.880168180389813 0.823153397963478 0.802939151538605 0.810110899027999 0.848616006317423 0.928323305571203 1.000000000000000 0.865441893606234 0.803934658275294 0.948530034768053 0.950773484898454 0.981840207235828 0.906479441353322 0.943333860922557 0.165755823933086 0.149272542525974 0.123513731816965 0.116733489300688 0.091099426617311 0.319865779121724 0.313916054624938 0.339831277347219 0.133663713337383 0.192784237631845 0.127486964046687 0.291606254572107 0.161753676123075 0.203656849004151 0.169168880742228 0.212250867153244 0.187128071028276 0.116209832543190 0.090667149150323 0.198240916744868 0.497877128746168 0.564255701541627 0.534760259600229 0.567400096837915 0.624464716416428 0.423245985116861 0.392204438245264 0.661398093531793 0.669702469198781 0.602300618874762 0.231512100356360 0.187035611299610 0.216538225541723 0.225543863162921 0.167612614880321 0.520462082822153 0.576824400166647 0.462549819115495 0.467864173855539 0.596212095097564 0.410162994292094 0.471817638283914 0.460984220484786 0.493831894508698 0.548744576527638 
0.049198822096398 0.044240114417210 0.036687716246541 0.048116979362060 0.057113586548251 0.046810743638141 0.054677845361043 0.039664149928599 0.060777645110825 0.048342915145398 0.044851317939917 0.046871358954978 0.040111520080386 0.040593284926357 0.046687570463740 0.876818516119156 0.911708243636398 0.772980829702416 0.660049533250533 0.860790692559616 0.843272165146516 0.925784658878108 0.865441893606234 1.000000000000000 0.875455881887662 0.956035801671515 0.958008027098338 0.888740681335352 0.910510379126411 0.873677742140778 0.170313551509921 0.164061551049621 0.142802667516798 0.124681304073573 0.099780430043988 0.326711498839586 0.249698337409307 0.230138962106759 0.162405882858992 0.212384443722739 0.138568550940517 0.405360731584745 0.196090430289337 0.216182208582018 0.191626782147983 0.186089315434812 0.181457274606681 0.154080350897273 0.092457958012497 0.186796338045352 0.487644071697403 0.533570187742990 0.521019409778495 0.550173108119212 0.628257315808451 0.453905308073104 0.321047982452502 0.545486822175716 0.623469220941621 0.538178265528281 0.217125566660371 0.179800492672658 0.220618179649586 0.182517721071738 0.191968050052350 0.520395884240720 0.542846712401705 0.497972920677110 0.473641148247002 0.542443955938146 0.434112928523775 0.477435284181685 0.480155427817234 0.493384434502106 0.551167143666701 
0.052786634977709 0.060708369321534 0.062070872299770 0.073504829592830 0.075729111074870 0.048117203561772 0.065651319999822 0.066257276293450 0.086800921071553 0.043837043805156 0.074273443526569 0.073976312554967 0.058928754676282 0.063358043554263 0.069237649246800 0.737141901209932 0.732277958389498 0.824208578805384 0.557452298135149 0.927474400846452 0.831796465633653 0.817250811163922 0.803934658275294 0.875455881887662 1.000000000000000 0.855177203782882 0.871053725610330 0.780205578249578 0.857718356911235 0.783207801227041 0.175344869512605 0.174773800317629 0.155786806177921 0.136723017696944 0.109515048401326 0.370800266857376 0.316941177043580 0.218637812441995 0.220481501128338 0.221438204673048 0.192124031177301 0.298297246175486 0.195736028991842 0.227097421813185 0.189664800906777 0.199687927961296 0.190891441517343 0.158582423337868 0.072132160077156 0.162795255445865 0.475112610576813 0.557876747223987 0.521363896021440 0.562884629038739 0.614586125529066 0.478445573884254 0.363280892507780 0.567362626878876 0.742869980061246 0.677412029246963 0.240758818186906 0.190369273857120 0.243449895136635 0.192658363613674 0.171089770344126 0.461753562197611 0.592377057213682 0.437368368007813 0.531401018119245 0.527982224217686 0.435088341226434 0.478081431677112 0.465538703705596 0.506768677139665 0.553742724759734 
0.041894207353662 0.040956047098071 0.034258294835082 0.039138358922467 0.050301655865409 0.046165579334318 0.046874224119970 0.041714230047921 0.053733425878975 0.046966756691399 0.043563848873600 0.045120944952934 0.042417046289290 0.044574732927748 0.047360711702444 0.947031883315224 0.923167249067307 0.843485322642349 0.790258815293588 0.852341259884938 0.879882730457269 0.957060363730547 0.948530034768053 0.956035801671515 0.855177203782882 1.000000000000000 0.988659498810945 0.967224932536627 0.940907727432935 0.928764783841965 0.168370390744547 0.158655334713967 0.135184587095860 0.122676000529595 0.096211682114600 0.322377235595641 0.300608184704559 0.287164531438937 0.156639098253666 0.213919120458255 0.150247819848449 0.338955692334371 0.180248702270720 0.203693322945293 0.187227945888503 0.203496171224558 0.190537913751651 0.141513996585266 0.091503021229199 0.197415666587469 0.502019455071578 0.556966761846450 0.545530772813379 0.573261645072803 0.638926634858982 0.448045044541349 0.345277555968982 0.603018205454162 0.667158086937067 0.583632081697355 0.230610799204930 0.186396001686509 0.230191397057587 0.212411278322126 0.186760399901214 0.528572529953956 0.578708546968924 0.494052694145761 0.483811387367338 0.597499994383439 0.434582606037449 0.484052116757348 0.478236008561582 0.501821916483153 0.563320312842160 
0.046406399064145 0.047799251584480 0.043366600869570 0.046474834823572 0.050899342569193 0.047526148178659 0.047856149455689 0.045701758666142 0.056293484405171 0.043685854771891 0.046142294893425 0.050707349571500 0.047686557103379 0.048584921641855 0.053147302113863 0.943660333588277 0.924563316725961 0.852443155555257 0.765735611246552 0.882873864251101 0.899361911651698 0.938537752392646 0.950773484898454 0.958008027098338 0.871053725610330 0.988659498810945 1.000000000000000 0.958549702432085 0.965454222556975 0.933933262462030 0.178614627598957 0.170962627803392 0.146914852636630 0.133898942705945 0.107402022351885 0.325172048648600 0.297470821787062 0.296229001668660 0.170041704643051 0.222631391932526 0.147267661285014 0.338023461228673 0.182271978788426 0.218397344038694 0.196586128895805 0.212089132975560 0.200660734403424 0.150117222758873 0.097604839548068 0.212408967196005 0.514364870119634 0.563257976447246 0.548267818093024 0.588833191950676 0.651365905734426 0.452696294562104 0.357139966034343 0.616856859838752 0.665251070712183 0.600642705628863 0.241491356010228 0.198318244700103 0.230055950677812 0.218382418113417 0.198775581368608 0.536140177057975 0.582656149428190 0.488038831181698 0.502508469920232 0.587765927765894 0.440090014679471 0.492583479705379 0.486457361695826 0.518621477865318 0.574277672132762 
0.029794672071975 0.025538774964181 0.004202340148397 0.007598530136220 0.024367727092219 0.044185830066848 0.035653049930507 0.024470297711040 0.022609592784144 0.049254029891408 0.022150132200829 0.022684610033963 0.032607019871407 0.031814383511452 0.027854961849278 0.959824295722958 0.913687865173437 0.802572897900962 0.818428998896243 0.782366109140087 0.869813560559727 0.938470456490735 0.981840207235828 0.888740681335352 0.780205578249578 0.967224932536627 0.958549702432085 1.000000000000000 0.915743861847308 0.947692013482109 0.156396600419228 0.138579574855851 0.113011950152366 0.105703021978207 0.079700798834877 0.290603004979923 0.288229174876582 0.317210225284805 0.126910849202689 0.185249445811173 0.114437498336656 0.294490147140334 0.153931786512463 0.187399773885122 0.159786191622947 0.200642021517317 0.176540975492816 0.111154339083817 0.086995863024252 0.189765063314127 0.494168953399860 0.540698475527351 0.525589835545875 0.552981831366492 0.617304220451123 0.405604439908281 0.363959304049448 0.631801617848743 0.632691904808749 0.568551986838799 0.219502363371005 0.174293515424581 0.206262347381287 0.209437145514377 0.161289874155282 0.528124725740635 0.558515035576232 0.472434475055925 0.454587600923696 0.591023113757880 0.402745396197968 0.462978524313993 0.452025068443743 0.482768724816615 0.536747171063400 
0.037764156825290 0.036501936771552 0.034316408983873 0.036409355581497 0.037501716381634 0.047384198717719 0.038696703598301 0.034841150551137 0.048957886997201 0.038829119751888 0.037918434888242 0.044126668765245 0.041927010026158 0.041275923771714 0.044958860429253 0.859923353644274 0.859922057082451 0.790118745279666 0.711436759831133 0.833560841549788 0.963184823430201 0.862976046519436 0.906479441353322 0.910510379126411 0.857718356911234 0.940907727432934 0.965454222556975 0.915743861847308 1.000000000000000 0.908337764763849 0.163743648042626 0.155338588284413 0.132170257607277 0.121169926783930 0.096020094967609 0.271112140704701 0.248839021840602 0.250875258970666 0.183228909569658 0.196380070702709 0.136353172812031 0.257895103672443 0.153567777055114 0.197444216698104 0.166608797146279 0.194051507184979 0.182991258526587 0.131915472604291 0.086174077518565 0.192744224700127 0.480761587657411 0.499647501769876 0.495256176482811 0.543770444957282 0.594025375755076 0.403266463588205 0.337117833468240 0.567086066850335 0.600734399781393 0.600287263869450 0.226937181582360 0.181759708875749 0.204714604812285 0.190142123382089 0.171257116541719 0.501866992157024 0.534833907808029 0.423903473016233 0.488064548908095 0.517628067687103 0.395703159841168 0.446249680988750 0.429869428011584 0.487950939155411 0.522540122372010 
0.038005616001767 0.038698583543672 0.025570366589624 0.018409277900898 0.026857889015822 0.049136268397786 0.039539126821223 0.036189090520192 0.037566389863378 0.043563694629323 0.034939173513819 0.038078249771103 0.045522124558474 0.044534779903325 0.038436001939292 0.939648503059495 0.935880066382983 0.787691305054497 0.785336566104457 0.841774106576536 0.865149246014886 0.927721526679492 0.943333860922557 0.873677742140778 0.783207801227041 0.928764783841965 0.933933262462030 0.947692013482109 0.908337764763849 1.000000000000000 0.162542186564888 0.145728897202561 0.122439250029244 0.110981153637450 0.085950143961581 0.271150776195937 0.244533248357927 0.290736367075481 0.142803345749670 0.188472309151972 0.127619738053375 0.310373995497862 0.156695601383342 0.191435486266176 0.169244310536883 0.197290261019107 0.178677645898326 0.124133079147015 0.088985951097547 0.201015083983345 0.501708906959543 0.526053823738444 0.521468188529232 0.561408290702403 0.624072403048042 0.406736871534640 0.345738661554208 0.593967711910688 0.592402022787044 0.573572147966738 0.224287616166677 0.174566696224215 0.214008155904437 0.204643606778632 0.176784631143525 0.540557296043704 0.541499996539199 0.474711461765211 0.473260770650961 0.580499224808160 0.409113662924107 0.465963925131482 0.451824316788936 0.497035922944730 0.547614023021507 
0.916525237937218 0.894958769350729 0.828524260276826 0.903377587936118 0.781168286028819 0.799860177167358 0.809378074595702 0.736606608112526 0.790860434875146 0.743367614841349 0.804581891903435 0.867824120284518 0.839332115962117 0.807832015183606 0.853374584400236 0.165271722511912 0.183281591224201 0.149242042306159 0.080642110146635 0.175966508863849 0.168018303010706 0.170085816414330 0.165755823933086 0.170313551509921 0.175344869512605 0.168370390744547 0.178614627598957 0.156396600419228 0.163743648042626 0.162542186564888 1.000000000000000 0.995614623693316 0.989881999984537 0.993605036136126 0.989298443740073 0.906276738908488 0.561349358491511 0.751169353295990 0.949856398291295 0.960162332046869 0.856918050369277 0.750963978058812 0.961012153538952 0.980891779768840 0.950340586914794 0.989765417922456 0.981161418736958 0.943976640109938 0.953123301259115 0.972220400474114 0.878205896825966 0.875457488767674 0.886241706814997 0.867556332157746 0.821758953990448 0.811594662252631 0.883252250145415 0.589198036281732 0.591525718114110 0.688084008847021 0.980324237512016 0.980234576252453 0.868725275308205 0.953903355204946 0.967473305852303 0.849985475837695 0.818695036298908 0.873743094436907 0.861757098603674 0.790825282657210 0.935517270935187 0.925592390257798 0.926057456493524 0.893896368706260 0.874778677197526 
0.915653862421684 0.903227016877438 0.847318870397215 0.922540364726996 0.807828432917879 0.800565743555699 0.811866253857257 0.765816530126993 0.806175383283831 0.738648795341267 0.816852288709894 0.881189109825169 0.841066519773626 0.815963842249674 0.867627772387594 0.154110356599106 0.171445020263375 0.152624652398923 0.071591178228271 0.179597790457062 0.155176367946766 0.156579985985577 0.149272542525974 0.164061551049621 0.174773800317629 0.158655334713967 0.170962627803392 0.138579574855851 0.155338588284413 0.145728897202561 0.995614623693316 1.000000000000000 0.994519494291637 0.998352508962373 0.994845398317051 0.909459418778251 0.604616061383287 0.749310806901795 0.964787615576407 0.976067699734363 0.852412614684219 0.770616785299408 0.962148289492747 0.976466377510414 0.959903994603318 0.989943983145803 0.991178056571545 0.950809491499215 0.942902889583771 0.979453013088467 0.882365545250383 0.865757398979481 0.888640793392203 0.870356182277504 0.823485215055161 0.794406653783177 0.870466193742450 0.577645684838283 0.581236282894607 0.692954903370204 0.987233504219477 0.990087004596094 0.890547885418696 0.948348338696880 0.981569212466385 0.850428157552726 0.825423978910022 0.867162237141034 0.871917659607513 0.795881138636621 0.943311748731274 0.924236495638525 0.928831877467470 0.900631962944055 0.878387512940594 
0.908660788039736 0.906193609440947 0.855025490122364 0.936249988455769 0.820722823757468 0.781769929231906 0.820864075607215 0.775537162026489 0.825772159218368 0.725915448673852 0.836422293938679 0.892252948256394 0.841225714544499 0.819065670720933 0.871951431964730 0.129687498276897 0.149746073443175 0.131849194222187 0.050299891758705 0.160902729000917 0.133226182434788 0.135283578362246 0.123513731816965 0.142802667516798 0.155786806177921 0.135184587095860 0.146914852636630 0.113011950152366 0.132170257607277 0.122439250029244 0.989881999984537 0.994519494291637 1.000000000000000 0.993987797332657 0.990215478139985 0.889960352656418 0.619766854571505 0.741466414571774 0.959253126087310 0.976089988517873 0.879251528476857 0.779108427322488 0.950832991861154 0.957356790469040 0.951222913312471 0.985203635221667 0.982922343118788 0.971806725064656 0.933110225831634 0.960325825125654 0.866671978298253 0.847284149521970 0.876613298918184 0.858685353453901 0.803604918981296 0.771795317191745 0.832058822114269 0.566250696639973 0.553998965980387 0.673898195637076 0.986501920167720 0.977287846197145 0.902946260191669 0.941840416313051 0.980477629911055 0.836337287392785 0.812799989851736 0.857878200325248 0.865038335171204 0.777847711099880 0.933159077848752 0.910310395346637 0.915990072332689 0.889632913987498 0.862531112276326 
0.924587505482509 0.909780089495708 0.841064519596572 0.923216833878347 0.821327356572577 0.811558606065326 0.823164152596399 0.776119808813925 0.808106594443799 0.756956889267134 0.823050799972882 0.883573083745430 0.847141804253456 0.822052342032492 0.873611716196072 0.120198938645254 0.133996412989787 0.123795440034400 0.051095060786866 0.140881784092654 0.121992573911424 0.119950695434980 0.116733489300688 0.124681304073573 0.136723017696944 0.122676000529595 0.133898942705945 0.105703021978207 0.121169926783930 0.110981153637450 0.993605036136126 0.998352508962373 0.993987797332657 1.000000000000000 0.998193682806258 0.898546747625516 0.608277025436338 0.759298487125612 0.962982764994656 0.975018240973387 0.852613872446362 0.762241241174035 0.957953835695823 0.974335550829771 0.949829160084561 0.990110286246010 0.991562461127027 0.949792319728707 0.950603500877574 0.979173052190217 0.868324605292406 0.848017340322802 0.872634909403869 0.849759219154618 0.798168950045877 0.773043126197279 0.858445937783104 0.566829224526327 0.557086559065825 0.678897934341706 0.984642421353178 0.990123528390712 0.893849836302111 0.951486544089310 0.980150838041813 0.835299857394102 0.812056830692846 0.856098992091447 0.849416198694740 0.783602478853443 0.928639430012806 0.910101041088808 0.912352062100835 0.883261972806568 0.858163958714804 
0.925973473227611 0.912782451526233 0.843786268264499 0.924846785651870 0.826790012310181 0.810765367675880 0.817005643659638 0.782025497289473 0.807991775401955 0.756211735989912 0.819397393065708 0.882273660987563 0.847687336316129 0.823355740328514 0.878388293620878 0.093809780247565 0.110134004678096 0.097507486827462 0.025385998585289 0.114195339995199 0.098135232889040 0.096135139098541 0.091099426617311 0.099780430043988 0.109515048401326 0.096211682114600 0.107402022351885 0.079700798834877 0.096020094967609 0.085950143961581 0.989298443740073 0.994845398317051 0.990215478139985 0.998193682806258 1.000000000000000 0.885772176472203 0.597234816661215 0.746519450786715 0.956668597622454 0.970158991055329 0.839158852142640 0.756714452920560 0.948816483313423 0.971169374227232 0.947198776239550 0.983842897094154 0.988436309318500 0.945528523124996 0.948974461804091 0.978917974495631 0.855985345767764 0.832094130758462 0.857395118944730 0.832944896900502 0.782075604395207 0.753740354201553 0.849865267305843 0.540242274318045 0.533056285902203 0.658733935250865 0.977917583251195 0.986925749878641 0.886493261179183 0.949581607779179 0.978483632948946 0.819359721074233 0.792763416830831 0.842952339795819 0.834420552848707 0.770290839646391 0.917891767027121 0.895750889026517 0.900402946734135 0.871255000669100 0.844546912485995 
0.815373630295667 0.783451436249956 0.736240465781681 0.783790468494056 0.683383119433534 0.747368551201066 0.713725257609841 0.648053699769149 0.690119560249879 0.702406806334096 0.698863234034531 0.770095499524052 0.743196198399139 0.709561413112696 0.735171555310324 0.294692895963637 0.266717391847979 0.358048192772373 0.200361540852971 0.349840114000291 0.228044017204254 0.342465646351589 0.319865779121724 0.326711498839586 0.370800266857376 0.322377235595641 0.325172048648600 0.290603004979923 0.271112140704701 0.271150776195937 0.906276738908488 0.909459418778251 0.889960352656418 0.898546747625516 0.885772176472203 1.000000000000000 0.608167363116955 0.732448364399741 0.888817700468513 0.881685997618936 0.773618546455455 0.721064320015743 0.945167048254147 0.931933528587665 0.903701485483861 0.919222378969081 0.908088228149890 0.828454030739466 0.841460183638881 0.880195988387899 0.846041703380377 0.917757978077589 0.889589761412592 0.866262172989047 0.850759516835936 0.896016968021740 0.917951124931898 0.604972178132148 0.784276827930450 0.754658322663297 0.895604277557601 0.909204105581209 0.833348429321648 0.884971621673341 0.872110134418936 0.820540172657388 0.859976453303221 0.872293850782205 0.866604392787312 0.864315625590036 0.923181735860207 0.925936465984946 0.923628183559294 0.859714012382921 0.901523806710400 
0.513280700035777 0.596341852893011 0.499345036496570 0.604653866039581 0.744933330912522 0.463531324667700 0.594752446433341 0.741770852288181 0.498321458739946 0.526844207217257 0.597359026195452 0.560906336612831 0.500543017357743 0.533174968821753 0.571711306129011 0.306348579709772 0.226387080851468 0.349840943481437 0.269934614883040 0.304632409395580 0.212116328244282 0.274351872316661 0.313916054624938 0.249698337409307 0.316941177043580 0.300608184704559 0.297470821787062 0.288229174876582 0.248839021840602 0.244533248357927 0.561349358491511 0.604616061383287 0.619766854571505 0.608277025436338 0.597234816661215 0.608167363116955 1.000000000000000 0.749869753322323 0.639095082119524 0.717286972669239 0.524986085147307 0.735598703139288 0.543065663043101 0.534339535118907 0.534285435732807 0.635597139767304 0.657619968386363 0.593595856006474 0.473216935166762 0.607341511188073 0.719558150238504 0.619231605334698 0.693329421758744 0.677224820228833 0.617317722029346 0.323802348737928 0.494624100526120 0.615515100127647 0.450037245075333 0.733311369970366 0.671597681428274 0.654125844624922 0.782227828190415 0.573520890104851 0.660951793489533 0.639245124182784 0.759136117893741 0.593635826258916 0.603656006050825 0.693209725433403 0.684651744911832 0.653033884736521 0.652910415544363 0.692362068042327 0.636121257700622 
0.727937941701866 0.705248452385897 0.448560545085015 0.591094630335955 0.724277960862772 0.703308814051635 0.758962087848068 0.690098889200112 0.490812093999151 0.818787132059601 0.632281359644331 0.601775870304827 0.649128376274330 0.627235101586957 0.619865895110515 0.348736905320801 0.285960668872888 0.308320170286533 0.300025139525371 0.258153389109707 0.214553407997732 0.269819985138407 0.339831277347219 0.230138962106759 0.218637812441995 0.287164531438937 0.296229001668660 0.317210225284805 0.250875258970666 0.290736367075481 0.751169353295990 0.749310806901795 0.741466414571774 0.759298487125612 0.746519450786715 0.732448364399741 0.749869753322323 1.000000000000000 0.712643544411922 0.776683313367241 0.618025742934050 0.714569980243076 0.717187918374036 0.762929560467524 0.598065986644490 0.805235713771942 0.779565241237155 0.657592060295344 0.763195709419623 0.780812215725572 0.818480116875577 0.767565187387542 0.773678326264026 0.744020106787279 0.680698859255919 0.538974806595620 0.721612636232608 0.792772083646023 0.522753898504425 0.777625921467854 0.775377698219949 0.792135522419496 0.773296593157422 0.786902420807335 0.737340530340670 0.764076706888327 0.812758219348906 0.759802269254104 0.592743805608115 0.761495544890510 0.739601349157172 0.789253946127812 0.749017717888777 0.743287613705754 0.708622159722778 
0.882456283537620 0.870055552351516 0.830445688260451 0.900959188944166 0.824118422495162 0.808409514365803 0.804646587213207 0.785270005036357 0.798608061104354 0.754156592315306 0.815440309844099 0.873869496611021 0.817932341094743 0.802259737138031 0.846123640478281 0.121565971607613 0.150990464868630 0.147910031825678 0.046045195556762 0.197686818229175 0.211586232677465 0.140006062878089 0.133663713337383 0.162405882858992 0.220481501128338 0.156639098253666 0.170041704643051 0.126910849202689 0.183228909569658 0.142803345749670 0.949856398291295 0.964787615576407 0.959253126087310 0.962982764994656 0.956668597622454 0.888817700468513 0.639095082119524 0.712643544411922 1.000000000000000 0.960683266331126 0.815983665954737 0.754535151787396 0.933690046128682 0.937659705311481 0.917493459200481 0.958642873699164 0.966255970634058 0.916189416406320 0.887512604974795 0.938420630093023 0.870029274680867 0.813372803961806 0.858624523619784 0.845526616474476 0.799090128089657 0.760928289338829 0.849926259819795 0.542296572074659 0.571097696249047 0.746198929661625 0.960461732716926 0.965085976591221 0.893956125509858 0.879004437615838 0.953128899531398 0.855249169920930 0.826688962353921 0.834650061990992 0.888560703053636 0.783443624547793 0.921748577875445 0.896289701392986 0.892168336562527 0.881642662500190 0.856686462455595 
0.888166307440980 0.891350873053032 0.829054974021049 0.928481182811705 0.864641516281385 0.785604687583909 0.828192549242339 0.816066225841842 0.811514528776352 0.738442263330966 0.835753763505361 0.875877927945099 0.820709710380133 0.811715637736343 0.870891173927333 0.209840922501586 0.219219757538844 0.220245388199115 0.125180057326299 0.231690213235312 0.187822107222663 0.205504783196598 0.192784237631845 0.212384443722739 0.221438204673048 0.213919120458255 0.222631391932526 0.185249445811173 0.196380070702709 0.188472309151972 0.960162332046869 0.976067699734363 0.976089988517873 0.975018240973387 0.970158991055329 0.881685997618936 0.717286972669239 0.776683313367241 0.960683266331126 1.000000000000000 0.853918555989360 0.840207394893696 0.925077162558610 0.932931760131323 0.927899298992993 0.971611384915363 0.983618847648502 0.948964981029905 0.902367879835346 0.961978490097677 0.901162992019477 0.860839548906781 0.905328073461676 0.885604284571689 0.834677331094434 0.746982399889408 0.817214530960783 0.636680418344618 0.584471651476527 0.739921998907102 0.985164170236234 0.979144080446575 0.927400875310242 0.911647596003521 0.988316365931256 0.870044770051367 0.872969836946779 0.875985528472467 0.875403542561059 0.831015776736490 0.950792973278190 0.926773738797367 0.931647444956622 0.912853140687412 0.885204328247990 
0.804017699579044 0.760340401477173 0.694804828959981 0.824000633303593 0.690647410903377 0.698427237527584 0.772051338854068 0.592103091711480 0.802731525694659 0.621782819064608 0.797940123892732 0.804305368163593 0.741274625982648 0.716185490525471 0.755166414544563 0.116941918084764 0.102337570764532 0.204826459887532 0.116692891368214 0.183642885755888 0.122819118844977 0.147369541856492 0.127486964046687 0.138568550940517 0.192124031177301 0.150247819848449 0.147267661285014 0.114437498336656 0.136353172812031 0.127619738053375 0.856918050369277 0.852412614684219 0.879251528476857 0.852613872446361 0.839158852142640 0.773618546455455 0.524986085147307 0.618025742934050 0.815983665954737 0.853918555989360 1.000000000000000 0.628931548072898 0.869408552949907 0.797079180554313 0.809156727360599 0.868274605689544 0.851030443608296 0.934761058878252 0.858211481010862 0.781845125771038 0.682686501122420 0.753507537353454 0.788843594145738 0.740919903573271 0.676844110977661 0.775176950879898 0.621711557380349 0.609157638645622 0.613453242671775 0.571119112635684 0.876586852053647 0.823643816054562 0.865006192561194 0.856024302160358 0.847813885918647 0.717071206495353 0.762264578215163 0.805783449955389 0.770021179262533 0.715293571975011 0.799780440979102 0.811852022827378 0.788604963673546 0.740786084312339 0.752171650810306 
0.683821413303107 0.718796781640622 0.614870275286107 0.732374815085049 0.794217412226847 0.614447818675658 0.714916171430233 0.757579524213176 0.614286442553731 0.644670806944283 0.687078714750738 0.677322848129698 0.632700206226878 0.645273169744274 0.686781489199954 0.334598189284841 0.410432306130282 0.197041858833716 0.096509690360903 0.312134421953876 0.234184776830464 0.390447802242850 0.291606254572107 0.405360731584745 0.298297246175486 0.338955692334371 0.338023461228673 0.294490147140334 0.257895103672443 0.310373995497862 0.750963978058812 0.770616785299408 0.779108427322488 0.762241241174035 0.756714452920560 0.721064320015742 0.735598703139288 0.714569980243076 0.754535151787396 0.840207394893696 0.628931548072898 1.000000000000000 0.728240553771189 0.735900230525758 0.708680391666372 0.762376005119448 0.781825717394988 0.760091989502322 0.673786952440627 0.765840832714153 0.843534489379802 0.743963497295390 0.797014524183038 0.782596275053943 0.765766771511123 0.545534467850967 0.645951068424696 0.633888448391500 0.433075963279530 0.679753715396686 0.796055403300873 0.786535380481619 0.815270646997298 0.667592294465266 0.818080248126789 0.822923844270636 0.783308321153315 0.804062117418448 0.712182444436026 0.736892505777336 0.833963263539697 0.809884657336979 0.828651221304696 0.820204485360451 0.777425644191790 
0.903733897729845 0.847259502479817 0.775448698672423 0.855301606391452 0.735897027575930 0.829976969335613 0.795768275267628 0.677570008570290 0.785570578387968 0.756286433058203 0.786085287481641 0.847582181702735 0.814895248717996 0.778358491191864 0.810910957327800 0.160014397124297 0.175623001217258 0.168365940007081 0.083411755492987 0.189177506434364 0.140732966958698 0.195594661718969 0.161753676123075 0.196090430289337 0.195736028991842 0.180248702270720 0.182271978788426 0.153931786512463 0.153567777055114 0.156695601383342 0.961012153538952 0.962148289492747 0.950832991861154 0.957953835695823 0.948816483313424 0.945167048254147 0.543065663043101 0.717187918374035 0.933690046128682 0.925077162558610 0.869408552949907 0.728240553771189 1.000000000000000 0.960972136490457 0.932761428858774 0.963058446861573 0.960867670390631 0.917993348878728 0.944687097678310 0.934553804251528 0.825721546520559 0.852600059864017 0.868982124391242 0.828149437045179 0.800290577322128 0.865299665180303 0.858900739874568 0.574553522525392 0.650066770910136 0.654277415760219 0.946201481884076 0.956425814495473 0.891074491296544 0.934571158378029 0.933545299319419 0.840094298637655 0.812407609501983 0.892043193737424 0.851120494508947 0.812688243830740 0.913392359827483 0.916378318629229 0.907186929617451 0.847948397870248 0.865687043648916 
0.915793190718830 0.868577844953038 0.771855681661902 0.847102785800292 0.757322668015667 0.827296031472752 0.789731462906531 0.706703594575027 0.747642580111559 0.781676071528226 0.761472171298829 0.829004598681327 0.823494662901722 0.785930315345316 0.823634815628223 0.194367810011451 0.213745713339158 0.189609191569540 0.080940736821423 0.226762466587188 0.193654361961472 0.213202276903498 0.203656849004151 0.216182208582018 0.227097421813185 0.203693322945293 0.218397344038694 0.187399773885122 0.197444216698104 0.191435486266176 0.980891779768840 0.976466377510414 0.957356790469040 0.974335550829771 0.971169374227232 0.931933528587665 0.534339535118907 0.762929560467524 0.937659705311481 0.932931760131323 0.797079180554313 0.735900230525758 0.960972136490457 1.000000000000000 0.924374364650613 0.974796400551184 0.968868538047063 0.893294951449967 0.953915041150732 0.967723546211583 0.876398633585169 0.888678056128164 0.881347782249332 0.859917425408356 0.830864926650608 0.841520020930210 0.917761391818756 0.600082972250319 0.640901807316373 0.712412504167594 0.952993091888645 0.972578554233627 0.847994336981148 0.949512534420519 0.941551785523055 0.855049906226991 0.824317087789445 0.888504597449702 0.850031271514201 0.812290543862497 0.925457818875116 0.932001675155882 0.925858972581326 0.884522822596935 0.884238504741560 
0.833033861438725 0.843075837305479 0.898139781875778 0.915793236847424 0.711530103181874 0.696360742809035 0.688165660257956 0.686106921016679 0.790008724383162 0.570833314237373 0.750670351756292 0.854707803408207 0.779779564776719 0.759365101356465 0.824929296596340 0.184822020916689 0.197186154634561 0.197465966974677 0.106696250484000 0.208173555680809 0.149227982863394 0.193400792191523 0.169168880742228 0.191626782147983 0.189664800906777 0.187227945888503 0.196586128895805 0.159786191622947 0.166608797146279 0.169244310536883 0.950340586914794 0.959903994603318 0.951222913312471 0.949829160084561 0.947198776239550 0.903701485483861 0.534285435732807 0.598065986644490 0.917493459200481 0.927899298992993 0.809156727360599 0.708680391666372 0.932761428858774 0.924374364650613 1.000000000000000 0.933756889840685 0.944332548527157 0.919070880270167 0.854885367627537 0.935517580052895 0.825379034622777 0.845529663553257 0.860242588128749 0.856601244956657 0.829797264706508 0.820880026161117 0.849807406666997 0.459281408612285 0.601881660519224 0.607357039610411 0.941202469836693 0.938793325179463 0.824230501704146 0.891896835014348 0.949177016628319 0.794217705775242 0.769779921447759 0.816093511907320 0.895306679122069 0.777040475386017 0.930914666569538 0.886507486562438 0.914416097240968 0.874982429045901 0.878529290370636 
0.918795068081425 0.892876809882425 0.804745042344219 0.894464435596388 0.809799649362309 0.822802297762896 0.831733753063282 0.759348069663171 0.796772778864296 0.780790082691262 0.819744989400970 0.870185723785940 0.841509470166638 0.813269503465890 0.853717568856740 0.208307345443967 0.203843672815101 0.203305406555798 0.140681897924898 0.202330352478075 0.192163074524370 0.198956898583938 0.212250867153244 0.186089315434812 0.199687927961296 0.203496171224558 0.212089132975560 0.200642021517317 0.194051507184979 0.197290261019107 0.989765417922456 0.989943983145803 0.985203635221667 0.990110286246010 0.983842897094154 0.919222378969081 0.635597139767304 0.805235713771942 0.958642873699164 0.971611384915363 0.868274605689544 0.762376005119448 0.963058446861573 0.974796400551184 0.933756889840685 1.000000000000000 0.991080037558210 0.944779468561489 0.953746672061919 0.972709983333833 0.894628745975254 0.887159748709206 0.908192211042451 0.882455277746914 0.834002206906244 0.808808681070215 0.879352338571691 0.643761698233637 0.627752391717213 0.733559623298531 0.988425742396265 0.987433771955110 0.911266917861254 0.964564325156417 0.971455251844921 0.875903771506220 0.862137186648231 0.897360166642445 0.871857823511922 0.840311220716794 0.942817106986086 0.941659747389547 0.933194815237384 0.902839494605763 0.890314054232868 
0.918871383964465 0.898748471543568 0.822042965862517 0.912166184873239 0.831164422256958 0.824026654752041 0.821660425251119 0.783166504371055 0.812148426650528 0.763986534519816 0.824240904639601 0.879150099757679 0.840329091052256 0.819399363395045 0.871597113562475 0.191425655297813 0.195644286576374 0.190893326082877 0.117986224913812 0.199126387073720 0.179325908407691 0.183956113574665 0.187128071028276 0.181457274606681 0.190891441517343 0.190537913751651 0.200660734403424 0.176540975492816 0.182991258526587 0.178677645898326 0.981161418736958 0.991178056571545 0.982922343118788 0.991562461127027 0.988436309318500 0.908088228149890 0.657619968386363 0.779565241237155 0.966255970634058 0.983618847648502 0.851030443608296 0.781825717394988 0.960867670390631 0.968868538047063 0.944332548527157 0.991080037558210 1.000000000000000 0.945527311965477 0.944877317886233 0.984803494256998 0.894222122128541 0.867700042250708 0.905377211709275 0.877884072071438 0.834117371017596 0.783210422561093 0.858003166449716 0.618935752049837 0.602144303842141 0.719760812275645 0.990785969507952 0.996697055455581 0.926978862291082 0.955764135173632 0.985258453625558 0.874179762239493 0.857277278952272 0.888257205879771 0.876984611292074 0.838518806783368 0.947380292263921 0.934767753272687 0.933019723496590 0.908389803627001 0.891076532497237 
0.871570550290883 0.864612867653185 0.833272317913724 0.930991556811213 0.798375320314421 0.738077831040385 0.799316134607768 0.729781831397911 0.867304920718263 0.657748635787887 0.848850585458692 0.889423180969685 0.812022885512001 0.795959309842889 0.856897271136412 0.131848677573846 0.157554459024272 0.140421973540843 0.054736476438875 0.168734479521688 0.130210060364197 0.143530495506685 0.116209832543190 0.154080350897273 0.158582423337868 0.141513996585266 0.150117222758873 0.111154339083817 0.131915472604291 0.124133079147015 0.943976640109938 0.950809491499215 0.971806725064656 0.949792319728707 0.945528523124996 0.828454030739466 0.593595856006473 0.657592060295344 0.916189416406320 0.948964981029905 0.934761058878252 0.760091989502322 0.917993348878728 0.893294951449967 0.919070880270167 0.944779468561489 0.945527311965477 1.000000000000000 0.903191581729809 0.900857928031074 0.804455020419789 0.800546807907651 0.852518974937212 0.826394522745011 0.773696556174273 0.760400450855706 0.718469890840650 0.554959176822612 0.544098793421559 0.601923157819368 0.959823416022437 0.925268839552512 0.917314457257147 0.912863983969772 0.958248414999860 0.813500058119895 0.788077849243900 0.856688586027639 0.860041992897701 0.760808668921496 0.898960467586034 0.878567221215388 0.883863407898006 0.853128968059923 0.838707634064540 
0.937905194058353 0.853023723518909 0.696303905065240 0.819716474156506 0.752380385204999 0.866418822231740 0.832208473503927 0.667998667687866 0.764668835310422 0.826342670555624 0.783330192023772 0.819106722160179 0.828177675904134 0.783664170082856 0.815973490936125 0.097235787869663 0.113951256199753 0.073830775004063 0.043347110993130 0.079682919596433 0.086233058820188 0.092018835194296 0.090667149150323 0.092457958012497 0.072132160077156 0.091503021229199 0.097604839548068 0.086995863024252 0.086174077518565 0.088985951097547 0.953123301259115 0.942902889583771 0.933110225831634 0.950603500877574 0.948974461804091 0.841460183638881 0.473216935166762 0.763195709419623 0.887512604974795 0.902367879835346 0.858211481010862 0.673786952440628 0.944687097678310 0.953915041150732 0.854885367627537 0.953746672061919 0.944877317886233 0.903191581729810 1.000000000000000 0.937520963798778 0.787262988494355 0.795782965160401 0.814138326180911 0.763142400345648 0.719239075551481 0.783948519927010 0.800863023863987 0.603596187983421 0.545495741354105 0.598182978027993 0.924652497463808 0.940037289974291 0.853081224983005 0.954437425821471 0.915867178936638 0.807067164209530 0.758725105163722 0.868773455388222 0.747828508043428 0.749733625414728 0.841527522071193 0.868563350403555 0.843855657786603 0.791507684076904 0.789290574408939 
0.905826325175233 0.884896060461692 0.806542588364771 0.881873757644974 0.800226952910173 0.811546502058273 0.788268103597069 0.761489281787586 0.759994283860110 0.751123698393587 0.776646849303970 0.843279435395393 0.822466168019619 0.798230754818673 0.850855187158533 0.220788255031822 0.231801061076925 0.173851482274515 0.135895732271910 0.195852923022044 0.185180958327577 0.186401237261892 0.198240916744868 0.186796338045352 0.162795255445865 0.197415666587469 0.212408967196005 0.189765063314127 0.192744224700127 0.201015083983345 0.972220400474114 0.979453013088467 0.960325825125654 0.979173052190217 0.978917974495631 0.880195988387899 0.607341511188073 0.780812215725571 0.938420630093023 0.961978490097677 0.781845125771038 0.765840832714153 0.934553804251528 0.967723546211583 0.935517580052895 0.972709983333833 0.984803494256998 0.900857928031074 0.937520963798778 1.000000000000000 0.900889165249154 0.859576668589176 0.891222841632331 0.873390426289816 0.836243275336211 0.762739155531964 0.876460949492291 0.605326597565480 0.562784513181686 0.700756489182578 0.967829633838452 0.988729121176281 0.868789023495633 0.941608374749118 0.974229940041671 0.871521683357762 0.828890599205520 0.867485874688600 0.848469851753951 0.816819410340575 0.933152835430435 0.920360326717554 0.923651107217829 0.904404983885552 0.880814314723098 
0.763213937787786 0.778282660453821 0.691120238898352 0.761497821341000 0.743831010389834 0.682342647592018 0.710117278778954 0.731630972807860 0.641850735322867 0.676561103196346 0.690946428100091 0.728646137965776 0.708753317315901 0.698175650325108 0.734516185194350 0.508841487922052 0.523819543113059 0.407184867584910 0.344274975674061 0.483603304668625 0.486487990024635 0.483326765080155 0.497877128746168 0.487644071697403 0.475112610576813 0.502019455071578 0.514364870119634 0.494168953399860 0.480761587657411 0.501708906959543 0.878205896825966 0.882365545250383 0.866671978298253 0.868324605292406 0.855985345767764 0.846041703380377 0.719558150238504 0.818480116875577 0.870029274680867 0.901162992019477 0.682686501122420 0.843534489379802 0.825721546520559 0.876398633585169 0.825379034622777 0.894628745975254 0.894222122128541 0.804455020419789 0.787262988494355 0.900889165249154 1.000000000000000 0.928347405446907 0.961847437576845 0.968497220074095 0.949748589107810 0.731124303661739 0.871159941145836 0.760213812961650 0.669972596363805 0.886510363206911 0.908989248477886 0.901393296133161 0.837059219757119 0.841317763451451 0.883701711135710 0.957414793392582 0.935983702482485 0.901437219887875 0.900481800644044 0.894255346136763 0.959999620315797 0.958774221177282 0.959118847332169 0.981763044355406 0.947693260750088 
0.746970493888758 0.732238458634264 0.664219800663966 0.725371209223052 0.637922603816566 0.650119264047572 0.662521467829902 0.602458896782488 0.630892045342182 0.617303396924042 0.647809652139879 0.698450837406013 0.685057284055489 0.658760848233590 0.693111501090239 0.551394227678007 0.514127094468200 0.553171711382380 0.416633802553193 0.560967313479338 0.460246562732574 0.557496509785944 0.564255701541626 0.533570187742990 0.557876747223987 0.556966761846450 0.563257976447246 0.540698475527351 0.499647501769876 0.526053823738444 0.875457488767674 0.865757398979481 0.847284149521970 0.848017340322802 0.832094130758462 0.917757978077589 0.619231605334698 0.767565187387542 0.813372803961806 0.860839548906781 0.753507537353454 0.743963497295391 0.852600059864017 0.888678056128163 0.845529663553257 0.887159748709206 0.867700042250708 0.800546807907651 0.795782965160401 0.859576668589176 0.928347405446907 1.000000000000000 0.970044964723739 0.965906596208535 0.957674659073790 0.883183902621942 0.899469872203386 0.781444530248651 0.857770515533677 0.852527613163270 0.884614121080148 0.866562278424398 0.792492788882477 0.875190529974820 0.844754904061942 0.891811594678686 0.946797622533393 0.921319376907516 0.901787760632506 0.929483378844256 0.951527341266713 0.972991302002115 0.969838495370200 0.942092818482367 0.968179668447246 
0.770856769841584 0.764185242182833 0.699044463456416 0.776130603495218 0.706297608152411 0.679911052492295 0.700049863165440 0.668662472842499 0.696672801128020 0.633536797901003 0.707029915428319 0.748263149904649 0.711847016299060 0.696369208651089 0.740578120734517 0.544665184722150 0.521067437818115 0.502119482407048 0.428177131822890 0.533762267560417 0.469675858951416 0.528234642193012 0.534760259600229 0.521019409778495 0.521363896021440 0.545530772813379 0.548267818093023 0.525589835545875 0.495256176482811 0.521468188529231 0.886241706814997 0.888640793392203 0.876613298918184 0.872634909403869 0.857395118944730 0.889589761412593 0.693329421758744 0.773678326264026 0.858624523619784 0.905328073461676 0.788843594145738 0.797014524183038 0.868982124391242 0.881347782249332 0.860242588128749 0.908192211042450 0.905377211709275 0.852518974937212 0.814138326180911 0.891222841632331 0.961847437576845 0.970044964723739 1.000000000000000 0.985717143749314 0.973248649680640 0.836979899521068 0.850914977396678 0.786936722882467 0.797224452503918 0.853781450731620 0.921054111510441 0.899276808372005 0.869185050220113 0.889207471808175 0.894409780745119 0.948254916004324 0.969822345309571 0.947953500697622 0.936209970028551 0.952774052341493 0.978627651156878 0.985513306603988 0.984203294235025 0.976735621310756 0.984079659785461 
0.724692533031830 0.739388823992861 0.712517680463202 0.763438374686106 0.671890940110869 0.621436328980346 0.652325418186748 0.650645198181643 0.664025386565989 0.568880013307818 0.674083102940782 0.725817726403854 0.681462066241255 0.669104687472034 0.713854432694052 0.579008200322455 0.567486056638502 0.530148059465302 0.430441796770621 0.586123894994046 0.522923002184745 0.549302294923937 0.567400096837915 0.550173108119212 0.562884629038739 0.573261645072803 0.588833191950676 0.552981831366492 0.543770444957282 0.561408290702403 0.867556332157746 0.870356182277504 0.858685353453901 0.849759219154618 0.832944896900502 0.866262172989047 0.677224820228833 0.744020106787279 0.845526616474477 0.885604284571689 0.740919903573271 0.782596275053943 0.828149437045179 0.859917425408356 0.856601244956657 0.882455277746914 0.877884072071438 0.826394522745011 0.763142400345648 0.873390426289816 0.968497220074095 0.965906596208535 0.985717143749314 1.000000000000000 0.986924797369695 0.822352139767052 0.855784808245612 0.767887209899912 0.781242060766172 0.867417798267063 0.902727049289291 0.875216741090386 0.821380594918353 0.847534159148693 0.876102960088277 0.940354835396700 0.953147450181665 0.912071919128923 0.953261531398362 0.922666256091296 0.972170605854212 0.972241912888606 0.978403594911666 0.987135674154190 0.985379150300599 
0.677425961782010 0.681124274356416 0.667709287694360 0.704266196611324 0.608911908349558 0.588101090632356 0.586972968508313 0.587119428796737 0.620537885523523 0.523134209189012 0.611331742686460 0.672910286215667 0.631843755305641 0.618383183869250 0.662965241709381 0.639989914948754 0.641053894192582 0.563949910819388 0.458554033263938 0.638321414639350 0.570718809463087 0.626634817323716 0.624464716416428 0.628257315808451 0.614586125529066 0.638926634858982 0.651365905734426 0.617304220451123 0.594025375755076 0.624072403048042 0.821758953990448 0.823485215055161 0.803604918981296 0.798168950045877 0.782075604395208 0.850759516835936 0.617317722029346 0.680698859255919 0.799090128089657 0.834677331094434 0.676844110977661 0.765766771511123 0.800290577322128 0.830864926650608 0.829797264706508 0.834002206906244 0.834117371017596 0.773696556174273 0.719239075551481 0.836243275336211 0.949748589107810 0.957674659073790 0.973248649680640 0.986924797369695 1.000000000000000 0.835582123162681 0.847624447420032 0.745315380436763 0.805552179582598 0.842575645853722 0.853540098081270 0.831299382932071 0.775299831851606 0.805313437236518 0.832340859629883 0.939728390351903 0.933669694977500 0.914628265326682 0.947108090840422 0.928455184200950 0.954625094686226 0.959160026507865 0.969341449972375 0.971760351536824 0.988229346221771 
0.708266522060382 0.620527131696065 0.615585974435753 0.648103120858053 0.460578762549645 0.652635532600106 0.576937033260355 0.391355370405093 0.625378550048365 0.548907131850563 0.578853758698159 0.656234833164642 0.634037155832582 0.584391787642578 0.603462899484820 0.416016527689899 0.402507162154618 0.461869717953903 0.315325794003635 0.476551876956292 0.355080127011607 0.455853425202696 0.423245985116861 0.453905308073104 0.478445573884254 0.448045044541349 0.452696294562104 0.405604439908281 0.403266463588205 0.406736871534640 0.811594662252631 0.794406653783177 0.771795317191745 0.773043126197279 0.753740354201553 0.896016968021740 0.323802348737928 0.538974806595621 0.760928289338829 0.746982399889408 0.775176950879898 0.545534467850967 0.865299665180303 0.841520020930210 0.820880026161117 0.808808681070215 0.783210422561093 0.760400450855706 0.783948519927010 0.762739155531964 0.731124303661739 0.883183902621943 0.836979899521068 0.822352139767053 0.835582123162681 1.000000000000000 0.827948530711524 0.603895150493596 0.867593860756430 0.650280697983440 0.781626660931863 0.772084502960971 0.678812027503861 0.803971640515671 0.757729069243930 0.782498619781742 0.792542910814575 0.861743315326888 0.848335939881671 0.817553864051251 0.836702135348117 0.873984644393768 0.861885500021069 0.779258783666797 0.872617622786089 
0.770321752921687 0.742527416496417 0.689075344996287 0.707490946967540 0.613552786232445 0.713828162605343 0.647145251153151 0.605433880265598 0.568863946991125 0.681159422867139 0.600653153037320 0.689211020066482 0.702349044354278 0.664607428950886 0.682960419101381 0.334903423188514 0.318429561700124 0.298566001613114 0.208277676758622 0.329620477327260 0.341431977728803 0.354477159711792 0.392204438245264 0.321047982452502 0.363280892507780 0.345277555968982 0.357139966034343 0.363959304049448 0.337117833468240 0.345738661554208 0.883252250145415 0.870466193742450 0.832058822114269 0.858445937783104 0.849865267305843 0.917951124931898 0.494624100526120 0.721612636232608 0.849926259819795 0.817214530960783 0.621711557380349 0.645951068424696 0.858900739874568 0.917761391818756 0.849807406666997 0.879352338571691 0.858003166449716 0.718469890840650 0.800863023863987 0.876460949492291 0.871159941145836 0.899469872203386 0.850914977396678 0.855784808245612 0.847624447420032 0.827948530711524 1.000000000000000 0.609476354922239 0.715641085867091 0.792286406182268 0.849255171925377 0.876934568344201 0.690703949423936 0.824396113893069 0.813418540137741 0.822508667387190 0.814107990586303 0.801346488533575 0.829402177412689 0.800615548474846 0.880505943448602 0.887409527248804 0.885268572931260 0.859540626750812 0.866339920505848 
0.534191840718244 0.482211967802311 0.260006614518259 0.429634754043187 0.510552118419227 0.536667135144218 0.597753224341357 0.437471512888693 0.398540707284765 0.575634113977358 0.495441540639026 0.436264673637405 0.471316441215239 0.457913828676958 0.454201126827100 0.629045504008977 0.561491636479269 0.566929500806817 0.493341725994560 0.570337497228827 0.537087949688183 0.581324822992966 0.661398093531793 0.545486822175716 0.567362626878876 0.603018205454162 0.616856859838752 0.631801617848743 0.567086066850335 0.593967711910688 0.589198036281732 0.577645684838283 0.566250696639973 0.566829224526327 0.540242274318045 0.604972178132148 0.615515100127647 0.792772083646023 0.542296572074659 0.636680418344618 0.609157638645622 0.633888448391500 0.574553522525392 0.600082972250319 0.459281408612285 0.643761698233637 0.618935752049837 0.554959176822612 0.603596187983421 0.605326597565480 0.760213812961650 0.781444530248651 0.786936722882467 0.767887209899912 0.745315380436763 0.603895150493596 0.609476354922239 1.000000000000000 0.711420348463031 0.812286025985429 0.656559791443719 0.625410851975130 0.652127126144877 0.625453442615819 0.585296977837890 0.774039478853051 0.861678120627112 0.754426463796814 0.630729383466009 0.760069644064150 0.681868052748417 0.770696973553298 0.722367953540392 0.736538171753442 0.726589990098664 
0.487588763733612 0.426775432167560 0.393354722692327 0.434561729598047 0.346975084448828 0.462752897855727 0.412055578017269 0.291396090404378 0.433578493423312 0.407439959481633 0.408573756230915 0.447665038182467 0.438630648488363 0.408961163008285 0.421313115318257 0.614251414069540 0.512117459206690 0.757695067372873 0.545628562518291 0.708637686960354 0.535411464864637 0.651583878935860 0.669702469198781 0.623469220941621 0.742869980061246 0.667158086937067 0.665251070712183 0.632691904808749 0.600734399781393 0.592402022787044 0.591525718114110 0.581236282894607 0.553998965980387 0.557086559065825 0.533056285902203 0.784276827930450 0.450037245075333 0.522753898504425 0.571097696249047 0.584471651476527 0.613453242671775 0.433075963279530 0.650066770910136 0.640901807316373 0.601881660519224 0.627752391717213 0.602144303842141 0.544098793421559 0.545495741354105 0.562784513181686 0.669972596363806 0.857770515533677 0.797224452503918 0.781242060766172 0.805552179582598 0.867593860756430 0.715641085867091 0.711420348463031 1.000000000000000 0.764514006786670 0.614960192103094 0.590222119805659 0.579435343915772 0.649948595617645 0.555722016549672 0.681671709483059 0.832691022426999 0.756732344812585 0.762348329094342 0.838228456983913 0.730428982468367 0.786301738732678 0.761324206365633 0.710536380052638 0.813613876091032 
0.591407084689016 0.598486127834863 0.474346991187935 0.558423126115587 0.630653464682808 0.577308032597546 0.606961652979358 0.615611611729680 0.463094784104629 0.625998517319024 0.550981652130985 0.550054136614068 0.553980647348470 0.549149526563808 0.556404273965393 0.534417814150999 0.501161957127245 0.576034499618469 0.401795191162709 0.633131514117838 0.617647181091623 0.547371410902600 0.602300618874762 0.538178265528281 0.677412029246963 0.583632081697355 0.600642705628863 0.568551986838799 0.600287263869450 0.573572147966738 0.688084008847021 0.692954903370204 0.673898195637076 0.678897934341706 0.658733935250865 0.754658322663297 0.733311369970366 0.777625921467854 0.746198929661625 0.739921998907102 0.571119112635684 0.679753715396686 0.654277415760218 0.712412504167594 0.607357039610411 0.733559623298531 0.719760812275645 0.601923157819368 0.598182978027993 0.700756489182578 0.886510363206911 0.852527613163270 0.853781450731620 0.867417798267063 0.842575645853722 0.650280697983440 0.792286406182268 0.812286025985429 0.764514006786670 1.000000000000000 0.746184926958185 0.730875754616714 0.714905240396917 0.666365515865329 0.680122203211266 0.826952864411612 0.922483630027547 0.760489014282818 0.799580260587986 0.829993644708397 0.815021769174945 0.843954605393289 0.811525817114705 0.857758109471915 0.835255773685074 
0.902644550747882 0.899224459268719 0.832713594709906 0.923239525507402 0.827332846621149 0.793689597787264 0.827310708574480 0.785840576401249 0.823459941410975 0.729165168968461 0.839918901284559 0.886734595236450 0.839062937997084 0.822939405982611 0.873950550109772 0.226495418458735 0.234430742341594 0.223970419344084 0.138040681660378 0.241772465943208 0.232650573458216 0.224782766465409 0.231512100356360 0.217125566660371 0.240758818186906 0.230610799204930 0.241491356010228 0.219502363371005 0.226937181582360 0.224287616166677 0.980324237512016 0.987233504219477 0.986501920167720 0.984642421353178 0.977917583251194 0.895604277557601 0.671597681428274 0.775377698219950 0.960461732716925 0.985164170236234 0.876586852053647 0.796055403300873 0.946201481884076 0.952993091888645 0.941202469836693 0.988425742396265 0.990785969507952 0.959823416022437 0.924652497463808 0.967829633838452 0.908989248477886 0.884614121080148 0.921054111510441 0.902727049289291 0.853540098081270 0.781626660931863 0.849255171925377 0.656559791443719 0.614960192103094 0.746184926958185 1.000000000000000 0.986577797871880 0.930574505165541 0.943964952561476 0.980309317194273 0.883581134907723 0.877334477966087 0.890043029370039 0.899833703463109 0.837824064010165 0.957739065204340 0.944772402745558 0.943716653128574 0.930529350919827 0.903007955187558 
0.919114706234956 0.900961715681980 0.816916346692633 0.904998810466678 0.829408079035861 0.829188596261910 0.824675193843049 0.789240622872646 0.791883955339605 0.773361591954118 0.814914108176548 0.870601519080155 0.839961982413403 0.819292019896581 0.867005445175297 0.187842691205030 0.194566182348769 0.178906077128818 0.106067243883973 0.195070010707828 0.180705542768128 0.179865509150981 0.187035611299610 0.179800492672658 0.190369273857120 0.186396001686509 0.198318244700103 0.174293515424581 0.181759708875749 0.174566696224215 0.980234576252453 0.990087004596094 0.977287846197145 0.990123528390712 0.986925749878641 0.909204105581209 0.654125844624922 0.792135522419496 0.965085976591221 0.979144080446575 0.823643816054562 0.786535380481619 0.956425814495473 0.972578554233627 0.938793325179463 0.987433771955110 0.996697055455581 0.925268839552512 0.940037289974291 0.988729121176281 0.901393296133161 0.866562278424398 0.899276808372005 0.875216741090386 0.831299382932071 0.772084502960971 0.876934568344201 0.625410851975130 0.590222119805659 0.730875754616714 0.986577797871880 1.000000000000000 0.910042378722932 0.944584368244491 0.978755852866844 0.871440964834566 0.854414737161548 0.874259862109299 0.865496704775317 0.824414170721116 0.943633480886432 0.931071866734178 0.929787394225425 0.908564105171128 0.883442061419567 
0.841852764488351 0.829197676578163 0.712762366961133 0.845410066686439 0.848243298578706 0.770950479667192 0.816216008496880 0.783373246687069 0.807008161741943 0.740840904425456 0.830638923872243 0.835047608058202 0.774622512044400 0.770709214260771 0.814763009641501 0.212954877081373 0.217269107309815 0.233405956778461 0.135423176049625 0.240734689500642 0.200684171877443 0.236814550156537 0.216538225541723 0.220618179649586 0.243449895136635 0.230191397057587 0.230055950677812 0.206262347381287 0.204714604812285 0.214008155904437 0.868725275308206 0.890547885418696 0.902946260191669 0.893849836302111 0.886493261179183 0.833348429321648 0.782227828190415 0.773296593157422 0.893956125509858 0.927400875310242 0.865006192561194 0.815270646997298 0.891074491296544 0.847994336981148 0.824230501704146 0.911266917861254 0.926978862291082 0.917314457257147 0.853081224983005 0.868789023495633 0.837059219757119 0.792492788882477 0.869185050220113 0.821380594918353 0.775299831851606 0.678812027503861 0.690703949423936 0.652127126144877 0.579435343915772 0.714905240396917 0.930574505165541 0.910042378722932 1.000000000000000 0.884293873700617 0.912493252052492 0.847458819146000 0.859624503958144 0.877904581919974 0.828527360591694 0.843891957887965 0.887040358951537 0.884074385963838 0.867784184102501 0.855641273291923 0.840761120120981 
0.901902715824174 0.858535132776581 0.743907537510304 0.834608154316789 0.742367185102292 0.790295160801486 0.775311410545929 0.687812204327229 0.775879317189089 0.744840162193202 0.772330426104030 0.824091244733991 0.813868134944629 0.776818119826426 0.821057685491108 0.229631279065575 0.199298885376838 0.246311929588462 0.199108271296265 0.215574355608804 0.166481194225205 0.204536665169206 0.225543863162921 0.182517721071738 0.192658363613674 0.212411278322126 0.218382418113417 0.209437145514377 0.190142123382089 0.204643606778632 0.953903355204946 0.948348338696880 0.941840416313051 0.951486544089310 0.949581607779179 0.884971621673341 0.573520890104851 0.786902420807335 0.879004437615838 0.911647596003521 0.856024302160358 0.667592294465266 0.934571158378029 0.949512534420519 0.891896835014348 0.964564325156417 0.955764135173632 0.912863983969772 0.954437425821471 0.941608374749118 0.841317763451451 0.875190529974820 0.889207471808175 0.847534159148693 0.805313437236518 0.803971640515671 0.824396113893069 0.625453442615819 0.649948595617645 0.666365515865329 0.943964952561476 0.944584368244491 0.884293873700617 1.000000000000000 0.923337370561452 0.823354333979024 0.825082889762896 0.889989454643555 0.821040523431202 0.840913319397268 0.899143451633365 0.912391834811717 0.900497910767871 0.859950800423473 0.868375467536223 
0.895321247090085 0.893046595062460 0.849701483091555 0.933148010072425 0.841563610656536 0.785437956020469 0.808238474107208 0.793137980831991 0.823171447430716 0.716460451526019 0.828993991324808 0.883344297489999 0.826866753937805 0.813296696811244 0.875365089223162 0.197821613334429 0.217367132916671 0.174286430932582 0.108325750820825 0.204149600245557 0.157772381463690 0.182349295714501 0.167612614880321 0.191968050052350 0.171089770344126 0.186760399901214 0.198775581368608 0.161289874155282 0.171257116541719 0.176784631143525 0.967473305852303 0.981569212466385 0.980477629911055 0.980150838041813 0.978483632948946 0.872110134418936 0.660951793489533 0.737340530340670 0.953128899531398 0.988316365931256 0.847813885918647 0.818080248126789 0.933545299319419 0.941551785523055 0.949177016628319 0.971455251844921 0.985258453625558 0.958248414999860 0.915867178936638 0.974229940041671 0.883701711135710 0.844754904061942 0.894409780745119 0.876102960088277 0.832340859629883 0.757729069243929 0.813418540137741 0.585296977837890 0.555722016549672 0.680122203211266 0.980309317194273 0.978755852866844 0.912493252052492 0.923337370561452 1.000000000000000 0.867886903649346 0.836018198709796 0.876979426661040 0.875552025694250 0.817884531722459 0.945226427528996 0.917767621131706 0.928370883275042 0.905095171401741 0.883870643218102 
0.762257274399842 0.729676655980561 0.635090706886335 0.720056181980180 0.701899892294239 0.723145593060518 0.711948229459049 0.659022771788561 0.666437494389559 0.692276665317586 0.694557852468056 0.721690380679592 0.697804898445280 0.681036634089075 0.707024313092231 0.542094073899943 0.574179546783757 0.378880108237263 0.366495913514011 0.474431443858242 0.510151873597063 0.515624740480430 0.520462082822153 0.520395884240720 0.461753562197611 0.528572529953956 0.536140177057975 0.528124725740635 0.501866992157024 0.540557296043704 0.849985475837695 0.850428157552726 0.836337287392785 0.835299857394102 0.819359721074233 0.820540172657388 0.639245124182784 0.764076706888327 0.855249169920930 0.870044770051367 0.717071206495353 0.822923844270636 0.840094298637655 0.855049906226991 0.794217705775242 0.875903771506219 0.874179762239493 0.813500058119895 0.807067164209530 0.871521683357762 0.957414793392582 0.891811594678686 0.948254916004324 0.940354835396700 0.939728390351903 0.782498619781742 0.822508667387190 0.774039478853051 0.681671709483059 0.826952864411612 0.883581134907723 0.871440964834566 0.847458819146000 0.823354333979024 0.867886903649346 1.000000000000000 0.920514964613473 0.950121341675173 0.904961760780876 0.908895236468010 0.932881710759884 0.953153691350051 0.941461625905695 0.947251726495773 0.943260756924516 
0.729490015458044 0.715999769949573 0.607864210034641 0.713970609586788 0.713372800404304 0.677957886488638 0.712722064265283 0.666968743713583 0.644291089490692 0.663892592862214 0.688655696512578 0.697136534140930 0.671938600824011 0.663773899266944 0.693330966257914 0.562989958257709 0.516711062224579 0.578231332904520 0.455117012957565 0.583389650536354 0.510772777477348 0.551371325815019 0.576824400166647 0.542846712401705 0.592377057213682 0.578708546968924 0.582656149428190 0.558515035576232 0.534833907808029 0.541499996539199 0.818695036298908 0.825423978910022 0.812799989851736 0.812056830692846 0.792763416830831 0.859976453303220 0.759136117893741 0.812758219348906 0.826688962353921 0.872969836946779 0.762264578215163 0.783308321153315 0.812407609501983 0.824317087789445 0.769779921447759 0.862137186648231 0.857277278952272 0.788077849243900 0.758725105163722 0.828890599205520 0.935983702482485 0.946797622533393 0.969822345309571 0.953147450181665 0.933669694977500 0.792542910814575 0.814107990586303 0.861678120627112 0.832691022426999 0.922483630027548 0.877334477966087 0.854414737161548 0.859624503958144 0.825082889762896 0.836018198709796 0.920514964613473 1.000000000000000 0.915324799916025 0.892131423438999 0.948432301647232 0.931449385875502 0.956931721045069 0.937254870653525 0.936610396063569 0.943294604115629 
0.811620167422707 0.751003084759890 0.627960439457939 0.731999915416985 0.699636503262342 0.758594609788250 0.741681398179761 0.628068247507759 0.713678596318042 0.725552641200812 0.721521831182957 0.743810566109820 0.731543894688185 0.702232658087969 0.729582907638676 0.491047372301465 0.512060963743847 0.411773333958289 0.340663856282555 0.453827595829638 0.402569075301696 0.505609120641640 0.462549819115495 0.497972920677110 0.437368368007813 0.494052694145761 0.488038831181698 0.472434475055925 0.423903473016233 0.474711461765211 0.873743094436907 0.867162237141034 0.857878200325248 0.856098992091447 0.842952339795819 0.872293850782205 0.593635826258916 0.759802269254104 0.834650061990992 0.875985528472467 0.805783449955389 0.804062117418448 0.892043193737424 0.888504597449702 0.816093511907320 0.897360166642445 0.888257205879771 0.856688586027639 0.868773455388222 0.867485874688600 0.901437219887875 0.921319376907516 0.947953500697622 0.912071919128923 0.914628265326682 0.861743315326888 0.801346488533575 0.754426463796814 0.756732344812585 0.760489014282818 0.890043029370039 0.874259862109299 0.877904581919974 0.889989454643555 0.876979426661040 0.950121341675173 0.915324799916025 1.000000000000000 0.875166086803060 0.939325761486985 0.930197057165016 0.966806619242178 0.948939909320382 0.907186123775935 0.943745775687142 
0.724926232943152 0.733971498299121 0.782862038647839 0.806303594866000 0.652683557227690 0.626711855620258 0.625017010660052 0.629721306934998 0.739651846519040 0.515697371686078 0.700167709488895 0.775448751008163 0.692433620198631 0.682980174249753 0.735792911229373 0.454926479099775 0.468910065889955 0.451286194519522 0.308362707197794 0.526468083885461 0.496389580537498 0.464784909109988 0.467864173855539 0.473641148247002 0.531401018119245 0.483811387367338 0.502508469920232 0.454587600923696 0.488064548908095 0.473260770650961 0.861757098603674 0.871917659607513 0.865038335171204 0.849416198694740 0.834420552848707 0.866604392787312 0.603656006050825 0.592743805608115 0.888560703053636 0.875403542561059 0.770021179262533 0.712182444436026 0.851120494508946 0.850031271514201 0.895306679122069 0.871857823511922 0.876984611292074 0.860041992897701 0.747828508043428 0.848469851753951 0.900481800644044 0.901787760632506 0.936209970028551 0.953261531398362 0.947108090840422 0.848335939881671 0.829402177412690 0.630729383466009 0.762348329094342 0.799580260587986 0.899833703463109 0.865496704775317 0.828527360591694 0.821040523431202 0.875552025694250 0.904961760780876 0.892131423438999 0.875166086803060 1.000000000000000 0.875837780880094 0.953494300918173 0.936282740028286 0.946917738495147 0.952859049161571 0.964482983018754 
0.709498906667733 0.679609208671780 0.597187005816656 0.672381054028727 0.659114498694489 0.666734041812690 0.639060818088710 0.614826287351043 0.636875914337886 0.638250007848771 0.637967928413356 0.672710668971579 0.646999714018311 0.631843899043616 0.666972123083416 0.606810262001542 0.555385923090666 0.589451544288545 0.518435084074342 0.555981117984403 0.470754699470970 0.592788465128183 0.596212095097564 0.542443955938146 0.527982224217686 0.597499994383439 0.587765927765894 0.591023113757880 0.517628067687103 0.580499224808160 0.790825282657210 0.795881138636621 0.777847711099880 0.783602478853443 0.770290839646391 0.864315625590036 0.693209725433403 0.761495544890510 0.783443624547793 0.831015776736490 0.715293571975011 0.736892505777336 0.812688243830740 0.812290543862497 0.777040475386017 0.840311220716794 0.838518806783368 0.760808668921496 0.749733625414728 0.816819410340575 0.894255346136762 0.929483378844255 0.952774052341493 0.922666256091296 0.928455184200950 0.817553864051251 0.800615548474846 0.760069644064150 0.838228456983913 0.829993644708397 0.837824064010166 0.824414170721116 0.843891957887965 0.840913319397268 0.817884531722459 0.908895236468010 0.948432301647232 0.939325761486985 0.875837780880094 1.000000000000000 0.914627398424265 0.938153711230848 0.925273700412884 0.897026959065695 0.949807605181962 
0.816812979350375 0.824986688788629 0.797773061634493 0.856088423510648 0.758297921996024 0.709626773611389 0.729605059973997 0.729786931450021 0.749396886454683 0.648544060288159 0.752324795523489 0.813368767673372 0.759962362947562 0.746764032901892 0.800004900527391 0.421353562772659 0.428595682272399 0.391737586663480 0.291124838856189 0.439317584118678 0.379907860421331 0.429797796375612 0.410162994292094 0.434112928523775 0.435088341226434 0.434582606037449 0.440090014679471 0.402745396197968 0.395703159841168 0.409113662924107 0.935517270935187 0.943311748731274 0.933159077848751 0.928639430012806 0.917891767027121 0.923181735860207 0.684651744911832 0.739601349157172 0.921748577875445 0.950792973278190 0.799780440979102 0.833963263539697 0.913392359827483 0.925457818875116 0.930914666569538 0.942817106986086 0.947380292263921 0.898960467586034 0.841527522071193 0.933152835430435 0.959999620315797 0.951527341266713 0.978627651156878 0.972170605854212 0.954625094686226 0.836702135348117 0.880505943448602 0.681868052748418 0.730428982468367 0.815021769174945 0.957739065204340 0.943633480886432 0.887040358951537 0.899143451633365 0.945226427528995 0.932881710759884 0.931449385875503 0.930197057165016 0.953494300918173 0.914627398424265 1.000000000000000 0.982120911381714 0.993496105080299 0.980078300920443 0.977652957278425 
0.823847812591573 0.796815914218770 0.713667945682323 0.796986816081229 0.726961913076487 0.742789083254272 0.746034870450687 0.678162594931295 0.718524934866324 0.699883394298769 0.735001554541529 0.778219030317426 0.752803834508842 0.728692836476468 0.764523637787694 0.476137950667407 0.478429717511510 0.445950067779116 0.330168690793017 0.487033728385566 0.429308013752186 0.482025082543968 0.471817638283914 0.477435284181685 0.478081431677112 0.484052116757348 0.492583479705379 0.462978524313993 0.446249680988750 0.465963925131482 0.925592390257798 0.924236495638525 0.910310395346637 0.910101041088809 0.895750889026517 0.925936465984946 0.653033884736521 0.789253946127812 0.896289701392986 0.926773738797366 0.811852022827378 0.809884657336979 0.916378318629229 0.932001675155882 0.886507486562438 0.941659747389547 0.934767753272687 0.878567221215388 0.868563350403555 0.920360326717554 0.958774221177282 0.972991302002115 0.985513306603988 0.972241912888606 0.959160026507865 0.873984644393768 0.887409527248804 0.770696973553298 0.786301738732678 0.843954605393289 0.944772402745558 0.931071866734178 0.884074385963838 0.912391834811717 0.917767621131706 0.953153691350051 0.956931721045069 0.966806619242178 0.936282740028286 0.938153711230848 0.982120911381714 1.000000000000000 0.991120387419094 0.970449494340167 0.981791411419812 
0.806991812854139 0.801983749162099 0.759395971235396 0.822760424797380 0.725057220590522 0.703636478587161 0.715881355219423 0.689342528190826 0.726630121334956 0.645002684178391 0.727926992650178 0.786250829738870 0.744469002990314 0.726269149561901 0.775053270244775 0.475088012088095 0.480540728375907 0.430381060491383 0.319898441528391 0.479405336493813 0.405016975141796 0.480048704930835 0.460984220484786 0.480155427817234 0.465538703705596 0.478236008561582 0.486457361695826 0.452025068443743 0.429869428011584 0.451824316788936 0.926057456493524 0.928831877467469 0.915990072332689 0.912352062100835 0.900402946734135 0.923628183559294 0.652910415544363 0.749017717888777 0.892168336562527 0.931647444956622 0.788604963673546 0.828651221304696 0.907186929617451 0.925858972581326 0.914416097240968 0.933194815237384 0.933019723496590 0.883863407898006 0.843855657786603 0.923651107217829 0.959118847332169 0.969838495370200 0.984203294235025 0.978403594911666 0.969341449972375 0.861885500021069 0.885268572931260 0.722367953540392 0.761324206365633 0.811525817114705 0.943716653128574 0.929787394225425 0.867784184102501 0.900497910767871 0.928370883275042 0.941461625905695 0.937254870653525 0.948939909320382 0.946917738495147 0.925273700412884 0.993496105080299 0.991120387419094 1.000000000000000 0.979078899854912 0.987005000223450 
0.764815906651399 0.784675009691012 0.744794435984989 0.805626782771426 0.727863621672622 0.657730427015100 0.688767796605992 0.707472924333938 0.698472266554380 0.604386907286688 0.710335295224286 0.762669678397421 0.716676479453300 0.708372965323694 0.760142913949260 0.495023283004470 0.511415169760009 0.429151451229604 0.324782670290116 0.515442424701583 0.490770579578555 0.486801213725383 0.493831894508698 0.493384434502106 0.506768677139665 0.501821916483153 0.518621477865318 0.482768724816615 0.487950939155411 0.497035922944730 0.893896368706260 0.900631962944055 0.889632913987498 0.883261972806568 0.871255000669100 0.859714012382921 0.692362068042327 0.743287613705754 0.881642662500190 0.912853140687412 0.740786084312339 0.820204485360451 0.847948397870248 0.884522822596935 0.874982429045901 0.902839494605763 0.908389803627001 0.853128968059923 0.791507684076904 0.904404983885552 0.981763044355406 0.942092818482367 0.976735621310756 0.987135674154190 0.971760351536824 0.779258783666797 0.859540626750812 0.736538171753442 0.710536380052638 0.857758109471915 0.930529350919827 0.908564105171128 0.855641273291923 0.859950800423474 0.905095171401741 0.947251726495773 0.936610396063569 0.907186123775934 0.952859049161571 0.897026959065695 0.980078300920443 0.970449494340167 0.979078899854913 1.000000000000000 0.974855584438518 
0.749438609846165 0.741264012716182 0.716634046358640 0.764857846541920 0.667327680943341 0.659364380903837 0.649696888170703 0.634564073035819 0.691676341073586 0.591573594728565 0.677261254464556 0.739594654648841 0.694949808579245 0.677667820752886 0.724119433146537 0.557613235004853 0.555813445918233 0.522074312166832 0.399381514515691 0.575637806095876 0.496359722363476 0.558391641787528 0.548744576527638 0.551167143666701 0.553742724759734 0.563320312842160 0.574277672132762 0.536747171063401 0.522540122372010 0.547614023021507 0.874778677197526 0.878387512940594 0.862531112276326 0.858163958714804 0.844546912485995 0.901523806710400 0.636121257700622 0.708622159722778 0.856686462455595 0.885204328247990 0.752171650810306 0.777425644191790 0.865687043648916 0.884238504741559 0.878529290370636 0.890314054232868 0.891076532497237 0.838707634064540 0.789290574408939 0.880814314723098 0.947693260750088 0.968179668447246 0.984079659785461 0.985379150300599 0.988229346221771 0.872617622786089 0.866339920505848 0.726589990098664 0.813613876091032 0.835255773685074 0.903007955187558 0.883442061419567 0.840761120120981 0.868375467536223 0.883870643218102 0.943260756924516 0.943294604115629 0.943745775687142 0.964482983018754 0.949807605181962 0.977652957278425 0.981791411419812 0.987005000223450 0.974855584438518 1.000000000000000 
