0.000001095596871 0.000000683591592 0.000000334806988 0.000000359974093 0.000000160612844 0.000000847564677 0.000000373724636 0.000000413500356 0.000000865346930 0.000001267859935 0.000000777151459 0.000000546098757 0.000000439707490 0.000001128489439 0.000000425638359 0.000000573431298 0.000000452614316 0.000000323976877 -0.000002732517414 0.000000319938695 0.000000191039719 0.000003427021426 0.000001038504166 0.000000350081261 0.000000274387435 0.000000625091347 0.000000478813654 0.000001308162536 0.000000497390637 0.000000642924383 0.000000612874238 0.000000573677238 0.000000477136785 0.000000173333205 0.000000167778726 0.000000613428933 0.000000570114846 0.000000345162301 0.000000223755860 0.000000344084949 0.000000592100151 0.000000504400937 0.000000415408194 0.000000310093722 0.000000566692627 0.000000617628076 0.000000530902959 0.000000327211296 0.000000172320655 0.000000785345637 0.000001080633387 0.000000523873724 0.000000251266917 0.000000372410593 -0.000000239664962 0.000000413231690 0.000000438610923 0.000000146079125 0.000001022119655 -0.000000245393813 0.000000261108042 0.000000221733401 0.000000283349665 0.000000142641091 0.000000114457719 0.000000411502603 0.000000250886184 0.000000195767592 0.000000211707055 0.000000353122165 0.000000263054214 0.000000280666268 0.000000248019492 0.000000278641709 0.000000247324234 0.000000361026042 0.000000289895972 0.000000220690112 0.000000169328289 0.000000323337991 0.000000376350261 0.000000393583381 0.000000230499265 0.000000536987582 0.000000206826525 0.000000423657234 0.000000369804717 0.000000351010447 0.000000386137411 0.000000263212797 0.000000210948874 0.000000225662540 0.000000203042836 0.000000182089492 0.000000081822695 0.000000267328675 0.000000278295869 0.000000311509203 0.000000172730147 0.000000144576099 0.000000173962965 0.000000139731308 0.000000148876116 0.000000109053252 0.000000044811706 0.000000369912686 0.000000384866864 0.000000284626504 0.000000309277159 0.000000143670806 0.000000298566087 0.000000305308582 0.000000302934125 0.000000313426291 0.000000300056365 0.000000435137892 0.000000371862998 0.000000566373620 0.000000236964531 0.000000450153081 0.000000400587742 0.000000368727492 0.000000289886537 0.000000285364772 0.000000209305138 0.000000360231976 0.000000304953719 0.000000350678973 0.000000313744695 0.000000326952388 0.000000299091370 0.000000323399652 0.000000328116801 0.000000315122484 0.000000310858733 
0.000000683591592 0.000109138577396 -0.000000061782996 0.000000920020965 -0.000000224568823 0.000000041497002 0.000000811997807 0.000000557355861 -0.000001360724198 0.000000603577424 -0.000000345986101 -0.000000007361652 -0.000000036439466 0.000000362718206 0.000000261150961 -0.000001200494746 0.000003430088449 0.000000721061006 0.000001088397744 -0.000002384587394 -0.000002078922569 0.000001427032653 0.000000444337049 0.000000733732026 -0.000000377185883 -0.000000123446449 -0.000000221030601 0.000000836153630 0.000000867244867 -0.000000820274083 -0.000000470143652 -0.000000168518762 0.000000802622420 0.000001225337645 -0.000000404407889 0.000000527414903 0.000000194857976 -0.000000828302602 0.000000117271342 0.000000171910651 -0.000000865212420 -0.000000931614196 -0.000000016803935 0.000000280260169 -0.000001648990528 -0.000001817207000 -0.000001136279072 -0.000002077643058 -0.000000099754786 -0.000004663563941 -0.000008845123609 -0.000000371584100 0.000008731714058 -0.000000248433397 0.000000289483648 0.000000297192155 -0.000000782186470 0.000002816814170 -0.000006256343767 0.000002093758106 -0.000000211900354 -0.000000199758620 -0.000000447748663 0.000000061748325 -0.000000114206085 -0.000000556286125 0.000000143004035 -0.000000003690779 0.000000114160036 0.000002500128610 -0.000000685319538 -0.000000059152139 -0.000000222026103 0.000000099326186 0.000000268185980 0.000000090499820 0.000000341203087 0.000000230082155 0.000000655966480 0.000003412143772 0.000000286823106 0.000000030088009 0.000000488279293 0.000000360910933 0.000000372905143 0.000000375552092 0.000000175581360 0.000000145422816 -0.000002016763704 0.000000666398943 0.000000357292723 0.000000455072343 0.000000291458207 0.000000349282927 0.000000097848750 0.000000610264895 0.000000178426277 -0.000000482567616 0.000000172692483 -0.000000059780673 0.000000675942441 0.000000302950327 0.000001050941667 -0.000000082069601 0.000000203417002 0.000000053759624 0.000000303049877 0.000000393836072 0.000000258695282 0.000000157237911 0.000000223674064 0.000000217941776 0.000000407692269 0.000000414033739 0.000000494557035 -0.000000854106861 0.000000562735242 -0.000001014751868 0.000000353552589 0.000001633649033 0.000000114086511 0.000000254383537 0.000000188399327 0.000000034809671 0.000000114623131 0.000000188790351 0.000000231820090 0.000000028788057 0.000000347719495 0.000000800110133 0.000000153647151 0.000000326318695 0.000000351691508 0.000000395673978 0.000000385468116 
0.000000334806988 -0.000000061782996 0.000001075454650 0.000000378930842 0.000000726276304 0.000000139643741 0.000000301331965 0.000000292322159 0.000000680311184 0.000000277905025 0.000000289635670 0.000000198425209 0.000000269232341 0.000000191527278 0.000000209894519 0.000000361907760 0.000000013954996 0.000000362665948 0.000000264906202 0.000000134077939 0.000000393709279 0.000000592045648 0.000000152976364 0.000000164222257 0.000000219552760 0.000000166074607 0.000000195222915 0.000000268009777 0.000000157591397 0.000000364042082 0.000000350710342 0.000000277110649 0.000000431276345 0.000000231670938 0.000000176669556 0.000000235939879 0.000000397941889 -0.000000020909318 0.000000019617268 0.000000258161979 0.000000278186109 0.000000243111767 0.000000209462690 0.000000181869744 0.000000052722738 0.000000574979894 0.000000251102969 0.000000334178061 0.000000183304616 -0.000000885175686 0.000000813892997 0.000000215927913 0.000000624108517 0.000000386505573 0.000000708631423 0.000000128001817 0.000000233008348 0.000000181444556 0.000000039844472 -0.000000061130051 0.000000279163193 0.000000239111714 0.000000249020026 0.000000196028877 0.000000167764236 0.000000255354466 0.000000265842977 0.000000127468653 0.000000243026474 0.000000344347785 0.000000172475910 0.000000197391537 0.000000139798332 0.000000204419599 0.000000200324512 0.000000271339119 0.000000268610311 0.000000166359821 0.000000441517642 0.000000206289491 0.000000284171918 0.000000231621432 0.000000168652590 0.000000358821265 0.000000224824144 0.000000182587400 0.000000206773867 0.000000213517617 0.000000217742544 0.000000232719605 0.000000225659714 0.000000268116902 0.000000285393292 0.000000280172073 0.000000214666252 0.000000285010862 0.000000298549093 0.000000296189736 0.000000207893195 0.000000254463426 0.000000275871962 0.000000212732931 0.000000327273308 0.000000214434073 0.000000162522477 0.000000306877437 0.000000317154839 0.000000293413926 0.000000334378612 0.000000261853510 0.000000162496903 0.000000175492846 0.000000167043102 0.000000205429325 0.000000245758301 0.000000207303680 0.000000312274426 0.000000308345723 0.000000261862539 0.000000225490127 0.000000306059431 0.000000342348797 0.000000320395154 0.000000355838998 0.000000281545443 0.000000234577143 0.000000214614003 0.000000245801519 0.000000276574675 0.000000277402827 0.000000187507115 0.000000201756579 0.000000208094069 0.000000199554097 0.000000218152762 
0.000000359974093 0.000000920020965 0.000000378930842 0.000001006242790 0.000000504329236 0.000000213646154 0.000000326691555 0.000000219807560 0.000000161015099 0.000000339870536 0.000000210833448 0.000000200593566 0.000000342466713 0.000000256102074 0.000000153517062 0.000000275637770 0.000001418471601 0.000000299718476 0.000000296435810 0.000000517083183 0.000000395552740 0.000000610680656 0.000000172237651 0.000000151776447 0.000000338919933 0.000000176305423 0.000000191913922 0.000000353834209 0.000000308561226 0.000000341813601 0.000000423429656 0.000000525572046 0.000001015571648 0.000000431461200 0.000000200273347 0.000000620305375 0.000000449275371 0.000000236892099 0.000000207383019 0.000000450811211 0.000000567618485 0.000000396091124 0.000000266192150 0.000000359446234 0.000000500194496 0.000000440585516 0.000000455748561 0.000000725697844 0.000000405821280 0.000001497605224 0.000000874539775 0.000000310572766 0.000000435075967 0.000000175419672 0.000000107957829 0.000000276146804 0.000000336206574 0.000000313079113 0.000000565809892 -0.000000014471513 0.000000291215455 0.000000327973620 0.000000217573179 0.000000254908700 0.000000171161918 0.000000278031125 0.000000200742710 0.000000154273349 0.000000228022143 0.000000200184247 0.000000136901022 0.000000218328916 0.000000222835197 0.000000306398920 0.000000198079957 0.000000355625733 0.000000268119553 0.000000292695563 0.000000314216738 0.000000062346697 0.000000320712259 0.000000249531629 0.000000185318784 0.000000470784694 0.000000176429681 0.000000296295624 0.000000335931991 0.000000233518484 0.000000127080923 0.000000297540319 0.000000206626675 0.000000243826042 0.000000258305294 0.000000262116635 0.000000197431598 0.000000232843251 0.000000259892171 0.000000227772690 0.000000224616887 0.000000313409913 0.000000276180546 0.000000226285895 0.000000302546177 0.000000181660541 0.000000159736400 0.000000296387156 0.000000331915773 0.000000315968880 0.000000356768138 0.000000278913342 0.000000150252428 0.000000170995970 0.000000169135010 0.000000189615962 0.000000225741937 0.000000267212214 0.000000302298046 0.000000474497833 0.000000285381086 0.000000479595264 0.000000318849449 0.000000383192935 0.000000340120281 0.000000425826051 0.000000314220384 0.000000226545232 0.000000221885841 0.000000253337484 0.000000267155449 0.000000313766828 0.000000180772559 0.000000198856745 0.000000204665091 0.000000195153687 0.000000222435985 
0.000000160612844 -0.000000224568823 0.000000726276304 0.000000504329236 0.000001771089247 0.000000112278445 0.000000300882369 0.000000149454061 0.000000712029546 0.000000137624485 0.000000172424653 0.000000039549725 0.000000140291461 0.000000087322870 0.000000068680715 0.000000180969946 0.000000780260290 0.000000639152856 0.000000653370592 0.000001244767504 0.000000236657575 -0.000000117130042 0.000000022375275 0.000000089270887 0.000000393451566 0.000000045840435 0.000000038900329 0.000000037290427 0.000000037464559 0.000000554836097 0.000000332655551 0.000000520652784 0.000000592448430 0.000000784091248 0.000000108167614 0.000000004366225 0.000000302049241 0.000000075246002 0.000000156998264 0.000000585278429 0.000000150066104 0.000000153531235 0.000000160848812 0.000000472420423 0.000000198380125 0.000000925675594 0.000000357746818 -0.000000002526422 0.000000760342297 0.000004421895532 0.000000746280083 0.000000408790032 0.000001141871684 0.000001222404474 0.000000673739673 0.000000111542308 0.000000329367684 0.000000326457156 0.000000560312505 -0.000000086239777 0.000000291867606 0.000000289472278 0.000000302513817 0.000000226764885 0.000000110669324 0.000000210001940 0.000000161276863 0.000000105536062 0.000000279344157 0.000000099981799 0.000000118396681 0.000000167409230 0.000000197179857 0.000000196174844 0.000000211481717 0.000000230224470 0.000000172451409 0.000000158396495 0.000000458859381 0.000000017893704 0.000000088932532 0.000000279622228 0.000000086965661 0.000000294310262 0.000000079542202 -0.000000039844153 0.000000055479346 0.000000127573675 0.000000222431820 -0.000000257861153 0.000000165668740 0.000000198583542 0.000000241846308 0.000000267724250 0.000000315189712 0.000000106222699 0.000000177825057 0.000000194698017 0.000000253931747 0.000000377325280 0.000000286112600 0.000000268821520 0.000000474292834 0.000000300635809 0.000000265259848 0.000000173819515 0.000000189285073 0.000000252381914 0.000000329072781 0.000000404876386 0.000000071693225 0.000000066068387 0.000000064549821 0.000000065619707 0.000000106852662 0.000000071789034 0.000000106285053 0.000000185202114 0.000000161011464 0.000000055857141 0.000000199245885 0.000000252612821 0.000000296007212 0.000000381567021 0.000000394662880 0.000000117808724 0.000000112564252 0.000000109139721 0.000000117778493 0.000000070568988 0.000000085483765 0.000000103345077 0.000000088187455 0.000000088987630 0.000000118781710 
0.000000847564677 0.000000041497002 0.000000139643741 0.000000213646154 0.000000112278445 0.000004820481341 0.000002012142791 0.000000274920511 0.000001913107441 0.000002281328618 0.000002128514985 0.000001483635842 0.000002155232666 0.000002577366581 0.000000942929031 0.000003549229136 0.000001165302221 0.000000359126405 -0.000010330725600 -0.000000014834986 0.000007276999098 0.000002299935966 0.000002059455871 0.000000431386268 0.000000148259662 0.000001895115034 0.000000628992507 0.000001954591784 0.000000894185066 0.000000687865415 0.000000404672949 0.000000465795269 0.000000346423903 -0.000000120652492 0.000000124110372 0.000000810891390 0.000000537387259 0.000000536539290 0.000000069697177 0.000000240369969 0.000000483386308 0.000000418931889 0.000000480818772 0.000000244536983 0.000001209640051 0.000000662811164 0.000000706036854 0.000000163210672 -0.000000057118008 0.000000947831979 0.000000061286645 0.000000750962061 0.000000659910496 -0.000000182010051 -0.000000753492919 0.000000805508153 0.000000361971914 0.000000215951324 0.000000414869158 0.000000647448855 0.000000160308438 0.000000122641860 0.000000135056759 0.000000227690980 0.000000177895015 0.000000020456497 0.000000122106542 0.000000133522379 0.000000113621437 0.000000328005087 0.000000215619803 0.000000200246455 0.000000189578878 0.000000312399088 0.000000062767145 0.000000171527483 0.000000196708671 0.000000329546824 0.000000184729970 0.000000196946384 0.000000400991386 0.000000293406548 0.000000212862864 0.000000274033494 0.000000183609746 0.000000335214167 0.000000315073884 0.000000387376869 0.000000352572060 0.000000057183319 0.000000107512653 0.000000113851903 0.000000064077239 0.000000056926380 -0.000000005913824 0.000000199258108 0.000000259936556 0.000000089383047 0.000000051576505 0.000000057139354 0.000000044432039 0.000000008478668 0.000000091765149 -0.000000051088069 -0.000000040984404 0.000000230898931 0.000000276698066 0.000000152142239 0.000000200967422 0.000000016093863 0.000000252964425 0.000000252895733 0.000000280273233 0.000000249771000 0.000000183120879 0.000000334709530 0.000000253299222 0.000000278646675 0.000000151163468 0.000000323127527 0.000000260175549 0.000000228193320 0.000000115022704 0.000000185102128 0.000000052991555 0.000000248531148 0.000000335515122 0.000000259607576 0.000000247123253 0.000000273083662 0.000000271310073 0.000000306318254 0.000000287255846 0.000000273215946 0.000000248907372 
0.000000373724636 0.000000811997807 0.000000301331965 0.000000326691555 0.000000300882369 0.000002012142791 0.000007414141378 0.000000627092389 0.000000363940082 0.000000202937605 0.000001712611175 0.000001132143170 0.000001925941847 0.000001514108169 0.000000558388138 0.000002953721729 -0.000001717571496 0.000000841995664 -0.000010355034472 0.000000267809754 0.000007380188124 0.000002547716424 -0.000000234058865 0.000000534823830 0.000000474227569 0.000001257840209 0.000000514035995 0.000004336879168 0.000000461389390 0.000002352556462 0.000001189885239 0.000000787011839 0.000000848304688 0.000000379560375 0.000000428103140 0.000001055233694 0.000002427233198 0.000000831737610 -0.000000097665427 0.000000279929121 0.000001503417212 0.000001249008090 0.000000807336368 0.000001715397299 0.000002044032539 0.000001048089666 0.000000922597732 0.000000927502616 0.000000165714708 0.000001385018810 0.000000918906083 0.000001390118223 0.000009715118703 0.000001460510405 -0.000000362994869 0.000001083634297 0.000001011419458 0.000002751704013 0.000002620320318 0.000000689659957 0.000000500544450 0.000000297615336 -0.000000058066573 0.000000510624553 0.000000528053742 0.000000763707771 0.000000379759905 0.000000131643019 0.000000371565830 0.000000608638097 0.000000360830012 0.000000326844415 0.000000211221681 0.000000484483198 0.000000301485089 0.000000372625263 0.000000397847448 0.000000362762262 0.000000467222891 0.000000926842456 0.000000431430963 0.000000574361853 0.000000214378703 0.000000581988546 0.000000129915423 0.000000711641105 0.000000523426793 0.000000629456471 0.000000630957512 0.000000441632123 0.000000226184605 0.000000235345532 0.000000213629886 0.000000226212450 0.000000177566923 0.000000222992556 0.000000371682110 0.000000640248051 0.000000363603673 0.000000349732872 0.000000161316969 0.000000122359577 0.000001284009424 0.000000165198779 0.000000052662459 0.000000403438305 0.000000399021447 0.000000268706204 0.000000346544626 0.000000191895348 0.000000340628569 0.000000287064237 0.000000266934122 0.000000273261823 0.000000237836467 0.000000708250995 0.000000595579212 0.000000561559810 0.000000271237316 0.000000737516076 0.000000513890827 0.000000578906313 0.000000299838092 0.000000434696523 0.000000221146831 0.000000617300294 0.000000398748459 0.000000454253164 0.000000353384822 0.000000488525091 0.000000379226123 0.000000513280988 0.000000327797196 0.000000349356385 0.000000309026985 
0.000000413500356 0.000000557355861 0.000000292322159 0.000000219807560 0.000000149454061 0.000000274920511 0.000000627092389 0.000001369265632 0.000000748166363 0.000000303327402 0.000000427237472 0.000000427860218 0.000000320065324 0.000000464403587 0.000000313776654 0.000000146570173 0.000000449825512 0.000000104793820 -0.000001144421999 0.000000213153697 0.000000283312079 0.000000478953922 0.000000320036312 0.000000346058534 0.000000208083378 0.000000280871676 0.000000508401542 0.000000579458391 0.000000237107092 0.000000511825967 0.000000364754755 0.000000456565092 0.000000273299899 0.000000232341036 0.000000209673540 0.000000546895566 0.000000350028327 0.000000287309735 0.000000032340674 0.000000352878218 0.000000393368174 0.000000391908978 0.000000304566526 0.000000142197761 0.000000355474446 0.000000367882862 0.000000340396005 0.000000226480579 0.000000144371649 0.000001067661591 0.000000535075432 0.000000428229696 0.000000519776332 0.000000550816288 0.000000257010749 0.000000336820138 0.000000358298103 0.000000281198189 0.000000342635344 -0.000000524933467 0.000000170787598 0.000000131899664 0.000000164709340 0.000000183062560 0.000000181554792 0.000000292054193 0.000000192142302 0.000000142377134 0.000000176036941 0.000000116882090 0.000000234304145 0.000000179884808 0.000000133114900 0.000000239218836 0.000000295074818 0.000000214296410 0.000000212184109 0.000000123269678 0.000000178952815 0.000000140259711 0.000000283295990 0.000000449230491 0.000000200879918 0.000000336220856 0.000000086517200 0.000000353391900 0.000000305108089 0.000000280720033 0.000000279051460 0.000000327379755 0.000000163832884 0.000000169913095 0.000000164030945 0.000000148398964 0.000000071038239 0.000000160225771 0.000000274463193 0.000000125485055 0.000000196799628 0.000000112745374 0.000000170284414 0.000000109387875 0.000000129349678 0.000000084258729 0.000000033854793 0.000000241185161 0.000000278535964 0.000000245735471 0.000000210551508 0.000000127325044 0.000000243377179 0.000000246015543 0.000000238277474 0.000000253242906 0.000000235214275 0.000000352703793 0.000000256542572 0.000000518154177 0.000000232616259 0.000000427479682 0.000000263282696 0.000000264907144 0.000000202523872 0.000000267114615 0.000000181549726 0.000000299354796 0.000000257096977 0.000000287525349 0.000000242863829 0.000000283894623 0.000000254607316 0.000000276643593 0.000000265610384 0.000000250749756 0.000000253923681 
0.000000865346930 -0.000001360724198 0.000000680311184 0.000000161015099 0.000000712029546 0.000001913107441 0.000000363940082 0.000000748166363 0.000005356261186 0.000002311471854 0.000001924681282 0.000001059327392 0.000000685127920 0.000002392024000 0.000001124663695 0.000001083097394 0.000000024974121 -0.000000030111898 -0.000002180745326 0.000000162770370 -0.000000062276823 -0.000001165801080 0.000002373700612 0.000000216257992 0.000000465335264 0.000001760285746 0.000000934641868 0.000000851919483 0.000001176720759 0.000000473757509 0.000000564715797 0.000000497475350 0.000000291694429 -0.000000149916266 0.000000109361496 0.000000581712113 0.000000859442513 0.000000329463330 0.000000157696921 0.000000169174609 0.000000579205505 0.000000587673616 0.000000335703790 0.000000421389345 0.000000175414850 0.000000345804925 0.000000399314702 0.000001058103055 -0.000000024736214 -0.000000115297706 0.000001298291421 0.000000587421410 0.000001490889989 0.000000775188279 0.000000450059155 0.000000476537591 0.000000294327913 0.000000505839791 0.000000734899253 -0.000000010673690 0.000000211837201 0.000000160273991 0.000000176858541 0.000000258720388 0.000000442592005 0.000000277006941 0.000000166234802 0.000000107931959 0.000000193820510 0.000000045166790 0.000000161203017 0.000000194621445 0.000000171933762 0.000000176786553 0.000000077806574 0.000000234945850 0.000000191108840 0.000000008447885 0.000000225415935 -0.000000020590440 0.000000349974156 0.000000409995848 0.000000132384805 0.000000495211236 0.000000036206248 0.000000242571652 0.000000341864223 0.000000225990144 0.000001535815630 0.000000019737238 0.000000104583170 0.000000104257226 0.000000101467394 0.000000080462840 0.000000032372805 0.000000319589771 0.000000212823162 0.000000366875372 0.000000104965472 0.000000098558318 0.000000127440204 0.000000039470794 0.000000196599507 0.000000086001139 -0.000000016287035 0.000000194938784 0.000000253505865 0.000000139371982 0.000000199378479 0.000000072427213 0.000000163316826 0.000000230938057 0.000000176684120 0.000000176997664 0.000000146957972 0.000000320306747 0.000000256266884 0.000000571536370 0.000000122307382 0.000000307395675 0.000000275523510 0.000000292172001 0.000000179015594 0.000000243357911 0.000000156711012 0.000000319645829 0.000000156307655 0.000000236988115 0.000000174749773 0.000000200228311 0.000000238888613 0.000000226265944 0.000000203281706 0.000000183966769 0.000000177766592 
0.000001267859935 0.000000603577424 0.000000277905025 0.000000339870536 0.000000137624485 0.000002281328618 0.000000202937605 0.000000303327402 0.000002311471854 0.000004840564659 0.000002038830907 0.000001140102038 0.000000919966576 0.000001881685736 0.000001028247075 0.000001422555604 0.000002923511631 0.000000280876892 -0.000002664305743 0.000000927216749 0.000000543175881 -0.000000052775375 0.000002447380363 0.000000487239752 0.000000080974075 0.000001455522366 0.000000928573759 0.000001235327359 0.000001067372333 0.000001681030448 0.000001445421303 0.000001171657886 0.000000415802308 0.000000307295227 0.000000125505732 0.000001406305685 0.000001368175146 0.000000658541675 0.000000373679345 0.000000512367849 0.000000837659826 0.000000938035095 0.000000180561572 0.000000326974403 0.000001003950496 0.000001244185657 0.000001074117806 0.000000525243619 0.000000021802366 0.000001748072691 0.000001951168374 0.000000520111629 0.000000462215507 0.000000339394338 0.000000735296774 0.000000420704786 0.000000612786470 -0.000000103471456 0.000001412584403 -0.000000057529008 0.000000359629163 0.000000281450682 0.000000394904992 0.000000439079355 0.000000197720393 0.000000230914075 0.000000165154686 0.000000271988508 0.000000185429368 0.000001216856147 0.000000217208003 0.000000306453815 0.000000452715019 0.000000296796613 0.000000114373492 0.000000535997962 0.000000564667242 0.000000306250579 0.000000217663115 0.000001934777208 0.000000601211151 0.000000356877074 0.000000124405462 0.000001163569417 0.000000118247904 0.000000662532246 0.000000538533516 0.000000351752641 0.000000585436161 0.000000204340860 0.000000215450831 0.000000243285470 0.000000205381586 0.000000222592177 0.000000108587864 0.000000270201336 0.000000139336075 0.000000118399592 0.000000076015670 0.000000268614585 0.000000187749445 0.000000106463330 0.000000138049121 0.000000150951859 0.000000092747988 0.000000458586445 0.000000548043785 0.000000417014147 0.000000597247437 0.000000329005302 0.000000149540158 0.000000216559187 0.000000208994435 0.000000227381894 0.000000219658428 0.000000546270811 0.000000439119775 0.000000622022598 0.000000204298680 0.000000508616398 0.000000508832323 0.000000454289980 0.000000466839462 0.000000525965702 0.000000507487855 0.000000246096632 0.000000352132965 0.000000392440587 0.000000326461274 0.000000523308505 0.000000229492289 0.000000307532926 0.000000201601972 0.000000256301426 0.000000231973655 
0.000000777151459 -0.000000345986101 0.000000289635670 0.000000210833448 0.000000172424653 0.000002128514985 0.000001712611175 0.000000427237472 0.000001924681282 0.000002038830907 0.000002916633517 0.000001333553670 0.000001566166177 0.000002207821035 0.000001352763447 0.000002077686352 -0.000000801236417 0.000000396047237 -0.000004048184221 0.000000312816467 0.000003219680758 0.000001178098768 0.000001750029594 0.000000740172527 0.000000136000750 0.000001595317649 0.000001018968746 0.000002227636693 0.000000869957627 0.000000574565983 0.000000787331009 0.000000750182608 0.000000311302850 0.000000099990382 0.000000152286474 0.000001839450554 0.000001032989286 0.000000122727899 0.000000104652820 0.000000152488836 0.000001121781958 0.000000749202416 0.000000528065669 0.000001778082238 0.000000543127704 0.000000843522382 0.000000426277608 0.000000362827967 0.000000157232772 -0.000000030567954 0.000003424962190 0.000000126981755 0.000000783660170 0.000000257379241 -0.000000145889298 0.000000575744053 0.000000443797265 0.000000421268029 0.000001291198524 -0.000000076972710 0.000000234677561 0.000000178024087 0.000000309985001 0.000000249024670 0.000000088424699 0.000000392575479 0.000000272251171 0.000000154921701 0.000000168762704 0.000000424544139 0.000000332968552 0.000000303461830 0.000000276564173 0.000000301965926 0.000000254470903 0.000000270293277 0.000000318794341 0.000000156053373 0.000000163241158 0.000000744683617 0.000000431964365 0.000000359391250 0.000000189795632 0.000000370908233 0.000000060931902 0.000000724257832 0.000000687163355 0.000000377034295 0.000000679459901 0.000000316066291 0.000000144989573 0.000000166540502 0.000000139607029 0.000000135160793 0.000000056682466 0.000000210195613 0.000000193949021 0.000000293977442 0.000000120132595 0.000000133319012 0.000000154863828 0.000000077231814 0.000000156870652 0.000000020244289 0.000000019728757 0.000000342286357 0.000000294925708 0.000000184831906 0.000000267970503 0.000000080706799 0.000000331869862 0.000000344918803 0.000000317120112 0.000000279293402 0.000000226445138 0.000000345954187 0.000000378728293 0.000001844990712 0.000000244272080 0.000001145158481 0.000000335248127 0.000000264682901 0.000000233063169 0.000000192169158 0.000000123179505 0.000000362623579 0.000000514100190 0.000000366209228 0.000000299455901 0.000000489582481 0.000000474691128 0.000000493217160 0.000000352065373 0.000000342870699 0.000000349104093 
0.000000546098757 -0.000000007361652 0.000000198425209 0.000000200593566 0.000000039549725 0.000001483635842 0.000001132143170 0.000000427860218 0.000001059327392 0.000001140102038 0.000001333553670 0.000001332970116 0.000001346765646 0.000001395176301 0.000000824937137 0.000001507590180 0.000000352483758 0.000000385304982 -0.000002347297698 0.000000372743490 0.000002703314625 0.000001190540657 0.000000860750208 0.000000750642091 0.000000129727969 0.000001218656058 0.000000936717290 0.000001346958647 0.000000540286325 0.000000752324971 0.000000559779882 0.000000517646631 0.000000227523272 0.000000078097163 0.000000167922048 0.000000780080370 0.000000679757956 0.000000111540102 0.000000069244443 0.000000209735583 0.000000867708758 0.000000716384745 0.000000463527218 0.000000465735601 0.000000555663579 0.000000348640807 0.000000314898903 0.000000461347394 0.000000121170615 0.000000871238537 0.000001782395067 0.000000456154030 0.000000970979921 0.000000264828097 -0.000000043911366 0.000000417828047 0.000000387699188 0.000000405363900 0.000001434931765 -0.000000193671259 0.000000175859661 0.000000140729660 0.000000173304799 0.000000113356790 0.000000074546189 0.000000381206459 0.000000223433905 0.000000127470106 0.000000166216074 0.000000326755143 0.000000302651224 0.000000275101641 0.000000170873640 0.000000238786244 0.000000236205734 0.000000270893706 0.000000245537429 0.000000066613182 0.000000112022006 0.000000471849083 0.000000442588716 0.000000376334063 0.000000163318147 0.000000347838257 0.000000149931532 0.000000677894868 0.000000576172315 0.000000329631055 0.000000507437583 0.000001193511782 0.000000137714728 0.000000158908714 0.000000129428858 0.000000120648377 0.000000034277977 0.000000194067870 0.000000225753646 0.000000221147095 0.000000121983575 0.000000100906263 0.000000099664716 0.000000068710328 0.000000196667352 -0.000000003335077 -0.000000028742041 0.000000295664162 0.000000286149488 0.000000182992226 0.000000216532029 0.000000067481810 0.000000298689014 0.000000311507745 0.000000289592069 0.000000264050293 0.000000212990080 0.000000465070125 0.000000329319090 0.000000869804009 0.000000191778340 0.000000523338625 0.000000299609255 0.000000257114081 0.000000199259977 0.000000211629723 0.000000085406501 0.000000358268428 0.000000260998894 0.000000306553111 0.000000264086843 0.000000345075739 0.000000357515894 0.000000377010919 0.000000336400603 0.000000330783291 0.000000281757676 
0.000000439707490 -0.000000036439466 0.000000269232341 0.000000342466713 0.000000140291461 0.000002155232666 0.000001925941847 0.000000320065324 0.000000685127920 0.000000919966576 0.000001566166177 0.000001346765646 0.000002464564708 0.000001509961598 0.000000965016413 0.000002482265503 0.000000201309600 0.000000527184304 -0.000001652541984 0.000000226332685 0.000005909577033 0.000002229156918 0.000000467045391 0.000000645814071 0.000000207135662 0.000001345302777 0.000000748583104 0.000001866613027 0.000000626099791 0.000001210491441 0.000000573437342 0.000000508545939 0.000000461347400 0.000000133039691 0.000000108720106 0.000000698354631 0.000001145419595 0.000000154171344 -0.000000002392546 0.000000186889983 0.000000775477286 0.000000693223850 0.000000526365006 0.000000562427481 0.000000796364548 0.000000702657994 0.000000595430996 0.000000138069651 0.000000182429738 0.000000355165480 0.000000857062176 0.000000461861151 0.000002874521379 0.000000175265824 0.000000056630010 0.000000620169645 0.000000256578417 0.000000921400280 0.000000771191405 0.000000246249741 0.000000192417056 0.000000164686665 0.000000159354037 0.000000213834334 -0.000000050750713 0.000000182714028 0.000000174878245 0.000000084490352 0.000000150834980 0.000000402942537 0.000000256806970 0.000000209147355 0.000000169702332 0.000000329365594 0.000000180012139 0.000000192011346 0.000000267836237 0.000000280036757 0.000000232031399 0.000000558620016 0.000000390124810 0.000000327411317 0.000000194973059 0.000000555602082 0.000000140239831 0.000000508340921 0.000000423918174 0.000000397304958 0.000000372287654 0.000000956023445 0.000000136124502 0.000000168819708 0.000000139129530 0.000000141871551 0.000000062130782 0.000000274342965 0.000000354816950 0.000000176363415 0.000000165245627 0.000000139834408 0.000000128963294 0.000000072945537 0.000000429608568 -0.000000045636397 0.000000036897796 0.000000302808403 0.000000320367210 0.000000234367671 0.000000305919934 0.000000153025090 0.000000271606853 0.000000257407462 0.000000270907603 0.000000248914311 0.000000202289541 0.000000366308487 0.000000271249733 0.000000550319738 0.000000165202553 0.000000376627410 0.000000283600091 0.000000272266071 0.000000234237138 0.000000333678375 0.000000203793875 0.000000312845168 0.000000290993165 0.000000290835834 0.000000289886269 0.000000357469286 0.000000324368062 0.000000373166075 0.000000311442909 0.000000319737492 0.000000266804739 
0.000001128489439 0.000000362718206 0.000000191527278 0.000000256102074 0.000000087322870 0.000002577366581 0.000001514108169 0.000000464403587 0.000002392024000 0.000001881685736 0.000002207821035 0.000001395176301 0.000001509961598 0.000003159172587 0.000001080326486 0.000002307219922 -0.000000210458857 0.000000408358263 -0.000005995048442 0.000000344412939 0.000003654593438 0.000004147757677 0.000001854869199 0.000000796282595 0.000000289327120 0.000001810272119 0.000000895259500 0.000002508621185 0.000001121544810 0.000000767513973 0.000000572120029 0.000000853737700 0.000000165336840 0.000000101459935 0.000000180762786 0.000002332491367 0.000001034290870 0.000000161834841 0.000000140586774 0.000000203934687 0.000001305879647 0.000000760880543 0.000000582218209 0.000001248585975 0.000000286156637 0.000000617866738 0.000000436873852 0.000001055741615 0.000000106305492 0.000000382336750 0.000001580311815 0.000000445725430 0.000003115351353 0.000000110575399 -0.000000267928924 0.000000535566805 0.000000527542661 0.000001046586155 0.000000748842424 0.000000235120426 0.000000231712020 0.000000157898191 0.000000334397860 0.000000119899135 0.000000325786517 0.000000329264585 0.000000278113806 0.000000129148423 0.000000152501645 0.000000369568440 0.000000366385760 0.000000313609349 0.000000222746928 0.000000273982032 0.000000215376468 0.000000251774287 0.000000231891946 0.000000043339824 0.000000107218188 0.000000401711221 0.000000418424150 0.000000311794445 0.000000202925322 0.000000302603358 0.000000158342025 0.000000742631740 0.000000762698249 0.000000332064303 0.000000767170070 0.000000400240801 0.000000140372432 0.000000156813435 0.000000134931854 0.000000130325452 0.000000061163582 0.000000210212421 0.000000273948103 0.000000425290783 0.000000131753335 0.000000137754965 0.000000133039020 0.000000071729828 0.000000428708419 0.000000076033156 -0.000000007469038 0.000000271225676 0.000000266782881 0.000000165182277 0.000000189572112 0.000000067281385 0.000000335002996 0.000000369894721 0.000000335330911 0.000000290894335 0.000000220918961 0.000000309660737 0.000000449326009 0.000001997873086 0.000000289963142 0.000001634585553 0.000000316169758 0.000000282067497 0.000000184802568 0.000000216465702 0.000000097743098 0.000000416477944 0.000000287174277 0.000000336242450 0.000000261087293 0.000000483831638 0.000000420743037 0.000000483779011 0.000000387827199 0.000000346113039 0.000000316747191 
0.000000425638359 0.000000261150961 0.000000209894519 0.000000153517062 0.000000068680715 0.000000942929031 0.000000558388138 0.000000313776654 0.000001124663695 0.000001028247075 0.000001352763447 0.000000824937137 0.000000965016413 0.000001080326486 0.000004783126294 0.000000517881053 -0.000000175498374 0.000000794555811 0.000002495452015 0.000000385771790 -0.000000115798637 -0.000000594151585 0.000001053765856 0.000000514723661 0.000000376340222 0.000001123253883 0.000000720500932 0.000000942541392 0.000001143413747 0.000000590753565 0.000000450408435 0.000000528981031 0.000000468218874 0.000000554164617 0.000000046379238 0.000000793534983 0.000001207376612 0.000000438828138 0.000000212888471 0.000000315923226 0.000000979481310 0.000000748721973 0.000000604435568 0.000000771713372 0.000000204576235 0.000000699646094 0.000000681182199 0.000000990053307 0.000000161927474 0.000001872247363 0.000000848508898 0.000000605425701 0.000001730214963 0.000000617826008 0.000000387982477 0.000000537540692 0.000000588968029 0.000000989781064 -0.000000471408717 0.000000373877917 0.000000262224639 0.000000140425503 0.000000311534503 0.000000188240286 0.000000088209545 0.000000232239701 0.000000190421810 0.000000035411131 0.000000142982841 0.000000220374029 0.000000140106530 0.000000235712411 0.000000316661023 0.000000200267105 0.000000101420344 0.000000259853002 0.000000230404541 0.000000280938341 0.000000003344405 0.000000225134816 0.000000441535647 0.000000178670846 0.000000187108631 -0.000000071366270 0.000000136644224 0.000000880735546 0.000000512106857 0.000000361040814 0.000000436189452 0.000002132680664 0.000000124548818 0.000000143331779 0.000000126870265 0.000000112658009 0.000000051123644 0.000000260768557 0.000000428770819 0.000000449339542 0.000000214001230 0.000000101996623 0.000000138018419 0.000000094574038 0.000000246184864 0.000000031058301 0.000000063088090 0.000000269308891 0.000000260519727 0.000000143842538 0.000000142407717 0.000000026178769 0.000000229610985 0.000000248180366 0.000000221563356 0.000000208789065 0.000000164131286 0.000000239106419 0.000000329684427 0.000000698741433 0.000000247615519 0.000000305625522 0.000000297871649 0.000000263513267 0.000000157695395 0.000000258923817 0.000000035396434 0.000000254109337 0.000000270780693 0.000000362432864 0.000000244330315 0.000000822161983 0.000000339618358 0.000000304625505 0.000000298162562 0.000000285637632 0.000000219388573 
0.000000573431298 -0.000001200494746 0.000000361907760 0.000000275637770 0.000000180969946 0.000003549229136 0.000002953721729 0.000000146570173 0.000001083097394 0.000001422555604 0.000002077686352 0.000001507590180 0.000002482265503 0.000002307219922 0.000000517881053 0.000004908352182 0.000001026705223 0.000000570715391 -0.000008248960192 0.000000313813141 0.000010024169871 0.000003749591740 0.000000821253340 0.000000239285561 0.000000093270058 0.000001656343495 0.000000574875542 0.000002276363899 0.000000500581596 0.000000671065052 0.000000930619412 0.000000581483884 0.000000582745859 0.000000207713332 0.000000218876598 0.000000699880914 0.000000937147767 0.000000090510221 -0.000000038176619 0.000000150921670 0.000000593963811 0.000000585942882 0.000000470756098 0.000000622847857 0.000000376071490 0.000000722649977 0.000000232523830 0.000000559869767 0.000000131702775 -0.000000209703374 0.000000686093955 0.000000910014106 0.000000527383849 0.000000997825834 0.000000500734978 0.000000488051235 0.000000499535717 0.000000032609453 0.000001026505776 0.000000428338568 0.000000289836253 0.000000189007554 0.000000111552474 0.000000212195169 0.000000330841183 0.000000423380018 0.000000351960845 0.000000119480176 0.000000229516244 0.000000392181730 0.000000403950794 0.000000240801097 0.000000095054961 0.000000169862572 0.000000114183555 0.000000328536280 0.000000262129836 0.000000067292745 0.000000337077217 0.000000357574687 0.000000506353984 0.000000449168723 0.000000077003197 0.000000511079203 0.000000177854339 0.000000256316466 0.000000265406072 0.000000245101351 0.000000505236855 -0.000000107492352 0.000000142133676 0.000000165691346 0.000000141658896 0.000000152689288 0.000000130443918 0.000000191797208 0.000000137023312 0.000000528181859 0.000000106877990 0.000000221068491 0.000000113463796 0.000000062650805 0.000000200356763 0.000000086745604 0.000000053476053 0.000000372410356 0.000000259175876 0.000000163290707 0.000000221559068 0.000000142655841 0.000000192213574 0.000000232988422 0.000000176425809 0.000000164154482 0.000000167112182 0.000000246360624 0.000000403277342 0.000000367263301 0.000000101416382 0.000000298737599 0.000000404716348 0.000000296717905 0.000000205639258 0.000000189809083 0.000000155107417 0.000000272087456 0.000000248226307 0.000000327579968 0.000000274145829 0.000000229889507 0.000000231906621 0.000000252407551 0.000000217999879 0.000000175991674 0.000000170214775 
0.000000452614316 0.000003430088449 0.000000013954996 0.000001418471601 0.000000780260290 0.000001165302221 -0.000001717571496 0.000000449825512 0.000000024974121 0.000002923511631 -0.000000801236417 0.000000352483758 0.000000201309600 -0.000000210458857 -0.000000175498374 0.000001026705223 0.000184495616101 -0.000000430182349 -0.000014302553751 0.000000223358582 0.000000237649487 -0.000004431887294 0.000001101084183 0.000000455692070 -0.000000025183399 -0.000000195162718 0.000000296248101 -0.000001167451252 0.000000414445788 -0.000001167558219 -0.000000612633660 0.000000088211515 0.000000610933705 -0.000001152201621 0.000000854828204 0.000000208825990 -0.000003396515610 0.000000946272393 0.000000171196120 0.000000630398974 -0.000002125525647 -0.000002681998776 0.000000027106595 -0.000003072269696 -0.000000798940400 0.000001128372649 0.000000424474342 0.000000764778281 -0.000000857031099 -0.000000192831763 -0.000011074455796 0.000001855875210 -0.000017059718194 -0.000000167490638 0.000002275460584 -0.000000426622623 0.000000781924500 -0.000006097799488 -0.000003809051464 0.000001341995755 0.000000191346363 0.000000453348116 0.000000621339320 0.000000809698301 -0.000000198746512 -0.000000669054423 0.000000200756075 0.000000691658060 -0.000000013117337 0.000002365661704 0.000000250440748 -0.000000004364546 0.000000530748494 -0.000000191866492 0.000000235201240 0.000000398037372 -0.000000119783151 0.000000482440051 0.000000803298390 0.000004114499808 0.000000584415032 0.000000235242644 -0.000000030965948 0.000000257882832 -0.000000405211508 0.000000303029559 -0.000000317799366 0.000000082029497 -0.000001660998948 0.000001744454904 0.000000413163587 0.000000462798051 0.000000457336161 0.000000576313082 0.000000526410612 -0.000000020173753 0.000000618537681 -0.000000560766575 0.000000593899130 0.000000687726250 0.000000235408985 0.000000329802486 -0.000001657768605 -0.000000244053075 0.000000475156370 0.000000266397170 0.000000539034718 0.000000446996753 0.000000746785734 0.000000699855626 -0.000000108288821 -0.000000253031989 -0.000000211151208 0.000000059226109 0.000000184837369 0.000000437249952 0.000000459198060 -0.000002542034370 0.000000338466065 0.000000337905499 0.000000337822504 0.000000246803706 0.000000447587792 0.000000851319398 0.000000640331065 -0.000000659844694 0.000000015483254 0.000000182788208 0.000000408409617 0.000000317360076 -0.000000295052245 -0.000000567575747 -0.000000160436474 -0.000000122165306 0.000000049296027 
0.000000323976877 0.000000721061006 0.000000362665948 0.000000299718476 0.000000639152856 0.000000359126405 0.000000841995664 0.000000104793820 -0.000000030111898 0.000000280876892 0.000000396047237 0.000000385304982 0.000000527184304 0.000000408358263 0.000000794555811 0.000000570715391 -0.000000430182349 0.000006338215711 0.000002951388196 0.000001963033109 0.000001188819348 0.000001859875146 -0.000000039954691 0.000000280197485 0.000000224967710 0.000000307776022 0.000000289833635 0.000000936878955 0.000000085626603 0.000000456769761 0.000000636345382 0.000000475699780 0.000000410323570 0.000001938670171 0.000000233136097 0.000000388243290 0.000000736494877 0.000000103479321 0.000000125288342 0.000001183417930 0.000000381685418 0.000000265364928 0.000000102040482 0.000000890428578 -0.000000044531912 0.000000263570969 0.000000727679656 0.000000374160360 0.000000258694906 0.000010882188206 0.000000507476865 0.000000234996569 0.000001534513807 -0.000000069753199 0.000000202847603 -0.000000140923957 0.000000007640228 0.000000911891025 0.000000345309440 0.000000995678629 0.000000124712640 0.000000047057694 0.000000175984434 0.000000077961726 -0.000000164117236 0.000000244472832 0.000000215342079 0.000000110435596 0.000000141957662 -0.000000118383840 0.000000066611073 0.000000079324971 0.000000034708381 0.000000091714201 0.000000142499828 0.000000174143567 0.000000241357238 0.000000057263390 0.000000001991264 -0.000000108827150 0.000000229666930 0.000000136931766 0.000000139179005 0.000000234080546 0.000000061628258 0.000000332621079 0.000000256160407 0.000000035998924 0.000000001643562 0.000000638858155 0.000000127672742 0.000000144677159 0.000000156427858 0.000000141735546 0.000000035222651 0.000000161797934 0.000000259959805 0.000000127700546 0.000000205842292 0.000000146389440 0.000000128771320 0.000000119667495 0.000000348519921 0.000000112060954 -0.000000046205672 0.000000209129697 0.000000190154173 0.000000219859783 0.000000173410642 0.000000123396797 0.000000116292103 0.000000110919628 0.000000091304019 0.000000110430090 0.000000148158264 0.000000183765860 0.000000042210373 0.000000409203111 0.000000186012788 0.000000206736082 0.000000183590655 0.000000162789700 0.000000232521664 0.000000235322232 0.000000118189593 0.000000175697049 0.000000149085673 0.000000179188098 0.000000174495295 0.000000269031021 0.000000158252639 0.000000197919917 0.000000121036346 0.000000136798975 0.000000135435143 
-0.000002732517414 0.000001088397744 0.000000264906202 0.000000296435810 0.000000653370592 -0.000010330725600 -0.000010355034472 -0.000001144421999 -0.000002180745326 -0.000002664305743 -0.000004048184221 -0.000002347297698 -0.000001652541984 -0.000005995048442 0.000002495452015 -0.000008248960192 -0.000014302553751 0.000002951388196 0.001093600090569 0.000005946640487 -0.000021290574982 -0.000014938217198 -0.000004628037686 -0.000002685843473 -0.000001130132662 -0.000002863133667 -0.000000837811680 -0.000009787832726 0.000000264659374 0.000002346098100 -0.000002371223505 -0.000000585294509 0.000000933806149 -0.000001164997352 -0.000001977152379 -0.000002589736665 0.000002552720186 -0.000003535860871 -0.000002069190324 0.000002360613231 0.000000754237787 -0.000000112086060 -0.000001475509239 -0.000002296433272 -0.000007460928183 -0.000002092221646 -0.000001192538608 0.000000309210144 -0.000000562419184 0.000017252411037 0.000016989932908 0.000000812470503 0.000023353270653 -0.000010714461797 -0.000006422246904 -0.000002615568617 -0.000002559560878 0.000006371633603 -0.000006959587117 0.000005847522474 -0.000000126468780 -0.000000539277326 -0.000000309968820 0.000000636932179 -0.000000251280131 -0.000001747731022 -0.000002205626305 -0.000000656528807 -0.000000580505679 -0.000001205141767 -0.000002676983323 -0.000000900826292 -0.000001342594818 -0.000000702031088 -0.000000515917704 -0.000000889404335 -0.000000312062479 -0.000001144292795 -0.000004225660851 -0.000001915326440 -0.000000880612332 -0.000000504441624 -0.000002989705464 -0.000000212086568 0.000000365887981 -0.000001028476842 -0.000000921353099 -0.000001692221542 -0.000000723585172 0.000003694778270 -0.000000325329259 -0.000000162511830 -0.000000014747594 0.000000036820387 0.000000441131872 0.000000632417575 -0.000000582954404 -0.000000839369562 -0.000000420066840 0.000000135354480 0.000000693512770 0.000000151761475 0.000002502640873 -0.000000245904133 0.000000921520463 -0.000000664766218 -0.000000905574340 -0.000000038550659 -0.000000746396378 0.000000161272039 -0.000000945258801 -0.000000643326213 -0.000000650725160 -0.000000675160472 -0.000000379744086 -0.000001920685805 -0.000001686084940 0.000003738048609 -0.000000944660891 -0.000001716693191 -0.000000777829537 -0.000001380417571 -0.000000897631691 -0.000000720002274 0.000000006465787 -0.000000647052747 -0.000001606139261 -0.000000737416978 -0.000000582289215 -0.000000140421525 -0.000000799274529 -0.000000134901089 -0.000000913212841 -0.000000738384560 -0.000000940014468 
0.000000319938695 -0.000002384587394 0.000000134077939 0.000000517083183 0.000001244767504 -0.000000014834986 0.000000267809754 0.000000213153697 0.000000162770370 0.000000927216749 0.000000312816467 0.000000372743490 0.000000226332685 0.000000344412939 0.000000385771790 0.000000313813141 0.000000223358582 0.000001963033109 0.000005946640487 0.000007915188685 0.000000159054835 0.000002001137569 -0.000000196535646 0.000000077179366 0.000000117146692 0.000000214338471 0.000000494496581 0.000000481033528 0.000000190828971 0.000001587578735 0.000000630791753 0.000001233897256 0.000001446404970 0.000002491979046 -0.000000033266732 0.000000662419074 0.000000515580098 -0.000000006663309 0.000000260010204 0.000003129100965 0.000000781867250 0.000000883636958 0.000000189571901 0.000001056159271 0.000000003318238 0.000001307629764 0.000001610748655 0.000000163525532 0.000001090024173 0.000030872450320 0.000005526829552 0.000000107715413 0.000003385977970 0.000000191932506 0.000000195140986 0.000000246313995 0.000001007543783 0.000001215798541 0.000003179367359 -0.000000198781608 0.000000516328537 0.000000300450409 0.000000404063328 0.000000169699506 -0.000000183311001 0.000000143305646 0.000000069562986 -0.000000028098628 0.000000171732796 -0.000000242025512 0.000000233462177 0.000000369378646 0.000000699348056 0.000000249153778 0.000000317559995 0.000000275799305 -0.000000009316938 0.000000194371767 0.000000253300296 -0.000000369455592 0.000000071440279 0.000000620868245 0.000000059337401 0.000000422298760 0.000000070688234 0.000000489575644 0.000000337367787 0.000000191783551 0.000000837216340 0.000000086398615 0.000000071801716 0.000000104741778 0.000000139714187 0.000000145109978 0.000000134621399 0.000000095212944 -0.000000053164222 0.000000079791261 0.000000081623795 0.000000688385131 0.000000238171541 0.000000165137193 0.000000575266054 0.000000097285567 0.000000142016064 0.000000345777230 0.000000211946088 0.000000190820068 0.000000219938846 0.000000276985306 0.000000138711655 0.000000190878098 0.000000144334116 0.000000112885999 0.000000113699383 0.000000733500483 0.000000029068833 0.000001275399665 0.000000103152775 -0.000000070523114 0.000000269693049 0.000000213849530 0.000000204965587 0.000000341414613 0.000000308963708 0.000000370758436 0.000000064907593 0.000000251124712 0.000000169345409 0.000000060657455 0.000000212515637 0.000000285019470 0.000000159460556 0.000000185044692 0.000000165792960 
0.000000191039719 -0.000002078922569 0.000000393709279 0.000000395552740 0.000000236657575 0.000007276999098 0.000007380188124 0.000000283312079 -0.000000062276823 0.000000543175881 0.000003219680758 0.000002703314625 0.000005909577033 0.000003654593438 -0.000000115798637 0.000010024169871 0.000000237649487 0.000001188819348 -0.000021290574982 0.000000159054835 0.000028328318436 0.000010340707114 -0.000000443659067 -0.000000233097465 -0.000000663304187 0.000002608168204 0.000000281544441 0.000005010773107 0.000000243368180 0.000000592726039 0.000000462642100 0.000000139922550 0.000000383657437 0.000000533966942 0.000000418965416 -0.000000106201851 0.000000498659829 -0.000000850600281 -0.000000457896525 0.000000286977695 0.000000466176764 0.000000081938361 0.000000434925905 0.000001064834803 0.000001220622865 0.000000119560961 0.000000499338076 0.000001105708754 0.000000318919731 0.000001265639041 0.000000171017238 -0.000000071353359 0.000001983348396 -0.000001053240784 -0.000000314478414 0.000000449419517 -0.000000130934481 0.000000183336439 0.000002024388934 0.000001980356657 0.000000028636970 0.000000084201128 -0.000000222887291 0.000000118051943 -0.000000445938570 0.000000177083505 0.000000312687758 0.000000115817002 -0.000000061408533 0.000001042392235 0.000000271515960 0.000000043479518 -0.000000299388200 0.000000109788397 0.000000193726716 0.000000022531354 0.000000255186490 -0.000000078275835 0.000000795753297 0.000001347294403 0.000000355007730 0.000000198375605 0.000000114698098 0.000000791637382 0.000000221284619 0.000000028737563 0.000000174201307 0.000000360374492 0.000000367728080 -0.000000217779682 0.000000164259954 0.000000169940504 0.000000103829481 0.000000141835015 0.000000145431274 0.000000189895380 0.000000401816634 -0.000000277572632 0.000000143889675 0.000000159432992 0.000000124576467 0.000000004933794 0.000000395873944 0.000000014899486 0.000000033519836 0.000000224211737 0.000000182341021 0.000000210320643 0.000000221373290 0.000000210119229 0.000000296431809 0.000000151245213 0.000000207988367 0.000000211587105 0.000000156956822 0.000000465400502 0.000000216290445 0.000000245027186 0.000000176262510 0.000000533991000 0.000000023874402 0.000000073657397 0.000000147012143 0.000000336490051 0.000000144607539 0.000000214605382 0.000000322622215 0.000000104228271 0.000000278137854 0.000000363288576 0.000000297513662 0.000000431096950 0.000000245043685 0.000000256058865 0.000000274141314 
0.000003427021426 0.000001427032653 0.000000592045648 0.000000610680656 -0.000000117130042 0.000002299935966 0.000002547716424 0.000000478953922 -0.000001165801080 -0.000000052775375 0.000001178098768 0.000001190540657 0.000002229156918 0.000004147757677 -0.000000594151585 0.000003749591740 -0.000004431887294 0.000001859875146 -0.000014938217198 0.000002001137569 0.000010340707114 0.000033386125022 -0.000000477328522 0.000000077115903 -0.000000624180800 0.000000925410709 0.000000220734035 0.000008820466662 0.000000127699479 0.000001151540412 0.000000034020508 0.000000129307477 0.000000034936707 0.000000959481160 0.000000758636490 0.000000603551441 0.000000069084580 -0.000000967119580 -0.000000590877675 0.000000415278093 0.000001198312101 0.000000433845589 0.000000717327815 0.000001460584512 0.000000773178401 0.000000474114160 0.000000570718938 -0.000000100252132 0.000000539835425 0.000001993267314 0.000005563804142 -0.000000096604516 -0.000000318099101 -0.000000461619724 -0.000000435103823 0.000000103562428 0.000000732000396 -0.000000040258903 0.000001616351598 -0.000000657644647 0.000000260742493 0.000000332700444 0.000000638932604 -0.000000589746612 -0.000000715101409 0.000000256993479 0.000000333418657 0.000000055647972 0.000000151587240 0.000000563915791 0.000000496565183 0.000000350066066 0.000000150970995 0.000000357474759 0.000000550911567 0.000000237909568 0.000000282912215 -0.000000213788292 0.000000586764931 0.000000386806400 0.000000377744862 0.000000420288067 0.000000174019931 0.000000296823998 0.000000408149845 0.000000570755520 0.000000451721294 0.000000603775731 0.000000795608170 0.000000200581026 0.000000266646954 0.000000282320727 0.000000260510698 0.000000235114451 0.000000203864022 0.000000207229458 0.000000306867844 0.000000034060499 0.000000146787690 0.000000371247264 0.000000209578407 0.000000146477371 0.000000145991389 0.000000207359322 0.000000117701625 0.000000506908743 0.000000346428396 0.000000230466132 0.000000137004593 0.000000146499079 0.000000516110991 0.000000489563786 0.000000508887940 0.000000497320715 0.000000408193030 0.000000928586356 0.000000573611077 0.000001740975373 0.000000420827481 0.000000559821466 0.000000249314653 0.000000260509327 0.000000232463203 0.000000331174148 0.000000148824360 0.000000405224170 0.000000438341098 0.000000435986668 0.000000453653306 0.000000207892232 0.000000620135335 0.000000670093739 0.000000619907721 0.000000505855825 0.000000512302495 
0.000001038504166 0.000000444337049 0.000000152976364 0.000000172237651 0.000000022375275 0.000002059455871 -0.000000234058865 0.000000320036312 0.000002373700612 0.000002447380363 0.000001750029594 0.000000860750208 0.000000467045391 0.000001854869199 0.000001053765856 0.000000821253340 0.000001101084183 -0.000000039954691 -0.000004628037686 -0.000000196535646 -0.000000443659067 -0.000000477328522 0.000003784022569 0.000000256345224 0.000000135391416 0.000001355971673 0.000000703016962 0.000000690454240 0.000000880842695 -0.000000203181717 0.000000142200788 0.000000250214312 0.000000069080323 -0.000000084097497 0.000000027781604 0.000000374807321 -0.000000080934760 0.000000381958544 0.000000616185330 0.000000142878677 0.000000298988868 0.000000190575574 0.000000331017808 -0.000000152564632 0.000000257320466 0.000000058039714 0.000000130407374 -0.000000107535543 0.000000020929169 -0.000000140887796 0.000001074132496 -0.000000014058138 -0.000001438648717 0.000000242388236 -0.000000246451859 0.000000352282220 0.000000199104748 -0.000000355051865 0.000000319838126 0.000000473172431 0.000000017819895 0.000000090240555 0.000000257223299 -0.000000015972946 0.000000071227301 0.000000144757281 0.000000092475468 0.000000341668398 0.000000096251329 0.000000135940825 0.000000272646999 0.000000245218876 0.000000291277650 0.000000145646699 0.000000161851874 0.000000172696775 0.000000133328531 0.000000096568861 -0.000000038802677 0.000000193848404 0.000000236994444 0.000000214077429 0.000000157035120 0.000000042815776 0.000000016250867 0.000000240362448 0.000000251677604 0.000000279100661 0.000000427962711 -0.000000001289077 0.000000088887911 0.000000096123814 0.000000055621396 0.000000036987201 -0.000000043240939 0.000000120353030 0.000000137508821 0.000000059642798 0.000000054139240 -0.000000038318535 0.000000054895681 0.000000017799046 -0.000000191712755 -0.000000144539883 -0.000000053677783 0.000000190710626 0.000000177849758 0.000000065592256 0.000000080351903 -0.000000055268073 0.000000271904597 0.000000283955854 0.000000286542952 0.000000242685391 0.000000198463102 0.000000195159936 0.000000208775861 0.000000469105224 0.000000173633182 0.000000296949488 0.000000199492932 0.000000147941922 0.000000146419170 0.000000012960143 -0.000000021968956 0.000000222296373 0.000000166474036 0.000000203759076 0.000000184406179 0.000000214501366 0.000000245984816 0.000000253898089 0.000000276996562 0.000000271682294 0.000000254000283 
0.000000350081261 0.000000733732026 0.000000164222257 0.000000151776447 0.000000089270887 0.000000431386268 0.000000534823830 0.000000346058534 0.000000216257992 0.000000487239752 0.000000740172527 0.000000750642091 0.000000645814071 0.000000796282595 0.000000514723661 0.000000239285561 0.000000455692070 0.000000280197485 -0.000002685843473 0.000000077179366 -0.000000233097465 0.000000077115903 0.000000256345224 0.000002829806337 0.000000110303855 0.000000268589466 0.000000661493308 0.000001412797458 0.000000367375033 0.000000901930324 0.000000585507727 0.000000490806786 0.000000254047148 0.000000360136457 0.000000104974044 0.000000628574914 0.000000953226070 0.000000581594182 0.000000041498227 0.000000235612373 0.000000530345245 0.000000348009781 0.000000392778952 0.000000249151792 0.000000817551681 0.000001102723481 0.000000669960982 0.000000333569463 0.000000056509801 0.000000828783366 0.000000951012934 0.000000438898097 0.000000838225047 0.000001527092407 0.000001469098900 0.000000359558499 0.000000640905072 0.000000378729419 0.000000048502940 0.000000048421770 0.000000289125866 0.000000119519592 0.000000201852638 0.000000474062448 0.000000009779455 0.000000443956890 0.000000347116218 0.000000125451287 0.000000194027326 0.000000124677866 0.000000350849506 0.000000275339857 0.000000227088024 0.000000277798589 0.000000201894504 0.000000216710424 0.000000197981265 0.000000306840305 0.000000202893839 0.000000232755631 0.000000241882377 0.000000296914266 0.000000177998067 0.000000216973924 0.000000114248685 0.000000450122639 0.000000289586187 0.000000421191694 0.000000446805114 0.000000519985091 0.000000153985736 0.000000166779224 0.000000151646626 0.000000128568233 0.000000017568763 0.000000215643526 0.000000162175533 0.000000372585070 0.000000157801640 0.000000126004630 0.000000178435324 0.000000089099133 0.000000209495207 0.000000011324327 0.000000012388741 0.000000329480504 0.000000325506412 0.000000225413970 0.000000284477924 0.000000082559553 0.000000264960473 0.000000224153554 0.000000246533773 0.000000230334097 0.000000227404815 0.000000349476609 0.000000313945777 0.000000432192344 0.000000239910516 0.000000230853483 0.000000355841574 0.000000275796187 0.000000236624739 0.000000241290530 0.000000067790939 0.000000240468948 0.000000333439074 0.000000331138967 0.000000280332376 0.000000222604950 0.000000289496016 0.000000289909940 0.000000280850138 0.000000248097054 0.000000231466003 
0.000000274387435 -0.000000377185883 0.000000219552760 0.000000338919933 0.000000393451566 0.000000148259662 0.000000474227569 0.000000208083378 0.000000465335264 0.000000080974075 0.000000136000750 0.000000129727969 0.000000207135662 0.000000289327120 0.000000376340222 0.000000093270058 -0.000000025183399 0.000000224967710 -0.000001130132662 0.000000117146692 -0.000000663304187 -0.000000624180800 0.000000135391416 0.000000110303855 0.000003041204564 0.000000503081180 0.000000333550074 -0.000000057470993 0.000000312353545 0.000000302286648 0.000001318873462 0.000000932141425 0.000001386818103 0.000000260962082 0.000000233720198 0.000001499490476 0.000001717514663 0.000002413677089 0.000001945270218 0.000000256309800 0.000000700047980 0.000000968440239 0.000000269364763 0.000000479385526 0.000000065489809 0.000001357577445 0.000000910971734 0.000000582283255 0.000000401520338 -0.000000181385925 0.000000488204190 0.000001293200281 0.000001182212835 0.000000038046569 0.000000312088979 0.000000681791144 0.000000420922810 0.000001805202617 -0.000000253785566 0.000000274725322 0.000000427045662 0.000000513127959 0.000000430041833 0.000000326608665 0.000000996235018 0.000000199090166 0.000000172128643 0.000000158016313 0.000000187844300 0.000000125127184 0.000000407848601 0.000000289625214 0.000000688317151 0.000000652090166 0.000000182032711 0.000000587634107 0.000000381871355 0.000001366344571 0.000000075113985 -0.000000121000010 0.000000332171984 0.000000190737467 0.000000804159931 0.000000311944286 0.000000179445290 0.000000394410658 0.000000421476514 0.000000205046548 0.000000258753080 0.000000205753287 0.000000193484005 0.000000226415887 0.000000232034626 0.000000230129338 0.000000189548199 0.000000205237790 0.000000308100053 0.000001303579462 0.000000199545458 0.000000252063886 0.000000201348575 0.000000156745103 0.000000378750623 0.000000157494092 0.000000139590450 0.000000380044560 0.000000362038546 0.000000262824872 0.000000367172707 0.000000218088594 0.000000200505191 0.000000321005984 0.000000231131130 0.000000230029622 0.000000219312477 0.000000142185089 0.000000461982466 0.000000279488234 0.000000166632347 0.000000124415732 0.000000587224021 0.000000557252075 0.000000510981000 0.000000342027875 0.000000495645308 0.000000341571117 0.000000253103286 0.000000471678172 0.000000216414387 0.000000214597352 0.000000251089378 0.000000210969409 0.000000239487685 0.000000253860067 0.000000224665535 
0.000000625091347 -0.000000123446449 0.000000166074607 0.000000176305423 0.000000045840435 0.000001895115034 0.000001257840209 0.000000280871676 0.000001760285746 0.000001455522366 0.000001595317649 0.000001218656058 0.000001345302777 0.000001810272119 0.000001123253883 0.000001656343495 -0.000000195162718 0.000000307776022 -0.000002863133667 0.000000214338471 0.000002608168204 0.000000925410709 0.000001355971673 0.000000268589466 0.000000503081180 0.000001706599325 0.000000893640455 0.000001170527416 0.000000833803892 0.000000811802743 0.000000653636616 0.000000510018594 0.000000348300482 -0.000000034455218 0.000000138311194 0.000000828641459 0.000001170018834 0.000000380360157 0.000000292764578 0.000000137502351 0.000001102305866 0.000000915946488 0.000000610385285 0.000000815194451 0.000000736531939 0.000000580440813 0.000000464213070 0.000000276047846 0.000000136819200 0.000000215710689 0.000002352676946 0.000000438417252 0.000003111041065 0.000000263697271 -0.000000231811340 0.000000687183174 0.000000388333384 0.000001142706139 0.000001494348072 0.000000116153403 0.000000195286267 0.000000184822828 0.000000215036111 0.000000024856297 0.000000200874402 0.000000301825980 0.000000118712190 0.000000098669558 0.000000172062284 0.000000413239743 0.000000295140956 0.000000285563513 0.000000295916449 0.000000370533883 0.000000189090718 0.000000264423754 0.000000223628669 0.000000235711638 0.000000152358400 0.000000670388219 0.000000397580719 0.000000293832499 0.000000235799694 0.000000314620906 0.000000057127790 0.000000645748464 0.000000562359407 0.000000345220781 0.000000716277270 0.000001030723207 0.000000121392424 0.000000135087495 0.000000105164049 0.000000103383348 0.000000041609626 0.000000207970133 0.000000256118353 0.000000360199869 0.000000120056994 0.000000116556261 0.000000078785652 0.000000046803573 0.000000402414883 0.000000045189338 -0.000000013684647 0.000000273547672 0.000000261799175 0.000000136085191 0.000000223105930 0.000000064329337 0.000000293930337 0.000000328603704 0.000000286327145 0.000000251429025 0.000000174867675 0.000000299643052 0.000000398584670 0.000000907684129 0.000000193926048 0.000000492386826 0.000000299278779 0.000000299386805 0.000000206851207 0.000000215842549 0.000000138059474 0.000000383759177 0.000000235492919 0.000000303054998 0.000000250297358 0.000000337463080 0.000000379387368 0.000000412825626 0.000000343633846 0.000000346315332 0.000000275390273 
0.000000478813654 -0.000000221030601 0.000000195222915 0.000000191913922 0.000000038900329 0.000000628992507 0.000000514035995 0.000000508401542 0.000000934641868 0.000000928573759 0.000001018968746 0.000000936717290 0.000000748583104 0.000000895259500 0.000000720500932 0.000000574875542 0.000000296248101 0.000000289833635 -0.000000837811680 0.000000494496581 0.000000281544441 0.000000220734035 0.000000703016962 0.000000661493308 0.000000333550074 0.000000893640455 0.000001221571860 0.000000665285955 0.000000535181868 0.000000561377602 0.000000910820117 0.000000748503644 0.000000464115143 0.000000108795034 0.000000148434713 0.000001006939970 0.000000999419733 0.000000448188112 0.000000345381731 0.000000192160617 0.000000904165917 0.000000880916391 0.000000514232450 0.000000533073240 0.000000929021393 0.000000771510643 0.000000561404186 0.000000505754330 0.000000300941340 0.000000824332698 0.000001360272827 0.000000299129477 0.000000339793488 0.000000471002296 0.000000045435038 0.000000660351679 0.000000465987537 0.000000389540241 0.000002555207012 -0.000000054963024 0.000000281110911 0.000000232896490 0.000000294037224 0.000000375821722 0.000000197677687 0.000000623824547 0.000000268528650 0.000000149713308 0.000000173476585 0.000000199689047 0.000000316441204 0.000000379567830 0.000000299297992 0.000000370212863 0.000000234141700 0.000000339792036 0.000000269733773 0.000000269299339 0.000000138294958 0.000000361519119 0.000000357538197 0.000000473436343 0.000000216212207 0.000000378298811 0.000000071087790 0.000000746577789 0.000000634504548 0.000000356205859 0.000000654848053 0.000000879743597 0.000000130199779 0.000000145465727 0.000000125581655 0.000000114757577 0.000000062011426 0.000000187442009 0.000000202274708 0.000000391036941 0.000000134578100 0.000000161895976 0.000000101851671 0.000000089256975 0.000000117923219 0.000000024783796 0.000000050898271 0.000000336502913 0.000000305078715 0.000000206967502 0.000000284376134 0.000000105959835 0.000000317005221 0.000000326960821 0.000000289984906 0.000000250600230 0.000000198203048 0.000000515878546 0.000000328515033 0.000000733910444 0.000000150634979 0.000000602714276 0.000000371070493 0.000000322643659 0.000000244536205 0.000000209524592 0.000000163044122 0.000000409895646 0.000000268169989 0.000000335020829 0.000000265251968 0.000000346725724 0.000000369609108 0.000000348256670 0.000000341067785 0.000000334614352 0.000000283366057 
0.000001308162536 0.000000836153630 0.000000268009777 0.000000353834209 0.000000037290427 0.000001954591784 0.000004336879168 0.000000579458391 0.000000851919483 0.000001235327359 0.000002227636693 0.000001346958647 0.000001866613027 0.000002508621185 0.000000942541392 0.000002276363899 -0.000001167451252 0.000000936878955 -0.000009787832726 0.000000481033528 0.000005010773107 0.000008820466662 0.000000690454240 0.000001412797458 -0.000000057470993 0.000001170527416 0.000000665285955 0.000006829682769 0.000000671276063 0.000000975397290 0.000000225359658 0.000000297739773 -0.000000108061492 0.000000631665763 0.000000331558737 0.000001005141203 0.000000043029745 0.000000010355592 -0.000000256336710 0.000000228605043 0.000000863762057 0.000000310629334 0.000000366341469 0.000000421891495 0.000000838922221 0.000000053311052 0.000000300392903 0.000000024374893 -0.000000006063838 0.000001241270136 0.000002608501077 0.000000657688202 -0.000000130130020 0.000000867951060 0.000000863144542 0.000000166738784 0.000000550482123 0.000000086167228 0.000000563889825 -0.000000117937271 0.000000197576095 0.000000137241607 0.000000143076241 -0.000000156604058 -0.000000036858651 0.000000176863247 0.000000217282403 0.000000071284653 0.000000182118087 0.000000541513564 0.000000267309292 0.000000207777351 0.000000055572262 0.000000215578852 0.000000298912234 0.000000168659065 0.000000254330016 -0.000000083556361 0.000000343105676 0.000000713921966 0.000000329026686 0.000000247459047 0.000000127134136 0.000000073260997 0.000000210164117 0.000000583069218 0.000000496472635 0.000000486612068 0.000000472715712 0.000000505061279 0.000000169131618 0.000000184500325 0.000000155284245 0.000000151480329 0.000000062718233 0.000000250186665 0.000000163184085 0.000000192835341 0.000000154553601 0.000000160798151 0.000000110798523 0.000000046887523 0.000000138944313 -0.000000008016065 -0.000000058080599 0.000000256356449 0.000000260050616 0.000000099715599 0.000000119803043 0.000000044407596 0.000000285002267 0.000000274352120 0.000000294527439 0.000000271709646 0.000000230126792 0.000000596116123 0.000000363884461 0.000001201157773 0.000000277186069 0.000000730076730 0.000000219023579 0.000000257714901 0.000000149807862 0.000000258721333 0.000000010186313 0.000000253423860 0.000000271863219 0.000000266496663 0.000000249418663 0.000000345952737 0.000000332315018 0.000000391098162 0.000000338115514 0.000000300623479 0.000000294600842 
0.000000497390637 0.000000867244867 0.000000157591397 0.000000308561226 0.000000037464559 0.000000894185066 0.000000461389390 0.000000237107092 0.000001176720759 0.000001067372333 0.000000869957627 0.000000540286325 0.000000626099791 0.000001121544810 0.000001143413747 0.000000500581596 0.000000414445788 0.000000085626603 0.000000264659374 0.000000190828971 0.000000243368180 0.000000127699479 0.000000880842695 0.000000367375033 0.000000312353545 0.000000833803892 0.000000535181868 0.000000671276063 0.000001480872933 0.000000900038193 0.000000493352878 0.000000617512565 0.000000276339479 0.000000236490472 0.000000062418763 0.000001307376107 0.000001228392088 0.000000536143192 0.000000214213167 0.000000237854815 0.000000829405738 0.000000736581189 0.000000422126940 0.000000914642450 0.000000613925569 0.000000667545103 0.000000593942582 0.000000245157506 0.000000023651268 0.000000302422619 0.000000729753817 0.000000464511527 0.000004533190948 0.000000668414355 0.000000438152372 0.000000661185671 0.000000418917720 0.000001375318784 0.000000681575539 -0.000000081903423 0.000000245829790 0.000000166996818 0.000000260576538 0.000000359190500 0.000000285277422 0.000000234048907 0.000000226770904 0.000000137976401 0.000000130967165 0.000000129197338 0.000000131924674 0.000000282176559 0.000000327316287 0.000000270849754 0.000000179176602 0.000000296420593 0.000000237792942 0.000000386197580 0.000000269506661 0.000000045858309 0.000000345191633 0.000000281855952 0.000000277998201 0.000000290236278 0.000000133461359 0.000000517844272 0.000000477654255 0.000000355095827 0.000000336426278 0.000000201852859 0.000000147487506 0.000000151420298 0.000000130523828 0.000000114750961 0.000000060900401 0.000000285958728 0.000000190257322 0.000000280193368 0.000000113138370 0.000000141935508 0.000000126341991 0.000000090172484 0.000000565073053 0.000000012193674 0.000000073771326 0.000000258311151 0.000000274565719 0.000000199992136 0.000000221366520 0.000000090659288 0.000000275151863 0.000000299482508 0.000000290505864 0.000000268436497 0.000000228464339 0.000000368554270 0.000000259298916 0.000000868048933 0.000000155447461 0.000000749768902 0.000000314217232 0.000000273685771 0.000000177937424 0.000000179332304 0.000000106641805 0.000000387623757 0.000000330958055 0.000000293416301 0.000000245479623 0.000000334850775 0.000000316030199 0.000000370704008 0.000000315063383 0.000000311009191 0.000000283058918 
0.000000642924383 -0.000000820274083 0.000000364042082 0.000000341813601 0.000000554836097 0.000000687865415 0.000002352556462 0.000000511825967 0.000000473757509 0.000001681030448 0.000000574565983 0.000000752324971 0.000001210491441 0.000000767513973 0.000000590753565 0.000000671065052 -0.000001167558219 0.000000456769761 0.000002346098100 0.000001587578735 0.000000592726039 0.000001151540412 -0.000000203181717 0.000000901930324 0.000000302286648 0.000000811802743 0.000000561377602 0.000000975397290 0.000000900038193 0.000008450592276 0.000001955087899 0.000001438601353 0.000000654516738 0.000000042719125 0.000000346341901 0.000001082222579 0.000003849541917 0.000001642394608 -0.000000291821634 0.000000482523591 0.000001994754410 0.000002198923734 0.000000739339789 0.000002786014289 0.000003206808273 0.000002572247511 0.000001403622591 0.000000618306949 0.000000119232490 0.000001885768869 0.000001757481345 0.000002752335281 0.000021110282112 0.000002756230094 -0.000000075149925 0.000000557377808 0.000001908518494 0.000005637428171 0.000003242217436 -0.000000561924883 0.000000724230001 0.000000517185744 0.000000424910336 0.000000576900786 0.000000228868147 0.000000840087440 0.000000502081873 0.000000045031541 0.000000601796593 0.000000155079311 0.000000497206247 0.000000392315073 0.000000512057057 0.000000524579154 0.000000220750567 0.000000540113200 0.000000266554760 0.000000291216073 0.000000509452679 0.000000259776152 0.000000540896517 0.000000857975660 0.000000273794772 0.000002151060436 0.000000149323574 0.000000729520752 0.000000403009506 0.000000980430126 0.000001374937928 0.000000220159792 0.000000277642983 0.000000254523692 0.000000273394507 0.000000277872331 0.000000273891639 0.000000184843375 0.000000121587916 0.000000499826195 0.000000344291760 0.000000514861190 0.000000283650725 0.000000171416613 0.000002497916169 0.000000356570572 0.000000198370402 0.000000641422241 0.000000843485232 0.000000601356626 0.000000860315200 0.000000677570030 0.000000280198735 0.000000251729084 0.000000282425946 0.000000252385678 0.000000258520872 0.000001622800550 0.000000420623772 0.000000256927115 0.000000163245411 0.000000090921026 0.000000756896485 0.000000672426638 0.000000669916641 0.000001082606067 0.000001023626961 0.000000749804212 0.000000496967718 0.000000596797886 0.000000293388496 0.000000260869521 0.000000415566914 0.000000677655493 0.000000356714795 0.000000437289641 0.000000317437245 
0.000000612874238 -0.000000470143652 0.000000350710342 0.000000423429656 0.000000332655551 0.000000404672949 0.000001189885239 0.000000364754755 0.000000564715797 0.000001445421303 0.000000787331009 0.000000559779882 0.000000573437342 0.000000572120029 0.000000450408435 0.000000930619412 -0.000000612633660 0.000000636345382 -0.000002371223505 0.000000630791753 0.000000462642100 0.000000034020508 0.000000142200788 0.000000585507727 0.000001318873462 0.000000653636616 0.000000910820117 0.000000225359658 0.000000493352878 0.000001955087899 0.000003280956026 0.000002052617323 0.000001356997711 0.000001030638295 0.000000288382812 0.000001571493266 0.000002706930133 0.000001677821434 0.000000971501402 0.000000381555739 0.000001429341735 0.000001832271078 0.000000602601857 0.000001313401488 0.000001916818497 0.000002699682103 0.000001387072141 0.000001832316743 0.000000550782243 0.000001323301630 0.000001159514041 0.000001121989918 0.000001496868543 0.000001370892026 0.000000640409421 0.000001047468446 0.000001184025344 0.000000939083256 0.000004820817077 0.000000173135933 0.000000828142205 0.000000566033550 0.000000336496566 0.000000992295115 0.000000990211049 0.000001331140416 0.000000611609356 0.000000161574031 0.000000339091461 0.000000840813631 0.000000501534220 0.000000582450525 0.000000565791229 0.000000516605843 0.000000219386644 0.000000861236149 0.000000717694212 0.000000884429380 0.000000370309090 0.000000970258064 0.000000601835695 0.000000517963135 0.000000455056298 0.000001379481623 0.000000365041930 0.000000911014047 0.000000799584790 0.000000451242586 0.000000949045537 0.000000235072309 0.000000263940324 0.000000276494367 0.000000272339062 0.000000273224486 0.000000260378653 0.000000302561674 0.000000273672121 0.000001328183585 0.000000270461611 0.000000431740338 0.000000213690230 0.000000180063365 0.000000410443107 0.000000264473135 0.000000260556880 0.000000678464683 0.000000671523460 0.000000527998728 0.000000799242314 0.000000499230656 0.000000309873974 0.000000322976432 0.000000235164479 0.000000245878208 0.000000239983616 0.000000775740404 0.000000762679656 0.000000427694706 0.000000218686560 0.000000575777214 0.000000897553098 0.000000793511006 0.000000659801260 0.000000657215638 0.000000768385952 0.000000589658025 0.000000477123229 0.000000640643364 0.000000367076803 0.000000494708612 0.000000361525504 0.000000335671255 0.000000289847852 0.000000302826520 0.000000279756768 
0.000000573677238 -0.000000168518762 0.000000277110649 0.000000525572046 0.000000520652784 0.000000465795269 0.000000787011839 0.000000456565092 0.000000497475350 0.000001171657886 0.000000750182608 0.000000517646631 0.000000508545939 0.000000853737700 0.000000528981031 0.000000581483884 0.000000088211515 0.000000475699780 -0.000000585294509 0.000001233897256 0.000000139922550 0.000000129307477 0.000000250214312 0.000000490806786 0.000000932141425 0.000000510018594 0.000000748503644 0.000000297739773 0.000000617512565 0.000001438601353 0.000002052617323 0.000002487935270 0.000001265990686 0.000001086452930 0.000000206255458 0.000003373727126 0.000001673319767 0.000001338413914 0.000000882822988 0.000000577612929 0.000001640087438 0.000001427606793 0.000000493770322 0.000000864246188 0.000001350343677 0.000002211882171 0.000001504564053 0.000001296626335 0.000000468593638 0.000003829508936 0.000001758729859 0.000001252830553 0.000000980459656 0.000001510378923 0.000001016065512 0.000001084556103 0.000000992560973 0.000000482322164 0.000002942109298 0.000000178531458 0.000000690028822 0.000000536010974 0.000000708203164 0.000000802958982 0.000000947336256 0.000000752766698 0.000000361978594 0.000000202732119 0.000000272328521 0.000000330424820 0.000000319644673 0.000000513302626 0.000000531589400 0.000000446106327 0.000000186418285 0.000000723833362 0.000000567025924 0.000000674655696 0.000000291373214 -0.000000071713251 0.000000518817928 0.000000545559653 0.000000287948611 0.000001129724024 0.000000562295846 0.000001125055745 0.000001048477535 0.000000393641937 0.000000721855210 0.000000843810860 0.000000229184360 0.000000243617956 0.000000247651644 0.000000239927617 0.000000209114475 0.000000283466605 0.000000259154290 0.000000880850541 0.000000260340000 0.000000451962118 0.000000199416715 0.000000205086854 0.000000357259802 0.000000219183357 0.000000214237935 0.000000527042231 0.000000583238399 0.000000489935778 0.000000646144697 0.000000437591809 0.000000279692258 0.000000336000751 0.000000265416807 0.000000272799957 0.000000250489985 0.000000569329938 0.000000499456929 0.000002165828744 0.000000194107234 0.000001869981179 0.000000740320434 0.000000675277704 0.000000527982435 0.000000573682460 0.000000636923651 0.000000529618453 0.000000420792619 0.000000500718739 0.000000327149746 0.000000582947798 0.000000323376488 0.000000393759139 0.000000301925276 0.000000313328072 0.000000271637323 
0.000000477136785 0.000000802622420 0.000000431276345 0.000001015571648 0.000000592448430 0.000000346423903 0.000000848304688 0.000000273299899 0.000000291694429 0.000000415802308 0.000000311302850 0.000000227523272 0.000000461347400 0.000000165336840 0.000000468218874 0.000000582745859 0.000000610933705 0.000000410323570 0.000000933806149 0.000001446404970 0.000000383657437 0.000000034936707 0.000000069080323 0.000000254047148 0.000001386818103 0.000000348300482 0.000000464115143 -0.000000108061492 0.000000276339479 0.000000654516738 0.000001356997711 0.000001265990686 0.000004607875433 0.000001005344568 0.000000094371980 0.000001672687172 0.000002501940396 0.000001605372431 0.000001537848515 0.000001015231574 0.000001529222566 0.000001154446263 0.000000908700416 0.000000446177997 0.000001411250572 0.000001726610622 0.000002167294322 0.000002375336380 0.000000450282643 0.000007465244070 0.000002246636864 0.000001869051261 0.000001250757275 -0.000000633511625 -0.000000693867331 0.000001567208448 0.000000545815001 0.000001235642892 -0.000000325278445 0.000000117037023 0.000000649976720 0.000000610544207 0.000000287284988 0.000001606470922 0.000000206883074 0.000000587036920 0.000000530191554 0.000000168392556 0.000000103949342 0.000000328801578 0.000000322607027 0.000000270302290 0.000000680963480 0.000000808648873 0.000000140391352 0.000000540220122 0.000000425671144 0.000001354654960 0.000000480504974 -0.000000234827323 0.000000555618438 0.000000617231916 0.000000485343181 0.000001489373937 0.000000471096952 0.000000451523226 0.000000338989859 0.000000532875174 0.000000121163772 -0.000000141940413 0.000000154716645 0.000000208449626 0.000000211936026 0.000000217969450 0.000000182079288 0.000000242189519 0.000000305183793 0.000000723111316 0.000000181075923 0.000000447221806 0.000000304078899 0.000000202209908 0.000000325936172 -0.000000002893884 0.000000256230920 0.000000552271183 0.000000519643878 0.000000410962835 0.000000534468606 0.000000260251311 0.000000252418612 0.000000313647466 0.000000217030423 0.000000242205500 0.000000251498510 0.000000595695711 0.000000451824511 0.000000625874090 0.000000217255306 0.000000356303472 0.000000597634630 0.000000682172851 0.000000570782042 0.000000587679411 0.000000565214476 0.000000434917563 0.000000370647954 0.000000519582194 0.000000466554546 0.000000339525707 0.000000308235398 0.000000270388668 0.000000302484869 0.000000282406522 0.000000240357521 
0.000000173333205 0.000001225337645 0.000000231670938 0.000000431461200 0.000000784091248 -0.000000120652492 0.000000379560375 0.000000232341036 -0.000000149916266 0.000000307295227 0.000000099990382 0.000000078097163 0.000000133039691 0.000000101459935 0.000000554164617 0.000000207713332 -0.000001152201621 0.000001938670171 -0.000001164997352 0.000002491979046 0.000000533966942 0.000000959481160 -0.000000084097497 0.000000360136457 0.000000260962082 -0.000000034455218 0.000000108795034 0.000000631665763 0.000000236490472 0.000000042719125 0.000001030638295 0.000001086452930 0.000001005344568 0.000005626769961 -0.000000102957485 0.000000278583419 0.000000002615530 0.000000039145178 0.000001118361153 0.000001561092700 0.000000379888547 0.000000212230412 -0.000000107429701 0.000000485995110 -0.000000219255637 0.000000469954156 0.000000658977072 -0.000000695999291 0.000001368232611 0.000013835649824 0.000000868328164 0.000000168315753 -0.000000230360448 0.000003745899462 0.000007286965179 -0.000000072425215 0.000000073440809 0.000000247978900 -0.000000109065635 0.000000766371304 0.000000455397502 0.000000262187170 0.000000305956035 0.000000202330034 0.000000177642048 0.000000226521505 0.000000050825686 0.000000075456882 0.000000070377114 0.000000533695701 0.000000076131885 0.000000222633576 0.000000122322788 -0.000000067577773 0.000000216084818 0.000000281807297 0.000000342877922 0.000000448813164 0.000000601753490 -0.000000425621555 0.000000143403751 0.000000069007869 -0.000000030672924 0.000000054475650 0.000000892811857 0.000000104721774 0.000000263501644 0.000000030574026 0.000000503181714 0.000000202172943 0.000000186852483 0.000000194899165 0.000000239499979 0.000000239330713 0.000000357565379 0.000000255203445 0.000000132949519 0.000000407585353 0.000000181591050 0.000000457827180 0.000000192251195 0.000000167707878 0.000000375276681 0.000000213565413 0.000000415984704 0.000000265543705 0.000000162240463 0.000000261911105 0.000000190626070 0.000000533113619 0.000000136664786 0.000000102214371 0.000000059274484 0.000000118063589 0.000000153648662 0.000000065916689 0.000000074402078 0.000000462293829 0.000000282771768 0.000000117561391 0.000000210599253 0.000000267094334 0.000000307586912 0.000000471825181 0.000000436252965 0.000000150486265 0.000000218300418 0.000000127375704 0.000000184771063 0.000000095954990 0.000000155126683 0.000000136848851 0.000000128598665 0.000000115199611 0.000000121214799 
0.000000167778726 -0.000000404407889 0.000000176669556 0.000000200273347 0.000000108167614 0.000000124110372 0.000000428103140 0.000000209673540 0.000000109361496 0.000000125505732 0.000000152286474 0.000000167922048 0.000000108720106 0.000000180762786 0.000000046379238 0.000000218876598 0.000000854828204 0.000000233136097 -0.000001977152379 -0.000000033266732 0.000000418965416 0.000000758636490 0.000000027781604 0.000000104974044 0.000000233720198 0.000000138311194 0.000000148434713 0.000000331558737 0.000000062418763 0.000000346341901 0.000000288382812 0.000000206255458 0.000000094371980 -0.000000102957485 0.000001405308614 0.000000237375683 0.000000171208194 0.000000247286410 0.000000051945828 -0.000000019068836 0.000000239868939 0.000000223877085 0.000000221178992 0.000000421511487 0.000000484099123 0.000000169421482 0.000000098730565 0.000000332020943 0.000000299154984 -0.000001150725330 -0.000000130525935 0.000000388373059 -0.000000058199217 0.000000338565489 0.000000307532757 0.000000211031467 0.000000248930726 0.000000046143565 0.000000829162075 -0.000000044902880 0.000000195964089 0.000000306644011 0.000000355328441 0.000000085418627 0.000000520321629 0.000000205404774 0.000000192430394 0.000000169869037 0.000000175708900 0.000000155565946 0.000000129311962 0.000000146929301 0.000000134783415 0.000000122545396 0.000000120966952 0.000000250809321 0.000000216939092 0.000000122032341 0.000000209303304 0.000000148056122 0.000000216827113 0.000000156630609 0.000000269752817 0.000000160772269 0.000000151153262 0.000000147668062 0.000000222869865 0.000000155557481 0.000000335471238 -0.000000041673297 0.000000189928734 0.000000202191085 0.000000210332642 0.000000187236762 0.000000244794040 0.000000176601219 0.000000130413591 0.000000280758520 0.000000234385362 0.000000205824475 0.000000095775520 0.000000206824355 0.000000123248016 0.000000108893450 0.000000153635951 0.000000186696955 0.000000210508546 0.000000175253044 0.000000210062842 0.000000179621099 0.000000116962093 0.000000140635608 0.000000118095721 0.000000116729041 0.000000119592278 0.000000268617907 0.000000152715199 0.000000080441033 0.000000150610561 0.000000171302243 0.000000229226011 0.000000216524855 0.000000182760552 0.000000232783103 0.000000220876610 0.000000158785990 0.000000182631177 0.000000170152105 0.000000166232667 0.000000184238833 0.000000152989585 0.000000139065430 0.000000124941424 0.000000138231383 0.000000153084355 
0.000000613428933 0.000000527414903 0.000000235939879 0.000000620305375 0.000000004366225 0.000000810891390 0.000001055233694 0.000000546895566 0.000000581712113 0.000001406305685 0.000001839450554 0.000000780080370 0.000000698354631 0.000002332491367 0.000000793534983 0.000000699880914 0.000000208825990 0.000000388243290 -0.000002589736665 0.000000662419074 -0.000000106201851 0.000000603551441 0.000000374807321 0.000000628574914 0.000001499490476 0.000000828641459 0.000001006939970 0.000001005141203 0.000001307376107 0.000001082222579 0.000001571493266 0.000003373727126 0.000001672687172 0.000000278583419 0.000000237375683 0.000013750748464 0.000003193842209 0.000002391868729 0.000001016217285 0.000000079170240 0.000003652992946 0.000001570093895 0.000000751857910 0.000000489008416 0.000002185107935 0.000001890380214 0.000002130596869 0.000002382310979 0.000000047675859 -0.000001249916193 0.000001350014620 0.000001066034468 0.000001908661273 0.000001849420136 -0.000000142126975 0.000001592695960 0.000001410210751 0.000001291557277 0.000002202723324 -0.000001057400861 0.000000719053929 0.000000541341644 0.000000651146774 0.000001363658842 0.000000687593254 0.000000645552359 0.000000384788526 0.000000120279505 0.000000379288424 0.000000237758100 0.000000079644714 0.000000484882560 0.000000942103248 0.000000931871441 0.000000221231045 0.000000753165060 0.000000750702477 0.000001339373122 0.000000087568199 0.000000057340455 0.000000931367627 0.000000836554491 0.000000637040083 0.000000257050251 0.000000373359824 0.000002657738350 0.000002941452077 0.000000710292472 0.000000591119223 0.000000878233797 0.000000217180825 0.000000241489179 0.000000208880516 0.000000212852388 0.000000066612169 0.000000422923277 0.000000373196615 0.000000823838063 0.000000348536803 0.000000480406232 0.000000070542687 0.000000163256979 0.000000387940187 -0.000000040253215 0.000000067544251 0.000000679465108 0.000000602047376 0.000000397608159 0.000000522146317 0.000000061332506 0.000000402307089 0.000000490052266 0.000000447193864 0.000000419471873 0.000000363795161 0.000000938971500 0.000000458361926 0.000008530603347 0.000000278082108 0.000008089208549 0.000000790826456 0.000000741968052 0.000000420478565 0.000000413601103 0.000000208852666 0.000000654047394 0.000000699131778 0.000000852879209 0.000000514945579 0.000001883489522 0.000000513784684 0.000000806257793 0.000000449612409 0.000000465686569 0.000000422343395 
0.000000570114846 0.000000194857976 0.000000397941889 0.000000449275371 0.000000302049241 0.000000537387259 0.000002427233198 0.000000350028327 0.000000859442513 0.000001368175146 0.000001032989286 0.000000679757956 0.000001145419595 0.000001034290870 0.000001207376612 0.000000937147767 -0.000003396515610 0.000000736494877 0.000002552720186 0.000000515580098 0.000000498659829 0.000000069084580 -0.000000080934760 0.000000953226070 0.000001717514663 0.000001170018834 0.000000999419733 0.000000043029745 0.000001228392088 0.000003849541917 0.000002706930133 0.000001673319767 0.000002501940396 0.000000002615530 0.000000171208194 0.000003193842209 0.000008746388988 0.000002445739698 0.000001140760290 0.000000418674688 0.000002710956057 0.000002960976594 0.000001434421143 0.000003448774044 0.000002396801391 0.000003676679439 0.000003214408619 0.000002976928751 0.000000339563790 0.000000953449624 0.000001040449847 -0.000000057526959 0.000019792303405 0.000002781620635 -0.000001120655283 0.000002052648852 0.000001527621916 0.000006165411381 0.000001457530205 -0.000000497511108 0.000000953635346 0.000000575002258 0.000000434868265 0.000002022105717 0.000000336650485 0.000001304107722 0.000000889073497 0.000000120349208 0.000000696971248 0.000000290690848 0.000000716484119 0.000000513404568 0.000001048254898 0.000001182598869 0.000000119504919 0.000000762616287 0.000000893346745 0.000001752610637 0.000000489986798 0.000000348277274 0.000000659274221 0.000000976403447 0.000000608714499 0.000001145139540 0.000000011983307 0.000001159485223 0.000000677311678 0.000000919102063 0.000000673844298 0.000000385913540 0.000000204588903 0.000000252521061 0.000000261353054 0.000000269661138 0.000000209011200 0.000000448333728 0.000000903094639 0.000001514961961 0.000000604594503 0.000000502643107 0.000000313361840 0.000000153223047 0.000002364261644 0.000000186584234 0.000000256856258 0.000000836366301 0.000000689415468 0.000000647779052 0.000000786308834 0.000000301451216 0.000000378288098 0.000000364802225 0.000000276316331 0.000000259413993 0.000000264168836 0.000000564160670 0.000000681824906 0.000000948969838 0.000000149755746 0.000000590996072 0.000000949292733 0.000000932270427 0.000000781259362 0.000000715389445 0.000000546732074 0.000000763937118 0.000000739052573 0.000001039324643 0.000000591879854 0.000000735492479 0.000000531564527 0.000000688907333 0.000000372480389 0.000000402271466 0.000000305938610 
0.000000345162301 -0.000000828302602 -0.000000020909318 0.000000236892099 0.000000075246002 0.000000536539290 0.000000831737610 0.000000287309735 0.000000329463330 0.000000658541675 0.000000122727899 0.000000111540102 0.000000154171344 0.000000161834841 0.000000438828138 0.000000090510221 0.000000946272393 0.000000103479321 -0.000003535860871 -0.000000006663309 -0.000000850600281 -0.000000967119580 0.000000381958544 0.000000581594182 0.000002413677089 0.000000380360157 0.000000448188112 0.000000010355592 0.000000536143192 0.000001642394608 0.000001677821434 0.000001338413914 0.000001605372431 0.000000039145178 0.000000247286410 0.000002391868729 0.000002445739698 0.000004137030619 0.000002543389425 0.000000091228487 0.000000993774963 0.000001055176246 0.000000601630940 0.000000491529976 0.000002303856422 0.000001939121331 0.000001821797156 0.000000634164452 -0.000000048099653 0.000000543049155 0.000000031845711 0.000002114874003 0.000001370377240 0.000002085995307 -0.000000170761204 0.000001473728338 0.000001361634153 0.000001567679683 0.000001038493965 0.000000395507095 0.000000657910071 0.000000610404145 0.000000341787814 0.000000951377324 0.000001058469362 0.000000464060324 0.000000167319544 0.000000499717183 0.000000346952510 -0.000000110210604 0.000000521438107 0.000000459226545 0.000001144681419 0.000000854763052 0.000000116662959 0.000000736150077 0.000000358419323 0.000001563749848 0.000000033258355 -0.000000155501472 0.000000446267510 0.000000587392668 0.000000708739753 0.000000288782279 0.000000170181733 0.000000693280681 0.000000486358010 0.000000620512083 0.000000901011913 0.000000087492879 0.000000163534351 0.000000148752675 0.000000141535984 0.000000135356690 0.000000120772127 0.000000178093681 0.000000147916003 0.000001222878505 0.000000308228711 0.000000306043767 0.000000117164881 0.000000132404681 0.000000294766638 0.000000067657293 0.000000159580925 0.000000431769379 0.000000474346480 0.000000273944879 0.000000463243525 0.000000133904430 0.000000223510315 0.000000321259624 0.000000250175239 0.000000218779525 0.000000186965410 0.000000639982511 0.000000412795123 0.000000178301980 0.000000073495914 0.000000229093011 0.000000788973395 0.000000720014056 0.000000648072667 0.000000355765128 0.000000411905509 0.000000403957885 0.000000456252542 0.000000617538048 0.000000231030997 0.000000230389260 0.000000266885329 0.000000239310232 0.000000233858107 0.000000255781139 0.000000217749198 
0.000000223755860 0.000000117271342 0.000000019617268 0.000000207383019 0.000000156998264 0.000000069697177 -0.000000097665427 0.000000032340674 0.000000157696921 0.000000373679345 0.000000104652820 0.000000069244443 -0.000000002392546 0.000000140586774 0.000000212888471 -0.000000038176619 0.000000171196120 0.000000125288342 -0.000002069190324 0.000000260010204 -0.000000457896525 -0.000000590877675 0.000000616185330 0.000000041498227 0.000001945270218 0.000000292764578 0.000000345381731 -0.000000256336710 0.000000214213167 -0.000000291821634 0.000000971501402 0.000000882822988 0.000001537848515 0.000001118361153 0.000000051945828 0.000001016217285 0.000001140760290 0.000002543389425 0.000004299574307 0.000000267293370 0.000000592924990 0.000000320757227 0.000000096748147 0.000000340740037 0.000000034158964 0.000000531569283 0.000000710542638 0.000000084347459 0.000000941176602 0.000001927428935 0.000000569097666 0.000000115640655 -0.000001459121326 -0.000000687801579 -0.000000569269985 0.000000218927744 -0.000000009988856 0.000000722694271 -0.000000366491877 0.000000332355675 0.000000265363852 0.000000478232394 0.000000226212400 0.000000138814647 0.000000157856943 0.000000257993327 0.000000108381679 0.000000849599419 0.000000063598248 0.000000704245279 0.000000624129103 0.000000352235210 0.000000949705017 0.000000432830450 0.000000111674093 0.000000474018494 0.000000311686723 0.000001154552079 -0.000000179659964 0.000000049158269 0.000000113915454 0.000000142887429 0.000000588815262 0.000000120326592 0.000000784243304 0.000000267172891 0.000000292595844 0.000000167447794 0.000000630556308 0.000000145383939 0.000000148791731 0.000000168111935 0.000000154680727 0.000000139939736 0.000000116302604 0.000000132651235 0.000000193201382 0.000000879258845 0.000000135128574 0.000000058985593 0.000000212840567 0.000000124225282 0.000000027331778 0.000000005120800 0.000000166698777 0.000000313387894 0.000000225965912 0.000000176345858 0.000000205940342 0.000000107383878 0.000000223659409 0.000000277532002 0.000000174588331 0.000000156698386 0.000000178282994 0.000000001681400 0.000000221478140 0.000000312267753 0.000000090232236 0.000000173630391 0.000000460882787 0.000000383272882 0.000000789377390 0.000000165589380 0.000000319608072 0.000000132002327 0.000000111938168 0.000000297625312 0.000000145733065 0.000000189224142 0.000000156120808 0.000000154086472 0.000000170934423 0.000000200269231 0.000000156432624 
0.000000344084949 0.000000171910651 0.000000258161979 0.000000450811211 0.000000585278429 0.000000240369969 0.000000279929121 0.000000352878218 0.000000169174609 0.000000512367849 0.000000152488836 0.000000209735583 0.000000186889983 0.000000203934687 0.000000315923226 0.000000150921670 0.000000630398974 0.000001183417930 0.000002360613231 0.000003129100965 0.000000286977695 0.000000415278093 0.000000142878677 0.000000235612373 0.000000256309800 0.000000137502351 0.000000192160617 0.000000228605043 0.000000237854815 0.000000482523591 0.000000381555739 0.000000577612929 0.000001015231574 0.000001561092700 -0.000000019068836 0.000000079170240 0.000000418674688 0.000000091228487 0.000000267293370 0.000002526095561 0.000000255962652 0.000000131113736 0.000000147135902 0.000000534814561 -0.000000178251052 0.000000428775196 0.000001175513129 0.000000169060938 0.000000120790049 0.000019942719021 0.000000573143738 0.000000132227893 0.000001456461842 -0.000000535401636 -0.000000296659988 0.000000044899239 0.000000111524965 0.000000619153437 -0.000000479737217 -0.000000117538085 0.000000166531382 0.000000096032484 0.000000329201535 0.000000098818882 -0.000000021799662 0.000000206556157 0.000000212168611 0.000000150999025 0.000000124313813 0.000000151786604 0.000000197773306 0.000000104628008 0.000000099908000 0.000000219466239 0.000000225446339 0.000000159879739 0.000000083856678 0.000000215815161 0.000000114524411 -0.000000113599670 0.000000201953419 0.000000144844070 0.000000175589780 0.000000370721051 0.000000099767514 0.000000114732104 0.000000146140733 0.000000184489289 0.000000104728538 0.000000252701318 0.000000144934588 0.000000167051695 0.000000163400597 0.000000158093511 0.000000061294346 0.000000218132527 0.000000195855246 0.000000121288745 0.000000092997797 0.000000127558818 0.000000231074924 0.000000131358110 0.000000243487125 -0.000000007281360 0.000000021736711 0.000000221477917 0.000000227572402 0.000000231968370 0.000000202549408 0.000000148835752 0.000000174682273 0.000000184597197 0.000000169326070 0.000000186238693 0.000000217733361 0.000000159605585 0.000000178229518 0.000000168879386 0.000000193347306 0.000000125804289 0.000000214104941 0.000000177492015 0.000000209003632 0.000000266943361 0.000000188963948 0.000000177072218 0.000000209595492 0.000000202196300 0.000000215383484 0.000000217824946 0.000000205662193 0.000000211756007 0.000000212606442 0.000000197912208 0.000000212350516 
0.000000592100151 -0.000000865212420 0.000000278186109 0.000000567618485 0.000000150066104 0.000000483386308 0.000001503417212 0.000000393368174 0.000000579205505 0.000000837659826 0.000001121781958 0.000000867708758 0.000000775477286 0.000001305879647 0.000000979481310 0.000000593963811 -0.000002125525647 0.000000381685418 0.000000754237787 0.000000781867250 0.000000466176764 0.000001198312101 0.000000298988868 0.000000530345245 0.000000700047980 0.000001102305866 0.000000904165917 0.000000863762057 0.000000829405738 0.000001994754410 0.000001429341735 0.000001640087438 0.000001529222566 0.000000379888547 0.000000239868939 0.000003652992946 0.000002710956057 0.000000993774963 0.000000592924990 0.000000255962652 0.000003620769649 0.000002391179513 0.000001000596587 0.000002120614453 0.000001994335274 0.000001686329439 0.000001462883877 0.000001771004109 0.000000266601497 0.000001132177698 0.000007303359272 0.000001496667096 0.000006915216274 0.000000182271120 -0.000000211363741 0.000001237359213 0.000001090155463 0.000002298646805 0.000002836812386 -0.000000028259813 0.000000554673110 0.000000413004743 0.000000467722657 0.000000499216416 0.000000309529838 0.000000755598486 0.000000437043941 0.000000152832802 0.000000166501559 0.000000605378007 0.000000429684750 0.000000480408828 0.000000528936911 0.000000580064313 0.000000240926139 0.000000580906487 0.000000462673144 0.000000519784060 0.000000390780051 0.000000711968505 0.000000709887559 0.000000498204370 0.000000339049903 0.000000844482916 0.000000355146200 0.000001520102705 0.000001250362214 0.000000679661767 0.000000811982152 0.000001413290000 0.000000185823943 0.000000206181197 0.000000183406626 0.000000193941780 0.000000092096736 0.000000300921193 0.000000363928075 0.000000762261850 0.000000246831103 0.000000393192287 0.000000143332500 0.000000147376508 0.000000922926525 0.000000121987006 0.000000043878057 0.000000520201300 0.000000506071397 0.000000304918164 0.000000440508200 0.000000160639070 0.000000389859447 0.000000414876497 0.000000341969676 0.000000317977885 0.000000250712213 0.000000846270558 0.000000705663438 0.000003697773030 0.000000322655936 0.000002283070976 0.000000613929577 0.000000651518121 0.000000422411778 0.000000565499332 0.000000300947998 0.000000636906815 0.000000460616478 0.000000562889684 0.000000436703104 0.000000772998587 0.000000525058062 0.000000710817175 0.000000447864632 0.000000447551621 0.000000366305283 
0.000000504400937 -0.000000931614196 0.000000243111767 0.000000396091124 0.000000153531235 0.000000418931889 0.000001249008090 0.000000391908978 0.000000587673616 0.000000938035095 0.000000749202416 0.000000716384745 0.000000693223850 0.000000760880543 0.000000748721973 0.000000585942882 -0.000002681998776 0.000000265364928 -0.000000112086060 0.000000883636958 0.000000081938361 0.000000433845589 0.000000190575574 0.000000348009781 0.000000968440239 0.000000915946488 0.000000880916391 0.000000310629334 0.000000736581189 0.000002198923734 0.000001832271078 0.000001427606793 0.000001154446263 0.000000212230412 0.000000223877085 0.000001570093895 0.000002960976594 0.000001055176246 0.000000320757227 0.000000131113736 0.000002391179513 0.000003184197770 0.000000770575642 0.000001872410158 0.000001420068238 0.000001790701127 0.000000970719287 0.000001332263331 0.000000409849151 -0.000000248633066 0.000001573822498 0.000000843560553 0.000008485751749 0.000001332620761 0.000000012544513 0.000001229939524 0.000001016962750 0.000002580437595 0.000003746570614 -0.000000122242372 0.000000596086038 0.000000401800970 0.000000264673940 0.000000793168754 0.000000671817907 0.000000844333910 0.000000479053399 0.000000041306705 0.000000362351298 0.000000171340364 0.000000339531518 0.000000483526073 0.000000628433445 0.000000560447917 0.000000234206589 0.000000647011541 0.000000507016330 0.000000715024688 0.000000309481798 0.000000155492281 0.000000590111527 0.000000641788712 0.000000427435199 0.000000848338424 0.000000214225389 0.000001011794422 0.000000779745084 0.000000441696573 0.000000698426658 0.000001010429281 0.000000173477326 0.000000197706873 0.000000195756509 0.000000194044890 0.000000149089415 0.000000234124648 0.000000268674823 0.000000793500947 0.000000238868105 0.000000430217796 0.000000105223583 0.000000129121096 0.000001092033059 0.000000174565841 0.000000128117856 0.000000531011088 0.000000485911914 0.000000385600103 0.000000505761556 0.000000268274071 0.000000313048033 0.000000375009631 0.000000293983294 0.000000270248623 0.000000218542670 0.000000748084220 0.000000483052713 0.000000670264369 0.000000166068030 0.000000462743124 0.000000645848285 0.000000605671519 0.000000372021139 0.000000427441701 0.000000424466430 0.000000707363540 0.000000446030402 0.000000557043091 0.000000348971962 0.000000423641834 0.000000447954681 0.000000474602707 0.000000354560820 0.000000398689877 0.000000326100912 
0.000000415408194 -0.000000016803935 0.000000209462690 0.000000266192150 0.000000160848812 0.000000480818772 0.000000807336368 0.000000304566526 0.000000335703790 0.000000180561572 0.000000528065669 0.000000463527218 0.000000526365006 0.000000582218209 0.000000604435568 0.000000470756098 0.000000027106595 0.000000102040482 -0.000001475509239 0.000000189571901 0.000000434925905 0.000000717327815 0.000000331017808 0.000000392778952 0.000000269364763 0.000000610385285 0.000000514232450 0.000000366341469 0.000000422126940 0.000000739339789 0.000000602601857 0.000000493770322 0.000000908700416 -0.000000107429701 0.000000221178992 0.000000751857910 0.000001434421143 0.000000601630940 0.000000096748147 0.000000147135902 0.000001000596587 0.000000770575642 0.000001187759384 0.000000702686926 0.000001332214330 0.000001254123817 0.000000845454013 0.000000634184968 0.000000101709549 0.000000328064268 0.000001154925054 0.000000921390914 0.000001243002608 0.000001547155762 -0.000000377459424 0.000001315284855 0.000000934603139 0.000000551012289 0.000001103132161 0.000000224685848 0.000000352707338 0.000000218169572 0.000000170762258 0.000000416337824 0.000000169362865 0.000000424022037 0.000000270199259 0.000000093278957 0.000000375587750 0.000000110019474 0.000000371527275 0.000000378366446 0.000000513056915 0.000000557297285 0.000000283436872 0.000000290181418 0.000000208115115 0.000000412117935 0.000000292193000 0.000000083908536 0.000000509862029 0.000000609883700 0.000000237821361 0.000000452344014 0.000000120175462 0.000000589051402 0.000000383493410 0.000000575389816 0.000000504278704 0.000000375568711 0.000000133916712 0.000000151497357 0.000000141345106 0.000000133949503 0.000000094445585 0.000000123442338 0.000000377144893 0.000000362156595 0.000000269494825 0.000000246899688 0.000000146597410 0.000000103042827 0.000000248959153 0.000000033052799 0.000000089182903 0.000000357166160 0.000000337042536 0.000000239910221 0.000000294672676 0.000000114394510 0.000000372064765 0.000000368417465 0.000000335708448 0.000000286775004 0.000000205818900 0.000000329661132 0.000000468747837 0.000000521352752 0.000000296130279 0.000000282782745 0.000000419827713 0.000000433129885 0.000000248248263 0.000000315432039 0.000000162760561 0.000000415319221 0.000000352873837 0.000000461836838 0.000000369075616 0.000000306220547 0.000000434159435 0.000000366675059 0.000000432461454 0.000000368299398 0.000000335213680 
0.000000310093722 0.000000280260169 0.000000181869744 0.000000359446234 0.000000472420423 0.000000244536983 0.000001715397299 0.000000142197761 0.000000421389345 0.000000326974403 0.000001778082238 0.000000465735601 0.000000562427481 0.000001248585975 0.000000771713372 0.000000622847857 -0.000003072269696 0.000000890428578 -0.000002296433272 0.000001056159271 0.000001064834803 0.000001460584512 -0.000000152564632 0.000000249151792 0.000000479385526 0.000000815194451 0.000000533073240 0.000000421891495 0.000000914642450 0.000002786014289 0.000001313401488 0.000000864246188 0.000000446177997 0.000000485995110 0.000000421511487 0.000000489008416 0.000003448774044 0.000000491529976 0.000000340740037 0.000000534814561 0.000002120614453 0.000001872410158 0.000000702686926 0.000012822326685 0.000000469319665 0.000001584099057 0.000000808812385 0.000001580957449 0.000000191711350 0.000004002562118 0.000001121225446 0.000000440369026 0.000013984012458 -0.000000251644272 -0.000000660170894 0.000000616541929 0.000001064781849 0.000004187866509 0.000000834804837 0.000000594063391 0.000000484750210 0.000000262410848 0.000000170696149 0.000000251940978 0.000000482371219 0.000000778382670 0.000000708921597 0.000000312522581 0.000000040651221 0.000000175381729 0.000000616301045 0.000000466233924 0.000000371343555 0.000000223370729 0.000000281759100 0.000000427232668 0.000000293363794 0.000000050744643 0.000000423771416 0.000000573424190 0.000000303148950 0.000000081275163 0.000000316078393 0.000000632352071 -0.000000056493329 0.000000830494084 0.000000426267082 0.000000587098179 0.000000665649896 0.000000172650437 0.000000167740984 0.000000183600676 0.000000195623530 0.000000200148655 0.000000205979476 0.000000194479845 0.000000227727674 0.000001114892544 0.000000251230130 0.000000312089646 0.000000300964972 0.000000212787431 0.000001666518162 0.000000286810482 0.000000136880879 0.000000314096063 0.000000252442302 0.000000226816035 0.000000255607434 0.000000211073741 0.000000386442286 0.000000386421321 0.000000261820825 0.000000226139055 0.000000163432590 0.000000441875944 0.000000759566812 0.000000496003724 0.000000308888733 0.000000463624484 0.000000463189456 0.000000401416291 0.000000384304341 0.000000342211810 0.000000271111368 0.000000572731519 0.000001841390958 0.000000391195090 0.000000216022318 0.000000234790361 0.000001082311367 0.000000756175410 0.000000392303996 0.000000353053194 0.000000596393859 
0.000000566692627 -0.000001648990528 0.000000052722738 0.000000500194496 0.000000198380125 0.000001209640051 0.000002044032539 0.000000355474446 0.000000175414850 0.000001003950496 0.000000543127704 0.000000555663579 0.000000796364548 0.000000286156637 0.000000204576235 0.000000376071490 -0.000000798940400 -0.000000044531912 -0.000007460928183 0.000000003318238 0.000001220622865 0.000000773178401 0.000000257320466 0.000000817551681 0.000000065489809 0.000000736531939 0.000000929021393 0.000000838922221 0.000000613925569 0.000003206808273 0.000001916818497 0.000001350343677 0.000001411250572 -0.000000219255637 0.000000484099123 0.000002185107935 0.000002396801391 0.000002303856422 0.000000034158964 -0.000000178251052 0.000001994335274 0.000001420068238 0.000001332214330 0.000000469319665 0.000007794502662 0.000002034005319 0.000002406044570 0.000000200632310 0.000000462109013 -0.000001118243287 0.000002582561559 0.000002266829446 0.000003280617495 0.000003684142577 -0.000000732888808 0.000002247045457 0.000001746935859 0.000000759768452 0.000010297508897 0.000000274986481 0.000000764359178 0.000000584436193 0.000000050956843 0.000000961771014 -0.000000031955755 0.000001491878809 0.000000119262713 0.000000197375082 0.000000608315084 -0.000000010125938 0.000000144274912 0.000000630732942 0.000000739147055 0.000001051731465 0.000000087221399 0.000000586021741 0.000000504137089 0.000000868497183 0.000000721401093 0.000000220456988 0.000000467812950 0.000001075196561 0.000000225849143 0.000000907907512 0.000000046310674 0.000001058630661 0.000001054109063 0.000001240114600 0.000001565773618 -0.000000056712560 0.000000162700421 0.000000114450814 0.000000087391740 0.000000084191072 0.000000056006175 0.000000141468454 0.000000178995365 0.000000016914347 0.000000395119722 0.000000515829372 0.000000001333282 0.000000076429977 0.000000480571343 -0.000000044184123 0.000000109330910 0.000000604167463 0.000000651941070 0.000000346505353 0.000000718651482 0.000000154522433 0.000000399562794 0.000000243983577 0.000000325828586 0.000000274846820 0.000000206745495 0.000001756236143 0.000000461294911 0.000000555774290 0.000000165778681 0.000001144477611 0.000000700976459 0.000000888695475 0.000000443823330 0.000000663540789 0.000000341914923 0.000000715468826 0.000000665975367 0.000000529379880 0.000000436989130 0.000000620923720 0.000000390976655 0.000000445736286 0.000000382726955 0.000000444050255 0.000000389510214 
0.000000617628076 -0.000001817207000 0.000000574979894 0.000000440585516 0.000000925675594 0.000000662811164 0.000001048089666 0.000000367882862 0.000000345804925 0.000001244185657 0.000000843522382 0.000000348640807 0.000000702657994 0.000000617866738 0.000000699646094 0.000000722649977 0.000001128372649 0.000000263570969 -0.000002092221646 0.000001307629764 0.000000119560961 0.000000474114160 0.000000058039714 0.000001102723481 0.000001357577445 0.000000580440813 0.000000771510643 0.000000053311052 0.000000667545103 0.000002572247511 0.000002699682103 0.000002211882171 0.000001726610622 0.000000469954156 0.000000169421482 0.000001890380214 0.000003676679439 0.000001939121331 0.000000531569283 0.000000428775196 0.000001686329439 0.000001790701127 0.000001254123817 0.000001584099057 0.000002034005319 0.000006274435145 0.000002829540772 0.000002427557922 0.000000569727768 0.000001356560039 0.000003509811874 0.000000576732161 0.000002981544653 0.000002031527493 0.000002085407258 0.000001827574860 0.000002141102140 0.000001193912562 0.000001627582971 0.000000761875018 0.000001133974791 0.000000722616741 0.000001271123964 0.000001621990542 0.000000606853093 0.000000820348016 0.000000836914400 0.000000056276415 0.000000273351610 -0.000000184236577 0.000000708732412 0.000000712303639 0.000001275123034 0.000000906513757 0.000000212309273 0.000000620539124 0.000000501694481 0.000001568269428 0.000001220649418 -0.000000284958994 0.000000428458678 0.000000717902519 0.000000681535825 0.000001247905858 0.000000007476969 0.000001131862190 0.000000517117641 0.000000728157630 0.000000717288379 0.000000601981767 0.000000229968212 0.000000248389864 0.000000282385600 0.000000279810440 0.000000344409311 0.000000189887048 0.000000447745007 0.000001336863033 0.000000329943665 0.000000807055532 0.000000332894590 0.000000260081653 0.000000592316763 0.000000330551474 0.000000478746073 0.000000836812525 0.000000778627231 0.000000655079824 0.000001017970880 0.000000655976901 0.000000379871003 0.000000314591758 0.000000272063499 0.000000292421673 0.000000255319555 0.000000403418896 0.000000786419931 0.000000932388278 0.000000515317315 0.000000095624477 0.000000920573439 0.000000823441769 0.000000697142207 0.000000940645343 0.000000956008604 0.000000422664413 0.000000661134610 0.000000821002700 0.000000559790784 0.000000252226157 0.000000498507508 0.000000419645601 0.000000393896542 0.000000351667308 0.000000328950170 
0.000000530902959 -0.000001136279072 0.000000251102969 0.000000455748561 0.000000357746818 0.000000706036854 0.000000922597732 0.000000340396005 0.000000399314702 0.000001074117806 0.000000426277608 0.000000314898903 0.000000595430996 0.000000436873852 0.000000681182199 0.000000232523830 0.000000424474342 0.000000727679656 -0.000001192538608 0.000001610748655 0.000000499338076 0.000000570718938 0.000000130407374 0.000000669960982 0.000000910971734 0.000000464213070 0.000000561404186 0.000000300392903 0.000000593942582 0.000001403622591 0.000001387072141 0.000001504564053 0.000002167294322 0.000000658977072 0.000000098730565 0.000002130596869 0.000003214408619 0.000001821797156 0.000000710542638 0.000001175513129 0.000001462883877 0.000000970719287 0.000000845454013 0.000000808812385 0.000002406044570 0.000002829540772 0.000003964460070 0.000004894760328 -0.000000019126148 0.000009625150972 0.000001535540528 0.000000695226378 0.000003072011760 0.000000739211650 -0.000000200267062 0.000001577749184 0.000001140314360 0.000001410991075 0.000000437477218 0.000000005041861 0.000000730027828 0.000000611159862 0.000001019237862 0.000001574988146 0.000000274921559 0.000000522410638 0.000000346817304 0.000000156978071 0.000000236140185 0.000000147820524 0.000000258891283 0.000000335298442 0.000000795862048 0.000000870680932 0.000000134073922 0.000000427249629 0.000000614496343 0.000001204337854 0.000000545584229 0.000000199736546 0.000000377809081 0.000000488901542 0.000000314447088 0.000000982068841 0.000000132198826 0.000000754842252 0.000000515138875 0.000000729623207 0.000000365689519 0.000000494377482 0.000000172102142 0.000000186803416 0.000000184917016 0.000000194060545 0.000000151074081 0.000000365841030 0.000000398918850 0.000000561052127 0.000000284678001 0.000000468373984 0.000000224501783 0.000000151111038 0.000000484835515 0.000000061660419 0.000000206405849 0.000000490431885 0.000000600455917 0.000000448051518 0.000000668551922 0.000000251183489 0.000000257347105 0.000000245921548 0.000000229092175 0.000000276956311 0.000000236607538 0.000000663745443 0.000000489553278 0.000000679380073 0.000000312723272 0.000000560380765 0.000000557611317 0.000000681203971 0.000000498864086 0.000000705398112 0.000000522153936 0.000000360651860 0.000000498922538 0.000000533073181 0.000000419171089 0.000000427610134 0.000000335680676 0.000000346451393 0.000000297240413 0.000000301987969 0.000000265855144 
0.000000327211296 -0.000002077643058 0.000000334178061 0.000000725697844 -0.000000002526422 0.000000163210672 0.000000927502616 0.000000226480579 0.000001058103055 0.000000525243619 0.000000362827967 0.000000461347394 0.000000138069651 0.000001055741615 0.000000990053307 0.000000559869767 0.000000764778281 0.000000374160360 0.000000309210144 0.000000163525532 0.000001105708754 -0.000000100252132 -0.000000107535543 0.000000333569463 0.000000582283255 0.000000276047846 0.000000505754330 0.000000024374893 0.000000245157506 0.000000618306949 0.000001832316743 0.000001296626335 0.000002375336380 -0.000000695999291 0.000000332020943 0.000002382310979 0.000002976928751 0.000000634164452 0.000000084347459 0.000000169060938 0.000001771004109 0.000001332263331 0.000000634184968 0.000001580957449 0.000000200632310 0.000002427557922 0.000004894760328 0.000025145621772 -0.000000492326358 -0.000000787459548 -0.000001392965387 -0.000000327672550 0.000003579781050 -0.000000229427146 -0.000000030129125 0.000000163356341 0.000002273438555 0.000001356534276 0.000000471225607 -0.000000912330065 0.000001041005546 0.000000517012550 0.000000389929777 0.000003587511087 0.000000647733081 0.000001746951486 0.000001329873236 0.000000136335248 0.000000118731143 0.000000606317201 0.000000305715262 0.000000359263933 0.000000949499150 0.000000391205176 -0.000000063399032 0.000000356587685 0.000001062989198 0.000000101058578 0.000000377128149 0.000000809246046 0.000000606333996 0.000000043523051 0.000000147459873 0.000001557932453 0.000000253591899 0.000001091294920 0.000000983897280 0.000000092885889 -0.000000304558784 0.000002006829384 0.000000154825477 0.000000222993623 0.000000245484970 0.000000292874716 0.000000247876395 0.000000237776546 0.000000337102646 0.000000521451373 0.000000291578771 0.000000658107501 0.000000430420560 0.000000262828659 0.000000548314752 0.000000294405896 0.000000108287425 0.000000439146838 0.000000760351914 0.000000609981664 0.000000862494853 0.000000278952949 0.000000007731921 0.000000027111060 0.000000032373077 0.000000184935811 0.000000171460810 0.000001600720538 0.000000949085505 0.000000868689908 0.000001203075209 0.000001553645127 0.000000398214118 0.000000835799500 0.000000519493098 0.000001199672367 0.000000558124437 0.000000549933782 0.000000186912813 0.000000561583306 0.000000345504813 0.000000697202491 0.000000265673680 0.000000147497816 0.000000173793649 0.000000102326295 0.000000206204508 
0.000000172320655 -0.000000099754786 0.000000183304616 0.000000405821280 0.000000760342297 -0.000000057118008 0.000000165714708 0.000000144371649 -0.000000024736214 0.000000021802366 0.000000157232772 0.000000121170615 0.000000182429738 0.000000106305492 0.000000161927474 0.000000131702775 -0.000000857031099 0.000000258694906 -0.000000562419184 0.000001090024173 0.000000318919731 0.000000539835425 0.000000020929169 0.000000056509801 0.000000401520338 0.000000136819200 0.000000300941340 -0.000000006063838 0.000000023651268 0.000000119232490 0.000000550782243 0.000000468593638 0.000000450282643 0.000001368232611 0.000000299154984 0.000000047675859 0.000000339563790 -0.000000048099653 0.000000941176602 0.000000120790049 0.000000266601497 0.000000409849151 0.000000101709549 0.000000191711350 0.000000462109013 0.000000569727768 -0.000000019126148 -0.000000492326358 0.000004005770501 0.000000574019158 0.000000870624244 -0.000000201269179 0.000000470970230 0.000000323192526 0.000000451383240 0.000000286969278 0.000000147203271 0.000000319966656 0.000001562047610 0.000000023531924 0.000000322896121 0.000000400993181 0.000000308117855 -0.000000009908777 -0.000000145187414 0.000000556334285 0.000000132625878 0.000000087493081 0.000000316886860 0.000000209996601 0.000000183297926 0.000000394280116 0.000000124538403 0.000000182337364 0.000000311162341 0.000000272776984 0.000000283839897 0.000000439863811 0.000000243569882 -0.000000088255540 0.000000125678281 0.000000434396887 0.000000195656808 0.000000049341223 0.000000198069192 0.000000129246736 0.000000208510433 0.000000165716043 0.000000503262837 -0.000000084440670 0.000000180641824 0.000000239277221 0.000000298619096 0.000000238318581 0.000000352713400 0.000000112266173 0.000000165368662 0.000000506386257 0.000000153673393 0.000000299933625 0.000000316190333 0.000000265577590 0.000000444092308 0.000000377907512 0.000000469561842 0.000000315654538 0.000000231172605 0.000000313049574 0.000000214827751 0.000000408026286 0.000000195396129 0.000000157824262 0.000000160184433 0.000000113284500 0.000000170256628 0.000000147316086 0.000000150158580 0.000000292840634 0.000000103446907 0.000000137395380 0.000000312246013 0.000000284822357 0.000000282491679 0.000000344821730 0.000000299836246 0.000000175300516 0.000000110416587 0.000000129117658 0.000000167537340 0.000000238954291 0.000000125920667 0.000000190583994 0.000000156485392 0.000000187253533 0.000000184052994 
0.000000785345637 -0.000004663563941 -0.000000885175686 0.000001497605224 0.000004421895532 0.000000947831979 0.000001385018810 0.000001067661591 -0.000000115297706 0.000001748072691 -0.000000030567954 0.000000871238537 0.000000355165480 0.000000382336750 0.000001872247363 -0.000000209703374 -0.000000192831763 0.000010882188206 0.000017252411037 0.000030872450320 0.000001265639041 0.000001993267314 -0.000000140887796 0.000000828783366 -0.000000181385925 0.000000215710689 0.000000824332698 0.000001241270136 0.000000302422619 0.000001885768869 0.000001323301630 0.000003829508936 0.000007465244070 0.000013835649824 -0.000001150725330 -0.000001249916193 0.000000953449624 0.000000543049155 0.000001927428935 0.000019942719021 0.000001132177698 -0.000000248633066 0.000000328064268 0.000004002562118 -0.000001118243287 0.000001356560039 0.000009625150972 -0.000000787459548 0.000000574019158 0.000211625316335 -0.000000535571235 0.000000782440832 0.000006669303549 -0.000005134648604 -0.000005435208415 0.000000284545704 0.000000200062174 0.000002968575616 -0.000004283801971 0.000000136869762 -0.000000028964560 -0.000000651775583 0.000000129679690 -0.000000331955012 -0.000001965323645 -0.000000317262766 -0.000000049216080 0.000000154760639 -0.000000925985537 -0.000002305256455 0.000000641495089 -0.000000193741547 -0.000000277653218 0.000000142521380 0.000000541799145 -0.000000701262170 -0.000001334306674 0.000000036787452 -0.000001550726568 -0.000002982002931 -0.000000200955382 0.000000159503343 -0.000000313720728 0.000000762919721 -0.000000140452604 -0.000000243320825 -0.000000200095319 0.000000395195352 0.000000700621775 0.000000424860555 -0.000000645878714 -0.000000637947999 -0.000000723123251 -0.000000726842435 -0.000001000692555 -0.000000171153132 -0.000000529469318 0.000000049093018 -0.000000500378834 -0.000000523538129 -0.000000642659708 -0.000000482425810 0.000000251540766 -0.000001482249659 -0.000001119027489 -0.000000346996403 -0.000000435942696 -0.000000518971449 -0.000000694581062 -0.000000655656733 0.000000434925295 0.000000306399213 0.000000047547532 -0.000000092191368 -0.000000159752051 -0.000000138551677 -0.000000521183621 -0.000000692482078 -0.000000144551454 -0.000000962060070 -0.000000434300952 -0.000000747007609 -0.000000361695842 -0.000000059177808 -0.000000512097124 -0.000000108099187 -0.000000043458561 -0.000000305720573 -0.000000194956096 -0.000000466838504 0.000000420544200 0.000000274419101 0.000000183392469 0.000000102816944 0.000000035517913 
0.000001080633387 -0.000008845123609 0.000000813892997 0.000000874539775 0.000000746280083 0.000000061286645 0.000000918906083 0.000000535075432 0.000001298291421 0.000001951168374 0.000003424962190 0.000001782395067 0.000000857062176 0.000001580311815 0.000000848508898 0.000000686093955 -0.000011074455796 0.000000507476865 0.000016989932908 0.000005526829552 0.000000171017238 0.000005563804142 0.000001074132496 0.000000951012934 0.000000488204190 0.000002352676946 0.000001360272827 0.000002608501077 0.000000729753817 0.000001757481345 0.000001159514041 0.000001758729859 0.000002246636864 0.000000868328164 -0.000000130525935 0.000001350014620 0.000001040449847 0.000000031845711 0.000000569097666 0.000000573143738 0.000007303359272 0.000001573822498 0.000001154925054 0.000001121225446 0.000002582561559 0.000003509811874 0.000001535540528 -0.000001392965387 0.000000870624244 -0.000000535571235 0.000083408062482 0.000000293983796 -0.000001799923056 -0.000000743490755 0.000003338231898 0.000001803117543 0.000001250609908 0.000000370272731 0.000004442268127 -0.000000632008993 0.000000736172072 0.000000813021674 0.000000773728934 -0.000000097408254 -0.000000270242458 0.000000213497646 0.000000303166045 0.000000321398390 -0.000000069764963 0.000000252629808 0.000000940152427 0.000000943597207 0.000001402773063 0.000001002369130 0.000000503783953 0.000000777611745 0.000000459873401 0.000000214313254 0.000002267470981 0.000000060382016 0.000000483271026 0.000000803279517 0.000000362328518 0.000001591197853 0.000000368454982 0.000001591670053 0.000000854048412 0.000001066380492 0.000001626346579 0.000000247018502 0.000000281595159 0.000000281442817 0.000000271660740 0.000000233067549 -0.000000021375801 0.000000501525605 0.000000211798328 0.000000408538964 0.000000119120306 0.000001152451839 0.000000556152280 0.000000328345650 0.000000073337281 0.000000476437267 0.000000051373954 0.000000984426581 0.000000702120531 0.000000287943072 0.000000543367622 0.000000304599101 0.000000548381327 0.000000838615236 0.000000746653089 0.000000578944066 0.000000457214294 0.000001361885036 0.000001059696800 0.000018989456959 0.000000199807437 -0.000000123058596 0.000000820797494 0.000000993209924 0.000000869727563 0.000000783347529 0.000000607235123 0.000000812263482 0.000000582186729 0.000000664468162 0.000000780108257 0.000000306289007 0.000000729229328 0.000002310333722 0.000000789297695 0.000000680709583 0.000000587391671 
0.000000523873724 -0.000000371584100 0.000000215927913 0.000000310572766 0.000000408790032 0.000000750962061 0.000001390118223 0.000000428229696 0.000000587421410 0.000000520111629 0.000000126981755 0.000000456154030 0.000000461861151 0.000000445725430 0.000000605425701 0.000000910014106 0.000001855875210 0.000000234996569 0.000000812470503 0.000000107715413 -0.000000071353359 -0.000000096604516 -0.000000014058138 0.000000438898097 0.000001293200281 0.000000438417252 0.000000299129477 0.000000657688202 0.000000464511527 0.000002752335281 0.000001121989918 0.000001252830553 0.000001869051261 0.000000168315753 0.000000388373059 0.000001066034468 -0.000000057526959 0.000002114874003 0.000000115640655 0.000000132227893 0.000001496667096 0.000000843560553 0.000000921390914 0.000000440369026 0.000002266829446 0.000000576732161 0.000000695226378 -0.000000327672550 -0.000000201269179 0.000000782440832 0.000000293983796 0.000008015356346 0.000000851837973 -0.000000390431658 -0.000000421330463 0.000001583071764 0.000001330400115 0.000000640136723 0.000000819881459 0.000000004405935 0.000000493714982 0.000000363092018 0.000000196483538 -0.000000074319399 0.000001376667526 0.000000225763486 0.000000121247460 0.000000088750679 0.000000097808741 -0.000000040607898 0.000000137212251 0.000000315501773 0.000000055885057 0.000000219793241 0.000000159992637 0.000000823742445 0.000000259702911 0.000000174715827 -0.000000089916670 -0.000000369112463 0.000001396949530 0.000000639713381 0.000000143308511 0.000001173753599 0.000000437476477 0.000000703026229 0.000000511570238 0.000000602258299 0.000001124149330 0.000000243720108 0.000000174554302 0.000000158533809 0.000000135436783 0.000000120452230 0.000000073422223 0.000000169152659 0.000000107529687 0.000000846904719 0.000000054104590 0.000000189083770 0.000000091481370 0.000000118335830 0.000000175507769 0.000000040069644 -0.000000006562658 0.000000370697721 0.000000555189813 0.000000191958415 0.000000144691349 0.000000088068963 0.000000215731957 0.000000459834831 0.000000255504856 0.000000279313096 0.000000219888202 0.000001241160685 0.000000659853996 0.000000034698094 0.000000206350911 0.000000040245669 0.000000836028283 0.000000673951440 0.000000197878938 0.000000528066589 0.000000230209149 0.000000702826420 0.000000361124298 0.000000572265374 0.000000362065064 0.000000126039237 0.000000337509685 0.000000289373572 0.000000390566791 0.000000314535577 0.000000221873197 
0.000000251266917 0.000008731714058 0.000000624108517 0.000000435075967 0.000001141871684 0.000000659910496 0.000009715118703 0.000000519776332 0.000001490889989 0.000000462215507 0.000000783660170 0.000000970979921 0.000002874521379 0.000003115351353 0.000001730214963 0.000000527383849 -0.000017059718194 0.000001534513807 0.000023353270653 0.000003385977970 0.000001983348396 -0.000000318099101 -0.000001438648717 0.000000838225047 0.000001182212835 0.000003111041065 0.000000339793488 -0.000000130130020 0.000004533190948 0.000021110282112 0.000001496868543 0.000000980459656 0.000001250757275 -0.000000230360448 -0.000000058199217 0.000001908661273 0.000019792303405 0.000001370377240 -0.000001459121326 0.000001456461842 0.000006915216274 0.000008485751749 0.000001243002608 0.000013984012458 0.000003280617495 0.000002981544653 0.000003072011760 0.000003579781050 0.000000470970230 0.000006669303549 -0.000001799923056 0.000000851837973 0.000133633613935 0.000004970876770 -0.000002338399811 0.000001429565395 0.000002122439605 0.000035268702160 0.000004552646994 -0.000001350337537 0.000001047943627 0.000000604436026 0.000000903629177 0.000001779496397 0.000000412310161 0.000001253575979 0.000000621127692 -0.000000113752442 0.000001187237277 0.000000312952856 0.000000219966494 0.000000457655667 0.000000817843296 0.000001203739064 0.000000429143687 0.000000393037393 0.000000584860239 0.000001107902097 0.000001054105484 0.000000937821940 -0.000000035461072 0.000001567956440 0.000000483905415 0.000001681551457 -0.000000506769201 0.000000670287230 0.000000358950396 0.000001155628790 0.000000999143992 -0.000000914591324 0.000000444913968 0.000000486941574 0.000000562179229 0.000000590911330 0.000000598410325 0.000000431283852 0.000000792968157 0.000000536034960 0.000000746952328 0.000001020686551 0.000000597015449 0.000000343496723 0.000014945556607 0.000001086362317 0.000000413490092 0.000000739950805 0.000000871628367 0.000000826799454 0.000001015828382 0.000000731083401 0.000000398493872 0.000000344090082 0.000000427500157 0.000000513080288 0.000000479740123 0.000001618766683 0.000000619978477 -0.000000080956411 0.000000253422778 0.000000824106207 0.000000841519699 0.000001031329751 0.000000672844854 0.000001019304884 0.000000891392123 0.000003014880811 0.000000674222315 0.000000825636453 0.000000526645512 0.000000997836161 0.000000757536921 0.000002459901940 0.000000437016571 0.000001084841506 0.000000496588166 
0.000000372410593 -0.000000248433397 0.000000386505573 0.000000175419672 0.000001222404474 -0.000000182010051 0.000001460510405 0.000000550816288 0.000000775188279 0.000000339394338 0.000000257379241 0.000000264828097 0.000000175265824 0.000000110575399 0.000000617826008 0.000000997825834 -0.000000167490638 -0.000000069753199 -0.000010714461797 0.000000191932506 -0.000001053240784 -0.000000461619724 0.000000242388236 0.000001527092407 0.000000038046569 0.000000263697271 0.000000471002296 0.000000867951060 0.000000668414355 0.000002756230094 0.000001370892026 0.000001510378923 -0.000000633511625 0.000003745899462 0.000000338565489 0.000001849420136 0.000002781620635 0.000002085995307 -0.000000687801579 -0.000000535401636 0.000000182271120 0.000001332620761 0.000001547155762 -0.000000251644272 0.000003684142577 0.000002031527493 0.000000739211650 -0.000000229427146 0.000000323192526 -0.000005134648604 -0.000000743490755 -0.000000390431658 0.000004970876770 0.000034819803100 0.000026445824175 0.000001804858543 0.000003276183603 0.000001075369870 0.000008012069211 -0.000001359699157 0.000000807802888 0.000000425882576 0.000000644802613 0.000000839607942 0.000000576032474 0.000001817111671 -0.000000196622084 0.000000010852496 0.000002648095313 -0.000001645731637 0.000000552790135 0.000001020629345 0.000001310144429 0.000000996352516 0.000000232358974 0.000000994099551 0.000000180762065 0.000000080123109 0.000002129441816 -0.000002198004780 -0.000000145969224 0.000002737386435 -0.000000289867446 0.000000308279204 -0.000000123306527 -0.000000020539580 0.000000361056990 0.000000975652473 0.000002280826306 -0.000000823891507 0.000000227069605 0.000000155242532 0.000000228515583 0.000000194153904 0.000000241996989 0.000000213616566 -0.000000279393791 0.000000187737272 0.000001007389248 0.000001105688914 0.000000132998348 0.000000023953849 0.000000868274170 0.000000594298221 0.000000111312793 0.000000820321468 0.000000629324769 0.000000382776423 0.000000877423874 0.000000647717057 0.000000142838424 0.000000095389572 0.000000256662518 0.000000168278814 0.000000236497606 0.000000613352501 -0.000000165192983 0.000000210633279 -0.000000125310213 0.000000378307371 0.000001012105321 0.000001308697052 0.000000362505853 0.000000539768092 0.000000484525693 0.000000832597427 0.000000750413623 0.000000713604753 0.000000484258582 0.000000148586789 0.000000257632423 0.000000279550943 0.000000330177357 0.000000233489619 0.000000277366896 
-0.000000239664962 0.000000289483648 0.000000708631423 0.000000107957829 0.000000673739673 -0.000000753492919 -0.000000362994869 0.000000257010749 0.000000450059155 0.000000735296774 -0.000000145889298 -0.000000043911366 0.000000056630010 -0.000000267928924 0.000000387982477 0.000000500734978 0.000002275460584 0.000000202847603 -0.000006422246904 0.000000195140986 -0.000000314478414 -0.000000435103823 -0.000000246451859 0.000001469098900 0.000000312088979 -0.000000231811340 0.000000045435038 0.000000863144542 0.000000438152372 -0.000000075149925 0.000000640409421 0.000001016065512 -0.000000693867331 0.000007286965179 0.000000307532757 -0.000000142126975 -0.000001120655283 -0.000000170761204 -0.000000569269985 -0.000000296659988 -0.000000211363741 0.000000012544513 -0.000000377459424 -0.000000660170894 -0.000000732888808 0.000002085407258 -0.000000200267062 -0.000000030129125 0.000000451383240 -0.000005435208415 0.000003338231898 -0.000000421330463 -0.000002338399811 0.000026445824175 0.000043007477673 -0.000000298777005 0.000000289654155 -0.000000663581995 0.000000121547139 0.000001378093632 0.000000377278341 0.000000316741771 0.000000890274453 0.000000163208509 0.000000511923778 -0.000000197383737 -0.000000264837875 -0.000000096057115 0.000000231444573 -0.000001481475779 0.000000512336930 0.000000680316701 0.000000311128193 -0.000000289178484 -0.000000182891562 0.000000612093451 0.000000018251481 0.000000186307637 0.000003545923128 -0.000002184357829 -0.000000104136151 0.000000185006947 -0.000000330412916 0.000000098105469 -0.000000111791303 -0.000000228450744 0.000000227667233 -0.000000129925212 0.000001971652914 0.000000110291602 0.000000170079337 0.000000149126547 0.000000255880419 0.000000239858405 0.000000309596737 0.000000294067744 -0.000000095128132 0.000000497062533 0.000000199579816 0.000001111817234 0.000000218951015 0.000000048288220 0.000000243728159 0.000000428166893 0.000000218447700 0.000000569604772 0.000000300484321 0.000000263992132 0.000000584548404 0.000001057793713 -0.000000204915866 -0.000000195352752 -0.000000179092821 -0.000000070320727 0.000000078582816 -0.000000009519029 -0.000000241969142 0.000000843857599 0.000000114097940 -0.000000326163805 0.000000399698626 0.000000737434054 0.000000244926283 0.000000998666033 0.000000614765293 0.000000119747417 0.000000432981751 0.000000068649561 0.000000550582008 -0.000000222044399 0.000000037944587 -0.000000101561216 0.000000041485988 -0.000000107660938 -0.000000033465608 
0.000000413231690 0.000000297192155 0.000000128001817 0.000000276146804 0.000000111542308 0.000000805508153 0.000001083634297 0.000000336820138 0.000000476537591 0.000000420704786 0.000000575744053 0.000000417828047 0.000000620169645 0.000000535566805 0.000000537540692 0.000000488051235 -0.000000426622623 -0.000000140923957 -0.000002615568617 0.000000246313995 0.000000449419517 0.000000103562428 0.000000352282220 0.000000359558499 0.000000681791144 0.000000687183174 0.000000660351679 0.000000166738784 0.000000661185671 0.000000557377808 0.000001047468446 0.000001084556103 0.000001567208448 -0.000000072425215 0.000000211031467 0.000001592695960 0.000002052648852 0.000001473728338 0.000000218927744 0.000000044899239 0.000001237359213 0.000001229939524 0.000001315284855 0.000000616541929 0.000002247045457 0.000001827574860 0.000001577749184 0.000000163356341 0.000000286969278 0.000000284545704 0.000001803117543 0.000001583071764 0.000001429565395 0.000001804858543 -0.000000298777005 0.000002672099440 0.000001152913345 0.000000616989193 0.000001285402873 0.000000164712371 0.000000539687214 0.000000355461986 0.000000128264600 0.000000931454875 0.000000834746095 0.000000247815922 0.000000083367299 0.000000064854374 0.000000322735071 0.000000056402187 0.000000224024038 0.000000486997851 0.000000639153968 0.000000850258427 0.000000270760716 0.000000434790323 0.000000337809858 0.000000897755698 0.000000447944129 0.000000012018776 0.000000626013000 0.000000766421713 0.000000209535004 0.000000545234177 0.000000143973340 0.000000737331731 0.000000457973270 0.000000809111048 0.000000465216558 -0.000000078019194 0.000000104145254 0.000000114125620 0.000000101499642 0.000000089951276 0.000000088154513 0.000000259638719 0.000000369525314 0.000000652891734 0.000000262830670 0.000000399580231 0.000000086764128 0.000000093230210 0.000000222683128 0.000000030150386 0.000000163594623 0.000000370951186 0.000000384673839 0.000000263105304 0.000000377177592 0.000000118776298 0.000000399530403 0.000000465056554 0.000000382355737 0.000000321681305 0.000000185472181 0.000000385182318 0.000000588193127 0.000000578373573 0.000000112179867 0.000000307443328 0.000000582523148 0.000000639953048 0.000000225691922 0.000000306652345 0.000000228688097 0.000000566103758 0.000000520785279 0.000000533283961 0.000000419542151 0.000000337960900 0.000000445197246 0.000000404777302 0.000000452491178 0.000000398913337 0.000000346849386 
0.000000438610923 -0.000000782186470 0.000000233008348 0.000000336206574 0.000000329367684 0.000000361971914 0.000001011419458 0.000000358298103 0.000000294327913 0.000000612786470 0.000000443797265 0.000000387699188 0.000000256578417 0.000000527542661 0.000000588968029 0.000000499535717 0.000000781924500 0.000000007640228 -0.000002559560878 0.000001007543783 -0.000000130934481 0.000000732000396 0.000000199104748 0.000000640905072 0.000000420922810 0.000000388333384 0.000000465987537 0.000000550482123 0.000000418917720 0.000001908518494 0.000001184025344 0.000000992560973 0.000000545815001 0.000000073440809 0.000000248930726 0.000001410210751 0.000001527621916 0.000001361634153 -0.000000009988856 0.000000111524965 0.000001090155463 0.000001016962750 0.000000934603139 0.000001064781849 0.000001746935859 0.000002141102140 0.000001140314360 0.000002273438555 0.000000147203271 0.000000200062174 0.000001250609908 0.000001330400115 0.000002122439605 0.000003276183603 0.000000289654155 0.000001152913345 0.000002376527104 0.000000556049493 0.000002755594498 -0.000000342200960 0.000000751644696 0.000000332602167 0.000000207330011 0.000000646314883 0.000000658908316 0.000000739076306 0.000000261134111 0.000000053644901 0.000000526773906 0.000000094078337 0.000000407587943 0.000000572408390 0.000000907622211 0.000000476790035 0.000000279228141 0.000000532752127 0.000000281710449 0.000000372150732 0.000000203550543 0.000000066337724 0.000000534547923 0.000000772259759 0.000000147401792 0.000000252892901 0.000000132686085 0.000000967586183 0.000000575013069 0.000000651849550 0.000000860980240 0.000000805814362 0.000000170652062 0.000000170700321 0.000000166259628 0.000000164573308 0.000000149277961 0.000000132781889 0.000000139405471 0.000000638233756 0.000000305492996 0.000000533286265 0.000000155694952 0.000000139602732 0.000000359262561 0.000000169266703 0.000000131549433 0.000000509701678 0.000000484509959 0.000000284833932 0.000000419266425 0.000000174513640 0.000000292065437 0.000000291044145 0.000000272202079 0.000000264166469 0.000000203689219 0.000000812379951 0.000000651269379 0.000000540600565 0.000000509479158 0.000000286691808 0.000000625932110 0.000000618074725 0.000000255956678 0.000000473527461 0.000000238632398 0.000000510338302 0.000000455393856 0.000000627883035 0.000000332929473 0.000000258109781 0.000000393326362 0.000000340301517 0.000000339526759 0.000000307576988 0.000000306553717 
0.000000146079125 0.000002816814170 0.000000181444556 0.000000313079113 0.000000326457156 0.000000215951324 0.000002751704013 0.000000281198189 0.000000505839791 -0.000000103471456 0.000000421268029 0.000000405363900 0.000000921400280 0.000001046586155 0.000000989781064 0.000000032609453 -0.000006097799488 0.000000911891025 0.000006371633603 0.000001215798541 0.000000183336439 -0.000000040258903 -0.000000355051865 0.000000378729419 0.000001805202617 0.000001142706139 0.000000389540241 0.000000086167228 0.000001375318784 0.000005637428171 0.000000939083256 0.000000482322164 0.000001235642892 0.000000247978900 0.000000046143565 0.000001291557277 0.000006165411381 0.000001567679683 0.000000722694271 0.000000619153437 0.000002298646805 0.000002580437595 0.000000551012289 0.000004187866509 0.000000759768452 0.000001193912562 0.000001410991075 0.000001356534276 0.000000319966656 0.000002968575616 0.000000370272731 0.000000640136723 0.000035268702160 0.000001075369870 -0.000000663581995 0.000000616989193 0.000000556049493 0.000011987261278 0.000000724839613 0.000000423655567 0.000000418962964 0.000000412042442 0.000000563525553 0.000000639524270 0.000000334827437 0.000000367136859 0.000000261591953 -0.000000031417054 0.000000429748538 -0.000000115258587 0.000000307852904 0.000000231369892 0.000000567261069 0.000000796553606 0.000000176769614 0.000000367105689 0.000000308245632 0.000001021793822 0.000000292979761 -0.000000102384460 0.000000095477414 0.000000507860636 0.000000675366464 0.000000616119720 -0.000000068255899 0.000000400891227 0.000000421767683 0.000000377196073 0.000000371030259 -0.000000218284244 0.000000202093441 0.000000221344742 0.000000259606501 0.000000260067701 0.000000228799585 0.000000184529424 0.000000315988219 0.000000643989406 0.000000317022536 0.000000336042391 0.000000361520630 0.000000163839553 0.000004060669952 0.000000352513149 0.000000210470058 0.000000349787727 0.000000379478066 0.000000317497615 0.000000404630656 0.000000249577872 0.000000232522902 0.000000286760638 0.000000269326154 0.000000247776842 0.000000244468287 0.000000454113976 0.000000184971599 0.000000294665817 0.000000175387121 0.000000259472719 0.000000435719966 0.000000475580677 0.000000458359569 0.000000412911357 0.000000476649036 0.000000940220919 0.000000291409763 0.000000438790601 0.000000244234699 0.000000382087465 0.000000415996509 0.000000823933611 0.000000307133035 0.000000456557637 0.000000289631995 
0.000001022119655 -0.000006256343767 0.000000039844472 0.000000565809892 0.000000560312505 0.000000414869158 0.000002620320318 0.000000342635344 0.000000734899253 0.000001412584403 0.000001291198524 0.000001434931765 0.000000771191405 0.000000748842424 -0.000000471408717 0.000001026505776 -0.000003809051464 0.000000345309440 -0.000006959587117 0.000003179367359 0.000002024388934 0.000001616351598 0.000000319838126 0.000000048502940 -0.000000253785566 0.000001494348072 0.000002555207012 0.000000563889825 0.000000681575539 0.000003242217436 0.000004820817077 0.000002942109298 -0.000000325278445 -0.000000109065635 0.000000829162075 0.000002202723324 0.000001457530205 0.000001038493965 -0.000000366491877 -0.000000479737217 0.000002836812386 0.000003746570614 0.000001103132161 0.000000834804837 0.000010297508897 0.000001627582971 0.000000437477218 0.000000471225607 0.000001562047610 -0.000004283801971 0.000004442268127 0.000000819881459 0.000004552646994 0.000008012069211 0.000000121547139 0.000001285402873 0.000002755594498 0.000000724839613 0.000036655551048 -0.000000469204699 0.000001326567521 0.000000860859216 0.000000031149706 0.000000125195034 0.000000002217764 0.000004768703818 -0.000000116005651 0.000000250790385 0.000001245571034 0.000000093493841 0.000000034895325 0.000001587532259 0.000001329270047 0.000000729119413 0.000000366898336 0.000001580419773 0.000000916243231 -0.000000069564810 -0.000000099928255 0.000000573959748 0.000000251792246 0.000002054251775 -0.000000030774696 0.000000980255475 -0.000000035588612 0.000002328621084 0.000002894739784 0.000000566123450 0.000003933575458 0.000000361658525 0.000000350531047 0.000000232527906 0.000000211939411 0.000000171026578 0.000000095724341 0.000000292648556 -0.000000037591689 -0.000000090967820 0.000000541492377 0.000000934195804 -0.000000135706286 0.000000193286814 0.000000688766723 0.000000229033186 -0.000000005567609 0.000001237315763 0.000000926446057 0.000000463197954 0.000001197464865 0.000000259198456 0.000000531205910 0.000000243192458 0.000000319761455 0.000000336171091 0.000000299916244 0.000003758884123 0.000000116950656 0.000001651074602 0.000000232235471 0.000002981750795 0.000001249014703 0.000001274779496 0.000000451284083 0.000000489788525 0.000000289346745 0.000002033758060 0.000000395686043 0.000000717716730 0.000000476285955 0.000001261587171 0.000000439203720 0.000000600122158 0.000000337182427 0.000000669179641 0.000000623013335 
-0.000000245393813 0.000002093758106 -0.000000061130051 -0.000000014471513 -0.000000086239777 0.000000647448855 0.000000689659957 -0.000000524933467 -0.000000010673690 -0.000000057529008 -0.000000076972710 -0.000000193671259 0.000000246249741 0.000000235120426 0.000000373877917 0.000000428338568 0.000001341995755 0.000000995678629 0.000005847522474 -0.000000198781608 0.000001980356657 -0.000000657644647 0.000000473172431 0.000000048421770 0.000000274725322 0.000000116153403 -0.000000054963024 -0.000000117937271 -0.000000081903423 -0.000000561924883 0.000000173135933 0.000000178531458 0.000000117037023 0.000000766371304 -0.000000044902880 -0.000001057400861 -0.000000497511108 0.000000395507095 0.000000332355675 -0.000000117538085 -0.000000028259813 -0.000000122242372 0.000000224685848 0.000000594063391 0.000000274986481 0.000000761875018 0.000000005041861 -0.000000912330065 0.000000023531924 0.000000136869762 -0.000000632008993 0.000000004405935 -0.000001350337537 -0.000001359699157 0.000001378093632 0.000000164712371 -0.000000342200960 0.000000423655567 -0.000000469204699 0.000019564533589 -0.000000016347612 0.000000140024509 0.000000019090519 -0.000000155345046 0.000000294152960 -0.000000644802398 0.000000009427405 -0.000000108031758 -0.000000338175537 0.000000091612970 -0.000000140685821 -0.000000122402759 -0.000000218470392 -0.000000294921582 -0.000000455027181 -0.000000114117094 -0.000000042975696 0.000000155540886 0.000000336601673 0.000000261206656 -0.000000251382049 -0.000000324423211 0.000000262944627 -0.000000214385125 0.000000068990528 -0.000000237399989 -0.000000372580944 -0.000000185834169 0.000000265995214 0.000000482087544 0.000000040344255 0.000000020938328 -0.000000041004252 -0.000000029495852 0.000000117997067 -0.000000368316276 0.000000234457457 -0.000000086351272 -0.000000031773932 0.000000031324195 -0.000000027680048 -0.000000038605832 0.000000106560941 -0.000000159978666 0.000000271773593 -0.000000012029006 -0.000000163520277 -0.000000069107828 -0.000000104548907 0.000000119565136 -0.000000002485829 -0.000000217461124 -0.000000094799298 -0.000000068035570 -0.000000095881621 -0.000000693300851 -0.000000189235956 -0.000000658664375 0.000000162260519 -0.000000495043978 -0.000000200458434 -0.000000170881174 -0.000000014947896 -0.000000105902345 0.000000140791625 -0.000000215627102 -0.000000044503485 -0.000000177504848 -0.000000048048657 -0.000000158609725 0.000000111386353 0.000000053836658 -0.000000115486458 -0.000000035021319 0.000000002222933 
0.000000261108042 -0.000000211900354 0.000000279163193 0.000000291215455 0.000000291867606 0.000000160308438 0.000000500544450 0.000000170787598 0.000000211837201 0.000000359629163 0.000000234677561 0.000000175859661 0.000000192417056 0.000000231712020 0.000000262224639 0.000000289836253 0.000000191346363 0.000000124712640 -0.000000126468780 0.000000516328537 0.000000028636970 0.000000260742493 0.000000017819895 0.000000289125866 0.000000427045662 0.000000195286267 0.000000281110911 0.000000197576095 0.000000245829790 0.000000724230001 0.000000828142205 0.000000690028822 0.000000649976720 0.000000455397502 0.000000195964089 0.000000719053929 0.000000953635346 0.000000657910071 0.000000265363852 0.000000166531382 0.000000554673110 0.000000596086038 0.000000352707338 0.000000484750210 0.000000764359178 0.000001133974791 0.000000730027828 0.000001041005546 0.000000322896121 -0.000000028964560 0.000000736172072 0.000000493714982 0.000001047943627 0.000000807802888 0.000000377278341 0.000000539687214 0.000000751644696 0.000000418962964 0.000001326567521 -0.000000016347612 0.000000570812399 0.000000391193179 0.000000363787784 0.000000679303944 0.000000535725894 0.000000447962011 0.000000235241890 0.000000074180848 0.000000241340665 0.000000210427663 0.000000196316926 0.000000307418944 0.000000428231224 0.000000304365487 0.000000120917048 0.000000378156463 0.000000326217321 0.000000495049942 0.000000358714436 0.000000085783680 0.000000259762745 0.000000312010207 0.000000163379131 0.000000272123151 0.000000248185407 0.000000382047182 0.000000308021361 0.000000286005573 0.000000407219476 0.000000221176193 0.000000207498902 0.000000222999698 0.000000252136522 0.000000260794525 0.000000327437691 0.000000275787473 0.000000168278551 0.000000566890890 0.000000254700003 0.000000424535946 0.000000242655812 0.000000219656905 0.000000371414116 0.000000257908520 0.000000345764006 0.000000327638816 0.000000316855704 0.000000286835804 0.000000382310381 0.000000338636629 0.000000148029809 0.000000160257197 0.000000141941976 0.000000157789052 0.000000166694823 0.000000354615502 0.000000318885390 0.000000287540839 0.000000248624599 0.000000238429822 0.000000382521288 0.000000395249288 0.000000310225413 0.000000379415986 0.000000391041105 0.000000268310077 0.000000235790768 0.000000304182985 0.000000207628150 0.000000199848718 0.000000192918326 0.000000174184282 0.000000178594366 0.000000173365081 0.000000180771863 
0.000000221733401 -0.000000199758620 0.000000239111714 0.000000327973620 0.000000289472278 0.000000122641860 0.000000297615336 0.000000131899664 0.000000160273991 0.000000281450682 0.000000178024087 0.000000140729660 0.000000164686665 0.000000157898191 0.000000140425503 0.000000189007554 0.000000453348116 0.000000047057694 -0.000000539277326 0.000000300450409 0.000000084201128 0.000000332700444 0.000000090240555 0.000000119519592 0.000000513127959 0.000000184822828 0.000000232896490 0.000000137241607 0.000000166996818 0.000000517185744 0.000000566033550 0.000000536010974 0.000000610544207 0.000000262187170 0.000000306644011 0.000000541341644 0.000000575002258 0.000000610404145 0.000000478232394 0.000000096032484 0.000000413004743 0.000000401800970 0.000000218169572 0.000000262410848 0.000000584436193 0.000000722616741 0.000000611159862 0.000000517012550 0.000000400993181 -0.000000651775583 0.000000813021674 0.000000363092018 0.000000604436026 0.000000425882576 0.000000316741771 0.000000355461986 0.000000332602167 0.000000412042442 0.000000860859216 0.000000140024509 0.000000391193179 0.000000489845734 0.000000572980366 0.000000441161104 0.000000519148785 0.000000267249184 0.000000119292280 0.000000133489319 0.000000201106384 0.000000183246016 0.000000160237380 0.000000222214633 0.000000304464277 0.000000281598370 0.000000144966746 0.000000333775050 0.000000276410135 0.000000441883147 0.000000380502644 0.000000182102009 0.000000176920109 0.000000210415947 0.000000181344441 0.000000280524105 0.000000150546395 0.000000199922444 0.000000229989804 0.000000217032339 0.000000347299980 0.000000011455050 0.000000203773400 0.000000214765295 0.000000239040973 0.000000247350842 0.000000343731752 0.000000162205036 0.000000141972923 0.000000406067970 0.000000220865068 0.000000333557251 0.000000234102862 0.000000207655706 0.000000309982526 0.000000226655044 0.000000358258854 0.000000247940072 0.000000263738993 0.000000224647663 0.000000317423559 0.000000330619924 0.000000123507037 0.000000147293918 0.000000133027993 0.000000140056324 0.000000150671099 0.000000263543127 0.000000234857629 0.000000245737954 0.000000127752762 0.000000220439148 0.000000298328968 0.000000321818675 0.000000313211586 0.000000321863557 0.000000409140875 0.000000192927858 0.000000165427068 0.000000211108381 0.000000157208863 0.000000156683639 0.000000148015425 0.000000150111184 0.000000151533852 0.000000154744563 0.000000155230111 
0.000000283349665 -0.000000447748663 0.000000249020026 0.000000217573179 0.000000302513817 0.000000135056759 -0.000000058066573 0.000000164709340 0.000000176858541 0.000000394904992 0.000000309985001 0.000000173304799 0.000000159354037 0.000000334397860 0.000000311534503 0.000000111552474 0.000000621339320 0.000000175984434 -0.000000309968820 0.000000404063328 -0.000000222887291 0.000000638932604 0.000000257223299 0.000000201852638 0.000000430041833 0.000000215036111 0.000000294037224 0.000000143076241 0.000000260576538 0.000000424910336 0.000000336496566 0.000000708203164 0.000000287284988 0.000000305956035 0.000000355328441 0.000000651146774 0.000000434868265 0.000000341787814 0.000000226212400 0.000000329201535 0.000000467722657 0.000000264673940 0.000000170762258 0.000000170696149 0.000000050956843 0.000001271123964 0.000001019237862 0.000000389929777 0.000000308117855 0.000000129679690 0.000000773728934 0.000000196483538 0.000000903629177 0.000000644802613 0.000000890274453 0.000000128264600 0.000000207330011 0.000000563525553 0.000000031149706 0.000000019090519 0.000000363787784 0.000000572980366 0.000002026056388 0.000000527612005 0.000000556119042 0.000000285803984 0.000000174801873 0.000000092096917 0.000000215419097 0.000000094044362 0.000000144831717 0.000000181136379 0.000000228278738 0.000000278223845 0.000000186667353 0.000000297227559 0.000000236960668 0.000000351152192 0.000000410903550 0.000000144250337 0.000000143566930 0.000000152683848 0.000000198531560 0.000000266425314 0.000000035350571 0.000000158361202 0.000000229077429 0.000000168212352 0.000000219872772 0.000000060531351 0.000000251112555 0.000000271529452 0.000000298606488 0.000000324292588 0.000000431541084 0.000000205592837 0.000000191725387 0.000000364282735 0.000000278403566 0.000000388402656 0.000000326426751 0.000000291459600 0.000000380301188 0.000000301763480 0.000000442409870 0.000000235374776 0.000000364335874 0.000000290087025 0.000000447539522 0.000000434319538 0.000000143516515 0.000000160642066 0.000000163736466 0.000000195857077 0.000000215304987 0.000000175507133 0.000000187156653 0.000000495669958 0.000000180670277 0.000000462327664 0.000000321242482 0.000000286470496 0.000000319487271 0.000000419733523 0.000000561791605 0.000000182837240 0.000000157566704 0.000000212869692 0.000000168081289 0.000000220200555 0.000000187567722 0.000000211504918 0.000000186626753 0.000000199460975 0.000000190718833 
0.000000142641091 0.000000061748325 0.000000196028877 0.000000254908700 0.000000226764885 0.000000227690980 0.000000510624553 0.000000183062560 0.000000258720388 0.000000439079355 0.000000249024670 0.000000113356790 0.000000213834334 0.000000119899135 0.000000188240286 0.000000212195169 0.000000809698301 0.000000077961726 0.000000636932179 0.000000169699506 0.000000118051943 -0.000000589746612 -0.000000015972946 0.000000474062448 0.000000326608665 0.000000024856297 0.000000375821722 -0.000000156604058 0.000000359190500 0.000000576900786 0.000000992295115 0.000000802958982 0.000001606470922 0.000000202330034 0.000000085418627 0.000001363658842 0.000002022105717 0.000000951377324 0.000000138814647 0.000000098818882 0.000000499216416 0.000000793168754 0.000000416337824 0.000000251940978 0.000000961771014 0.000001621990542 0.000001574988146 0.000003587511087 -0.000000009908777 -0.000000331955012 -0.000000097408254 -0.000000074319399 0.000001779496397 0.000000839607942 0.000000163208509 0.000000931454875 0.000000646314883 0.000000639524270 0.000000125195034 -0.000000155345046 0.000000679303944 0.000000441161104 0.000000527612005 0.000002557045028 0.000000580043122 0.000000755884637 0.000000586797080 0.000000067643469 0.000000220739020 0.000000071299228 0.000000196100003 0.000000237952769 0.000000547131120 0.000000506660145 0.000000100464412 0.000000284301613 0.000000416734037 0.000000934525315 0.000000390870386 0.000000200679911 0.000000149259065 0.000000382415875 0.000000150886575 0.000000711360147 0.000000111730796 0.000000276238982 0.000000174036493 0.000000298426259 0.000000015659856 -0.000000333015575 0.000000198277534 0.000000213464978 0.000000245216027 0.000000293351740 0.000000432353798 0.000000224216274 0.000000169389009 0.000000363480600 0.000000365264237 0.000000526465881 0.000000214801583 0.000000226197227 0.000000473072973 0.000000195922657 0.000000527236806 0.000000295451990 0.000000365257213 0.000000436378118 0.000000569363000 0.000000457913814 0.000000147941119 0.000000112347813 0.000000144231306 0.000000139452561 0.000000155582841 0.000000545486061 0.000000194408104 0.000000281482741 0.000000146393163 0.000000429913962 0.000000338063759 0.000000398408413 0.000000319774307 0.000000431275571 0.000000556428150 0.000000261436800 0.000000314434553 0.000000283468199 0.000000209655334 0.000000251866859 0.000000182056265 0.000000153582025 0.000000151380613 0.000000144195447 0.000000166978744 
0.000000114457719 -0.000000114206085 0.000000167764236 0.000000171161918 0.000000110669324 0.000000177895015 0.000000528053742 0.000000181554792 0.000000442592005 0.000000197720393 0.000000088424699 0.000000074546189 -0.000000050750713 0.000000325786517 0.000000088209545 0.000000330841183 -0.000000198746512 -0.000000164117236 -0.000000251280131 -0.000000183311001 -0.000000445938570 -0.000000715101409 0.000000071227301 0.000000009779455 0.000000996235018 0.000000200874402 0.000000197677687 -0.000000036858651 0.000000285277422 0.000000228868147 0.000000990211049 0.000000947336256 0.000000206883074 0.000000177642048 0.000000520321629 0.000000687593254 0.000000336650485 0.000001058469362 0.000000157856943 -0.000000021799662 0.000000309529838 0.000000671817907 0.000000169362865 0.000000482371219 -0.000000031955755 0.000000606853093 0.000000274921559 0.000000647733081 -0.000000145187414 -0.000001965323645 -0.000000270242458 0.000001376667526 0.000000412310161 0.000000576032474 0.000000511923778 0.000000834746095 0.000000658908316 0.000000334827437 0.000000002217764 0.000000294152960 0.000000535725894 0.000000519148785 0.000000556119042 0.000000580043122 0.000002151549690 0.000000135120604 0.000000066551615 0.000000030911553 0.000000197653411 0.000000247484318 0.000000149069993 0.000000258376804 0.000000180911347 0.000000209177292 0.000000149985551 0.000000519243899 0.000000326394120 0.000000322259797 0.000000269926719 0.000000155591552 0.000000384852840 0.000000087089609 0.000000144227927 0.000000104670718 0.000000261898519 0.000000261434437 0.000000292731718 0.000000101229570 0.000000268112780 0.000000036559604 0.000000231515009 0.000000224954870 0.000000253639167 0.000000288566301 0.000000482878274 0.000000177237846 0.000000131099121 0.000000967139446 0.000000289258898 0.000000449002404 0.000000199650683 0.000000225972448 0.000000286583053 0.000000367771391 0.000000441467458 0.000000135872907 0.000000223195836 0.000000195434509 0.000000244615771 0.000000408748677 0.000000098570998 0.000000250292217 0.000000148645218 0.000000142246265 0.000000106403421 0.000000056136990 0.000000536880019 -0.000000012544518 0.000000111543858 0.000000116927781 0.000000441935932 0.000000449451633 0.000000165165569 0.000000277149991 0.000000487925992 0.000000322468660 0.000000179122951 0.000000264381420 0.000000072710707 0.000000065494232 0.000000142997293 0.000000099734474 0.000000147753848 0.000000110689978 0.000000120492855 
0.000000411502603 -0.000000556286125 0.000000255354466 0.000000278031125 0.000000210001940 0.000000020456497 0.000000763707771 0.000000292054193 0.000000277006941 0.000000230914075 0.000000392575479 0.000000381206459 0.000000182714028 0.000000329264585 0.000000232239701 0.000000423380018 -0.000000669054423 0.000000244472832 -0.000001747731022 0.000000143305646 0.000000177083505 0.000000256993479 0.000000144757281 0.000000443956890 0.000000199090166 0.000000301825980 0.000000623824547 0.000000176863247 0.000000234048907 0.000000840087440 0.000001331140416 0.000000752766698 0.000000587036920 0.000000226521505 0.000000205404774 0.000000645552359 0.000001304107722 0.000000464060324 0.000000257993327 0.000000206556157 0.000000755598486 0.000000844333910 0.000000424022037 0.000000778382670 0.000001491878809 0.000000820348016 0.000000522410638 0.000001746951486 0.000000556334285 -0.000000317262766 0.000000213497646 0.000000225763486 0.000001253575979 0.000001817111671 -0.000000197383737 0.000000247815922 0.000000739076306 0.000000367136859 0.000004768703818 -0.000000644802398 0.000000447962011 0.000000267249184 0.000000285803984 0.000000755884637 0.000000135120604 0.000001558367645 0.000000581837770 0.000000207320173 0.000000400434006 0.000000130725778 0.000000343009777 0.000000384660954 0.000000260966657 0.000000276599087 0.000000235564659 0.000000458433049 0.000000342636140 0.000000128507785 0.000000124437385 0.000000160522327 0.000000190509687 0.000000486690661 0.000000196901760 0.000000516068054 0.000000075872884 0.000000516760635 0.000000537564818 0.000000315099099 0.000000699458884 0.000000237061625 0.000000212331849 0.000000204517577 0.000000197310609 0.000000180833630 0.000000140033265 0.000000241624441 0.000000130865691 0.000000499968475 0.000000245759178 0.000000197506446 0.000000115183102 0.000000168645593 0.000000274880310 0.000000166391555 0.000000105313271 0.000000444786027 0.000000399066668 0.000000321411732 0.000000394417559 0.000000172132448 0.000000282701377 0.000000224995960 0.000000211191401 0.000000226674708 0.000000251931994 0.000000826892682 0.000000373481776 0.000000366875029 0.000000204652816 0.000000756266341 0.000000488792179 0.000000443429547 0.000000320766860 0.000000269093321 0.000000207215774 0.000000512156242 0.000000302583520 0.000000365141643 0.000000254434073 0.000000407356736 0.000000280238061 0.000000282356959 0.000000260353801 0.000000261447336 0.000000271321830 
0.000000250886184 0.000000143004035 0.000000265842977 0.000000200742710 0.000000161276863 0.000000122106542 0.000000379759905 0.000000192142302 0.000000166234802 0.000000165154686 0.000000272251171 0.000000223433905 0.000000174878245 0.000000278113806 0.000000190421810 0.000000351960845 0.000000200756075 0.000000215342079 -0.000002205626305 0.000000069562986 0.000000312687758 0.000000333418657 0.000000092475468 0.000000347116218 0.000000172128643 0.000000118712190 0.000000268528650 0.000000217282403 0.000000226770904 0.000000502081873 0.000000611609356 0.000000361978594 0.000000530191554 0.000000050825686 0.000000192430394 0.000000384788526 0.000000889073497 0.000000167319544 0.000000108381679 0.000000212168611 0.000000437043941 0.000000479053399 0.000000270199259 0.000000708921597 0.000000119262713 0.000000836914400 0.000000346817304 0.000001329873236 0.000000132625878 -0.000000049216080 0.000000303166045 0.000000121247460 0.000000621127692 -0.000000196622084 -0.000000264837875 0.000000083367299 0.000000261134111 0.000000261591953 -0.000000116005651 0.000000009427405 0.000000235241890 0.000000119292280 0.000000174801873 0.000000586797080 0.000000066551615 0.000000581837770 0.000000866723618 0.000000147630221 0.000000131362272 0.000000094030212 0.000000314025445 0.000000161144452 0.000000102457279 0.000000144932671 0.000000150594026 0.000000233309108 0.000000186674459 0.000000186286292 0.000000653892061 0.000000051393801 0.000000156982245 0.000000161043972 0.000000530640528 0.000000363585308 0.000000090614632 0.000000236169321 0.000000146138620 0.000000234561492 0.000000127351151 0.000000070707347 0.000000140639143 0.000000161986114 0.000000162975274 0.000000160669941 0.000000108224345 0.000000156106162 0.000000157830359 0.000000417158452 0.000000115885177 0.000000128822969 0.000000156471435 0.000000133120639 0.000000207039159 0.000000105747370 0.000000068665447 0.000000240473105 0.000000233771849 0.000000241484172 0.000000226730499 0.000000132123623 0.000000195094783 0.000000175760815 0.000000164503698 0.000000160692435 0.000000177261288 0.000000353780694 0.000000293321608 0.000000330580834 0.000000165097873 0.000000288881859 0.000000266286870 0.000000208135983 0.000000248660838 0.000000206717218 0.000000144225854 0.000000201675859 0.000000224204392 0.000000245085387 0.000000191259255 0.000000188317243 0.000000221365060 0.000000196114190 0.000000211928228 0.000000166099499 0.000000183946410 
0.000000195767592 -0.000000003690779 0.000000127468653 0.000000154273349 0.000000105536062 0.000000133522379 0.000000131643019 0.000000142377134 0.000000107931959 0.000000271988508 0.000000154921701 0.000000127470106 0.000000084490352 0.000000129148423 0.000000035411131 0.000000119480176 0.000000691658060 0.000000110435596 -0.000000656528807 -0.000000028098628 0.000000115817002 0.000000055647972 0.000000341668398 0.000000125451287 0.000000158016313 0.000000098669558 0.000000149713308 0.000000071284653 0.000000137976401 0.000000045031541 0.000000161574031 0.000000202732119 0.000000168392556 0.000000075456882 0.000000169869037 0.000000120279505 0.000000120349208 0.000000499717183 0.000000849599419 0.000000150999025 0.000000152832802 0.000000041306705 0.000000093278957 0.000000312522581 0.000000197375082 0.000000056276415 0.000000156978071 0.000000136335248 0.000000087493081 0.000000154760639 0.000000321398390 0.000000088750679 -0.000000113752442 0.000000010852496 -0.000000096057115 0.000000064854374 0.000000053644901 -0.000000031417054 0.000000250790385 -0.000000108031758 0.000000074180848 0.000000133489319 0.000000092096917 0.000000067643469 0.000000030911553 0.000000207320173 0.000000147630221 0.000000459122171 0.000000066312996 0.000000099222660 0.000000255427106 0.000000160577050 0.000000261162188 0.000000100328327 0.000000129421947 0.000000181711562 0.000000118781257 0.000000101611926 0.000000077325443 0.000000179748883 0.000000101571936 0.000000111634034 0.000000137732982 0.000000127221363 0.000000063821787 0.000000142067577 0.000000127305797 0.000000128678482 0.000000262335995 0.000000125171631 0.000000111497125 0.000000118058397 0.000000108488934 0.000000101419538 0.000000053150276 0.000000125990188 0.000000125601354 0.000000108912533 0.000000120284245 0.000000055490280 0.000000102861857 0.000000102304669 0.000000060274764 0.000000024008972 0.000000031471826 0.000000148408995 0.000000142745900 0.000000123380557 0.000000120092360 0.000000053752202 0.000000131358118 0.000000145073017 0.000000126350150 0.000000139307426 0.000000143883458 0.000000161510772 0.000000158099042 0.000000160707522 0.000000113192803 0.000000179680013 0.000000199621376 0.000000161801698 0.000000273229318 0.000000094677059 0.000000063460995 0.000000138500379 0.000000141217982 0.000000128100942 0.000000134767086 0.000000147136900 0.000000118428488 0.000000130283674 0.000000131766625 0.000000131967473 0.000000135499572 
0.000000211707055 0.000000114160036 0.000000243026474 0.000000228022143 0.000000279344157 0.000000113621437 0.000000371565830 0.000000176036941 0.000000193820510 0.000000185429368 0.000000168762704 0.000000166216074 0.000000150834980 0.000000152501645 0.000000142982841 0.000000229516244 -0.000000013117337 0.000000141957662 -0.000000580505679 0.000000171732796 -0.000000061408533 0.000000151587240 0.000000096251329 0.000000194027326 0.000000187844300 0.000000172062284 0.000000173476585 0.000000182118087 0.000000130967165 0.000000601796593 0.000000339091461 0.000000272328521 0.000000103949342 0.000000070377114 0.000000175708900 0.000000379288424 0.000000696971248 0.000000346952510 0.000000063598248 0.000000124313813 0.000000166501559 0.000000362351298 0.000000375587750 0.000000040651221 0.000000608315084 0.000000273351610 0.000000236140185 0.000000118731143 0.000000316886860 -0.000000925985537 -0.000000069764963 0.000000097808741 0.000001187237277 0.000002648095313 0.000000231444573 0.000000322735071 0.000000526773906 0.000000429748538 0.000001245571034 -0.000000338175537 0.000000241340665 0.000000201106384 0.000000215419097 0.000000220739020 0.000000197653411 0.000000400434006 0.000000131362272 0.000000066312996 0.000000643944093 0.000000188557213 0.000000123420511 0.000000212531371 0.000000275648660 0.000000331569629 0.000000179896004 0.000000256881826 0.000000219990682 0.000000201321798 0.000000164742925 0.000000018136416 0.000000124983131 0.000000495429551 0.000000103337316 0.000000196581184 0.000000184957196 0.000000115034351 0.000000153295109 0.000000224764183 0.000000304862276 0.000000063307322 0.000000162922795 0.000000191406220 0.000000216454817 0.000000216672956 0.000000186323385 0.000000111586879 0.000000122384484 0.000000120477180 0.000000261062764 0.000000224314107 0.000000186604522 0.000000137853297 0.000000375161416 0.000000180231531 0.000000148968513 0.000000210129154 0.000000258433848 0.000000253818553 0.000000307278255 0.000000208814801 0.000000109719347 0.000000111774349 0.000000134680405 0.000000120217926 0.000000147674482 0.000000187556682 0.000000137624526 0.000000089722106 0.000000130784251 0.000000141167525 0.000000291899806 0.000000327973160 0.000000255085452 0.000000222779359 0.000000228190678 0.000000219510923 0.000000158950134 0.000000227022685 0.000000166476326 0.000000192429876 0.000000138191379 0.000000152980447 0.000000158515234 0.000000162282388 0.000000166796213 
0.000000353122165 0.000002500128610 0.000000344347785 0.000000200184247 0.000000099981799 0.000000328005087 0.000000608638097 0.000000116882090 0.000000045166790 0.000001216856147 0.000000424544139 0.000000326755143 0.000000402942537 0.000000369568440 0.000000220374029 0.000000392181730 0.000002365661704 -0.000000118383840 -0.000001205141767 -0.000000242025512 0.000001042392235 0.000000563915791 0.000000135940825 0.000000124677866 0.000000125127184 0.000000413239743 0.000000199689047 0.000000541513564 0.000000129197338 0.000000155079311 0.000000840813631 0.000000330424820 0.000000328801578 0.000000533695701 0.000000155565946 0.000000237758100 0.000000290690848 -0.000000110210604 0.000000704245279 0.000000151786604 0.000000605378007 0.000000171340364 0.000000110019474 0.000000175381729 -0.000000010125938 -0.000000184236577 0.000000147820524 0.000000606317201 0.000000209996601 -0.000002305256455 0.000000252629808 -0.000000040607898 0.000000312952856 -0.000001645731637 -0.000001481475779 0.000000056402187 0.000000094078337 -0.000000115258587 0.000000093493841 0.000000091612970 0.000000210427663 0.000000183246016 0.000000094044362 0.000000071299228 0.000000247484318 0.000000130725778 0.000000094030212 0.000000099222660 0.000000188557213 0.000004410228474 0.000000063336471 0.000000129613221 0.000000012751715 0.000000153277441 0.000000202958107 0.000000366754339 0.000000559133069 0.000000149880414 -0.000000013579474 0.000006103219281 0.000000268145406 -0.000000023577718 0.000000055090437 0.000000249121746 0.000000846477650 0.000000400196328 0.000000262956902 0.000000164036690 0.000000017937106 0.000000344755212 0.000000319071192 0.000000419689936 0.000000324011478 0.000000407679546 0.000000281712384 0.000000176729214 0.000000379464242 0.000000155708676 0.000000188844129 0.000000151021938 0.000000285420873 0.000000206053591 0.000000298023094 0.000000170680588 0.000000201912772 0.000000165778585 0.000000381329428 0.000000276455495 0.000000494108953 0.000000248033702 0.000000158120255 0.000000138342369 0.000000223197927 0.000000249402329 0.000000196727492 0.000000164998448 0.000000944749137 0.000000291518741 0.000000268573895 0.000000800603030 0.000000268988467 0.000000417615670 0.000000339805341 0.000000320873695 0.000000265968959 0.000000161846893 0.000000147384514 0.000000188927466 0.000000244836965 0.000000809664644 0.000000177103631 0.000000294556634 0.000000189236797 0.000000263377652 0.000000226028769 
0.000000263054214 -0.000000685319538 0.000000172475910 0.000000136901022 0.000000118396681 0.000000215619803 0.000000360830012 0.000000234304145 0.000000161203017 0.000000217208003 0.000000332968552 0.000000302651224 0.000000256806970 0.000000366385760 0.000000140106530 0.000000403950794 0.000000250440748 0.000000066611073 -0.000002676983323 0.000000233462177 0.000000271515960 0.000000496565183 0.000000272646999 0.000000350849506 0.000000407848601 0.000000295140956 0.000000316441204 0.000000267309292 0.000000131924674 0.000000497206247 0.000000501534220 0.000000319644673 0.000000322607027 0.000000076131885 0.000000129311962 0.000000079644714 0.000000716484119 0.000000521438107 0.000000624129103 0.000000197773306 0.000000429684750 0.000000339531518 0.000000371527275 0.000000616301045 0.000000144274912 0.000000708732412 0.000000258891283 0.000000305715262 0.000000183297926 0.000000641495089 0.000000940152427 0.000000137212251 0.000000219966494 0.000000552790135 0.000000512336930 0.000000224024038 0.000000407587943 0.000000307852904 0.000000034895325 -0.000000140685821 0.000000196316926 0.000000160237380 0.000000144831717 0.000000196100003 0.000000149069993 0.000000343009777 0.000000314025445 0.000000255427106 0.000000123420511 0.000000063336471 0.000001035360221 0.000000260877305 0.000000297927169 0.000000218398123 0.000000189028637 0.000000205550504 0.000000113529077 0.000000201768445 0.000000126947948 0.000000114948220 0.000000171781086 0.000000207124303 0.000000228545963 0.000000232076001 0.000000063180169 0.000000310720475 0.000000148138714 0.000000277477749 0.000000356709585 0.000000279573464 0.000000118949978 0.000000129356809 0.000000124897232 0.000000127465828 0.000000085448129 0.000000099304656 0.000000185448855 0.000000467601210 0.000000155026523 0.000000130661493 0.000000133160613 0.000000089539867 0.000000109605463 0.000000089822156 0.000000047382633 0.000000246588351 0.000000193090442 0.000000164069548 0.000000167250724 0.000000119251896 0.000000244865682 0.000000234327898 0.000000216401163 0.000000177075329 0.000000165991341 0.000000182091520 0.000000336829463 0.000000246169449 0.000000151304597 0.000000004847343 0.000000299274493 0.000000229140543 0.000000261588109 0.000000187931938 0.000000146076758 0.000000192272219 0.000000198808683 0.000000267737334 0.000000185210451 0.000000104438797 0.000000247440016 0.000000214549160 0.000000247007535 0.000000203477336 0.000000194181884 
0.000000280666268 -0.000000059152139 0.000000197391537 0.000000218328916 0.000000167409230 0.000000200246455 0.000000326844415 0.000000179884808 0.000000194621445 0.000000306453815 0.000000303461830 0.000000275101641 0.000000209147355 0.000000313609349 0.000000235712411 0.000000240801097 -0.000000004364546 0.000000079324971 -0.000000900826292 0.000000369378646 0.000000043479518 0.000000350066066 0.000000245218876 0.000000275339857 0.000000289625214 0.000000285563513 0.000000379567830 0.000000207777351 0.000000282176559 0.000000392315073 0.000000582450525 0.000000513302626 0.000000270302290 0.000000222633576 0.000000146929301 0.000000484882560 0.000000513404568 0.000000459226545 0.000000352235210 0.000000104628008 0.000000480408828 0.000000483526073 0.000000378366446 0.000000466233924 0.000000630732942 0.000000712303639 0.000000335298442 0.000000359263933 0.000000394280116 -0.000000193741547 0.000000943597207 0.000000315501773 0.000000457655667 0.000001020629345 0.000000680316701 0.000000486997851 0.000000572408390 0.000000231369892 0.000001587532259 -0.000000122402759 0.000000307418944 0.000000222214633 0.000000181136379 0.000000237952769 0.000000258376804 0.000000384660954 0.000000161144452 0.000000160577050 0.000000212531371 0.000000129613221 0.000000260877305 0.000000360010167 0.000000365919476 0.000000247107851 0.000000184806514 0.000000313685879 0.000000211855096 0.000000301219397 0.000000175335563 0.000000076914571 0.000000234454611 0.000000322225204 0.000000148518256 0.000000167265847 0.000000144741642 0.000000414307108 0.000000341288788 0.000000269319913 0.000000502497756 0.000000243971534 0.000000145282483 0.000000163519781 0.000000166484675 0.000000153800810 0.000000131437428 0.000000155017373 0.000000159311374 0.000000373207735 0.000000151517301 0.000000230697015 0.000000160562548 0.000000132183151 0.000000205435339 0.000000125306851 0.000000134570819 0.000000275070673 0.000000253939396 0.000000198525634 0.000000252451716 0.000000158978596 0.000000218111456 0.000000223551659 0.000000212328728 0.000000190271343 0.000000174257817 0.000000304695758 0.000000290230013 0.000000398487945 0.000000193646885 0.000000264912842 0.000000335421387 0.000000312102493 0.000000230175972 0.000000204003733 0.000000158520558 0.000000297054132 0.000000225839319 0.000000258200351 0.000000214145715 0.000000208856386 0.000000239681993 0.000000225825146 0.000000243535302 0.000000229458213 0.000000219641379 
0.000000248019492 -0.000000222026103 0.000000139798332 0.000000222835197 0.000000197179857 0.000000189578878 0.000000211221681 0.000000133114900 0.000000171933762 0.000000452715019 0.000000276564173 0.000000170873640 0.000000169702332 0.000000222746928 0.000000316661023 0.000000095054961 0.000000530748494 0.000000034708381 -0.000001342594818 0.000000699348056 -0.000000299388200 0.000000150970995 0.000000291277650 0.000000227088024 0.000000688317151 0.000000295916449 0.000000299297992 0.000000055572262 0.000000327316287 0.000000512057057 0.000000565791229 0.000000531589400 0.000000680963480 0.000000122322788 0.000000134783415 0.000000942103248 0.000001048254898 0.000001144681419 0.000000949705017 0.000000099908000 0.000000528936911 0.000000628433445 0.000000513056915 0.000000371343555 0.000000739147055 0.000001275123034 0.000000795862048 0.000000949499150 0.000000124538403 -0.000000277653218 0.000001402773063 0.000000055885057 0.000000817843296 0.000001310144429 0.000000311128193 0.000000639153968 0.000000907622211 0.000000567261069 0.000001329270047 -0.000000218470392 0.000000428231224 0.000000304464277 0.000000228278738 0.000000547131120 0.000000180911347 0.000000260966657 0.000000102457279 0.000000261162188 0.000000275648660 0.000000012751715 0.000000297927169 0.000000365919476 0.000000952206568 0.000000422882285 0.000000127767998 0.000000323282119 0.000000225898406 0.000000708282888 0.000000126267658 -0.000000036968945 0.000000220064697 0.000000434384589 0.000000282610691 0.000000120529685 0.000000098211219 0.000000478125787 0.000000336722971 0.000000250887010 0.000000450295139 0.000000358494430 0.000000136948330 0.000000154710456 0.000000161324158 0.000000166736258 0.000000146236964 0.000000143364542 0.000000159684782 0.000000283384743 0.000000219242681 0.000000357259220 0.000000159332248 0.000000142901271 0.000000233799553 0.000000066326593 0.000000181949710 0.000000331152934 0.000000292084688 0.000000229840567 0.000000341259960 0.000000163342841 0.000000162372982 0.000000189918881 0.000000178554923 0.000000172871623 0.000000158099897 0.000000264603714 0.000000215068976 0.000000489215078 0.000000282264531 0.000000125002789 0.000000371036488 0.000000368736016 0.000000350069832 0.000000272570336 0.000000242485456 0.000000253558935 0.000000236180807 0.000000341787987 0.000000233305241 0.000000190435098 0.000000218070791 0.000000192447164 0.000000201912721 0.000000215992700 0.000000208078008 
0.000000278641709 0.000000099326186 0.000000204419599 0.000000306398920 0.000000196174844 0.000000312399088 0.000000484483198 0.000000239218836 0.000000176786553 0.000000296796613 0.000000301965926 0.000000238786244 0.000000329365594 0.000000273982032 0.000000200267105 0.000000169862572 -0.000000191866492 0.000000091714201 -0.000000702031088 0.000000249153778 0.000000109788397 0.000000357474759 0.000000145646699 0.000000277798589 0.000000652090166 0.000000370533883 0.000000370212863 0.000000215578852 0.000000270849754 0.000000524579154 0.000000516605843 0.000000446106327 0.000000808648873 -0.000000067577773 0.000000122545396 0.000000931871441 0.000001182598869 0.000000854763052 0.000000432830450 0.000000219466239 0.000000580064313 0.000000560447917 0.000000557297285 0.000000223370729 0.000001051731465 0.000000906513757 0.000000870680932 0.000000391205176 0.000000182337364 0.000000142521380 0.000001002369130 0.000000219793241 0.000001203739064 0.000000996352516 -0.000000289178484 0.000000850258427 0.000000476790035 0.000000796553606 0.000000729119413 -0.000000294921582 0.000000304365487 0.000000281598370 0.000000278223845 0.000000506660145 0.000000209177292 0.000000276599087 0.000000144932671 0.000000100328327 0.000000331569629 0.000000153277441 0.000000218398123 0.000000247107851 0.000000422882285 0.000000673942230 0.000000249013620 0.000000258666707 0.000000244349811 0.000000592403510 0.000000334047250 0.000000181581211 0.000000198744120 0.000000413313060 0.000000294319797 0.000000359340941 0.000000087448798 0.000000316242043 0.000000291569683 0.000000389360529 0.000000230722975 0.000000017925647 0.000000149050325 0.000000170308875 0.000000176411577 0.000000184548570 0.000000140844556 0.000000145236838 0.000000165669046 0.000000293227310 0.000000219158500 0.000000277684053 0.000000208617564 0.000000140179222 0.000000300687885 0.000000152653606 0.000000139256829 0.000000280633647 0.000000292250202 0.000000257615473 0.000000350428454 0.000000179394393 0.000000207412878 0.000000241939393 0.000000223460088 0.000000203394746 0.000000176686350 0.000000217615611 0.000000275863941 0.000000301564493 0.000000144486467 0.000000305874926 0.000000334533474 0.000000386998996 0.000000319863317 0.000000282428468 0.000000298397296 0.000000249764417 0.000000247310676 0.000000300088035 0.000000249990762 0.000000260220119 0.000000253713789 0.000000245368430 0.000000267000810 0.000000247511048 0.000000235457262 
0.000000247324234 0.000000268185980 0.000000200324512 0.000000198079957 0.000000211481717 0.000000062767145 0.000000301485089 0.000000295074818 0.000000077806574 0.000000114373492 0.000000254470903 0.000000236205734 0.000000180012139 0.000000215376468 0.000000101420344 0.000000114183555 0.000000235201240 0.000000142499828 -0.000000515917704 0.000000317559995 0.000000193726716 0.000000550911567 0.000000161851874 0.000000201894504 0.000000182032711 0.000000189090718 0.000000234141700 0.000000298912234 0.000000179176602 0.000000220750567 0.000000219386644 0.000000186418285 0.000000140391352 0.000000216084818 0.000000120966952 0.000000221231045 0.000000119504919 0.000000116662959 0.000000111674093 0.000000225446339 0.000000240926139 0.000000234206589 0.000000283436872 0.000000281759100 0.000000087221399 0.000000212309273 0.000000134073922 -0.000000063399032 0.000000311162341 0.000000541799145 0.000000503783953 0.000000159992637 0.000000429143687 0.000000232358974 -0.000000182891562 0.000000270760716 0.000000279228141 0.000000176769614 0.000000366898336 -0.000000455027181 0.000000120917048 0.000000144966746 0.000000186667353 0.000000100464412 0.000000149985551 0.000000235564659 0.000000150594026 0.000000129421947 0.000000179896004 0.000000202958107 0.000000189028637 0.000000184806514 0.000000127767998 0.000000249013620 0.000000510983174 0.000000180309673 0.000000131771197 0.000000110326551 0.000000149118221 0.000000349708628 0.000000226664953 0.000000224266154 0.000000149277382 0.000000248790911 0.000000058543932 0.000000220021361 0.000000227787640 0.000000266568798 0.000000125746045 0.000000100689826 0.000000147383114 0.000000159143518 0.000000158969504 0.000000159699611 0.000000126114583 0.000000124221599 0.000000122310475 0.000000140487476 0.000000114267399 0.000000165647300 0.000000184629250 0.000000124137310 0.000000186864625 0.000000149221274 0.000000093617622 0.000000172565591 0.000000199136909 0.000000186456330 0.000000179257738 0.000000160125984 0.000000247958770 0.000000240710340 0.000000225939814 0.000000226837565 0.000000193307502 0.000000269449879 0.000000292385283 0.000000220095530 0.000000186928053 0.000000228285435 0.000000221297242 0.000000204126540 0.000000186477344 0.000000188954897 0.000000167478541 0.000000251086145 0.000000201385662 0.000000201856469 0.000000181131484 0.000000193537471 0.000000251591727 0.000000232297994 0.000000246412585 0.000000231670840 0.000000236597952 
0.000000361026042 0.000000090499820 0.000000271339119 0.000000355625733 0.000000230224470 0.000000171527483 0.000000372625263 0.000000214296410 0.000000234945850 0.000000535997962 0.000000270293277 0.000000270893706 0.000000192011346 0.000000251774287 0.000000259853002 0.000000328536280 0.000000398037372 0.000000174143567 -0.000000889404335 0.000000275799305 0.000000022531354 0.000000237909568 0.000000172696775 0.000000216710424 0.000000587634107 0.000000264423754 0.000000339792036 0.000000168659065 0.000000296420593 0.000000540113200 0.000000861236149 0.000000723833362 0.000000540220122 0.000000281807297 0.000000250809321 0.000000753165060 0.000000762616287 0.000000736150077 0.000000474018494 0.000000159879739 0.000000580906487 0.000000647011541 0.000000290181418 0.000000427232668 0.000000586021741 0.000000620539124 0.000000427249629 0.000000356587685 0.000000272776984 -0.000000701262170 0.000000777611745 0.000000823742445 0.000000393037393 0.000000994099551 0.000000612093451 0.000000434790323 0.000000532752127 0.000000367105689 0.000001580419773 -0.000000114117094 0.000000378156463 0.000000333775050 0.000000297227559 0.000000284301613 0.000000519243899 0.000000458433049 0.000000233309108 0.000000181711562 0.000000256881826 0.000000366754339 0.000000205550504 0.000000313685879 0.000000323282119 0.000000258666707 0.000000180309673 0.000000591158348 0.000000353948936 0.000000380562640 0.000000233887445 0.000000366838416 0.000000398205536 0.000000347182710 0.000000253605753 0.000000389774152 0.000000241782924 0.000000415554374 0.000000408609922 0.000000249569826 0.000000475810763 0.000000251780153 0.000000228580368 0.000000244306006 0.000000239179447 0.000000235223253 0.000000203269392 0.000000240919835 0.000000217018646 0.000000503855339 0.000000216025809 0.000000279292863 0.000000209366116 0.000000194182990 0.000000251193482 0.000000198480872 0.000000170838731 0.000000359928296 0.000000355549509 0.000000292067138 0.000000333618128 0.000000242704633 0.000000198019699 0.000000248312620 0.000000213028282 0.000000224514958 0.000000230501806 0.000000397983059 0.000000367444177 0.000000386384315 0.000000193913912 0.000000349247919 0.000000454139196 0.000000423084610 0.000000328182409 0.000000298589266 0.000000287866329 0.000000354005476 0.000000271647388 0.000000347718529 0.000000255462228 0.000000293074590 0.000000227687783 0.000000239056248 0.000000234038394 0.000000236149442 0.000000231582047 
0.000000289895972 0.000000341203087 0.000000268610311 0.000000268119553 0.000000172451409 0.000000196708671 0.000000397847448 0.000000212184109 0.000000191108840 0.000000564667242 0.000000318794341 0.000000245537429 0.000000267836237 0.000000231891946 0.000000230404541 0.000000262129836 -0.000000119783151 0.000000241357238 -0.000000312062479 -0.000000009316938 0.000000255186490 0.000000282912215 0.000000133328531 0.000000197981265 0.000000381871355 0.000000223628669 0.000000269733773 0.000000254330016 0.000000237792942 0.000000266554760 0.000000717694212 0.000000567025924 0.000000425671144 0.000000342877922 0.000000216939092 0.000000750702477 0.000000893346745 0.000000358419323 0.000000311686723 0.000000083856678 0.000000462673144 0.000000507016330 0.000000208115115 0.000000293363794 0.000000504137089 0.000000501694481 0.000000614496343 0.000001062989198 0.000000283839897 -0.000001334306674 0.000000459873401 0.000000259702911 0.000000584860239 0.000000180762065 0.000000018251481 0.000000337809858 0.000000281710449 0.000000308245632 0.000000916243231 -0.000000042975696 0.000000326217321 0.000000276410135 0.000000236960668 0.000000416734037 0.000000326394120 0.000000342636140 0.000000186674459 0.000000118781257 0.000000219990682 0.000000559133069 0.000000113529077 0.000000211855096 0.000000225898406 0.000000244349811 0.000000131771197 0.000000353948936 0.000000499240760 0.000000372797651 0.000000199373294 0.000000566394952 0.000000318815024 0.000000205892985 0.000000172759654 0.000000278247254 0.000000313528501 0.000000314197365 0.000000348952727 0.000000196394560 0.000000214630981 0.000000195681238 0.000000204823301 0.000000233611214 0.000000235278991 0.000000235899024 0.000000204377318 0.000000229423759 0.000000241899852 0.000000298102010 0.000000217837815 0.000000231852808 0.000000209272603 0.000000171459632 0.000000288293875 0.000000142938021 0.000000193410193 0.000000295870146 0.000000305130319 0.000000284377138 0.000000323892486 0.000000221441430 0.000000150712946 0.000000172409857 0.000000164219162 0.000000182935893 0.000000191355152 0.000000253470215 0.000000281806719 0.000000359367648 0.000000197239684 0.000000375819199 0.000000327560508 0.000000353420564 0.000000297941704 0.000000283459505 0.000000259166083 0.000000241030597 0.000000249150596 0.000000270716771 0.000000231202873 0.000000336575837 0.000000179966954 0.000000206368636 0.000000174583457 0.000000191251010 0.000000194349554 
0.000000220690112 0.000000230082155 0.000000166359821 0.000000292695563 0.000000158396495 0.000000329546824 0.000000362762262 0.000000123269678 0.000000008447885 0.000000306250579 0.000000156053373 0.000000066613182 0.000000280036757 0.000000043339824 0.000000280938341 0.000000067292745 0.000000482440051 0.000000057263390 -0.000001144292795 0.000000194371767 -0.000000078275835 -0.000000213788292 0.000000096568861 0.000000306840305 0.000001366344571 0.000000235711638 0.000000269299339 -0.000000083556361 0.000000386197580 0.000000291216073 0.000000884429380 0.000000674655696 0.000001354654960 0.000000448813164 0.000000122032341 0.000001339373122 0.000001752610637 0.000001563749848 0.000001154552079 0.000000215815161 0.000000519784060 0.000000715024688 0.000000412117935 0.000000050744643 0.000000868497183 0.000001568269428 0.000001204337854 0.000000101058578 0.000000439863811 0.000000036787452 0.000000214313254 0.000000174715827 0.000001107902097 0.000000080123109 0.000000186307637 0.000000897755698 0.000000372150732 0.000001021793822 -0.000000069564810 0.000000155540886 0.000000495049942 0.000000441883147 0.000000351152192 0.000000934525315 0.000000322259797 0.000000128507785 0.000000186286292 0.000000101611926 0.000000201321798 0.000000149880414 0.000000201768445 0.000000301219397 0.000000708282888 0.000000592403510 0.000000110326551 0.000000380562640 0.000000372797651 0.000001580435446 0.000000257162784 -0.000000121963618 0.000000197008428 0.000000335349878 0.000000498502676 0.000000211825905 0.000000230769703 0.000000338797671 0.000000261092900 0.000000305541623 0.000000181907401 -0.000000005326149 0.000000198850063 0.000000228086274 0.000000238259673 0.000000243100980 0.000000285139349 0.000000204913028 0.000000280687116 0.000000649992995 0.000000218007124 0.000000356912389 0.000000231896219 0.000000181609424 0.000000411424799 0.000000132533439 0.000000378755224 0.000000371159696 0.000000334936274 0.000000328985778 0.000000431405714 0.000000295848688 0.000000191721978 0.000000184899192 0.000000186999360 0.000000178950828 0.000000193584469 0.000000108036323 0.000000168824689 0.000000234519600 0.000000128018247 0.000000131855657 0.000000423841623 0.000000391600666 0.000000381801495 0.000000297156356 0.000000410599760 0.000000179293151 0.000000306334464 0.000000358640195 0.000000279006690 0.000000215815610 0.000000203059988 0.000000176344793 0.000000192177893 0.000000222950076 0.000000198995257 
0.000000169328289 0.000000655966480 0.000000441517642 0.000000314216738 0.000000458859381 0.000000184729970 0.000000467222891 0.000000178952815 0.000000225415935 0.000000217663115 0.000000163241158 0.000000112022006 0.000000232031399 0.000000107218188 0.000000003344405 0.000000337077217 0.000000803298390 0.000000001991264 -0.000004225660851 0.000000253300296 0.000000795753297 0.000000586764931 -0.000000038802677 0.000000202893839 0.000000075113985 0.000000152358400 0.000000138294958 0.000000343105676 0.000000269506661 0.000000509452679 0.000000370309090 0.000000291373214 0.000000480504974 0.000000601753490 0.000000209303304 0.000000087568199 0.000000489986798 0.000000033258355 -0.000000179659964 0.000000114524411 0.000000390780051 0.000000309481798 0.000000292193000 0.000000423771416 0.000000721401093 0.000001220649418 0.000000545584229 0.000000377128149 0.000000243569882 -0.000001550726568 0.000002267470981 -0.000000089916670 0.000001054105484 0.000002129441816 0.000003545923128 0.000000447944129 0.000000203550543 0.000000292979761 -0.000000099928255 0.000000336601673 0.000000358714436 0.000000380502644 0.000000410903550 0.000000390870386 0.000000269926719 0.000000124437385 0.000000653892061 0.000000077325443 0.000000164742925 -0.000000013579474 0.000000126947948 0.000000175335563 0.000000126267658 0.000000334047250 0.000000149118221 0.000000233887445 0.000000199373294 0.000000257162784 0.000002035721819 -0.000000085604049 0.000000071668694 0.000000146831721 0.000000596248943 0.000000391590413 -0.000000022089750 -0.000000015125383 0.000000057056451 0.000000327868198 0.000000181464900 -0.000000213953731 0.000000207323400 0.000000218519950 0.000000254993968 0.000000271656185 0.000000366117437 0.000000173591245 0.000000137064988 0.000000268217314 0.000000217698589 0.000000498356292 0.000000365154681 0.000000248781955 0.000000419386646 0.000000320934810 0.000000349108986 0.000000257418558 0.000000237723013 0.000000241123331 0.000000355136462 0.000000444241692 0.000000100496370 0.000000119375685 0.000000104424818 0.000000133986484 0.000000156891147 0.000000191934591 0.000000295937933 0.000000290346571 0.000000132727897 0.000000097940987 0.000000209915363 0.000000366669801 0.000000361514816 0.000000445429022 0.000000475905590 0.000000125781742 0.000000215768173 0.000000161132422 0.000000243113705 0.000000072647360 0.000000150615470 0.000000152511239 0.000000181937879 0.000000122078855 0.000000164375079 
0.000000323337991 0.000003412143772 0.000000206289491 0.000000062346697 0.000000017893704 0.000000196946384 0.000000926842456 0.000000140259711 -0.000000020590440 0.000001934777208 0.000000744683617 0.000000471849083 0.000000558620016 0.000000401711221 0.000000225134816 0.000000357574687 0.000004114499808 -0.000000108827150 -0.000001915326440 -0.000000369455592 0.000001347294403 0.000000386806400 0.000000193848404 0.000000232755631 -0.000000121000010 0.000000670388219 0.000000361519119 0.000000713921966 0.000000045858309 0.000000259776152 0.000000970258064 -0.000000071713251 -0.000000234827323 -0.000000425621555 0.000000148056122 0.000000057340455 0.000000348277274 -0.000000155501472 0.000000049158269 -0.000000113599670 0.000000711968505 0.000000155492281 0.000000083908536 0.000000573424190 0.000000220456988 -0.000000284958994 0.000000199736546 0.000000809246046 -0.000000088255540 -0.000002982002931 0.000000060382016 -0.000000369112463 0.000000937821940 -0.000002198004780 -0.000002184357829 0.000000012018776 0.000000066337724 -0.000000102384460 0.000000573959748 0.000000261206656 0.000000085783680 0.000000182102009 0.000000144250337 0.000000200679911 0.000000155591552 0.000000160522327 0.000000051393801 0.000000179748883 0.000000018136416 0.000006103219281 0.000000114948220 0.000000076914571 -0.000000036968945 0.000000181581211 0.000000349708628 0.000000366838416 0.000000566394952 -0.000000121963618 -0.000000085604049 0.000011318541259 0.000000185063570 -0.000000163785548 -0.000000024461323 0.000000225286377 -0.000000008711511 0.000000661137740 0.000000262468862 0.000000196708627 -0.000000010071740 0.000000479064456 0.000000365168229 0.000000485184552 0.000000312315630 0.000000470252009 0.000000304070552 0.000000049030677 0.000000298110687 -0.000000071743623 0.000000256561616 0.000000144759998 0.000000273626308 0.000000167704623 0.000000273253924 0.000000209894025 0.000000191500738 0.000000057697176 0.000000406634649 0.000000193704378 0.000000623614309 0.000000188138931 0.000000147002880 0.000000124867496 0.000000287492674 0.000000305421189 0.000000168619851 0.000000278135919 0.000001489741475 0.000000153547578 0.000000250306657 0.000001267312725 0.000000186817872 0.000000424707475 0.000000302754918 0.000000291884045 0.000000193516389 0.000000159363430 0.000000125571503 0.000000131734090 0.000000225840752 0.000001178904484 0.000000227158134 0.000000402349455 0.000000190826941 0.000000312507291 0.000000243986593 
0.000000376350261 0.000000286823106 0.000000284171918 0.000000320712259 0.000000088932532 0.000000400991386 0.000000431430963 0.000000283295990 0.000000349974156 0.000000601211151 0.000000431964365 0.000000442588716 0.000000390124810 0.000000418424150 0.000000441535647 0.000000506353984 0.000000584415032 0.000000229666930 -0.000000880612332 0.000000071440279 0.000000355007730 0.000000377744862 0.000000236994444 0.000000241882377 0.000000332171984 0.000000397580719 0.000000357538197 0.000000329026686 0.000000345191633 0.000000540896517 0.000000601835695 0.000000518817928 0.000000555618438 0.000000143403751 0.000000216827113 0.000000931367627 0.000000659274221 0.000000446267510 0.000000113915454 0.000000201953419 0.000000709887559 0.000000590111527 0.000000509862029 0.000000303148950 0.000000467812950 0.000000428458678 0.000000377809081 0.000000606333996 0.000000125678281 -0.000000200955382 0.000000483271026 0.000001396949530 -0.000000035461072 -0.000000145969224 -0.000000104136151 0.000000626013000 0.000000534547923 0.000000095477414 0.000000251792246 -0.000000251382049 0.000000259762745 0.000000176920109 0.000000143566930 0.000000149259065 0.000000384852840 0.000000190509687 0.000000156982245 0.000000101571936 0.000000124983131 0.000000268145406 0.000000171781086 0.000000234454611 0.000000220064697 0.000000198744120 0.000000226664953 0.000000398205536 0.000000318815024 0.000000197008428 0.000000071668694 0.000000185063570 0.000000837872955 0.000000280378236 0.000000148559766 0.000000437328186 0.000000235913391 0.000000518879842 0.000000499204504 0.000000304320239 0.000000320413854 0.000000562122469 0.000000174300653 0.000000195346338 0.000000183004015 0.000000173249540 0.000000094449680 0.000000231326195 0.000000348980999 0.000000343414214 0.000000190744921 0.000000191743082 0.000000172674062 0.000000131116152 0.000000133915622 0.000000035337508 0.000000042156422 0.000000340440058 0.000000355225245 0.000000254420913 0.000000241256472 0.000000144393406 0.000000229746861 0.000000297835083 0.000000240293130 0.000000246922410 0.000000229269510 0.000000389048430 0.000000398025142 0.000000471749276 0.000000283832471 0.000000368132365 0.000000404811569 0.000000372810579 0.000000240658128 0.000000363973655 0.000000155100787 0.000000337678884 0.000000308411153 0.000000407149302 0.000000320082827 0.000000369120332 0.000000284718415 0.000000259377022 0.000000291606055 0.000000262863475 0.000000260602248 
0.000000393583381 0.000000030088009 0.000000231621432 0.000000249531629 0.000000279622228 0.000000293406548 0.000000574361853 0.000000449230491 0.000000409995848 0.000000356877074 0.000000359391250 0.000000376334063 0.000000327411317 0.000000311794445 0.000000178670846 0.000000449168723 0.000000235242644 0.000000136931766 -0.000000504441624 0.000000620868245 0.000000198375605 0.000000420288067 0.000000214077429 0.000000296914266 0.000000190737467 0.000000293832499 0.000000473436343 0.000000247459047 0.000000281855952 0.000000857975660 0.000000517963135 0.000000545559653 0.000000617231916 0.000000069007869 0.000000156630609 0.000000836554491 0.000000976403447 0.000000587392668 0.000000142887429 0.000000144844070 0.000000498204370 0.000000641788712 0.000000609883700 0.000000081275163 0.000001075196561 0.000000717902519 0.000000488901542 0.000000043523051 0.000000434396887 0.000000159503343 0.000000803279517 0.000000639713381 0.000001567956440 0.000002737386435 0.000000185006947 0.000000766421713 0.000000772259759 0.000000507860636 0.000002054251775 -0.000000324423211 0.000000312010207 0.000000210415947 0.000000152683848 0.000000382415875 0.000000087089609 0.000000486690661 0.000000161043972 0.000000111634034 0.000000495429551 -0.000000023577718 0.000000207124303 0.000000322225204 0.000000434384589 0.000000413313060 0.000000224266154 0.000000347182710 0.000000205892985 0.000000335349878 0.000000146831721 -0.000000163785548 0.000000280378236 0.000000871982785 0.000000158971023 0.000000418343289 0.000000150907096 0.000000356447327 0.000000291410889 0.000000364216744 0.000000470578716 0.000000000228020 0.000000147581723 0.000000163249716 0.000000157935992 0.000000141149061 0.000000095634731 0.000000144089784 0.000000142363953 0.000000150266847 0.000000238936651 0.000000264735598 0.000000143502969 0.000000115355340 0.000000296788354 0.000000105487509 0.000000101541605 0.000000355213245 0.000000318765846 0.000000253827618 0.000000291465685 0.000000133027337 0.000000230606484 0.000000233257965 0.000000246220616 0.000000216020225 0.000000215294650 0.000000397843245 0.000000171817043 0.000000438290546 0.000000113940294 0.000000301036470 0.000000410126832 0.000000369917305 0.000000208702171 0.000000182790667 0.000000162183317 0.000000380747401 0.000000265540304 0.000000349850824 0.000000274461072 0.000000245938763 0.000000231971786 0.000000264142964 0.000000254821101 0.000000256241746 0.000000237242714 
0.000000230499265 0.000000488279293 0.000000168652590 0.000000185318784 0.000000086965661 0.000000212862864 0.000000214378703 0.000000200879918 0.000000132384805 0.000000124405462 0.000000189795632 0.000000163318147 0.000000194973059 0.000000202925322 0.000000187108631 0.000000077003197 -0.000000030965948 0.000000139179005 -0.000002989705464 0.000000059337401 0.000000114698098 0.000000174019931 0.000000157035120 0.000000177998067 0.000000804159931 0.000000235799694 0.000000216212207 0.000000127134136 0.000000277998201 0.000000273794772 0.000000455056298 0.000000287948611 0.000000485343181 -0.000000030672924 0.000000269752817 0.000000637040083 0.000000608714499 0.000000708739753 0.000000588815262 0.000000175589780 0.000000339049903 0.000000427435199 0.000000237821361 0.000000316078393 0.000000225849143 0.000000681535825 0.000000314447088 0.000000147459873 0.000000195656808 -0.000000313720728 0.000000362328518 0.000000143308511 0.000000483905415 -0.000000289867446 -0.000000330412916 0.000000209535004 0.000000147401792 0.000000675366464 -0.000000030774696 0.000000262944627 0.000000163379131 0.000000181344441 0.000000198531560 0.000000150886575 0.000000144227927 0.000000196901760 0.000000530640528 0.000000137732982 0.000000103337316 0.000000055090437 0.000000228545963 0.000000148518256 0.000000282610691 0.000000294319797 0.000000149277382 0.000000253605753 0.000000172759654 0.000000498502676 0.000000596248943 -0.000000024461323 0.000000148559766 0.000000158971023 0.000000795303441 0.000000182856269 0.000000095074219 0.000000208590517 0.000000233479052 0.000000217571281 0.000000102781567 0.000000060120273 0.000000147586454 0.000000159851119 0.000000150216584 0.000000135534409 0.000000072280581 0.000000175332462 0.000000161917861 0.000000357421155 0.000000121418159 0.000000096760434 0.000000150743189 0.000000126133175 0.000000162462364 0.000000068982655 0.000000053977325 0.000000232528610 0.000000222745550 0.000000182002707 0.000000200631587 0.000000088140349 0.000000201842556 0.000000206500972 0.000000219742993 0.000000200981929 0.000000190507039 0.000000172245478 0.000000196178425 0.000000318619900 0.000000165645618 0.000000248369659 0.000000264251919 0.000000206689741 0.000000245834333 0.000000152304190 0.000000169119813 0.000000193581175 0.000000222387792 0.000000249599940 0.000000187196659 0.000000195207917 0.000000218025217 0.000000213271661 0.000000222769106 0.000000214533285 0.000000214645352 
0.000000536987582 0.000000360910933 0.000000358821265 0.000000470784694 0.000000294310262 0.000000274033494 0.000000581988546 0.000000336220856 0.000000495211236 0.000001163569417 0.000000370908233 0.000000347838257 0.000000555602082 0.000000302603358 -0.000000071366270 0.000000511079203 0.000000257882832 0.000000234080546 -0.000000212086568 0.000000422298760 0.000000791637382 0.000000296823998 0.000000042815776 0.000000216973924 0.000000311944286 0.000000314620906 0.000000378298811 0.000000073260997 0.000000290236278 0.000002151060436 0.000001379481623 0.000001129724024 0.000001489373937 0.000000054475650 0.000000160772269 0.000000257050251 0.000001145139540 0.000000288782279 0.000000120326592 0.000000370721051 0.000000844482916 0.000000848338424 0.000000452344014 0.000000632352071 0.000000907907512 0.000001247905858 0.000000982068841 0.000001557932453 0.000000049341223 0.000000762919721 0.000001591197853 0.000001173753599 0.000001681551457 0.000000308279204 0.000000098105469 0.000000545234177 0.000000252892901 0.000000616119720 0.000000980255475 -0.000000214385125 0.000000272123151 0.000000280524105 0.000000266425314 0.000000711360147 0.000000104670718 0.000000516068054 0.000000363585308 0.000000127221363 0.000000196581184 0.000000249121746 0.000000232076001 0.000000167265847 0.000000120529685 0.000000359340941 0.000000248790911 0.000000389774152 0.000000278247254 0.000000211825905 0.000000391590413 0.000000225286377 0.000000437328186 0.000000418343289 0.000000182856269 0.000002746646108 0.000000175746713 0.000000210205611 0.000000242616971 0.000000368906245 0.000000163650902 -0.000000053446923 0.000000201781730 0.000000210176152 0.000000207599305 0.000000200490984 0.000000107036340 0.000000226569950 0.000000109222377 0.000000182310763 0.000000120295752 0.000000255475694 0.000000241126821 0.000000142549319 0.000000352035304 0.000000153401902 0.000000066409370 0.000000413045318 0.000000637254321 0.000000546354077 0.000000731422994 0.000000551709088 0.000000206499316 0.000000229801349 0.000000218595968 0.000000240476913 0.000000263028146 0.000000664649539 0.000000381891285 0.000000170181698 0.000000178216624 0.000000243706979 0.000000483823240 0.000000529754058 0.000000578755981 0.000000781750676 0.000000905464037 0.000000387219242 0.000000250343219 0.000000279337834 0.000000309167259 0.000000209711901 0.000000230623766 0.000000262114427 0.000000264208652 0.000000264662076 0.000000248548340 
0.000000206826525 0.000000372905143 0.000000224824144 0.000000176429681 0.000000079542202 0.000000183609746 0.000000129915423 0.000000086517200 0.000000036206248 0.000000118247904 0.000000060931902 0.000000149931532 0.000000140239831 0.000000158342025 0.000000136644224 0.000000177854339 -0.000000405211508 0.000000061628258 0.000000365887981 0.000000070688234 0.000000221284619 0.000000408149845 0.000000016250867 0.000000114248685 0.000000179445290 0.000000057127790 0.000000071087790 0.000000210164117 0.000000133461359 0.000000149323574 0.000000365041930 0.000000562295846 0.000000471096952 0.000000892811857 0.000000151153262 0.000000373359824 0.000000011983307 0.000000170181733 0.000000784243304 0.000000099767514 0.000000355146200 0.000000214225389 0.000000120175462 -0.000000056493329 0.000000046310674 0.000000007476969 0.000000132198826 0.000000253591899 0.000000198069192 -0.000000140452604 0.000000368454982 0.000000437476477 -0.000000506769201 -0.000000123306527 -0.000000111791303 0.000000143973340 0.000000132686085 -0.000000068255899 -0.000000035588612 0.000000068990528 0.000000248185407 0.000000150546395 0.000000035350571 0.000000111730796 0.000000261898519 0.000000075872884 0.000000090614632 0.000000063821787 0.000000184957196 0.000000846477650 0.000000063180169 0.000000144741642 0.000000098211219 0.000000087448798 0.000000058543932 0.000000241782924 0.000000313528501 0.000000230769703 -0.000000022089750 -0.000000008711511 0.000000235913391 0.000000150907096 0.000000095074219 0.000000175746713 0.000001094276399 0.000000158447856 0.000000210605375 0.000000114765271 0.000000149749469 0.000000162111320 0.000000158353819 0.000000188226403 0.000000190408994 0.000000174269851 0.000000138134421 0.000000180225362 0.000000116647780 0.000000238857882 0.000000126334149 0.000000117247548 0.000000146464347 0.000000125777964 0.000000172494885 0.000000076600876 0.000000145112421 0.000000174339112 0.000000204013892 0.000000213856986 0.000000179881779 0.000000153122626 0.000000141979833 0.000000143341037 0.000000140414350 0.000000145483875 0.000000140558039 0.000000122505047 0.000000143913852 0.000000353263873 0.000000143780289 0.000000194988953 0.000000218373073 0.000000220761531 0.000000230755055 0.000000172680233 0.000000181027558 0.000000147740337 0.000000145185769 0.000000137043414 0.000000134269162 0.000000173597269 0.000000121139290 0.000000142104942 0.000000146012104 0.000000153413903 0.000000137110915 
0.000000423657234 0.000000375552092 0.000000182587400 0.000000296295624 -0.000000039844153 0.000000335214167 0.000000711641105 0.000000353391900 0.000000242571652 0.000000662532246 0.000000724257832 0.000000677894868 0.000000508340921 0.000000742631740 0.000000880735546 0.000000256316466 0.000000303029559 0.000000332621079 -0.000001028476842 0.000000489575644 0.000000028737563 0.000000570755520 0.000000240362448 0.000000450122639 0.000000394410658 0.000000645748464 0.000000746577789 0.000000583069218 0.000000517844272 0.000000729520752 0.000000911014047 0.000001125055745 0.000000451523226 0.000000104721774 0.000000147668062 0.000002657738350 0.000001159485223 0.000000693280681 0.000000267172891 0.000000114732104 0.000001520102705 0.000001011794422 0.000000589051402 0.000000830494084 0.000001058630661 0.000001131862190 0.000000754842252 0.000001091294920 0.000000129246736 -0.000000243320825 0.000001591670053 0.000000703026229 0.000000670287230 -0.000000020539580 -0.000000228450744 0.000000737331731 0.000000967586183 0.000000400891227 0.000002328621084 -0.000000237399989 0.000000382047182 0.000000199922444 0.000000158361202 0.000000276238982 0.000000261434437 0.000000516760635 0.000000236169321 0.000000142067577 0.000000115034351 0.000000400196328 0.000000310720475 0.000000414307108 0.000000478125787 0.000000316242043 0.000000220021361 0.000000415554374 0.000000314197365 0.000000338797671 -0.000000015125383 0.000000661137740 0.000000518879842 0.000000356447327 0.000000208590517 0.000000210205611 0.000000158447856 0.000001589784697 0.000001051946174 0.000000407602902 0.000000608219429 0.000002023094737 0.000000150870324 0.000000166576134 0.000000141433696 0.000000132800051 0.000000030244808 0.000000184499284 0.000000359248944 0.000000458394631 0.000000188283030 0.000000236233348 0.000000084803084 0.000000101217691 0.000000156966157 0.000000059720183 0.000000002838883 0.000000390819763 0.000000368498385 0.000000252331460 0.000000285239971 0.000000066303239 0.000000322264142 0.000000315983716 0.000000289642273 0.000000286696760 0.000000224790304 0.000000635067948 0.000000496254575 0.000001976463902 0.000000338437513 0.000001631395652 0.000000444526703 0.000000413956356 0.000000237078080 0.000000325487915 0.000000074891581 0.000000445631973 0.000000369028732 0.000000470970747 0.000000335006355 0.000000604521632 0.000000409323629 0.000000416726024 0.000000350935446 0.000000357008786 0.000000305540353 
0.000000369804717 0.000000175581360 0.000000206773867 0.000000335931991 0.000000055479346 0.000000315073884 0.000000523426793 0.000000305108089 0.000000341864223 0.000000538533516 0.000000687163355 0.000000576172315 0.000000423918174 0.000000762698249 0.000000512106857 0.000000265406072 -0.000000317799366 0.000000256160407 -0.000000921353099 0.000000337367787 0.000000174201307 0.000000451721294 0.000000251677604 0.000000289586187 0.000000421476514 0.000000562359407 0.000000634504548 0.000000496472635 0.000000477654255 0.000000403009506 0.000000799584790 0.000001048477535 0.000000338989859 0.000000263501644 0.000000222869865 0.000002941452077 0.000000677311678 0.000000486358010 0.000000292595844 0.000000146140733 0.000001250362214 0.000000779745084 0.000000383493410 0.000000426267082 0.000001054109063 0.000000517117641 0.000000515138875 0.000000983897280 0.000000208510433 -0.000000200095319 0.000000854048412 0.000000511570238 0.000000358950396 0.000000361056990 0.000000227667233 0.000000457973270 0.000000575013069 0.000000421767683 0.000002894739784 -0.000000372580944 0.000000308021361 0.000000229989804 0.000000229077429 0.000000174036493 0.000000292731718 0.000000537564818 0.000000146138620 0.000000127305797 0.000000153295109 0.000000262956902 0.000000148138714 0.000000341288788 0.000000336722971 0.000000291569683 0.000000227787640 0.000000408609922 0.000000348952727 0.000000261092900 0.000000057056451 0.000000262468862 0.000000499204504 0.000000291410889 0.000000233479052 0.000000242616971 0.000000210605375 0.000001051946174 0.000001133064712 0.000000277234891 0.000000526383404 0.000001198041111 0.000000173206502 0.000000183410402 0.000000165562561 0.000000155753004 0.000000068573076 0.000000244072079 0.000000260709959 0.000000296314462 0.000000178417009 0.000000219401114 0.000000119448049 0.000000131255782 0.000000165948202 0.000000052004767 0.000000025014634 0.000000354657214 0.000000346267305 0.000000232236607 0.000000290283497 0.000000106572254 0.000000276538126 0.000000294138296 0.000000270919568 0.000000273176344 0.000000240842182 0.000000573114792 0.000000348752679 0.000002011539917 0.000000308694327 0.000001985848007 0.000000383900891 0.000000384905485 0.000000237020002 0.000000304756526 0.000000134277560 0.000000437424951 0.000000301154731 0.000000368746989 0.000000292333022 0.000000647359215 0.000000332291240 0.000000370038858 0.000000309366657 0.000000321404987 0.000000298489035 
0.000000351010447 0.000000145422816 0.000000213517617 0.000000233518484 0.000000127573675 0.000000387376869 0.000000629456471 0.000000280720033 0.000000225990144 0.000000351752641 0.000000377034295 0.000000329631055 0.000000397304958 0.000000332064303 0.000000361040814 0.000000245101351 0.000000082029497 0.000000035998924 -0.000001692221542 0.000000191783551 0.000000360374492 0.000000603775731 0.000000279100661 0.000000421191694 0.000000205046548 0.000000345220781 0.000000356205859 0.000000486612068 0.000000355095827 0.000000980430126 0.000000451242586 0.000000393641937 0.000000532875174 0.000000030574026 0.000000155557481 0.000000710292472 0.000000919102063 0.000000620512083 0.000000167447794 0.000000184489289 0.000000679661767 0.000000441696573 0.000000575389816 0.000000587098179 0.000001240114600 0.000000728157630 0.000000729623207 0.000000092885889 0.000000165716043 0.000000395195352 0.000001066380492 0.000000602258299 0.000001155628790 0.000000975652473 -0.000000129925212 0.000000809111048 0.000000651849550 0.000000377196073 0.000000566123450 -0.000000185834169 0.000000286005573 0.000000217032339 0.000000168212352 0.000000298426259 0.000000101229570 0.000000315099099 0.000000234561492 0.000000128678482 0.000000224764183 0.000000164036690 0.000000277477749 0.000000269319913 0.000000250887010 0.000000389360529 0.000000266568798 0.000000249569826 0.000000196394560 0.000000305541623 0.000000327868198 0.000000196708627 0.000000304320239 0.000000364216744 0.000000217571281 0.000000368906245 0.000000114765271 0.000000407602902 0.000000277234891 0.000000645471407 0.000000391271112 0.000000070695140 0.000000153767781 0.000000154435247 0.000000142217688 0.000000130753604 0.000000081366707 0.000000296167680 0.000000178662140 0.000000375109470 0.000000168414165 0.000000192150601 0.000000162176541 0.000000094831765 0.000000216152976 0.000000071376419 0.000000074848820 0.000000294653046 0.000000300735641 0.000000190195417 0.000000251508764 0.000000105568130 0.000000321495934 0.000000290632055 0.000000293866461 0.000000261926067 0.000000219980593 0.000000506354718 0.000000376518843 0.000000361018468 0.000000166560820 0.000000318558700 0.000000332851207 0.000000327244754 0.000000233536151 0.000000272602971 0.000000166326339 0.000000305250173 0.000000354825691 0.000000329397840 0.000000258213614 0.000000254918733 0.000000330245746 0.000000320589733 0.000000332045827 0.000000303431355 0.000000291079630 
0.000000386137411 -0.000002016763704 0.000000217742544 0.000000127080923 0.000000222431820 0.000000352572060 0.000000630957512 0.000000279051460 0.000001535815630 0.000000585436161 0.000000679459901 0.000000507437583 0.000000372287654 0.000000767170070 0.000000436189452 0.000000505236855 -0.000001660998948 0.000000001643562 -0.000000723585172 0.000000837216340 0.000000367728080 0.000000795608170 0.000000427962711 0.000000446805114 0.000000258753080 0.000000716277270 0.000000654848053 0.000000472715712 0.000000336426278 0.000001374937928 0.000000949045537 0.000000721855210 0.000000121163772 0.000000503181714 0.000000335471238 0.000000591119223 0.000000673844298 0.000000901011913 0.000000630556308 0.000000104728538 0.000000811982152 0.000000698426658 0.000000504278704 0.000000665649896 0.000001565773618 0.000000717288379 0.000000365689519 -0.000000304558784 0.000000503262837 0.000000700621775 0.000001626346579 0.000001124149330 0.000000999143992 0.000002280826306 0.000001971652914 0.000000465216558 0.000000860980240 0.000000371030259 0.000003933575458 0.000000265995214 0.000000407219476 0.000000347299980 0.000000219872772 0.000000015659856 0.000000268112780 0.000000699458884 0.000000127351151 0.000000262335995 0.000000304862276 0.000000017937106 0.000000356709585 0.000000502497756 0.000000450295139 0.000000230722975 0.000000125746045 0.000000475810763 0.000000214630981 0.000000181907401 0.000000181464900 -0.000000010071740 0.000000320413854 0.000000470578716 0.000000102781567 0.000000163650902 0.000000149749469 0.000000608219429 0.000000526383404 0.000000391271112 0.000002599661267 0.000000339062407 0.000000179622421 0.000000165684018 0.000000169342036 0.000000147181285 0.000000155071881 0.000000105974216 0.000000164410276 0.000000479793673 0.000000217211215 0.000000270237182 0.000000100827132 0.000000114895574 0.000000269811251 0.000000179467259 0.000000136399565 0.000000383846921 0.000000315658855 0.000000182182438 0.000000242960705 0.000000182040166 0.000000278473421 0.000000273651577 0.000000231828219 0.000000196360550 0.000000172337920 0.000000752706895 0.000000251648885 0.000000566172263 0.000000153325171 0.000000271917359 0.000000454428298 0.000000387816335 0.000000301052086 0.000000266263362 0.000000155565916 0.000000440387912 0.000000244805862 0.000000350440405 0.000000243285953 0.000000197609461 0.000000364445123 0.000000313694546 0.000000301433106 0.000000289659793 0.000000249463926 
0.000000263212797 0.000000666398943 0.000000232719605 0.000000297540319 -0.000000257861153 0.000000057183319 0.000000441632123 0.000000327379755 0.000000019737238 0.000000204340860 0.000000316066291 0.000001193511782 0.000000956023445 0.000000400240801 0.000002132680664 -0.000000107492352 0.000001744454904 0.000000638858155 0.000003694778270 0.000000086398615 -0.000000217779682 0.000000200581026 -0.000000001289077 0.000000519985091 0.000000205753287 0.000001030723207 0.000000879743597 0.000000505061279 0.000000201852859 0.000000220159792 0.000000235072309 0.000000843810860 -0.000000141940413 0.000000202172943 -0.000000041673297 0.000000878233797 0.000000385913540 0.000000087492879 0.000000145383939 0.000000252701318 0.000001413290000 0.000001010429281 0.000000375568711 0.000000172650437 -0.000000056712560 0.000000601981767 0.000000494377482 0.000002006829384 -0.000000084440670 0.000000424860555 0.000000247018502 0.000000243720108 -0.000000914591324 -0.000000823891507 0.000000110291602 -0.000000078019194 0.000000805814362 -0.000000218284244 0.000000361658525 0.000000482087544 0.000000221176193 0.000000011455050 0.000000060531351 -0.000000333015575 0.000000036559604 0.000000237061625 0.000000070707347 0.000000125171631 0.000000063307322 0.000000344755212 0.000000279573464 0.000000243971534 0.000000358494430 0.000000017925647 0.000000100689826 0.000000251780153 0.000000195681238 -0.000000005326149 -0.000000213953731 0.000000479064456 0.000000562122469 0.000000000228020 0.000000060120273 -0.000000053446923 0.000000162111320 0.000002023094737 0.000001198041111 0.000000070695140 0.000000339062407 0.000007407886956 0.000000137728142 0.000000176774787 0.000000149765575 0.000000158363359 0.000000001023150 0.000000191010589 0.000000692143308 0.000000174251394 0.000000246603157 0.000000148529968 0.000000058264815 0.000000120255088 0.000000029792242 0.000000065281180 -0.000000132832387 0.000000293410543 0.000000356729122 0.000000322227103 0.000000241699628 0.000000109632163 0.000000176546749 0.000000153411908 0.000000146188625 0.000000239654584 0.000000214544134 0.000000300071318 0.000000498004354 0.000001150692335 0.000000601692563 0.000000784355635 0.000000255828111 0.000000355692918 0.000000266471756 0.000000559717250 0.000000074599155 0.000000236085212 0.000000155817088 0.000000391896727 0.000000311779939 0.000000475303950 0.000000375334090 0.000000281205477 0.000000283534394 0.000000342463071 0.000000212752080 
0.000000210948874 0.000000357292723 0.000000225659714 0.000000206626675 0.000000165668740 0.000000107512653 0.000000226184605 0.000000163832884 0.000000104583170 0.000000215450831 0.000000144989573 0.000000137714728 0.000000136124502 0.000000140372432 0.000000124548818 0.000000142133676 0.000000413163587 0.000000127672742 -0.000000325329259 0.000000071801716 0.000000164259954 0.000000266646954 0.000000088887911 0.000000153985736 0.000000193484005 0.000000121392424 0.000000130199779 0.000000169131618 0.000000147487506 0.000000277642983 0.000000263940324 0.000000229184360 0.000000154716645 0.000000186852483 0.000000189928734 0.000000217180825 0.000000204588903 0.000000163534351 0.000000148791731 0.000000144934588 0.000000185823943 0.000000173477326 0.000000133916712 0.000000167740984 0.000000162700421 0.000000229968212 0.000000172102142 0.000000154825477 0.000000180641824 -0.000000645878714 0.000000281595159 0.000000174554302 0.000000444913968 0.000000227069605 0.000000170079337 0.000000104145254 0.000000170652062 0.000000202093441 0.000000350531047 0.000000040344255 0.000000207498902 0.000000203773400 0.000000251112555 0.000000198277534 0.000000231515009 0.000000212331849 0.000000140639143 0.000000111497125 0.000000162922795 0.000000319071192 0.000000118949978 0.000000145282483 0.000000136948330 0.000000149050325 0.000000147383114 0.000000228580368 0.000000204823301 0.000000198850063 0.000000207323400 0.000000365168229 0.000000174300653 0.000000147581723 0.000000147586454 0.000000201781730 0.000000158353819 0.000000150870324 0.000000173206502 0.000000153767781 0.000000179622421 0.000000137728142 0.000000198316903 0.000000200755377 0.000000203745274 0.000000206807039 0.000000203128771 0.000000190947220 0.000000160376906 0.000000189661367 0.000000180705273 0.000000186143704 0.000000195468453 0.000000165493370 0.000000226665198 0.000000228281600 0.000000184846096 0.000000202398635 0.000000225274613 0.000000209267988 0.000000230815598 0.000000210572017 0.000000136911763 0.000000142459639 0.000000149155190 0.000000163223177 0.000000177754065 0.000000182393125 0.000000204313162 0.000000180945678 0.000000161309842 0.000000234313041 0.000000219564287 0.000000220563048 0.000000210451691 0.000000218551010 0.000000225180737 0.000000173348596 0.000000161518193 0.000000172141220 0.000000165759012 0.000000198525687 0.000000144975986 0.000000162159769 0.000000159083478 0.000000162329598 0.000000171229341 
0.000000225662540 0.000000455072343 0.000000268116902 0.000000243826042 0.000000198583542 0.000000113851903 0.000000235345532 0.000000169913095 0.000000104257226 0.000000243285470 0.000000166540502 0.000000158908714 0.000000168819708 0.000000156813435 0.000000143331779 0.000000165691346 0.000000462798051 0.000000144677159 -0.000000162511830 0.000000104741778 0.000000169940504 0.000000282320727 0.000000096123814 0.000000166779224 0.000000226415887 0.000000135087495 0.000000145465727 0.000000184500325 0.000000151420298 0.000000254523692 0.000000276494367 0.000000243617956 0.000000208449626 0.000000194899165 0.000000202191085 0.000000241489179 0.000000252521061 0.000000148752675 0.000000168111935 0.000000167051695 0.000000206181197 0.000000197706873 0.000000151497357 0.000000183600676 0.000000114450814 0.000000248389864 0.000000186803416 0.000000222993623 0.000000239277221 -0.000000637947999 0.000000281442817 0.000000158533809 0.000000486941574 0.000000155242532 0.000000149126547 0.000000114125620 0.000000170700321 0.000000221344742 0.000000232527906 0.000000020938328 0.000000222999698 0.000000214765295 0.000000271529452 0.000000213464978 0.000000224954870 0.000000204517577 0.000000161986114 0.000000118058397 0.000000191406220 0.000000419689936 0.000000129356809 0.000000163519781 0.000000154710456 0.000000170308875 0.000000159143518 0.000000244306006 0.000000233611214 0.000000228086274 0.000000218519950 0.000000485184552 0.000000195346338 0.000000163249716 0.000000159851119 0.000000210176152 0.000000188226403 0.000000166576134 0.000000183410402 0.000000154435247 0.000000165684018 0.000000176774787 0.000000200755377 0.000000225850465 0.000000229270605 0.000000234915087 0.000000215271993 0.000000193646640 0.000000195902144 0.000000214183309 0.000000194514832 0.000000207844526 0.000000222794280 0.000000186537832 0.000000271341382 0.000000179641002 0.000000191869332 0.000000213546901 0.000000245408221 0.000000238443209 0.000000266206445 0.000000231372701 0.000000139457966 0.000000146252044 0.000000156068221 0.000000169795835 0.000000187891723 0.000000171027709 0.000000232135382 0.000000210533057 0.000000181007948 0.000000250483144 0.000000239650488 0.000000247661264 0.000000245500132 0.000000247567281 0.000000241816399 0.000000178419955 0.000000168673417 0.000000183197574 0.000000184033875 0.000000228859104 0.000000154411117 0.000000170565021 0.000000169003353 0.000000173717330 0.000000182256613 
0.000000203042836 0.000000291458207 0.000000285393292 0.000000258305294 0.000000241846308 0.000000064077239 0.000000213629886 0.000000164030945 0.000000101467394 0.000000205381586 0.000000139607029 0.000000129428858 0.000000139129530 0.000000134931854 0.000000126870265 0.000000141658896 0.000000457336161 0.000000156427858 -0.000000014747594 0.000000139714187 0.000000103829481 0.000000260510698 0.000000055621396 0.000000151646626 0.000000232034626 0.000000105164049 0.000000125581655 0.000000155284245 0.000000130523828 0.000000273394507 0.000000272339062 0.000000247651644 0.000000211936026 0.000000239499979 0.000000210332642 0.000000208880516 0.000000261353054 0.000000141535984 0.000000154680727 0.000000163400597 0.000000183406626 0.000000195756509 0.000000141345106 0.000000195623530 0.000000087391740 0.000000282385600 0.000000184917016 0.000000245484970 0.000000298619096 -0.000000723123251 0.000000271660740 0.000000135436783 0.000000562179229 0.000000228515583 0.000000255880419 0.000000101499642 0.000000166259628 0.000000259606501 0.000000211939411 -0.000000041004252 0.000000252136522 0.000000239040973 0.000000298606488 0.000000245216027 0.000000253639167 0.000000197310609 0.000000162975274 0.000000108488934 0.000000216454817 0.000000324011478 0.000000124897232 0.000000166484675 0.000000161324158 0.000000176411577 0.000000158969504 0.000000239179447 0.000000235278991 0.000000238259673 0.000000254993968 0.000000312315630 0.000000183004015 0.000000157935992 0.000000150216584 0.000000207599305 0.000000190408994 0.000000141433696 0.000000165562561 0.000000142217688 0.000000169342036 0.000000149765575 0.000000203745274 0.000000229270605 0.000000252286793 0.000000258968727 0.000000259597451 0.000000189457699 0.000000190074954 0.000000237680323 0.000000212033860 0.000000245806676 0.000000249416984 0.000000207777103 0.000000313532789 0.000000240037495 0.000000238563830 0.000000201452992 0.000000236281743 0.000000253463679 0.000000286025031 0.000000279369953 0.000000118650826 0.000000125882206 0.000000132635210 0.000000146515406 0.000000173864120 0.000000148493184 0.000000202965069 0.000000182173956 0.000000183998458 0.000000209479871 0.000000234831949 0.000000252094393 0.000000269006835 0.000000277520896 0.000000288218991 0.000000162437735 0.000000151137942 0.000000170925668 0.000000169887624 0.000000202115500 0.000000140158759 0.000000148411618 0.000000152138262 0.000000155064875 0.000000169507011 
0.000000182089492 0.000000349282927 0.000000280172073 0.000000262116635 0.000000267724250 0.000000056926380 0.000000226212450 0.000000148398964 0.000000080462840 0.000000222592177 0.000000135160793 0.000000120648377 0.000000141871551 0.000000130325452 0.000000112658009 0.000000152689288 0.000000576313082 0.000000141735546 0.000000036820387 0.000000145109978 0.000000141835015 0.000000235114451 0.000000036987201 0.000000128568233 0.000000230129338 0.000000103383348 0.000000114757577 0.000000151480329 0.000000114750961 0.000000277872331 0.000000273224486 0.000000239927617 0.000000217969450 0.000000239330713 0.000000187236762 0.000000212852388 0.000000269661138 0.000000135356690 0.000000139939736 0.000000158093511 0.000000193941780 0.000000194044890 0.000000133949503 0.000000200148655 0.000000084191072 0.000000279810440 0.000000194060545 0.000000292874716 0.000000238318581 -0.000000726842435 0.000000233067549 0.000000120452230 0.000000590911330 0.000000194153904 0.000000239858405 0.000000089951276 0.000000164573308 0.000000260067701 0.000000171026578 -0.000000029495852 0.000000260794525 0.000000247350842 0.000000324292588 0.000000293351740 0.000000288566301 0.000000180833630 0.000000160669941 0.000000101419538 0.000000216672956 0.000000407679546 0.000000127465828 0.000000153800810 0.000000166736258 0.000000184548570 0.000000159699611 0.000000235223253 0.000000235899024 0.000000243100980 0.000000271656185 0.000000470252009 0.000000173249540 0.000000141149061 0.000000135534409 0.000000200490984 0.000000174269851 0.000000132800051 0.000000155753004 0.000000130753604 0.000000147181285 0.000000158363359 0.000000206807039 0.000000234915087 0.000000258968727 0.000000283103639 0.000000294297087 0.000000182427803 0.000000199677508 0.000000229289185 0.000000235220411 0.000000282156896 0.000000261519381 0.000000220986880 0.000000338959779 0.000000263988448 0.000000266659943 0.000000183325768 0.000000227508376 0.000000257856829 0.000000306161324 0.000000313751340 0.000000103681234 0.000000107781587 0.000000116902696 0.000000130204558 0.000000160484967 0.000000128728876 0.000000213103365 0.000000177596684 0.000000182331793 0.000000228194905 0.000000224450977 0.000000253744842 0.000000277725273 0.000000303874175 0.000000325017694 0.000000142058872 0.000000132978662 0.000000158084835 0.000000157534265 0.000000204277982 0.000000128403569 0.000000133982047 0.000000138048032 0.000000141389751 0.000000158242717 
0.000000081822695 0.000000097848750 0.000000214666252 0.000000197431598 0.000000315189712 -0.000000005913824 0.000000177566923 0.000000071038239 0.000000032372805 0.000000108587864 0.000000056682466 0.000000034277977 0.000000062130782 0.000000061163582 0.000000051123644 0.000000130443918 0.000000526410612 0.000000035222651 0.000000441131872 0.000000134621399 0.000000145431274 0.000000203864022 -0.000000043240939 0.000000017568763 0.000000189548199 0.000000041609626 0.000000062011426 0.000000062718233 0.000000060900401 0.000000273891639 0.000000260378653 0.000000209114475 0.000000182079288 0.000000357565379 0.000000244794040 0.000000066612169 0.000000209011200 0.000000120772127 0.000000116302604 0.000000061294346 0.000000092096736 0.000000149089415 0.000000094445585 0.000000205979476 0.000000056006175 0.000000344409311 0.000000151074081 0.000000247876395 0.000000352713400 -0.000001000692555 -0.000000021375801 0.000000073422223 0.000000598410325 0.000000241996989 0.000000309596737 0.000000088154513 0.000000149277961 0.000000228799585 0.000000095724341 0.000000117997067 0.000000327437691 0.000000343731752 0.000000431541084 0.000000432353798 0.000000482878274 0.000000140033265 0.000000108224345 0.000000053150276 0.000000186323385 0.000000281712384 0.000000085448129 0.000000131437428 0.000000146236964 0.000000140844556 0.000000126114583 0.000000203269392 0.000000204377318 0.000000285139349 0.000000366117437 0.000000304070552 0.000000094449680 0.000000095634731 0.000000072280581 0.000000107036340 0.000000138134421 0.000000030244808 0.000000068573076 0.000000081366707 0.000000155071881 0.000000001023150 0.000000203128771 0.000000215271993 0.000000259597451 0.000000294297087 0.000000452307649 0.000000131063866 0.000000143700290 0.000000276705324 0.000000260180096 0.000000366046117 0.000000258465243 0.000000246808913 0.000000365431640 0.000000361403722 0.000000462434963 0.000000122827789 0.000000149641522 0.000000215360766 0.000000269551001 0.000000427927732 0.000000057331143 0.000000055914630 0.000000061568062 0.000000063820144 0.000000095412147 0.000000052749546 0.000000143486350 0.000000005333398 0.000000129683444 0.000000103697345 0.000000154602164 0.000000194659748 0.000000230731126 0.000000298251462 0.000000433892388 0.000000072267945 0.000000071296614 0.000000091080518 0.000000077932534 0.000000082043831 0.000000079686101 0.000000065773492 0.000000078360449 0.000000078089059 0.000000098505569 
0.000000267328675 0.000000610264895 0.000000285010862 0.000000232843251 0.000000106222699 0.000000199258108 0.000000222992556 0.000000160225771 0.000000319589771 0.000000270201336 0.000000210195613 0.000000194067870 0.000000274342965 0.000000210212421 0.000000260768557 0.000000191797208 -0.000000020173753 0.000000161797934 0.000000632417575 0.000000095212944 0.000000189895380 0.000000207229458 0.000000120353030 0.000000215643526 0.000000205237790 0.000000207970133 0.000000187442009 0.000000250186665 0.000000285958728 0.000000184843375 0.000000302561674 0.000000283466605 0.000000242189519 0.000000255203445 0.000000176601219 0.000000422923277 0.000000448333728 0.000000178093681 0.000000132651235 0.000000218132527 0.000000300921193 0.000000234124648 0.000000123442338 0.000000194479845 0.000000141468454 0.000000189887048 0.000000365841030 0.000000237776546 0.000000112266173 -0.000000171153132 0.000000501525605 0.000000169152659 0.000000431283852 0.000000213616566 0.000000294067744 0.000000259638719 0.000000132781889 0.000000184529424 0.000000292648556 -0.000000368316276 0.000000275787473 0.000000162205036 0.000000205592837 0.000000224216274 0.000000177237846 0.000000241624441 0.000000156106162 0.000000125990188 0.000000111586879 0.000000176729214 0.000000099304656 0.000000155017373 0.000000143364542 0.000000145236838 0.000000124221599 0.000000240919835 0.000000229423759 0.000000204913028 0.000000173591245 0.000000049030677 0.000000231326195 0.000000144089784 0.000000175332462 0.000000226569950 0.000000180225362 0.000000184499284 0.000000244072079 0.000000296167680 0.000000105974216 0.000000191010589 0.000000190947220 0.000000193646640 0.000000189457699 0.000000182427803 0.000000131063866 0.000000709457882 0.000000191532527 0.000000446948988 0.000000167311656 0.000000167472950 0.000000157204409 0.000000167412897 0.000000171799223 0.000000118946173 0.000000124982629 0.000000240005068 0.000000257178325 0.000000192113110 0.000000259689933 0.000000154799873 0.000000165350841 0.000000180350186 0.000000181850044 0.000000196776736 0.000000221728998 0.000000233574573 0.000000184854263 0.000000308304564 0.000000180622252 0.000000322819368 0.000000260737967 0.000000240125436 0.000000200207547 0.000000255832753 0.000000188443580 0.000000219908543 0.000000203773797 0.000000189157072 0.000000201932299 0.000000269734435 0.000000163945984 0.000000186958965 0.000000187874904 0.000000188243028 0.000000198856430 
0.000000278295869 0.000000178426277 0.000000298549093 0.000000259892171 0.000000177825057 0.000000259936556 0.000000371682110 0.000000274463193 0.000000212823162 0.000000139336075 0.000000193949021 0.000000225753646 0.000000354816950 0.000000273948103 0.000000428770819 0.000000137023312 0.000000618537681 0.000000259959805 -0.000000582954404 -0.000000053164222 0.000000401816634 0.000000306867844 0.000000137508821 0.000000162175533 0.000000308100053 0.000000256118353 0.000000202274708 0.000000163184085 0.000000190257322 0.000000121587916 0.000000273672121 0.000000259154290 0.000000305183793 0.000000132949519 0.000000130413591 0.000000373196615 0.000000903094639 0.000000147916003 0.000000193201382 0.000000195855246 0.000000363928075 0.000000268674823 0.000000377144893 0.000000227727674 0.000000178995365 0.000000447745007 0.000000398918850 0.000000337102646 0.000000165368662 -0.000000529469318 0.000000211798328 0.000000107529687 0.000000792968157 -0.000000279393791 -0.000000095128132 0.000000369525314 0.000000139405471 0.000000315988219 -0.000000037591689 0.000000234457457 0.000000168278551 0.000000141972923 0.000000191725387 0.000000169389009 0.000000131099121 0.000000130865691 0.000000157830359 0.000000125601354 0.000000122384484 0.000000379464242 0.000000185448855 0.000000159311374 0.000000159684782 0.000000165669046 0.000000122310475 0.000000217018646 0.000000241899852 0.000000280687116 0.000000137064988 0.000000298110687 0.000000348980999 0.000000142363953 0.000000161917861 0.000000109222377 0.000000116647780 0.000000359248944 0.000000260709959 0.000000178662140 0.000000164410276 0.000000692143308 0.000000160376906 0.000000195902144 0.000000190074954 0.000000199677508 0.000000143700290 0.000000191532527 0.000000738373489 0.000000230376718 0.000000328858112 0.000000157633145 0.000000198796591 0.000000153125845 0.000000253107601 0.000000089990767 0.000000106689290 0.000000226353870 0.000000258119708 0.000000284349003 0.000000225860573 0.000000196366965 0.000000189847141 0.000000154321631 0.000000163471938 0.000000190798340 0.000000190842870 0.000000141150512 0.000000251041590 0.000000525384387 0.000000232673518 0.000000285161321 0.000000250228605 0.000000288396726 0.000000253873494 0.000000371575394 0.000000166598951 0.000000223639404 0.000000211953348 0.000000309054052 0.000000263355104 0.000000350442883 0.000000185775009 0.000000205560081 0.000000201991904 0.000000191203827 0.000000195264213 
0.000000311509203 -0.000000482567616 0.000000296189736 0.000000227772690 0.000000194698017 0.000000089383047 0.000000640248051 0.000000125485055 0.000000366875372 0.000000118399592 0.000000293977442 0.000000221147095 0.000000176363415 0.000000425290783 0.000000449339542 0.000000528181859 -0.000000560766575 0.000000127700546 -0.000000839369562 0.000000079791261 -0.000000277572632 0.000000034060499 0.000000059642798 0.000000372585070 0.000001303579462 0.000000360199869 0.000000391036941 0.000000192835341 0.000000280193368 0.000000499826195 0.000001328183585 0.000000880850541 0.000000723111316 0.000000407585353 0.000000280758520 0.000000823838063 0.000001514961961 0.000001222878505 0.000000879258845 0.000000121288745 0.000000762261850 0.000000793500947 0.000000362156595 0.000001114892544 0.000000016914347 0.000001336863033 0.000000561052127 0.000000521451373 0.000000506386257 0.000000049093018 0.000000408538964 0.000000846904719 0.000000536034960 0.000000187737272 0.000000497062533 0.000000652891734 0.000000638233756 0.000000643989406 -0.000000090967820 -0.000000086351272 0.000000566890890 0.000000406067970 0.000000364282735 0.000000363480600 0.000000967139446 0.000000499968475 0.000000417158452 0.000000108912533 0.000000120477180 0.000000155708676 0.000000467601210 0.000000373207735 0.000000283384743 0.000000293227310 0.000000140487476 0.000000503855339 0.000000298102010 0.000000649992995 0.000000268217314 -0.000000071743623 0.000000343414214 0.000000150266847 0.000000357421155 0.000000182310763 0.000000238857882 0.000000458394631 0.000000296314462 0.000000375109470 0.000000479793673 0.000000174251394 0.000000189661367 0.000000214183309 0.000000237680323 0.000000229289185 0.000000276705324 0.000000446948988 0.000000230376718 0.000001591963274 0.000000193698578 0.000000274313283 0.000000219834765 0.000000194395255 0.000000320002492 0.000000279126028 0.000000248167642 0.000000352896665 0.000000280111844 0.000000204340511 0.000000289004825 0.000000261046084 0.000000237861753 0.000000291597235 0.000000182808002 0.000000165684673 0.000000172768140 0.000000150077699 0.000000563301448 0.000000252477363 0.000000129227938 0.000000169433915 0.000000546590510 0.000000440928122 0.000000370779416 0.000000291080981 0.000000344368281 0.000000277338013 0.000000258174495 0.000000394130259 0.000000185723360 0.000000154994160 0.000000265979702 0.000000185646912 0.000000239452257 0.000000184881180 0.000000179432083 
0.000000172730147 0.000000172692483 0.000000207893195 0.000000224616887 0.000000253931747 0.000000051576505 0.000000363603673 0.000000196799628 0.000000104965472 0.000000076015670 0.000000120132595 0.000000121983575 0.000000165245627 0.000000131753335 0.000000214001230 0.000000106877990 0.000000593899130 0.000000205842292 -0.000000420066840 0.000000081623795 0.000000143889675 0.000000146787690 0.000000054139240 0.000000157801640 0.000000199545458 0.000000120056994 0.000000134578100 0.000000154553601 0.000000113138370 0.000000344291760 0.000000270461611 0.000000260340000 0.000000181075923 0.000000181591050 0.000000234385362 0.000000348536803 0.000000604594503 0.000000308228711 0.000000135128574 0.000000092997797 0.000000246831103 0.000000238868105 0.000000269494825 0.000000251230130 0.000000395119722 0.000000329943665 0.000000284678001 0.000000291578771 0.000000153673393 -0.000000500378834 0.000000119120306 0.000000054104590 0.000000746952328 0.000001007389248 0.000000199579816 0.000000262830670 0.000000305492996 0.000000317022536 0.000000541492377 -0.000000031773932 0.000000254700003 0.000000220865068 0.000000278403566 0.000000365264237 0.000000289258898 0.000000245759178 0.000000115885177 0.000000120284245 0.000000261062764 0.000000188844129 0.000000155026523 0.000000151517301 0.000000219242681 0.000000219158500 0.000000114267399 0.000000216025809 0.000000217837815 0.000000218007124 0.000000217698589 0.000000256561616 0.000000190744921 0.000000238936651 0.000000121418159 0.000000120295752 0.000000126334149 0.000000188283030 0.000000178417009 0.000000168414165 0.000000217211215 0.000000246603157 0.000000180705273 0.000000194514832 0.000000212033860 0.000000235220411 0.000000260180096 0.000000167311656 0.000000328858112 0.000000193698578 0.000000408889035 0.000000288286911 0.000000220752206 0.000000197133471 0.000000324695666 0.000000179268802 0.000000255017705 0.000000183094135 0.000000214594218 0.000000244340173 0.000000269501847 0.000000278122121 0.000000117171990 0.000000101467533 0.000000119148285 0.000000116746795 0.000000140967234 0.000000136655548 0.000000139711838 0.000000277494625 0.000000148000142 0.000000260981918 0.000000226905541 0.000000266284413 0.000000249919429 0.000000297321713 0.000000285455849 0.000000158385714 0.000000162569743 0.000000200422433 0.000000156476945 0.000000231827545 0.000000127896870 0.000000140319338 0.000000134734405 0.000000131643406 0.000000154641737 
0.000000144576099 -0.000000059780673 0.000000254463426 0.000000313409913 0.000000377325280 0.000000057139354 0.000000349732872 0.000000112745374 0.000000098558318 0.000000268614585 0.000000133319012 0.000000100906263 0.000000139834408 0.000000137754965 0.000000101996623 0.000000221068491 0.000000687726250 0.000000146389440 0.000000135354480 0.000000688385131 0.000000159432992 0.000000371247264 -0.000000038318535 0.000000126004630 0.000000252063886 0.000000116556261 0.000000161895976 0.000000160798151 0.000000141935508 0.000000514861190 0.000000431740338 0.000000451962118 0.000000447221806 0.000000457827180 0.000000205824475 0.000000480406232 0.000000502643107 0.000000306043767 0.000000058985593 0.000000127558818 0.000000393192287 0.000000430217796 0.000000246899688 0.000000312089646 0.000000515829372 0.000000807055532 0.000000468373984 0.000000658107501 0.000000299933625 -0.000000523538129 0.000001152451839 0.000000189083770 0.000001020686551 0.000001105688914 0.000001111817234 0.000000399580231 0.000000533286265 0.000000336042391 0.000000934195804 0.000000031324195 0.000000424535946 0.000000333557251 0.000000388402656 0.000000526465881 0.000000449002404 0.000000197506446 0.000000128822969 0.000000055490280 0.000000224314107 0.000000151021938 0.000000130661493 0.000000230697015 0.000000357259220 0.000000277684053 0.000000165647300 0.000000279292863 0.000000231852808 0.000000356912389 0.000000498356292 0.000000144759998 0.000000191743082 0.000000264735598 0.000000096760434 0.000000255475694 0.000000117247548 0.000000236233348 0.000000219401114 0.000000192150601 0.000000270237182 0.000000148529968 0.000000186143704 0.000000207844526 0.000000245806676 0.000000282156896 0.000000366046117 0.000000167472950 0.000000157633145 0.000000274313283 0.000000288286911 0.000000541027389 0.000000262163955 0.000000239178843 0.000000404765689 0.000000300370683 0.000000361570079 0.000000235085381 0.000000234050415 0.000000269595491 0.000000356100509 0.000000417719402 0.000000090958466 0.000000101048262 0.000000097908877 0.000000105909270 0.000000128467421 0.000000229792414 0.000000233262156 0.000000300021739 0.000000199923608 0.000000187865990 0.000000262585763 0.000000331970010 0.000000271730717 0.000000401858317 0.000000444786360 0.000000181643224 0.000000145214316 0.000000193828800 0.000000169979942 0.000000149402599 0.000000129223399 0.000000122548735 0.000000127031334 0.000000122562086 0.000000143419416 
0.000000173962965 0.000000675942441 0.000000275871962 0.000000276180546 0.000000286112600 0.000000044432039 0.000000161316969 0.000000170284414 0.000000127440204 0.000000187749445 0.000000154863828 0.000000099664716 0.000000128963294 0.000000133039020 0.000000138018419 0.000000113463796 0.000000235408985 0.000000128771320 0.000000693512770 0.000000238171541 0.000000124576467 0.000000209578407 0.000000054895681 0.000000178435324 0.000000201348575 0.000000078785652 0.000000101851671 0.000000110798523 0.000000126341991 0.000000283650725 0.000000213690230 0.000000199416715 0.000000304078899 0.000000192251195 0.000000095775520 0.000000070542687 0.000000313361840 0.000000117164881 0.000000212840567 0.000000231074924 0.000000143332500 0.000000105223583 0.000000146597410 0.000000300964972 0.000000001333282 0.000000332894590 0.000000224501783 0.000000430420560 0.000000316190333 -0.000000642659708 0.000000556152280 0.000000091481370 0.000000597015449 0.000000132998348 0.000000218951015 0.000000086764128 0.000000155694952 0.000000361520630 -0.000000135706286 -0.000000027680048 0.000000242655812 0.000000234102862 0.000000326426751 0.000000214801583 0.000000199650683 0.000000115183102 0.000000156471435 0.000000102861857 0.000000186604522 0.000000285420873 0.000000133160613 0.000000160562548 0.000000159332248 0.000000208617564 0.000000184629250 0.000000209366116 0.000000209272603 0.000000231896219 0.000000365154681 0.000000273626308 0.000000172674062 0.000000143502969 0.000000150743189 0.000000241126821 0.000000146464347 0.000000084803084 0.000000119448049 0.000000162176541 0.000000100827132 0.000000058264815 0.000000195468453 0.000000222794280 0.000000249416984 0.000000261519381 0.000000258465243 0.000000157204409 0.000000198796591 0.000000219834765 0.000000220752206 0.000000262163955 0.000000480513701 0.000000225814432 0.000000297147021 0.000000268474947 0.000000276286356 0.000000191902010 0.000000228665701 0.000000244763709 0.000000280880540 0.000000273041653 0.000000106490386 0.000000123268067 0.000000125375125 0.000000133540598 0.000000170942299 0.000000118897250 0.000000190336402 0.000000151568065 0.000000181763855 0.000000141912434 0.000000225997712 0.000000236664800 0.000000297636472 0.000000297184117 0.000000303205928 0.000000133415917 0.000000138458982 0.000000184467206 0.000000160586627 0.000000175891849 0.000000138930509 0.000000140327955 0.000000152962871 0.000000138480225 0.000000163414611 
0.000000139731308 0.000000302950327 0.000000212732931 0.000000226285895 0.000000268821520 0.000000008478668 0.000000122359577 0.000000109387875 0.000000039470794 0.000000106463330 0.000000077231814 0.000000068710328 0.000000072945537 0.000000071729828 0.000000094574038 0.000000062650805 0.000000329802486 0.000000119667495 0.000000151761475 0.000000165137193 0.000000004933794 0.000000146477371 0.000000017799046 0.000000089099133 0.000000156745103 0.000000046803573 0.000000089256975 0.000000046887523 0.000000090172484 0.000000171416613 0.000000180063365 0.000000205086854 0.000000202209908 0.000000167707878 0.000000206824355 0.000000163256979 0.000000153223047 0.000000132404681 0.000000124225282 0.000000131358110 0.000000147376508 0.000000129121096 0.000000103042827 0.000000212787431 0.000000076429977 0.000000260081653 0.000000151111038 0.000000262828659 0.000000265577590 -0.000000482425810 0.000000328345650 0.000000118335830 0.000000343496723 0.000000023953849 0.000000048288220 0.000000093230210 0.000000139602732 0.000000163839553 0.000000193286814 -0.000000038605832 0.000000219656905 0.000000207655706 0.000000291459600 0.000000226197227 0.000000225972448 0.000000168645593 0.000000133120639 0.000000102304669 0.000000137853297 0.000000206053591 0.000000089539867 0.000000132183151 0.000000142901271 0.000000140179222 0.000000124137310 0.000000194182990 0.000000171459632 0.000000181609424 0.000000248781955 0.000000167704623 0.000000131116152 0.000000115355340 0.000000126133175 0.000000142549319 0.000000125777964 0.000000101217691 0.000000131255782 0.000000094831765 0.000000114895574 0.000000120255088 0.000000165493370 0.000000186537832 0.000000207777103 0.000000220986880 0.000000246808913 0.000000167412897 0.000000153125845 0.000000194395255 0.000000197133471 0.000000239178843 0.000000225814432 0.000000238671389 0.000000246230373 0.000000213267177 0.000000249370309 0.000000146226835 0.000000177612032 0.000000209557311 0.000000245407190 0.000000267588265 0.000000079111520 0.000000087879759 0.000000091497576 0.000000102127169 0.000000128781481 0.000000108629538 0.000000139537328 0.000000176288918 0.000000140003770 0.000000191464917 0.000000180989698 0.000000198289048 0.000000223606834 0.000000239298345 0.000000273937333 0.000000116389409 0.000000112030249 0.000000120306320 0.000000121667120 0.000000145950843 0.000000099670660 0.000000103617575 0.000000106023638 0.000000106804315 0.000000125838888 
0.000000148876116 0.000001050941667 0.000000327273308 0.000000302546177 0.000000474292834 0.000000091765149 0.000001284009424 0.000000129349678 0.000000196599507 0.000000138049121 0.000000156870652 0.000000196667352 0.000000429608568 0.000000428708419 0.000000246184864 0.000000200356763 -0.000001657768605 0.000000348519921 0.000002502640873 0.000000575266054 0.000000395873944 0.000000145991389 -0.000000191712755 0.000000209495207 0.000000378750623 0.000000402414883 0.000000117923219 0.000000138944313 0.000000565073053 0.000002497916169 0.000000410443107 0.000000357259802 0.000000325936172 0.000000375276681 0.000000123248016 0.000000387940187 0.000002364261644 0.000000294766638 0.000000027331778 0.000000243487125 0.000000922926525 0.000001092033059 0.000000248959153 0.000001666518162 0.000000480571343 0.000000592316763 0.000000484835515 0.000000548314752 0.000000444092308 0.000000251540766 0.000000073337281 0.000000175507769 0.000014945556607 0.000000868274170 0.000000243728159 0.000000222683128 0.000000359262561 0.000004060669952 0.000000688766723 0.000000106560941 0.000000371414116 0.000000309982526 0.000000380301188 0.000000473072973 0.000000286583053 0.000000274880310 0.000000207039159 0.000000060274764 0.000000375161416 0.000000298023094 0.000000109605463 0.000000205435339 0.000000233799553 0.000000300687885 0.000000186864625 0.000000251193482 0.000000288293875 0.000000411424799 0.000000419386646 0.000000273253924 0.000000133915622 0.000000296788354 0.000000162462364 0.000000352035304 0.000000172494885 0.000000156966157 0.000000165948202 0.000000216152976 0.000000269811251 0.000000029792242 0.000000226665198 0.000000271341382 0.000000313532789 0.000000338959779 0.000000365431640 0.000000171799223 0.000000253107601 0.000000320002492 0.000000324695666 0.000000404765689 0.000000297147021 0.000000246230373 0.000002081604759 0.000000356828676 0.000000311686689 0.000000227559283 0.000000285538747 0.000000341286174 0.000000409591352 0.000000416683325 0.000000116690542 0.000000108409520 0.000000128701085 0.000000138879000 0.000000171096373 0.000000236476384 0.000000194127890 0.000000181442808 0.000000182282466 0.000000258773642 0.000000280931175 0.000000351297974 0.000000374136223 0.000000401218128 0.000000422499247 0.000000428318241 0.000000164711224 0.000000192358358 0.000000178909866 0.000000243361429 0.000000181753473 0.000000364588802 0.000000151826235 0.000000230085423 0.000000178937648 
0.000000109053252 -0.000000082069601 0.000000214434073 0.000000181660541 0.000000300635809 -0.000000051088069 0.000000165198779 0.000000084258729 0.000000086001139 0.000000150951859 0.000000020244289 -0.000000003335077 -0.000000045636397 0.000000076033156 0.000000031058301 0.000000086745604 -0.000000244053075 0.000000112060954 -0.000000245904133 0.000000097285567 0.000000014899486 0.000000207359322 -0.000000144539883 0.000000011324327 0.000000157494092 0.000000045189338 0.000000024783796 -0.000000008016065 0.000000012193674 0.000000356570572 0.000000264473135 0.000000219183357 -0.000000002893884 0.000000213565413 0.000000108893450 -0.000000040253215 0.000000186584234 0.000000067657293 0.000000005120800 -0.000000007281360 0.000000121987006 0.000000174565841 0.000000033052799 0.000000286810482 -0.000000044184123 0.000000330551474 0.000000061660419 0.000000294405896 0.000000377907512 -0.000001482249659 0.000000476437267 0.000000040069644 0.000001086362317 0.000000594298221 0.000000428166893 0.000000030150386 0.000000169266703 0.000000352513149 0.000000229033186 -0.000000159978666 0.000000257908520 0.000000226655044 0.000000301763480 0.000000195922657 0.000000367771391 0.000000166391555 0.000000105747370 0.000000024008972 0.000000180231531 0.000000170680588 0.000000089822156 0.000000125306851 0.000000066326593 0.000000152653606 0.000000149221274 0.000000198480872 0.000000142938021 0.000000132533439 0.000000320934810 0.000000209894025 0.000000035337508 0.000000105487509 0.000000068982655 0.000000153401902 0.000000076600876 0.000000059720183 0.000000052004767 0.000000071376419 0.000000179467259 0.000000065281180 0.000000228281600 0.000000179641002 0.000000240037495 0.000000263988448 0.000000361403722 0.000000118946173 0.000000089990767 0.000000279126028 0.000000179268802 0.000000300370683 0.000000268474947 0.000000213267177 0.000000356828676 0.000000934502964 0.000000320016838 0.000000113097556 0.000000144355724 0.000000210757267 0.000000244800629 0.000000349178933 0.000000040648221 0.000000057511777 0.000000046810882 0.000000063404335 0.000000091469412 0.000000015154868 0.000000154730357 0.000000076356703 0.000000111705353 0.000000104432642 0.000000164554600 0.000000198170748 0.000000211705786 0.000000261864800 0.000000364254945 0.000000090282959 0.000000051505446 0.000000085963791 0.000000063587237 0.000000070457204 0.000000063998692 0.000000079561457 0.000000064701591 0.000000062124268 0.000000078601211 
0.000000044811706 0.000000203417002 0.000000162522477 0.000000159736400 0.000000265259848 -0.000000040984404 0.000000052662459 0.000000033854793 -0.000000016287035 0.000000092747988 0.000000019728757 -0.000000028742041 0.000000036897796 -0.000000007469038 0.000000063088090 0.000000053476053 0.000000475156370 -0.000000046205672 0.000000921520463 0.000000142016064 0.000000033519836 0.000000117701625 -0.000000053677783 0.000000012388741 0.000000139590450 -0.000000013684647 0.000000050898271 -0.000000058080599 0.000000073771326 0.000000198370402 0.000000260556880 0.000000214237935 0.000000256230920 0.000000415984704 0.000000153635951 0.000000067544251 0.000000256856258 0.000000159580925 0.000000166698777 0.000000021736711 0.000000043878057 0.000000128117856 0.000000089182903 0.000000136880879 0.000000109330910 0.000000478746073 0.000000206405849 0.000000108287425 0.000000469561842 -0.000001119027489 0.000000051373954 -0.000000006562658 0.000000413490092 0.000000111312793 0.000000218447700 0.000000163594623 0.000000131549433 0.000000210470058 -0.000000005567609 0.000000271773593 0.000000345764006 0.000000358258854 0.000000442409870 0.000000527236806 0.000000441467458 0.000000105313271 0.000000068665447 0.000000031471826 0.000000148968513 0.000000201912772 0.000000047382633 0.000000134570819 0.000000181949710 0.000000139256829 0.000000093617622 0.000000170838731 0.000000193410193 0.000000378755224 0.000000349108986 0.000000191500738 0.000000042156422 0.000000101541605 0.000000053977325 0.000000066409370 0.000000145112421 0.000000002838883 0.000000025014634 0.000000074848820 0.000000136399565 -0.000000132832387 0.000000184846096 0.000000191869332 0.000000238563830 0.000000266659943 0.000000462434963 0.000000124982629 0.000000106689290 0.000000248167642 0.000000255017705 0.000000361570079 0.000000276286356 0.000000249370309 0.000000311686689 0.000000320016838 0.000000580078870 0.000000108049044 0.000000124899725 0.000000192054772 0.000000246401731 0.000000425346126 0.000000047005970 0.000000037317208 0.000000050511493 0.000000044295211 0.000000074974968 0.000000004809530 0.000000088231720 -0.000000035389208 0.000000099695395 0.000000031305403 0.000000134118108 0.000000153358025 0.000000197562087 0.000000253493708 0.000000439028211 0.000000039120012 0.000000070285054 0.000000069871263 0.000000058568455 0.000000045539172 0.000000061971093 0.000000045842298 0.000000057464311 0.000000057730351 0.000000076758455 
0.000000369912686 0.000000053759624 0.000000306877437 0.000000296387156 0.000000173819515 0.000000230898931 0.000000403438305 0.000000241185161 0.000000194938784 0.000000458586445 0.000000342286357 0.000000295664162 0.000000302808403 0.000000271225676 0.000000269308891 0.000000372410356 0.000000266397170 0.000000209129697 -0.000000664766218 0.000000345777230 0.000000224211737 0.000000506908743 0.000000190710626 0.000000329480504 0.000000380044560 0.000000273547672 0.000000336502913 0.000000256356449 0.000000258311151 0.000000641422241 0.000000678464683 0.000000527042231 0.000000552271183 0.000000265543705 0.000000186696955 0.000000679465108 0.000000836366301 0.000000431769379 0.000000313387894 0.000000221477917 0.000000520201300 0.000000531011088 0.000000357166160 0.000000314096063 0.000000604167463 0.000000836812525 0.000000490431885 0.000000439146838 0.000000315654538 -0.000000346996403 0.000000984426581 0.000000370697721 0.000000739950805 0.000000820321468 0.000000569604772 0.000000370951186 0.000000509701678 0.000000349787727 0.000001237315763 -0.000000012029006 0.000000327638816 0.000000247940072 0.000000235374776 0.000000295451990 0.000000135872907 0.000000444786027 0.000000240473105 0.000000148408995 0.000000210129154 0.000000165778585 0.000000246588351 0.000000275070673 0.000000331152934 0.000000280633647 0.000000172565591 0.000000359928296 0.000000295870146 0.000000371159696 0.000000257418558 0.000000057697176 0.000000340440058 0.000000355213245 0.000000232528610 0.000000413045318 0.000000174339112 0.000000390819763 0.000000354657214 0.000000294653046 0.000000383846921 0.000000293410543 0.000000202398635 0.000000213546901 0.000000201452992 0.000000183325768 0.000000122827789 0.000000240005068 0.000000226353870 0.000000352896665 0.000000183094135 0.000000235085381 0.000000191902010 0.000000146226835 0.000000227559283 0.000000113097556 0.000000108049044 0.000000410283165 0.000000354108751 0.000000276825353 0.000000310462250 0.000000179532665 0.000000228102919 0.000000237427389 0.000000222859396 0.000000240665700 0.000000250913763 0.000000377531746 0.000000305631766 0.000000411859718 0.000000228819592 0.000000309877334 0.000000392302233 0.000000355446704 0.000000292000996 0.000000294166979 0.000000232764517 0.000000310527805 0.000000287118803 0.000000354233643 0.000000299703900 0.000000289616531 0.000000245799672 0.000000257869857 0.000000252776857 0.000000249904391 0.000000246341340 
0.000000384866864 0.000000303049877 0.000000317154839 0.000000331915773 0.000000189285073 0.000000276698066 0.000000399021447 0.000000278535964 0.000000253505865 0.000000548043785 0.000000294925708 0.000000286149488 0.000000320367210 0.000000266782881 0.000000260519727 0.000000259175876 0.000000539034718 0.000000190154173 -0.000000905574340 0.000000211946088 0.000000182341021 0.000000346428396 0.000000177849758 0.000000325506412 0.000000362038546 0.000000261799175 0.000000305078715 0.000000260050616 0.000000274565719 0.000000843485232 0.000000671523460 0.000000583238399 0.000000519643878 0.000000162240463 0.000000210508546 0.000000602047376 0.000000689415468 0.000000474346480 0.000000225965912 0.000000227572402 0.000000506071397 0.000000485911914 0.000000337042536 0.000000252442302 0.000000651941070 0.000000778627231 0.000000600455917 0.000000760351914 0.000000231172605 -0.000000435942696 0.000000702120531 0.000000555189813 0.000000871628367 0.000000629324769 0.000000300484321 0.000000384673839 0.000000484509959 0.000000379478066 0.000000926446057 -0.000000163520277 0.000000316855704 0.000000263738993 0.000000364335874 0.000000365257213 0.000000223195836 0.000000399066668 0.000000233771849 0.000000142745900 0.000000258433848 0.000000381329428 0.000000193090442 0.000000253939396 0.000000292084688 0.000000292250202 0.000000199136909 0.000000355549509 0.000000305130319 0.000000334936274 0.000000237723013 0.000000406634649 0.000000355225245 0.000000318765846 0.000000222745550 0.000000637254321 0.000000204013892 0.000000368498385 0.000000346267305 0.000000300735641 0.000000315658855 0.000000356729122 0.000000225274613 0.000000245408221 0.000000236281743 0.000000227508376 0.000000149641522 0.000000257178325 0.000000258119708 0.000000280111844 0.000000214594218 0.000000234050415 0.000000228665701 0.000000177612032 0.000000285538747 0.000000144355724 0.000000124899725 0.000000354108751 0.000000431247850 0.000000343582028 0.000000416707881 0.000000250524735 0.000000207442341 0.000000219395011 0.000000224741649 0.000000250039632 0.000000258197022 0.000000438347353 0.000000339963393 0.000000362423993 0.000000254717037 0.000000356755948 0.000000405407873 0.000000409602753 0.000000345493721 0.000000411459070 0.000000336044366 0.000000319398757 0.000000278588456 0.000000328310309 0.000000290830274 0.000000331285444 0.000000232490883 0.000000259953787 0.000000250966932 0.000000257910308 0.000000256048752 
0.000000284626504 0.000000393836072 0.000000293413926 0.000000315968880 0.000000252381914 0.000000152142239 0.000000268706204 0.000000245735471 0.000000139371982 0.000000417014147 0.000000184831906 0.000000182992226 0.000000234367671 0.000000165182277 0.000000143842538 0.000000163290707 0.000000446996753 0.000000219859783 -0.000000038550659 0.000000190820068 0.000000210320643 0.000000230466132 0.000000065592256 0.000000225413970 0.000000262824872 0.000000136085191 0.000000206967502 0.000000099715599 0.000000199992136 0.000000601356626 0.000000527998728 0.000000489935778 0.000000410962835 0.000000261911105 0.000000175253044 0.000000397608159 0.000000647779052 0.000000273944879 0.000000176345858 0.000000231968370 0.000000304918164 0.000000385600103 0.000000239910221 0.000000226816035 0.000000346505353 0.000000655079824 0.000000448051518 0.000000609981664 0.000000313049574 -0.000000518971449 0.000000287943072 0.000000191958415 0.000000826799454 0.000000382776423 0.000000263992132 0.000000263105304 0.000000284833932 0.000000317497615 0.000000463197954 -0.000000069107828 0.000000286835804 0.000000224647663 0.000000290087025 0.000000436378118 0.000000195434509 0.000000321411732 0.000000241484172 0.000000123380557 0.000000253818553 0.000000276455495 0.000000164069548 0.000000198525634 0.000000229840567 0.000000257615473 0.000000186456330 0.000000292067138 0.000000284377138 0.000000328985778 0.000000241123331 0.000000193704378 0.000000254420913 0.000000253827618 0.000000182002707 0.000000546354077 0.000000213856986 0.000000252331460 0.000000232236607 0.000000190195417 0.000000182182438 0.000000322227103 0.000000209267988 0.000000238443209 0.000000253463679 0.000000257856829 0.000000215360766 0.000000192113110 0.000000284349003 0.000000204340511 0.000000244340173 0.000000269595491 0.000000244763709 0.000000209557311 0.000000341286174 0.000000210757267 0.000000192054772 0.000000276825353 0.000000343582028 0.000000386552581 0.000000403304224 0.000000334633233 0.000000156049907 0.000000150384874 0.000000160820942 0.000000186876291 0.000000213249042 0.000000268512466 0.000000234413714 0.000000272723067 0.000000214650256 0.000000274817305 0.000000316686392 0.000000335943968 0.000000353433160 0.000000401168904 0.000000386090596 0.000000225594866 0.000000220698484 0.000000252948953 0.000000232917358 0.000000268588267 0.000000178023981 0.000000194294358 0.000000191335263 0.000000196469547 0.000000207760713 
0.000000309277159 0.000000258695282 0.000000334378612 0.000000356768138 0.000000329072781 0.000000200967422 0.000000346544626 0.000000210551508 0.000000199378479 0.000000597247437 0.000000267970503 0.000000216532029 0.000000305919934 0.000000189572112 0.000000142407717 0.000000221559068 0.000000746785734 0.000000173410642 -0.000000746396378 0.000000219938846 0.000000221373290 0.000000137004593 0.000000080351903 0.000000284477924 0.000000367172707 0.000000223105930 0.000000284376134 0.000000119803043 0.000000221366520 0.000000860315200 0.000000799242314 0.000000646144697 0.000000534468606 0.000000190626070 0.000000210062842 0.000000522146317 0.000000786308834 0.000000463243525 0.000000205940342 0.000000202549408 0.000000440508200 0.000000505761556 0.000000294672676 0.000000255607434 0.000000718651482 0.000001017970880 0.000000668551922 0.000000862494853 0.000000214827751 -0.000000694581062 0.000000543367622 0.000000144691349 0.000001015828382 0.000000877423874 0.000000584548404 0.000000377177592 0.000000419266425 0.000000404630656 0.000001197464865 -0.000000104548907 0.000000382310381 0.000000317423559 0.000000447539522 0.000000569363000 0.000000244615771 0.000000394417559 0.000000226730499 0.000000120092360 0.000000307278255 0.000000494108953 0.000000167250724 0.000000252451716 0.000000341259960 0.000000350428454 0.000000179257738 0.000000333618128 0.000000323892486 0.000000431405714 0.000000355136462 0.000000623614309 0.000000241256472 0.000000291465685 0.000000200631587 0.000000731422994 0.000000179881779 0.000000285239971 0.000000290283497 0.000000251508764 0.000000242960705 0.000000241699628 0.000000230815598 0.000000266206445 0.000000286025031 0.000000306161324 0.000000269551001 0.000000259689933 0.000000225860573 0.000000289004825 0.000000269501847 0.000000356100509 0.000000280880540 0.000000245407190 0.000000409591352 0.000000244800629 0.000000246401731 0.000000310462250 0.000000416707881 0.000000403304224 0.000000577639882 0.000000419056331 0.000000141288186 0.000000133386459 0.000000157617869 0.000000176065462 0.000000204662003 0.000000309929539 0.000000297631156 0.000000245447217 0.000000237364025 0.000000348516104 0.000000374380605 0.000000423714701 0.000000438495240 0.000000502023414 0.000000532582105 0.000000241697209 0.000000225381604 0.000000252923469 0.000000243156885 0.000000308450235 0.000000180200524 0.000000194317463 0.000000187260836 0.000000206901610 0.000000215044881 
0.000000143670806 0.000000157237911 0.000000261853510 0.000000278913342 0.000000404876386 0.000000016093863 0.000000191895348 0.000000127325044 0.000000072427213 0.000000329005302 0.000000080706799 0.000000067481810 0.000000153025090 0.000000067281385 0.000000026178769 0.000000142655841 0.000000699855626 0.000000123396797 0.000000161272039 0.000000276985306 0.000000210119229 0.000000146499079 -0.000000055268073 0.000000082559553 0.000000218088594 0.000000064329337 0.000000105959835 0.000000044407596 0.000000090659288 0.000000677570030 0.000000499230656 0.000000437591809 0.000000260251311 0.000000533113619 0.000000179621099 0.000000061332506 0.000000301451216 0.000000133904430 0.000000107383878 0.000000148835752 0.000000160639070 0.000000268274071 0.000000114394510 0.000000211073741 0.000000154522433 0.000000655976901 0.000000251183489 0.000000278952949 0.000000408026286 -0.000000655656733 0.000000304599101 0.000000088068963 0.000000731083401 0.000000647717057 0.000001057793713 0.000000118776298 0.000000174513640 0.000000249577872 0.000000259198456 0.000000119565136 0.000000338636629 0.000000330619924 0.000000434319538 0.000000457913814 0.000000408748677 0.000000172132448 0.000000132123623 0.000000053752202 0.000000208814801 0.000000248033702 0.000000119251896 0.000000158978596 0.000000163342841 0.000000179394393 0.000000160125984 0.000000242704633 0.000000221441430 0.000000295848688 0.000000444241692 0.000000188138931 0.000000144393406 0.000000133027337 0.000000088140349 0.000000551709088 0.000000153122626 0.000000066303239 0.000000106572254 0.000000105568130 0.000000182040166 0.000000109632163 0.000000210572017 0.000000231372701 0.000000279369953 0.000000313751340 0.000000427927732 0.000000154799873 0.000000196366965 0.000000261046084 0.000000278122121 0.000000417719402 0.000000273041653 0.000000267588265 0.000000416683325 0.000000349178933 0.000000425346126 0.000000179532665 0.000000250524735 0.000000334633233 0.000000419056331 0.000000560412115 0.000000070645814 0.000000061311978 0.000000072099057 0.000000081281019 0.000000122078870 0.000000107573636 0.000000163071229 0.000000057829611 0.000000160181777 0.000000101557900 0.000000219671482 0.000000274595433 0.000000342623654 0.000000472667946 0.000000613963438 0.000000102797113 0.000000099009428 0.000000118194777 0.000000119369893 0.000000103816259 0.000000093536955 0.000000089117610 0.000000099801498 0.000000102334083 0.000000122697096 
0.000000298566087 0.000000223674064 0.000000162496903 0.000000150252428 0.000000071693225 0.000000252964425 0.000000340628569 0.000000243377179 0.000000163316826 0.000000149540158 0.000000331869862 0.000000298689014 0.000000271606853 0.000000335002996 0.000000229610985 0.000000192213574 -0.000000108288821 0.000000116292103 -0.000000945258801 0.000000138711655 0.000000296431809 0.000000516110991 0.000000271904597 0.000000264960473 0.000000200505191 0.000000293930337 0.000000317005221 0.000000285002267 0.000000275151863 0.000000280198735 0.000000309873974 0.000000279692258 0.000000252418612 0.000000136664786 0.000000116962093 0.000000402307089 0.000000378288098 0.000000223510315 0.000000223659409 0.000000174682273 0.000000389859447 0.000000313048033 0.000000372064765 0.000000386442286 0.000000399562794 0.000000379871003 0.000000257347105 0.000000007731921 0.000000195396129 0.000000434925295 0.000000548381327 0.000000215731957 0.000000398493872 0.000000142838424 -0.000000204915866 0.000000399530403 0.000000292065437 0.000000232522902 0.000000531205910 -0.000000002485829 0.000000148029809 0.000000123507037 0.000000143516515 0.000000147941119 0.000000098570998 0.000000282701377 0.000000195094783 0.000000131358118 0.000000109719347 0.000000158120255 0.000000244865682 0.000000218111456 0.000000162372982 0.000000207412878 0.000000247958770 0.000000198019699 0.000000150712946 0.000000191721978 0.000000100496370 0.000000147002880 0.000000229746861 0.000000230606484 0.000000201842556 0.000000206499316 0.000000141979833 0.000000322264142 0.000000276538126 0.000000321495934 0.000000278473421 0.000000176546749 0.000000136911763 0.000000139457966 0.000000118650826 0.000000103681234 0.000000057331143 0.000000165350841 0.000000189847141 0.000000237861753 0.000000117171990 0.000000090958466 0.000000106490386 0.000000079111520 0.000000116690542 0.000000040648221 0.000000047005970 0.000000228102919 0.000000207442341 0.000000156049907 0.000000141288186 0.000000070645814 0.000000301471313 0.000000275384460 0.000000273307361 0.000000251816322 0.000000212420273 0.000000289442608 0.000000283699681 0.000000370708462 0.000000181002556 0.000000312600647 0.000000235479310 0.000000193324992 0.000000147099079 0.000000127324339 0.000000082201520 0.000000283811797 0.000000254799316 0.000000243521966 0.000000211225160 0.000000216499527 0.000000292115094 0.000000280259256 0.000000293959905 0.000000274754872 0.000000260843956 
0.000000305308582 0.000000217941776 0.000000175492846 0.000000170995970 0.000000066068387 0.000000252895733 0.000000287064237 0.000000246015543 0.000000230938057 0.000000216559187 0.000000344918803 0.000000311507745 0.000000257407462 0.000000369894721 0.000000248180366 0.000000232988422 -0.000000253031989 0.000000110919628 -0.000000643326213 0.000000190878098 0.000000151245213 0.000000489563786 0.000000283955854 0.000000224153554 0.000000321005984 0.000000328603704 0.000000326960821 0.000000274352120 0.000000299482508 0.000000251729084 0.000000322976432 0.000000336000751 0.000000313647466 0.000000102214371 0.000000140635608 0.000000490052266 0.000000364802225 0.000000321259624 0.000000277532002 0.000000184597197 0.000000414876497 0.000000375009631 0.000000368417465 0.000000386421321 0.000000243983577 0.000000314591758 0.000000245921548 0.000000027111060 0.000000157824262 0.000000306399213 0.000000838615236 0.000000459834831 0.000000344090082 0.000000095389572 -0.000000195352752 0.000000465056554 0.000000291044145 0.000000286760638 0.000000243192458 -0.000000217461124 0.000000160257197 0.000000147293918 0.000000160642066 0.000000112347813 0.000000250292217 0.000000224995960 0.000000175760815 0.000000145073017 0.000000111774349 0.000000138342369 0.000000234327898 0.000000223551659 0.000000189918881 0.000000241939393 0.000000240710340 0.000000248312620 0.000000172409857 0.000000184899192 0.000000119375685 0.000000124867496 0.000000297835083 0.000000233257965 0.000000206500972 0.000000229801349 0.000000143341037 0.000000315983716 0.000000294138296 0.000000290632055 0.000000273651577 0.000000153411908 0.000000142459639 0.000000146252044 0.000000125882206 0.000000107781587 0.000000055914630 0.000000180350186 0.000000154321631 0.000000291597235 0.000000101467533 0.000000101048262 0.000000123268067 0.000000087879759 0.000000108409520 0.000000057511777 0.000000037317208 0.000000237427389 0.000000219395011 0.000000150384874 0.000000133386459 0.000000061311978 0.000000275384460 0.000000315237267 0.000000277876928 0.000000257911279 0.000000214253048 0.000000254640768 0.000000317291709 0.000000398568280 0.000000169313659 0.000000274780230 0.000000267885043 0.000000229053712 0.000000165752328 0.000000122199044 0.000000092289747 0.000000303814935 0.000000245280487 0.000000259674105 0.000000217380182 0.000000210358569 0.000000290182776 0.000000282734587 0.000000302842405 0.000000274777995 0.000000255422385 
0.000000302934125 0.000000407692269 0.000000167043102 0.000000169135010 0.000000064549821 0.000000280273233 0.000000266934122 0.000000238277474 0.000000176684120 0.000000208994435 0.000000317120112 0.000000289592069 0.000000270907603 0.000000335330911 0.000000221563356 0.000000176425809 -0.000000211151208 0.000000091304019 -0.000000650725160 0.000000144334116 0.000000207988367 0.000000508887940 0.000000286542952 0.000000246533773 0.000000231131130 0.000000286327145 0.000000289984906 0.000000294527439 0.000000290505864 0.000000282425946 0.000000235164479 0.000000265416807 0.000000217030423 0.000000059274484 0.000000118095721 0.000000447193864 0.000000276316331 0.000000250175239 0.000000174588331 0.000000169326070 0.000000341969676 0.000000293983294 0.000000335708448 0.000000261820825 0.000000325828586 0.000000272063499 0.000000229092175 0.000000032373077 0.000000160184433 0.000000047547532 0.000000746653089 0.000000255504856 0.000000427500157 0.000000256662518 -0.000000179092821 0.000000382355737 0.000000272202079 0.000000269326154 0.000000319761455 -0.000000094799298 0.000000141941976 0.000000133027993 0.000000163736466 0.000000144231306 0.000000148645218 0.000000211191401 0.000000164503698 0.000000126350150 0.000000134680405 0.000000223197927 0.000000216401163 0.000000212328728 0.000000178554923 0.000000223460088 0.000000225939814 0.000000213028282 0.000000164219162 0.000000186999360 0.000000104424818 0.000000287492674 0.000000240293130 0.000000246220616 0.000000219742993 0.000000218595968 0.000000140414350 0.000000289642273 0.000000270919568 0.000000293866461 0.000000231828219 0.000000146188625 0.000000149155190 0.000000156068221 0.000000132635210 0.000000116902696 0.000000061568062 0.000000181850044 0.000000163471938 0.000000182808002 0.000000119148285 0.000000097908877 0.000000125375125 0.000000091497576 0.000000128701085 0.000000046810882 0.000000050511493 0.000000222859396 0.000000224741649 0.000000160820942 0.000000157617869 0.000000072099057 0.000000273307361 0.000000277876928 0.000000291715061 0.000000260335426 0.000000223249377 0.000000266568341 0.000000280261541 0.000000421447429 0.000000175784527 0.000000321210469 0.000000237122099 0.000000208489254 0.000000145315345 0.000000123781107 0.000000089166430 0.000000284431403 0.000000245144852 0.000000236381917 0.000000210745135 0.000000232334899 0.000000275002161 0.000000283757775 0.000000295576159 0.000000277260313 0.000000262189590 
0.000000313426291 0.000000414033739 0.000000205429325 0.000000189615962 0.000000065619707 0.000000249771000 0.000000273261823 0.000000253242906 0.000000176997664 0.000000227381894 0.000000279293402 0.000000264050293 0.000000248914311 0.000000290894335 0.000000208789065 0.000000164154482 0.000000059226109 0.000000110430090 -0.000000675160472 0.000000112885999 0.000000211587105 0.000000497320715 0.000000242685391 0.000000230334097 0.000000230029622 0.000000251429025 0.000000250600230 0.000000271709646 0.000000268436497 0.000000252385678 0.000000245878208 0.000000272799957 0.000000242205500 0.000000118063589 0.000000116729041 0.000000419471873 0.000000259413993 0.000000218779525 0.000000156698386 0.000000186238693 0.000000317977885 0.000000270248623 0.000000286775004 0.000000226139055 0.000000274846820 0.000000292421673 0.000000276956311 0.000000184935811 0.000000113284500 -0.000000092191368 0.000000578944066 0.000000279313096 0.000000513080288 0.000000168278814 -0.000000070320727 0.000000321681305 0.000000264166469 0.000000247776842 0.000000336171091 -0.000000068035570 0.000000157789052 0.000000140056324 0.000000195857077 0.000000139452561 0.000000142246265 0.000000226674708 0.000000160692435 0.000000139307426 0.000000120217926 0.000000249402329 0.000000177075329 0.000000190271343 0.000000172871623 0.000000203394746 0.000000226837565 0.000000224514958 0.000000182935893 0.000000178950828 0.000000133986484 0.000000305421189 0.000000246922410 0.000000216020225 0.000000200981929 0.000000240476913 0.000000145483875 0.000000286696760 0.000000273176344 0.000000261926067 0.000000196360550 0.000000239654584 0.000000163223177 0.000000169795835 0.000000146515406 0.000000130204558 0.000000063820144 0.000000196776736 0.000000190798340 0.000000165684673 0.000000116746795 0.000000105909270 0.000000133540598 0.000000102127169 0.000000138879000 0.000000063404335 0.000000044295211 0.000000240665700 0.000000250039632 0.000000186876291 0.000000176065462 0.000000081281019 0.000000251816322 0.000000257911279 0.000000260335426 0.000000267105436 0.000000235526320 0.000000293807826 0.000000295676691 0.000000363040830 0.000000205909922 0.000000323975022 0.000000249081233 0.000000231164198 0.000000171137493 0.000000160366718 0.000000105075466 0.000000288072681 0.000000246634022 0.000000246905836 0.000000226598457 0.000000248824211 0.000000255427206 0.000000267694136 0.000000272246246 0.000000262513674 0.000000253207042 
0.000000300056365 0.000000494557035 0.000000245758301 0.000000225741937 0.000000106852662 0.000000183120879 0.000000237836467 0.000000235214275 0.000000146957972 0.000000219658428 0.000000226445138 0.000000212990080 0.000000202289541 0.000000220918961 0.000000164131286 0.000000167112182 0.000000184837369 0.000000148158264 -0.000000379744086 0.000000113699383 0.000000156956822 0.000000408193030 0.000000198463102 0.000000227404815 0.000000219312477 0.000000174867675 0.000000198203048 0.000000230126792 0.000000228464339 0.000000258520872 0.000000239983616 0.000000250489985 0.000000251498510 0.000000153648662 0.000000119592278 0.000000363795161 0.000000264168836 0.000000186965410 0.000000178282994 0.000000217733361 0.000000250712213 0.000000218542670 0.000000205818900 0.000000163432590 0.000000206745495 0.000000255319555 0.000000236607538 0.000000171460810 0.000000170256628 -0.000000159752051 0.000000457214294 0.000000219888202 0.000000479740123 0.000000236497606 0.000000078582816 0.000000185472181 0.000000203689219 0.000000244468287 0.000000299916244 -0.000000095881621 0.000000166694823 0.000000150671099 0.000000215304987 0.000000155582841 0.000000106403421 0.000000251931994 0.000000177261288 0.000000143883458 0.000000147674482 0.000000196727492 0.000000165991341 0.000000174257817 0.000000158099897 0.000000176686350 0.000000193307502 0.000000230501806 0.000000191355152 0.000000193584469 0.000000156891147 0.000000168619851 0.000000229269510 0.000000215294650 0.000000190507039 0.000000263028146 0.000000140558039 0.000000224790304 0.000000240842182 0.000000219980593 0.000000172337920 0.000000214544134 0.000000177754065 0.000000187891723 0.000000173864120 0.000000160484967 0.000000095412147 0.000000221728998 0.000000190842870 0.000000172768140 0.000000140967234 0.000000128467421 0.000000170942299 0.000000128781481 0.000000171096373 0.000000091469412 0.000000074974968 0.000000250913763 0.000000258197022 0.000000213249042 0.000000204662003 0.000000122078870 0.000000212420273 0.000000214253048 0.000000223249377 0.000000235526320 0.000000241065180 0.000000267391362 0.000000244554106 0.000000317630560 0.000000194182319 0.000000316182963 0.000000254221733 0.000000236634029 0.000000202110750 0.000000190033371 0.000000143388661 0.000000251586343 0.000000221848131 0.000000233031927 0.000000223911870 0.000000246040510 0.000000209967354 0.000000229440900 0.000000233340513 0.000000227937666 0.000000232634274 
0.000000435137892 -0.000000854106861 0.000000207303680 0.000000267212214 0.000000071789034 0.000000334709530 0.000000708250995 0.000000352703793 0.000000320306747 0.000000546270811 0.000000345954187 0.000000465070125 0.000000366308487 0.000000309660737 0.000000239106419 0.000000246360624 0.000000437249952 0.000000183765860 -0.000001920685805 0.000000733500483 0.000000465400502 0.000000928586356 0.000000195159936 0.000000349476609 0.000000142185089 0.000000299643052 0.000000515878546 0.000000596116123 0.000000368554270 0.000001622800550 0.000000775740404 0.000000569329938 0.000000595695711 0.000000065916689 0.000000268617907 0.000000938971500 0.000000564160670 0.000000639982511 0.000000001681400 0.000000159605585 0.000000846270558 0.000000748084220 0.000000329661132 0.000000441875944 0.000001756236143 0.000000403418896 0.000000663745443 0.000001600720538 0.000000147316086 -0.000000138551677 0.000001361885036 0.000001241160685 0.000001618766683 0.000000613352501 -0.000000009519029 0.000000385182318 0.000000812379951 0.000000454113976 0.000003758884123 -0.000000693300851 0.000000354615502 0.000000263543127 0.000000175507133 0.000000545486061 0.000000056136990 0.000000826892682 0.000000353780694 0.000000161510772 0.000000187556682 0.000000164998448 0.000000182091520 0.000000304695758 0.000000264603714 0.000000217615611 0.000000269449879 0.000000397983059 0.000000253470215 0.000000108036323 0.000000191934591 0.000000278135919 0.000000389048430 0.000000397843245 0.000000172245478 0.000000664649539 0.000000122505047 0.000000635067948 0.000000573114792 0.000000506354718 0.000000752706895 0.000000300071318 0.000000182393125 0.000000171027709 0.000000148493184 0.000000128728876 0.000000052749546 0.000000233574573 0.000000141150512 0.000000150077699 0.000000136655548 0.000000229792414 0.000000118897250 0.000000108629538 0.000000236476384 0.000000015154868 0.000000004809530 0.000000377531746 0.000000438347353 0.000000268512466 0.000000309929539 0.000000107573636 0.000000289442608 0.000000254640768 0.000000266568341 0.000000293807826 0.000000267391362 0.000001383127637 0.000000297548120 0.000000610346174 0.000000199967239 0.000000630677497 0.000000393989719 0.000000399719732 0.000000247048845 0.000000390849027 0.000000168561672 0.000000541083670 0.000000329567779 0.000000380502010 0.000000268137727 0.000000358092168 0.000000307786109 0.000000336079803 0.000000299406892 0.000000317463311 0.000000312458811 
0.000000371862998 0.000000562735242 0.000000312274426 0.000000302298046 0.000000106285053 0.000000253299222 0.000000595579212 0.000000256542572 0.000000256266884 0.000000439119775 0.000000378728293 0.000000329319090 0.000000271249733 0.000000449326009 0.000000329684427 0.000000403277342 0.000000459198060 0.000000042210373 -0.000001686084940 0.000000029068833 0.000000216290445 0.000000573611077 0.000000208775861 0.000000313945777 0.000000461982466 0.000000398584670 0.000000328515033 0.000000363884461 0.000000259298916 0.000000420623772 0.000000762679656 0.000000499456929 0.000000451824511 0.000000074402078 0.000000152715199 0.000000458361926 0.000000681824906 0.000000412795123 0.000000221478140 0.000000178229518 0.000000705663438 0.000000483052713 0.000000468747837 0.000000759566812 0.000000461294911 0.000000786419931 0.000000489553278 0.000000949085505 0.000000150158580 -0.000000521183621 0.000001059696800 0.000000659853996 0.000000619978477 -0.000000165192983 -0.000000241969142 0.000000588193127 0.000000651269379 0.000000184971599 0.000000116950656 -0.000000189235956 0.000000318885390 0.000000234857629 0.000000187156653 0.000000194408104 0.000000536880019 0.000000373481776 0.000000293321608 0.000000158099042 0.000000137624526 0.000000944749137 0.000000336829463 0.000000290230013 0.000000215068976 0.000000275863941 0.000000292385283 0.000000367444177 0.000000281806719 0.000000168824689 0.000000295937933 0.000001489741475 0.000000398025142 0.000000171817043 0.000000196178425 0.000000381891285 0.000000143913852 0.000000496254575 0.000000348752679 0.000000376518843 0.000000251648885 0.000000498004354 0.000000204313162 0.000000232135382 0.000000202965069 0.000000213103365 0.000000143486350 0.000000184854263 0.000000251041590 0.000000563301448 0.000000139711838 0.000000233262156 0.000000190336402 0.000000139537328 0.000000194127890 0.000000154730357 0.000000088231720 0.000000305631766 0.000000339963393 0.000000234413714 0.000000297631156 0.000000163071229 0.000000283699681 0.000000317291709 0.000000280261541 0.000000295676691 0.000000244554106 0.000000297548120 0.000000813381689 0.000000328653379 0.000000331262837 0.000000389395528 0.000000405205851 0.000000436869446 0.000000287753406 0.000000320513606 0.000000225628239 0.000000343440334 0.000000296734203 0.000000357683653 0.000000287856901 0.000000365355697 0.000000319007235 0.000000304339325 0.000000328468899 0.000000287525019 0.000000274199547 
0.000000566373620 -0.000001014751868 0.000000308345723 0.000000474497833 0.000000185202114 0.000000278646675 0.000000561559810 0.000000518154177 0.000000571536370 0.000000622022598 0.000001844990712 0.000000869804009 0.000000550319738 0.000001997873086 0.000000698741433 0.000000367263301 -0.000002542034370 0.000000409203111 0.000003738048609 0.000001275399665 0.000000245027186 0.000001740975373 0.000000469105224 0.000000432192344 0.000000279488234 0.000000907684129 0.000000733910444 0.000001201157773 0.000000868048933 0.000000256927115 0.000000427694706 0.000002165828744 0.000000625874090 0.000000462293829 0.000000080441033 0.000008530603347 0.000000948969838 0.000000178301980 0.000000312267753 0.000000168879386 0.000003697773030 0.000000670264369 0.000000521352752 0.000000496003724 0.000000555774290 0.000000932388278 0.000000679380073 0.000000868689908 0.000000292840634 -0.000000692482078 0.000018989456959 0.000000034698094 -0.000000080956411 0.000000210633279 0.000000843857599 0.000000578373573 0.000000540600565 0.000000294665817 0.000001651074602 -0.000000658664375 0.000000287540839 0.000000245737954 0.000000495669958 0.000000281482741 -0.000000012544518 0.000000366875029 0.000000330580834 0.000000160707522 0.000000089722106 0.000000291518741 0.000000246169449 0.000000398487945 0.000000489215078 0.000000301564493 0.000000220095530 0.000000386384315 0.000000359367648 0.000000234519600 0.000000290346571 0.000000153547578 0.000000471749276 0.000000438290546 0.000000318619900 0.000000170181698 0.000000353263873 0.000001976463902 0.000002011539917 0.000000361018468 0.000000566172263 0.000001150692335 0.000000180945678 0.000000210533057 0.000000182173956 0.000000177596684 0.000000005333398 0.000000308304564 0.000000525384387 0.000000252477363 0.000000277494625 0.000000300021739 0.000000151568065 0.000000176288918 0.000000181442808 0.000000076356703 -0.000000035389208 0.000000411859718 0.000000362423993 0.000000272723067 0.000000245447217 0.000000057829611 0.000000370708462 0.000000398568280 0.000000421447429 0.000000363040830 0.000000317630560 0.000000610346174 0.000000328653379 0.000010653260292 0.000000233101356 0.000005808253472 0.000000403601064 0.000000399080594 0.000000284782908 0.000000315883111 0.000000021017036 0.000000488521677 0.000000388395599 0.000000462269050 0.000000397619378 0.000001317792495 0.000000423834269 0.000001028497383 0.000000430108453 0.000000403888443 0.000000367853217 
0.000000236964531 0.000000353552589 0.000000261862539 0.000000285381086 0.000000161011464 0.000000151163468 0.000000271237316 0.000000232616259 0.000000122307382 0.000000204298680 0.000000244272080 0.000000191778340 0.000000165202553 0.000000289963142 0.000000247615519 0.000000101416382 0.000000338466065 0.000000186012788 -0.000000944660891 0.000000103152775 0.000000176262510 0.000000420827481 0.000000173633182 0.000000239910516 0.000000166632347 0.000000193926048 0.000000150634979 0.000000277186069 0.000000155447461 0.000000163245411 0.000000218686560 0.000000194107234 0.000000217255306 0.000000282771768 0.000000150610561 0.000000278082108 0.000000149755746 0.000000073495914 0.000000090232236 0.000000193347306 0.000000322655936 0.000000166068030 0.000000296130279 0.000000308888733 0.000000165778681 0.000000515317315 0.000000312723272 0.000001203075209 0.000000103446907 -0.000000144551454 0.000000199807437 0.000000206350911 0.000000253422778 -0.000000125310213 0.000000114097940 0.000000112179867 0.000000509479158 0.000000175387121 0.000000232235471 0.000000162260519 0.000000248624599 0.000000127752762 0.000000180670277 0.000000146393163 0.000000111543858 0.000000204652816 0.000000165097873 0.000000113192803 0.000000130784251 0.000000268573895 0.000000151304597 0.000000193646885 0.000000282264531 0.000000144486467 0.000000186928053 0.000000193913912 0.000000197239684 0.000000128018247 0.000000132727897 0.000000250306657 0.000000283832471 0.000000113940294 0.000000165645618 0.000000178216624 0.000000143780289 0.000000338437513 0.000000308694327 0.000000166560820 0.000000153325171 0.000000601692563 0.000000161309842 0.000000181007948 0.000000183998458 0.000000182331793 0.000000129683444 0.000000180622252 0.000000232673518 0.000000129227938 0.000000148000142 0.000000199923608 0.000000181763855 0.000000140003770 0.000000182282466 0.000000111705353 0.000000099695395 0.000000228819592 0.000000254717037 0.000000214650256 0.000000237364025 0.000000160181777 0.000000181002556 0.000000169313659 0.000000175784527 0.000000205909922 0.000000194182319 0.000000199967239 0.000000331262837 0.000000233101356 0.000000475222626 0.000000242302242 0.000000204616258 0.000000244894946 0.000000212879583 0.000000316734169 0.000000170510173 0.000000230438972 0.000000190789961 0.000000243623588 0.000000227855600 0.000000231390317 0.000000232166979 0.000000201275418 0.000000220475481 0.000000213627559 0.000000222391824 
0.000000450153081 0.000001633649033 0.000000225490127 0.000000479595264 0.000000055857141 0.000000323127527 0.000000737516076 0.000000427479682 0.000000307395675 0.000000508616398 0.000001145158481 0.000000523338625 0.000000376627410 0.000001634585553 0.000000305625522 0.000000298737599 0.000000337905499 0.000000206736082 -0.000001716693191 -0.000000070523114 0.000000533991000 0.000000559821466 0.000000296949488 0.000000230853483 0.000000124415732 0.000000492386826 0.000000602714276 0.000000730076730 0.000000749768902 0.000000090921026 0.000000575777214 0.000001869981179 0.000000356303472 0.000000117561391 0.000000171302243 0.000008089208549 0.000000590996072 0.000000229093011 0.000000173630391 0.000000125804289 0.000002283070976 0.000000462743124 0.000000282782745 0.000000463624484 0.000001144477611 0.000000095624477 0.000000560380765 0.000001553645127 0.000000137395380 -0.000000962060070 -0.000000123058596 0.000000040245669 0.000000824106207 0.000000378307371 -0.000000326163805 0.000000307443328 0.000000286691808 0.000000259472719 0.000002981750795 -0.000000495043978 0.000000238429822 0.000000220439148 0.000000462327664 0.000000429913962 0.000000116927781 0.000000756266341 0.000000288881859 0.000000179680013 0.000000141167525 0.000000800603030 0.000000004847343 0.000000264912842 0.000000125002789 0.000000305874926 0.000000228285435 0.000000349247919 0.000000375819199 0.000000131855657 0.000000097940987 0.000001267312725 0.000000368132365 0.000000301036470 0.000000248369659 0.000000243706979 0.000000194988953 0.000001631395652 0.000001985848007 0.000000318558700 0.000000271917359 0.000000784355635 0.000000234313041 0.000000250483144 0.000000209479871 0.000000228194905 0.000000103697345 0.000000322819368 0.000000285161321 0.000000169433915 0.000000260981918 0.000000187865990 0.000000141912434 0.000000191464917 0.000000258773642 0.000000104432642 0.000000031305403 0.000000309877334 0.000000356755948 0.000000274817305 0.000000348516104 0.000000101557900 0.000000312600647 0.000000274780230 0.000000321210469 0.000000323975022 0.000000316182963 0.000000630677497 0.000000389395528 0.000005808253472 0.000000242302242 0.000006222650427 0.000000334810679 0.000000382906649 0.000000232475685 0.000000273143002 0.000000103419045 0.000000444408365 0.000000312896032 0.000000310139500 0.000000294831442 0.000001455201482 0.000000315207611 0.000000563114586 0.000000325048036 0.000000344083862 0.000000347465295 
0.000000400587742 0.000000114086511 0.000000306059431 0.000000318849449 0.000000199245885 0.000000260175549 0.000000513890827 0.000000263282696 0.000000275523510 0.000000508832323 0.000000335248127 0.000000299609255 0.000000283600091 0.000000316169758 0.000000297871649 0.000000404716348 0.000000337822504 0.000000183590655 -0.000000777829537 0.000000269693049 0.000000023874402 0.000000249314653 0.000000199492932 0.000000355841574 0.000000587224021 0.000000299278779 0.000000371070493 0.000000219023579 0.000000314217232 0.000000756896485 0.000000897553098 0.000000740320434 0.000000597634630 0.000000210599253 0.000000229226011 0.000000790826456 0.000000949292733 0.000000788973395 0.000000460882787 0.000000214104941 0.000000613929577 0.000000645848285 0.000000419827713 0.000000463189456 0.000000700976459 0.000000920573439 0.000000557611317 0.000000398214118 0.000000312246013 -0.000000434300952 0.000000820797494 0.000000836028283 0.000000841519699 0.000001012105321 0.000000399698626 0.000000582523148 0.000000625932110 0.000000435719966 0.000001249014703 -0.000000200458434 0.000000382521288 0.000000298328968 0.000000321242482 0.000000338063759 0.000000441935932 0.000000488792179 0.000000266286870 0.000000199621376 0.000000291899806 0.000000268988467 0.000000299274493 0.000000335421387 0.000000371036488 0.000000334533474 0.000000221297242 0.000000454139196 0.000000327560508 0.000000423841623 0.000000209915363 0.000000186817872 0.000000404811569 0.000000410126832 0.000000264251919 0.000000483823240 0.000000218373073 0.000000444526703 0.000000383900891 0.000000332851207 0.000000454428298 0.000000255828111 0.000000219564287 0.000000239650488 0.000000234831949 0.000000224450977 0.000000154602164 0.000000260737967 0.000000250228605 0.000000546590510 0.000000226905541 0.000000262585763 0.000000225997712 0.000000180989698 0.000000280931175 0.000000164554600 0.000000134118108 0.000000392302233 0.000000405407873 0.000000316686392 0.000000374380605 0.000000219671482 0.000000235479310 0.000000267885043 0.000000237122099 0.000000249081233 0.000000254221733 0.000000393989719 0.000000405205851 0.000000403601064 0.000000204616258 0.000000334810679 0.000000514608991 0.000000457803655 0.000000356765517 0.000000336112575 0.000000286026045 0.000000366584515 0.000000317007756 0.000000393519860 0.000000300809711 0.000000319212702 0.000000256949178 0.000000264635374 0.000000266823759 0.000000258454884 0.000000254635587 
0.000000368727492 0.000000254383537 0.000000342348797 0.000000383192935 0.000000252612821 0.000000228193320 0.000000578906313 0.000000264907144 0.000000292172001 0.000000454289980 0.000000264682901 0.000000257114081 0.000000272266071 0.000000282067497 0.000000263513267 0.000000296717905 0.000000246803706 0.000000162789700 -0.000001380417571 0.000000213849530 0.000000073657397 0.000000260509327 0.000000147941922 0.000000275796187 0.000000557252075 0.000000299386805 0.000000322643659 0.000000257714901 0.000000273685771 0.000000672426638 0.000000793511006 0.000000675277704 0.000000682172851 0.000000267094334 0.000000216524855 0.000000741968052 0.000000932270427 0.000000720014056 0.000000383272882 0.000000177492015 0.000000651518121 0.000000605671519 0.000000433129885 0.000000401416291 0.000000888695475 0.000000823441769 0.000000681203971 0.000000835799500 0.000000284822357 -0.000000747007609 0.000000993209924 0.000000673951440 0.000001031329751 0.000001308697052 0.000000737434054 0.000000639953048 0.000000618074725 0.000000475580677 0.000001274779496 -0.000000170881174 0.000000395249288 0.000000321818675 0.000000286470496 0.000000398408413 0.000000449451633 0.000000443429547 0.000000208135983 0.000000161801698 0.000000327973160 0.000000417615670 0.000000229140543 0.000000312102493 0.000000368736016 0.000000386998996 0.000000204126540 0.000000423084610 0.000000353420564 0.000000391600666 0.000000366669801 0.000000424707475 0.000000372810579 0.000000369917305 0.000000206689741 0.000000529754058 0.000000220761531 0.000000413956356 0.000000384905485 0.000000327244754 0.000000387816335 0.000000355692918 0.000000220563048 0.000000247661264 0.000000252094393 0.000000253744842 0.000000194659748 0.000000240125436 0.000000288396726 0.000000440928122 0.000000266284413 0.000000331970010 0.000000236664800 0.000000198289048 0.000000351297974 0.000000198170748 0.000000153358025 0.000000355446704 0.000000409602753 0.000000335943968 0.000000423714701 0.000000274595433 0.000000193324992 0.000000229053712 0.000000208489254 0.000000231164198 0.000000236634029 0.000000399719732 0.000000436869446 0.000000399080594 0.000000244894946 0.000000382906649 0.000000457803655 0.000000526907130 0.000000391943095 0.000000434255579 0.000000353331425 0.000000357003422 0.000000280718193 0.000000354215434 0.000000298430364 0.000000342666042 0.000000228427443 0.000000244036217 0.000000247798355 0.000000242385223 0.000000246040204 
0.000000289886537 0.000000188399327 0.000000320395154 0.000000340120281 0.000000296007212 0.000000115022704 0.000000299838092 0.000000202523872 0.000000179015594 0.000000466839462 0.000000233063169 0.000000199259977 0.000000234237138 0.000000184802568 0.000000157695395 0.000000205639258 0.000000447587792 0.000000232521664 -0.000000897631691 0.000000204965587 0.000000147012143 0.000000232463203 0.000000146419170 0.000000236624739 0.000000510981000 0.000000206851207 0.000000244536205 0.000000149807862 0.000000177937424 0.000000669916641 0.000000659801260 0.000000527982435 0.000000570782042 0.000000307586912 0.000000182760552 0.000000420478565 0.000000781259362 0.000000648072667 0.000000789377390 0.000000209003632 0.000000422411778 0.000000372021139 0.000000248248263 0.000000384304341 0.000000443823330 0.000000697142207 0.000000498864086 0.000000519493098 0.000000282491679 -0.000000361695842 0.000000869727563 0.000000197878938 0.000000672844854 0.000000362505853 0.000000244926283 0.000000225691922 0.000000255956678 0.000000458359569 0.000000451284083 -0.000000014947896 0.000000310225413 0.000000313211586 0.000000319487271 0.000000319774307 0.000000165165569 0.000000320766860 0.000000248660838 0.000000273229318 0.000000255085452 0.000000339805341 0.000000261588109 0.000000230175972 0.000000350069832 0.000000319863317 0.000000186477344 0.000000328182409 0.000000297941704 0.000000381801495 0.000000361514816 0.000000302754918 0.000000240658128 0.000000208702171 0.000000245834333 0.000000578755981 0.000000230755055 0.000000237078080 0.000000237020002 0.000000233536151 0.000000301052086 0.000000266471756 0.000000210451691 0.000000245500132 0.000000269006835 0.000000277725273 0.000000230731126 0.000000200207547 0.000000253873494 0.000000370779416 0.000000249919429 0.000000271730717 0.000000297636472 0.000000223606834 0.000000374136223 0.000000211705786 0.000000197562087 0.000000292000996 0.000000345493721 0.000000353433160 0.000000438495240 0.000000342623654 0.000000147099079 0.000000165752328 0.000000145315345 0.000000171137493 0.000000202110750 0.000000247048845 0.000000287753406 0.000000284782908 0.000000212879583 0.000000232475685 0.000000356765517 0.000000391943095 0.000000534948480 0.000000434337230 0.000000448803081 0.000000205475968 0.000000195197510 0.000000261854634 0.000000223110923 0.000000251525384 0.000000181392752 0.000000189762152 0.000000189015328 0.000000191026001 0.000000198281142 
0.000000285364772 0.000000034809671 0.000000355838998 0.000000425826051 0.000000381567021 0.000000185102128 0.000000434696523 0.000000267114615 0.000000243357911 0.000000525965702 0.000000192169158 0.000000211629723 0.000000333678375 0.000000216465702 0.000000258923817 0.000000189809083 0.000000851319398 0.000000235322232 -0.000000720002274 0.000000341414613 0.000000336490051 0.000000331174148 0.000000012960143 0.000000241290530 0.000000342027875 0.000000215842549 0.000000209524592 0.000000258721333 0.000000179332304 0.000001082606067 0.000000657215638 0.000000573682460 0.000000587679411 0.000000471825181 0.000000232783103 0.000000413601103 0.000000715389445 0.000000355765128 0.000000165589380 0.000000266943361 0.000000565499332 0.000000427441701 0.000000315432039 0.000000342211810 0.000000663540789 0.000000940645343 0.000000705398112 0.000001199672367 0.000000344821730 -0.000000059177808 0.000000783347529 0.000000528066589 0.000001019304884 0.000000539768092 0.000000998666033 0.000000306652345 0.000000473527461 0.000000412911357 0.000000489788525 -0.000000105902345 0.000000379415986 0.000000321863557 0.000000419733523 0.000000431275571 0.000000277149991 0.000000269093321 0.000000206717218 0.000000094677059 0.000000222779359 0.000000320873695 0.000000187931938 0.000000204003733 0.000000272570336 0.000000282428468 0.000000188954897 0.000000298589266 0.000000283459505 0.000000297156356 0.000000445429022 0.000000291884045 0.000000363973655 0.000000182790667 0.000000152304190 0.000000781750676 0.000000172680233 0.000000325487915 0.000000304756526 0.000000272602971 0.000000266263362 0.000000559717250 0.000000218551010 0.000000247567281 0.000000277520896 0.000000303874175 0.000000298251462 0.000000255832753 0.000000371575394 0.000000291080981 0.000000297321713 0.000000401858317 0.000000297184117 0.000000239298345 0.000000401218128 0.000000261864800 0.000000253493708 0.000000294166979 0.000000411459070 0.000000401168904 0.000000502023414 0.000000472667946 0.000000127324339 0.000000122199044 0.000000123781107 0.000000160366718 0.000000190033371 0.000000390849027 0.000000320513606 0.000000315883111 0.000000316734169 0.000000273143002 0.000000336112575 0.000000434255579 0.000000434337230 0.000000686111924 0.000000577475368 0.000000212860700 0.000000197321605 0.000000274320501 0.000000247376287 0.000000270661620 0.000000173968528 0.000000176089332 0.000000183709012 0.000000179095704 0.000000196249852 
0.000000209305138 0.000000114623131 0.000000281545443 0.000000314220384 0.000000394662880 0.000000052991555 0.000000221146831 0.000000181549726 0.000000156711012 0.000000507487855 0.000000123179505 0.000000085406501 0.000000203793875 0.000000097743098 0.000000035396434 0.000000155107417 0.000000640331065 0.000000118189593 0.000000006465787 0.000000308963708 0.000000144607539 0.000000148824360 -0.000000021968956 0.000000067790939 0.000000495645308 0.000000138059474 0.000000163044122 0.000000010186313 0.000000106641805 0.000001023626961 0.000000768385952 0.000000636923651 0.000000565214476 0.000000436252965 0.000000220876610 0.000000208852666 0.000000546732074 0.000000411905509 0.000000319608072 0.000000188963948 0.000000300947998 0.000000424466430 0.000000162760561 0.000000271111368 0.000000341914923 0.000000956008604 0.000000522153936 0.000000558124437 0.000000299836246 -0.000000512097124 0.000000607235123 0.000000230209149 0.000000891392123 0.000000484525693 0.000000614765293 0.000000228688097 0.000000238632398 0.000000476649036 0.000000289346745 0.000000140791625 0.000000391041105 0.000000409140875 0.000000561791605 0.000000556428150 0.000000487925992 0.000000207215774 0.000000144225854 0.000000063460995 0.000000228190678 0.000000265968959 0.000000146076758 0.000000158520558 0.000000242485456 0.000000298397296 0.000000167478541 0.000000287866329 0.000000259166083 0.000000410599760 0.000000475905590 0.000000193516389 0.000000155100787 0.000000162183317 0.000000169119813 0.000000905464037 0.000000181027558 0.000000074891581 0.000000134277560 0.000000166326339 0.000000155565916 0.000000074599155 0.000000225180737 0.000000241816399 0.000000288218991 0.000000325017694 0.000000433892388 0.000000188443580 0.000000166598951 0.000000344368281 0.000000285455849 0.000000444786360 0.000000303205928 0.000000273937333 0.000000422499247 0.000000364254945 0.000000439028211 0.000000232764517 0.000000336044366 0.000000386090596 0.000000532582105 0.000000613963438 0.000000082201520 0.000000092289747 0.000000089166430 0.000000105075466 0.000000143388661 0.000000168561672 0.000000225628239 0.000000021017036 0.000000170510173 0.000000103419045 0.000000286026045 0.000000353331425 0.000000448803081 0.000000577475368 0.000000806440712 0.000000129906316 0.000000116294578 0.000000160283326 0.000000133207651 0.000000115185083 0.000000115691125 0.000000111802609 0.000000119974209 0.000000129032573 0.000000142467813 
0.000000360231976 0.000000188790351 0.000000234577143 0.000000226545232 0.000000117808724 0.000000248531148 0.000000617300294 0.000000299354796 0.000000319645829 0.000000246096632 0.000000362623579 0.000000358268428 0.000000312845168 0.000000416477944 0.000000254109337 0.000000272087456 -0.000000659844694 0.000000175697049 -0.000000647052747 0.000000370758436 0.000000214605382 0.000000405224170 0.000000222296373 0.000000240468948 0.000000341571117 0.000000383759177 0.000000409895646 0.000000253423860 0.000000387623757 0.000000749804212 0.000000589658025 0.000000529618453 0.000000434917563 0.000000150486265 0.000000158785990 0.000000654047394 0.000000763937118 0.000000403957885 0.000000132002327 0.000000177072218 0.000000636906815 0.000000707363540 0.000000415319221 0.000000572731519 0.000000715468826 0.000000422664413 0.000000360651860 0.000000549933782 0.000000175300516 -0.000000108099187 0.000000812263482 0.000000702826420 0.000003014880811 0.000000832597427 0.000000119747417 0.000000566103758 0.000000510338302 0.000000940220919 0.000002033758060 -0.000000215627102 0.000000268310077 0.000000192927858 0.000000182837240 0.000000261436800 0.000000322468660 0.000000512156242 0.000000201675859 0.000000138500379 0.000000219510923 0.000000161846893 0.000000192272219 0.000000297054132 0.000000253558935 0.000000249764417 0.000000251086145 0.000000354005476 0.000000241030597 0.000000179293151 0.000000125781742 0.000000159363430 0.000000337678884 0.000000380747401 0.000000193581175 0.000000387219242 0.000000147740337 0.000000445631973 0.000000437424951 0.000000305250173 0.000000440387912 0.000000236085212 0.000000173348596 0.000000178419955 0.000000162437735 0.000000142058872 0.000000072267945 0.000000219908543 0.000000223639404 0.000000277338013 0.000000158385714 0.000000181643224 0.000000133415917 0.000000116389409 0.000000428318241 0.000000090282959 0.000000039120012 0.000000310527805 0.000000319398757 0.000000225594866 0.000000241697209 0.000000102797113 0.000000283811797 0.000000303814935 0.000000284431403 0.000000288072681 0.000000251586343 0.000000541083670 0.000000343440334 0.000000488521677 0.000000230438972 0.000000444408365 0.000000366584515 0.000000357003422 0.000000205475968 0.000000212860700 0.000000129906316 0.000000507057527 0.000000282838344 0.000000331763110 0.000000269752513 0.000000310120271 0.000000303916741 0.000000342276514 0.000000307438087 0.000000314078014 0.000000288653747 
0.000000304953719 0.000000231820090 0.000000214614003 0.000000221885841 0.000000112564252 0.000000335515122 0.000000398748459 0.000000257096977 0.000000156307655 0.000000352132965 0.000000514100190 0.000000260998894 0.000000290993165 0.000000287174277 0.000000270780693 0.000000248226307 0.000000015483254 0.000000149085673 -0.000001606139261 0.000000064907593 0.000000322622215 0.000000438341098 0.000000166474036 0.000000333439074 0.000000253103286 0.000000235492919 0.000000268169989 0.000000271863219 0.000000330958055 0.000000496967718 0.000000477123229 0.000000420792619 0.000000370647954 0.000000218300418 0.000000182631177 0.000000699131778 0.000000739052573 0.000000456252542 0.000000111938168 0.000000209595492 0.000000460616478 0.000000446030402 0.000000352873837 0.000001841390958 0.000000665975367 0.000000661134610 0.000000498922538 0.000000186912813 0.000000110416587 -0.000000043458561 0.000000582186729 0.000000361124298 0.000000674222315 0.000000750413623 0.000000432981751 0.000000520785279 0.000000455393856 0.000000291409763 0.000000395686043 -0.000000044503485 0.000000235790768 0.000000165427068 0.000000157566704 0.000000314434553 0.000000179122951 0.000000302583520 0.000000224204392 0.000000141217982 0.000000158950134 0.000000147384514 0.000000198808683 0.000000225839319 0.000000236180807 0.000000247310676 0.000000201385662 0.000000271647388 0.000000249150596 0.000000306334464 0.000000215768173 0.000000125571503 0.000000308411153 0.000000265540304 0.000000222387792 0.000000250343219 0.000000145185769 0.000000369028732 0.000000301154731 0.000000354825691 0.000000244805862 0.000000155817088 0.000000161518193 0.000000168673417 0.000000151137942 0.000000132978662 0.000000071296614 0.000000203773797 0.000000211953348 0.000000258174495 0.000000162569743 0.000000145214316 0.000000138458982 0.000000112030249 0.000000164711224 0.000000051505446 0.000000070285054 0.000000287118803 0.000000278588456 0.000000220698484 0.000000225381604 0.000000099009428 0.000000254799316 0.000000245280487 0.000000245144852 0.000000246634022 0.000000221848131 0.000000329567779 0.000000296734203 0.000000388395599 0.000000190789961 0.000000312896032 0.000000317007756 0.000000280718193 0.000000195197510 0.000000197321605 0.000000116294578 0.000000282838344 0.000000592835697 0.000000305307201 0.000000256193872 0.000000263232098 0.000000364241722 0.000000303803258 0.000000263609980 0.000000252221634 0.000000298231430 
0.000000350678973 0.000000028788057 0.000000245801519 0.000000253337484 0.000000109139721 0.000000259607576 0.000000454253164 0.000000287525349 0.000000236988115 0.000000392440587 0.000000366209228 0.000000306553111 0.000000290835834 0.000000336242450 0.000000362432864 0.000000327579968 0.000000182788208 0.000000179188098 -0.000000737416978 0.000000251124712 0.000000104228271 0.000000435986668 0.000000203759076 0.000000331138967 0.000000471678172 0.000000303054998 0.000000335020829 0.000000266496663 0.000000293416301 0.000000596797886 0.000000640643364 0.000000500718739 0.000000519582194 0.000000127375704 0.000000170152105 0.000000852879209 0.000001039324643 0.000000617538048 0.000000297625312 0.000000202196300 0.000000562889684 0.000000557043091 0.000000461836838 0.000000391195090 0.000000529379880 0.000000821002700 0.000000533073181 0.000000561583306 0.000000129117658 -0.000000305720573 0.000000664468162 0.000000572265374 0.000000825636453 0.000000713604753 0.000000068649561 0.000000533283961 0.000000627883035 0.000000438790601 0.000000717716730 -0.000000177504848 0.000000304182985 0.000000211108381 0.000000212869692 0.000000283468199 0.000000264381420 0.000000365141643 0.000000245085387 0.000000128100942 0.000000227022685 0.000000188927466 0.000000267737334 0.000000258200351 0.000000341787987 0.000000300088035 0.000000201856469 0.000000347718529 0.000000270716771 0.000000358640195 0.000000161132422 0.000000131734090 0.000000407149302 0.000000349850824 0.000000249599940 0.000000279337834 0.000000137043414 0.000000470970747 0.000000368746989 0.000000329397840 0.000000350440405 0.000000391896727 0.000000172141220 0.000000183197574 0.000000170925668 0.000000158084835 0.000000091080518 0.000000189157072 0.000000309054052 0.000000394130259 0.000000200422433 0.000000193828800 0.000000184467206 0.000000120306320 0.000000192358358 0.000000085963791 0.000000069871263 0.000000354233643 0.000000328310309 0.000000252948953 0.000000252923469 0.000000118194777 0.000000243521966 0.000000259674105 0.000000236381917 0.000000246905836 0.000000233031927 0.000000380502010 0.000000357683653 0.000000462269050 0.000000243623588 0.000000310139500 0.000000393519860 0.000000354215434 0.000000261854634 0.000000274320501 0.000000160283326 0.000000331763110 0.000000305307201 0.000000418329721 0.000000291455195 0.000000301641744 0.000000276581208 0.000000270490237 0.000000272271782 0.000000252883804 0.000000249119041 
0.000000313744695 0.000000347719495 0.000000276574675 0.000000267155449 0.000000117778493 0.000000247123253 0.000000353384822 0.000000242863829 0.000000174749773 0.000000326461274 0.000000299455901 0.000000264086843 0.000000289886269 0.000000261087293 0.000000244330315 0.000000274145829 0.000000408409617 0.000000174495295 -0.000000582289215 0.000000169345409 0.000000278137854 0.000000453653306 0.000000184406179 0.000000280332376 0.000000216414387 0.000000250297358 0.000000265251968 0.000000249418663 0.000000245479623 0.000000293388496 0.000000367076803 0.000000327149746 0.000000466554546 0.000000184771063 0.000000166232667 0.000000514945579 0.000000591879854 0.000000231030997 0.000000145733065 0.000000215383484 0.000000436703104 0.000000348971962 0.000000369075616 0.000000216022318 0.000000436989130 0.000000559790784 0.000000419171089 0.000000345504813 0.000000167537340 -0.000000194956096 0.000000780108257 0.000000362065064 0.000000526645512 0.000000484258582 0.000000550582008 0.000000419542151 0.000000332929473 0.000000244234699 0.000000476285955 -0.000000048048657 0.000000207628150 0.000000157208863 0.000000168081289 0.000000209655334 0.000000072710707 0.000000254434073 0.000000191259255 0.000000134767086 0.000000166476326 0.000000244836965 0.000000185210451 0.000000214145715 0.000000233305241 0.000000249990762 0.000000181131484 0.000000255462228 0.000000231202873 0.000000279006690 0.000000243113705 0.000000225840752 0.000000320082827 0.000000274461072 0.000000187196659 0.000000309167259 0.000000134269162 0.000000335006355 0.000000292333022 0.000000258213614 0.000000243285953 0.000000311779939 0.000000165759012 0.000000184033875 0.000000169887624 0.000000157534265 0.000000077932534 0.000000201932299 0.000000263355104 0.000000185723360 0.000000156476945 0.000000169979942 0.000000160586627 0.000000121667120 0.000000178909866 0.000000063587237 0.000000058568455 0.000000299703900 0.000000290830274 0.000000232917358 0.000000243156885 0.000000119369893 0.000000211225160 0.000000217380182 0.000000210745135 0.000000226598457 0.000000223911870 0.000000268137727 0.000000287856901 0.000000397619378 0.000000227855600 0.000000294831442 0.000000300809711 0.000000298430364 0.000000223110923 0.000000247376287 0.000000133207651 0.000000269752513 0.000000256193872 0.000000291455195 0.000000290244094 0.000000285669670 0.000000232036211 0.000000240435189 0.000000244293794 0.000000233401679 0.000000231182761 
0.000000326952388 0.000000800110133 0.000000277402827 0.000000313766828 0.000000070568988 0.000000273083662 0.000000488525091 0.000000283894623 0.000000200228311 0.000000523308505 0.000000489582481 0.000000345075739 0.000000357469286 0.000000483831638 0.000000822161983 0.000000229889507 0.000000317360076 0.000000269031021 -0.000000140421525 0.000000060657455 0.000000363288576 0.000000207892232 0.000000214501366 0.000000222604950 0.000000214597352 0.000000337463080 0.000000346725724 0.000000345952737 0.000000334850775 0.000000260869521 0.000000494708612 0.000000582947798 0.000000339525707 0.000000095954990 0.000000184238833 0.000001883489522 0.000000735492479 0.000000230389260 0.000000189224142 0.000000217824946 0.000000772998587 0.000000423641834 0.000000306220547 0.000000234790361 0.000000620923720 0.000000252226157 0.000000427610134 0.000000697202491 0.000000238954291 -0.000000466838504 0.000000306289007 0.000000126039237 0.000000997836161 0.000000148586789 -0.000000222044399 0.000000337960900 0.000000258109781 0.000000382087465 0.000001261587171 -0.000000158609725 0.000000199848718 0.000000156683639 0.000000220200555 0.000000251866859 0.000000065494232 0.000000407356736 0.000000188317243 0.000000147136900 0.000000192429876 0.000000809664644 0.000000104438797 0.000000208856386 0.000000190435098 0.000000260220119 0.000000193537471 0.000000293074590 0.000000336575837 0.000000215815610 0.000000072647360 0.000001178904484 0.000000369120332 0.000000245938763 0.000000195207917 0.000000209711901 0.000000173597269 0.000000604521632 0.000000647359215 0.000000254918733 0.000000197609461 0.000000475303950 0.000000198525687 0.000000228859104 0.000000202115500 0.000000204277982 0.000000082043831 0.000000269734435 0.000000350442883 0.000000154994160 0.000000231827545 0.000000149402599 0.000000175891849 0.000000145950843 0.000000243361429 0.000000070457204 0.000000045539172 0.000000289616531 0.000000331285444 0.000000268588267 0.000000308450235 0.000000103816259 0.000000216499527 0.000000210358569 0.000000232334899 0.000000248824211 0.000000246040510 0.000000358092168 0.000000365355697 0.000001317792495 0.000000231390317 0.000001455201482 0.000000319212702 0.000000342666042 0.000000251525384 0.000000270661620 0.000000115185083 0.000000310120271 0.000000263232098 0.000000301641744 0.000000285669670 0.000000812385924 0.000000232822597 0.000000310268442 0.000000244588968 0.000000260837209 0.000000261487886 
0.000000299091370 0.000000153647151 0.000000187507115 0.000000180772559 0.000000085483765 0.000000271310073 0.000000379226123 0.000000254607316 0.000000238888613 0.000000229492289 0.000000474691128 0.000000357515894 0.000000324368062 0.000000420743037 0.000000339618358 0.000000231906621 -0.000000295052245 0.000000158252639 -0.000000799274529 0.000000212515637 0.000000297513662 0.000000620135335 0.000000245984816 0.000000289496016 0.000000251089378 0.000000379387368 0.000000369609108 0.000000332315018 0.000000316030199 0.000000415566914 0.000000361525504 0.000000323376488 0.000000308235398 0.000000155126683 0.000000152989585 0.000000513784684 0.000000531564527 0.000000266885329 0.000000156120808 0.000000205662193 0.000000525058062 0.000000447954681 0.000000434159435 0.000001082311367 0.000000390976655 0.000000498507508 0.000000335680676 0.000000265673680 0.000000125920667 0.000000420544200 0.000000729229328 0.000000337509685 0.000000757536921 0.000000257632423 0.000000037944587 0.000000445197246 0.000000393326362 0.000000415996509 0.000000439203720 0.000000111386353 0.000000192918326 0.000000148015425 0.000000187567722 0.000000182056265 0.000000142997293 0.000000280238061 0.000000221365060 0.000000118428488 0.000000138191379 0.000000177103631 0.000000247440016 0.000000239681993 0.000000218070791 0.000000253713789 0.000000251591727 0.000000227687783 0.000000179966954 0.000000203059988 0.000000150615470 0.000000227158134 0.000000284718415 0.000000231971786 0.000000218025217 0.000000230623766 0.000000121139290 0.000000409323629 0.000000332291240 0.000000330245746 0.000000364445123 0.000000375334090 0.000000144975986 0.000000154411117 0.000000140158759 0.000000128403569 0.000000079686101 0.000000163945984 0.000000185775009 0.000000265979702 0.000000127896870 0.000000129223399 0.000000138930509 0.000000099670660 0.000000181753473 0.000000063998692 0.000000061971093 0.000000245799672 0.000000232490883 0.000000178023981 0.000000180200524 0.000000093536955 0.000000292115094 0.000000290182776 0.000000275002161 0.000000255427206 0.000000209967354 0.000000307786109 0.000000319007235 0.000000423834269 0.000000232166979 0.000000315207611 0.000000256949178 0.000000228427443 0.000000181392752 0.000000173968528 0.000000115691125 0.000000303916741 0.000000364241722 0.000000276581208 0.000000232036211 0.000000232822597 0.000000368507699 0.000000317401700 0.000000316832942 0.000000293100021 0.000000292023801 
0.000000323399652 0.000000326318695 0.000000201756579 0.000000198856745 0.000000103345077 0.000000306318254 0.000000513280988 0.000000276643593 0.000000226265944 0.000000307532926 0.000000493217160 0.000000377010919 0.000000373166075 0.000000483779011 0.000000304625505 0.000000252407551 -0.000000567575747 0.000000197919917 -0.000000134901089 0.000000285019470 0.000000431096950 0.000000670093739 0.000000253898089 0.000000289909940 0.000000210969409 0.000000412825626 0.000000348256670 0.000000391098162 0.000000370704008 0.000000677655493 0.000000335671255 0.000000393759139 0.000000270388668 0.000000136848851 0.000000139065430 0.000000806257793 0.000000688907333 0.000000239310232 0.000000154086472 0.000000211756007 0.000000710817175 0.000000474602707 0.000000366675059 0.000000756175410 0.000000445736286 0.000000419645601 0.000000346451393 0.000000147497816 0.000000190583994 0.000000274419101 0.000002310333722 0.000000289373572 0.000002459901940 0.000000279550943 -0.000000101561216 0.000000404777302 0.000000340301517 0.000000823933611 0.000000600122158 0.000000053836658 0.000000174184282 0.000000150111184 0.000000211504918 0.000000153582025 0.000000099734474 0.000000282356959 0.000000196114190 0.000000130283674 0.000000152980447 0.000000294556634 0.000000214549160 0.000000225825146 0.000000192447164 0.000000245368430 0.000000232297994 0.000000239056248 0.000000206368636 0.000000176344793 0.000000152511239 0.000000402349455 0.000000259377022 0.000000264142964 0.000000213271661 0.000000262114427 0.000000142104942 0.000000416726024 0.000000370038858 0.000000320589733 0.000000313694546 0.000000281205477 0.000000162159769 0.000000170565021 0.000000148411618 0.000000133982047 0.000000065773492 0.000000186958965 0.000000205560081 0.000000185646912 0.000000140319338 0.000000122548735 0.000000140327955 0.000000103617575 0.000000364588802 0.000000079561457 0.000000045842298 0.000000257869857 0.000000259953787 0.000000194294358 0.000000194317463 0.000000089117610 0.000000280259256 0.000000282734587 0.000000283757775 0.000000267694136 0.000000229440900 0.000000336079803 0.000000304339325 0.000001028497383 0.000000201275418 0.000000563114586 0.000000264635374 0.000000244036217 0.000000189762152 0.000000176089332 0.000000111802609 0.000000342276514 0.000000303803258 0.000000270490237 0.000000240435189 0.000000310268442 0.000000317401700 0.000000387757710 0.000000302676287 0.000000300384856 0.000000279516145 
0.000000328116801 0.000000351691508 0.000000208094069 0.000000204665091 0.000000088187455 0.000000287255846 0.000000327797196 0.000000265610384 0.000000203281706 0.000000201601972 0.000000352065373 0.000000336400603 0.000000311442909 0.000000387827199 0.000000298162562 0.000000217999879 -0.000000160436474 0.000000121036346 -0.000000913212841 0.000000159460556 0.000000245043685 0.000000619907721 0.000000276996562 0.000000280850138 0.000000239487685 0.000000343633846 0.000000341067785 0.000000338115514 0.000000315063383 0.000000356714795 0.000000289847852 0.000000301925276 0.000000302484869 0.000000128598665 0.000000124941424 0.000000449612409 0.000000372480389 0.000000233858107 0.000000170934423 0.000000212606442 0.000000447864632 0.000000354560820 0.000000432461454 0.000000392303996 0.000000382726955 0.000000393896542 0.000000297240413 0.000000173793649 0.000000156485392 0.000000183392469 0.000000789297695 0.000000390566791 0.000000437016571 0.000000330177357 0.000000041485988 0.000000452491178 0.000000339526759 0.000000307133035 0.000000337182427 -0.000000115486458 0.000000178594366 0.000000151533852 0.000000186626753 0.000000151380613 0.000000147753848 0.000000260353801 0.000000211928228 0.000000131766625 0.000000158515234 0.000000189236797 0.000000247007535 0.000000243535302 0.000000201912721 0.000000267000810 0.000000246412585 0.000000234038394 0.000000174583457 0.000000192177893 0.000000181937879 0.000000190826941 0.000000291606055 0.000000254821101 0.000000222769106 0.000000264208652 0.000000146012104 0.000000350935446 0.000000309366657 0.000000332045827 0.000000301433106 0.000000283534394 0.000000159083478 0.000000169003353 0.000000152138262 0.000000138048032 0.000000078360449 0.000000187874904 0.000000201991904 0.000000239452257 0.000000134734405 0.000000127031334 0.000000152962871 0.000000106023638 0.000000151826235 0.000000064701591 0.000000057464311 0.000000252776857 0.000000250966932 0.000000191335263 0.000000187260836 0.000000099801498 0.000000293959905 0.000000302842405 0.000000295576159 0.000000272246246 0.000000233340513 0.000000299406892 0.000000328468899 0.000000430108453 0.000000220475481 0.000000325048036 0.000000266823759 0.000000247798355 0.000000189015328 0.000000183709012 0.000000119974209 0.000000307438087 0.000000263609980 0.000000272271782 0.000000244293794 0.000000244588968 0.000000316832942 0.000000302676287 0.000000335130877 0.000000300818628 0.000000284601635 
0.000000315122484 0.000000395673978 0.000000199554097 0.000000195153687 0.000000088987630 0.000000273215946 0.000000349356385 0.000000250749756 0.000000183966769 0.000000256301426 0.000000342870699 0.000000330783291 0.000000319737492 0.000000346113039 0.000000285637632 0.000000175991674 -0.000000122165306 0.000000136798975 -0.000000738384560 0.000000185044692 0.000000256058865 0.000000505855825 0.000000271682294 0.000000248097054 0.000000253860067 0.000000346315332 0.000000334614352 0.000000300623479 0.000000311009191 0.000000437289641 0.000000302826520 0.000000313328072 0.000000282406522 0.000000115199611 0.000000138231383 0.000000465686569 0.000000402271466 0.000000255781139 0.000000200269231 0.000000197912208 0.000000447551621 0.000000398689877 0.000000368299398 0.000000353053194 0.000000444050255 0.000000351667308 0.000000301987969 0.000000102326295 0.000000187253533 0.000000102816944 0.000000680709583 0.000000314535577 0.000001084841506 0.000000233489619 -0.000000107660938 0.000000398913337 0.000000307576988 0.000000456557637 0.000000669179641 -0.000000035021319 0.000000173365081 0.000000154744563 0.000000199460975 0.000000144195447 0.000000110689978 0.000000261447336 0.000000166099499 0.000000131967473 0.000000162282388 0.000000263377652 0.000000203477336 0.000000229458213 0.000000215992700 0.000000247511048 0.000000231670840 0.000000236149442 0.000000191251010 0.000000222950076 0.000000122078855 0.000000312507291 0.000000262863475 0.000000256241746 0.000000214533285 0.000000264662076 0.000000153413903 0.000000357008786 0.000000321404987 0.000000303431355 0.000000289659793 0.000000342463071 0.000000162329598 0.000000173717330 0.000000155064875 0.000000141389751 0.000000078089059 0.000000188243028 0.000000191203827 0.000000184881180 0.000000131643406 0.000000122562086 0.000000138480225 0.000000106804315 0.000000230085423 0.000000062124268 0.000000057730351 0.000000249904391 0.000000257910308 0.000000196469547 0.000000206901610 0.000000102334083 0.000000274754872 0.000000274777995 0.000000277260313 0.000000262513674 0.000000227937666 0.000000317463311 0.000000287525019 0.000000403888443 0.000000213627559 0.000000344083862 0.000000258454884 0.000000242385223 0.000000191026001 0.000000179095704 0.000000129032573 0.000000314078014 0.000000252221634 0.000000252883804 0.000000233401679 0.000000260837209 0.000000293100021 0.000000300384856 0.000000300818628 0.000000296998517 0.000000273937827 
0.000000310858733 0.000000385468116 0.000000218152762 0.000000222435985 0.000000118781710 0.000000248907372 0.000000309026985 0.000000253923681 0.000000177766592 0.000000231973655 0.000000349104093 0.000000281757676 0.000000266804739 0.000000316747191 0.000000219388573 0.000000170214775 0.000000049296027 0.000000135435143 -0.000000940014468 0.000000165792960 0.000000274141314 0.000000512302495 0.000000254000283 0.000000231466003 0.000000224665535 0.000000275390273 0.000000283366057 0.000000294600842 0.000000283058918 0.000000317437245 0.000000279756768 0.000000271637323 0.000000240357521 0.000000121214799 0.000000153084355 0.000000422343395 0.000000305938610 0.000000217749198 0.000000156432624 0.000000212350516 0.000000366305283 0.000000326100912 0.000000335213680 0.000000596393859 0.000000389510214 0.000000328950170 0.000000265855144 0.000000206204508 0.000000184052994 0.000000035517913 0.000000587391671 0.000000221873197 0.000000496588166 0.000000277366896 -0.000000033465608 0.000000346849386 0.000000306553717 0.000000289631995 0.000000623013335 0.000000002222933 0.000000180771863 0.000000155230111 0.000000190718833 0.000000166978744 0.000000120492855 0.000000271321830 0.000000183946410 0.000000135499572 0.000000166796213 0.000000226028769 0.000000194181884 0.000000219641379 0.000000208078008 0.000000235457262 0.000000236597952 0.000000231582047 0.000000194349554 0.000000198995257 0.000000164375079 0.000000243986593 0.000000260602248 0.000000237242714 0.000000214645352 0.000000248548340 0.000000137110915 0.000000305540353 0.000000298489035 0.000000291079630 0.000000249463926 0.000000212752080 0.000000171229341 0.000000182256613 0.000000169507011 0.000000158242717 0.000000098505569 0.000000198856430 0.000000195264213 0.000000179432083 0.000000154641737 0.000000143419416 0.000000163414611 0.000000125838888 0.000000178937648 0.000000078601211 0.000000076758455 0.000000246341340 0.000000256048752 0.000000207760713 0.000000215044881 0.000000122697096 0.000000260843956 0.000000255422385 0.000000262189590 0.000000253207042 0.000000232634274 0.000000312458811 0.000000274199547 0.000000367853217 0.000000222391824 0.000000347465295 0.000000254635587 0.000000246040204 0.000000198281142 0.000000196249852 0.000000142467813 0.000000288653747 0.000000298231430 0.000000249119041 0.000000231182761 0.000000261487886 0.000000292023801 0.000000279516145 0.000000284601635 0.000000273937827 0.000000283046807 
