1.000408 0.998825 0.997849 0.995755 0.995151 1.001252 1.000809 0.999001 0.996461 0.994467 1.000056 0.998598 0.999314 0.997787 0.991703 1.000306 0.998135 0.990933 0.996044 0.988305 0.998877 1.000438 0.997795 0.994316 0.992846 0.998761 0.997147 0.996267 0.992737 0.989981 0.997903 0.994137 0.991005 0.987232 0.991229 0.995884 0.995082 0.992743 0.992528 0.992019 0.993844 0.992051 0.992162 0.988720 0.986104 0.997232 0.994744 0.985706 0.991059 1.009835 0.999016 0.990661 0.993278 1.001088 0.972269 0.992971 0.993291 0.992108 0.994445 1.009835 0.995360 0.993486 0.990340 0.990939 0.996420 0.993584 0.993036 0.990245 0.994416 0.991086 0.993601 0.992607 0.993264 0.992265 0.985068 0.998740 0.996799 0.990022 0.994710 0.982609 0.996423 0.996147 0.997333 0.992405 0.988262 0.997349 0.995241 0.995216 0.994213 0.990343 0.997749 0.995074 0.993948 0.992702 0.989286 0.997830 0.998781 0.994167 0.991961 0.991000 0.995983 0.993549 0.995584 0.992079 0.990794 1.000192 1.000120 0.999242 0.998751 0.997702 0.997192 0.996280 0.993964 0.992925 0.989183 0.998931 0.993318 0.992879 0.995214 0.991946 1.001265 0.999912 0.998946 0.996572 0.996128 1.000950 1.000032 0.998953 0.998414 0.997137 0.998352 0.996481 0.995851 0.994477 0.989700 
0.984284 0.970284 0.954635 0.953711 0.941436 0.979858 0.970055 0.970861 0.958986 0.945733 0.973379 0.968568 0.961272 0.956067 0.942098 0.971774 0.961808 0.945327 0.944850 0.942625 0.965074 0.965574 0.958092 0.946498 0.935740 0.968944 0.960553 0.953493 0.945229 0.937249 0.957130 0.946513 0.933582 0.940588 0.923011 0.948253 0.947349 0.937239 0.939160 0.923518 0.948466 0.937749 0.940935 0.934838 0.924612 0.962321 0.946040 0.937924 0.922902 0.934964 0.943623 0.926182 0.932574 0.945879 0.910831 0.944291 0.943986 0.933644 0.934372 0.934964 0.953084 0.947652 0.933914 0.940231 0.948748 0.947867 0.943415 0.941101 0.940722 0.943266 0.948852 0.940119 0.941210 0.937150 0.925616 0.960688 0.952704 0.934674 0.937981 0.922815 0.953262 0.945939 0.943875 0.949608 0.930169 0.956292 0.947927 0.948569 0.945810 0.932048 0.962002 0.952022 0.946843 0.941612 0.933758 0.955553 0.952261 0.949649 0.946365 0.938832 0.967563 0.951296 0.955177 0.944935 0.937131 0.974976 0.967988 0.962976 0.958759 0.954370 0.955517 0.950588 0.945834 0.943128 0.932899 0.954672 0.950925 0.947002 0.948126 0.936048 0.981268 0.972543 0.965614 0.956383 0.955015 0.976626 0.968204 0.965314 0.963135 0.953575 0.963993 0.955839 0.952155 0.946915 0.935121 
0.999104 0.997419 0.996261 0.993908 0.993098 0.999723 0.999408 0.997313 0.994927 0.992452 0.998653 0.997032 0.997712 0.996230 0.989544 0.998968 0.996371 0.988945 0.993927 0.986072 0.997144 0.999044 0.995960 0.992335 0.990476 0.997153 0.995469 0.994490 0.990679 0.987661 0.996278 0.992139 0.988411 0.984882 0.988510 0.994053 0.993244 0.990546 0.990375 0.989351 0.991790 0.989715 0.989970 0.986476 0.983214 0.995835 0.992816 0.983183 0.988329 1.008333 0.997344 0.988036 0.990998 0.999626 0.968311 0.990792 0.991003 0.989768 0.992217 1.008333 0.993531 0.991575 0.987773 0.988267 0.994421 0.991064 0.990683 0.988115 0.992415 0.988992 0.991625 0.990397 0.991010 0.990040 0.982143 0.997147 0.995137 0.987636 0.992629 0.979487 0.994421 0.994256 0.995397 0.990570 0.985642 0.995574 0.993339 0.993446 0.992272 0.987676 0.996098 0.993198 0.991942 0.990494 0.986740 0.996375 0.996733 0.992355 0.990008 0.988611 0.994461 0.991644 0.993698 0.990248 0.988346 0.999046 0.998907 0.997817 0.997372 0.996050 0.995659 0.994322 0.991900 0.990759 0.986609 0.997030 0.991456 0.990913 0.993308 0.989569 0.999862 0.998567 0.997593 0.994943 0.994372 0.999474 0.998706 0.997467 0.996994 0.995562 0.996849 0.994814 0.993971 0.992467 0.987216 
0.995735 0.993368 0.989651 0.992388 0.989342 0.993669 0.990716 0.993674 0.992778 0.991612 0.992774 0.993269 0.990006 0.990168 0.994110 0.991822 0.991877 0.996010 0.989444 0.998810 0.992021 0.989701 0.991189 0.992001 0.990805 0.993279 0.992634 0.991555 0.993742 0.994960 0.990471 0.992251 0.992743 0.999666 0.989098 0.990370 0.991120 0.991229 0.992092 0.988181 0.993370 0.992461 0.993201 0.995610 0.996477 0.992806 0.991232 1.000966 0.989296 0.967488 0.984589 0.990775 0.989091 0.982403 1.011119 0.993249 0.992930 0.991032 0.988109 0.967488 0.992652 0.993405 0.993683 0.995127 0.990038 0.994046 0.993083 0.995672 0.989982 0.995251 0.993726 0.992376 0.991961 0.991852 0.998193 0.990507 0.990441 0.994133 0.988786 1.000688 0.991583 0.989335 0.987166 0.995335 0.995200 0.991064 0.991195 0.991268 0.991859 0.993181 0.992306 0.992715 0.992622 0.992750 0.994974 0.989852 0.988234 0.993039 0.994996 0.994258 0.996278 0.994497 0.993150 0.994204 0.994031 0.992766 0.990698 0.990410 0.989568 0.989853 0.990722 0.990801 0.992331 0.992903 0.994856 0.988633 0.994643 0.994041 0.991319 0.992081 0.993822 0.992599 0.991586 0.991959 0.992209 0.992843 0.991014 0.991675 0.991557 0.990198 0.991990 0.991917 0.991777 0.991972 0.994815 
0.987554 0.980979 0.972660 0.974192 0.967015 0.985086 0.978875 0.981563 0.976454 0.970464 0.981500 0.980425 0.975254 0.973649 0.970761 0.980319 0.976574 0.973975 0.968198 0.974999 0.978015 0.976880 0.974757 0.971119 0.965712 0.980700 0.976882 0.973531 0.971995 0.969753 0.974180 0.971163 0.966187 0.974805 0.959216 0.970638 0.970910 0.966852 0.968326 0.958717 0.972843 0.967838 0.969808 0.968757 0.965620 0.978310 0.970400 0.974687 0.959323 0.947464 0.964395 0.961858 0.963246 0.963663 0.971191 0.971062 0.970563 0.965187 0.963218 0.947464 0.973937 0.972821 0.967118 0.970366 0.970297 0.972449 0.970324 0.971945 0.967351 0.972503 0.973382 0.968793 0.968803 0.967297 0.967368 0.975382 0.972247 0.968033 0.965269 0.968128 0.973151 0.968850 0.966263 0.975232 0.966963 0.974014 0.971070 0.971586 0.970810 0.965882 0.977157 0.973690 0.971618 0.969612 0.968161 0.973442 0.969966 0.973335 0.973601 0.969633 0.982807 0.974986 0.975288 0.972073 0.968749 0.982395 0.978633 0.976370 0.973947 0.972655 0.973671 0.971610 0.970959 0.970375 0.967710 0.971335 0.975060 0.972992 0.971258 0.966868 0.985508 0.981200 0.978361 0.974937 0.974624 0.983306 0.978451 0.978168 0.977477 0.972620 0.977679 0.974587 0.973075 0.971192 0.968622 
0.979040 0.952859 0.925614 0.919325 0.899732 0.969312 0.956067 0.951236 0.930670 0.904611 0.960236 0.948583 0.938394 0.927642 0.894244 0.958361 0.936758 0.896724 0.906304 0.886800 0.942892 0.947313 0.929856 0.905525 0.885925 0.948204 0.933265 0.920190 0.900191 0.882260 0.929246 0.905705 0.878402 0.881334 0.863224 0.911713 0.908694 0.888291 0.890749 0.865727 0.907204 0.887254 0.892460 0.879185 0.854460 0.935916 0.905877 0.873901 0.862684 0.922228 0.911823 0.866847 0.882372 0.919852 0.803098 0.899045 0.898972 0.881404 0.887617 0.922228 0.918700 0.905603 0.877557 0.887674 0.913162 0.904661 0.897462 0.888782 0.897288 0.893864 0.907426 0.892140 0.894995 0.887105 0.853707 0.936639 0.921457 0.878427 0.893735 0.844045 0.919621 0.908736 0.908115 0.906443 0.867676 0.926959 0.909681 0.910926 0.904396 0.874609 0.936887 0.916011 0.905535 0.894638 0.875250 0.927292 0.922996 0.910163 0.900486 0.886502 0.940602 0.911046 0.920930 0.900910 0.883463 0.963979 0.951439 0.941513 0.935565 0.924766 0.926702 0.915561 0.903839 0.897474 0.873726 0.927147 0.910129 0.903247 0.909909 0.884485 0.973578 0.958963 0.944949 0.926079 0.922392 0.964141 0.952436 0.944098 0.939722 0.923140 0.941927 0.925228 0.917216 0.906376 0.878189 
1.005703 1.011367 1.016661 1.020127 1.023995 1.006734 1.008941 1.012013 1.017159 1.023901 1.009065 1.012412 1.013368 1.016355 1.028359 1.008934 1.015154 1.028514 1.022355 1.032909 1.013371 1.010567 1.016628 1.023809 1.028882 1.012497 1.016383 1.019392 1.026297 1.032154 1.016128 1.023958 1.032258 1.034982 1.034554 1.021046 1.022330 1.028331 1.028066 1.033314 1.024162 1.029421 1.028259 1.033678 1.041191 1.015368 1.023244 1.037852 1.034821 1.005327 1.017824 1.034434 1.028974 1.014332 1.064337 1.026459 1.026328 1.030254 1.026795 1.005327 1.020535 1.024474 1.032998 1.031176 1.020580 1.025705 1.027009 1.030710 1.025013 1.028867 1.024253 1.027940 1.026899 1.029017 1.042321 1.014193 1.018419 1.032854 1.025396 1.046539 1.019719 1.021385 1.020380 1.025199 1.036589 1.017291 1.022182 1.021702 1.024028 1.033631 1.015188 1.021312 1.024225 1.027450 1.034304 1.016007 1.016961 1.023005 1.026801 1.030654 1.016200 1.023640 1.020156 1.026455 1.031422 1.007838 1.009886 1.012616 1.013886 1.017024 1.017011 1.020394 1.024575 1.026699 1.034693 1.015998 1.023896 1.025585 1.022145 1.029985 1.005837 1.009228 1.012286 1.017927 1.019080 1.007733 1.010104 1.012643 1.013675 1.017689 1.013574 1.018215 1.020405 1.023605 1.033346 
1.010174 1.015965 1.022898 1.022707 1.028912 1.010670 1.016439 1.014724 1.020880 1.026445 1.014877 1.016322 1.019931 1.022131 1.027925 1.015704 1.019474 1.025560 1.027361 1.026131 1.017877 1.017989 1.021020 1.026013 1.031149 1.015670 1.019904 1.022973 1.026161 1.029463 1.021592 1.026203 1.031675 1.026850 1.037271 1.025604 1.025823 1.030348 1.029281 1.037259 1.024815 1.029848 1.028230 1.031656 1.034804 1.018677 1.026393 1.027752 1.037274 1.036979 1.029021 1.035438 1.032943 1.028504 1.037569 1.026726 1.026938 1.032017 1.032384 1.036979 1.023396 1.025127 1.031294 1.028153 1.025497 1.025002 1.027182 1.027538 1.029068 1.026684 1.024540 1.028793 1.028413 1.030242 1.033953 1.020192 1.024029 1.030815 1.030589 1.034627 1.023098 1.026890 1.028341 1.023804 1.032600 1.022049 1.025553 1.025236 1.026344 1.032261 1.019410 1.023651 1.025869 1.028094 1.031071 1.022419 1.024368 1.024329 1.025337 1.028939 1.015537 1.023262 1.021852 1.027018 1.029759 1.014336 1.017019 1.019209 1.021766 1.022972 1.022706 1.024470 1.026342 1.027394 1.031489 1.023180 1.023379 1.025281 1.025432 1.030704 1.010793 1.015302 1.017769 1.021884 1.022228 1.012298 1.017387 1.017854 1.018718 1.023464 1.018824 1.022239 1.023563 1.025836 1.030471 
0.998990 0.986754 0.976403 0.968545 0.962540 0.994920 0.992783 0.984692 0.974759 0.961509 0.992195 0.984170 0.983321 0.976668 0.951986 0.992510 0.979688 0.949506 0.966250 0.939402 0.982852 0.988651 0.976634 0.961352 0.952531 0.983474 0.976346 0.970325 0.955427 0.943347 0.977183 0.961337 0.945229 0.934960 0.942694 0.967470 0.964462 0.952937 0.952857 0.945614 0.960130 0.950472 0.952046 0.941761 0.925463 0.976800 0.962769 0.928714 0.942066 1.011498 0.976987 0.941846 0.953191 0.985006 0.872583 0.955780 0.956395 0.949470 0.957831 1.011498 0.968229 0.958898 0.943116 0.946730 0.969124 0.958213 0.955391 0.945654 0.959973 0.949282 0.959541 0.953269 0.955683 0.951242 0.922200 0.981592 0.973256 0.942598 0.960031 0.912682 0.970260 0.967561 0.970909 0.956082 0.934900 0.975303 0.964995 0.965415 0.960870 0.942391 0.979022 0.966405 0.960519 0.954152 0.939602 0.976840 0.977924 0.962053 0.953341 0.947092 0.973899 0.960260 0.968227 0.955641 0.945790 0.994257 0.989508 0.984384 0.982799 0.975653 0.975661 0.969149 0.960049 0.955506 0.938956 0.979464 0.959407 0.956561 0.964920 0.949560 0.997852 0.991695 0.984333 0.973188 0.970579 0.993227 0.990271 0.983822 0.981252 0.974275 0.982558 0.972927 0.968407 0.961931 0.941464 
0.996012 0.997528 0.998752 0.999477 0.999460 0.997640 0.996913 0.998264 0.998688 0.999853 0.996801 0.998153 0.998068 0.998830 1.000455 0.996865 0.998163 1.001498 0.999034 1.002520 0.998106 0.997840 0.998571 0.999962 1.000167 0.998463 0.998671 0.999299 1.000639 1.001570 0.998746 0.999750 1.000777 1.002894 1.000427 0.999400 0.999744 1.000386 1.000562 1.000110 1.000153 1.000585 1.000709 1.000667 1.002689 0.999352 0.999804 1.003439 1.000495 0.992966 0.997960 1.000801 0.999946 0.997156 1.008030 1.000380 1.000217 1.000505 0.999539 0.992966 0.999132 1.000474 1.001112 1.000767 0.999011 0.999785 1.000150 1.001606 0.999815 1.001358 1.000336 1.000458 1.000172 1.000588 1.003181 0.998159 0.998635 1.001438 0.999574 1.004114 0.999065 0.999176 0.998562 1.001064 1.002003 0.998601 0.999613 0.999776 1.000030 1.000991 0.998395 0.999487 0.999931 1.000383 1.001615 0.999017 0.997903 1.000203 1.001119 1.001056 0.999803 1.000427 0.999558 1.000087 1.001076 0.996849 0.997778 0.998087 0.997740 0.998797 0.998596 0.999109 0.999914 1.000381 1.001620 0.997927 1.000609 1.000659 0.999662 1.000589 0.996936 0.996992 0.998278 0.998986 0.999335 0.997698 0.997066 0.998241 0.998669 0.998823 0.997990 0.998853 0.999363 0.999860 1.001520 
0.997867 0.994935 0.992316 0.991013 0.988894 0.997870 0.996064 0.995359 0.992035 0.989140 0.996062 0.994714 0.994088 0.992488 0.986983 0.995973 0.993504 0.987107 0.989890 0.985246 0.994368 0.995357 0.992813 0.989169 0.986796 0.994922 0.992718 0.991277 0.988095 0.985408 0.992707 0.989013 0.985469 0.984354 0.984055 0.990291 0.989712 0.986946 0.987101 0.984568 0.989193 0.986645 0.987162 0.984079 0.981430 0.993068 0.989338 0.983116 0.983944 0.996146 0.991370 0.984198 0.986581 0.992858 0.971733 0.988107 0.988219 0.986075 0.987479 0.996146 0.990592 0.988872 0.985144 0.986425 0.990674 0.989010 0.988035 0.986120 0.988382 0.986887 0.989108 0.987297 0.987814 0.986666 0.980993 0.993665 0.991349 0.985063 0.988150 0.979220 0.991331 0.990107 0.990471 0.988534 0.983432 0.992251 0.989890 0.989957 0.989009 0.984881 0.993265 0.990385 0.988980 0.987552 0.984519 0.992396 0.992512 0.989539 0.987817 0.986213 0.993170 0.989442 0.991142 0.987528 0.985854 0.996406 0.995433 0.994256 0.993254 0.992187 0.991963 0.990873 0.988862 0.987943 0.984338 0.992959 0.989243 0.988431 0.989893 0.986337 0.998143 0.995920 0.994468 0.991778 0.991394 0.997288 0.995331 0.994429 0.993835 0.991709 0.993864 0.991644 0.990845 0.989323 0.984952 
0.996474 0.998845 1.000047 1.003863 1.003653 0.997343 0.995669 1.000150 1.001962 1.005353 0.996845 0.999879 0.998282 1.000296 1.009203 0.996208 1.000301 1.011453 1.002702 1.015919 0.999537 0.996674 1.000881 1.005621 1.007272 1.000288 1.001628 1.002886 1.008359 1.012438 1.000324 1.005592 1.010468 1.017661 1.008936 1.002929 1.004250 1.007479 1.008033 1.007564 1.006792 1.008884 1.008932 1.012403 1.018276 1.001939 1.004769 1.020157 1.009231 0.976611 0.996802 1.010242 1.006120 0.993298 1.041876 1.007902 1.007533 1.008302 1.004167 0.976611 1.003784 1.007255 1.011655 1.011494 1.002188 1.007596 1.007870 1.012321 1.004790 1.010982 1.007214 1.008086 1.007131 1.008329 1.020219 0.998974 1.001085 1.012140 1.004018 1.024383 1.002866 1.002265 0.999971 1.009176 1.014895 1.001024 1.004142 1.004080 1.005694 1.011526 1.000711 1.004559 1.006128 1.008023 1.013424 1.000058 0.998611 1.006128 1.009743 1.010929 1.004838 1.007490 1.004433 1.008199 1.011143 0.996314 0.996854 0.998137 0.997751 1.000371 1.000607 1.002721 1.006101 1.007815 1.013528 0.998466 1.007843 1.008267 1.004238 1.008891 0.996428 0.996995 0.998884 1.002167 1.003133 0.997361 0.996509 0.999085 0.999832 1.000830 0.999402 1.002137 1.003507 1.005443 1.012833 
1.006334 1.013463 1.021656 1.021073 1.027163 1.009876 1.014597 1.013566 1.018515 1.024600 1.012354 1.014421 1.018751 1.020897 1.025098 1.013432 1.017748 1.023237 1.025621 1.023476 1.016431 1.017142 1.019635 1.024202 1.029017 1.014494 1.018042 1.021447 1.024098 1.026954 1.020348 1.024015 1.029206 1.024024 1.034749 1.024065 1.024145 1.028233 1.027175 1.034855 1.022915 1.027608 1.026058 1.027168 1.031564 1.017409 1.024646 1.024712 1.034726 1.037248 1.027802 1.032844 1.030759 1.027523 1.032203 1.024678 1.024888 1.029762 1.030501 1.037248 1.021048 1.023237 1.028733 1.025608 1.024020 1.022926 1.025055 1.025014 1.027216 1.024444 1.022601 1.026646 1.026374 1.028064 1.030617 1.018772 1.021983 1.028250 1.028752 1.030901 1.021531 1.025333 1.026939 1.021841 1.029747 1.020417 1.023847 1.023626 1.024506 1.029662 1.017493 1.021515 1.023762 1.025896 1.028365 1.021325 1.023133 1.022506 1.023217 1.026547 1.014051 1.021349 1.020197 1.023610 1.027316 1.011578 1.015656 1.017890 1.019683 1.021698 1.020720 1.022902 1.024305 1.025194 1.028746 1.021971 1.021452 1.023223 1.023740 1.028455 1.008771 1.012716 1.016369 1.019962 1.020631 1.011532 1.015152 1.016463 1.017483 1.021801 1.016661 1.020174 1.021927 1.024015 1.027873 
0.996843 0.999250 1.000770 1.003012 1.003272 0.998191 0.997426 1.000131 1.001656 1.004144 0.997872 0.999956 0.999397 1.000884 1.006502 0.997677 1.000412 1.007865 1.002484 1.010640 0.999954 0.998376 1.000998 1.004317 1.005563 1.000318 1.001395 1.002447 1.005991 1.008660 1.000833 1.004253 1.007473 1.011732 1.006869 1.002691 1.003506 1.005692 1.005991 1.006036 1.004921 1.006471 1.006447 1.008501 1.012420 1.001715 1.003834 1.013305 1.007048 0.987251 0.999117 1.007563 1.004932 0.996921 1.026859 1.005703 1.005455 1.006261 1.003787 0.987251 1.002912 1.005254 1.008186 1.007772 1.002174 1.005220 1.005616 1.008449 1.003995 1.007677 1.005178 1.005936 1.005324 1.006206 1.013583 0.999829 1.001358 1.008522 1.003598 1.016135 1.002360 1.002326 1.000999 1.006463 1.010281 1.001188 1.003372 1.003405 1.004389 1.008130 1.000708 1.003365 1.004561 1.005842 1.009288 1.000889 0.999810 1.004547 1.006843 1.007654 1.003196 1.005283 1.003277 1.005600 1.007821 0.997476 0.998385 0.999323 0.999164 1.000962 1.001013 1.002368 1.004569 1.005617 1.009366 0.999656 1.005541 1.005878 1.003439 1.006536 0.997155 0.997948 0.999683 1.001887 1.002576 0.998264 0.997900 0.999776 1.000381 1.001247 0.999840 1.001843 1.002838 1.004166 1.008909 
1.006845 1.007417 1.009334 1.006677 1.009366 1.006349 1.009755 1.005970 1.007191 1.007175 1.008382 1.006896 1.009407 1.008847 1.005145 1.009080 1.007862 1.002558 1.009410 0.999781 1.007741 1.009654 1.008037 1.006813 1.007820 1.006294 1.007069 1.007430 1.004998 1.003539 1.008637 1.006934 1.005848 0.998889 1.009180 1.008495 1.007654 1.007308 1.006494 1.010116 1.005543 1.006162 1.005450 1.004450 1.001743 1.006302 1.007544 0.997576 1.008979 1.031226 1.014031 1.007503 1.009266 1.016166 0.986716 1.005559 1.005972 1.007435 1.010443 1.031226 1.007032 1.005373 1.004860 1.003706 1.009017 1.005139 1.005784 1.002754 1.008608 1.003403 1.005113 1.006255 1.006808 1.006685 1.000081 1.008987 1.009105 1.004287 1.009776 0.997502 1.007573 1.009472 1.011664 1.003450 1.003151 1.008364 1.007629 1.007534 1.006877 1.005357 1.007571 1.006626 1.006412 1.006032 1.003550 1.009183 1.011052 1.005727 1.003687 1.004398 1.003010 1.004378 1.005938 1.005620 1.004590 1.008505 1.009159 1.009153 1.010452 1.009174 1.008884 1.008214 1.006627 1.005921 1.003649 1.010599 1.004191 1.004671 1.007537 1.006520 1.007144 1.008481 1.008039 1.007499 1.006984 1.007008 1.009642 1.007980 1.007788 1.009025 1.008196 1.007676 1.007274 1.006867 1.003704 
1.006737 1.007504 1.009544 1.006420 1.009200 1.006644 1.010210 1.006012 1.007020 1.006805 1.008633 1.006856 1.009746 1.009023 1.004246 1.009395 1.007945 1.001553 1.009336 0.998226 1.007845 1.010176 1.008090 1.006397 1.007232 1.006367 1.006960 1.007307 1.004290 1.002403 1.008785 1.006455 1.004894 0.997134 1.008474 1.008379 1.007417 1.006737 1.005847 1.009565 1.004967 1.005398 1.004683 1.003082 0.999976 1.006288 1.007240 0.995519 1.008239 1.034183 1.014712 1.006662 1.008909 1.017295 0.982276 1.004870 1.005303 1.006779 1.010237 1.034183 1.006685 1.004832 1.003788 1.002581 1.008917 1.004367 1.005078 1.001688 1.008349 1.002402 1.004521 1.005594 1.006213 1.006014 0.998067 1.009222 1.009104 1.003207 1.009604 0.995022 1.007397 1.009448 1.011889 1.002638 1.001754 1.008360 1.007395 1.007309 1.006480 1.004294 1.007563 1.006218 1.005904 1.005345 1.002282 1.009371 1.011313 1.005289 1.002841 1.003391 1.002614 1.003747 1.005611 1.004966 1.003563 1.008722 1.009617 1.009475 1.010767 1.009333 1.008937 1.008104 1.006128 1.005208 1.002374 1.010907 1.003535 1.003997 1.007282 1.005753 1.007307 1.008664 1.008280 1.007408 1.006781 1.007399 1.010071 1.008178 1.007960 1.009115 1.008244 1.007570 1.007060 1.006468 1.002506 
0.990102 0.979935 0.970666 0.964005 0.957351 0.988018 0.984556 0.978365 0.969500 0.957275 0.984075 0.977991 0.976508 0.971166 0.948942 0.984468 0.972965 0.948545 0.960302 0.940171 0.976234 0.981639 0.970395 0.957376 0.948221 0.977633 0.970792 0.965449 0.952720 0.941942 0.971506 0.957102 0.941822 0.936293 0.938124 0.962591 0.960226 0.949291 0.949677 0.940480 0.956544 0.947090 0.949168 0.939351 0.925288 0.972764 0.958517 0.930884 0.937616 0.993648 0.969212 0.938212 0.948396 0.975883 0.881543 0.952359 0.952646 0.945796 0.952374 0.993648 0.963328 0.956074 0.940417 0.943399 0.963309 0.953329 0.951281 0.944606 0.955495 0.947894 0.956418 0.949834 0.951717 0.947971 0.923022 0.974977 0.967456 0.940767 0.954901 0.915074 0.964739 0.962085 0.964098 0.954585 0.933817 0.969249 0.960457 0.961364 0.957045 0.939282 0.973014 0.961909 0.956575 0.950669 0.937956 0.971910 0.969981 0.958823 0.951742 0.944651 0.970713 0.957432 0.963839 0.952570 0.943272 0.986573 0.982920 0.977908 0.975867 0.969976 0.970040 0.963619 0.955925 0.952075 0.937263 0.971726 0.957021 0.954039 0.960522 0.946098 0.989877 0.983950 0.978416 0.968200 0.965924 0.986194 0.982470 0.977721 0.975900 0.968818 0.976111 0.967634 0.963543 0.957736 0.939718 
1.005569 1.007955 1.010890 1.010108 1.013148 1.005281 1.008592 1.006717 1.009737 1.011684 1.007709 1.007722 1.009705 1.010481 1.011818 1.008193 1.009134 1.010348 1.012563 1.009789 1.008468 1.009030 1.009729 1.011406 1.013536 1.007246 1.009183 1.010415 1.011065 1.011961 1.010185 1.011545 1.013214 1.009823 1.016221 1.011672 1.011601 1.013215 1.012606 1.016448 1.010603 1.012668 1.011922 1.013355 1.013493 1.008624 1.011759 1.009788 1.016172 1.021563 1.014474 1.015171 1.014741 1.014905 1.010777 1.011313 1.011483 1.013861 1.014704 1.021563 1.010573 1.010791 1.012869 1.011258 1.011604 1.010286 1.011464 1.011174 1.013088 1.010873 1.010468 1.012336 1.012262 1.013015 1.012729 1.009733 1.011361 1.012672 1.013923 1.012343 1.010383 1.012404 1.013442 1.009821 1.013023 1.010241 1.011471 1.011354 1.011600 1.013322 1.009120 1.010493 1.011290 1.012003 1.012505 1.010699 1.011591 1.010603 1.010496 1.011885 1.006510 1.009797 1.009579 1.011901 1.012237 1.007640 1.008712 1.009445 1.010929 1.010862 1.010854 1.011098 1.011477 1.011685 1.012690 1.011088 1.009848 1.010713 1.011401 1.013067 1.005600 1.007909 1.008670 1.010165 1.009996 1.006040 1.009051 1.008637 1.008944 1.011120 1.009139 1.010321 1.010561 1.011344 1.012318 
0.992507 0.987487 0.980575 0.983915 0.978257 0.989391 0.984129 0.988158 0.985077 0.981766 0.987220 0.987161 0.982026 0.981436 0.984324 0.985731 0.984538 0.987243 0.978921 0.990369 0.985117 0.982271 0.983104 0.982362 0.979299 0.987334 0.985193 0.982840 0.984361 0.984744 0.981982 0.982636 0.981466 0.991155 0.975306 0.980539 0.981356 0.980030 0.981388 0.974220 0.984391 0.981686 0.983068 0.985019 0.984860 0.985648 0.981315 0.992405 0.975540 0.949720 0.972581 0.977889 0.976690 0.970171 1.001379 0.983638 0.983164 0.979267 0.975669 0.949720 0.984070 0.984307 0.982697 0.985525 0.980224 0.985279 0.983351 0.986228 0.978958 0.985961 0.984887 0.981921 0.981546 0.980802 0.987158 0.982559 0.981220 0.983341 0.977053 0.989910 0.982859 0.978911 0.975875 0.986970 0.984037 0.982617 0.981557 0.981702 0.982078 0.981807 0.985008 0.984057 0.983180 0.982601 0.984276 0.980862 0.978507 0.984127 0.986084 0.984112 0.990885 0.986228 0.985114 0.984884 0.983582 0.987371 0.983798 0.982731 0.980952 0.980781 0.981963 0.981494 0.982686 0.983016 0.984006 0.979387 0.986324 0.985002 0.981720 0.980950 0.989802 0.986848 0.984601 0.983697 0.983852 0.987975 0.984249 0.984673 0.984198 0.981062 0.984838 0.983581 0.982923 0.982401 0.984275 
0.998571 0.997819 0.997041 0.995605 0.995347 0.997885 0.998559 0.996627 0.996685 0.994958 0.998263 0.997194 0.997478 0.997031 0.993732 0.998521 0.996584 0.993458 0.995524 0.991868 0.996954 0.998186 0.996314 0.994913 0.993794 0.996868 0.996484 0.995955 0.994140 0.992604 0.996916 0.994938 0.992539 0.991207 0.992778 0.995887 0.995551 0.994097 0.994034 0.993223 0.994483 0.993441 0.993703 0.992916 0.990072 0.996982 0.995244 0.990251 0.992682 1.003276 0.997792 0.992614 0.994300 0.999074 0.982079 0.993945 0.993988 0.993628 0.994889 1.003276 0.995756 0.994710 0.992297 0.992021 0.995702 0.993227 0.993579 0.992981 0.995144 0.993384 0.994550 0.993879 0.994075 0.993829 0.989510 0.997265 0.996727 0.992561 0.995197 0.988084 0.995581 0.995944 0.996443 0.994316 0.991429 0.996409 0.995460 0.995730 0.994988 0.992134 0.996831 0.995411 0.994767 0.993909 0.991919 0.997427 0.996517 0.995110 0.994002 0.992836 0.995827 0.994549 0.995371 0.994824 0.992677 0.998907 0.998612 0.997817 0.998129 0.996892 0.997124 0.995667 0.994629 0.994045 0.991845 0.996747 0.994618 0.994342 0.995477 0.993376 0.998310 0.998381 0.997765 0.996554 0.995942 0.997796 0.998562 0.997526 0.997439 0.996929 0.997455 0.996444 0.995614 0.994904 0.992177 
1.002481 1.007505 1.013017 1.012815 1.016379 1.005820 1.008215 1.008319 1.010866 1.014980 1.006678 1.008356 1.011130 1.012582 1.015184 1.007377 1.010570 1.014525 1.015430 1.014803 1.009722 1.010214 1.011891 1.014754 1.017643 1.008786 1.010735 1.013037 1.014805 1.016702 1.012235 1.014456 1.017930 1.015201 1.021121 1.014527 1.014664 1.017216 1.016605 1.021118 1.014036 1.016913 1.016003 1.016052 1.019707 1.010581 1.014978 1.015687 1.021122 1.021051 1.016529 1.020096 1.018719 1.016283 1.021193 1.015140 1.015142 1.018156 1.018362 1.021051 1.012471 1.014223 1.017722 1.015924 1.014430 1.014112 1.015389 1.015659 1.016509 1.015125 1.013892 1.016330 1.016056 1.017151 1.019205 1.011166 1.012957 1.017478 1.017365 1.019575 1.013015 1.015263 1.016078 1.013501 1.018469 1.012201 1.014490 1.014328 1.014956 1.018264 1.010277 1.012907 1.014421 1.015828 1.017558 1.012672 1.013735 1.013828 1.014354 1.016370 1.008837 1.013203 1.012354 1.013890 1.016834 1.006043 1.009062 1.010561 1.011291 1.013011 1.012169 1.013853 1.014785 1.015352 1.017789 1.013140 1.013242 1.014322 1.014386 1.017391 1.004612 1.006819 1.009698 1.011881 1.012463 1.006889 1.008407 1.009735 1.010461 1.012989 1.009567 1.011964 1.013300 1.014644 1.017257 
0.999454 0.995903 0.992921 0.991054 0.989359 0.997637 0.997109 0.995036 0.992808 0.989239 0.997216 0.995200 0.994641 0.993027 0.987072 0.997171 0.993843 0.986586 0.990227 0.984196 0.994565 0.995953 0.992920 0.989236 0.986865 0.994826 0.993069 0.991461 0.987874 0.984898 0.993139 0.989283 0.985090 0.983115 0.984237 0.990702 0.990011 0.987071 0.987121 0.984917 0.988979 0.986468 0.986958 0.984780 0.980389 0.993289 0.989564 0.981602 0.984091 1.000264 0.992755 0.984160 0.986964 0.994658 0.967906 0.987860 0.987972 0.986156 0.988076 1.000264 0.991083 0.988836 0.984643 0.985510 0.990997 0.988292 0.987659 0.985563 0.988792 0.986458 0.988895 0.987196 0.987749 0.986683 0.979684 0.994229 0.992245 0.984636 0.988706 0.977426 0.991350 0.990635 0.991308 0.988227 0.982728 0.992661 0.990108 0.990287 0.989132 0.984391 0.993827 0.990674 0.989080 0.987441 0.983887 0.993149 0.992992 0.989536 0.987493 0.985727 0.992670 0.989130 0.990989 0.988488 0.985373 0.997973 0.996414 0.994992 0.994674 0.992734 0.992911 0.991080 0.988909 0.987879 0.983712 0.993430 0.988971 0.988202 0.990109 0.986215 0.998867 0.997227 0.995085 0.992330 0.991591 0.997287 0.996734 0.994904 0.994292 0.992485 0.994763 0.992268 0.990975 0.989357 0.984353 
1.004120 0.999496 0.997040 0.990792 0.990474 1.002285 1.004451 0.997307 0.994042 0.988053 1.002610 0.997962 1.000012 0.996733 0.981561 1.003570 0.996675 0.978644 0.992156 0.971209 0.998037 1.002869 0.995639 0.987623 0.984232 0.997166 0.994580 0.992394 0.983307 0.976378 0.996663 0.987555 0.978958 0.968285 0.980902 0.992015 0.989977 0.984221 0.983449 0.983110 0.985804 0.981864 0.982067 0.976031 0.966262 0.994657 0.989010 0.964056 0.980426 1.032939 1.001759 0.979140 0.986227 1.007664 0.927875 0.983760 0.984290 0.982666 0.989192 1.032939 0.990762 0.985300 0.977185 0.977523 0.992890 0.983884 0.983594 0.977075 0.988774 0.979041 0.985314 0.983365 0.984801 0.982856 0.963172 0.998851 0.995141 0.976727 0.989776 0.956388 0.992161 0.992937 0.996346 0.982340 0.971993 0.995251 0.990132 0.990329 0.987579 0.977205 0.996210 0.989711 0.986796 0.983481 0.974443 0.997132 0.998581 0.987223 0.981320 0.978675 0.990133 0.985011 0.989942 0.983756 0.978221 1.004047 1.002815 1.000383 1.000785 0.996470 0.996153 0.992335 0.986731 0.984077 0.974231 0.999082 0.984540 0.983687 0.989986 0.981725 1.004319 1.002686 0.999427 0.993765 0.991971 1.002114 1.003182 0.999002 0.997847 0.995752 0.998491 0.993677 0.991224 0.987913 0.975485 
1.010255 1.013601 1.018608 1.016860 1.021705 1.011003 1.015620 1.012774 1.015863 1.019039 1.013749 1.013742 1.017320 1.017890 1.018176 1.014617 1.016126 1.015354 1.021155 1.013790 1.015309 1.016507 1.017142 1.018540 1.021889 1.013276 1.015616 1.017478 1.017379 1.018052 1.017560 1.018599 1.020955 1.013577 1.025930 1.019397 1.018923 1.021018 1.019908 1.026543 1.017174 1.020115 1.018749 1.019061 1.019700 1.014384 1.019180 1.013172 1.025797 1.040379 1.024795 1.023859 1.023720 1.025966 1.011205 1.018151 1.018597 1.021988 1.024163 1.040379 1.017177 1.017012 1.020064 1.018010 1.019863 1.017456 1.018716 1.016549 1.021207 1.016478 1.016688 1.019611 1.019837 1.020547 1.018134 1.017117 1.018810 1.019274 1.022783 1.016784 1.017824 1.020744 1.022979 1.014981 1.019461 1.017638 1.018866 1.018489 1.018708 1.020948 1.015665 1.017172 1.018153 1.019103 1.018981 1.018036 1.020896 1.016895 1.015969 1.018498 1.010836 1.015546 1.016020 1.017501 1.019056 1.013328 1.015343 1.016596 1.018397 1.018563 1.017930 1.018850 1.018602 1.018686 1.019266 1.019968 1.015396 1.016701 1.018721 1.020769 1.011291 1.013968 1.015097 1.016740 1.016725 1.012146 1.015731 1.015218 1.015444 1.018520 1.015657 1.017023 1.017692 1.018542 1.018777 
0.994412 0.996131 0.995577 1.001729 0.999901 0.994209 0.990867 0.997988 0.999693 1.003187 0.993446 0.997168 0.993585 0.996140 1.009321 0.992155 0.997230 1.012969 0.998815 1.019880 0.996197 0.991464 0.997545 1.003710 1.005211 0.997794 0.999158 1.000118 1.007943 1.013677 0.996326 1.003820 1.010241 1.022485 1.006491 0.999494 1.001525 1.005633 1.006727 1.004320 1.005862 1.008055 1.008443 1.014201 1.021814 0.999406 1.002247 1.026228 1.006959 0.955337 0.989039 1.008964 1.002983 0.983644 1.058618 1.007221 1.006483 1.006587 0.999942 0.955337 1.001803 1.006320 1.012181 1.012881 0.998464 1.007476 1.007215 1.013956 1.001653 1.011935 1.006547 1.007014 1.005563 1.006998 1.025050 0.994799 0.997330 1.012938 1.000103 1.031508 1.000107 0.998193 0.994257 1.009675 1.016916 0.997623 1.001467 1.001339 1.003724 1.011804 0.997776 1.002719 1.004688 1.007115 1.014975 0.995422 0.993187 1.004855 1.010238 1.011484 1.004973 1.007318 1.002854 1.007944 1.011649 0.992609 0.992115 0.993634 0.992764 0.996033 0.996827 0.999550 1.004534 1.006832 1.015056 0.993296 1.007737 1.007991 1.001583 1.007852 0.993108 0.993358 0.995155 0.999374 1.000708 0.993917 0.991988 0.995413 0.996224 0.996833 0.995991 0.999382 1.001002 1.003500 1.014149 
1.001616 0.997587 0.995080 0.989774 0.989148 1.000130 1.001686 0.995613 0.992759 0.987196 1.000327 0.996168 0.997741 0.994878 0.981764 1.001108 0.994868 0.979256 0.990460 0.973099 0.996143 1.000267 0.993827 0.986946 0.983746 0.995531 0.993181 0.991086 0.983249 0.977179 0.994833 0.986945 0.979172 0.970590 0.980420 0.990743 0.988943 0.983758 0.983219 0.982290 0.985453 0.981787 0.982086 0.976941 0.968179 0.993319 0.988089 0.967033 0.980018 1.024491 0.998520 0.978986 0.985065 1.003355 0.935512 0.983619 0.984039 0.982312 0.987883 1.024491 0.989810 0.985072 0.977674 0.978026 0.991546 0.983735 0.983350 0.977666 0.987661 0.979718 0.985005 0.983088 0.984397 0.982625 0.965717 0.996730 0.993478 0.977307 0.988421 0.959914 0.990874 0.991372 0.994195 0.982743 0.973217 0.993635 0.989018 0.989345 0.986846 0.977608 0.994580 0.988786 0.986244 0.983266 0.975421 0.995457 0.996291 0.986628 0.981658 0.979144 0.989585 0.984839 0.989050 0.983790 0.978697 1.001496 1.000406 0.998179 0.998429 0.994610 0.994421 0.990960 0.986150 0.983760 0.975198 0.996701 0.984460 0.983541 0.988947 0.981658 1.001657 1.000288 0.997427 0.992358 0.990921 0.999994 1.000674 0.997030 0.996049 0.993994 0.996513 0.992298 0.990104 0.987149 0.976341 
1.002471 1.010333 1.016868 1.023473 1.027105 1.004912 1.005438 1.012512 1.018712 1.028440 1.006376 1.012378 1.012157 1.016769 1.035859 1.005755 1.015580 1.038035 1.024760 1.046044 1.013200 1.008094 1.017629 1.028553 1.034954 1.013025 1.017820 1.021950 1.033273 1.042445 1.016582 1.028575 1.040979 1.049538 1.041971 1.023568 1.025939 1.034560 1.034742 1.039607 1.029889 1.036827 1.035698 1.043440 1.056266 1.017131 1.027282 1.054431 1.042480 0.986274 1.015353 1.042940 1.034132 1.009038 1.098726 1.033084 1.032636 1.037156 1.030293 0.986274 1.023617 1.030518 1.042690 1.040847 1.022520 1.032203 1.033661 1.040965 1.029052 1.037952 1.030325 1.034703 1.032869 1.035938 1.058967 1.013525 1.019294 1.042916 1.028795 1.066596 1.022282 1.023377 1.020486 1.032805 1.048893 1.018272 1.025733 1.025153 1.028830 1.043226 1.015823 1.025108 1.029337 1.034141 1.045408 1.016114 1.016047 1.028180 1.034886 1.039739 1.020442 1.029954 1.024008 1.032857 1.040682 1.004605 1.007370 1.011218 1.011946 1.017487 1.017483 1.022816 1.029693 1.033207 1.045882 1.015001 1.030466 1.032506 1.025755 1.037378 1.002970 1.006619 1.011501 1.019755 1.021780 1.005899 1.007134 1.012046 1.013697 1.018433 1.013061 1.019990 1.023452 1.028223 1.043977 
0.998655 0.998498 0.998087 0.997841 0.997652 0.998222 0.998430 0.997906 0.998282 0.997662 0.998522 0.998227 0.998111 0.998120 0.997629 0.998566 0.997922 0.997642 0.997563 0.997461 0.998023 0.998265 0.997793 0.997707 0.997326 0.998055 0.998079 0.997879 0.997639 0.997354 0.998067 0.997775 0.997069 0.997347 0.996942 0.997882 0.997848 0.997485 0.997544 0.996996 0.997638 0.997340 0.997489 0.997727 0.996749 0.998301 0.997759 0.997204 0.996931 0.998209 0.997957 0.997006 0.997321 0.998092 0.995652 0.997503 0.997470 0.997335 0.997482 0.998209 0.998001 0.997804 0.997084 0.996921 0.997737 0.997121 0.997291 0.997450 0.997670 0.997618 0.997699 0.997450 0.997462 0.997462 0.996750 0.998104 0.998138 0.997259 0.997597 0.996540 0.997699 0.997797 0.997771 0.997892 0.997037 0.997946 0.997769 0.997941 0.997731 0.996978 0.998144 0.997843 0.997715 0.997484 0.997130 0.998366 0.997673 0.997837 0.997749 0.997295 0.998084 0.997745 0.997779 0.998095 0.997233 0.998755 0.998582 0.998312 0.998484 0.998058 0.998283 0.997717 0.997634 0.997504 0.997098 0.997743 0.997824 0.997697 0.997804 0.997319 0.998327 0.998554 0.998375 0.998143 0.997973 0.998197 0.998573 0.998268 0.998304 0.998164 0.998308 0.998111 0.997806 0.997665 0.997186 
0.996536 0.999674 1.001611 1.004781 1.005191 0.997936 0.997032 1.000727 1.002958 1.006406 0.997788 1.000564 0.999717 1.001761 1.009790 0.997412 1.001269 1.011614 1.004126 1.015485 1.000504 0.998223 1.001984 1.006625 1.008441 1.000991 1.002549 1.003990 1.008979 1.012764 1.001693 1.006575 1.011160 1.017027 1.010369 1.004319 1.005475 1.008605 1.009001 1.009199 1.007474 1.009709 1.009644 1.012778 1.018140 1.002883 1.005948 1.019233 1.010621 0.982792 0.999381 1.011334 1.007619 0.996330 1.038471 1.008593 1.008248 1.009432 1.005944 0.982792 1.004719 1.007967 1.012157 1.011602 1.003602 1.007969 1.008516 1.012489 1.006210 1.011323 1.007835 1.008949 1.008075 1.009323 1.019743 1.000333 1.002525 1.012605 1.005670 1.023342 1.003887 1.003840 1.001990 1.009567 1.015094 1.002248 1.005308 1.005308 1.006733 1.012100 1.001654 1.005355 1.007004 1.008815 1.013686 1.001688 1.000321 1.006939 1.010147 1.011363 1.004982 1.007970 1.005159 1.008795 1.011610 0.997226 0.998291 0.999586 0.999461 1.001877 1.002021 1.003925 1.007015 1.008503 1.013805 1.000110 1.008314 1.008826 1.005387 1.009799 0.996761 0.997888 1.000093 1.003250 1.004148 0.998134 0.997830 1.000224 1.001033 1.002319 1.000434 1.003227 1.004550 1.006427 1.013140 
0.993098 1.000228 1.003616 1.014538 1.014349 0.995778 0.991526 1.004202 1.009122 1.018938 0.994862 1.002790 0.998735 1.004231 1.030025 0.993079 1.004740 1.035610 1.011778 1.048282 1.002429 0.994016 1.006406 1.019645 1.024945 1.004239 1.008261 1.011767 1.027209 1.038956 1.004396 1.019689 1.034171 1.053284 1.030211 1.011958 1.015594 1.025148 1.026563 1.026354 1.022957 1.029295 1.029121 1.039378 1.056102 1.008284 1.017200 1.060445 1.031041 0.939331 0.994914 1.033603 1.021644 0.984944 1.122818 1.026298 1.025278 1.027692 1.016143 0.939331 1.014472 1.023769 1.037361 1.037223 1.010294 1.026259 1.026614 1.038300 1.017400 1.034495 1.023939 1.026862 1.024251 1.027523 1.061465 1.000812 1.006789 1.038294 1.015448 1.073258 1.012061 1.010283 1.004097 1.029020 1.046299 1.006786 1.015415 1.014970 1.019761 1.037222 1.005449 1.016360 1.021142 1.026686 1.042135 1.003163 1.000570 1.020695 1.030770 1.034958 1.016659 1.024628 1.016171 1.026297 1.035665 0.992569 0.994170 0.998168 0.997222 1.004545 1.005184 1.011622 1.021194 1.025756 1.042479 1.000008 1.025408 1.026778 1.015609 1.029381 0.992524 0.994744 1.000067 1.009507 1.012411 0.995843 0.993565 1.000764 1.002650 1.005814 1.001640 1.009594 1.013664 1.019210 1.040386 
0.992315 0.983628 0.974407 0.972243 0.965587 0.989416 0.984762 0.983140 0.976031 0.967200 0.986195 0.982164 0.978823 0.975096 0.963610 0.985528 0.978219 0.964364 0.967795 0.961028 0.980340 0.981842 0.975836 0.967534 0.960874 0.982142 0.976984 0.972524 0.965670 0.959507 0.975662 0.967597 0.958261 0.959158 0.953083 0.969690 0.968605 0.961625 0.962471 0.953952 0.968104 0.961279 0.963040 0.958313 0.949965 0.977873 0.967653 0.956647 0.952896 0.973558 0.969665 0.954255 0.959528 0.972333 0.932219 0.965318 0.965342 0.959271 0.961477 0.973558 0.972002 0.967575 0.957934 0.961376 0.970269 0.967294 0.964772 0.961594 0.964693 0.963510 0.968131 0.962920 0.963968 0.961218 0.949731 0.978160 0.972949 0.958174 0.963509 0.946387 0.972396 0.968661 0.968510 0.967816 0.954511 0.974880 0.968932 0.969388 0.967116 0.956939 0.978241 0.971046 0.967509 0.963789 0.957130 0.975088 0.973661 0.969035 0.965738 0.961005 0.979408 0.969349 0.972773 0.965949 0.959967 0.987305 0.983231 0.979841 0.977749 0.974144 0.974727 0.971006 0.966945 0.964715 0.956603 0.974998 0.969037 0.966658 0.969037 0.960358 0.990622 0.985677 0.980974 0.974507 0.973326 0.987703 0.983565 0.980714 0.979218 0.973525 0.979876 0.974229 0.971538 0.967815 0.958137 
1.002896 1.003373 1.004085 1.003764 1.004775 1.002635 1.003726 1.003012 1.003696 1.004196 1.003534 1.003214 1.003922 1.003929 1.004149 1.003608 1.003811 1.003309 1.004671 1.003036 1.003559 1.003689 1.003869 1.004103 1.004870 1.003088 1.003611 1.003870 1.003822 1.003964 1.003889 1.004202 1.004698 1.003004 1.005721 1.004280 1.004142 1.004607 1.004370 1.005852 1.003838 1.004467 1.004142 1.004509 1.004359 1.003124 1.004220 1.002954 1.005693 1.008796 1.005343 1.005237 1.005150 1.005526 1.002589 1.004060 1.004170 1.004829 1.005319 1.008796 1.003960 1.003766 1.004477 1.004135 1.004489 1.004104 1.004238 1.003550 1.004620 1.003623 1.003682 1.004327 1.004422 1.004510 1.004044 1.003886 1.004261 1.004219 1.004979 1.003760 1.004029 1.004569 1.005084 1.003279 1.004292 1.004027 1.004149 1.004044 1.004103 1.004693 1.003661 1.003865 1.004066 1.004252 1.004224 1.003939 1.004777 1.003679 1.003472 1.004124 1.002442 1.003439 1.003591 1.004186 1.004248 1.003301 1.003512 1.003755 1.004221 1.004089 1.004046 1.004237 1.004167 1.004118 1.004285 1.004535 1.003370 1.003635 1.004119 1.004616 1.002796 1.003466 1.003422 1.003768 1.003762 1.002957 1.003851 1.003466 1.003435 1.004105 1.003647 1.003896 1.003960 1.004111 1.004167 
0.992441 0.985459 0.977708 0.977421 0.971005 0.991345 0.985552 0.986722 0.979565 0.973285 0.987108 0.984901 0.981319 0.978438 0.971115 0.986200 0.981731 0.972943 0.973010 0.971595 0.983433 0.983502 0.979928 0.973629 0.968220 0.985520 0.980788 0.977278 0.972975 0.968888 0.979088 0.973479 0.967287 0.970589 0.961746 0.974432 0.973952 0.968838 0.969795 0.961987 0.974761 0.969255 0.970802 0.966711 0.962636 0.981592 0.973338 0.969261 0.961694 0.967429 0.971971 0.963359 0.966538 0.973110 0.955955 0.972627 0.972545 0.967051 0.967361 0.967429 0.976742 0.974141 0.967422 0.971044 0.974889 0.975028 0.972407 0.970864 0.970564 0.971865 0.974891 0.970426 0.971036 0.968798 0.963136 0.980933 0.976435 0.967614 0.969182 0.961776 0.977389 0.973294 0.972258 0.975013 0.965377 0.978691 0.974369 0.974505 0.973226 0.966541 0.981500 0.976368 0.973748 0.971182 0.967236 0.977889 0.976966 0.975169 0.973424 0.969857 0.984609 0.976141 0.978287 0.972079 0.969004 0.987548 0.984327 0.981930 0.979292 0.977605 0.977797 0.975917 0.973314 0.971941 0.966807 0.978175 0.975850 0.973868 0.974442 0.968359 0.991603 0.986548 0.983262 0.978462 0.977956 0.989620 0.984333 0.983254 0.982043 0.976952 0.982298 0.978172 0.976621 0.973913 0.967928 
1.005704 1.007838 1.010656 1.010135 1.012639 1.006748 1.008784 1.008004 1.009233 1.011386 1.007847 1.008048 1.009955 1.010286 1.011134 1.008214 1.009615 1.009791 1.012399 1.009338 1.009088 1.009385 1.010225 1.011124 1.013133 1.008106 1.009268 1.010373 1.010689 1.011391 1.010170 1.011099 1.013000 1.009388 1.015466 1.011308 1.011139 1.012567 1.011996 1.015675 1.010554 1.012305 1.011511 1.011584 1.012890 1.008459 1.011360 1.009399 1.015421 1.020399 1.013653 1.014438 1.013964 1.013981 1.010438 1.011186 1.011397 1.013192 1.014001 1.020399 1.010154 1.010333 1.012586 1.011738 1.011655 1.011198 1.011648 1.010555 1.012413 1.010359 1.010268 1.011936 1.012007 1.012385 1.012195 1.009895 1.010748 1.012052 1.013219 1.011848 1.010695 1.012012 1.013055 1.009341 1.012423 1.010354 1.011173 1.010845 1.011180 1.013105 1.009166 1.010225 1.010944 1.011660 1.012071 1.010130 1.012098 1.010216 1.009947 1.011618 1.007037 1.009691 1.009796 1.010345 1.011948 1.007259 1.008546 1.009436 1.010149 1.010662 1.010173 1.011179 1.011237 1.011343 1.012239 1.011586 1.009549 1.010297 1.011071 1.012643 1.006476 1.007790 1.008672 1.009753 1.009944 1.007358 1.008737 1.008820 1.008921 1.010570 1.008930 1.009930 1.010564 1.011153 1.011905 
0.984396 0.964578 0.944045 0.939187 0.924237 0.977978 0.967386 0.964033 0.947476 0.927872 0.970381 0.961531 0.954037 0.945568 0.919554 0.968938 0.952753 0.921342 0.929435 0.913631 0.957510 0.960880 0.947546 0.928539 0.913659 0.961560 0.949806 0.939863 0.924294 0.910426 0.946875 0.928575 0.907868 0.909410 0.896322 0.933345 0.930924 0.915285 0.917109 0.898294 0.929839 0.914549 0.918424 0.907362 0.889117 0.951681 0.928806 0.903678 0.895897 0.942810 0.933637 0.898944 0.910867 0.939854 0.848949 0.923588 0.923628 0.910047 0.915009 0.942810 0.938456 0.928422 0.907105 0.915089 0.934709 0.928356 0.922558 0.915279 0.922218 0.919273 0.929893 0.918250 0.920561 0.914342 0.888448 0.952581 0.940616 0.907543 0.919600 0.880905 0.939650 0.931144 0.930860 0.928862 0.899286 0.945144 0.931761 0.932592 0.927612 0.904938 0.952581 0.936467 0.928463 0.920160 0.905165 0.945173 0.942604 0.931914 0.924319 0.913887 0.955301 0.932620 0.940447 0.924245 0.911580 0.972904 0.963680 0.956211 0.951335 0.943422 0.944554 0.936486 0.927248 0.922298 0.904004 0.945692 0.931821 0.926566 0.931924 0.912445 0.980819 0.969272 0.958734 0.944137 0.941493 0.974007 0.964363 0.958201 0.954757 0.941947 0.956293 0.943498 0.937615 0.929238 0.907426 
1.001980 1.011470 1.019101 1.026598 1.031112 1.004130 1.005589 1.013085 1.021509 1.032525 1.006746 1.013486 1.013307 1.018973 1.041484 1.006155 1.017101 1.043826 1.028060 1.053154 1.014287 1.008557 1.019460 1.032704 1.040175 1.013939 1.020045 1.024861 1.038213 1.048978 1.018632 1.032870 1.047023 1.057206 1.048435 1.026989 1.029770 1.039852 1.040073 1.045699 1.034103 1.042319 1.041058 1.051015 1.064970 1.019369 1.031290 1.062898 1.049024 0.983960 1.017560 1.049530 1.039298 1.010187 1.114135 1.037866 1.037274 1.042857 1.034937 0.983960 1.027101 1.035058 1.049044 1.046408 1.025556 1.036195 1.038301 1.047185 1.033460 1.043797 1.034672 1.039861 1.037669 1.041451 1.068124 1.014981 1.022198 1.049503 1.033172 1.076953 1.025011 1.026739 1.023382 1.037841 1.056440 1.020553 1.029391 1.028920 1.033083 1.049611 1.017691 1.028625 1.033652 1.039196 1.052320 1.018541 1.017684 1.032300 1.040216 1.045645 1.022798 1.034211 1.027079 1.038402 1.046742 1.004920 1.008080 1.012456 1.013805 1.019794 1.020139 1.025771 1.033998 1.038042 1.052870 1.016454 1.034921 1.037306 1.029449 1.043011 1.001996 1.007080 1.012766 1.022548 1.024753 1.005387 1.007842 1.013257 1.015322 1.021134 1.014630 1.022829 1.026595 1.032237 1.050648 
0.994453 0.994252 0.994102 0.992846 0.991865 0.996188 0.995152 0.994643 0.993168 0.991854 0.994537 0.994432 0.994664 0.994201 0.990090 0.994850 0.993631 0.990788 0.992116 0.989401 0.994277 0.995648 0.993603 0.991902 0.990250 0.994747 0.993495 0.993146 0.991239 0.989532 0.994139 0.991555 0.989088 0.988749 0.988557 0.992791 0.992487 0.990652 0.990758 0.988931 0.991666 0.990133 0.990597 0.987823 0.986648 0.994634 0.992139 0.987833 0.988477 0.997363 0.993904 0.988673 0.990425 0.995023 0.979584 0.990968 0.990928 0.990021 0.991031 0.997363 0.992257 0.991892 0.988951 0.989027 0.992594 0.990432 0.990529 0.990092 0.991704 0.990592 0.991776 0.990649 0.990842 0.990446 0.986313 0.994313 0.993083 0.989294 0.991533 0.985024 0.992736 0.992644 0.992852 0.991785 0.988099 0.993354 0.992403 0.992740 0.991932 0.988661 0.993761 0.992288 0.991573 0.990684 0.988671 0.994578 0.993313 0.992312 0.991282 0.989741 0.994017 0.991957 0.992765 0.990542 0.989492 0.995102 0.995673 0.994905 0.994214 0.993953 0.993580 0.992670 0.991462 0.990950 0.988543 0.993679 0.992025 0.991523 0.992439 0.989973 0.995755 0.994703 0.995014 0.993365 0.993143 0.995979 0.994781 0.994807 0.994854 0.993645 0.994087 0.993099 0.992730 0.991892 0.989002 
1.002704 1.002371 1.003645 0.999594 1.001062 1.003774 1.005894 1.001612 1.000506 0.998837 1.003969 1.001996 1.004697 1.003252 0.994697 1.004876 1.002224 0.992556 1.001627 0.988087 1.002760 1.006055 1.002195 0.998497 0.997703 1.001810 1.000932 1.000685 0.995763 0.992214 1.003070 0.998267 0.994450 0.986425 0.997123 1.001214 0.999928 0.997444 0.996697 0.998526 0.997021 0.995825 0.995530 0.991242 0.987137 1.001000 0.999470 0.984025 0.996821 1.030184 1.008147 0.995471 0.999266 1.011640 0.963433 0.996231 0.996639 0.996883 1.001184 1.030184 0.999289 0.996845 0.993198 0.992547 1.001811 0.995868 0.996210 0.991996 0.999979 0.993238 0.996592 0.996472 0.997347 0.996556 0.985007 1.003867 1.002279 0.992745 1.001029 0.980855 1.000605 1.002101 1.004683 0.994601 0.990227 1.002107 0.999924 1.000032 0.998521 0.993463 1.001803 0.998892 0.997754 0.996327 0.991389 1.003727 1.005090 0.997727 0.994284 0.993558 0.997253 0.996063 0.998828 0.995535 0.993480 1.004477 1.005420 1.004584 1.004995 1.003322 1.002547 1.001094 0.997902 0.996507 0.991350 1.005025 0.995802 0.995713 0.999830 0.995988 1.004277 1.004091 1.003539 1.000936 1.000214 1.004223 1.005224 1.003334 1.002975 1.002733 1.002786 1.000908 1.000101 0.998610 0.991917 
0.995406 0.996313 0.996993 0.996819 0.996167 0.998225 0.996700 0.997702 0.996189 0.996404 0.996219 0.996904 0.997169 0.997080 0.995515 0.996352 0.996792 0.996447 0.996293 0.996243 0.997131 0.997579 0.997035 0.996458 0.995763 0.997637 0.996704 0.996866 0.996389 0.995908 0.997100 0.996058 0.995571 0.996102 0.994991 0.996597 0.996560 0.995925 0.996046 0.995029 0.996528 0.995889 0.996116 0.993830 0.995064 0.997483 0.996456 0.995913 0.994983 0.995889 0.996392 0.995199 0.995638 0.996566 0.994076 0.996271 0.996219 0.995687 0.995745 0.995889 0.996062 0.996589 0.995610 0.995846 0.996528 0.996254 0.996134 0.996176 0.996165 0.996301 0.996589 0.996057 0.996088 0.995915 0.995116 0.996964 0.996172 0.995745 0.995987 0.994919 0.996750 0.996446 0.996306 0.996720 0.995438 0.996678 0.996553 0.996654 0.996446 0.995468 0.996665 0.996315 0.996221 0.996044 0.995598 0.997130 0.996638 0.996696 0.996511 0.995935 0.997676 0.996738 0.996909 0.995098 0.995826 0.996102 0.997207 0.997100 0.996164 0.996959 0.996341 0.996644 0.996231 0.996109 0.995538 0.996812 0.996754 0.996516 0.996569 0.995790 0.997087 0.996181 0.997219 0.996574 0.996823 0.998102 0.996320 0.997210 0.997343 0.996600 0.996428 0.996381 0.996711 0.996461 0.995725 
1.001571 1.005524 1.009913 1.009411 1.012810 1.002724 1.005882 1.004698 1.008492 1.011356 1.004806 1.005819 1.008066 1.009522 1.011934 1.005486 1.007303 1.010856 1.011589 1.011074 1.006579 1.007226 1.008236 1.011241 1.013689 1.005508 1.007825 1.009630 1.011215 1.012777 1.009100 1.011263 1.013590 1.011347 1.016638 1.011274 1.011326 1.013443 1.012943 1.016699 1.010417 1.012940 1.012233 1.013599 1.014986 1.007751 1.011531 1.011734 1.016625 1.018076 1.013168 1.015634 1.014556 1.012908 1.015174 1.011364 1.011382 1.014188 1.014632 1.018076 1.009686 1.010901 1.013387 1.011209 1.011021 1.009707 1.011245 1.011645 1.012926 1.011604 1.010315 1.012456 1.012272 1.013365 1.014570 1.008124 1.010297 1.013371 1.013706 1.014677 1.009399 1.011849 1.012658 1.010345 1.014127 1.009039 1.010991 1.011164 1.011446 1.013779 1.007561 1.009809 1.011018 1.012064 1.013357 1.010209 1.010114 1.010400 1.010941 1.012349 1.005562 1.009658 1.008800 1.011716 1.012732 1.004769 1.006860 1.007882 1.009240 1.009911 1.009712 1.010268 1.011224 1.011713 1.013539 1.009484 1.009853 1.010729 1.010992 1.013438 1.002443 1.005159 1.007085 1.009090 1.009353 1.003784 1.006542 1.006966 1.007700 1.010183 1.007260 1.009202 1.009868 1.011034 1.013105 
1.006941 1.010488 1.015456 1.013903 1.017981 1.008885 1.012409 1.010520 1.012687 1.015732 1.010542 1.010930 1.014265 1.014855 1.014713 1.011395 1.013117 1.012635 1.017438 1.011291 1.012425 1.013706 1.014158 1.015344 1.018118 1.010897 1.012650 1.014469 1.014317 1.014875 1.014543 1.015203 1.017298 1.011095 1.021469 1.016090 1.015682 1.017397 1.016468 1.021994 1.014160 1.016622 1.015487 1.014852 1.016182 1.011865 1.015889 1.010734 1.021356 1.033845 1.020651 1.019729 1.019654 1.021657 1.008857 1.014992 1.015260 1.018195 1.020053 1.033845 1.013823 1.014029 1.016546 1.014810 1.016476 1.014382 1.015449 1.013617 1.017582 1.013583 1.013748 1.016210 1.016371 1.016996 1.014860 1.014057 1.015286 1.015893 1.018903 1.013692 1.014685 1.017217 1.019102 1.012356 1.016020 1.014479 1.015609 1.015327 1.015486 1.017280 1.012609 1.013970 1.014891 1.015735 1.015612 1.014948 1.017303 1.013969 1.013142 1.015234 1.008911 1.012825 1.013197 1.013774 1.015696 1.010082 1.012445 1.013616 1.014786 1.015378 1.014528 1.015597 1.015317 1.015364 1.015845 1.016580 1.012671 1.013746 1.015462 1.017170 1.008630 1.010697 1.012329 1.013581 1.013781 1.009990 1.012348 1.012393 1.012709 1.015212 1.012442 1.013780 1.014610 1.015333 1.015466 
0.992749 0.984568 0.975643 0.974784 0.968249 0.989371 0.984605 0.984214 0.978083 0.970378 0.986440 0.983345 0.979383 0.976385 0.968253 0.985597 0.979524 0.969597 0.970170 0.967714 0.981341 0.981788 0.977368 0.970750 0.964828 0.983234 0.978793 0.974747 0.969833 0.965166 0.976949 0.970882 0.963349 0.966454 0.957867 0.971955 0.971354 0.965637 0.966612 0.958271 0.971686 0.965751 0.967462 0.964480 0.957830 0.979608 0.970596 0.964783 0.957780 0.967379 0.970090 0.959445 0.963272 0.971642 0.948175 0.969335 0.969244 0.963630 0.964415 0.967379 0.974689 0.971239 0.963422 0.966757 0.972252 0.971186 0.968838 0.967251 0.967764 0.968531 0.971870 0.967102 0.967780 0.965507 0.958180 0.979040 0.974727 0.963816 0.966367 0.956279 0.974616 0.970778 0.969885 0.972104 0.961134 0.976488 0.971667 0.972030 0.970387 0.962426 0.979710 0.973955 0.970961 0.967932 0.963195 0.976188 0.974453 0.972405 0.970326 0.966138 0.982062 0.973134 0.975494 0.970146 0.965206 0.987498 0.983277 0.980378 0.978414 0.975482 0.976304 0.973193 0.970383 0.968791 0.962728 0.975743 0.972933 0.970800 0.971779 0.964843 0.990600 0.986038 0.981737 0.976552 0.975577 0.987577 0.983656 0.981548 0.980263 0.975123 0.981034 0.976283 0.973981 0.970987 0.963972 
1.014476 1.022698 1.032948 1.030377 1.039389 1.017086 1.025544 1.021214 1.028143 1.034873 1.022154 1.022980 1.029676 1.031702 1.034161 1.023800 1.027628 1.030024 1.037802 1.028111 1.025861 1.027939 1.029796 1.034064 1.040405 1.022472 1.027324 1.031377 1.032672 1.034962 1.030912 1.034044 1.039271 1.028094 1.048207 1.035065 1.034623 1.039174 1.037304 1.049005 1.031657 1.037608 1.035270 1.036638 1.039141 1.025817 1.035122 1.027862 1.048035 1.067011 1.043702 1.044844 1.043773 1.045131 1.029045 1.033716 1.034245 1.041072 1.044024 1.067011 1.030847 1.031882 1.038038 1.033654 1.035298 1.031400 1.034399 1.032382 1.038961 1.031824 1.031048 1.036596 1.036586 1.038511 1.036731 1.029500 1.033419 1.037099 1.041585 1.035222 1.031544 1.037320 1.040735 1.028775 1.037991 1.030898 1.034321 1.033867 1.034518 1.039495 1.027067 1.030961 1.033385 1.035557 1.036636 1.032183 1.035836 1.031408 1.030676 1.035093 1.019610 1.029052 1.028855 1.033105 1.036139 1.021372 1.026025 1.028534 1.031873 1.032853 1.031801 1.033608 1.034136 1.034606 1.037172 1.034265 1.029015 1.031510 1.034078 1.038810 1.016754 1.022571 1.026021 1.029898 1.030013 1.019437 1.026208 1.026065 1.026995 1.033032 1.026702 1.030308 1.031793 1.033932 1.036157 
1.004710 1.006086 1.008572 1.006345 1.009151 1.004186 1.007839 1.004492 1.006777 1.007182 1.006556 1.005646 1.008011 1.008130 1.005908 1.007343 1.006588 1.003809 1.008737 1.001728 1.006287 1.008094 1.006945 1.006921 1.008109 1.005001 1.006302 1.007002 1.005568 1.004850 1.007788 1.007035 1.006529 1.001098 1.009743 1.008222 1.007646 1.007803 1.007103 1.010459 1.005704 1.006735 1.006117 1.006033 1.003862 1.005882 1.007566 1.000160 1.009589 1.026616 1.012853 1.008322 1.009487 1.014445 0.992549 1.005930 1.006108 1.008022 1.010356 1.026616 1.006767 1.005800 1.005791 1.004225 1.008380 1.004862 1.005927 1.004101 1.008705 1.004546 1.005430 1.006745 1.007024 1.007319 1.002529 1.007794 1.008548 1.005520 1.009711 1.000602 1.006840 1.009051 1.010812 1.004372 1.004781 1.007505 1.007474 1.007557 1.007064 1.006191 1.006566 1.006457 1.006574 1.006468 1.004875 1.008620 1.009480 1.006026 1.004638 1.005261 1.002811 1.004771 1.005601 1.006331 1.005473 1.006899 1.007795 1.007961 1.009418 1.008396 1.008301 1.007599 1.006741 1.006319 1.004983 1.009099 1.004719 1.005258 1.007393 1.007110 1.004899 1.006798 1.006982 1.007020 1.006622 1.005002 1.007986 1.006782 1.006913 1.008486 1.007095 1.007166 1.006888 1.006872 1.004947 
1.012037 1.014873 1.020643 1.015365 1.021335 1.013101 1.019743 1.012939 1.015462 1.016832 1.016342 1.014494 1.020208 1.019616 1.012540 1.017989 1.016863 1.007968 1.021206 1.002538 1.016513 1.020618 1.017769 1.016063 1.018519 1.013705 1.015387 1.016926 1.012604 1.010177 1.019086 1.015982 1.014730 1.000871 1.021887 1.019275 1.017737 1.017561 1.015857 1.023697 1.013415 1.015205 1.013690 1.010736 1.007257 1.014355 1.017553 0.998364 1.021497 1.064550 1.030558 1.018504 1.021732 1.034765 0.978413 1.013658 1.014401 1.017978 1.023793 1.064550 1.015561 1.013230 1.012824 1.010098 1.020095 1.012358 1.014068 1.008615 1.019979 1.009590 1.012637 1.015320 1.016242 1.016336 1.003898 1.019336 1.019778 1.011801 1.022378 0.998978 1.017051 1.021321 1.025668 1.009383 1.009751 1.018286 1.017629 1.017438 1.016287 1.013858 1.016201 1.015147 1.015080 1.014701 1.010271 1.020269 1.023791 1.013895 1.010047 1.011672 1.007549 1.011083 1.013847 1.012921 1.012130 1.016586 1.019157 1.019536 1.021853 1.020298 1.019216 1.018515 1.015592 1.014469 1.010509 1.022887 1.010770 1.011946 1.017413 1.015974 1.014057 1.016737 1.017221 1.016591 1.015813 1.014613 1.019417 1.017084 1.017040 1.019874 1.017167 1.016830 1.016595 1.016136 1.010538 
0.988951 0.983164 0.976606 0.975316 0.969924 0.987090 0.983280 0.982494 0.978185 0.971598 0.984384 0.982266 0.979291 0.977260 0.969455 0.984037 0.978661 0.971150 0.971105 0.969281 0.980385 0.981612 0.977088 0.971996 0.966524 0.982133 0.978521 0.975423 0.971188 0.967009 0.977516 0.971950 0.964780 0.968053 0.960314 0.973313 0.972827 0.967609 0.968507 0.960735 0.972519 0.967307 0.969011 0.965961 0.959973 0.980217 0.972015 0.966430 0.960223 0.970225 0.972074 0.961730 0.965412 0.973599 0.950214 0.970409 0.970202 0.965710 0.966588 0.970225 0.975086 0.972663 0.964920 0.966951 0.973064 0.970675 0.969447 0.968914 0.969671 0.970207 0.972862 0.968625 0.969100 0.967463 0.960252 0.978920 0.975517 0.965748 0.968398 0.958343 0.974771 0.972196 0.971385 0.973601 0.963167 0.976591 0.972841 0.973575 0.971816 0.963872 0.979283 0.974528 0.971995 0.969252 0.964889 0.977724 0.974441 0.973653 0.971909 0.967509 0.981528 0.973953 0.975720 0.971521 0.966647 0.985882 0.983128 0.980431 0.978846 0.976392 0.977071 0.973773 0.971404 0.970071 0.964450 0.975650 0.974024 0.972105 0.973004 0.966555 0.987851 0.984381 0.981614 0.977078 0.976164 0.985696 0.982684 0.981203 0.980531 0.976168 0.980527 0.976665 0.974596 0.972058 0.965642 
0.995693 0.998598 0.999176 1.006154 1.005208 0.995668 0.992763 1.000518 1.003441 1.008465 0.995380 0.999886 0.996464 0.999672 1.015652 0.994064 1.000476 1.019276 1.003752 1.027252 0.999131 0.993668 1.001137 1.008970 1.011641 1.000467 1.002742 1.004347 1.013790 1.020850 0.999827 1.009149 1.017436 1.030340 1.014192 1.004127 1.006436 1.011920 1.012966 1.011735 1.011222 1.014600 1.014724 1.021780 1.031051 1.002742 1.007372 1.034769 1.014721 0.956274 0.992849 1.016621 1.009355 0.986591 1.073211 1.013095 1.012399 1.013313 1.005886 0.956274 1.006369 1.011741 1.019539 1.019804 1.003017 1.013180 1.013199 1.020734 1.007164 1.018378 1.011913 1.013206 1.011562 1.013448 1.034576 0.997844 1.001375 1.020250 1.005705 1.042005 1.004462 1.002886 0.998726 1.015283 1.025101 1.001396 1.006343 1.006121 1.009020 1.019306 1.001087 1.007443 1.010055 1.013216 1.022648 0.998970 0.996915 1.009902 1.016201 1.018329 1.008454 1.012524 1.007281 1.013811 1.018669 0.994294 0.994206 0.996333 0.995778 0.999749 1.000558 1.004020 1.009971 1.012786 1.022815 0.996740 1.013027 1.013654 1.006481 1.014538 0.994366 0.995372 0.997772 1.003311 1.004907 0.995495 0.994133 0.998151 0.999178 1.000686 0.998970 1.003372 1.005483 1.008709 1.021599 
1.001859 1.001446 1.001764 0.999800 1.000553 1.001772 1.003102 1.000697 1.000498 0.999439 1.002258 1.001065 1.002276 1.001569 0.997621 1.002733 1.001080 0.996346 1.000796 0.994206 1.001390 1.002905 1.001026 0.999281 0.998932 1.000799 1.000568 1.000314 0.997946 0.996229 1.001481 0.999287 0.997336 0.993402 0.998668 1.000614 0.999974 0.998788 0.998425 0.999353 0.998555 0.997998 0.997844 0.996301 0.993772 1.000449 0.999756 0.992255 0.998520 1.014806 1.003968 0.997835 0.999651 1.005628 0.982222 0.998181 0.998402 0.998523 1.000640 1.014806 0.999865 0.998414 0.996716 0.996359 1.000925 0.997989 0.998160 0.996060 1.000009 0.996730 0.998331 0.998297 0.998746 0.998358 0.992746 1.001928 1.001300 0.996482 1.000535 0.990721 1.000294 1.001043 1.002322 0.997383 0.995273 1.001097 0.999962 1.000033 0.999284 0.996849 1.000953 0.999534 0.998980 0.998254 0.995848 1.001861 1.002507 0.998872 0.997220 0.996888 0.998573 0.998059 0.999403 0.997981 0.996854 1.002561 1.002729 1.002300 1.002719 1.001619 1.001432 1.000509 0.999030 0.998319 0.995830 1.002436 0.997941 0.997897 0.999929 0.998092 1.002136 1.002306 1.001779 1.000558 1.000143 1.001884 1.002764 1.001679 1.001458 1.001420 1.001561 1.000568 1.000054 0.999328 0.996092 
1.011471 1.021561 1.033006 1.033072 1.041805 1.015962 1.022556 1.021897 1.029093 1.038458 1.019759 1.022950 1.028718 1.031933 1.040022 1.021002 1.028003 1.037483 1.039681 1.038638 1.025840 1.025959 1.030687 1.037850 1.045313 1.023067 1.028419 1.033394 1.038216 1.043163 1.031240 1.037667 1.046374 1.039797 1.054112 1.037038 1.037407 1.044072 1.042582 1.053995 1.036306 1.043567 1.041215 1.043876 1.051252 1.027087 1.038291 1.041278 1.054138 1.051337 1.041381 1.051573 1.047687 1.040373 1.056941 1.039097 1.039412 1.046526 1.046756 1.051337 1.033153 1.036646 1.045877 1.041674 1.037004 1.037040 1.039893 1.040380 1.042036 1.039073 1.035880 1.041979 1.041427 1.043983 1.050175 1.028919 1.033866 1.045078 1.044164 1.051446 1.033732 1.038842 1.040778 1.034810 1.047843 1.031701 1.037090 1.036523 1.038276 1.047292 1.027507 1.033913 1.037416 1.040907 1.045574 1.032157 1.035348 1.035420 1.037044 1.042437 1.023051 1.034091 1.031999 1.037668 1.043625 1.018317 1.023789 1.027311 1.029912 1.033153 1.031870 1.035607 1.038226 1.039811 1.046171 1.033624 1.034203 1.036933 1.036908 1.044772 1.014480 1.020168 1.025250 1.031139 1.032189 1.018278 1.023470 1.025530 1.026921 1.033395 1.026058 1.031519 1.034257 1.037627 1.044711 
0.993916 0.992499 0.989489 0.992750 0.989532 0.993247 0.989539 0.993743 0.992470 0.992142 0.991534 0.992796 0.989564 0.990059 0.994839 0.990514 0.991685 0.997540 0.989560 1.000885 0.991680 0.989155 0.991215 0.992559 0.991463 0.993297 0.992497 0.991820 0.994701 0.996468 0.990352 0.992583 0.993886 1.001970 0.989909 0.990518 0.991499 0.991980 0.992929 0.988790 0.994113 0.993416 0.994205 0.996153 0.998747 0.993012 0.991665 1.003568 0.990151 0.963522 0.983895 0.991868 0.989693 0.981318 1.016799 0.994119 0.993655 0.991868 0.988282 0.963522 0.992610 0.994248 0.995033 0.996558 0.990013 0.994888 0.993961 0.997349 0.990390 0.996565 0.994576 0.993268 0.992642 0.992723 1.000719 0.990114 0.990057 0.995604 0.989032 1.003821 0.991764 0.989385 0.986812 0.996438 0.997008 0.990890 0.991576 0.991608 0.992453 0.994488 0.991987 0.992968 0.993149 0.993579 0.996559 0.989544 0.987707 0.993780 0.996187 0.995523 0.997056 0.995442 0.993648 0.994616 0.995311 0.991323 0.989911 0.989864 0.988563 0.989694 0.990282 0.990983 0.992887 0.993691 0.996452 0.988213 0.995612 0.995060 0.991672 0.992993 0.992806 0.991331 0.991190 0.991890 0.992392 0.992528 0.989842 0.991284 0.991361 0.989970 0.991315 0.991784 0.992062 0.992522 0.996346 
0.996665 0.987452 0.979262 0.973754 0.968419 0.994798 0.991759 0.986610 0.978087 0.968115 0.991425 0.985758 0.984737 0.979583 0.960846 0.991506 0.982111 0.959698 0.971405 0.952449 0.984779 0.988830 0.979807 0.968050 0.960912 0.985622 0.979620 0.974950 0.963854 0.954671 0.980083 0.967900 0.955640 0.949176 0.952865 0.972464 0.970282 0.961323 0.961454 0.954938 0.967426 0.959670 0.961062 0.952482 0.941059 0.980328 0.968987 0.944598 0.952418 1.001734 0.978597 0.952569 0.961037 0.984355 0.903066 0.963980 0.964509 0.958576 0.964453 1.001734 0.973190 0.966521 0.954201 0.957318 0.973678 0.966033 0.963630 0.956613 0.966531 0.959367 0.967052 0.961830 0.963664 0.960141 0.938899 0.983340 0.976623 0.953900 0.966313 0.932029 0.974970 0.972303 0.974435 0.964689 0.948136 0.978555 0.970730 0.971063 0.967643 0.953523 0.981598 0.971939 0.967418 0.962568 0.951736 0.979729 0.980183 0.968822 0.962503 0.957451 0.978755 0.967744 0.973699 0.963483 0.956386 0.992831 0.989455 0.985471 0.983654 0.978766 0.978565 0.973893 0.967021 0.963652 0.951203 0.981408 0.967152 0.964806 0.970734 0.958878 0.996373 0.990994 0.985671 0.977067 0.975229 0.993189 0.989726 0.985386 0.983431 0.977542 0.984082 0.976747 0.973489 0.968504 0.953169 
1.007464 1.011273 1.016365 1.014312 1.019358 1.007309 1.012927 1.009181 1.013975 1.016602 1.011178 1.010985 1.014581 1.015669 1.016153 1.012222 1.013063 1.013364 1.018254 1.011840 1.012169 1.013839 1.014008 1.016221 1.019346 1.010130 1.013089 1.014987 1.015129 1.015874 1.015123 1.016417 1.018132 1.011587 1.023258 1.017214 1.016803 1.018795 1.017768 1.023874 1.014640 1.017614 1.016443 1.017875 1.017154 1.012334 1.016952 1.011162 1.023125 1.037781 1.022590 1.021264 1.021242 1.023705 1.008459 1.015621 1.015875 1.019654 1.021849 1.037781 1.015007 1.014962 1.017347 1.014532 1.017247 1.013770 1.015709 1.014379 1.019048 1.014516 1.014304 1.017190 1.017283 1.018336 1.015681 1.014479 1.016835 1.016980 1.020541 1.014277 1.014844 1.018429 1.020546 1.013212 1.017071 1.015013 1.016493 1.016520 1.016490 1.018063 1.013122 1.014804 1.015851 1.016664 1.016512 1.016386 1.017616 1.014758 1.014038 1.015960 1.008230 1.013195 1.013272 1.016331 1.016475 1.011288 1.013285 1.014284 1.016674 1.016253 1.016103 1.016098 1.016169 1.016235 1.016770 1.016763 1.013253 1.014485 1.016403 1.018310 1.007895 1.011583 1.012840 1.014613 1.014398 1.008718 1.013557 1.012677 1.013208 1.016561 1.013337 1.014872 1.015132 1.016074 1.016330 
0.992326 0.990544 0.987126 0.988861 0.985797 0.990916 0.988363 0.990356 0.989710 0.987773 0.990079 0.990173 0.987479 0.987642 0.989446 0.989385 0.988617 0.991421 0.985719 0.993323 0.988888 0.987669 0.987867 0.988208 0.986307 0.990256 0.989402 0.988285 0.989477 0.989847 0.987777 0.988351 0.987393 0.993778 0.983970 0.987212 0.987769 0.987001 0.987855 0.983320 0.989218 0.987748 0.988700 0.990205 0.989750 0.990236 0.987667 0.994522 0.984109 0.968666 0.982534 0.985547 0.984875 0.981053 0.999564 0.988813 0.988380 0.986495 0.984351 0.968666 0.989028 0.989607 0.988216 0.989205 0.986645 0.988785 0.988260 0.990726 0.986385 0.990677 0.989644 0.987936 0.987582 0.987470 0.991174 0.987820 0.987522 0.988950 0.985207 0.992799 0.987889 0.986164 0.984273 0.991369 0.989328 0.987900 0.987678 0.988081 0.988137 0.987565 0.989230 0.988940 0.988628 0.988277 0.989350 0.987759 0.985044 0.989391 0.990756 0.989151 0.992838 0.990442 0.989410 0.990322 0.988819 0.990401 0.988878 0.988145 0.987375 0.987195 0.988051 0.987302 0.988264 0.988445 0.989175 0.985614 0.990677 0.989880 0.987817 0.987358 0.990862 0.989942 0.989269 0.988913 0.988948 0.990356 0.988813 0.989099 0.989154 0.987547 0.989126 0.988782 0.988271 0.988108 0.989365 
1.005115 1.010915 1.016315 1.019857 1.023590 1.006759 1.008584 1.012061 1.016710 1.023537 1.008703 1.012109 1.013124 1.016023 1.027928 1.008557 1.014964 1.028074 1.021945 1.032592 1.013194 1.010360 1.016440 1.023494 1.028555 1.012425 1.016097 1.019096 1.025933 1.031767 1.015836 1.023592 1.031980 1.034684 1.034095 1.020713 1.021944 1.027904 1.027668 1.032844 1.023904 1.029092 1.027915 1.032885 1.040801 1.015006 1.022886 1.037615 1.034364 1.004619 1.017228 1.033953 1.028421 1.013609 1.064130 1.026205 1.026040 1.029822 1.026367 1.004619 1.020117 1.024104 1.032690 1.031063 1.020411 1.025763 1.026825 1.030207 1.024549 1.028524 1.023920 1.027576 1.026594 1.028604 1.041996 1.013926 1.017945 1.032424 1.024930 1.046237 1.019520 1.021019 1.020028 1.024868 1.036196 1.017054 1.021815 1.021323 1.023651 1.033341 1.014861 1.020923 1.023869 1.027108 1.033966 1.015629 1.016856 1.022612 1.026395 1.030353 1.016051 1.023350 1.019925 1.025713 1.031114 1.007247 1.009505 1.012317 1.013323 1.016684 1.016497 1.020152 1.024263 1.026324 1.034344 1.015867 1.023540 1.025166 1.021773 1.029656 1.005550 1.008738 1.011968 1.017469 1.018829 1.007820 1.009621 1.012356 1.013366 1.017237 1.013118 1.017787 1.020143 1.023295 1.033013 
0.991358 0.983025 0.974104 0.972870 0.965877 0.989324 0.983633 0.983557 0.975955 0.967987 0.985226 0.982109 0.978332 0.974872 0.964985 0.984401 0.978227 0.966424 0.968049 0.964070 0.980278 0.981092 0.976028 0.968382 0.961957 0.982396 0.977125 0.972917 0.967087 0.961699 0.975516 0.968320 0.960115 0.962575 0.954325 0.969915 0.969093 0.962686 0.963678 0.954887 0.969313 0.962758 0.964536 0.959786 0.953355 0.978078 0.968267 0.960600 0.954205 0.967556 0.968367 0.955832 0.960238 0.970268 0.940843 0.966711 0.966659 0.960482 0.961749 0.967556 0.972343 0.968715 0.960035 0.963782 0.970469 0.969026 0.966275 0.963812 0.965180 0.965431 0.969391 0.964234 0.965115 0.962472 0.953571 0.977777 0.972629 0.960274 0.963790 0.951148 0.972903 0.968720 0.968038 0.969393 0.957189 0.974888 0.969468 0.969821 0.967932 0.959022 0.978171 0.971692 0.968421 0.965104 0.959558 0.974631 0.973272 0.969999 0.967407 0.962980 0.980564 0.970725 0.973619 0.966655 0.961970 0.986097 0.982258 0.979210 0.976624 0.973916 0.974295 0.971373 0.967892 0.966036 0.959044 0.974611 0.970415 0.968069 0.969575 0.961796 0.990126 0.984706 0.980533 0.974560 0.973744 0.987510 0.982344 0.980388 0.978987 0.973226 0.979421 0.974253 0.972060 0.968665 0.960457 
1.003478 1.010936 1.017988 1.021337 1.026104 1.005983 1.008624 1.011661 1.017841 1.025640 1.008250 1.012347 1.014041 1.017604 1.030187 1.008444 1.015359 1.030329 1.023950 1.034988 1.013576 1.011049 1.017280 1.025584 1.031235 1.012496 1.016958 1.020630 1.028148 1.034467 1.017236 1.025646 1.034549 1.037163 1.037561 1.022834 1.024137 1.030685 1.030358 1.036306 1.025717 1.031616 1.030342 1.035630 1.044027 1.016288 1.025089 1.040227 1.037831 1.007990 1.019778 1.037206 1.031373 1.016015 1.067693 1.028260 1.028150 1.032767 1.029372 1.007990 1.021644 1.026272 1.035277 1.032667 1.022225 1.026774 1.028611 1.032612 1.027177 1.030978 1.025800 1.029995 1.028928 1.031382 1.045180 1.014816 1.019668 1.035230 1.027718 1.049492 1.020829 1.023225 1.022358 1.027039 1.039205 1.018220 1.023817 1.023540 1.025853 1.035951 1.015615 1.022515 1.025856 1.029396 1.036689 1.017743 1.018107 1.024576 1.028706 1.032754 1.016423 1.025022 1.021173 1.027995 1.033603 1.007034 1.010230 1.013266 1.014701 1.018380 1.018142 1.021728 1.026251 1.028561 1.037106 1.016913 1.025421 1.027275 1.023843 1.032336 1.004458 1.008577 1.012729 1.018929 1.020322 1.007194 1.009908 1.013051 1.014441 1.019034 1.013812 1.019160 1.021707 1.025268 1.035677 
0.986027 0.980025 0.971553 0.974664 0.966782 0.984639 0.976832 0.981738 0.976061 0.971130 0.979960 0.979902 0.973940 0.972694 0.972546 0.978396 0.976169 0.976853 0.967983 0.979483 0.977515 0.975100 0.974484 0.971867 0.966712 0.980681 0.976728 0.973587 0.973748 0.972719 0.973374 0.971813 0.968456 0.979897 0.960360 0.970351 0.971084 0.967885 0.969628 0.959344 0.974226 0.969549 0.971606 0.971043 0.970463 0.978233 0.970759 0.980642 0.960579 0.936403 0.961523 0.963633 0.963650 0.959550 0.984773 0.972686 0.972127 0.966426 0.962851 0.936403 0.974143 0.974173 0.969832 0.973588 0.969894 0.974543 0.972080 0.975054 0.967462 0.975077 0.974900 0.970270 0.970004 0.968655 0.972977 0.974249 0.971300 0.970818 0.964983 0.975271 0.973385 0.968253 0.964713 0.977304 0.970663 0.973479 0.971331 0.971686 0.971522 0.968525 0.976675 0.974178 0.972557 0.971129 0.971465 0.972154 0.968581 0.974362 0.975828 0.972215 0.984303 0.976700 0.976133 0.973230 0.971356 0.980337 0.976754 0.974879 0.971830 0.971697 0.972609 0.971572 0.971896 0.971801 0.971028 0.969968 0.976826 0.974785 0.971549 0.968487 0.984236 0.979494 0.977261 0.974673 0.974762 0.982587 0.976429 0.977260 0.976658 0.971636 0.976612 0.974273 0.973336 0.971949 0.971750 
1.001307 1.003167 1.005199 1.004688 1.006534 1.001270 1.003354 1.002122 1.004522 1.005698 1.002782 1.003038 1.004223 1.004982 1.005895 1.003158 1.003693 1.005310 1.005954 1.005083 1.003329 1.003841 1.004122 1.005578 1.006716 1.002671 1.004005 1.004874 1.005509 1.006139 1.004714 1.005640 1.006467 1.005120 1.008248 1.005732 1.005768 1.006718 1.006418 1.008347 1.005047 1.006286 1.005962 1.006993 1.006972 1.004081 1.005811 1.005133 1.008226 1.010594 1.007231 1.007729 1.007464 1.007402 1.005857 1.005464 1.005508 1.007052 1.007435 1.010594 1.004987 1.005429 1.006360 1.005040 1.005428 1.004253 1.005308 1.005732 1.006623 1.005578 1.005075 1.006128 1.005997 1.006627 1.006611 1.004246 1.005479 1.006491 1.007037 1.006461 1.004621 1.006077 1.006548 1.005029 1.006700 1.004575 1.005576 1.005692 1.005754 1.006529 1.003944 1.004962 1.005487 1.005906 1.006312 1.005393 1.005027 1.005245 1.005379 1.005875 1.002622 1.004695 1.004314 1.006249 1.006061 1.003006 1.003863 1.004211 1.005198 1.005171 1.005261 1.005124 1.005537 1.005750 1.006409 1.004765 1.004858 1.005343 1.005576 1.006530 1.001423 1.003058 1.003813 1.004823 1.004672 1.001764 1.003826 1.003693 1.004069 1.005422 1.003982 1.004844 1.004920 1.005472 1.006210 
0.999006 0.995537 0.992063 0.990700 0.988914 0.996293 0.996109 0.994024 0.992790 0.989048 0.996591 0.994492 0.993491 0.992221 0.987800 0.996530 0.992967 0.987354 0.989545 0.985622 0.993665 0.994596 0.992017 0.989119 0.986868 0.993885 0.992665 0.990953 0.988158 0.985727 0.992304 0.989370 0.985478 0.984774 0.984352 0.990240 0.989738 0.987172 0.987338 0.984837 0.989004 0.986723 0.987283 0.986662 0.981893 0.992802 0.989337 0.983611 0.984247 0.995790 0.991334 0.984494 0.986756 0.992708 0.972696 0.988016 0.988048 0.986327 0.987665 0.995790 0.991122 0.988912 0.985223 0.985948 0.990356 0.988195 0.987699 0.986374 0.988536 0.987174 0.989006 0.987361 0.987772 0.986911 0.981508 0.993307 0.991891 0.985371 0.988303 0.979821 0.990751 0.990026 0.990334 0.988770 0.983817 0.992018 0.989768 0.990036 0.989034 0.984904 0.993218 0.990499 0.989149 0.987649 0.984793 0.992455 0.991717 0.989538 0.988051 0.986280 0.992513 0.989303 0.990669 0.989157 0.985936 0.997383 0.995436 0.994064 0.994109 0.991915 0.992552 0.990437 0.988899 0.987970 0.984621 0.992147 0.989239 0.988481 0.989804 0.986472 0.997461 0.996538 0.994300 0.992014 0.991238 0.995777 0.995893 0.994079 0.993535 0.991949 0.994198 0.991973 0.990555 0.989183 0.985171 
0.994546 0.982563 0.971720 0.964974 0.957748 0.991872 0.987781 0.981611 0.970693 0.957630 0.987623 0.980387 0.978688 0.972202 0.948755 0.987702 0.975561 0.947418 0.961415 0.938567 0.978939 0.983968 0.972526 0.957672 0.948369 0.980234 0.972543 0.966414 0.952453 0.940882 0.972842 0.957526 0.941844 0.934490 0.937777 0.963134 0.960404 0.948923 0.949221 0.940315 0.957012 0.946976 0.948859 0.938282 0.923600 0.973412 0.958763 0.928828 0.937230 0.997597 0.970122 0.937588 0.948183 0.977131 0.876819 0.952622 0.953112 0.945368 0.952551 0.997597 0.964309 0.955797 0.940107 0.944275 0.964696 0.955376 0.952131 0.943363 0.955419 0.946982 0.956539 0.949714 0.951998 0.947495 0.921098 0.977044 0.968458 0.939753 0.954989 0.912611 0.966380 0.962766 0.965235 0.953830 0.932521 0.971023 0.960941 0.961446 0.957106 0.939170 0.974955 0.962663 0.956925 0.950711 0.937124 0.972362 0.972698 0.958749 0.950895 0.944343 0.971912 0.957577 0.964973 0.951880 0.942944 0.989402 0.984866 0.979792 0.977363 0.971068 0.970954 0.964942 0.956396 0.952072 0.936418 0.974349 0.956794 0.953664 0.960940 0.945928 0.993843 0.986976 0.980171 0.969105 0.966918 0.989849 0.985155 0.979741 0.977270 0.969589 0.978094 0.968741 0.964582 0.958218 0.938941 
1.009181 1.015728 1.023980 1.021722 1.028570 1.011823 1.018098 1.014706 1.019933 1.025066 1.015225 1.016172 1.021419 1.023039 1.024137 1.016638 1.019490 1.021248 1.027296 1.019544 1.018305 1.020273 1.021276 1.024461 1.029031 1.015799 1.019353 1.022559 1.023311 1.024803 1.022381 1.024325 1.027903 1.019414 1.034753 1.025409 1.025038 1.028226 1.026817 1.035430 1.022525 1.026865 1.025183 1.025541 1.027474 1.018633 1.025339 1.019075 1.034607 1.050725 1.032268 1.032198 1.031691 1.033553 1.018477 1.023989 1.024389 1.029563 1.032007 1.050725 1.021898 1.022845 1.026956 1.023407 1.025447 1.021838 1.024334 1.022919 1.028252 1.022600 1.022115 1.026191 1.026193 1.027683 1.025575 1.021191 1.024069 1.026390 1.030228 1.024188 1.022527 1.027097 1.029737 1.020485 1.026859 1.022109 1.024741 1.024528 1.024844 1.027993 1.019200 1.022084 1.023832 1.025371 1.025877 1.023618 1.025848 1.022528 1.021850 1.024859 1.013589 1.020598 1.020503 1.023391 1.025616 1.014893 1.018802 1.020603 1.023020 1.023880 1.022937 1.024140 1.024379 1.024745 1.026264 1.024698 1.020643 1.022477 1.024582 1.027775 1.011471 1.015725 1.018686 1.021432 1.021503 1.013587 1.018557 1.018658 1.019490 1.023951 1.018971 1.021645 1.022782 1.024329 1.025575 
1.000834 0.994112 0.987613 0.985709 0.982212 0.996537 0.995191 0.992611 0.988829 0.982664 0.996240 0.992569 0.990628 0.987899 0.980349 0.995781 0.990280 0.979545 0.983777 0.976722 0.991391 0.992435 0.988479 0.982733 0.978976 0.991926 0.989162 0.986040 0.981068 0.976870 0.988261 0.983086 0.976954 0.975347 0.974592 0.984452 0.983544 0.979190 0.979461 0.975374 0.982820 0.978776 0.979599 0.977742 0.970658 0.988856 0.982967 0.973451 0.974424 0.993018 0.985935 0.974849 0.978531 0.988184 0.955817 0.981114 0.981267 0.977815 0.979956 0.993018 0.986143 0.982262 0.976455 0.978564 0.985100 0.982654 0.981022 0.977969 0.981404 0.979212 0.982670 0.979787 0.980606 0.978769 0.970029 0.990241 0.987155 0.976297 0.981014 0.967308 0.986155 0.984131 0.984658 0.981803 0.973771 0.988049 0.983831 0.983933 0.982459 0.976037 0.990180 0.985243 0.982816 0.980338 0.975546 0.987727 0.987966 0.983314 0.980646 0.978147 0.989168 0.983226 0.985883 0.982258 0.977575 0.997018 0.993434 0.991241 0.990731 0.987415 0.988157 0.985401 0.982499 0.980895 0.975264 0.988673 0.982893 0.981586 0.983835 0.978283 0.998474 0.995884 0.991670 0.987569 0.986459 0.995605 0.994549 0.991523 0.990274 0.987189 0.991594 0.987590 0.985452 0.982976 0.976169 
0.985543 0.969834 0.953566 0.950051 0.937993 0.979890 0.971438 0.969029 0.956693 0.941192 0.974005 0.967537 0.961099 0.954853 0.935134 0.972837 0.960153 0.937179 0.941838 0.931560 0.963878 0.966448 0.956061 0.941796 0.929825 0.967310 0.958247 0.950493 0.938869 0.928292 0.955796 0.941822 0.925487 0.928379 0.915992 0.945328 0.943653 0.931414 0.933014 0.917376 0.942921 0.930856 0.934131 0.926063 0.911728 0.960233 0.941941 0.924065 0.915694 0.948607 0.944712 0.918418 0.927564 0.949274 0.882756 0.938003 0.937901 0.927231 0.930568 0.948607 0.949542 0.942154 0.925143 0.931160 0.945991 0.941095 0.936894 0.932349 0.936675 0.935328 0.943167 0.933809 0.935419 0.930783 0.911503 0.960051 0.950991 0.925870 0.934363 0.906019 0.950014 0.943385 0.942688 0.942929 0.919525 0.954305 0.944192 0.945044 0.941147 0.923261 0.960405 0.948123 0.941803 0.935310 0.923986 0.954757 0.951481 0.944791 0.939304 0.930630 0.963295 0.945429 0.951073 0.939273 0.928768 0.976502 0.969032 0.963027 0.959258 0.953073 0.954215 0.947547 0.940735 0.937138 0.923051 0.954045 0.944977 0.940774 0.944365 0.929152 0.982535 0.973447 0.965251 0.954025 0.951865 0.976748 0.969374 0.964706 0.962222 0.952109 0.963368 0.953434 0.948691 0.942268 0.925747 
0.998016 1.009427 1.019244 1.026314 1.031287 1.003153 1.004163 1.012238 1.020332 1.032423 1.004418 1.012266 1.013026 1.019072 1.040611 1.004253 1.016129 1.043474 1.027939 1.052597 1.013448 1.008480 1.019064 1.032633 1.040176 1.013253 1.019167 1.024721 1.037987 1.048705 1.018603 1.032398 1.046730 1.056563 1.048573 1.027128 1.029851 1.039917 1.040089 1.045923 1.033801 1.042163 1.040896 1.048900 1.064446 1.019232 1.031326 1.062151 1.049144 0.986134 1.018203 1.049512 1.039443 1.010967 1.112199 1.037606 1.036933 1.042909 1.035286 0.986134 1.026132 1.034920 1.048694 1.045592 1.025579 1.035404 1.037865 1.046786 1.033647 1.043576 1.034375 1.039725 1.037521 1.041465 1.067488 1.014526 1.021605 1.049259 1.033454 1.076067 1.024667 1.026922 1.023742 1.037670 1.056083 1.020079 1.029348 1.029052 1.033057 1.049250 1.016692 1.028003 1.033249 1.038919 1.051909 1.018914 1.017573 1.032167 1.039994 1.045293 1.022107 1.033858 1.026669 1.036862 1.046400 1.002615 1.007462 1.012080 1.012915 1.019884 1.019522 1.025609 1.033683 1.037787 1.052454 1.016324 1.034626 1.037037 1.029412 1.042921 1.000017 1.004927 1.012220 1.021908 1.024487 1.004637 1.006156 1.012643 1.015082 1.020943 1.013371 1.022038 1.026365 1.032099 1.050295 
0.989683 0.987592 0.982687 0.988944 0.983792 0.987788 0.981822 0.989268 0.988360 0.988390 0.985519 0.988171 0.982288 0.983670 0.994072 0.983732 0.986215 0.998718 0.983460 1.005387 0.986052 0.981137 0.985522 0.989164 0.987872 0.988690 0.988076 0.987158 0.993358 0.997320 0.984131 0.989368 0.992574 1.007610 0.985816 0.985189 0.987104 0.988769 0.990463 0.983646 0.991948 0.991422 0.992717 0.997594 1.002529 0.988864 0.987505 1.010894 0.986283 0.934681 0.972804 0.989280 0.984624 0.967618 1.037923 0.992267 0.991456 0.988805 0.981962 0.934681 0.989020 0.992320 0.994735 0.996981 0.984160 0.993252 0.991920 0.998585 0.985468 0.997125 0.992798 0.990950 0.989720 0.990200 1.006270 0.983414 0.984170 0.995815 0.983085 1.012372 0.987046 0.983156 0.978417 0.996448 0.998837 0.985262 0.987150 0.987272 0.989007 0.993807 0.987043 0.989661 0.990325 0.991474 0.997723 0.982980 0.979378 0.991227 0.996155 0.995358 0.995988 0.994242 0.990482 0.993619 0.995074 0.985248 0.982675 0.982865 0.981011 0.983126 0.984426 0.985751 0.989851 0.991627 0.997575 0.980080 0.994660 0.993869 0.987370 0.990775 0.987236 0.985324 0.985188 0.987292 0.988260 0.986561 0.982653 0.985370 0.985676 0.983834 0.985771 0.987143 0.987749 0.989022 0.997207 
1.009372 1.021280 1.033334 1.036166 1.044923 1.013889 1.019845 1.021978 1.031146 1.042724 1.018057 1.023021 1.027677 1.032425 1.047415 1.018863 1.028464 1.046163 1.041981 1.050638 1.025700 1.023669 1.031490 1.042330 1.051131 1.023301 1.029986 1.035767 1.044680 1.052691 1.031725 1.042288 1.054502 1.053087 1.061272 1.039567 1.040886 1.050016 1.048916 1.060156 1.041589 1.050512 1.048160 1.054191 1.065138 1.028672 1.042161 1.056434 1.061512 1.034973 1.039467 1.059614 1.052637 1.035831 1.088071 1.045248 1.045285 1.053105 1.050360 1.034973 1.036496 1.042258 1.054854 1.050389 1.039000 1.042867 1.045993 1.049699 1.045979 1.047504 1.041449 1.048304 1.047063 1.050547 1.065485 1.028466 1.035245 1.054400 1.047587 1.069797 1.036077 1.040900 1.041213 1.041866 1.059226 1.032816 1.040453 1.039886 1.042807 1.056192 1.028340 1.037576 1.042339 1.047206 1.055865 1.032574 1.034650 1.040198 1.044511 1.050841 1.026617 1.039831 1.035449 1.044426 1.052204 1.016152 1.021828 1.026275 1.028954 1.033721 1.032878 1.037882 1.043108 1.045833 1.056546 1.032762 1.040214 1.043279 1.040352 1.051759 1.011703 1.018445 1.024719 1.033136 1.034816 1.016233 1.021476 1.025112 1.027029 1.034446 1.026031 1.033553 1.037124 1.041952 1.054545 
0.999600 0.996389 0.993686 0.991487 0.989979 0.998573 0.998044 0.995716 0.993142 0.989613 0.997874 0.995664 0.995556 0.993743 0.986988 0.997945 0.994495 0.986230 0.990945 0.983470 0.995356 0.996963 0.993651 0.989570 0.987230 0.995472 0.993574 0.991975 0.987930 0.984628 0.993878 0.989577 0.985179 0.982251 0.984605 0.991285 0.990437 0.987324 0.987290 0.985420 0.989199 0.986615 0.987024 0.984191 0.979735 0.993719 0.989976 0.980550 0.984430 1.003805 0.993960 0.984309 0.987395 0.996133 0.965040 0.988024 0.988245 0.986390 0.988752 1.003805 0.991419 0.988933 0.984576 0.985451 0.991747 0.988604 0.987889 0.985164 0.989249 0.986248 0.989022 0.987361 0.988058 0.986853 0.978832 0.995032 0.992830 0.984428 0.989303 0.976186 0.991976 0.991321 0.992297 0.988091 0.982330 0.993338 0.990562 0.990709 0.989436 0.984389 0.994338 0.990920 0.989324 0.987600 0.983610 0.993908 0.994145 0.989705 0.987342 0.985656 0.992761 0.989177 0.991362 0.988165 0.985309 0.998424 0.997227 0.995815 0.995430 0.993499 0.993480 0.991703 0.989198 0.987972 0.983435 0.994499 0.988970 0.988205 0.990566 0.986394 0.999367 0.997762 0.995761 0.992774 0.992062 0.998166 0.997459 0.995633 0.994953 0.993107 0.995290 0.992705 0.991468 0.989715 0.984116 
1.002301 1.006084 1.009657 1.011649 1.014180 1.003076 1.004591 1.006316 1.009845 1.014016 1.004624 1.006766 1.007494 1.009464 1.016761 1.004607 1.008417 1.016819 1.012961 1.019550 1.007310 1.005783 1.009335 1.014011 1.017129 1.006771 1.009276 1.011219 1.015502 1.019100 1.009266 1.014102 1.019071 1.020804 1.020595 1.012400 1.013157 1.016827 1.016680 1.019854 1.014139 1.017409 1.016722 1.020029 1.024521 1.008813 1.013698 1.022577 1.020754 1.003134 1.010436 1.020463 1.017121 1.008232 1.038388 1.015567 1.015459 1.017986 1.015965 1.003134 1.011917 1.014484 1.019514 1.018137 1.012063 1.014806 1.015769 1.018083 1.014808 1.017157 1.014191 1.016495 1.015874 1.017243 1.025239 1.007966 1.010714 1.019492 1.015063 1.027759 1.011325 1.012577 1.012005 1.014952 1.021766 1.009899 1.012979 1.012826 1.014150 1.019875 1.008566 1.012400 1.014216 1.016185 1.020356 1.009499 1.009681 1.013481 1.015861 1.018116 1.009071 1.013800 1.011586 1.015802 1.018583 1.003972 1.005447 1.007095 1.007944 1.009875 1.009865 1.011826 1.014422 1.015739 1.020585 1.009042 1.014012 1.015020 1.012989 1.017796 1.002532 1.004801 1.006850 1.010334 1.011092 1.003851 1.005461 1.007008 1.007758 1.010303 1.007565 1.010509 1.011842 1.013832 1.019778 
1.006743 1.006539 1.008624 1.002741 1.005524 1.008057 1.011826 1.005179 1.004017 1.001975 1.008930 1.005792 1.010077 1.007949 0.996119 1.010305 1.006522 0.992383 1.006387 0.985850 1.007235 1.011801 1.006584 1.001384 1.000869 1.005423 1.004595 1.004336 0.997333 0.992406 1.007711 1.001181 0.996201 0.983486 1.000720 1.005322 1.003404 1.000266 0.999019 1.002795 0.999152 0.997917 0.997230 0.991606 0.985604 1.004180 1.002832 0.980058 1.000273 1.049627 1.015928 0.998026 1.003306 1.021023 0.950883 0.998186 0.998930 0.999661 1.006080 1.049627 1.002527 0.998688 0.994259 0.993204 1.006371 0.997876 0.998367 0.991816 1.003847 0.993552 0.998420 0.998719 1.000054 0.998939 0.982339 1.008906 1.006909 0.993370 1.005606 0.976283 1.004443 1.006815 1.010853 0.995184 0.989884 1.006517 1.003459 1.003450 1.001408 0.994818 1.005789 1.001784 1.000356 0.998479 0.991486 1.008546 1.011347 0.999968 0.994934 0.994480 0.998445 0.997468 1.001565 0.996985 0.994470 1.009379 1.010743 1.009774 1.010742 1.008199 1.007121 1.005190 1.000637 0.998581 0.991484 1.011046 0.997035 0.997131 1.003306 0.998248 1.008668 1.008972 1.008050 1.004652 1.003574 1.008642 1.010763 1.007867 1.007237 1.007372 1.007230 1.004689 1.003590 1.001582 0.992179 
1.014399 1.021162 1.030656 1.026634 1.035047 1.017619 1.025442 1.020000 1.024842 1.030106 1.021520 1.021489 1.028517 1.029389 1.027369 1.023339 1.025608 1.022743 1.034113 1.019026 1.024464 1.027620 1.027531 1.029220 1.034403 1.021057 1.024603 1.027973 1.026700 1.026952 1.028711 1.029051 1.031957 1.018242 1.040866 1.031343 1.030304 1.033084 1.031102 1.042219 1.026527 1.031066 1.028843 1.027493 1.028252 1.023196 1.030559 1.016944 1.040574 1.072756 1.041997 1.037126 1.037926 1.044830 1.008370 1.027921 1.028694 1.034489 1.039099 1.072756 1.026754 1.026464 1.030250 1.026390 1.032013 1.026146 1.028641 1.024528 1.034066 1.024690 1.025724 1.030455 1.030958 1.032093 1.025165 1.027899 1.030305 1.029060 1.036864 1.021908 1.028294 1.033733 1.037962 1.022649 1.028684 1.028291 1.030118 1.029670 1.029569 1.031687 1.024804 1.026750 1.028261 1.029510 1.028108 1.029946 1.034254 1.026459 1.024167 1.027843 1.016199 1.023722 1.025017 1.026465 1.028721 1.020935 1.025451 1.027314 1.030149 1.030473 1.028988 1.030197 1.029025 1.028815 1.028556 1.032775 1.023517 1.025630 1.029876 1.032183 1.017428 1.021931 1.024612 1.026683 1.026559 1.019691 1.025479 1.024684 1.025217 1.030185 1.024879 1.027015 1.028098 1.029201 1.027938 
1.018163 1.030939 1.045834 1.044997 1.057243 1.022505 1.032781 1.030093 1.040486 1.052170 1.028946 1.032157 1.040267 1.044280 1.053805 1.030731 1.038917 1.049461 1.054473 1.049976 1.035983 1.036730 1.042279 1.051248 1.061225 1.031801 1.039282 1.045671 1.051148 1.057088 1.043277 1.051210 1.061913 1.051170 1.073117 1.050766 1.050998 1.059521 1.057315 1.073278 1.048789 1.058428 1.055168 1.059225 1.066945 1.037190 1.052086 1.052619 1.073083 1.076900 1.058341 1.069299 1.064898 1.057809 1.069262 1.052409 1.052935 1.062735 1.064016 1.076900 1.045549 1.049258 1.060968 1.055019 1.050786 1.049395 1.053455 1.053299 1.057338 1.051740 1.048144 1.056428 1.055849 1.059193 1.064976 1.040471 1.047175 1.059830 1.060470 1.065758 1.046067 1.053432 1.056642 1.046245 1.063008 1.043850 1.050556 1.049819 1.051860 1.062944 1.038307 1.046249 1.050656 1.054981 1.060182 1.044713 1.049240 1.047801 1.049239 1.056367 1.030767 1.045575 1.043325 1.051387 1.057968 1.027315 1.034071 1.038495 1.042695 1.045955 1.044555 1.048749 1.051718 1.053522 1.060994 1.046892 1.045696 1.049412 1.050288 1.060103 1.021353 1.029545 1.035493 1.043035 1.043992 1.025738 1.034149 1.035772 1.037475 1.046418 1.036833 1.043625 1.046729 1.050967 1.059104 
1.001498 1.002261 1.003150 1.003110 1.003750 1.002397 1.002624 1.002712 1.002646 1.003427 1.002293 1.002472 1.003039 1.003049 1.003290 1.002406 1.002968 1.002914 1.003751 1.002881 1.002906 1.002868 1.003210 1.003357 1.003974 1.002639 1.002824 1.003143 1.003232 1.003439 1.003069 1.003312 1.004012 1.002924 1.004613 1.003368 1.003294 1.003727 1.003572 1.004658 1.003260 1.003739 1.003480 1.003161 1.003957 1.002516 1.003388 1.002982 1.004604 1.005664 1.003867 1.004303 1.004081 1.003870 1.003543 1.003445 1.003548 1.003924 1.004130 1.005664 1.003002 1.003064 1.003873 1.003794 1.003590 1.003715 1.003659 1.003127 1.003634 1.003129 1.003127 1.003597 1.003670 1.003688 1.003796 1.002999 1.003093 1.003617 1.003872 1.003745 1.003359 1.003563 1.003869 1.002804 1.003777 1.003162 1.003344 1.003197 1.003331 1.004050 1.002752 1.003031 1.003288 1.003534 1.003700 1.002951 1.003806 1.003035 1.002972 1.003580 1.002262 1.002966 1.003057 1.002685 1.003678 1.001920 1.002466 1.002810 1.002819 1.003180 1.002894 1.003422 1.003404 1.003408 1.003747 1.003611 1.002887 1.003086 1.003319 1.003835 1.001968 1.002180 1.002574 1.002846 1.003029 1.002467 1.002429 1.002691 1.002675 1.003049 1.002580 1.002892 1.003229 1.003384 1.003647 
1.012788 1.021109 1.032277 1.027793 1.037280 1.016220 1.025427 1.019228 1.025976 1.031890 1.020998 1.021478 1.029231 1.030911 1.029262 1.023226 1.025764 1.024700 1.035742 1.020825 1.024411 1.028263 1.028076 1.030992 1.036609 1.020779 1.025232 1.029298 1.028503 1.029158 1.029945 1.030770 1.033902 1.020036 1.043835 1.033244 1.032306 1.035529 1.033430 1.045234 1.027889 1.033111 1.030846 1.030048 1.030712 1.024373 1.032510 1.018700 1.043534 1.076795 1.044748 1.039924 1.040690 1.047719 1.010249 1.029507 1.030131 1.037045 1.041803 1.076795 1.028010 1.028294 1.032231 1.027246 1.033426 1.026371 1.029872 1.026654 1.036510 1.026692 1.027231 1.032490 1.032776 1.034496 1.027462 1.028678 1.031972 1.031408 1.039452 1.024122 1.029130 1.035752 1.040111 1.024470 1.031071 1.029220 1.031879 1.031701 1.031524 1.033650 1.025341 1.028072 1.029918 1.031366 1.030203 1.031905 1.035042 1.028237 1.026112 1.029657 1.016346 1.025071 1.025890 1.028675 1.030607 1.020921 1.026230 1.028228 1.031673 1.032009 1.030624 1.031444 1.030658 1.030635 1.030689 1.033551 1.025064 1.027414 1.031638 1.034358 1.016126 1.021762 1.025362 1.028003 1.027771 1.018690 1.025830 1.025193 1.026187 1.031972 1.025495 1.028268 1.029357 1.030839 1.030006 
0.994518 0.991582 0.987667 0.988872 0.985601 0.992916 0.990106 0.991691 0.989842 0.987382 0.991601 0.991300 0.988636 0.988146 0.988162 0.990921 0.989578 0.989775 0.986009 0.990831 0.990075 0.989121 0.988721 0.987713 0.985493 0.991341 0.989889 0.988436 0.988473 0.988002 0.988390 0.987809 0.986130 0.990976 0.982784 0.987139 0.987437 0.986035 0.986774 0.982377 0.988646 0.986666 0.987561 0.987948 0.986913 0.990469 0.987276 0.991254 0.982871 0.973190 0.983508 0.984148 0.984226 0.982711 0.992559 0.987989 0.987720 0.985393 0.983957 0.973190 0.988897 0.988718 0.986708 0.988148 0.986886 0.988570 0.987650 0.988974 0.985903 0.989050 0.988946 0.986990 0.986870 0.986349 0.987960 0.988811 0.987761 0.987187 0.984861 0.988855 0.988264 0.986244 0.984772 0.990042 0.987070 0.988467 0.987494 0.987720 0.987583 0.986133 0.989936 0.988818 0.988054 0.987370 0.987422 0.988028 0.986261 0.988779 0.989382 0.987748 0.992877 0.989704 0.989435 0.988856 0.987377 0.991969 0.990068 0.989158 0.988167 0.987710 0.988346 0.987555 0.987735 0.987683 0.987233 0.986856 0.989787 0.988910 0.987594 0.986230 0.993225 0.991475 0.990167 0.989085 0.988990 0.992142 0.990138 0.990094 0.989842 0.987825 0.990053 0.988956 0.988325 0.987722 0.987544 
1.012691 1.020310 1.029242 1.030125 1.037408 1.014992 1.020548 1.020539 1.026758 1.034870 1.018763 1.021440 1.025637 1.028357 1.037123 1.019501 1.025779 1.034779 1.035670 1.036549 1.023707 1.022902 1.027874 1.034366 1.041150 1.021317 1.026119 1.030178 1.035063 1.039940 1.027883 1.034409 1.042738 1.037858 1.048974 1.033158 1.033632 1.039914 1.038700 1.048642 1.033357 1.039891 1.037776 1.041367 1.048013 1.024355 1.034541 1.039581 1.049045 1.041156 1.035761 1.046955 1.042849 1.034278 1.056940 1.035941 1.036210 1.042206 1.041725 1.041156 1.030479 1.033430 1.042438 1.039255 1.033297 1.034826 1.036878 1.037459 1.037675 1.036112 1.032948 1.038339 1.037798 1.039978 1.047398 1.026002 1.030482 1.041568 1.039417 1.049206 1.030737 1.034644 1.035997 1.032068 1.044458 1.028742 1.033466 1.032779 1.034664 1.043721 1.025274 1.031154 1.034228 1.037491 1.042361 1.028218 1.031626 1.032232 1.034112 1.039282 1.021736 1.031467 1.029380 1.034922 1.040354 1.017361 1.021131 1.024356 1.026681 1.029450 1.028619 1.032199 1.034939 1.036553 1.042902 1.030077 1.031484 1.033899 1.033294 1.040908 1.014313 1.019052 1.022705 1.028241 1.029233 1.016901 1.021425 1.023074 1.024095 1.029782 1.023949 1.028702 1.031107 1.034216 1.041489 
0.997205 0.998533 0.998796 1.001850 1.001414 0.997072 0.995883 0.999204 1.000774 1.002856 0.997071 0.999116 0.997514 0.999030 1.006142 0.996543 0.999211 1.007738 1.000630 1.011347 0.998649 0.996305 0.999496 1.003130 1.004238 0.999255 1.000356 1.001045 1.005275 1.008403 0.999065 1.003241 1.006752 1.012714 1.005264 1.001013 1.002030 1.004409 1.004911 1.004169 1.004103 1.005564 1.005670 1.008966 1.012815 1.000447 1.002426 1.014701 1.005499 0.979471 0.995874 1.006356 1.003134 0.993021 1.031546 1.004927 1.004578 1.004990 1.001702 0.979471 1.002013 1.004400 1.007701 1.007695 1.000473 1.004780 1.004868 1.008301 1.002301 1.007393 1.004420 1.004953 1.004225 1.005097 1.014438 0.998145 0.999814 1.008081 1.001626 1.017729 1.001018 1.000407 0.998532 1.006085 1.010221 0.999735 1.001930 1.001938 1.003151 1.007557 0.999628 1.002450 1.003609 1.004970 1.009141 0.998877 0.997620 1.003561 1.006416 1.007228 1.002908 1.004713 1.002313 1.005381 1.007362 0.996701 0.996657 0.997556 0.997379 0.999044 0.999483 1.000843 1.003548 1.004791 1.009202 0.997538 1.004973 1.005200 1.002014 1.005548 0.996533 0.997110 0.998204 1.000642 1.001368 0.997021 0.996547 0.998322 0.998838 0.999510 0.998710 1.000666 1.001546 1.002977 1.008683 
0.998369 0.995402 0.992335 0.992108 0.989987 0.996716 0.995308 0.995115 0.993267 0.990711 0.995997 0.994950 0.993534 0.992576 0.990130 0.995670 0.993676 0.990567 0.990633 0.989968 0.994194 0.994276 0.992923 0.990816 0.988917 0.994800 0.993429 0.992090 0.990566 0.989116 0.992755 0.990891 0.988494 0.989579 0.986722 0.991158 0.991002 0.989202 0.989513 0.986834 0.991132 0.989249 0.989803 0.989122 0.986839 0.993648 0.990760 0.989048 0.986697 0.989370 0.990550 0.987269 0.988478 0.991062 0.984023 0.990384 0.990341 0.988568 0.988746 0.989370 0.992150 0.991011 0.988543 0.989629 0.991212 0.990964 0.990235 0.989854 0.989865 0.990159 0.991217 0.989689 0.989867 0.989167 0.986951 0.993456 0.992127 0.988695 0.989399 0.986395 0.992028 0.990785 0.990454 0.991282 0.987853 0.992639 0.991113 0.991204 0.990715 0.988220 0.993750 0.991941 0.990924 0.989955 0.988491 0.992451 0.991891 0.991389 0.990744 0.989399 0.994492 0.991630 0.992350 0.990898 0.989102 0.996452 0.994828 0.993869 0.993325 0.992278 0.992637 0.991578 0.990724 0.990274 0.988346 0.992337 0.991567 0.990903 0.991137 0.988945 0.997440 0.995935 0.994339 0.992730 0.992341 0.996153 0.995079 0.994266 0.993834 0.992220 0.994237 0.992656 0.991842 0.990899 0.988730 
1.000166 0.997836 0.995857 0.994511 0.993559 0.998730 0.998740 0.997064 0.995830 0.993350 0.998783 0.997237 0.996973 0.995899 0.991965 0.998836 0.996388 0.991347 0.994083 0.989691 0.996875 0.997842 0.995784 0.993350 0.991889 0.996908 0.995916 0.994806 0.992345 0.990347 0.995960 0.993454 0.990632 0.988949 0.990246 0.994396 0.993882 0.991964 0.991958 0.990737 0.993113 0.991528 0.991797 0.990623 0.987334 0.995893 0.993595 0.987920 0.990140 1.001825 0.995965 0.990081 0.991961 0.997265 0.978446 0.992403 0.992477 0.991381 0.992807 1.001825 0.994663 0.992934 0.990275 0.990788 0.994661 0.992712 0.992292 0.990673 0.993135 0.991362 0.993008 0.991988 0.992393 0.991682 0.986806 0.996737 0.995515 0.990207 0.993153 0.985203 0.994757 0.994398 0.994971 0.992507 0.988925 0.995710 0.993936 0.994061 0.993268 0.990146 0.996379 0.994268 0.993257 0.992154 0.989715 0.996011 0.996056 0.993447 0.992016 0.990947 0.995336 0.993129 0.994418 0.992746 0.990729 0.999246 0.998155 0.997250 0.997211 0.995725 0.995922 0.994601 0.993155 0.992386 0.989605 0.996299 0.992999 0.992512 0.993931 0.991393 0.999524 0.998728 0.997235 0.995407 0.994913 0.998495 0.998432 0.997105 0.996671 0.995603 0.997073 0.995404 0.994502 0.993424 0.990018 
1.003886 1.011119 1.017880 1.020802 1.025430 1.006305 1.009090 1.011719 1.017558 1.024893 1.008621 1.012279 1.014146 1.017486 1.028932 1.008819 1.015335 1.029090 1.023486 1.033118 1.013542 1.011397 1.017145 1.024772 1.030082 1.012509 1.016702 1.020233 1.027078 1.032909 1.017100 1.024779 1.033073 1.035076 1.036160 1.022284 1.023512 1.029611 1.029226 1.035048 1.024795 1.030370 1.029146 1.033987 1.041751 1.016119 1.024376 1.037779 1.036399 1.009952 1.020005 1.035788 1.030540 1.016793 1.062866 1.027168 1.027030 1.031569 1.028529 1.009952 1.021048 1.025362 1.033727 1.031214 1.021630 1.025656 1.027523 1.031328 1.026457 1.029579 1.024913 1.028908 1.027848 1.030211 1.042649 1.014866 1.019382 1.033722 1.027016 1.046519 1.020332 1.022753 1.022037 1.025890 1.037321 1.017948 1.023229 1.022912 1.025081 1.034380 1.015467 1.021853 1.024999 1.028293 1.034952 1.017475 1.017914 1.023868 1.027535 1.031309 1.016062 1.024150 1.020619 1.027086 1.032117 1.007459 1.010581 1.013399 1.014828 1.018196 1.017955 1.021263 1.025377 1.027458 1.035358 1.016883 1.024506 1.026322 1.023204 1.031034 1.004868 1.008880 1.012867 1.018642 1.019809 1.007556 1.010335 1.013120 1.014430 1.018833 1.013804 1.018854 1.021176 1.024499 1.034021 
0.997300 1.000286 1.001434 1.006330 1.006231 0.997968 0.996258 1.001641 1.004121 1.008290 0.997904 1.001216 0.999285 1.001713 1.013386 0.997042 1.002016 1.015779 1.005092 1.021449 1.000976 0.997128 1.002652 1.008599 1.010944 1.001720 1.003625 1.005074 1.012011 1.017250 1.001789 1.008708 1.015057 1.023684 1.013282 1.005165 1.006799 1.011061 1.011702 1.011555 1.010085 1.012899 1.012839 1.017865 1.024894 1.003578 1.007510 1.026885 1.013654 0.972585 0.997531 1.014814 1.009475 0.993070 1.054753 1.011562 1.011147 1.012189 1.007014 0.972585 1.006472 1.010501 1.016495 1.016391 1.004386 1.011468 1.011672 1.016970 1.007600 1.015271 1.010542 1.011820 1.010658 1.012125 1.027301 1.000224 1.003011 1.016945 1.006716 1.032578 1.005203 1.004405 1.001620 1.012838 1.020518 1.002890 1.006715 1.006530 1.008659 1.016419 1.002415 1.007213 1.009325 1.011763 1.018658 1.001294 1.000018 1.009089 1.013625 1.015445 1.007272 1.010838 1.007049 1.012022 1.015757 0.996909 0.997378 0.999072 0.998829 1.001865 1.002321 1.004999 1.009313 1.011332 1.018812 0.999751 1.011218 1.011828 1.006819 1.012937 0.996664 0.997836 0.999947 1.004220 1.005397 0.997961 0.997301 1.000256 1.001062 1.002508 1.000771 1.004271 1.005930 1.008401 1.017870 
0.998232 1.000849 1.002199 1.005526 1.005709 0.999334 0.998232 1.002097 1.003756 1.007022 0.999163 1.001586 1.000595 1.002354 1.010421 0.998645 1.002428 1.012082 1.004894 1.015940 1.001638 0.999086 1.003010 1.007208 1.009031 1.002124 1.003482 1.004700 1.009524 1.013242 1.002384 1.007204 1.011882 1.017493 1.010902 1.004835 1.005964 1.009064 1.009445 1.009725 1.008174 1.010313 1.010191 1.013369 1.018706 1.003451 1.006478 1.019700 1.011156 0.983154 0.999815 1.011875 1.008141 0.996788 1.039177 1.009270 1.008958 1.009912 1.006389 0.983154 1.005491 1.008428 1.012844 1.012706 1.004316 1.009214 1.009405 1.013007 1.006655 1.011750 1.008471 1.009535 1.008707 1.009782 1.020291 1.001238 1.003177 1.013109 1.006118 1.023920 1.004791 1.004389 1.002553 1.009955 1.015618 1.003123 1.005912 1.005738 1.007264 1.012845 1.002577 1.006058 1.007653 1.009444 1.014280 1.001983 1.001327 1.007477 1.010570 1.012003 1.005911 1.008633 1.006002 1.009231 1.012254 0.998337 0.999054 1.000373 1.000150 1.002478 1.002630 1.004715 1.007694 1.009082 1.014404 1.001130 1.008866 1.009372 1.005954 1.010365 0.998153 0.999066 1.000901 1.003939 1.004836 0.999429 0.998875 1.001117 1.001726 1.002873 1.001354 1.003976 1.005293 1.007077 1.013723 
0.996553 0.987830 0.980280 0.974029 0.969225 0.994784 0.992586 0.986551 0.978551 0.968483 0.991882 0.985991 0.985599 0.980516 0.960677 0.992174 0.982498 0.959296 0.972097 0.951317 0.985083 0.989871 0.980252 0.968362 0.961210 0.985766 0.979931 0.975448 0.963795 0.954241 0.980879 0.968158 0.955393 0.947798 0.953323 0.973196 0.970888 0.961701 0.961686 0.955609 0.967386 0.959672 0.961026 0.952104 0.939971 0.980854 0.969500 0.942842 0.952831 1.007198 0.980636 0.952773 0.961807 0.986986 0.898425 0.963895 0.964390 0.958901 0.965409 1.007198 0.973466 0.966669 0.953806 0.956461 0.974286 0.965400 0.963416 0.956202 0.967285 0.959015 0.967025 0.961942 0.963790 0.960377 0.937441 0.984117 0.977473 0.953599 0.967246 0.929958 0.975244 0.973202 0.975715 0.964485 0.947468 0.979106 0.971254 0.971688 0.968035 0.953147 0.982031 0.972167 0.967596 0.962592 0.951129 0.980824 0.981030 0.969074 0.962302 0.957056 0.978436 0.967607 0.973774 0.963763 0.955999 0.993510 0.990500 0.986400 0.984872 0.979689 0.979456 0.974404 0.967203 0.963667 0.950604 0.982294 0.967042 0.964764 0.971229 0.958933 0.996515 0.991546 0.986425 0.977630 0.975602 0.993466 0.990680 0.985996 0.984150 0.978501 0.984664 0.977296 0.973865 0.968789 0.952632 
0.995221 0.993971 0.991754 0.992780 0.990668 0.994755 0.992777 0.994113 0.993200 0.991969 0.993672 0.993852 0.992125 0.992089 0.992690 0.993281 0.992736 0.994144 0.990847 0.995110 0.993098 0.992353 0.992362 0.992182 0.990796 0.993979 0.993181 0.992440 0.992952 0.992962 0.992215 0.992190 0.991418 0.995324 0.989177 0.991609 0.991956 0.991276 0.991804 0.988804 0.992850 0.991719 0.992355 0.992769 0.992649 0.993829 0.991859 0.995657 0.989257 0.980390 0.988875 0.990224 0.990025 0.988160 0.998132 0.992484 0.992295 0.990901 0.989607 0.980390 0.992733 0.993014 0.991931 0.992701 0.991229 0.992546 0.992169 0.993702 0.991014 0.993543 0.993153 0.991911 0.991706 0.991544 0.993464 0.992285 0.991827 0.992412 0.990244 0.994369 0.992222 0.990967 0.989776 0.994082 0.992509 0.992185 0.991958 0.992140 0.992153 0.991506 0.993078 0.992725 0.992421 0.992124 0.992579 0.992064 0.990446 0.993015 0.993726 0.992588 0.995484 0.993655 0.993174 0.993021 0.992356 0.993925 0.993005 0.992488 0.991824 0.991802 0.992221 0.991759 0.992183 0.992282 0.992464 0.990859 0.993805 0.993286 0.992043 0.991427 0.994562 0.993627 0.993231 0.992832 0.992775 0.994126 0.992820 0.993180 0.993151 0.991926 0.993068 0.992667 0.992367 0.992162 0.992624 
1.001842 1.007955 1.013765 1.016709 1.019990 1.005376 1.006216 1.009823 1.013286 1.019931 1.005798 1.009556 1.010862 1.013515 1.023163 1.005824 1.012094 1.023908 1.018559 1.027717 1.010723 1.008578 1.013716 1.019874 1.024159 1.010238 1.013075 1.016098 1.022011 1.026998 1.013325 1.019657 1.027034 1.029491 1.028922 1.017517 1.018606 1.023695 1.023495 1.027856 1.020189 1.024634 1.023666 1.026510 1.034667 1.012722 1.019383 1.031963 1.029152 1.003791 1.014642 1.028834 1.024159 1.011604 1.054531 1.022137 1.022030 1.025319 1.022354 1.003791 1.016406 1.020506 1.027674 1.026111 1.017123 1.021474 1.022575 1.025736 1.020854 1.024237 1.020264 1.023369 1.022497 1.024290 1.035674 1.011390 1.014641 1.027562 1.021162 1.039287 1.016377 1.017773 1.016893 1.021138 1.030753 1.014039 1.018466 1.018091 1.020051 1.028197 1.011980 1.017386 1.020009 1.022887 1.028783 1.013284 1.013993 1.019191 1.022469 1.025709 1.013444 1.019752 1.016766 1.020984 1.026355 1.004529 1.007515 1.010022 1.010411 1.014084 1.013427 1.016952 1.020381 1.022262 1.029102 1.013156 1.019985 1.021394 1.018450 1.025116 1.003619 1.005957 1.009711 1.014416 1.015751 1.006270 1.006956 1.010068 1.011136 1.014328 1.010255 1.014535 1.016928 1.019689 1.028001 
1.000894 1.004539 1.007353 1.010000 1.011744 1.001810 1.002509 1.005085 1.008205 1.012171 1.002879 1.005175 1.005251 1.007287 1.015406 1.002723 1.006583 1.016082 1.010624 1.019404 1.005578 1.003535 1.007461 1.012232 1.015016 1.005368 1.007656 1.009389 1.014155 1.018030 1.007161 1.012321 1.017447 1.020853 1.018075 1.010211 1.011178 1.014849 1.014899 1.017113 1.012700 1.015725 1.015225 1.018898 1.023810 1.007305 1.011737 1.022895 1.018283 0.995396 1.006945 1.018393 1.014705 1.004308 1.041185 1.014082 1.013874 1.015956 1.013193 0.995396 1.010231 1.012976 1.018135 1.017162 1.009750 1.013525 1.014268 1.017307 1.012556 1.016135 1.012869 1.014819 1.014054 1.015410 1.024906 1.005872 1.008510 1.018246 1.012504 1.028029 1.009473 1.010156 1.009030 1.013956 1.020747 1.007894 1.011042 1.010863 1.012359 1.018370 1.006765 1.010680 1.012573 1.014577 1.019271 1.007133 1.006971 1.012014 1.014819 1.016868 1.008462 1.012677 1.010148 1.014134 1.017278 1.002094 1.003327 1.004951 1.005509 1.007601 1.007736 1.009757 1.012713 1.014080 1.019475 1.006494 1.012912 1.013793 1.011057 1.015995 1.000829 1.002894 1.005008 1.008539 1.009352 1.002255 1.003256 1.005190 1.005916 1.008090 1.005656 1.008661 1.010028 1.012064 1.018663 
1.002291 1.004552 1.007421 1.006822 1.008801 1.003994 1.005398 1.004900 1.005907 1.007815 1.004345 1.004988 1.006667 1.007145 1.007324 1.004798 1.006081 1.006723 1.008502 1.006236 1.005768 1.006360 1.006764 1.007619 1.008994 1.005131 1.005957 1.007070 1.007301 1.007775 1.006974 1.007436 1.008741 1.006218 1.010714 1.007844 1.007752 1.008730 1.008307 1.010898 1.007089 1.008380 1.007864 1.007281 1.008670 1.005849 1.007857 1.006133 1.010674 1.015042 1.009830 1.009983 1.009795 1.010210 1.006303 1.007530 1.007645 1.009145 1.009802 1.015042 1.006597 1.007115 1.008469 1.007541 1.007887 1.007047 1.007701 1.007262 1.008709 1.007075 1.006964 1.008173 1.008159 1.008576 1.008108 1.006561 1.007210 1.008262 1.009286 1.007755 1.007104 1.008357 1.009112 1.006410 1.008432 1.006836 1.007702 1.007573 1.007727 1.008792 1.005861 1.006806 1.007368 1.007901 1.008124 1.007191 1.008057 1.007054 1.006848 1.007816 1.004498 1.006526 1.006513 1.006723 1.008045 1.004135 1.005662 1.006313 1.006719 1.007391 1.006845 1.007551 1.007572 1.007727 1.008242 1.007738 1.006508 1.007067 1.007636 1.008633 1.003567 1.004489 1.005745 1.006526 1.006682 1.004482 1.005345 1.005783 1.006054 1.007277 1.005664 1.006548 1.007125 1.007602 1.008038 
0.998931 0.993168 0.988517 0.983944 0.980990 0.998369 0.996944 0.992705 0.986788 0.980202 0.996097 0.992073 0.992256 0.988603 0.974372 0.996420 0.989946 0.973161 0.983107 0.967294 0.991758 0.995232 0.988563 0.980036 0.975352 0.992056 0.987954 0.985016 0.976636 0.969889 0.988875 0.979814 0.971180 0.964774 0.970197 0.983536 0.981827 0.975530 0.975379 0.971890 0.979245 0.974058 0.974829 0.968001 0.959991 0.988419 0.980892 0.961201 0.969833 1.010097 0.989424 0.969568 0.975964 0.994093 0.929539 0.976865 0.977292 0.973666 0.978527 1.010097 0.983392 0.978560 0.969930 0.971798 0.984468 0.978156 0.976706 0.971133 0.979514 0.973066 0.978900 0.975604 0.976967 0.974533 0.957996 0.991157 0.986387 0.969593 0.979674 0.952535 0.985017 0.983718 0.985774 0.976754 0.965268 0.987637 0.982144 0.982311 0.979797 0.969596 0.989402 0.982545 0.979415 0.976004 0.967839 0.988676 0.989542 0.980327 0.975343 0.972028 0.986474 0.979191 0.983728 0.976051 0.971346 0.997055 0.995310 0.992637 0.991504 0.988100 0.987663 0.984467 0.979228 0.976718 0.967501 0.990340 0.978713 0.977248 0.982090 0.973589 0.999367 0.995826 0.992473 0.986324 0.984985 0.997455 0.995360 0.992251 0.990911 0.987127 0.991202 0.986102 0.983917 0.980377 0.968887 
0.994176 0.989673 0.984225 0.984712 0.980331 0.992562 0.988888 0.990029 0.986280 0.982209 0.990387 0.989146 0.986221 0.984780 0.981804 0.989653 0.986911 0.983336 0.981358 0.983302 0.987849 0.987388 0.985662 0.982528 0.979096 0.989353 0.986715 0.984431 0.982647 0.980698 0.985163 0.982565 0.979025 0.982951 0.974980 0.982571 0.982533 0.979657 0.980441 0.974871 0.983472 0.980143 0.981265 0.980057 0.977497 0.987308 0.982185 0.982529 0.975004 0.972410 0.979682 0.976373 0.977762 0.979763 0.977599 0.982239 0.982038 0.978570 0.977953 0.972410 0.984544 0.983259 0.979389 0.981623 0.982603 0.983491 0.981954 0.982051 0.980320 0.982492 0.983693 0.980811 0.980984 0.979802 0.978244 0.986190 0.983836 0.979741 0.979196 0.978135 0.984352 0.981629 0.980424 0.984333 0.978734 0.985067 0.982727 0.982914 0.982301 0.978714 0.987034 0.984269 0.982786 0.981329 0.979693 0.984487 0.983118 0.983744 0.983322 0.980950 0.989807 0.984617 0.985354 0.982659 0.980399 0.990778 0.988315 0.986805 0.985309 0.984191 0.984719 0.983382 0.982423 0.981778 0.979416 0.983955 0.984542 0.983258 0.982803 0.979540 0.992893 0.990051 0.987897 0.985336 0.985016 0.991450 0.988441 0.987826 0.987179 0.984047 0.987472 0.985164 0.984094 0.982646 0.980044 
1.002807 1.000922 0.999386 0.998311 0.998214 1.000342 1.001446 0.999376 0.999583 0.997810 1.001571 1.000080 0.999994 0.999336 0.997107 1.001586 0.999612 0.996223 0.998551 0.994877 0.999766 1.000397 0.999117 0.997711 0.997071 0.999428 0.999319 0.998566 0.996995 0.995761 0.999322 0.997967 0.996136 0.994356 0.996483 0.998479 0.998149 0.997121 0.996987 0.996868 0.997395 0.996679 0.996739 0.997076 0.993958 0.999046 0.997964 0.993589 0.996400 1.005566 1.000237 0.996211 0.997495 1.001320 0.987227 0.997011 0.997143 0.996836 0.997953 1.005566 0.998822 0.997363 0.995848 0.995865 0.998561 0.996924 0.996950 0.995959 0.997938 0.996232 0.997349 0.996966 0.997202 0.996880 0.993405 0.999890 0.999538 0.995826 0.998093 0.992218 0.998501 0.998639 0.999203 0.996829 0.994973 0.999233 0.998178 0.998212 0.997727 0.995833 0.999707 0.998414 0.997744 0.997042 0.995412 0.999428 0.999547 0.997696 0.996677 0.996133 0.998201 0.997284 0.998140 0.998172 0.996049 1.002082 1.000856 1.000211 1.000831 0.999294 0.999769 0.998524 0.997648 0.997176 0.995379 0.999647 0.997237 0.997098 0.998163 0.996644 1.001553 1.001638 1.000106 0.999220 0.998563 1.000243 1.001516 0.999995 0.999660 0.999425 1.000398 0.999273 0.998376 0.997765 0.995574 
1.008715 1.013956 1.020652 1.020001 1.025225 1.011480 1.015410 1.014463 1.017740 1.022884 1.013377 1.014878 1.018603 1.019946 1.022858 1.014251 1.017840 1.020842 1.024329 1.020601 1.016760 1.017281 1.019411 1.022429 1.026662 1.014938 1.017652 1.020381 1.022036 1.024136 1.019600 1.022265 1.026735 1.020949 1.031646 1.022457 1.022370 1.025741 1.024700 1.031862 1.021332 1.025253 1.023752 1.024150 1.027914 1.016602 1.022837 1.021332 1.031600 1.036730 1.026339 1.029808 1.028280 1.026470 1.026465 1.022785 1.023101 1.027087 1.028092 1.036730 1.019903 1.021211 1.026142 1.023940 1.022772 1.022067 1.023452 1.022460 1.025051 1.021906 1.020921 1.024430 1.024349 1.025506 1.026832 1.018561 1.020830 1.025389 1.026528 1.026743 1.020769 1.023728 1.025424 1.019647 1.026515 1.019807 1.022292 1.021821 1.022626 1.027086 1.017284 1.020325 1.022045 1.023804 1.025492 1.019914 1.022766 1.020780 1.020918 1.024155 1.013793 1.019782 1.019309 1.021127 1.024841 1.012530 1.015661 1.017646 1.019041 1.020691 1.019665 1.021835 1.022596 1.023245 1.025839 1.021733 1.019687 1.021260 1.022138 1.025964 1.010799 1.013603 1.016217 1.018997 1.019550 1.012743 1.015501 1.016446 1.017022 1.020601 1.016640 1.019239 1.020796 1.022385 1.025090 
1.008236 1.016120 1.024962 1.024765 1.032006 1.009695 1.016395 1.014618 1.022496 1.029276 1.014372 1.016667 1.020987 1.024116 1.031135 1.015518 1.020204 1.029114 1.029861 1.029990 1.018357 1.018784 1.022252 1.028833 1.034630 1.016007 1.021143 1.025083 1.029294 1.033414 1.023334 1.028914 1.035278 1.030894 1.041730 1.028246 1.028695 1.034032 1.032887 1.041619 1.027387 1.033325 1.031630 1.035612 1.039698 1.020462 1.029289 1.032026 1.041754 1.039121 1.031889 1.039842 1.036855 1.031151 1.044388 1.029636 1.029719 1.035922 1.036003 1.039121 1.025420 1.028141 1.035037 1.030876 1.027649 1.026713 1.029818 1.031388 1.032454 1.030235 1.027276 1.032159 1.031493 1.033970 1.038868 1.021339 1.026149 1.034900 1.034058 1.039906 1.024816 1.029609 1.030975 1.026943 1.037034 1.023561 1.028219 1.028091 1.029337 1.036004 1.020433 1.025825 1.028605 1.031271 1.035068 1.024732 1.025644 1.027170 1.028698 1.032405 1.016666 1.025850 1.023720 1.030260 1.033329 1.014049 1.017821 1.020340 1.023309 1.025005 1.024716 1.026539 1.029080 1.030454 1.035539 1.024401 1.026175 1.028378 1.028108 1.034307 1.009435 1.015049 1.018798 1.023818 1.024209 1.011657 1.017689 1.018730 1.020093 1.025700 1.019687 1.024089 1.025682 1.028531 1.034375 
1.004225 1.005486 1.006886 1.007723 1.009158 1.004157 1.005112 1.005627 1.006906 1.008843 1.005143 1.005675 1.006176 1.006721 1.009979 1.005068 1.006723 1.009341 1.008828 1.010380 1.006175 1.005287 1.007061 1.008759 1.010545 1.005640 1.006795 1.007547 1.009199 1.010732 1.006726 1.008903 1.011397 1.010912 1.012431 1.008117 1.008315 1.010115 1.009910 1.012183 1.008791 1.010435 1.009897 1.011465 1.013347 1.005966 1.008636 1.011661 1.012484 1.006586 1.007744 1.012085 1.010565 1.006883 1.018386 1.009496 1.009597 1.010756 1.010160 1.006586 1.007964 1.008633 1.011414 1.011037 1.008322 1.009780 1.009888 1.010038 1.009236 1.009678 1.008643 1.009934 1.009810 1.010241 1.013476 1.006359 1.007485 1.011055 1.009561 1.014414 1.007922 1.008378 1.008458 1.008506 1.012097 1.007249 1.008356 1.008071 1.008752 1.011750 1.006523 1.008080 1.008883 1.009813 1.011538 1.006516 1.007773 1.008214 1.009025 1.010585 1.006011 1.008349 1.007691 1.009268 1.010858 1.004532 1.004924 1.005804 1.006300 1.007017 1.006959 1.008107 1.009059 1.009546 1.011674 1.007326 1.008302 1.008865 1.008329 1.010659 1.004047 1.005058 1.005513 1.007082 1.007437 1.004479 1.005337 1.005725 1.005823 1.007125 1.006096 1.007273 1.007912 1.008752 1.011249 
1.003144 1.005673 1.007821 1.010247 1.011754 1.003701 1.004051 1.006476 1.008522 1.012087 1.004471 1.006294 1.006313 1.007736 1.014800 1.004169 1.007697 1.015073 1.011037 1.017944 1.006795 1.004719 1.008359 1.012087 1.014710 1.006521 1.008297 1.009680 1.013661 1.016974 1.007748 1.012193 1.016925 1.019217 1.017480 1.010303 1.011061 1.014332 1.014315 1.016664 1.012580 1.015235 1.014658 1.017626 1.022187 1.007552 1.011617 1.021012 1.017655 0.998246 1.007533 1.017629 1.014342 1.005243 1.037079 1.013799 1.013750 1.015369 1.013060 0.998246 1.010418 1.012574 1.017421 1.016949 1.010210 1.013982 1.014230 1.016215 1.012307 1.015211 1.012600 1.014376 1.013836 1.014803 1.023075 1.006795 1.008836 1.017230 1.012358 1.025761 1.010066 1.010343 1.009515 1.013194 1.019462 1.008573 1.011071 1.010712 1.012120 1.017741 1.007590 1.010862 1.012408 1.014200 1.018248 1.007362 1.008199 1.011709 1.014015 1.016204 1.008762 1.012387 1.010446 1.013507 1.016593 1.003544 1.004326 1.005833 1.006180 1.008085 1.008064 1.010216 1.012599 1.013797 1.018442 1.007677 1.012469 1.013276 1.011066 1.015476 1.003051 1.004407 1.005811 1.008839 1.009616 1.004043 1.004571 1.006122 1.006540 1.008370 1.006587 1.009019 1.010311 1.012014 1.017698 
1.004462 1.010462 1.016515 1.017974 1.022305 1.006822 1.009712 1.010841 1.015423 1.021260 1.008770 1.011385 1.013651 1.016070 1.023604 1.009199 1.014023 1.023122 1.020860 1.025375 1.012695 1.011654 1.015596 1.021050 1.025408 1.011512 1.014848 1.017766 1.022290 1.026323 1.015718 1.021006 1.027130 1.026612 1.030471 1.019631 1.020331 1.024901 1.024364 1.029893 1.020701 1.025148 1.024000 1.026996 1.032576 1.014286 1.020960 1.028290 1.030595 1.016856 1.019531 1.029701 1.026208 1.017716 1.044344 1.022518 1.022546 1.026439 1.024984 1.016856 1.018110 1.021049 1.027343 1.025097 1.019278 1.021249 1.022866 1.024906 1.022870 1.023723 1.020672 1.024060 1.023407 1.025177 1.032767 1.014054 1.017451 1.027173 1.023639 1.034978 1.017891 1.020283 1.020373 1.020908 1.029593 1.016222 1.020117 1.019831 1.021309 1.027991 1.014005 1.018674 1.021060 1.023504 1.027885 1.016138 1.017049 1.020048 1.022252 1.025353 1.013286 1.019869 1.017632 1.022042 1.026029 1.007879 1.010740 1.012959 1.014275 1.016712 1.016290 1.018772 1.021429 1.022833 1.028226 1.016131 1.020087 1.021625 1.020070 1.025757 1.005679 1.009008 1.012217 1.016460 1.017269 1.007894 1.010483 1.012419 1.013396 1.017079 1.012859 1.016630 1.018427 1.020863 1.027225 
0.998043 1.000007 1.000114 1.004734 1.004325 0.997774 0.996117 1.000814 1.003073 1.006329 0.997978 1.000570 0.998407 1.000408 1.011233 0.997050 1.001059 1.013188 1.003367 1.018515 1.000221 0.996401 1.001405 1.006645 1.008623 1.000854 1.002561 1.003501 1.009791 1.014462 1.000552 1.006916 1.012416 1.020568 1.010462 1.003490 1.004946 1.008692 1.009348 1.008861 1.008118 1.010465 1.010461 1.015609 1.021309 1.002288 1.005599 1.023545 1.010806 0.972749 0.996108 1.011915 1.007012 0.991887 1.048892 1.009390 1.009096 1.009666 1.004894 0.972749 1.005122 1.008429 1.013733 1.013837 1.002886 1.009533 1.009497 1.014152 1.005512 1.012782 1.008500 1.009475 1.008509 1.009691 1.023623 0.999279 1.001797 1.014090 1.004643 1.028481 1.003742 1.002708 1.000101 1.010654 1.017354 1.001702 1.004895 1.004736 1.006642 1.013636 1.001498 1.005620 1.007418 1.009521 1.015752 1.000099 0.998959 1.007091 1.011287 1.012884 1.005855 1.008809 1.005433 1.010188 1.013137 0.997045 0.996882 0.998273 0.998157 1.000558 1.001218 1.003424 1.007360 1.009138 1.015872 0.998661 1.009158 1.009607 1.005034 1.010479 0.996778 0.997840 0.999139 1.002948 1.003946 0.997581 0.997122 0.999473 1.000056 1.001197 1.000110 1.003034 1.004330 1.006473 1.015030 
1.003692 1.005010 1.007092 1.005804 1.007855 1.003986 1.006186 1.004338 1.005667 1.006542 1.005206 1.004935 1.006651 1.006773 1.005680 1.005697 1.005777 1.004407 1.007655 1.003161 1.005547 1.006556 1.006163 1.006312 1.007387 1.004653 1.005516 1.006205 1.005529 1.005290 1.006579 1.006312 1.006527 1.002834 1.008805 1.007035 1.006710 1.007119 1.006610 1.009232 1.005552 1.006483 1.005979 1.005680 1.005116 1.005213 1.006713 1.002320 1.008713 1.018857 1.010080 1.007838 1.008372 1.011045 0.998562 1.005795 1.005994 1.007378 1.008779 1.018857 1.005934 1.005580 1.006053 1.005030 1.007163 1.005204 1.005902 1.004761 1.007572 1.004877 1.005365 1.006418 1.006580 1.006818 1.004231 1.006473 1.007009 1.005810 1.008282 1.003135 1.006208 1.007645 1.008801 1.004551 1.005491 1.006402 1.006645 1.006586 1.006415 1.006380 1.005659 1.005853 1.006066 1.006195 1.005446 1.006988 1.007882 1.005662 1.004869 1.005557 1.003234 1.004865 1.005349 1.005738 1.005745 1.005258 1.006154 1.006441 1.007286 1.007015 1.006761 1.006702 1.006221 1.006070 1.005544 1.007560 1.004827 1.005302 1.006587 1.006749 1.004219 1.005367 1.005760 1.006049 1.005861 1.004486 1.006229 1.005723 1.005822 1.006986 1.005846 1.006124 1.006173 1.006305 1.005451 
0.998278 0.994683 0.990792 0.990421 0.987850 0.996287 0.994656 0.994233 0.991931 0.988668 0.995510 0.993987 0.992349 0.991075 0.987886 0.995107 0.992496 0.988249 0.988682 0.987402 0.993151 0.993276 0.991527 0.988786 0.986458 0.993829 0.992137 0.990417 0.988387 0.986494 0.991307 0.988913 0.985854 0.986881 0.983745 0.989285 0.989038 0.986763 0.987121 0.983925 0.989146 0.986797 0.987451 0.986623 0.983569 0.992302 0.988738 0.986171 0.983706 0.987994 0.988714 0.984347 0.985921 0.989421 0.979414 0.988207 0.988189 0.985976 0.986336 0.987994 0.990525 0.988950 0.985863 0.987226 0.989419 0.989001 0.988054 0.987355 0.987642 0.987799 0.989216 0.987342 0.987613 0.986695 0.983648 0.992235 0.990559 0.985994 0.987112 0.982843 0.990388 0.988856 0.988545 0.989205 0.984899 0.991191 0.989188 0.989285 0.988648 0.985488 0.992547 0.990162 0.988920 0.987681 0.985732 0.990925 0.990395 0.989434 0.988535 0.986915 0.993254 0.989701 0.990700 0.988852 0.986552 0.995944 0.993957 0.992752 0.992135 0.990724 0.991183 0.989828 0.988681 0.988013 0.985554 0.990916 0.989602 0.988782 0.989218 0.986432 0.997042 0.995325 0.993289 0.991237 0.990732 0.995586 0.994353 0.993213 0.992628 0.990642 0.993153 0.991167 0.990114 0.988898 0.986036 
0.999537 0.997696 0.996230 0.994164 0.993323 0.999399 0.999363 0.997351 0.995390 0.992792 0.998902 0.997144 0.997564 0.996219 0.990430 0.999153 0.996505 0.989704 0.994007 0.987208 0.997122 0.998777 0.995995 0.992734 0.991019 0.997142 0.995728 0.994670 0.991231 0.988539 0.996257 0.992661 0.989199 0.986154 0.989154 0.994255 0.993518 0.991061 0.990936 0.989893 0.992265 0.990362 0.990607 0.987992 0.984534 0.995870 0.993140 0.984665 0.988995 1.006581 0.997020 0.988751 0.991374 0.998992 0.971395 0.991379 0.991479 0.990348 0.992510 1.006581 0.994003 0.992014 0.988631 0.989157 0.994631 0.991726 0.991290 0.988918 0.992716 0.989772 0.992093 0.990966 0.991508 0.990622 0.983626 0.997150 0.995398 0.988481 0.992884 0.981278 0.994592 0.994401 0.995394 0.991210 0.986709 0.995756 0.993592 0.993711 0.992654 0.988535 0.996276 0.993579 0.992443 0.991088 0.987725 0.996309 0.996660 0.992747 0.990644 0.989395 0.994792 0.992165 0.993980 0.991089 0.989148 0.999239 0.998778 0.997770 0.997501 0.996020 0.995862 0.994499 0.992393 0.991284 0.987601 0.996961 0.991957 0.991424 0.993549 0.990225 0.999702 0.998729 0.997593 0.995155 0.994639 0.999241 0.998774 0.997430 0.996962 0.995683 0.997006 0.995108 0.994225 0.992844 0.988146 
0.995545 0.982069 0.970590 0.961679 0.954680 0.991111 0.988645 0.979513 0.968856 0.953675 0.987926 0.979226 0.978099 0.970958 0.943074 0.988456 0.973746 0.940749 0.958559 0.929513 0.977450 0.984266 0.970400 0.953605 0.943269 0.978352 0.970413 0.963681 0.947079 0.933476 0.971427 0.953547 0.934948 0.924505 0.931807 0.960507 0.957205 0.944006 0.944054 0.935047 0.952201 0.941122 0.943127 0.931630 0.912988 0.971501 0.955209 0.917488 0.931110 1.008148 0.970798 0.931071 0.943930 0.979710 0.854016 0.947227 0.947771 0.939958 0.949202 1.008148 0.961311 0.951083 0.932712 0.936453 0.962044 0.949273 0.946442 0.936213 0.951953 0.940411 0.951680 0.944364 0.946974 0.942142 0.909492 0.976202 0.966987 0.932467 0.951839 0.898853 0.963268 0.960423 0.963935 0.948304 0.923725 0.969083 0.957652 0.958405 0.953119 0.931719 0.973343 0.959281 0.952635 0.945357 0.928990 0.971497 0.971448 0.954649 0.945048 0.937422 0.968154 0.952597 0.961273 0.947323 0.935886 0.990681 0.985500 0.979574 0.977796 0.969707 0.969851 0.962058 0.952013 0.946964 0.928222 0.973306 0.951785 0.948438 0.957614 0.940068 0.994348 0.987570 0.979652 0.967030 0.964081 0.989170 0.985910 0.978914 0.976257 0.968275 0.977431 0.966632 0.961440 0.954165 0.931126 
0.989514 0.980511 0.970253 0.970639 0.962310 0.987041 0.979692 0.981572 0.973478 0.965605 0.982211 0.979726 0.974482 0.971264 0.963932 0.980866 0.975432 0.966590 0.964550 0.965845 0.977446 0.976926 0.973049 0.966145 0.959410 0.980220 0.974681 0.970232 0.965918 0.961497 0.972063 0.966110 0.958796 0.964906 0.951304 0.966653 0.966324 0.960345 0.961740 0.951322 0.967814 0.961110 0.963190 0.959514 0.954516 0.975788 0.965607 0.963729 0.951300 0.951715 0.962082 0.953694 0.956952 0.962753 0.950885 0.965273 0.965081 0.958166 0.957693 0.951715 0.970077 0.967274 0.959255 0.963683 0.966971 0.967976 0.964826 0.964002 0.962019 0.965129 0.968112 0.962475 0.963052 0.960484 0.955629 0.974177 0.969114 0.959729 0.960034 0.954744 0.970261 0.964982 0.963110 0.968892 0.957398 0.971722 0.966765 0.967060 0.965659 0.958031 0.975483 0.969631 0.966486 0.963474 0.959489 0.970733 0.968705 0.968293 0.966896 0.962332 0.980129 0.969791 0.971815 0.965517 0.961257 0.982961 0.978418 0.975415 0.972296 0.970191 0.970840 0.968367 0.965846 0.964461 0.958945 0.970225 0.969569 0.967056 0.966920 0.959967 0.987722 0.981637 0.977335 0.971898 0.971276 0.984846 0.978578 0.977290 0.975903 0.969631 0.976415 0.971541 0.969519 0.966428 0.960256 
0.991814 1.000399 1.006147 1.013995 1.015703 0.995552 0.993927 1.002933 1.009253 1.018452 0.995519 1.002695 1.001025 1.006441 1.027046 0.994799 1.004715 1.031369 1.012815 1.041100 1.002749 0.997139 1.006780 1.018971 1.024025 1.003700 1.008102 1.012056 1.024857 1.034645 1.006196 1.018859 1.030821 1.045018 1.029457 1.013200 1.016101 1.024372 1.025257 1.026540 1.020939 1.027044 1.026730 1.034881 1.048569 1.008884 1.017331 1.050619 1.030085 0.960712 1.001227 1.031665 1.022142 0.993541 1.099509 1.023932 1.023081 1.026597 1.017956 0.960712 1.013908 1.022170 1.033273 1.031474 1.011369 1.022079 1.023736 1.033731 1.018270 1.030789 1.021816 1.025041 1.022820 1.026152 1.052492 1.002611 1.008528 1.034374 1.017078 1.061526 1.011772 1.012122 1.007661 1.026130 1.040763 1.007591 1.015627 1.015643 1.019279 1.033217 1.005720 1.015505 1.019883 1.024630 1.037085 1.006374 1.003001 1.019580 1.027711 1.031067 1.013717 1.022017 1.014826 1.024182 1.031764 0.994145 0.997187 1.000680 1.000647 1.006816 1.007143 1.012001 1.019955 1.023783 1.037421 1.002342 1.022911 1.024375 1.015823 1.027368 0.992483 0.995861 1.001781 1.010080 1.012390 0.996110 0.995890 1.002104 1.004256 1.007976 1.002692 1.010027 1.013506 1.018439 1.035665 
1.010611 1.017175 1.025122 1.024239 1.031235 1.011655 1.018246 1.015736 1.022354 1.028202 1.016167 1.017516 1.021970 1.024232 1.029133 1.017268 1.020993 1.026341 1.029565 1.026268 1.019363 1.020102 1.022731 1.027694 1.033111 1.016850 1.021336 1.024711 1.027446 1.030491 1.023586 1.027829 1.033140 1.026784 1.039654 1.027688 1.027740 1.032254 1.030990 1.039858 1.026134 1.031418 1.029644 1.032595 1.035453 1.020163 1.028271 1.027385 1.039610 1.044457 1.032479 1.037424 1.035325 1.032460 1.034759 1.028085 1.028352 1.033963 1.035025 1.044457 1.024892 1.026510 1.032551 1.028929 1.027593 1.025983 1.028508 1.028382 1.031267 1.027661 1.025796 1.030387 1.030085 1.032003 1.034208 1.022120 1.026081 1.032027 1.033067 1.034291 1.024759 1.029204 1.031158 1.024773 1.033559 1.023860 1.027412 1.027139 1.028075 1.033616 1.020894 1.025111 1.027393 1.029590 1.032061 1.024693 1.026780 1.025781 1.026370 1.030075 1.016093 1.024331 1.023169 1.028269 1.030947 1.015683 1.018955 1.021202 1.024026 1.025141 1.024705 1.026354 1.027921 1.028840 1.032504 1.025496 1.024449 1.026493 1.027273 1.032376 1.011686 1.016658 1.019480 1.023551 1.023828 1.013511 1.019182 1.019508 1.020463 1.025589 1.020400 1.023904 1.025241 1.027499 1.031499 
1.000128 0.989575 0.981415 0.971871 0.967745 0.996732 0.996828 0.986542 0.978158 0.965415 0.995099 0.986788 0.987799 0.981395 0.954677 0.996021 0.982931 0.951334 0.971169 0.939609 0.985962 0.993296 0.980274 0.965044 0.956789 0.985857 0.979467 0.974159 0.958270 0.945601 0.981610 0.964932 0.948281 0.934673 0.947969 0.972109 0.968786 0.957212 0.956672 0.951392 0.962933 0.953864 0.955138 0.944155 0.926765 0.980214 0.966959 0.927655 0.947232 1.028633 0.985010 0.946279 0.958652 0.994321 0.865772 0.958649 0.959383 0.953814 0.963739 1.028633 0.971592 0.962035 0.945745 0.948049 0.973576 0.959826 0.958075 0.947663 0.964983 0.951415 0.962301 0.956778 0.959287 0.955173 0.922547 0.985831 0.977964 0.945297 0.965648 0.911648 0.973761 0.972738 0.977182 0.958235 0.936950 0.979217 0.969152 0.969714 0.964751 0.945199 0.982336 0.969674 0.963883 0.957410 0.941668 0.982016 0.982988 0.965352 0.955693 0.949473 0.974989 0.962575 0.971026 0.958932 0.948284 0.997535 0.993962 0.988835 0.988096 0.980518 0.980316 0.973229 0.963484 0.958687 0.941085 0.984381 0.961801 0.959319 0.969036 0.953172 0.999783 0.994872 0.988191 0.977041 0.974052 0.995579 0.994495 0.987482 0.985169 0.979162 0.986183 0.976740 0.972048 0.965571 0.943625 
1.001739 1.011498 1.020048 1.025730 1.030574 1.005676 1.007405 1.013697 1.020712 1.031146 1.007487 1.013628 1.014802 1.019780 1.037880 1.007352 1.017477 1.039706 1.027874 1.046952 1.014936 1.010863 1.019943 1.031192 1.038063 1.014457 1.019706 1.024513 1.035440 1.044488 1.019371 1.031040 1.043483 1.050226 1.045797 1.026679 1.028891 1.037649 1.037570 1.043686 1.031990 1.039447 1.038115 1.045086 1.058005 1.019280 1.030186 1.054778 1.046251 0.996051 1.020247 1.046266 1.037870 1.014528 1.096489 1.035329 1.034799 1.040336 1.034286 0.996051 1.025688 1.032776 1.044965 1.042309 1.025533 1.033711 1.035803 1.042774 1.032458 1.039853 1.032379 1.037337 1.035497 1.038853 1.060214 1.016080 1.022139 1.045216 1.032563 1.067170 1.024587 1.026791 1.024508 1.034621 1.050937 1.020755 1.028547 1.028084 1.031570 1.045620 1.017659 1.027177 1.031707 1.036584 1.047391 1.019344 1.019218 1.030547 1.036797 1.041791 1.021349 1.031784 1.025953 1.034723 1.042818 1.005712 1.009788 1.013849 1.014876 1.020547 1.020220 1.025525 1.032160 1.035492 1.047907 1.018108 1.032306 1.034576 1.028513 1.040149 1.003213 1.007759 1.013748 1.022056 1.024117 1.007160 1.009084 1.014130 1.016069 1.021461 1.014882 1.022276 1.025918 1.030801 1.046000 
0.999468 0.998049 0.996711 0.996459 0.995500 0.998966 0.998210 0.998066 0.996918 0.995754 0.998409 0.997924 0.997377 0.996806 0.995215 0.998277 0.997343 0.995364 0.995893 0.994884 0.997641 0.997777 0.997013 0.995774 0.994860 0.997894 0.997112 0.996489 0.995536 0.994680 0.996908 0.995767 0.994542 0.994631 0.993804 0.996043 0.995906 0.994953 0.995062 0.993918 0.995884 0.994931 0.995163 0.994428 0.993412 0.997210 0.995781 0.994278 0.993779 0.996495 0.996054 0.993983 0.994709 0.996450 0.991062 0.995490 0.995525 0.994638 0.994910 0.996495 0.996391 0.995782 0.994500 0.995055 0.996136 0.995854 0.995460 0.995016 0.995372 0.995201 0.995892 0.995159 0.995303 0.994897 0.993365 0.997272 0.996490 0.994513 0.995204 0.992925 0.996514 0.995916 0.995883 0.995776 0.994014 0.996807 0.995984 0.995993 0.995717 0.994374 0.997317 0.996320 0.995779 0.995279 0.994373 0.996730 0.996669 0.995993 0.995526 0.994910 0.997485 0.996055 0.996561 0.995525 0.994770 0.998595 0.997931 0.997467 0.997129 0.996683 0.996731 0.996294 0.995705 0.995451 0.994305 0.996859 0.996001 0.995689 0.995993 0.994790 0.999268 0.998386 0.997637 0.996752 0.996567 0.998678 0.998014 0.997634 0.997391 0.996571 0.997545 0.996705 0.996352 0.995833 0.994509 
1.005408 1.011882 1.017911 1.022172 1.026369 1.006538 1.008798 1.012767 1.018719 1.026490 1.009096 1.013199 1.014020 1.017616 1.031906 1.008896 1.016224 1.032388 1.024363 1.037806 1.014132 1.010781 1.017905 1.026456 1.032189 1.013325 1.017775 1.021251 1.029525 1.036481 1.017343 1.026608 1.036281 1.040300 1.038568 1.023091 1.024668 1.031632 1.031431 1.037029 1.026975 1.032997 1.031753 1.038153 1.047088 1.016750 1.025729 1.043775 1.038899 1.002306 1.018710 1.038617 1.032107 1.014405 1.075520 1.029642 1.029382 1.033829 1.029502 1.002306 1.022603 1.027408 1.037254 1.035197 1.022464 1.028709 1.030201 1.034873 1.027652 1.032727 1.027132 1.031277 1.029993 1.032498 1.048601 1.015035 1.019958 1.037187 1.027957 1.053760 1.021545 1.023353 1.021939 1.028504 1.041628 1.018699 1.024461 1.023976 1.026706 1.037913 1.016338 1.023585 1.026964 1.030729 1.038935 1.017232 1.017957 1.025654 1.030289 1.034610 1.018046 1.026524 1.022263 1.029703 1.035471 1.007770 1.010074 1.013230 1.014567 1.018330 1.018358 1.022300 1.027343 1.029905 1.039368 1.016911 1.026848 1.028729 1.024427 1.033618 1.005553 1.009338 1.012970 1.019537 1.020964 1.007730 1.010214 1.013338 1.014611 1.019142 1.014418 1.019860 1.022434 1.026191 1.037815 
0.987833 0.979046 0.969288 0.967468 0.959994 0.984168 0.979306 0.977954 0.971751 0.962262 0.981043 0.977473 0.973262 0.970158 0.959325 0.980433 0.972698 0.961227 0.961870 0.958390 0.974899 0.976469 0.970306 0.962748 0.955283 0.977207 0.972197 0.967653 0.961459 0.955567 0.970569 0.962795 0.952898 0.956644 0.946808 0.964595 0.963864 0.956632 0.957783 0.947444 0.963478 0.956276 0.958513 0.954729 0.945867 0.973999 0.962776 0.954290 0.946671 0.961802 0.963278 0.948674 0.953878 0.965617 0.931529 0.960567 0.960259 0.954052 0.955408 0.961802 0.967331 0.963424 0.952999 0.956154 0.964453 0.961470 0.959490 0.958254 0.959559 0.959877 0.963876 0.958095 0.958774 0.956384 0.946085 0.972830 0.967964 0.953933 0.957886 0.943314 0.966898 0.963177 0.962211 0.964502 0.950307 0.969531 0.963999 0.964809 0.962469 0.951649 0.973303 0.966425 0.962834 0.958981 0.952765 0.970404 0.966770 0.964945 0.962241 0.956454 0.976000 0.965379 0.968070 0.962171 0.955286 0.982935 0.978514 0.974796 0.972763 0.968957 0.970042 0.965495 0.962053 0.960049 0.952180 0.968493 0.965323 0.962728 0.964143 0.955214 0.985632 0.980841 0.976389 0.969986 0.968604 0.982294 0.978406 0.975845 0.974681 0.968700 0.975120 0.969538 0.966524 0.962910 0.953797 
0.988017 0.978654 0.967976 0.967954 0.959357 0.984833 0.977852 0.979063 0.971397 0.962681 0.980352 0.977637 0.972178 0.969029 0.960856 0.979164 0.972839 0.963658 0.961520 0.962513 0.974984 0.974927 0.970378 0.963257 0.955954 0.977836 0.972315 0.967650 0.962911 0.958080 0.969728 0.963256 0.954978 0.961388 0.947356 0.964009 0.963665 0.957153 0.958603 0.947461 0.964803 0.957687 0.959976 0.956506 0.950228 0.973782 0.962810 0.959934 0.947333 0.949832 0.959755 0.949868 0.953665 0.960770 0.944832 0.962069 0.961755 0.954762 0.954487 0.949832 0.967537 0.964429 0.955471 0.959701 0.964063 0.964216 0.961353 0.960866 0.959136 0.962043 0.965222 0.959243 0.959766 0.957242 0.951269 0.971919 0.966832 0.956224 0.957044 0.950061 0.967350 0.962259 0.960343 0.966192 0.953529 0.969183 0.964011 0.964503 0.962838 0.954099 0.973180 0.966958 0.963594 0.960254 0.955734 0.968683 0.965746 0.965653 0.964038 0.958813 0.977858 0.966985 0.969056 0.962824 0.957653 0.981594 0.976756 0.973423 0.970511 0.967829 0.968761 0.965497 0.962847 0.961320 0.955151 0.967465 0.966845 0.964188 0.964169 0.956489 0.985836 0.979915 0.975439 0.969620 0.968737 0.982567 0.976781 0.975208 0.973888 0.967431 0.974405 0.969197 0.966783 0.963497 0.956588 
1.008124 1.012656 1.018225 1.017076 1.021664 1.010634 1.014345 1.012763 1.015399 1.019389 1.012408 1.013075 1.016708 1.017570 1.018745 1.013215 1.015758 1.016752 1.021103 1.015782 1.014906 1.015777 1.017021 1.018908 1.022324 1.013199 1.015360 1.017565 1.018196 1.019405 1.017262 1.018759 1.021910 1.015813 1.026467 1.019326 1.019092 1.021547 1.020541 1.026862 1.017775 1.020878 1.019574 1.019452 1.021826 1.014465 1.019406 1.015725 1.026382 1.035772 1.023767 1.024709 1.024055 1.024509 1.016985 1.018854 1.019218 1.022595 1.024058 1.035772 1.017008 1.017669 1.021241 1.019317 1.019625 1.018176 1.019432 1.018084 1.021376 1.017648 1.017403 1.020310 1.020346 1.021207 1.020548 1.016551 1.018231 1.020571 1.022764 1.019847 1.017875 1.020555 1.022347 1.015948 1.021110 1.017290 1.019056 1.018623 1.019104 1.022073 1.015167 1.017187 1.018513 1.019759 1.020413 1.017537 1.020173 1.017464 1.017031 1.019617 1.011537 1.016352 1.016396 1.017628 1.020183 1.011624 1.014391 1.015872 1.017195 1.018211 1.017314 1.018835 1.018978 1.019221 1.020706 1.019328 1.016244 1.017586 1.018903 1.021479 1.009922 1.012477 1.014547 1.016530 1.016746 1.011705 1.014376 1.014719 1.015103 1.018084 1.014782 1.016720 1.017806 1.018910 1.020153 
0.993404 0.989485 0.985259 0.984938 0.981448 0.991638 0.989171 0.989209 0.986685 0.982722 0.990130 0.989069 0.986791 0.985705 0.981973 0.989826 0.986758 0.983118 0.982051 0.982531 0.987692 0.988082 0.985753 0.983040 0.979803 0.988889 0.986804 0.984880 0.982806 0.980670 0.985879 0.983068 0.979123 0.981977 0.976040 0.983535 0.983356 0.980444 0.981084 0.976137 0.983528 0.980482 0.981541 0.980284 0.976955 0.987698 0.982926 0.981283 0.976019 0.978326 0.981904 0.977068 0.978853 0.982387 0.973710 0.982353 0.982104 0.979351 0.979417 0.978326 0.984872 0.983559 0.979330 0.980719 0.983393 0.982693 0.981802 0.981793 0.981400 0.982519 0.983744 0.981194 0.981392 0.980459 0.977388 0.986710 0.984792 0.979826 0.980513 0.976694 0.984501 0.982745 0.981977 0.984433 0.978553 0.985510 0.983360 0.983802 0.982900 0.978674 0.987176 0.984616 0.983132 0.981607 0.979500 0.985885 0.983866 0.984093 0.983390 0.980854 0.989029 0.984504 0.985272 0.982998 0.980336 0.991089 0.989057 0.987544 0.986535 0.985144 0.985680 0.983843 0.982772 0.982143 0.979233 0.984625 0.984526 0.983338 0.983451 0.980009 0.992391 0.990168 0.988368 0.985825 0.985424 0.990823 0.988847 0.988113 0.987725 0.985097 0.987871 0.985628 0.984460 0.983061 0.979896 
0.988018 0.978308 0.967894 0.964896 0.957168 0.984486 0.979564 0.976968 0.969697 0.959008 0.980989 0.976489 0.972654 0.968726 0.954665 0.980484 0.971416 0.956011 0.959459 0.951771 0.974014 0.976424 0.968761 0.959426 0.951180 0.976192 0.970422 0.965350 0.957273 0.949873 0.969188 0.959446 0.947735 0.949437 0.941826 0.962166 0.960979 0.952479 0.953520 0.942901 0.959871 0.951710 0.954014 0.948639 0.938018 0.972254 0.959702 0.946267 0.941595 0.967166 0.962550 0.943346 0.949964 0.965974 0.916005 0.956486 0.956390 0.949548 0.952229 0.967166 0.964673 0.959704 0.947464 0.950825 0.962306 0.957600 0.955387 0.952623 0.956318 0.954817 0.960130 0.953823 0.954891 0.951969 0.937688 0.971890 0.966105 0.948244 0.954820 0.933548 0.964675 0.960879 0.960587 0.960174 0.943660 0.967856 0.961169 0.962022 0.959089 0.946107 0.971904 0.963549 0.959331 0.954777 0.946680 0.969142 0.965857 0.961511 0.957647 0.951301 0.973432 0.961580 0.965364 0.957999 0.950021 0.982998 0.978440 0.974179 0.972029 0.967500 0.968410 0.963217 0.958539 0.955967 0.946035 0.967606 0.961436 0.958592 0.961328 0.950615 0.986085 0.980731 0.975597 0.967955 0.966282 0.982488 0.978394 0.975047 0.973597 0.966981 0.974084 0.967473 0.964014 0.959655 0.947934 
1.004408 1.000807 1.000029 0.991653 0.992773 1.003926 1.007594 0.998050 0.995090 0.988915 1.004517 0.999190 1.003131 0.999456 0.980465 1.006122 0.998234 0.976259 0.994394 0.966761 0.999881 1.006477 0.997433 0.988330 0.985012 0.998283 0.995736 0.993809 0.982663 0.974251 0.999216 0.988159 0.978031 0.963069 0.981889 0.994126 0.991421 0.984824 0.983618 0.984808 0.985607 0.981539 0.981484 0.973436 0.961956 0.995958 0.990260 0.957776 0.981261 1.050675 1.007523 0.979071 0.987788 1.014979 0.911795 0.983342 0.984162 0.983114 0.991918 1.050675 0.991520 0.985171 0.975586 0.975031 0.995259 0.982818 0.983045 0.974464 0.990518 0.977278 0.984866 0.983246 0.985157 0.983013 0.957796 1.001501 0.997497 0.974919 0.992198 0.948951 0.993516 0.995548 1.000415 0.981052 0.969096 0.997247 0.991462 0.991847 0.988317 0.975790 0.997728 0.990237 0.987057 0.983234 0.971988 1.000492 1.002314 0.987334 0.979926 0.977119 0.988978 0.984144 0.990264 0.983001 0.976693 1.006137 1.006080 1.003414 1.004259 0.999342 0.998552 0.994080 0.987093 0.983824 0.971779 1.002551 0.983645 0.982872 0.991331 0.981610 1.005771 1.004712 1.001756 0.995218 0.993185 1.004099 1.006127 1.001236 1.000099 0.998335 1.000391 0.995101 0.992421 0.988601 0.973247 
0.991140 0.992773 0.992602 0.996950 0.994928 0.992769 0.989063 0.994816 0.995184 0.997582 0.990676 0.993979 0.991285 0.993122 1.001481 0.989853 0.993524 1.004936 0.994135 1.009927 0.993200 0.990087 0.993887 0.998060 0.998378 0.994772 0.995081 0.995771 1.001163 1.004880 0.993261 0.997895 1.001814 1.011705 0.998420 0.995132 0.996586 0.998919 0.999898 0.996851 0.999705 1.000617 1.001200 1.003858 1.009893 0.996062 0.996988 1.014309 0.998758 0.961444 0.987041 1.000469 0.996494 0.983128 1.036099 1.000416 0.999876 0.999338 0.994503 0.961444 0.996539 1.000219 1.003309 1.003869 0.994229 1.000309 1.000124 1.005281 0.996223 1.004101 1.000294 1.000027 0.999023 0.999930 1.012412 0.991990 0.993321 1.004098 0.994868 1.016973 0.995598 0.993948 0.990864 1.002936 1.006712 0.993805 0.996473 0.996610 0.998060 1.002833 0.994087 0.997372 0.998613 1.000136 1.005456 0.992928 0.990288 0.999166 1.003071 1.003222 1.000186 1.001002 0.997815 1.000408 1.003214 0.990258 0.990537 0.991393 0.990109 0.992937 0.993189 0.995067 0.998440 1.000082 1.005441 0.990479 1.001419 1.001311 0.996636 1.000387 0.991291 0.990745 0.992663 0.995193 0.996298 0.992329 0.989691 0.992819 0.993556 0.993295 0.992720 0.995003 0.996284 0.997865 1.004972 
1.010057 1.015222 1.022015 1.019319 1.025732 1.010645 1.017565 1.013136 1.018593 1.022230 1.015127 1.014969 1.019814 1.021109 1.021261 1.016438 1.017924 1.017953 1.024541 1.015722 1.016691 1.018953 1.019210 1.021664 1.025635 1.014202 1.017682 1.020252 1.020202 1.021064 1.020426 1.021745 1.024101 1.015348 1.030716 1.022936 1.022430 1.024927 1.023549 1.031538 1.019640 1.023414 1.021879 1.022960 1.022678 1.016775 1.022617 1.014666 1.030539 1.050073 1.030206 1.028188 1.028329 1.031915 1.010991 1.020868 1.021158 1.026037 1.028874 1.050073 1.019912 1.019981 1.023081 1.019683 1.022978 1.018704 1.021118 1.019376 1.025345 1.019242 1.019234 1.022921 1.022983 1.024304 1.020642 1.019647 1.022339 1.022573 1.027270 1.018766 1.020074 1.024584 1.027327 1.017558 1.022600 1.020211 1.022116 1.021997 1.022037 1.024034 1.017730 1.019776 1.021128 1.022192 1.021886 1.021691 1.023700 1.019849 1.018713 1.021241 1.011646 1.017822 1.018051 1.021345 1.021908 1.015082 1.017953 1.019293 1.022079 1.021826 1.021381 1.021690 1.021582 1.021607 1.022231 1.022731 1.017820 1.019458 1.021931 1.024258 1.011136 1.015544 1.017449 1.019589 1.019308 1.012503 1.018217 1.017256 1.017906 1.022104 1.017886 1.019894 1.020371 1.021536 1.021676 
0.998093 0.984521 0.973684 0.962032 0.956074 0.994608 0.993529 0.981301 0.969807 0.953520 0.991492 0.981226 0.982040 0.973769 0.940023 0.992590 0.975994 0.936145 0.960512 0.921776 0.980171 0.989059 0.972628 0.953149 0.942330 0.980283 0.971730 0.964761 0.944766 0.928675 0.974167 0.952975 0.931787 0.915620 0.930553 0.961917 0.957726 0.942855 0.942359 0.934768 0.950765 0.938866 0.940629 0.926255 0.904753 0.972769 0.955426 0.906933 0.929645 1.029881 0.977104 0.928652 0.944129 0.988476 0.829336 0.945222 0.946207 0.938447 0.950674 1.029881 0.961515 0.949480 0.928671 0.932016 0.963898 0.947115 0.944484 0.931275 0.952553 0.936260 0.949946 0.942547 0.945810 0.940370 0.899744 0.979522 0.969206 0.928070 0.953190 0.886231 0.964416 0.962485 0.967812 0.945048 0.917598 0.971176 0.958226 0.958970 0.952680 0.927889 0.975263 0.959090 0.951706 0.943455 0.923667 0.974619 0.975719 0.953638 0.941656 0.933607 0.966781 0.950435 0.961120 0.944896 0.932031 0.994393 0.989876 0.983346 0.981909 0.972629 0.972258 0.963470 0.951177 0.945104 0.922883 0.977461 0.949461 0.946098 0.958146 0.937924 0.997877 0.991099 0.982697 0.968364 0.964806 0.992760 0.990297 0.981915 0.978914 0.970759 0.980017 0.967921 0.962133 0.953821 0.926156 
1.011960 1.011093 1.014012 1.005432 1.009286 1.014372 1.019255 1.010090 1.006959 1.004109 1.014919 1.010296 1.016586 1.013006 0.995070 1.016826 1.011590 0.989477 1.010954 0.979682 1.012636 1.019194 1.011658 1.003178 1.002456 1.010051 1.008269 1.007784 0.997029 0.989566 1.012799 1.002767 0.995682 0.976163 1.002171 1.008969 1.006046 1.001323 0.999424 1.005270 1.000013 0.998043 0.996905 0.987645 0.979551 1.007270 1.005261 0.971039 1.001504 1.075191 1.024732 0.998130 1.005985 1.032389 0.927763 0.998549 0.999691 1.000461 1.010031 1.075191 1.004812 0.998937 0.992707 0.991799 1.010883 0.999029 0.999175 0.988714 1.006652 0.991186 0.998799 0.999203 1.001275 0.999334 0.974628 1.014804 1.011225 0.991059 1.009308 0.965604 1.008259 1.011267 1.017358 0.993548 0.985882 1.011189 1.006308 1.006014 1.003125 0.993648 1.010067 1.003864 1.001627 0.998868 0.988375 1.013401 1.018802 1.000957 0.993226 0.992940 0.999269 0.997418 1.003837 0.995726 0.992938 1.015225 1.017158 1.015877 1.016823 1.013389 1.011442 1.009218 1.002148 0.999045 0.988381 1.018375 0.996572 0.996713 1.006010 0.998485 1.015210 1.014816 1.013289 1.007963 1.006548 1.015173 1.017280 1.013169 1.012002 1.011914 1.012064 1.008071 1.006706 1.003582 0.989409 
0.992902 0.992936 0.990413 0.997708 0.994134 0.992506 0.986918 0.995702 0.995598 0.998443 0.990325 0.994221 0.989137 0.991220 1.005119 0.988539 0.993573 1.009478 0.993439 1.017427 0.992877 0.987028 0.993523 0.999130 0.999869 0.995086 0.995485 0.995715 1.003883 1.009655 0.991701 0.999274 1.005626 1.020292 0.999947 0.994356 0.996525 1.000276 1.001757 0.997462 1.001996 1.003344 1.004035 1.009630 1.017946 0.995616 0.997302 1.024480 1.000482 0.941380 0.981370 1.003064 0.996599 0.975130 1.059626 1.003129 1.002420 1.001051 0.993423 0.941380 0.997634 1.002169 1.007834 1.009712 0.993562 1.004497 1.003244 1.010150 0.995920 1.008242 1.002684 1.002290 1.000901 1.001870 1.021883 0.990397 0.992202 1.008503 0.993877 1.029149 0.996044 0.992598 0.987885 1.006206 1.012764 0.993286 0.996626 0.996408 0.998958 1.007283 0.994056 0.998643 1.000311 1.002633 1.010978 0.990256 0.988104 1.000593 1.006508 1.007508 1.002923 1.003815 0.999260 1.003355 1.007534 0.989240 0.987812 0.989160 0.987404 0.991008 0.991835 0.994934 1.000088 1.002509 1.010980 0.988309 1.004174 1.004019 0.996813 1.002941 0.991258 0.990066 0.991153 0.995015 0.996624 0.991622 0.987782 0.991622 0.992146 0.991641 0.992091 0.995002 0.996705 0.998982 1.010142 
0.996986 0.994546 0.990533 0.993606 0.990574 0.994570 0.991618 0.994754 0.993946 0.992950 0.993917 0.994285 0.990900 0.991050 0.995789 0.992786 0.993085 0.997649 0.990747 1.000729 0.993101 0.990387 0.992313 0.993309 0.992340 0.994320 0.993788 0.992687 0.995234 0.996747 0.991402 0.993631 0.994564 1.001717 0.990869 0.991460 0.992295 0.992706 0.993569 0.989859 0.994794 0.994082 0.994761 0.997711 0.998814 0.993732 0.992471 1.003192 0.991086 0.967077 0.985349 0.992599 0.990590 0.982955 1.015113 0.994764 0.994492 0.992612 0.989405 0.967077 0.993980 0.994801 0.995560 0.997119 0.991158 0.995762 0.994710 0.997448 0.991252 0.996847 0.995152 0.993917 0.993462 0.993381 1.000618 0.991447 0.991530 0.995951 0.990042 1.003414 0.992831 0.990433 0.988150 0.996725 0.997243 0.992156 0.992424 0.992386 0.993162 0.995099 0.993435 0.994013 0.994027 0.994303 0.996920 0.990591 0.989263 0.994331 0.996499 0.996016 0.997465 0.995907 0.994434 0.995996 0.995824 0.993702 0.991429 0.991219 0.990455 0.990779 0.991743 0.992012 0.993741 0.994387 0.996824 0.989617 0.996042 0.995520 0.992543 0.993701 0.994744 0.993637 0.992436 0.993105 0.993332 0.993732 0.992039 0.992596 0.992412 0.991172 0.993032 0.993107 0.992984 0.993306 0.996699 
1.001707 1.002932 1.004337 1.004801 1.005915 1.001898 1.002646 1.002989 1.004162 1.005651 1.002570 1.003184 1.003655 1.004223 1.006382 1.002571 1.003886 1.006124 1.005520 1.006829 1.003447 1.003068 1.004175 1.005618 1.006820 1.003151 1.004014 1.004716 1.005943 1.007045 1.004154 1.005651 1.007326 1.007185 1.008144 1.005214 1.005378 1.006622 1.006492 1.007977 1.005560 1.006748 1.006422 1.007349 1.008778 1.003724 1.005568 1.007689 1.008180 1.004194 1.005021 1.007919 1.006903 1.004436 1.012169 1.006062 1.006070 1.007045 1.006642 1.004194 1.004890 1.005651 1.007368 1.006853 1.005210 1.005885 1.006195 1.006579 1.006034 1.006352 1.005509 1.006424 1.006285 1.006708 1.008874 1.003754 1.004653 1.007252 1.006245 1.009503 1.004817 1.005373 1.005403 1.005578 1.007947 1.004375 1.005330 1.005244 1.005653 1.007557 1.003856 1.005071 1.005644 1.006302 1.007513 1.004233 1.004630 1.005295 1.005910 1.006826 1.003558 1.005306 1.004723 1.006144 1.007009 1.002320 1.002860 1.003443 1.003793 1.004403 1.004317 1.005049 1.005752 1.006163 1.007601 1.004349 1.005336 1.005725 1.005321 1.006918 1.001890 1.002645 1.003242 1.004376 1.004633 1.002298 1.002964 1.003310 1.003529 1.004499 1.003529 1.004475 1.004934 1.005570 1.007325 
1.016687 1.032266 1.048466 1.053122 1.065304 1.021464 1.029794 1.033271 1.046053 1.062475 1.027761 1.034741 1.040615 1.047200 1.069739 1.028587 1.042412 1.067845 1.061351 1.074662 1.038287 1.034663 1.046497 1.061884 1.074633 1.034887 1.044420 1.052399 1.065488 1.077269 1.046329 1.061968 1.079960 1.078355 1.089233 1.057566 1.059563 1.072905 1.071367 1.087487 1.061102 1.073942 1.070514 1.080013 1.095778 1.041988 1.061489 1.083384 1.089609 1.048071 1.056713 1.087023 1.076616 1.051213 1.131178 1.066410 1.066474 1.077431 1.073022 1.048071 1.053788 1.061818 1.080546 1.074695 1.056917 1.063702 1.067750 1.073067 1.066844 1.069631 1.060875 1.070689 1.068866 1.073750 1.096441 1.041884 1.051547 1.079722 1.069064 1.103075 1.053087 1.059450 1.059670 1.061335 1.086922 1.048260 1.059089 1.058034 1.062515 1.082517 1.042103 1.055414 1.062097 1.069184 1.082059 1.046979 1.050718 1.058850 1.065234 1.074674 1.039822 1.058625 1.052281 1.065387 1.076649 1.025016 1.032073 1.038520 1.042358 1.049067 1.048072 1.055508 1.063207 1.067312 1.083054 1.048036 1.059066 1.063492 1.058902 1.075671 1.019176 1.028328 1.036421 1.048669 1.051052 1.024697 1.032134 1.037101 1.039607 1.050177 1.038815 1.049372 1.054450 1.061419 1.080090 
1.002677 1.006320 1.010192 1.010843 1.013506 1.004494 1.006109 1.006750 1.009170 1.012764 1.005388 1.006991 1.008569 1.009903 1.013789 1.005647 1.008654 1.013507 1.012717 1.014584 1.007861 1.007447 1.009607 1.012607 1.015169 1.007167 1.008968 1.010784 1.013197 1.015396 1.009694 1.012494 1.016026 1.015228 1.018170 1.011906 1.012254 1.014845 1.014476 1.017905 1.012326 1.014909 1.014200 1.015365 1.018858 1.008714 1.012606 1.016087 1.018227 1.011915 1.012259 1.017620 1.015753 1.011391 1.024544 1.013362 1.013419 1.015736 1.015106 1.011915 1.010766 1.012563 1.016081 1.014736 1.011737 1.012625 1.013590 1.014555 1.013777 1.013888 1.012285 1.014297 1.013960 1.014958 1.018841 1.008704 1.010545 1.015943 1.014298 1.019928 1.010875 1.012354 1.012555 1.012276 1.017245 1.009891 1.012141 1.011951 1.012763 1.016489 1.008554 1.011194 1.012532 1.013942 1.016286 1.009940 1.010629 1.011967 1.013077 1.014907 1.007923 1.011770 1.010613 1.012981 1.015308 1.004854 1.006773 1.008066 1.008727 1.010296 1.009860 1.011437 1.012779 1.013588 1.016488 1.010076 1.011881 1.012803 1.012105 1.015277 1.003826 1.005571 1.007563 1.009940 1.010423 1.005225 1.006559 1.007693 1.008272 1.010408 1.007848 1.010026 1.011140 1.012511 1.015927 
0.999160 0.998709 0.998765 0.997127 0.996979 1.000100 1.000131 0.998839 0.997530 0.996407 0.999379 0.998647 0.999443 0.998701 0.994422 0.999704 0.998437 0.994109 0.997384 0.992188 0.998828 1.000279 0.998358 0.996311 0.995338 0.998807 0.997871 0.997565 0.995222 0.993428 0.998662 0.996087 0.993973 0.991428 0.994396 0.997437 0.996936 0.995394 0.995218 0.994956 0.995843 0.994772 0.994871 0.992367 0.990748 0.998246 0.996668 0.990324 0.994276 1.007587 0.999892 0.994003 0.995869 1.001427 0.980956 0.995297 0.995380 0.994962 0.996597 1.007587 0.996749 0.995781 0.993548 0.993619 0.997596 0.995234 0.995207 0.993681 0.996582 0.994155 0.995750 0.995187 0.995519 0.995048 0.989972 0.999072 0.997917 0.993494 0.996799 0.988240 0.997429 0.997645 0.998463 0.995054 0.992248 0.998117 0.996958 0.997042 0.996315 0.993520 0.998236 0.996656 0.995979 0.995172 0.992859 0.998804 0.998989 0.996278 0.994767 0.993971 0.997119 0.995707 0.996929 0.994763 0.993839 0.999670 1.000031 0.999472 0.999198 0.998598 0.998194 0.997495 0.995990 0.995329 0.992795 0.999176 0.995597 0.995353 0.996914 0.994719 1.000097 0.999406 0.999243 0.997696 0.997393 1.000121 0.999696 0.999120 0.998952 0.998270 0.998649 0.997597 0.997216 0.996376 0.993154 
1.011873 1.018635 1.027036 1.025822 1.033289 1.013326 1.020181 1.017351 1.023785 1.029861 1.017884 1.019036 1.024003 1.026056 1.030432 1.019050 1.022839 1.027061 1.031639 1.026687 1.021193 1.022110 1.024605 1.029316 1.035055 1.018436 1.022925 1.026377 1.028726 1.031571 1.025434 1.029457 1.034829 1.027098 1.041858 1.029560 1.029408 1.033955 1.032553 1.042208 1.027597 1.033035 1.031067 1.033529 1.036395 1.021445 1.029974 1.027580 1.041783 1.050100 1.035074 1.039257 1.037287 1.035242 1.033459 1.029595 1.029981 1.035733 1.037325 1.050100 1.026443 1.027829 1.034019 1.030358 1.029761 1.027773 1.030165 1.029121 1.033102 1.028683 1.027085 1.031941 1.031826 1.033613 1.034922 1.024032 1.027899 1.033225 1.035148 1.034615 1.026629 1.031244 1.033635 1.025723 1.034667 1.025757 1.029109 1.028774 1.029638 1.035226 1.022557 1.026624 1.028922 1.031129 1.033264 1.026559 1.029388 1.027065 1.027339 1.031412 1.016949 1.025483 1.024654 1.029402 1.032334 1.017153 1.020707 1.023069 1.025927 1.027067 1.026409 1.028287 1.029541 1.030330 1.033726 1.027917 1.025511 1.027625 1.028966 1.034081 1.013253 1.018286 1.021099 1.025076 1.025462 1.015338 1.021022 1.021200 1.022073 1.027367 1.022026 1.025502 1.026953 1.029142 1.032711 
1.013720 1.022424 1.032490 1.032931 1.040988 1.017264 1.023245 1.022913 1.029142 1.037976 1.020900 1.023637 1.028756 1.031477 1.039653 1.021824 1.028544 1.037047 1.039305 1.038299 1.026430 1.025985 1.030917 1.037337 1.044571 1.023753 1.028670 1.033140 1.037759 1.042547 1.030964 1.037254 1.045890 1.039491 1.053004 1.036367 1.036735 1.043212 1.041780 1.052831 1.036075 1.042976 1.040640 1.043480 1.050648 1.026884 1.037657 1.041004 1.053041 1.048915 1.040203 1.050628 1.046720 1.039142 1.057171 1.038747 1.039145 1.045626 1.045644 1.048915 1.033092 1.036116 1.045410 1.041938 1.036575 1.037536 1.039800 1.039929 1.041138 1.038497 1.035600 1.041398 1.040917 1.043157 1.049660 1.028987 1.033488 1.044412 1.043157 1.051075 1.033765 1.038120 1.039912 1.034283 1.047193 1.031685 1.036595 1.035798 1.037679 1.046842 1.027826 1.033795 1.037052 1.040436 1.045059 1.031304 1.035285 1.034963 1.036515 1.042027 1.023577 1.033909 1.032060 1.037246 1.043181 1.019253 1.023836 1.027253 1.029646 1.032683 1.031509 1.035382 1.037856 1.039382 1.045646 1.033614 1.033897 1.036531 1.036390 1.044080 1.016096 1.021133 1.025338 1.030986 1.031969 1.019294 1.023997 1.025760 1.026817 1.032870 1.026421 1.031427 1.034043 1.037217 1.044192 
0.993325 0.996748 0.997903 1.002885 1.002421 0.994137 0.992305 0.997821 1.000916 1.004742 0.994080 0.997627 0.995451 0.998281 1.010181 0.993315 0.998053 1.013092 1.000899 1.019123 0.997079 0.993424 0.998691 1.005210 1.007115 0.998119 1.000129 1.001581 1.008857 1.014211 0.998243 1.005308 1.011237 1.021412 1.008983 1.001697 1.003451 1.007527 1.008362 1.007151 1.006726 1.009327 1.009538 1.014889 1.021617 1.000652 1.004083 1.024736 1.009378 0.965806 0.993246 1.010810 1.005414 0.988481 1.052981 1.008149 1.007523 1.008506 1.002999 0.965806 1.003059 1.007462 1.012868 1.012467 1.000583 1.007370 1.007879 1.014047 1.003996 1.012505 1.007330 1.008318 1.007022 1.008677 1.024326 0.996475 0.999494 1.013681 1.002871 1.029837 1.001345 1.000679 0.997521 1.010303 1.017266 0.999173 1.003190 1.003329 1.005311 1.012586 0.998808 1.003770 1.005935 1.008282 1.015357 0.998232 0.995534 1.005987 1.010873 1.012076 1.004451 1.007786 1.003579 1.009093 1.012308 0.993396 0.994037 0.995560 0.995311 0.998299 0.998962 1.001181 1.005818 1.007872 1.015462 0.995404 1.008320 1.008746 1.003348 1.009331 0.992636 0.994108 0.996625 1.000868 1.002086 0.994193 0.993569 0.996745 0.997814 0.999106 0.997188 1.000845 1.002383 1.004899 1.014595 
1.004272 1.002274 1.001197 0.998717 0.998934 1.003524 1.004517 1.001458 0.999892 0.997713 1.003780 1.001590 1.002628 1.000997 0.995068 1.004103 1.001375 0.993229 0.999783 0.990211 1.001953 1.003584 1.000933 0.997473 0.996568 1.001269 1.000293 0.999334 0.995569 0.992775 1.001081 0.997556 0.994467 0.989048 0.995588 0.999285 0.998323 0.996246 0.995816 0.996535 0.996742 0.995384 0.995229 0.992862 0.989005 0.999731 0.998029 0.987389 0.995384 1.017902 1.003516 0.994577 0.997275 1.005868 0.972850 0.996006 0.996441 0.995761 0.998651 1.017902 0.998823 0.996248 0.993579 0.993897 1.000015 0.996656 0.996215 0.992706 0.998029 0.993655 0.996359 0.995856 0.996629 0.995657 0.987638 1.002097 1.000572 0.993035 0.998645 0.984794 0.999624 0.999809 1.001500 0.994760 0.991233 1.000747 0.998492 0.998384 0.997368 0.993762 1.000978 0.998271 0.997167 0.995933 0.992270 1.001067 1.002745 0.996960 0.994456 0.993979 0.997805 0.996093 0.998366 0.995616 0.993867 1.003934 1.003357 1.002550 1.002801 1.001045 1.000823 0.999626 0.997224 0.996073 0.992216 1.002697 0.995798 0.995562 0.998441 0.995401 1.004200 1.003617 1.001972 0.999805 0.999157 1.003359 1.003852 1.001990 1.001307 1.000636 1.001838 0.999864 0.998986 0.997647 0.992644 
0.985140 0.978324 0.968550 0.973090 0.964184 0.982530 0.973797 0.980197 0.974547 0.969496 0.977912 0.978188 0.970847 0.969887 0.972403 0.975902 0.974120 0.977426 0.965272 0.981588 0.975273 0.971681 0.972172 0.970413 0.965149 0.978943 0.975036 0.971614 0.973183 0.973140 0.970669 0.970505 0.967997 0.982528 0.958499 0.967983 0.969124 0.966430 0.968516 0.956998 0.973377 0.968728 0.970996 0.972047 0.972240 0.976409 0.968925 0.984050 0.958823 0.923111 0.956431 0.962469 0.961341 0.953256 0.994561 0.971984 0.971194 0.965040 0.959959 0.923111 0.972759 0.973323 0.969819 0.974121 0.967395 0.974232 0.971389 0.975656 0.965216 0.975361 0.974185 0.969291 0.968752 0.967517 0.975568 0.971484 0.968820 0.970945 0.962265 0.979249 0.971435 0.965477 0.960948 0.977333 0.971537 0.971195 0.969393 0.969731 0.970011 0.968360 0.974757 0.972876 0.971416 0.970277 0.972082 0.969094 0.965046 0.973269 0.975814 0.972239 0.984124 0.976298 0.974888 0.972998 0.971345 0.978195 0.973709 0.971936 0.968660 0.968778 0.970114 0.969369 0.970670 0.970954 0.971625 0.966568 0.976456 0.974281 0.969630 0.967545 0.982348 0.977353 0.974789 0.972743 0.973052 0.980339 0.973641 0.974814 0.974221 0.968957 0.974452 0.972403 0.971541 0.970469 0.972222 
1.006932 1.008711 1.012535 1.008337 1.012169 1.008144 1.012505 1.007464 1.008609 1.008962 1.009973 1.008418 1.012532 1.011841 1.005304 1.011201 1.009867 1.002155 1.012193 0.997797 1.009813 1.013180 1.010403 1.008446 1.009593 1.007986 1.008684 1.009549 1.005691 1.003300 1.011465 1.008302 1.006479 0.996369 1.011318 1.011066 1.009823 1.008996 1.007823 1.012750 1.006496 1.007171 1.006242 1.003207 1.000144 1.008209 1.009578 0.994258 1.011010 1.045073 1.019451 1.008924 1.011855 1.022830 0.976921 1.006411 1.006918 1.009061 1.013607 1.045073 1.008311 1.006385 1.005042 1.003246 1.011676 1.005480 1.006597 1.002338 1.011103 1.003286 1.005937 1.007427 1.008192 1.008046 0.997636 1.011790 1.011594 1.004361 1.012761 0.993642 1.009550 1.012469 1.015673 1.003580 1.002466 1.010692 1.009734 1.009698 1.008585 1.005692 1.009381 1.007969 1.007645 1.007024 1.003089 1.012397 1.014654 1.007002 1.003840 1.004507 1.003228 1.004912 1.007240 1.005763 1.004740 1.010236 1.012153 1.012135 1.013531 1.012235 1.011358 1.010550 1.007981 1.006924 1.003209 1.014131 1.004670 1.005300 1.009587 1.007660 1.008687 1.010216 1.010516 1.009396 1.008787 1.009193 1.012146 1.010353 1.010277 1.011818 1.010170 1.009516 1.009183 1.008504 1.003399 
1.000573 1.008121 1.014970 1.017971 1.022037 1.003996 1.005994 1.009234 1.014590 1.021810 1.005463 1.009519 1.011220 1.014671 1.025709 1.005711 1.012314 1.026540 1.020033 1.030710 1.010676 1.008692 1.014193 1.021781 1.026576 1.010028 1.013832 1.017375 1.024215 1.029938 1.014264 1.021624 1.029587 1.032663 1.032088 1.019242 1.020539 1.026302 1.026072 1.030913 1.021906 1.027091 1.026092 1.030220 1.038411 1.013770 1.021335 1.035376 1.032341 1.004404 1.016354 1.031996 1.026854 1.013038 1.060297 1.024146 1.023875 1.028098 1.024821 1.004404 1.017921 1.022594 1.030372 1.027948 1.018419 1.022443 1.024317 1.028580 1.023175 1.026874 1.022124 1.025729 1.024598 1.026955 1.039503 1.011925 1.016169 1.030574 1.023517 1.043487 1.017285 1.019517 1.018504 1.023447 1.034088 1.014910 1.020201 1.020029 1.022097 1.030871 1.012526 1.018841 1.021942 1.025129 1.031758 1.014746 1.014441 1.021140 1.024920 1.028201 1.014025 1.021525 1.017860 1.023754 1.028925 1.004402 1.007881 1.010586 1.011582 1.015256 1.014881 1.018151 1.022274 1.024350 1.032118 1.013577 1.021937 1.023564 1.020195 1.027676 1.002113 1.005749 1.010232 1.015724 1.017011 1.005181 1.007148 1.010409 1.011855 1.015828 1.010780 1.015831 1.018235 1.021473 1.030884 
1.010900 1.021827 1.033749 1.034881 1.043659 1.015786 1.022050 1.022703 1.030351 1.040727 1.019528 1.023466 1.028945 1.032725 1.043401 1.020655 1.028832 1.041323 1.041245 1.043736 1.026413 1.025738 1.031724 1.040200 1.048266 1.023805 1.029593 1.034943 1.041266 1.047410 1.032042 1.040018 1.050251 1.045396 1.057649 1.038630 1.039338 1.046995 1.045626 1.057156 1.038966 1.046917 1.044509 1.048166 1.057257 1.028170 1.040397 1.047597 1.057755 1.046039 1.041325 1.055399 1.050297 1.039320 1.069480 1.042126 1.042289 1.049725 1.048846 1.046039 1.034940 1.039297 1.050044 1.045857 1.038491 1.040163 1.042998 1.044506 1.044178 1.042845 1.038602 1.045066 1.044255 1.047135 1.056695 1.029390 1.034916 1.049279 1.046146 1.059122 1.035323 1.040292 1.041663 1.037999 1.052858 1.032788 1.039005 1.038379 1.040625 1.051473 1.028328 1.035864 1.039903 1.043968 1.050178 1.032784 1.035897 1.037818 1.040403 1.046317 1.024996 1.036886 1.033963 1.040409 1.047587 1.017778 1.023488 1.027491 1.029986 1.033970 1.032719 1.037168 1.040745 1.042734 1.050815 1.034118 1.037032 1.039910 1.038821 1.048142 1.013857 1.019858 1.025577 1.032381 1.033796 1.018149 1.023067 1.025916 1.027494 1.034334 1.026500 1.032797 1.036005 1.039935 1.049137 
1.004061 1.011833 1.019898 1.021497 1.027310 1.006199 1.010654 1.011463 1.018599 1.025851 1.009458 1.012938 1.015814 1.019330 1.029078 1.010148 1.016006 1.028517 1.025036 1.031391 1.014214 1.013291 1.018012 1.025654 1.031140 1.012687 1.017423 1.021292 1.027282 1.032523 1.018706 1.025659 1.033118 1.032942 1.037629 1.023952 1.024896 1.030725 1.030073 1.036903 1.025015 1.030806 1.029456 1.033956 1.040304 1.017108 1.025624 1.035063 1.037786 1.020509 1.023939 1.036666 1.032279 1.021610 1.055075 1.027366 1.027269 1.032634 1.030819 1.020509 1.021887 1.025858 1.033459 1.029952 1.023165 1.024829 1.027461 1.030702 1.028175 1.029314 1.025089 1.029466 1.028525 1.031077 1.040580 1.016376 1.021234 1.033555 1.029128 1.043348 1.021082 1.024719 1.024785 1.025818 1.036588 1.019170 1.024429 1.024356 1.026073 1.034179 1.016396 1.022631 1.025648 1.028716 1.034318 1.019845 1.019823 1.024486 1.027450 1.031008 1.015323 1.024059 1.020896 1.027750 1.031855 1.008921 1.012514 1.015201 1.017302 1.020098 1.019839 1.022416 1.026039 1.027972 1.034741 1.018690 1.024497 1.026449 1.024407 1.031630 1.005359 1.010104 1.014262 1.019839 1.020741 1.007832 1.012056 1.014311 1.015822 1.020802 1.015118 1.020031 1.022085 1.025303 1.033488 
0.998918 0.998547 0.997916 0.997515 0.997183 0.998653 0.998670 0.998020 0.997988 0.997180 0.998674 0.998249 0.998146 0.997950 0.996830 0.998724 0.997862 0.996850 0.997289 0.996385 0.998099 0.998409 0.997719 0.997181 0.996614 0.998116 0.997909 0.997591 0.996995 0.996412 0.997935 0.997220 0.996213 0.996165 0.996050 0.997481 0.997391 0.996776 0.996816 0.996173 0.997107 0.996583 0.996752 0.996591 0.995434 0.998149 0.997266 0.995856 0.996023 0.998955 0.997861 0.996100 0.996694 0.998239 0.993089 0.996856 0.996902 0.996560 0.996888 0.998955 0.997613 0.997204 0.996179 0.996150 0.997376 0.996589 0.996677 0.996614 0.997131 0.996773 0.997164 0.996763 0.996836 0.996708 0.995325 0.998073 0.997851 0.996328 0.997066 0.994897 0.997459 0.997426 0.997481 0.997181 0.995923 0.997748 0.997361 0.997483 0.997202 0.996070 0.998030 0.997424 0.997169 0.996810 0.996118 0.998142 0.997604 0.997338 0.997029 0.996464 0.997871 0.997203 0.997470 0.997281 0.996379 0.998897 0.998681 0.998308 0.998389 0.997887 0.998051 0.997412 0.997080 0.996853 0.996077 0.997701 0.997264 0.997101 0.997394 0.996530 0.998680 0.998681 0.998372 0.997904 0.997642 0.998464 0.998670 0.998303 0.998247 0.997915 0.998260 0.997835 0.997466 0.997176 0.996216 
1.005830 1.015440 1.025117 1.027866 1.034603 1.009380 1.013811 1.016189 1.023748 1.033167 1.012605 1.017022 1.020352 1.024465 1.037479 1.013201 1.021218 1.036882 1.032012 1.041124 1.018938 1.017053 1.023666 1.032965 1.039983 1.017264 1.022711 1.027413 1.035203 1.042073 1.023883 1.032925 1.043057 1.043297 1.048007 1.030422 1.031644 1.039183 1.038453 1.046920 1.032544 1.039769 1.037996 1.043247 1.052549 1.021829 1.032701 1.046309 1.048241 1.022404 1.029242 1.046940 1.040876 1.025797 1.074097 1.035565 1.035437 1.041677 1.038900 1.022404 1.028111 1.033177 1.043529 1.039955 1.029837 1.033539 1.036055 1.039685 1.035628 1.037898 1.032501 1.037936 1.036806 1.039739 1.053180 1.021108 1.026747 1.043300 1.036729 1.057178 1.027556 1.031301 1.031157 1.033297 1.047470 1.024820 1.031233 1.030882 1.033342 1.044513 1.021257 1.029098 1.033029 1.037075 1.044638 1.024640 1.025752 1.031403 1.035351 1.040347 1.020682 1.031332 1.027369 1.034952 1.041423 1.011180 1.015689 1.019341 1.021356 1.025441 1.024849 1.028974 1.033615 1.036013 1.045170 1.024291 1.031692 1.034084 1.031171 1.040746 1.007641 1.012995 1.018253 1.025239 1.026773 1.011306 1.015230 1.018520 1.020202 1.026112 1.019294 1.025568 1.028557 1.032607 1.043531 
0.995158 0.992948 0.990321 0.991590 0.988873 0.994876 0.991852 0.994092 0.991779 0.990395 0.992981 0.993276 0.991156 0.990718 0.990982 0.992386 0.992066 0.992402 0.989190 0.993628 0.992441 0.991485 0.991487 0.990716 0.989119 0.993629 0.992159 0.991162 0.991376 0.991199 0.990988 0.990657 0.989879 0.993866 0.986967 0.990090 0.990310 0.989371 0.989997 0.986565 0.991600 0.990096 0.990741 0.990241 0.990721 0.992529 0.990264 0.994305 0.987054 0.977495 0.986608 0.988043 0.987760 0.985628 0.996620 0.991161 0.990921 0.988929 0.987608 0.977495 0.991272 0.991491 0.990332 0.991774 0.990131 0.992144 0.991047 0.991767 0.989061 0.991960 0.991730 0.990242 0.990198 0.989677 0.991713 0.991252 0.990160 0.990509 0.988229 0.992665 0.991224 0.989336 0.988117 0.992613 0.990635 0.991143 0.990401 0.990511 0.990522 0.989929 0.992135 0.991464 0.990918 0.990552 0.990905 0.990500 0.989619 0.991429 0.992054 0.991081 0.994878 0.992379 0.992130 0.990918 0.990804 0.993015 0.991854 0.991385 0.990087 0.990391 0.990509 0.990591 0.990757 0.990846 0.990753 0.990015 0.992350 0.991623 0.990474 0.989760 0.994861 0.992856 0.992160 0.991302 0.991632 0.994358 0.991682 0.992203 0.992009 0.990264 0.991957 0.991230 0.991162 0.990736 0.990974 
1.004847 1.003886 1.004323 1.000939 1.002218 1.004712 1.006856 1.002894 1.001987 1.000291 1.005433 1.003262 1.005404 1.003964 0.996931 1.006093 1.003529 0.994710 1.002873 0.990831 1.003917 1.006470 1.003344 0.999947 0.999415 1.002934 1.002294 1.001853 0.997565 0.994530 1.003868 0.999899 0.996710 0.989419 0.999061 1.002239 1.001116 0.999076 0.998384 1.000272 0.998723 0.997761 0.997416 0.994390 0.990356 1.001906 1.000764 0.987360 0.998801 1.027593 1.008310 0.997586 1.000793 1.011354 0.969987 0.998071 0.998481 0.998657 1.002365 1.027593 1.000924 0.998395 0.995590 0.995237 1.002889 0.998114 0.998223 0.994328 1.001228 0.995292 0.998304 0.998281 0.999065 0.998303 0.988464 1.004756 1.003420 0.995054 1.002186 0.984907 1.001940 1.003074 1.005363 0.996357 0.992936 1.003258 1.001196 1.001142 0.999943 0.995890 1.003065 1.000444 0.999421 0.998191 0.993956 1.004167 1.005928 0.999204 0.996168 0.995799 0.998814 0.997817 1.000314 0.997674 0.995760 1.005765 1.005987 1.005274 1.005851 1.004063 1.003596 1.002304 0.999554 0.998303 0.993942 1.005840 0.997521 0.997504 1.001088 0.997898 1.005484 1.005431 1.004357 1.002179 1.001436 1.005011 1.006266 1.004242 1.003745 1.003628 1.004016 1.002237 1.001399 1.000094 0.994378 
0.991158 0.984948 0.977364 0.978262 0.972184 0.988509 0.983545 0.985193 0.980536 0.974886 0.985791 0.984208 0.979929 0.978161 0.974773 0.984778 0.980968 0.976939 0.973386 0.977283 0.982233 0.981449 0.979231 0.975401 0.970708 0.984343 0.980950 0.977798 0.975755 0.973344 0.978658 0.975529 0.970770 0.976917 0.965030 0.975308 0.975334 0.971534 0.972696 0.964781 0.976757 0.972272 0.973872 0.972832 0.969215 0.981809 0.974872 0.976536 0.965084 0.959158 0.970746 0.967050 0.968676 0.970525 0.971014 0.975129 0.974781 0.970055 0.968931 0.959158 0.978177 0.976551 0.971366 0.974315 0.975264 0.976661 0.974627 0.975134 0.972262 0.975810 0.977095 0.973141 0.973321 0.971804 0.970446 0.979976 0.977021 0.971944 0.970633 0.970576 0.977613 0.973904 0.972058 0.978291 0.970736 0.978588 0.975532 0.975898 0.975087 0.970387 0.981322 0.977777 0.975815 0.973877 0.971973 0.977907 0.975580 0.977122 0.976851 0.973535 0.985388 0.978413 0.979144 0.975985 0.972773 0.986449 0.982914 0.980857 0.978916 0.977335 0.978239 0.976284 0.975279 0.974502 0.971584 0.976714 0.978367 0.976569 0.975668 0.971455 0.989082 0.985392 0.982425 0.979103 0.978720 0.986999 0.983068 0.982283 0.981482 0.977256 0.981924 0.978880 0.977383 0.975512 0.972419 
1.002548 0.998876 0.996080 0.993618 0.992831 0.999572 1.000539 0.997060 0.995831 0.992067 1.000465 0.997763 0.997725 0.996037 0.989816 1.000630 0.996629 0.988240 0.993604 0.985292 0.997281 0.998965 0.995698 0.991980 0.990116 0.996941 0.995815 0.994182 0.990182 0.987022 0.996085 0.992252 0.987905 0.984047 0.988072 0.993826 0.992920 0.990121 0.989939 0.988969 0.991378 0.989251 0.989486 0.988082 0.982355 0.995510 0.992486 0.982304 0.987879 1.009219 0.997242 0.987484 0.990535 0.999547 0.966524 0.990363 0.990591 0.989319 0.991983 1.009219 0.994092 0.991106 0.987191 0.987658 0.994301 0.990687 0.990244 0.987324 0.992064 0.988436 0.991145 0.989926 0.990628 0.989588 0.981250 0.997324 0.995719 0.986982 0.992336 0.978422 0.994153 0.994036 0.995314 0.990076 0.984917 0.995730 0.992994 0.993150 0.991881 0.987110 0.996635 0.993390 0.991826 0.990139 0.986130 0.996294 0.996722 0.991894 0.989439 0.988056 0.993986 0.991148 0.993319 0.991269 0.987787 1.001281 0.999470 0.998105 0.998518 0.995870 0.996267 0.994057 0.991698 0.990485 0.985997 0.996957 0.990940 0.990354 0.992978 0.989135 1.001256 1.000471 0.997863 0.995198 0.994271 0.999338 1.000181 0.997667 0.996956 0.995746 0.997865 0.995254 0.993728 0.992099 0.986585 
0.994692 0.988988 0.982558 0.982245 0.977554 0.991984 0.988672 0.988617 0.984615 0.979231 0.990156 0.988042 0.985040 0.983112 0.978138 0.989495 0.985353 0.979263 0.978818 0.978265 0.986524 0.986634 0.983810 0.979522 0.975401 0.987939 0.984977 0.982149 0.979106 0.976135 0.983491 0.979652 0.974610 0.977507 0.970574 0.980152 0.979857 0.976037 0.976781 0.970744 0.980270 0.976215 0.977459 0.975934 0.971374 0.985567 0.979348 0.976506 0.970538 0.974584 0.978341 0.971840 0.974254 0.979191 0.966488 0.978688 0.978541 0.974666 0.974853 0.974584 0.982263 0.980019 0.974781 0.977114 0.980243 0.979897 0.978306 0.977673 0.977341 0.978414 0.980465 0.977131 0.977491 0.976016 0.971778 0.984903 0.982078 0.975150 0.976263 0.970777 0.981986 0.979254 0.978396 0.980824 0.973451 0.983240 0.980057 0.980325 0.979288 0.974045 0.985545 0.981745 0.979746 0.977716 0.974787 0.982925 0.981462 0.980790 0.979604 0.976661 0.987566 0.981406 0.982790 0.979535 0.976011 0.990911 0.987806 0.985806 0.984494 0.982448 0.983178 0.980987 0.979312 0.978287 0.974463 0.982419 0.981296 0.979813 0.980131 0.975559 0.992892 0.989859 0.986863 0.983447 0.982761 0.990746 0.988131 0.986698 0.985848 0.982312 0.986433 0.983268 0.981640 0.979670 0.975291 
0.997966 1.000557 1.001891 1.005698 1.005969 0.997910 0.997255 1.001276 1.004079 1.007503 0.998507 1.001259 0.999812 1.002083 1.011791 0.997941 1.001935 1.013683 1.004816 1.018202 1.000916 0.998060 1.002522 1.007757 1.009805 1.001456 1.003396 1.004753 1.010518 1.014940 1.002025 1.007866 1.013075 1.020015 1.011982 1.004998 1.006374 1.009988 1.010461 1.010593 1.008810 1.011349 1.011283 1.015866 1.021254 1.003446 1.006933 1.022586 1.012281 0.979255 0.999129 1.013184 1.008852 0.995590 1.045330 1.010104 1.009627 1.010946 1.006774 0.979255 1.005932 1.009277 1.014262 1.013827 1.004187 1.009587 1.010093 1.014735 1.007183 1.013242 1.009236 1.010477 1.009414 1.010837 1.023136 1.000672 1.003275 1.014755 1.006509 1.027402 1.004639 1.004433 1.002205 1.011196 1.017665 1.002880 1.006222 1.006152 1.007876 1.014197 1.002380 1.006559 1.008339 1.010367 1.016052 1.001790 1.000410 1.008178 1.011879 1.013326 1.006170 1.009452 1.006185 1.010814 1.013606 0.997993 0.998353 0.999774 0.999887 1.002176 1.002694 1.004644 1.008319 1.010032 1.016192 1.000253 1.009795 1.010378 1.006273 1.011414 0.997246 0.998607 1.000440 1.004085 1.004969 0.998122 0.998251 1.000557 1.001355 1.002865 1.001155 1.004144 1.005417 1.007552 1.015398 
0.996398 1.006151 1.012776 1.023640 1.025977 1.000184 0.997796 1.010066 1.017118 1.029553 1.000263 1.009205 1.006706 1.013081 1.041010 0.998889 1.012358 1.045804 1.022815 1.058745 1.009581 1.001204 1.014828 1.030076 1.037470 1.010503 1.016075 1.020959 1.037716 1.050766 1.013058 1.030096 1.046898 1.064041 1.045197 1.022235 1.025939 1.037326 1.038315 1.041338 1.032925 1.041277 1.040443 1.051426 1.070066 1.015763 1.027781 1.071587 1.046028 0.954243 1.006524 1.047824 1.034831 0.996299 1.137881 1.037021 1.036188 1.040545 1.029170 0.954243 1.023643 1.033841 1.049921 1.048504 1.020561 1.036305 1.037517 1.049269 1.029051 1.045197 1.033781 1.038404 1.035697 1.039661 1.075101 1.008794 1.016204 1.050638 1.027724 1.087160 1.021378 1.021071 1.015490 1.038558 1.059376 1.015530 1.025660 1.025087 1.030311 1.050177 1.013050 1.025759 1.031443 1.037937 1.054597 1.012222 1.010420 1.030410 1.040930 1.046586 1.022804 1.033921 1.024937 1.036600 1.047625 0.997740 1.000793 1.005742 1.005592 1.013777 1.014063 1.021440 1.031708 1.036780 1.055106 1.009302 1.034776 1.036908 1.025839 1.041721 0.996675 1.000408 1.007030 1.018131 1.021289 1.000754 1.000052 1.007840 1.010109 1.015094 1.008924 1.018291 1.023099 1.029572 1.052613 
1.002133 1.004915 1.007794 1.007776 1.010022 1.003126 1.005013 1.004666 1.006914 1.009178 1.004386 1.005105 1.006588 1.007532 1.009706 1.004694 1.006376 1.009113 1.009355 1.009448 1.005769 1.005880 1.007005 1.009050 1.010889 1.005089 1.006586 1.007862 1.009194 1.010498 1.007305 1.009036 1.011123 1.009747 1.013098 1.008849 1.008976 1.010664 1.010312 1.013055 1.008622 1.010480 1.009937 1.010920 1.012509 1.006378 1.009176 1.010135 1.013108 1.012079 1.009891 1.012497 1.011511 1.009600 1.014137 1.009334 1.009369 1.011264 1.011278 1.012079 1.007888 1.008865 1.011040 1.009793 1.008716 1.008522 1.009419 1.009815 1.010142 1.009501 1.008562 1.010095 1.009909 1.010652 1.012275 1.006657 1.008087 1.010953 1.010647 1.012625 1.007826 1.009267 1.009698 1.008454 1.011652 1.007376 1.008836 1.008786 1.009188 1.011353 1.006363 1.008019 1.008952 1.009818 1.011042 1.007717 1.008105 1.008497 1.008992 1.010209 1.005252 1.008120 1.007466 1.009451 1.010500 1.004079 1.005504 1.006321 1.007120 1.007818 1.007618 1.008362 1.009122 1.009508 1.011188 1.007691 1.008206 1.008885 1.008805 1.010791 1.002751 1.004487 1.005830 1.007390 1.007593 1.003815 1.005441 1.005832 1.006263 1.007971 1.006002 1.007483 1.008068 1.008958 1.010824 
1.003866 1.007272 1.010550 1.012416 1.014740 1.005020 1.006177 1.008005 1.010525 1.014570 1.006057 1.007972 1.008769 1.010341 1.016828 1.006027 1.009725 1.016806 1.013922 1.019124 1.008739 1.007201 1.010647 1.014473 1.017471 1.008181 1.010260 1.012038 1.015753 1.018980 1.010243 1.014496 1.019330 1.020256 1.020807 1.012977 1.013639 1.017051 1.016832 1.020159 1.014640 1.017664 1.016914 1.019496 1.024087 1.009573 1.014177 1.021811 1.020946 1.005549 1.011491 1.020615 1.017594 1.009650 1.036354 1.015951 1.015928 1.018177 1.016395 1.005549 1.012513 1.014680 1.019665 1.018732 1.012845 1.015761 1.016386 1.018106 1.015231 1.017055 1.014629 1.016809 1.016277 1.017400 1.024606 1.009186 1.011407 1.019450 1.015541 1.026856 1.012336 1.013260 1.012853 1.014929 1.021524 1.010907 1.013607 1.013241 1.014578 1.020094 1.009574 1.012977 1.014656 1.016511 1.020265 1.010027 1.011058 1.013906 1.015886 1.018260 1.009978 1.014232 1.012434 1.015439 1.018718 1.005178 1.006576 1.008221 1.008818 1.010756 1.010553 1.012710 1.014909 1.016048 1.020497 1.010473 1.014313 1.015318 1.013564 1.017997 1.004269 1.006071 1.007944 1.011067 1.011785 1.005569 1.006652 1.008206 1.008735 1.011016 1.008604 1.011235 1.012614 1.014392 1.019729 
1.003171 1.000637 0.999032 0.997309 0.996883 1.001751 1.002147 1.000053 0.998472 0.996255 1.001860 1.000138 1.000324 0.998959 0.994365 1.001998 0.999587 0.993168 0.997631 0.990965 1.000062 1.001183 0.999070 0.996126 0.995039 0.999766 0.998763 0.997728 0.994747 0.992496 0.999062 0.996217 0.993538 0.990081 0.993816 0.997426 0.996730 0.994866 0.994649 0.994485 0.995719 0.994324 0.994345 0.992669 0.989391 0.998334 0.996479 0.988822 0.993673 1.009569 1.000130 0.993271 0.995401 1.001863 0.977765 0.995043 0.995274 0.994384 0.996379 1.009569 0.997415 0.995282 0.992942 0.993516 0.997972 0.995746 0.995193 0.992648 0.996239 0.993341 0.995465 0.994751 0.995306 0.994458 0.988487 0.999992 0.998588 0.992574 0.996540 0.986426 0.997914 0.997695 0.998761 0.994362 0.991145 0.998869 0.996886 0.996809 0.996021 0.992996 0.999318 0.997042 0.995962 0.994874 0.992020 0.998877 1.000025 0.995915 0.994015 0.993406 0.997346 0.995413 0.997147 0.994813 0.993257 1.002198 1.001140 1.000379 1.000419 0.998896 0.998868 0.997800 0.995961 0.995110 0.991949 1.000139 0.995156 0.994826 0.996833 0.994250 1.002738 1.001803 1.000106 0.998188 0.997669 1.001527 1.001588 1.000084 0.999485 0.998626 1.000083 0.998239 0.997433 0.996274 0.992331 
0.996794 0.990651 0.984676 0.981949 0.978121 0.994624 0.992478 0.989656 0.984914 0.978419 0.992866 0.989396 0.987960 0.984989 0.974831 0.992709 0.986756 0.974450 0.979816 0.970778 0.988401 0.990312 0.985146 0.978492 0.973912 0.989108 0.985595 0.982468 0.976400 0.971185 0.985321 0.978564 0.971125 0.969007 0.968680 0.980801 0.979670 0.974317 0.974612 0.969715 0.978388 0.973544 0.974586 0.970555 0.963300 0.986082 0.978898 0.966570 0.968457 0.993067 0.983133 0.968885 0.973581 0.986044 0.943829 0.976292 0.976545 0.972605 0.975478 0.993067 0.981888 0.977963 0.970494 0.972496 0.981368 0.977435 0.975929 0.972473 0.977158 0.974118 0.978271 0.974826 0.975830 0.973754 0.962427 0.987264 0.983459 0.970503 0.976745 0.958866 0.982411 0.980436 0.981205 0.977364 0.967282 0.984540 0.979899 0.980211 0.978232 0.969938 0.986723 0.981033 0.978299 0.975371 0.969378 0.985192 0.984714 0.979210 0.975943 0.972620 0.985757 0.978848 0.982034 0.976738 0.971922 0.993846 0.991158 0.988606 0.987586 0.984431 0.984727 0.981618 0.977947 0.976050 0.969026 0.985512 0.978592 0.977032 0.979961 0.973001 0.995774 0.992611 0.989004 0.984010 0.982858 0.993467 0.991495 0.988808 0.987639 0.983895 0.988245 0.983814 0.981648 0.978722 0.970197 
1.002166 1.002792 1.003122 1.004675 1.005371 1.000461 1.001269 1.002187 1.004347 1.005729 1.002055 1.002720 1.002146 1.003120 1.007945 1.001716 1.003201 1.008028 1.004776 1.009927 1.002489 1.001145 1.003260 1.005793 1.007160 1.002363 1.003758 1.004290 1.006889 1.008975 1.003068 1.006076 1.008535 1.010731 1.008632 1.004648 1.005193 1.007098 1.007179 1.008077 1.006115 1.007627 1.007416 1.010586 1.012056 1.003283 1.005489 1.011871 1.008751 0.995560 1.002591 1.008898 1.006882 1.001083 1.021953 1.006828 1.006681 1.007657 1.006050 0.995560 1.005223 1.006333 1.008948 1.008530 1.004392 1.006587 1.006911 1.008636 1.005833 1.008017 1.006221 1.007152 1.006727 1.007427 1.012733 1.002572 1.004161 1.009032 1.005733 1.014503 1.004325 1.004553 1.003838 1.006896 1.010393 1.003660 1.005121 1.005041 1.005848 1.009038 1.003432 1.005352 1.006142 1.007098 1.009637 1.003021 1.002829 1.005741 1.007312 1.008327 1.004103 1.006176 1.004774 1.008022 1.008525 1.001885 1.001471 1.002124 1.002783 1.003257 1.003792 1.004461 1.006148 1.006921 1.009737 1.002613 1.006301 1.006715 1.005133 1.007745 1.000973 1.002131 1.002260 1.004170 1.004392 1.000794 1.002032 1.002306 1.002571 1.003737 1.003036 1.004339 1.004667 1.005701 1.009293 
1.002042 1.006968 1.012026 1.012946 1.016106 1.004949 1.006691 1.007861 1.010731 1.015320 1.005665 1.007933 1.009893 1.011698 1.016619 1.006099 1.009966 1.016579 1.015080 1.018050 1.009063 1.008569 1.011310 1.015153 1.018245 1.008324 1.010509 1.012855 1.015992 1.018823 1.011422 1.014932 1.019411 1.018895 1.021888 1.014188 1.014687 1.017911 1.017502 1.021504 1.014856 1.018033 1.017213 1.018455 1.023201 1.010378 1.015119 1.020021 1.021971 1.012825 1.014339 1.021327 1.018936 1.013168 1.031124 1.016145 1.016132 1.019001 1.018027 1.012825 1.012713 1.015116 1.019553 1.017907 1.013894 1.015161 1.016385 1.017874 1.016523 1.016964 1.014852 1.017285 1.016792 1.018086 1.023269 1.010117 1.012361 1.019459 1.017088 1.024768 1.012888 1.014684 1.014784 1.014975 1.021125 1.011613 1.014529 1.014322 1.015361 1.020016 1.009847 1.013278 1.015040 1.016829 1.019891 1.011709 1.012339 1.014461 1.015950 1.018125 1.009582 1.014274 1.012700 1.015186 1.018608 1.004992 1.007644 1.009322 1.009974 1.012139 1.011527 1.013553 1.015343 1.016360 1.020135 1.011728 1.014425 1.015542 1.014476 1.018463 1.003714 1.005869 1.008760 1.011704 1.012399 1.005749 1.007070 1.008897 1.009695 1.012267 1.008928 1.011757 1.013274 1.015022 1.019447 
0.998757 0.998317 0.997564 0.997328 0.996724 0.998726 0.998388 0.998180 0.997699 0.996903 0.998439 0.998088 0.997863 0.997632 0.996552 0.998433 0.997745 0.996809 0.996922 0.996430 0.997951 0.998175 0.997596 0.996911 0.996234 0.998137 0.997721 0.997377 0.996797 0.996252 0.997646 0.996886 0.995983 0.996248 0.995544 0.997098 0.997058 0.996407 0.996485 0.995618 0.996939 0.996317 0.996522 0.996141 0.995352 0.997972 0.996943 0.995974 0.995529 0.997269 0.997200 0.995722 0.996271 0.997533 0.993787 0.996670 0.996643 0.996176 0.996316 0.997269 0.997291 0.996962 0.996002 0.996213 0.997002 0.996617 0.996556 0.996589 0.996715 0.996611 0.997016 0.996511 0.996532 0.996369 0.995308 0.997827 0.997411 0.996143 0.996571 0.995018 0.997252 0.997004 0.996924 0.997027 0.995772 0.997489 0.997071 0.997130 0.996923 0.995876 0.997790 0.997166 0.996909 0.996563 0.995967 0.997625 0.997222 0.997157 0.996871 0.996300 0.998052 0.997132 0.997370 0.996811 0.996199 0.998568 0.998347 0.998006 0.997863 0.997519 0.997614 0.997149 0.996831 0.996600 0.995921 0.997415 0.997146 0.996952 0.997072 0.996215 0.998629 0.998372 0.998150 0.997599 0.997400 0.998518 0.998282 0.998086 0.998005 0.997512 0.997951 0.997526 0.997240 0.996931 0.996066 
1.002956 1.010981 1.017586 1.023867 1.027770 1.005355 1.006336 1.012861 1.019286 1.028850 1.007170 1.012818 1.012907 1.017437 1.036092 1.006638 1.016141 1.037883 1.025401 1.045587 1.013777 1.008888 1.018170 1.028942 1.035415 1.013416 1.018332 1.022425 1.033432 1.042395 1.017226 1.029021 1.041180 1.048969 1.042512 1.024177 1.026430 1.034959 1.035063 1.040263 1.030130 1.037092 1.035896 1.043667 1.055925 1.017518 1.027755 1.053710 1.042997 0.989499 1.016545 1.043282 1.034695 1.010452 1.096533 1.033312 1.032909 1.037549 1.031065 0.989499 1.024125 1.030727 1.042770 1.040791 1.023208 1.032381 1.033892 1.040789 1.029614 1.037935 1.030504 1.034980 1.033233 1.036266 1.058455 1.014239 1.020042 1.042926 1.029486 1.065760 1.022772 1.024077 1.021445 1.032833 1.048755 1.018909 1.026208 1.025648 1.029214 1.043352 1.016369 1.025457 1.029694 1.034413 1.045344 1.016874 1.016965 1.028434 1.034901 1.039798 1.020439 1.030058 1.024305 1.033156 1.040753 1.005329 1.008171 1.011985 1.012916 1.018189 1.018218 1.023368 1.030064 1.033406 1.045823 1.015855 1.030551 1.032614 1.026229 1.037687 1.003334 1.007327 1.012141 1.020290 1.022249 1.006399 1.008023 1.012668 1.014283 1.019142 1.013689 1.020556 1.023915 1.028609 1.043935 
0.999651 1.002938 1.005393 1.007965 1.009385 1.000435 1.000847 1.003289 1.006335 1.009924 1.001256 1.003580 1.003401 1.005377 1.013048 1.001105 1.004589 1.013920 1.008296 1.017176 1.003785 1.001807 1.005413 1.010013 1.012415 1.003659 1.005776 1.007343 1.011951 1.015576 1.005256 1.010105 1.014711 1.018555 1.015058 1.008076 1.009035 1.012377 1.012508 1.014110 1.010511 1.013197 1.012845 1.016372 1.020884 1.005682 1.009526 1.020514 1.015262 0.992722 1.004658 1.015494 1.012024 1.002071 1.037819 1.011743 1.011576 1.013347 1.010606 0.992722 1.008203 1.010888 1.015438 1.014457 1.007517 1.010993 1.011779 1.014971 1.010203 1.013917 1.010738 1.012382 1.011650 1.012940 1.022037 1.003970 1.006493 1.015684 1.010046 1.025066 1.007350 1.007917 1.006695 1.011978 1.018026 1.005857 1.008868 1.008795 1.010145 1.015573 1.004950 1.008645 1.010352 1.012183 1.016636 1.005406 1.004716 1.009938 1.012728 1.014384 1.006804 1.010597 1.008118 1.012011 1.014731 1.000718 1.001787 1.003195 1.003694 1.005652 1.005857 1.007563 1.010426 1.011794 1.016807 1.004282 1.010906 1.011656 1.008931 1.013427 0.999560 1.001397 1.003346 1.006664 1.007380 1.000701 1.001608 1.003508 1.004239 1.006138 1.003958 1.006714 1.007925 1.009829 1.016077 
0.999735 1.000485 1.001652 1.000460 1.001328 1.000129 1.001362 1.000023 1.000687 1.000583 1.000650 1.000409 1.001432 1.001511 0.999682 1.001095 1.000589 0.999186 1.001131 0.998061 1.000583 1.001746 1.000781 1.000514 1.000543 1.000271 1.000521 1.000808 0.999860 0.999235 1.001316 1.000429 0.999651 0.997667 1.000774 1.001216 1.000957 1.000587 1.000353 1.001127 0.999956 1.000018 0.999924 0.999191 0.998164 1.000777 1.000828 0.997086 1.000698 1.009099 1.003256 1.000296 1.001169 1.004140 0.992290 0.999893 0.999862 1.000510 1.001600 1.009099 1.000429 1.000109 0.999370 0.998685 1.001135 0.999174 0.999725 0.999134 1.001182 0.999377 0.999915 1.000162 1.000250 1.000357 0.997584 1.001298 1.001348 0.999428 1.001503 0.996564 1.000531 1.001484 1.002161 0.999608 0.998856 1.000963 1.000832 1.000995 1.000603 0.999426 1.000646 1.000351 1.000276 1.000037 0.998992 1.001802 1.001589 1.000325 0.999577 0.999361 0.999432 0.999731 1.000138 0.999918 0.999378 1.000987 1.001630 1.001530 1.001916 1.001516 1.001382 1.000860 1.000309 1.000036 0.999001 1.001590 0.999743 0.999831 1.000795 1.000120 1.000242 1.000810 1.001196 1.000827 1.000645 1.000475 1.001344 1.001006 1.001157 1.001512 1.000911 1.000804 1.000637 1.000471 0.999103 
0.987316 0.973141 0.958802 0.954479 0.944068 0.982323 0.975552 0.972033 0.960908 0.946284 0.977385 0.970874 0.965815 0.959853 0.939856 0.976662 0.964247 0.940896 0.947532 0.934687 0.967754 0.971030 0.960531 0.946795 0.935813 0.970540 0.962295 0.955176 0.943353 0.932867 0.960626 0.946830 0.930964 0.931367 0.923149 0.950762 0.948857 0.937143 0.938396 0.924788 0.947365 0.936190 0.939059 0.930932 0.916502 0.964008 0.947193 0.926860 0.922796 0.961767 0.952011 0.924829 0.934070 0.956982 0.883796 0.942747 0.942704 0.933214 0.937464 0.961767 0.954066 0.946588 0.930287 0.935458 0.951570 0.945402 0.941701 0.936322 0.942565 0.939537 0.947428 0.939003 0.940719 0.936335 0.915755 0.964702 0.956217 0.930795 0.940789 0.909648 0.954696 0.949227 0.949348 0.946777 0.924402 0.959087 0.949294 0.950171 0.946191 0.928661 0.964426 0.952555 0.946608 0.940337 0.928764 0.960002 0.957334 0.949217 0.943345 0.935339 0.965696 0.949337 0.955144 0.943677 0.933638 0.979756 0.973251 0.967630 0.964471 0.958257 0.959181 0.952629 0.945685 0.941977 0.927903 0.959597 0.948847 0.944998 0.949430 0.934728 0.984786 0.976847 0.969310 0.958452 0.956372 0.979668 0.973497 0.968717 0.966400 0.957291 0.967399 0.957954 0.953417 0.947219 0.930492 
0.999406 0.996642 0.994715 0.991183 0.990133 0.999240 0.999396 0.995886 0.993030 0.989128 0.998465 0.995832 0.996728 0.994658 0.985100 0.998896 0.994826 0.984048 0.991231 0.979790 0.995784 0.998647 0.994088 0.988964 0.986277 0.995740 0.993554 0.992066 0.986530 0.982173 0.994667 0.988782 0.983207 0.978039 0.983499 0.991503 0.990340 0.986435 0.986168 0.984740 0.988089 0.985148 0.985526 0.981128 0.975669 0.994021 0.989699 0.975528 0.983232 1.012735 0.996477 0.982794 0.987155 0.999867 0.953708 0.986664 0.986895 0.985304 0.988908 1.012735 0.990867 0.987887 0.982285 0.982837 0.991947 0.986831 0.986443 0.982859 0.989187 0.984098 0.987878 0.986158 0.986994 0.985686 0.974069 0.995975 0.993284 0.982158 0.989513 0.970159 0.991844 0.991817 0.993498 0.986395 0.979226 0.993681 0.990434 0.990642 0.988907 0.982132 0.994534 0.990312 0.988442 0.986291 0.980800 0.994901 0.995214 0.989017 0.985580 0.983486 0.991878 0.987903 0.990819 0.986568 0.983106 0.999235 0.998671 0.997001 0.996680 0.994371 0.994055 0.991800 0.988350 0.986688 0.980615 0.995690 0.987646 0.986882 0.990373 0.984948 0.999972 0.998401 0.996676 0.992885 0.991909 0.999056 0.998614 0.996396 0.995730 0.993828 0.995748 0.992750 0.991299 0.989134 0.981487 
1.001770 0.997406 0.993847 0.990862 0.989543 0.998744 0.999426 0.995480 0.993502 0.988774 0.999346 0.996087 0.995978 0.993842 0.985855 0.999506 0.994637 0.984239 0.990563 0.980622 0.995510 0.997616 0.993470 0.988693 0.986110 0.995297 0.993601 0.991542 0.986519 0.982504 0.993922 0.988940 0.983400 0.979070 0.983271 0.990949 0.989853 0.986190 0.986035 0.984356 0.988029 0.985154 0.985546 0.983344 0.976527 0.993430 0.989288 0.976897 0.983038 1.008836 0.994897 0.982688 0.986545 0.997737 0.957221 0.986684 0.986931 0.985114 0.988301 1.008836 0.991274 0.987727 0.982571 0.983300 0.991495 0.987124 0.986497 0.983019 0.988624 0.984382 0.987781 0.986045 0.986896 0.985551 0.975237 0.995448 0.993226 0.982375 0.988852 0.971779 0.991467 0.991124 0.992567 0.986546 0.979761 0.993398 0.989953 0.990168 0.988565 0.982406 0.994611 0.990434 0.988476 0.986323 0.981305 0.994132 0.994466 0.988716 0.985687 0.983763 0.991766 0.987866 0.990556 0.987669 0.983386 1.000259 0.998217 0.996451 0.996688 0.993581 0.993974 0.991289 0.988301 0.986741 0.981118 0.994842 0.987615 0.986795 0.989937 0.984957 1.000478 0.999270 0.996249 0.992769 0.991662 0.998411 0.998937 0.995999 0.995135 0.993359 0.996036 0.992792 0.990940 0.988845 0.981899 
0.991003 0.975203 0.959820 0.954024 0.943392 0.985917 0.979146 0.974099 0.960994 0.945006 0.980503 0.972550 0.968067 0.960765 0.936571 0.979838 0.965878 0.936690 0.947782 0.928385 0.969801 0.973953 0.961842 0.945283 0.933552 0.972278 0.962940 0.955106 0.940629 0.928178 0.961693 0.945268 0.927463 0.924290 0.920106 0.950353 0.947851 0.934650 0.935620 0.922351 0.945521 0.933246 0.936021 0.925741 0.909328 0.964245 0.946001 0.918627 0.919623 0.972998 0.954351 0.921246 0.932354 0.961012 0.866209 0.940328 0.940632 0.930382 0.936408 0.972998 0.953454 0.944280 0.926224 0.932036 0.951704 0.943850 0.939593 0.931841 0.941278 0.935400 0.945351 0.936416 0.938631 0.933456 0.907647 0.966556 0.956641 0.926302 0.939844 0.899717 0.954949 0.949182 0.950328 0.943390 0.918678 0.959936 0.948533 0.949143 0.944602 0.924731 0.965541 0.951684 0.944906 0.937808 0.923768 0.960614 0.959554 0.947469 0.939832 0.931550 0.965055 0.947126 0.954602 0.940633 0.929760 0.982790 0.975834 0.969664 0.966326 0.959186 0.959788 0.952752 0.944040 0.939562 0.922874 0.961879 0.946374 0.942365 0.948598 0.931713 0.988675 0.979766 0.971054 0.958612 0.956069 0.982976 0.976466 0.970573 0.967663 0.957812 0.969013 0.958117 0.953085 0.945906 0.925757 
0.994688 0.991963 0.988284 0.988396 0.985689 0.992597 0.991054 0.990945 0.989980 0.986898 0.992142 0.991198 0.989186 0.988665 0.986961 0.991752 0.989412 0.988144 0.986050 0.988058 0.989974 0.989961 0.988544 0.987129 0.984683 0.990910 0.989722 0.988259 0.987362 0.986166 0.988745 0.987266 0.984457 0.987797 0.981984 0.987217 0.987320 0.985394 0.985954 0.981902 0.987591 0.985456 0.986364 0.986674 0.983854 0.990568 0.986990 0.987459 0.982002 0.980041 0.985462 0.983036 0.984084 0.985594 0.983964 0.986762 0.986543 0.984604 0.984114 0.980041 0.988633 0.987905 0.984830 0.985649 0.986752 0.986515 0.986189 0.987252 0.985891 0.987444 0.987939 0.985995 0.985940 0.985496 0.984369 0.989246 0.988300 0.985493 0.985058 0.984302 0.987782 0.986524 0.985569 0.988779 0.984743 0.988478 0.987275 0.987661 0.987117 0.984240 0.989964 0.988313 0.987355 0.986302 0.985252 0.988859 0.986562 0.988183 0.988094 0.985985 0.991720 0.988542 0.988680 0.988438 0.985595 0.992942 0.991145 0.989888 0.989484 0.988218 0.989035 0.987316 0.986977 0.986617 0.985062 0.987214 0.988707 0.987872 0.987368 0.985067 0.993225 0.992153 0.990705 0.989255 0.988691 0.991942 0.991235 0.990449 0.990250 0.988453 0.990483 0.989075 0.987950 0.987110 0.985493 
1.002692 1.006034 1.010384 1.009043 1.012206 1.004913 1.007441 1.005928 1.007959 1.010490 1.005777 1.006548 1.009229 1.009946 1.009529 1.006550 1.007983 1.008422 1.011632 1.007353 1.007603 1.008863 1.008949 1.010204 1.012111 1.006519 1.007879 1.009503 1.009533 1.009922 1.009622 1.009982 1.011327 1.007167 1.014559 1.010844 1.010599 1.011799 1.011141 1.014959 1.009222 1.011031 1.010307 1.009441 1.010656 1.007911 1.010678 1.006839 1.014472 1.024001 1.014360 1.013331 1.013408 1.015171 1.004937 1.009792 1.010025 1.012325 1.013715 1.024001 1.008842 1.009461 1.010839 1.009092 1.010823 1.008605 1.009854 1.009083 1.012008 1.009069 1.009044 1.010798 1.010859 1.011498 1.009684 1.008974 1.010062 1.010637 1.012937 1.008761 1.009429 1.011626 1.012951 1.008276 1.010641 1.009244 1.010434 1.010411 1.010394 1.011283 1.007870 1.009073 1.009774 1.010391 1.010265 1.010371 1.011146 1.009334 1.008839 1.009989 1.005286 1.008325 1.008437 1.009166 1.010307 1.005753 1.008040 1.008803 1.009664 1.010326 1.009610 1.010193 1.010034 1.010199 1.010425 1.010620 1.008383 1.009173 1.010384 1.011450 1.004540 1.006148 1.007878 1.008899 1.008974 1.005712 1.007550 1.007859 1.008324 1.010198 1.007751 1.008905 1.009529 1.010133 1.010190 
0.997358 1.001370 1.003845 1.008679 1.009226 0.999030 0.997572 1.003183 1.005928 1.011044 0.998767 1.002679 1.001301 1.004045 1.016022 0.998102 1.003849 1.018486 1.007929 1.024162 1.002696 0.999029 1.004850 1.011301 1.014145 1.003327 1.005495 1.007484 1.014729 1.020310 1.004048 1.011264 1.018309 1.026461 1.017122 1.007823 1.009501 1.014213 1.014739 1.015396 1.012649 1.015982 1.015766 1.020407 1.028485 1.005564 1.010259 1.029725 1.017494 0.976439 1.000612 1.018491 1.012938 0.996156 1.058579 1.014321 1.013887 1.015507 1.010355 0.976439 1.008600 1.013094 1.019722 1.019284 1.006987 1.013997 1.014470 1.019902 1.010641 1.018037 1.013102 1.014813 1.013574 1.015263 1.030782 1.002231 1.005258 1.020157 1.009902 1.036123 1.007574 1.007204 1.004551 1.015317 1.023890 1.005062 1.009386 1.009164 1.011413 1.019737 1.004176 1.009545 1.011918 1.014638 1.021848 1.003606 1.002487 1.011660 1.016274 1.018426 1.008943 1.013279 1.009325 1.014214 1.018820 0.997745 0.998943 1.000958 1.000705 1.004262 1.004429 1.007525 1.011986 1.014175 1.022044 1.002147 1.013668 1.014484 1.009461 1.016097 0.997463 0.998819 1.001678 1.006319 1.007650 0.999187 0.998540 1.001992 1.002979 1.004845 1.002389 1.006342 1.008358 1.011087 1.021016 
0.998526 1.000648 1.002763 1.002465 1.003691 0.999830 1.000864 1.000553 1.002009 1.003180 1.000204 1.000887 1.001894 1.002637 1.003238 1.000641 1.001368 1.003182 1.003127 1.003214 1.001215 1.001717 1.001910 1.003163 1.003902 1.000923 1.001752 1.002585 1.003184 1.003731 1.002416 1.003057 1.003779 1.003285 1.004879 1.003214 1.003271 1.003948 1.003796 1.004903 1.002808 1.003673 1.003502 1.003605 1.004356 1.002104 1.003298 1.003381 1.004874 1.005441 1.003927 1.004584 1.004294 1.003881 1.004306 1.003124 1.003057 1.004163 1.004306 1.005441 1.002401 1.003078 1.003755 1.002772 1.002950 1.002157 1.002932 1.003418 1.003811 1.003388 1.002845 1.003552 1.003419 1.003920 1.004219 1.001917 1.002714 1.003912 1.004041 1.004233 1.002321 1.003379 1.003602 1.003026 1.004117 1.002206 1.003083 1.003254 1.003282 1.003830 1.001551 1.002481 1.003006 1.003370 1.003808 1.003006 1.002437 1.002972 1.003199 1.003456 1.001184 1.002635 1.002213 1.002940 1.003572 1.000292 1.001539 1.001914 1.002300 1.002729 1.002560 1.002673 1.003063 1.003228 1.003861 1.002282 1.002769 1.003057 1.003089 1.003844 0.999286 1.000380 1.001651 1.002326 1.002462 1.000168 1.000999 1.001537 1.001958 1.002817 1.001431 1.002277 1.002603 1.003052 1.003745 
0.992386 0.987756 0.982098 0.981876 0.977682 0.989373 0.986884 0.986501 0.984341 0.979341 0.988346 0.986706 0.983791 0.982653 0.978885 0.987842 0.983918 0.980384 0.978390 0.979790 0.984928 0.985191 0.982568 0.979683 0.975774 0.986306 0.984155 0.981763 0.979661 0.977316 0.982819 0.979854 0.975089 0.979196 0.971385 0.980129 0.980078 0.976732 0.977529 0.971422 0.980299 0.976743 0.978090 0.977740 0.973106 0.985309 0.979540 0.978420 0.971377 0.972258 0.978033 0.972797 0.974837 0.978574 0.970496 0.978903 0.978621 0.975435 0.975208 0.972258 0.982121 0.980576 0.975479 0.976934 0.979665 0.978871 0.978119 0.978887 0.977788 0.979453 0.980710 0.977628 0.977721 0.976792 0.973689 0.983779 0.981890 0.976306 0.976625 0.973091 0.981155 0.979144 0.977999 0.981697 0.974861 0.982381 0.980055 0.980611 0.979603 0.974624 0.984608 0.981626 0.979936 0.978122 0.975863 0.982916 0.979918 0.981149 0.980548 0.977318 0.986883 0.981614 0.982278 0.980863 0.976697 0.989567 0.986793 0.984811 0.984022 0.981972 0.983027 0.980399 0.979405 0.978673 0.975555 0.980893 0.981763 0.980402 0.980181 0.976150 0.990401 0.988350 0.985938 0.983224 0.982412 0.988337 0.986873 0.985578 0.985140 0.982164 0.985518 0.982967 0.981245 0.979692 0.976303 
1.002979 1.005037 1.008094 1.005280 1.008208 1.003561 1.007246 1.003476 1.005666 1.006024 1.005481 1.004638 1.007505 1.007626 1.004040 1.006507 1.005535 1.002130 1.007821 0.999420 1.005434 1.007857 1.006071 1.005714 1.006603 1.004135 1.005259 1.006101 1.004110 1.002910 1.007208 1.005675 1.004546 0.998553 1.008056 1.007375 1.006707 1.006446 1.005688 1.008940 1.004285 1.005074 1.004530 1.003485 1.001104 1.005309 1.006512 0.997255 1.007866 1.028881 1.012900 1.006548 1.008315 1.015012 0.986836 1.004351 1.004566 1.006529 1.009330 1.028881 1.005486 1.004521 1.003730 1.001886 1.007374 1.002811 1.004181 1.002315 1.007723 1.002815 1.004069 1.005242 1.005554 1.005854 0.999517 1.007148 1.007701 1.003611 1.008780 0.997071 1.005750 1.008264 1.010230 1.002920 1.002477 1.006568 1.006483 1.006671 1.005924 1.004077 1.005571 1.005166 1.005211 1.004907 1.002672 1.008303 1.008707 1.004897 1.003138 1.003347 1.001633 1.003361 1.004427 1.004565 1.003521 1.005975 1.007487 1.007490 1.008881 1.007863 1.007579 1.006588 1.005358 1.004768 1.002763 1.008396 1.003375 1.003883 1.006410 1.005444 1.003849 1.005790 1.006447 1.006146 1.005615 1.004323 1.007273 1.006175 1.006406 1.007860 1.006187 1.006167 1.005832 1.005653 1.002841 
1.002384 1.004012 1.006427 1.004619 1.006339 1.004554 1.005958 1.004379 1.004184 1.004945 1.004476 1.004211 1.006390 1.006109 1.002986 1.005116 1.005150 1.001925 1.006461 0.999957 1.005177 1.006727 1.005656 1.004675 1.005267 1.004474 1.004519 1.005177 1.003465 1.002461 1.005965 1.004402 1.003983 0.999343 1.006155 1.005774 1.005249 1.004965 1.004410 1.006779 1.003841 1.004204 1.003744 1.001430 1.001235 1.004448 1.005164 0.998403 1.006020 1.020872 1.009576 1.005102 1.006367 1.011130 0.991158 1.003829 1.004045 1.005037 1.006995 1.020872 1.004215 1.003674 1.003346 1.002683 1.006077 1.003601 1.004021 1.002107 1.005873 1.002350 1.003591 1.004307 1.004613 1.004542 1.000078 1.006019 1.005670 1.002988 1.006623 0.998358 1.005227 1.006447 1.007867 1.002399 1.002183 1.005532 1.005264 1.005141 1.004742 1.003672 1.004706 1.004202 1.004221 1.004071 1.002419 1.006153 1.007493 1.004034 1.002592 1.003030 1.002376 1.003133 1.004192 1.002563 1.003151 1.004302 1.005864 1.006055 1.006274 1.006285 1.005511 1.005645 1.004437 1.003952 1.002484 1.007295 1.002977 1.003312 1.005162 1.004405 1.004035 1.004468 1.005312 1.004795 1.004701 1.004958 1.005489 1.005300 1.005309 1.005917 1.004844 1.004785 1.004992 1.004736 1.002559 
1.005445 1.007022 1.009774 1.008048 1.010831 1.005803 1.008686 1.006212 1.007826 1.009014 1.007384 1.006984 1.009283 1.009334 1.007825 1.008025 1.008121 1.005930 1.010592 1.004275 1.007844 1.009130 1.008615 1.008709 1.010225 1.006588 1.007700 1.008574 1.007590 1.007223 1.009111 1.008733 1.009057 1.003832 1.012132 1.009711 1.009213 1.009767 1.009071 1.012723 1.007699 1.008949 1.008224 1.007725 1.006990 1.007141 1.009239 1.003157 1.012004 1.026075 1.013798 1.010751 1.011440 1.015054 0.997924 1.008032 1.008351 1.010131 1.012107 1.026075 1.008231 1.007649 1.008364 1.007075 1.010020 1.007446 1.008241 1.006385 1.010372 1.006670 1.007381 1.008827 1.009122 1.009354 1.005795 1.009014 1.009668 1.007924 1.011373 1.004272 1.008693 1.010546 1.012186 1.006211 1.007510 1.008937 1.009148 1.009042 1.008806 1.008842 1.007917 1.008123 1.008375 1.008548 1.007494 1.009631 1.011113 1.007730 1.006622 1.007677 1.004486 1.006688 1.007438 1.007782 1.007938 1.007386 1.008526 1.008946 1.010044 1.009694 1.009300 1.009325 1.008608 1.008397 1.007626 1.010606 1.006601 1.007230 1.009079 1.009326 1.006162 1.007586 1.007980 1.008329 1.008142 1.006462 1.008685 1.007981 1.008053 1.009599 1.008159 1.008459 1.008568 1.008710 1.007497 
1.006728 1.005292 1.006517 1.000458 1.002588 1.007112 1.010621 1.003888 1.002156 0.999262 1.007860 1.004506 1.008282 1.005912 0.993139 1.009188 1.004764 0.989630 1.003665 0.982740 1.005561 1.010325 1.004623 0.998686 0.997524 1.003989 1.002735 1.002105 0.994514 0.989105 1.005689 0.998462 0.992687 0.980216 0.996716 1.002756 1.000814 0.997064 0.995888 0.998848 0.996504 0.994679 0.994175 0.988293 0.981514 1.002443 1.000143 0.976532 0.996257 1.046952 1.013416 0.994221 1.000005 1.018839 0.945525 0.995299 0.995932 0.996248 1.002744 1.046952 1.000212 0.995998 0.990769 0.990048 1.003747 0.995096 0.995437 0.988888 1.000921 0.990560 0.995837 0.995663 0.996980 0.995705 0.978205 1.007136 1.004682 0.989977 1.002531 0.971916 1.002087 1.004169 1.008105 0.992566 0.986155 1.004423 1.000903 1.000903 0.998715 0.991221 1.004041 0.999515 0.997677 0.995473 0.987946 1.006337 1.008954 0.997516 0.992171 0.991239 0.996971 0.995036 0.999353 0.994199 0.991135 1.008695 1.009393 1.008130 1.008943 1.006019 1.005063 1.002744 0.997898 0.995760 0.987903 1.008904 0.994559 0.994472 1.000711 0.994893 1.008354 1.008022 1.006563 1.002594 1.001345 1.007591 1.009442 1.006292 1.005555 1.005215 1.005731 1.002605 1.001228 0.998918 0.988727 
0.993882 0.986990 0.979016 0.979620 0.973935 0.989723 0.985669 0.986360 0.982331 0.976347 0.988025 0.985882 0.981643 0.979741 0.976255 0.986972 0.982657 0.977825 0.975189 0.977800 0.983805 0.983085 0.980746 0.976783 0.972285 0.985591 0.982529 0.979233 0.976939 0.974385 0.980218 0.977091 0.972129 0.977333 0.966888 0.976878 0.976819 0.973048 0.974085 0.966753 0.977981 0.973637 0.975124 0.974835 0.970132 0.983055 0.976351 0.976787 0.966917 0.963701 0.973097 0.968691 0.970514 0.973173 0.970136 0.976368 0.976116 0.971613 0.970845 0.963701 0.979894 0.977780 0.972605 0.975390 0.976879 0.977834 0.975918 0.976101 0.973924 0.976772 0.978278 0.974511 0.974750 0.973237 0.971126 0.981691 0.978957 0.973112 0.972456 0.970955 0.979087 0.975627 0.974061 0.979207 0.971784 0.980237 0.977031 0.977347 0.976492 0.971703 0.983055 0.979354 0.977260 0.975244 0.973055 0.979501 0.977472 0.978368 0.977855 0.974678 0.986183 0.979473 0.980398 0.977973 0.973954 0.988862 0.984740 0.982584 0.981159 0.978979 0.980150 0.977845 0.976713 0.975895 0.972691 0.978535 0.979414 0.977722 0.977155 0.972867 0.991065 0.987706 0.984031 0.980775 0.980118 0.988289 0.985385 0.983879 0.982959 0.979030 0.983900 0.980630 0.978823 0.976912 0.973496 
0.996614 1.001187 1.003301 1.011196 1.011328 0.997001 0.994686 1.003212 1.007675 1.014541 0.997290 1.002798 0.999641 1.003718 1.022950 0.995992 1.004035 1.026638 1.009361 1.035845 1.002281 0.996088 1.005143 1.015037 1.019062 1.003358 1.006739 1.009183 1.020550 1.029197 1.003798 1.015261 1.025734 1.039495 1.023121 1.009466 1.012121 1.019221 1.020212 1.020326 1.017369 1.022167 1.022000 1.030529 1.041799 1.006557 1.013294 1.044717 1.023723 0.957257 0.997262 1.025515 1.016763 0.990014 1.090238 1.019859 1.019147 1.021120 1.012766 0.957257 1.011535 1.018016 1.028045 1.027711 1.008193 1.019599 1.020044 1.028650 1.013563 1.025874 1.018095 1.020372 1.018459 1.020940 1.045660 1.001231 1.005976 1.028761 1.012200 1.054228 1.009359 1.008290 1.003850 1.021811 1.034622 1.005637 1.011955 1.011663 1.015150 1.027962 1.004750 1.012806 1.016224 1.020252 1.031544 1.003050 1.001032 1.015755 1.023137 1.026235 1.012397 1.018531 1.012306 1.020574 1.026777 0.995932 0.996485 0.999339 0.999151 1.003984 1.004798 1.009100 1.016221 1.019629 1.031811 1.000566 1.019143 1.020210 1.012109 1.022270 0.995378 0.997371 1.000684 1.007775 1.009692 0.997049 0.996374 1.001155 1.002504 1.005105 1.002207 1.007889 1.010593 1.014700 1.030239 
0.996562 0.980073 0.965730 0.955567 0.947173 0.990137 0.987383 0.976604 0.964255 0.946172 0.987001 0.976392 0.974672 0.966185 0.934127 0.987333 0.969986 0.931331 0.951859 0.918318 0.974139 0.981748 0.965777 0.946061 0.933962 0.975205 0.965962 0.957840 0.938569 0.922768 0.966783 0.946130 0.924438 0.912529 0.920563 0.953973 0.950189 0.934828 0.934906 0.924285 0.944542 0.931570 0.933922 0.921295 0.899052 0.966973 0.947879 0.904393 0.919762 1.008268 0.965741 0.919823 0.934738 0.976094 0.831191 0.938726 0.939379 0.930119 0.940689 1.008268 0.955378 0.943257 0.921886 0.926469 0.955763 0.941316 0.937892 0.926101 0.944027 0.930801 0.943965 0.935354 0.938359 0.932685 0.895026 0.972514 0.961810 0.921590 0.943828 0.882784 0.957419 0.953858 0.957821 0.939967 0.911458 0.964217 0.950774 0.951553 0.945494 0.920724 0.969489 0.952920 0.945074 0.936558 0.917591 0.966629 0.966755 0.947360 0.936226 0.927370 0.963373 0.945068 0.955171 0.939661 0.925576 0.990167 0.983433 0.976390 0.974492 0.964717 0.965165 0.955958 0.944309 0.938422 0.916702 0.968971 0.944102 0.940206 0.950715 0.930296 0.994407 0.986500 0.976593 0.961956 0.958320 0.987889 0.984444 0.975751 0.972507 0.963167 0.974289 0.961558 0.955254 0.946751 0.920054 
0.992249 0.988301 0.982263 0.985319 0.980173 0.990256 0.985277 0.989136 0.986199 0.983381 0.987997 0.988001 0.983546 0.983049 0.985622 0.986660 0.985786 0.988425 0.980770 0.991297 0.986332 0.983776 0.984553 0.983923 0.981136 0.988401 0.986379 0.984339 0.985770 0.986144 0.983544 0.984107 0.983124 0.992023 0.977509 0.982248 0.983006 0.981815 0.983058 0.976511 0.985776 0.983324 0.984590 0.986066 0.986279 0.986911 0.982968 0.993173 0.977724 0.953990 0.974967 0.979876 0.978764 0.972754 1.001475 0.985094 0.984665 0.981123 0.977816 0.953990 0.985339 0.985730 0.984258 0.986811 0.981938 0.986549 0.984819 0.987505 0.980825 0.987247 0.986239 0.983538 0.983186 0.982525 0.988385 0.984000 0.982742 0.984863 0.979082 0.990918 0.984347 0.980759 0.977972 0.988160 0.985511 0.984063 0.983184 0.983322 0.983671 0.983441 0.986159 0.985306 0.984631 0.984140 0.985709 0.982542 0.980338 0.985545 0.987358 0.985549 0.991679 0.987459 0.986417 0.986066 0.985066 0.987929 0.985088 0.984150 0.982411 0.982454 0.983417 0.983109 0.984192 0.984427 0.985462 0.981139 0.987559 0.986359 0.983337 0.982653 0.990112 0.987533 0.985854 0.985045 0.985239 0.988975 0.985362 0.985928 0.985541 0.982658 0.985880 0.984911 0.984408 0.983956 0.985711 
0.995352 0.989026 0.983752 0.978659 0.975397 0.993195 0.992532 0.987123 0.982582 0.974622 0.991892 0.987525 0.987276 0.983920 0.969005 0.992438 0.984497 0.967818 0.977032 0.961768 0.986477 0.990595 0.982893 0.974637 0.969169 0.986873 0.983096 0.979811 0.971146 0.963975 0.983997 0.974595 0.964458 0.959055 0.963210 0.978476 0.976729 0.969744 0.969765 0.964979 0.973648 0.967941 0.969071 0.963162 0.952874 0.984135 0.975600 0.955278 0.962830 1.004890 0.984273 0.962740 0.969670 0.989046 0.920739 0.971051 0.971266 0.967564 0.972650 1.004890 0.978543 0.973396 0.963287 0.964572 0.979004 0.971225 0.970304 0.965331 0.974041 0.967742 0.973451 0.969695 0.971021 0.968731 0.950986 0.986259 0.981829 0.963423 0.974017 0.945185 0.979269 0.978414 0.980342 0.972004 0.958704 0.982506 0.976776 0.977459 0.974461 0.962686 0.984628 0.977453 0.974033 0.970158 0.961413 0.984682 0.983597 0.975219 0.970212 0.965844 0.981679 0.973880 0.978252 0.971580 0.965028 0.993740 0.991456 0.988256 0.987628 0.983244 0.983409 0.978836 0.973655 0.971029 0.960999 0.984559 0.973607 0.971849 0.976803 0.967455 0.994912 0.991938 0.988226 0.981678 0.980065 0.992357 0.991325 0.987669 0.986550 0.982615 0.986893 0.981404 0.978566 0.974824 0.962566 
1.003077 1.003423 1.004852 1.002098 1.003588 1.004152 1.005998 1.003042 1.002520 1.001862 1.004489 1.003183 1.005398 1.004512 0.999106 1.005219 1.003705 0.997365 1.003930 0.994332 1.003987 1.006188 1.003866 1.001580 1.001511 1.003123 1.002814 1.002864 0.999677 0.997503 1.004377 1.001433 0.999369 0.993255 1.001644 1.003393 1.002507 1.001193 1.000573 1.002610 1.000498 1.000096 0.999715 0.996949 0.994522 1.002612 1.002263 0.991685 1.001436 1.024408 1.008451 1.000331 1.002710 1.010817 0.978448 1.000123 1.000426 1.000969 1.003966 1.024408 1.001911 1.000236 0.998449 0.997897 1.003895 0.999978 1.000246 0.997176 1.002819 0.997936 1.000141 1.000434 1.001026 1.000570 0.992967 1.004877 1.003991 0.998002 1.003689 0.990171 1.002905 1.004138 1.006068 0.998595 0.996438 1.003823 1.002527 1.002501 1.001599 0.998748 1.003294 1.001600 1.001063 1.000283 0.997132 1.004735 1.006182 1.000863 0.998523 0.998457 0.999901 0.999674 1.001532 0.999209 0.998481 1.004607 1.005536 1.005227 1.005647 1.004637 1.004029 1.003301 1.001232 1.000277 0.997145 1.006034 0.999448 0.999555 1.002431 1.000273 1.004214 1.004473 1.004366 1.002868 1.002459 1.004492 1.005414 1.004274 1.004034 1.004231 1.003896 1.002890 1.002525 1.001669 0.997440 
1.012649 1.019237 1.027054 1.027684 1.034549 1.013642 1.019380 1.018638 1.025010 1.032082 1.017879 1.019943 1.023731 1.026216 1.034276 1.018543 1.023807 1.031806 1.032912 1.033259 1.021868 1.021182 1.025591 1.031596 1.037842 1.019485 1.024179 1.027767 1.032167 1.036557 1.025746 1.031786 1.039141 1.034401 1.045097 1.030604 1.031010 1.036744 1.035593 1.044847 1.030571 1.036602 1.034654 1.038669 1.043808 1.022458 1.031817 1.035894 1.045151 1.039210 1.033341 1.043167 1.039529 1.032115 1.051096 1.032930 1.033222 1.038838 1.038566 1.039210 1.028319 1.030730 1.038831 1.035706 1.030671 1.031665 1.033722 1.034260 1.034779 1.033062 1.030209 1.035202 1.034723 1.036767 1.043153 1.024084 1.028439 1.038083 1.036429 1.044656 1.028226 1.032008 1.033352 1.029383 1.040650 1.026556 1.030826 1.030242 1.031898 1.040008 1.023496 1.028792 1.031530 1.034435 1.038739 1.026219 1.029169 1.029618 1.031272 1.035943 1.019733 1.028793 1.026918 1.032742 1.036932 1.016796 1.019832 1.022651 1.025196 1.027242 1.026763 1.029626 1.032136 1.033590 1.039241 1.027716 1.028854 1.031098 1.030684 1.037561 1.013506 1.018218 1.021104 1.026242 1.026929 1.015412 1.020394 1.021399 1.022301 1.027693 1.022475 1.026696 1.028612 1.031444 1.037940 
1.009831 1.012506 1.015873 1.017257 1.020922 1.008270 1.011664 1.011792 1.015965 1.019961 1.011625 1.012684 1.013897 1.015456 1.022548 1.011651 1.014839 1.021005 1.019927 1.022895 1.013437 1.011999 1.015601 1.019748 1.023725 1.012091 1.015223 1.017025 1.020625 1.024010 1.015277 1.020141 1.025303 1.023960 1.028174 1.018523 1.019000 1.022987 1.022449 1.027715 1.019525 1.023372 1.022207 1.026521 1.029554 1.013603 1.019626 1.025410 1.028272 1.017365 1.018543 1.027339 1.024267 1.017001 1.039188 1.021124 1.021205 1.024391 1.023299 1.017365 1.018077 1.019460 1.025343 1.023901 1.018630 1.020899 1.021762 1.022613 1.021223 1.021657 1.019319 1.022352 1.021927 1.023196 1.029630 1.014402 1.017385 1.024820 1.022010 1.031453 1.017472 1.019192 1.019480 1.019108 1.026948 1.016285 1.018957 1.018481 1.019866 1.026046 1.014690 1.018309 1.020021 1.021999 1.025624 1.015167 1.017205 1.018638 1.020304 1.023482 1.013045 1.018609 1.017002 1.021579 1.024100 1.010918 1.011507 1.013327 1.015044 1.016062 1.016277 1.018139 1.020347 1.021492 1.025939 1.016332 1.018602 1.019953 1.018865 1.023903 1.008912 1.011760 1.012632 1.016237 1.016705 1.009231 1.012473 1.012877 1.013271 1.016591 1.014062 1.016654 1.017727 1.019669 1.025001 
1.017830 1.028833 1.041308 1.043016 1.053239 1.020713 1.028639 1.028924 1.038256 1.049924 1.026333 1.030278 1.035942 1.040096 1.053685 1.027286 1.036437 1.050744 1.050710 1.053696 1.033378 1.031889 1.039430 1.049207 1.058909 1.030076 1.037154 1.042987 1.050602 1.058010 1.039400 1.049307 1.061559 1.055750 1.070193 1.047141 1.048048 1.057305 1.055655 1.069545 1.047916 1.057394 1.054459 1.060421 1.070124 1.034757 1.049367 1.058434 1.070333 1.054911 1.050184 1.067598 1.061369 1.047779 1.085766 1.051681 1.051988 1.060628 1.059347 1.054911 1.043634 1.048144 1.061340 1.056761 1.047083 1.049861 1.052956 1.054693 1.053841 1.052400 1.047478 1.055157 1.054184 1.057498 1.069460 1.036606 1.043310 1.060296 1.056159 1.072558 1.043660 1.049165 1.050706 1.046484 1.064678 1.040677 1.047800 1.046811 1.049695 1.063102 1.035825 1.044594 1.049135 1.053939 1.061492 1.039807 1.044214 1.046391 1.049497 1.056805 1.031397 1.045430 1.042037 1.050688 1.058340 1.024384 1.029574 1.034198 1.037629 1.041619 1.040670 1.045724 1.050088 1.052554 1.062275 1.042101 1.045536 1.049031 1.047552 1.058802 1.019732 1.026750 1.032028 1.040314 1.041636 1.023344 1.030060 1.032525 1.034058 1.042269 1.033900 1.040940 1.044330 1.048979 1.060187 
0.993049 0.987676 0.981650 0.981654 0.976687 0.991474 0.987274 0.988142 0.983501 0.978604 0.988668 0.987214 0.984104 0.982255 0.977468 0.987975 0.984486 0.979119 0.977959 0.978472 0.985728 0.985691 0.983094 0.978936 0.974746 0.987404 0.984123 0.981476 0.978722 0.975930 0.982674 0.978894 0.974199 0.977827 0.969787 0.979365 0.979153 0.975403 0.976236 0.969848 0.979842 0.975735 0.977040 0.974769 0.971423 0.984972 0.978670 0.976998 0.969773 0.971231 0.976890 0.971220 0.973392 0.977460 0.968315 0.978269 0.978097 0.974032 0.973883 0.971231 0.981321 0.979599 0.974469 0.976964 0.979444 0.979604 0.977889 0.977510 0.976538 0.978208 0.980063 0.976621 0.976942 0.975455 0.972025 0.983925 0.980907 0.974862 0.975342 0.971328 0.981345 0.978361 0.977273 0.980588 0.973319 0.982354 0.979367 0.979629 0.978680 0.973692 0.984627 0.981052 0.979104 0.977201 0.974599 0.982029 0.980460 0.980290 0.979345 0.976385 0.987364 0.981079 0.982304 0.978509 0.975719 0.989342 0.986651 0.984767 0.982972 0.981570 0.982002 0.980266 0.978694 0.977835 0.974263 0.981437 0.980979 0.979445 0.979456 0.975046 0.992006 0.988425 0.985916 0.982535 0.982091 0.990184 0.986612 0.985807 0.985043 0.981279 0.985285 0.982289 0.980983 0.979082 0.975093 
1.002454 1.002257 1.002951 1.000780 1.001845 1.002488 1.004072 1.001454 1.001373 1.000541 1.003083 1.001923 1.003405 1.002706 0.998510 1.003572 1.002095 0.997146 1.002091 0.994773 1.002313 1.004010 1.002075 1.000330 1.000130 1.001635 1.001461 1.001365 0.998889 0.997129 1.002587 1.000295 0.998404 0.993913 1.000098 1.001770 1.001096 0.999969 0.999522 1.000849 0.999487 0.999068 0.998844 0.997091 0.994643 1.001369 1.000873 0.992664 0.999936 1.017795 1.005649 0.999136 1.001063 1.007503 0.982065 0.999141 0.999399 0.999741 1.002059 1.017795 1.000797 0.999423 0.997721 0.997205 1.002065 0.998826 0.999136 0.996935 1.001272 0.997555 0.999256 0.999371 0.999827 0.999488 0.993462 1.002992 1.002410 0.997474 1.001900 0.991268 1.001330 1.002301 1.003744 0.998160 0.996202 1.002130 1.001082 1.001129 1.000364 0.997901 1.001936 1.000527 0.999976 0.999280 0.996757 1.003003 1.003768 0.999853 0.998068 0.997817 0.999182 0.998903 1.000322 0.999092 0.997812 1.003405 1.003762 1.003351 1.003846 1.002791 1.002511 1.001643 1.000051 0.999354 0.996756 1.003667 0.998787 0.998829 1.001036 0.999194 1.002974 1.003189 1.002740 1.001573 1.001103 1.002750 1.003829 1.002633 1.002442 1.002564 1.002517 1.001586 1.001085 1.000383 0.997007 
0.991287 0.994708 0.995680 1.002198 1.000874 0.992869 0.989221 0.996994 0.999390 1.004127 0.991468 0.996315 0.993069 0.996235 1.010617 0.990376 0.996468 1.014665 0.999329 1.022327 0.995535 0.990660 0.997253 1.004722 1.006711 0.997106 0.998873 1.000469 1.009344 1.015784 0.996350 1.004712 1.012024 1.025195 1.008480 1.000232 1.002408 1.007174 1.008328 1.006140 1.006887 1.009646 1.010006 1.015620 1.024817 0.999576 1.003202 1.029370 1.008984 0.953345 0.989033 1.010959 1.004264 0.982983 1.064663 1.008490 1.007804 1.008291 1.001228 0.953345 1.002069 1.007586 1.014096 1.014218 0.999023 1.008160 1.008284 1.015725 1.002765 1.013830 1.007613 1.008426 1.006903 1.008653 1.028347 0.994250 0.997360 1.014997 1.001207 1.035333 1.000399 0.998839 0.994711 1.011248 1.019436 0.997506 1.002207 1.002263 1.004762 1.013702 0.997281 1.003186 1.005612 1.008458 1.017195 0.995979 0.992980 1.005793 1.011871 1.013278 1.004949 1.008300 1.003261 1.008788 1.013504 0.990585 0.991195 0.993052 0.992075 0.996230 0.996760 0.999920 1.005479 1.008134 1.017293 0.992859 1.008902 1.009263 1.002423 1.009552 0.990946 0.991564 0.994523 0.999447 1.001128 0.992578 0.990429 0.994829 0.996001 0.996973 0.995173 0.999349 1.001464 1.004403 1.016282 
1.003457 1.017039 1.028373 1.039029 1.045524 1.007543 1.009090 1.020260 1.031296 1.047424 1.010489 1.020357 1.020330 1.028157 1.059783 1.009672 1.025707 1.062976 1.041331 1.076190 1.021768 1.013587 1.029189 1.047658 1.058478 1.021265 1.029611 1.036567 1.055319 1.070533 1.027759 1.047772 1.068226 1.081937 1.070304 1.039577 1.043409 1.057781 1.058033 1.066461 1.049675 1.061387 1.059453 1.072583 1.093342 1.028439 1.045630 1.090031 1.071132 0.979741 1.026308 1.071682 1.057098 1.015833 1.162589 1.055053 1.054288 1.062114 1.051048 0.979741 1.039438 1.050768 1.070970 1.067510 1.037860 1.053263 1.055895 1.067780 1.048697 1.063100 1.050333 1.057822 1.054841 1.060026 1.097751 1.022609 1.032494 1.071336 1.048408 1.110191 1.037043 1.039306 1.034741 1.054546 1.081221 1.030547 1.042959 1.042150 1.048115 1.071888 1.026270 1.041759 1.048906 1.056872 1.075439 1.027379 1.027039 1.046858 1.057938 1.066034 1.033415 1.049637 1.039754 1.054738 1.067623 1.007591 1.012446 1.018883 1.020399 1.029385 1.029450 1.038061 1.049509 1.055244 1.076230 1.025182 1.050520 1.053929 1.043021 1.062396 1.004209 1.010892 1.019189 1.032947 1.036360 1.009333 1.011959 1.020020 1.022865 1.031025 1.021740 1.033372 1.039082 1.047045 1.073065 
0.989583 0.989027 0.986354 0.990218 0.986747 0.989355 0.985278 0.990133 0.989813 0.989782 0.987443 0.989532 0.985855 0.987039 0.993309 0.986492 0.988009 0.996792 0.986279 1.001112 0.988085 0.985302 0.987724 0.990367 0.989158 0.989979 0.989541 0.989096 0.993136 0.995591 0.987235 0.990382 0.992007 1.002496 0.987476 0.987893 0.989167 0.989980 0.991178 0.986072 0.992097 0.991545 0.992581 0.995290 0.998500 0.990688 0.989332 1.004570 0.987778 0.954386 0.979704 0.989853 0.987021 0.976334 1.021195 0.992211 0.991592 0.989860 0.985418 0.954386 0.990110 0.992603 0.993493 0.994604 0.986953 0.992190 0.991664 0.996507 0.987939 0.995723 0.992759 0.991337 0.990484 0.990920 1.001020 0.986548 0.987087 0.994484 0.986273 1.004911 0.988727 0.986436 0.983223 0.995534 0.996302 0.987666 0.989055 0.989396 0.990315 0.992742 0.988806 0.990547 0.991017 0.991656 0.995580 0.986957 0.983500 0.991896 0.995185 0.994119 0.995073 0.993761 0.991149 0.993094 0.993872 0.987507 0.986422 0.986414 0.985095 0.986606 0.987396 0.987942 0.990646 0.991779 0.995446 0.984039 0.994170 0.993531 0.989247 0.991114 0.988522 0.987430 0.987992 0.989216 0.989877 0.988549 0.985851 0.987981 0.988423 0.987075 0.987981 0.988994 0.989384 0.990192 0.995303 
0.997619 1.005478 1.011372 1.018206 1.021054 0.999937 0.999958 1.007180 1.013873 1.022854 1.001239 1.007398 1.006529 1.011436 1.030737 1.000633 1.009864 1.033546 1.018380 1.042076 1.007734 1.002630 1.011792 1.023171 1.028824 1.007933 1.012684 1.016556 1.028226 1.037390 1.011184 1.023246 1.034884 1.045632 1.034963 1.018073 1.020575 1.028790 1.029276 1.032452 1.024661 1.031082 1.030353 1.038575 1.050746 1.012640 1.021812 1.050690 1.035504 0.975792 1.008533 1.036377 1.027532 1.001773 1.095259 1.027688 1.027086 1.031137 1.023811 0.975792 1.018472 1.025634 1.036850 1.034841 1.016671 1.026144 1.027799 1.036081 1.023207 1.033358 1.025272 1.029067 1.027144 1.030294 1.053905 1.007967 1.013886 1.037503 1.022581 1.061845 1.016545 1.017487 1.014055 1.028605 1.043464 1.012703 1.020189 1.019997 1.023460 1.037095 1.010613 1.019852 1.024012 1.028602 1.039999 1.011282 1.009452 1.023195 1.030360 1.034339 1.016252 1.025130 1.018769 1.028165 1.035147 0.999848 1.002483 1.005986 1.006650 1.011998 1.012335 1.016988 1.024201 1.027737 1.040395 1.008546 1.025848 1.027566 1.020319 1.031557 0.997801 1.001583 1.006582 1.014679 1.016694 1.000762 1.001891 1.006963 1.008821 1.013119 1.007925 1.014804 1.018005 1.022720 1.038613 
1.007332 1.011004 1.017247 1.012053 1.017150 1.011265 1.016124 1.010686 1.011483 1.013058 1.012352 1.011208 1.017018 1.016340 1.008078 1.014094 1.013480 1.004547 1.017176 0.999155 1.013481 1.017816 1.014628 1.012372 1.014113 1.011266 1.011958 1.013594 1.008966 1.006196 1.015868 1.011898 1.010337 0.997433 1.016637 1.015564 1.014043 1.013298 1.011767 1.018408 1.009915 1.011045 1.009776 1.004664 1.002659 1.011623 1.013786 0.994862 1.016255 1.058366 1.026181 1.013571 1.017053 1.030372 0.974114 1.009922 1.010568 1.013492 1.019122 1.058366 1.011476 1.009688 1.008530 1.006234 1.016352 1.008817 1.010250 1.004933 1.015828 1.005974 1.009199 1.011297 1.012218 1.012113 0.999480 1.016010 1.015609 1.007613 1.017976 0.994587 1.013649 1.017401 1.021457 1.006140 1.005378 1.014744 1.013956 1.013827 1.012559 1.009411 1.012624 1.011306 1.011199 1.010690 1.006038 1.016926 1.020062 1.010483 1.006587 1.007697 1.005371 1.007857 1.010702 1.007749 1.008040 1.012363 1.015951 1.016288 1.017551 1.016879 1.015198 1.014927 1.011723 1.010490 1.006212 1.019362 1.007531 1.008441 1.013748 1.011687 1.010911 1.012618 1.014161 1.012914 1.012470 1.012562 1.015313 1.014040 1.014099 1.016101 1.013317 1.012970 1.013138 1.012458 1.006409 
0.997444 0.996721 0.994768 0.997862 0.996094 0.996017 0.993913 0.997186 0.997490 0.998027 0.995693 0.996917 0.994345 0.995146 1.001092 0.994825 0.996341 1.002832 0.995826 1.006174 0.996040 0.993476 0.996070 0.998335 0.998403 0.996970 0.997219 0.996996 1.000379 1.002703 0.995350 0.998550 1.000801 1.007357 0.998181 0.996332 0.997266 0.998664 0.999345 0.997124 0.999583 0.999950 1.000338 1.003463 1.005971 0.997205 0.997556 1.009088 0.998409 0.973257 0.990695 0.999606 0.996986 0.988080 1.023580 0.999978 0.999666 0.998912 0.995640 0.973257 0.998124 0.999724 1.001778 1.002608 0.995921 1.000465 0.999948 1.003029 0.996877 1.002233 0.999921 0.999562 0.998964 0.999348 1.007683 0.994935 0.995779 1.002151 0.995929 1.010744 0.997070 0.995520 0.993429 1.001508 1.003872 0.996080 0.997297 0.997254 0.998271 1.001480 0.996711 0.998391 0.998943 0.999765 1.003171 0.994787 0.993574 0.999070 1.001574 1.001760 1.000362 1.000451 0.998525 1.000852 1.001732 0.995418 0.994165 0.994507 0.994018 0.995015 0.995716 0.996566 0.998772 0.999742 1.003155 0.993723 1.000636 1.000493 0.997390 0.999742 0.995964 0.995591 0.995451 0.997001 0.997467 0.995582 0.994466 0.995597 0.995742 0.995441 0.996042 0.997022 0.997396 0.998267 1.002829 
1.011085 1.024633 1.038851 1.041738 1.051678 1.017386 1.023608 1.026325 1.035582 1.049044 1.021138 1.027032 1.032682 1.037781 1.053527 1.022117 1.033365 1.052233 1.048636 1.056777 1.030322 1.028328 1.036950 1.048508 1.058405 1.027664 1.034703 1.041404 1.050889 1.059565 1.037036 1.048226 1.062006 1.059387 1.069849 1.045591 1.046964 1.057051 1.055702 1.068721 1.047602 1.057537 1.054800 1.060088 1.073247 1.033299 1.048386 1.062906 1.070091 1.043276 1.046227 1.067833 1.060330 1.042551 1.096927 1.051647 1.051761 1.060516 1.057789 1.043276 1.041661 1.048208 1.062266 1.057440 1.045103 1.049285 1.052652 1.056265 1.052736 1.053719 1.047384 1.055105 1.053789 1.057557 1.073376 1.033407 1.040510 1.061602 1.054663 1.077868 1.041868 1.047237 1.047848 1.047426 1.066816 1.038108 1.046571 1.045781 1.049037 1.063850 1.032924 1.043118 1.048357 1.053811 1.063134 1.037722 1.040735 1.046022 1.050461 1.057706 1.030844 1.045508 1.040950 1.049777 1.059248 1.018893 1.025769 1.030862 1.033446 1.039259 1.037814 1.043895 1.049311 1.052344 1.063909 1.038631 1.045840 1.049331 1.046408 1.058928 1.014730 1.021616 1.028995 1.038155 1.040136 1.020029 1.025114 1.029516 1.031618 1.039791 1.030243 1.038575 1.042860 1.048152 1.061704 
1.013500 1.019602 1.027737 1.025388 1.033041 1.014666 1.022105 1.017896 1.023851 1.029064 1.019420 1.019707 1.025201 1.026663 1.028469 1.020761 1.023446 1.024417 1.031714 1.022670 1.021995 1.023734 1.025067 1.028401 1.033755 1.018957 1.023101 1.026242 1.027011 1.028692 1.026034 1.028544 1.032598 1.022571 1.040219 1.029432 1.028904 1.032585 1.030982 1.040981 1.026318 1.031232 1.029210 1.030673 1.031901 1.021505 1.029325 1.022303 1.040055 1.058162 1.036923 1.037202 1.036437 1.038182 1.021936 1.028012 1.028545 1.034157 1.036981 1.058162 1.026033 1.026422 1.031429 1.027777 1.029837 1.026263 1.028624 1.026292 1.032520 1.026155 1.025689 1.030364 1.030520 1.031981 1.029801 1.025015 1.028304 1.030484 1.034828 1.028263 1.026518 1.031360 1.034463 1.023664 1.031129 1.026144 1.028653 1.028292 1.028720 1.032700 1.023027 1.026008 1.027859 1.029551 1.030128 1.027197 1.030560 1.025984 1.025181 1.028980 1.016078 1.023965 1.024046 1.027784 1.029858 1.018843 1.022251 1.024261 1.027282 1.027678 1.026934 1.028238 1.028494 1.028813 1.030571 1.029116 1.023893 1.025941 1.028475 1.032284 1.014921 1.019803 1.022048 1.025148 1.025202 1.016670 1.022720 1.022111 1.022756 1.027841 1.022873 1.025578 1.026636 1.028292 1.029738 
1.004046 1.006452 1.009807 1.007916 1.010921 1.005172 1.008203 1.005667 1.007572 1.008996 1.006679 1.006430 1.009095 1.009350 1.007689 1.007454 1.007708 1.005929 1.010526 1.004199 1.007426 1.008979 1.008349 1.008698 1.010247 1.006176 1.007396 1.008496 1.007565 1.007232 1.009051 1.008646 1.008965 1.003731 1.012256 1.009767 1.009281 1.009866 1.009152 1.012871 1.007579 1.008930 1.008219 1.007491 1.006937 1.007100 1.009280 1.003019 1.012124 1.026749 1.014073 1.010841 1.011583 1.015388 0.997487 1.007939 1.008217 1.010228 1.012276 1.026749 1.008006 1.007669 1.008279 1.006706 1.009947 1.006982 1.008030 1.006384 1.010508 1.006682 1.007300 1.008824 1.009077 1.009438 1.005702 1.008802 1.009582 1.007948 1.011533 1.004113 1.008473 1.010616 1.012290 1.006233 1.007499 1.008729 1.009147 1.009134 1.008839 1.008736 1.007554 1.007897 1.008289 1.008495 1.007430 1.009792 1.010894 1.007737 1.006643 1.007591 1.004166 1.006579 1.007234 1.007672 1.007858 1.006674 1.008345 1.008793 1.009912 1.009702 1.009225 1.009206 1.008522 1.008280 1.007564 1.010395 1.006549 1.007207 1.009084 1.009334 1.005143 1.006879 1.007787 1.008196 1.008030 1.005935 1.008250 1.007724 1.007946 1.009610 1.007744 1.008281 1.008452 1.008662 1.007445 
0.992743 0.980150 0.967671 0.963422 0.954820 0.988480 0.982926 0.979172 0.968933 0.956317 0.984192 0.978001 0.974150 0.968460 0.949979 0.983566 0.972614 0.950298 0.958309 0.944053 0.975727 0.978695 0.969398 0.956543 0.947249 0.977747 0.970420 0.964180 0.953119 0.943509 0.969218 0.956571 0.942687 0.940935 0.936605 0.960335 0.958479 0.948185 0.949022 0.938265 0.956870 0.947189 0.949440 0.941757 0.928942 0.971490 0.957036 0.936622 0.936247 0.975731 0.962944 0.937685 0.946218 0.967973 0.896734 0.952786 0.953038 0.944831 0.949224 0.975731 0.963041 0.955934 0.941828 0.946479 0.961303 0.955539 0.952180 0.946501 0.953247 0.949164 0.956803 0.949671 0.951350 0.947311 0.927783 0.973013 0.965302 0.941974 0.951999 0.921843 0.964055 0.959325 0.959984 0.955412 0.936114 0.967879 0.959027 0.959497 0.956018 0.940604 0.972430 0.961642 0.956331 0.950794 0.940051 0.968319 0.967259 0.958392 0.952637 0.946053 0.972418 0.958248 0.963951 0.953260 0.944633 0.986011 0.980320 0.975434 0.972803 0.967206 0.967809 0.962248 0.955606 0.952180 0.939344 0.969116 0.957704 0.954533 0.959099 0.945947 0.990656 0.983620 0.976656 0.967025 0.964977 0.986014 0.980885 0.976303 0.974006 0.966187 0.975143 0.966610 0.962613 0.957034 0.941587 
1.001258 0.997437 0.995038 0.990713 0.989770 1.000316 1.000913 0.996224 0.993052 0.988338 0.999750 0.996447 0.997510 0.994913 0.983559 1.000342 0.995156 0.981762 0.991120 0.976572 0.996399 0.999717 0.994296 0.988104 0.985159 0.996026 0.993648 0.991776 0.985053 0.979792 0.994956 0.988019 0.981393 0.974450 0.982070 0.991243 0.989750 0.985191 0.984788 0.983619 0.986991 0.983624 0.983944 0.979052 0.972076 0.993854 0.989019 0.971427 0.981736 1.018572 0.997546 0.981006 0.986207 1.001647 0.944873 0.985332 0.985748 0.983908 0.988476 1.018572 0.990552 0.986574 0.980170 0.980786 0.991948 0.985698 0.985165 0.980383 0.988506 0.982012 0.986638 0.984769 0.985891 0.984254 0.970050 0.996610 0.993516 0.979851 0.989046 0.965214 0.991682 0.991719 0.993970 0.984661 0.976354 0.993904 0.989890 0.990082 0.988001 0.980080 0.994840 0.989809 0.987513 0.984949 0.978272 0.995260 0.996093 0.987952 0.983736 0.981507 0.991025 0.986557 0.990216 0.985060 0.981094 1.000757 0.999730 0.997801 0.997677 0.994666 0.994369 0.991604 0.987426 0.985464 0.978069 0.996499 0.986221 0.985375 0.989833 0.983446 1.001548 0.999764 0.997269 0.992812 0.991609 0.999942 0.999852 0.997015 0.996102 0.994022 0.996464 0.992696 0.990918 0.988322 0.979072 
1.002326 0.997549 0.994970 0.987416 0.987080 1.000931 1.003414 0.994822 0.991252 0.984144 1.001148 0.995752 0.998373 0.994622 0.976390 1.002379 0.994131 0.973013 0.988844 0.964266 0.995866 1.001809 0.992947 0.983709 0.979554 0.994869 0.991835 0.989319 0.978578 0.970284 0.994487 0.983607 0.973120 0.960768 0.975413 0.989031 0.986574 0.979622 0.978765 0.978049 0.981482 0.976725 0.977054 0.969671 0.957994 0.992246 0.985384 0.955763 0.974845 1.037542 1.000452 0.973306 0.981764 1.007351 0.912103 0.979022 0.979662 0.977704 0.985543 1.037542 0.987352 0.981086 0.971023 0.971132 0.989985 0.978771 0.978610 0.970978 0.985062 0.973622 0.980914 0.978522 0.980274 0.978008 0.954409 0.996917 0.992629 0.970599 0.986227 0.946279 0.988934 0.990034 0.994076 0.977673 0.964929 0.992653 0.986649 0.987089 0.983655 0.970975 0.993779 0.986036 0.982657 0.978668 0.967856 0.995483 0.996525 0.983239 0.976330 0.972927 0.986595 0.980555 0.986327 0.979205 0.972359 1.002847 1.001870 0.998895 0.999358 0.994308 0.993896 0.989187 0.982548 0.979336 0.967579 0.997057 0.980095 0.978993 0.986544 0.976594 1.002896 1.001230 0.997749 0.990991 0.988929 1.000789 1.002042 0.997193 0.995969 0.993439 0.996406 0.990839 0.987921 0.983983 0.969119 
1.000469 1.003548 1.007096 1.006546 1.008818 1.002403 1.004130 1.003612 1.005542 1.007820 1.002980 1.004067 1.005862 1.006821 1.007613 1.003550 1.005125 1.007315 1.008178 1.007079 1.004731 1.005462 1.005978 1.007662 1.009164 1.004118 1.005344 1.006788 1.007568 1.008412 1.006525 1.007447 1.008973 1.007159 1.011131 1.007781 1.007827 1.009081 1.008692 1.011236 1.007054 1.008638 1.008181 1.007993 1.009628 1.005634 1.007917 1.007213 1.011108 1.013612 1.009576 1.010481 1.010064 1.009759 1.008603 1.007608 1.007634 1.009539 1.009958 1.013612 1.006345 1.007388 1.008825 1.007387 1.007511 1.006412 1.007544 1.007900 1.008910 1.007635 1.007049 1.008408 1.008242 1.008976 1.009178 1.005805 1.006941 1.008880 1.009439 1.009061 1.006562 1.008239 1.008829 1.006874 1.009202 1.006241 1.007641 1.007689 1.007855 1.009080 1.005175 1.006626 1.007390 1.008072 1.008697 1.007135 1.007110 1.007204 1.007341 1.008149 1.004045 1.006594 1.006156 1.007240 1.008395 1.003009 1.004925 1.005627 1.006221 1.007056 1.006590 1.007157 1.007553 1.007893 1.008822 1.006798 1.006722 1.007346 1.007606 1.008931 1.001914 1.003305 1.005089 1.006257 1.006411 1.003034 1.004342 1.005018 1.005561 1.007080 1.004925 1.006219 1.006836 1.007561 1.008579 
1.007110 1.009654 1.013787 1.010782 1.014810 1.008156 1.012482 1.008567 1.010613 1.011993 1.010389 1.009473 1.013197 1.013129 1.009749 1.011437 1.011245 1.006884 1.014482 1.003954 1.010862 1.013246 1.011928 1.011556 1.013494 1.009085 1.010473 1.011690 1.009589 1.008587 1.012763 1.011519 1.011404 1.003099 1.015999 1.013334 1.012464 1.012840 1.011781 1.017017 1.009926 1.011474 1.010447 1.009044 1.007492 1.009756 1.012428 1.001816 1.015780 1.039984 1.019949 1.013872 1.015387 1.022187 0.991558 1.010286 1.010677 1.013248 1.016588 1.039984 1.010932 1.009842 1.010275 1.008401 1.013833 1.009402 1.010554 1.007414 1.014049 1.007994 1.009426 1.011408 1.011903 1.012144 1.005545 1.012740 1.013384 1.009619 1.015568 1.002843 1.011768 1.014603 1.017223 1.007580 1.008672 1.012377 1.012350 1.012251 1.011695 1.010961 1.010835 1.010680 1.010961 1.010989 1.008817 1.013569 1.015751 1.010112 1.008062 1.009381 1.005612 1.008435 1.009823 1.009755 1.009724 1.010326 1.012277 1.012763 1.014282 1.013591 1.012908 1.012756 1.011316 1.010716 1.008989 1.015102 1.008253 1.009087 1.012216 1.012012 1.008427 1.010547 1.011283 1.011319 1.011023 1.009271 1.012384 1.011194 1.011293 1.013388 1.011241 1.011513 1.011580 1.011561 1.008906 
0.993444 0.979082 0.965428 0.959238 0.950063 0.989113 0.983545 0.977949 0.965714 0.950935 0.984338 0.976538 0.973211 0.966166 0.942302 0.983900 0.970722 0.941739 0.954243 0.933129 0.974346 0.978801 0.967033 0.951075 0.940413 0.976293 0.967632 0.960476 0.946169 0.934075 0.966992 0.951026 0.934160 0.929033 0.928244 0.956305 0.953708 0.941257 0.941913 0.930622 0.950942 0.939632 0.941998 0.931690 0.915935 0.968647 0.951955 0.923340 0.927731 0.984293 0.961701 0.928808 0.939723 0.968584 0.871128 0.946087 0.946502 0.937311 0.943840 0.984293 0.958666 0.949702 0.932696 0.937882 0.957768 0.949386 0.945519 0.937281 0.947843 0.940770 0.950641 0.942621 0.944866 0.939952 0.913854 0.971635 0.962257 0.932555 0.946855 0.905671 0.960417 0.955514 0.957248 0.948243 0.925089 0.965247 0.954367 0.954864 0.950448 0.931464 0.970212 0.956936 0.950568 0.943845 0.929975 0.966047 0.965790 0.952785 0.945001 0.937524 0.968499 0.952086 0.959587 0.946146 0.935909 0.986353 0.980277 0.974549 0.971642 0.964788 0.965116 0.958540 0.949848 0.945423 0.929170 0.967835 0.951300 0.947698 0.954390 0.938297 0.991675 0.983603 0.975511 0.963672 0.961205 0.986584 0.980947 0.975073 0.972288 0.963376 0.973536 0.963254 0.958538 0.951691 0.931886 
1.013169 1.020746 1.030372 1.028523 1.036964 1.014858 1.022826 1.019232 1.026387 1.032960 1.019978 1.021164 1.026984 1.029248 1.033103 1.021431 1.025388 1.029366 1.035171 1.028359 1.023562 1.025102 1.027411 1.032303 1.038501 1.020476 1.025401 1.029302 1.031391 1.034194 1.028482 1.032374 1.037889 1.028619 1.046012 1.032854 1.032615 1.037369 1.035728 1.046547 1.030196 1.036110 1.033941 1.036204 1.038962 1.023952 1.033161 1.028831 1.045897 1.058622 1.039867 1.043032 1.041347 1.040558 1.033163 1.032321 1.032699 1.039263 1.041426 1.058622 1.029123 1.030510 1.036908 1.032686 1.032977 1.030026 1.032894 1.031638 1.036736 1.031086 1.029663 1.035020 1.034877 1.036888 1.037058 1.026974 1.031124 1.036107 1.039079 1.036281 1.029413 1.034826 1.037685 1.027974 1.037386 1.028646 1.032261 1.031916 1.032721 1.038240 1.025056 1.029344 1.031771 1.034061 1.035906 1.029785 1.032812 1.029850 1.029764 1.034059 1.018541 1.027856 1.027140 1.032087 1.035067 1.019394 1.023485 1.026001 1.029238 1.030323 1.029533 1.031362 1.032457 1.033217 1.036416 1.031295 1.027879 1.030241 1.032060 1.037262 1.014926 1.020518 1.023748 1.027884 1.028161 1.017179 1.023695 1.023762 1.024769 1.030653 1.024620 1.028317 1.029814 1.032115 1.035360 
0.999113 0.999147 0.998499 1.000529 0.999716 0.998905 0.997525 0.999926 0.999896 1.000819 0.998499 0.999456 0.998167 0.998690 1.002691 0.997951 0.999488 1.003700 0.999551 1.005885 0.999182 0.997502 0.999439 1.000983 1.001393 0.999716 0.999887 0.999984 1.002252 1.003919 0.998838 1.001046 1.003023 1.006695 1.001623 0.999652 1.000229 1.001409 1.001765 1.000947 1.001758 1.002283 1.002381 1.004019 1.006406 0.999724 1.000480 1.007873 1.001768 0.985696 0.996214 1.002390 1.000524 0.994496 1.017852 1.002134 1.001958 1.001693 0.999636 0.985696 1.000539 1.001753 1.003586 1.004140 0.999527 1.002679 1.002268 1.003970 1.000170 1.003414 1.001899 1.001943 1.001578 1.001838 1.007438 0.998513 0.999045 1.003665 0.999681 1.009442 1.000161 0.999236 0.998029 1.002735 1.004901 0.999363 1.000288 1.000154 1.000923 1.003500 0.999515 1.000806 1.001318 1.002028 1.004390 0.998331 0.998118 1.001282 1.002879 1.003388 1.001727 1.002169 1.000952 1.002221 1.003428 0.998048 0.997644 0.998094 0.997665 0.998668 0.998872 0.999884 1.001292 1.001946 1.004408 0.998126 1.002221 1.002245 1.000320 1.002196 0.998607 0.998354 0.998583 0.999738 1.000202 0.998766 0.997801 0.998743 0.998842 0.998833 0.998916 0.999787 1.000296 1.000961 1.004136 
1.005841 1.003383 1.002674 0.998274 0.999229 1.004550 1.007071 1.001624 1.000234 0.996986 1.005550 1.002318 1.004425 1.002297 0.992686 1.006336 1.002033 0.989825 1.000224 0.984721 1.002787 1.006011 1.001530 0.996596 0.995285 1.001616 1.000539 0.999415 0.993486 0.989132 1.002227 0.996667 0.991658 0.982791 0.994085 0.999655 0.998161 0.994960 0.994193 0.995668 0.995127 0.993276 0.993033 0.989440 0.983016 1.000048 0.997626 0.980007 0.993745 1.031377 1.007150 0.992371 0.996849 1.011154 0.956085 0.994043 0.994584 0.994205 0.999016 1.031377 0.998468 0.994653 0.990247 0.990066 1.000486 0.994186 0.994134 0.989063 0.997920 0.990482 0.994621 0.994079 0.995161 0.993966 0.980666 1.003615 1.001630 0.989639 0.998987 0.975937 0.999498 1.000575 1.003389 0.992231 0.986661 1.001452 0.998274 0.998285 0.996556 0.990508 1.001615 0.997675 0.996011 0.994080 0.988181 1.002637 1.004531 0.995826 0.991788 0.990825 0.996289 0.994123 0.997525 0.993870 0.990673 1.006257 1.005735 1.004464 1.005229 1.002339 1.002046 0.999791 0.996083 0.994338 0.988112 1.004525 0.993759 0.993502 0.998170 0.993364 1.005931 1.005574 1.003447 1.000180 0.999035 1.004616 1.006242 1.003270 1.002474 1.001850 1.003116 1.000233 0.998769 0.996793 0.988791 
0.991981 0.983053 0.974439 0.970107 0.963871 0.989638 0.985942 0.982136 0.974526 0.964534 0.986250 0.981465 0.979277 0.974985 0.958724 0.986205 0.977230 0.958890 0.966350 0.953132 0.979782 0.983218 0.974947 0.964711 0.957201 0.981278 0.975589 0.970984 0.961535 0.953420 0.975390 0.964575 0.952843 0.950350 0.948768 0.968277 0.966627 0.958079 0.958620 0.950342 0.964524 0.956807 0.958611 0.951570 0.940881 0.976965 0.965348 0.946491 0.948429 0.985863 0.971739 0.949331 0.956807 0.976350 0.910969 0.961207 0.961321 0.955299 0.959577 0.985863 0.969629 0.964009 0.951993 0.955021 0.968869 0.962569 0.960455 0.955744 0.962566 0.958128 0.964486 0.958920 0.960288 0.957226 0.939589 0.978252 0.972158 0.952280 0.961757 0.934110 0.970539 0.967604 0.968559 0.963363 0.947159 0.973909 0.966899 0.967520 0.964379 0.950997 0.977226 0.968520 0.964293 0.959700 0.950375 0.975253 0.973744 0.966119 0.961055 0.955435 0.976623 0.965534 0.970261 0.961416 0.954293 0.988034 0.984404 0.980437 0.978494 0.973952 0.974228 0.969380 0.963727 0.960814 0.949803 0.975258 0.965168 0.962656 0.966950 0.955895 0.991138 0.985973 0.981185 0.973198 0.971521 0.987959 0.984283 0.980704 0.979135 0.973110 0.979530 0.972787 0.969571 0.965027 0.951704 
1.007931 1.010350 1.014464 1.011733 1.015924 1.008150 1.012798 1.008898 1.011593 1.013186 1.010888 1.010104 1.013634 1.013806 1.011406 1.011851 1.011887 1.008622 1.015488 1.005998 1.011328 1.013476 1.012558 1.012737 1.014912 1.009514 1.011252 1.012580 1.011025 1.010443 1.013405 1.012769 1.013076 1.005291 1.017746 1.014289 1.013566 1.014318 1.013268 1.018654 1.011149 1.013007 1.011962 1.011388 1.009940 1.010515 1.013568 1.004195 1.017550 1.039153 1.020610 1.015710 1.016880 1.022628 0.995932 1.011638 1.012000 1.014829 1.017822 1.039153 1.012048 1.011193 1.012059 1.010015 1.014631 1.010532 1.011879 1.009303 1.015301 1.009646 1.010723 1.012877 1.013241 1.013682 1.008098 1.013271 1.014314 1.011503 1.016783 1.005745 1.012593 1.015547 1.017991 1.009021 1.010796 1.013094 1.013428 1.013320 1.012925 1.012742 1.011584 1.011866 1.012231 1.012434 1.010762 1.014230 1.016191 1.011353 1.009621 1.011050 1.006457 1.009714 1.010783 1.011671 1.011430 1.010998 1.012673 1.013226 1.014987 1.014285 1.013797 1.013637 1.012560 1.012193 1.010957 1.015539 1.009592 1.010533 1.013294 1.013559 1.008860 1.011192 1.011802 1.012273 1.011903 1.009332 1.012951 1.011694 1.011864 1.014238 1.012010 1.012483 1.012518 1.012722 1.010784 
1.003622 1.003241 1.003737 1.001607 1.002514 1.004052 1.005298 1.003033 1.002064 1.001219 1.004340 1.002928 1.004501 1.003483 0.998981 1.004736 1.003388 0.997419 1.002977 0.994957 1.003561 1.005153 1.003287 1.000995 1.000833 1.002930 1.002416 1.002194 0.999388 0.997482 1.003458 1.000924 0.999159 0.994072 1.000731 1.002447 1.001677 1.000471 0.999986 1.001517 1.000223 0.999703 0.999384 0.997115 0.994973 1.001967 1.001499 0.992788 1.000562 1.019252 1.006381 0.999685 1.001650 1.008298 0.981859 0.999862 1.000122 1.000263 1.002701 1.019252 1.001484 0.999874 0.998377 0.998310 1.003045 1.000237 1.000106 0.997226 1.001809 0.997883 0.999867 0.999977 1.000527 0.999967 0.993728 1.004067 1.003076 0.997863 1.002496 0.991443 1.002384 1.003039 1.004610 0.998464 0.996567 1.003157 1.001774 1.001652 1.000947 0.998644 1.002886 1.001192 1.000624 0.999913 0.997237 1.003472 1.005149 1.000380 0.998366 0.998409 1.000095 0.999540 1.001229 0.999175 0.998411 1.004248 1.004613 1.004299 1.004517 1.003573 1.003098 1.002616 1.000777 0.999909 0.997239 1.005044 0.999262 0.999283 1.001678 0.999810 1.004281 1.004178 1.003636 1.002220 1.001898 1.004350 1.004815 1.003614 1.003247 1.003195 1.003351 1.002309 1.001947 1.001114 0.997493 
1.001831 1.005562 1.009859 1.009288 1.012577 1.002747 1.005940 1.004745 1.008443 1.011183 1.004827 1.005849 1.008017 1.009478 1.011650 1.005515 1.007269 1.010750 1.011439 1.010787 1.006511 1.007270 1.008201 1.011038 1.013340 1.005515 1.007755 1.009550 1.011006 1.012488 1.009034 1.011015 1.013217 1.011015 1.016228 1.011083 1.011175 1.013179 1.012671 1.016302 1.010203 1.012636 1.011971 1.013266 1.014560 1.007778 1.011347 1.011297 1.016212 1.017978 1.013161 1.015305 1.014392 1.013088 1.014445 1.011102 1.011059 1.013886 1.014309 1.017978 1.009514 1.010702 1.013044 1.010913 1.010728 1.009379 1.010979 1.011571 1.012746 1.011331 1.010163 1.012220 1.011963 1.013085 1.014080 1.008105 1.010183 1.013104 1.013485 1.014141 1.009222 1.011673 1.012434 1.010135 1.013763 1.008915 1.010856 1.010997 1.011283 1.013409 1.007505 1.009693 1.010816 1.011806 1.012996 1.010024 1.009864 1.010319 1.010757 1.012031 1.005639 1.009540 1.008699 1.011493 1.012398 1.004946 1.006904 1.007870 1.009210 1.009814 1.009641 1.010103 1.011006 1.011504 1.013177 1.009361 1.009727 1.010608 1.010820 1.013090 1.002675 1.005245 1.007126 1.009035 1.009195 1.003795 1.006567 1.006961 1.007694 1.010118 1.007280 1.009122 1.009722 1.010849 1.012765 
0.990188 0.979697 0.968921 0.965258 0.957191 0.987690 0.982034 0.979421 0.969905 0.958789 0.983115 0.978012 0.974592 0.969703 0.953063 0.982565 0.973192 0.954003 0.960167 0.948665 0.975981 0.978787 0.970394 0.959086 0.950457 0.978180 0.971327 0.965907 0.956186 0.947662 0.970342 0.958926 0.946473 0.945927 0.940583 0.962366 0.960796 0.951451 0.952331 0.941981 0.959463 0.950612 0.952794 0.945240 0.934539 0.972773 0.959470 0.942156 0.940282 0.973537 0.964072 0.941787 0.949365 0.968376 0.907002 0.955765 0.955827 0.948358 0.951996 0.973537 0.964589 0.958798 0.945838 0.950012 0.963073 0.958024 0.955066 0.950481 0.955916 0.952875 0.959488 0.952879 0.954280 0.950734 0.933707 0.973560 0.966505 0.946148 0.954619 0.928601 0.965610 0.961298 0.961604 0.958600 0.940931 0.968972 0.961221 0.961775 0.958627 0.944623 0.973045 0.963469 0.958815 0.953870 0.944422 0.969644 0.968042 0.960945 0.955990 0.949769 0.973904 0.960920 0.965790 0.955974 0.948443 0.984665 0.980187 0.975798 0.973023 0.968477 0.968823 0.963998 0.958150 0.955089 0.943758 0.969838 0.960480 0.957516 0.961293 0.949450 0.989030 0.982547 0.977033 0.968300 0.966658 0.985610 0.980238 0.976635 0.974769 0.967500 0.975244 0.967856 0.964456 0.959481 0.945825 
1.002205 0.998680 0.996657 0.991166 0.990665 1.001987 1.003248 0.997424 0.993756 0.988571 1.001546 0.997436 0.999474 0.996407 0.982587 1.002383 0.996502 0.980066 0.992204 0.973560 0.997810 1.002083 0.995608 0.988239 0.985138 0.997177 0.994510 0.992559 0.984336 0.978064 0.996409 0.988083 0.980466 0.970960 0.981937 0.992154 0.990266 0.985023 0.984378 0.983900 0.986700 0.983030 0.983213 0.977037 0.968949 0.994577 0.989426 0.967242 0.981515 1.028197 1.000520 0.980354 0.986632 1.005650 0.934799 0.984844 0.985328 0.983606 0.989447 1.028197 0.990893 0.986133 0.978849 0.979397 0.993126 0.985319 0.984764 0.978562 0.989063 0.980531 0.986180 0.984341 0.985717 0.983821 0.966275 0.998363 0.994731 0.978306 0.989942 0.960226 0.992487 0.992923 0.995973 0.983527 0.974098 0.995158 0.990433 0.990599 0.988123 0.978876 0.995903 0.989923 0.987431 0.984475 0.976367 0.996750 0.998313 0.987807 0.982520 0.980228 0.990773 0.985957 0.990464 0.984178 0.979804 1.002363 1.001805 0.999704 0.999658 0.996172 0.995611 0.992560 0.987422 0.984888 0.976159 0.998717 0.985476 0.984620 0.990315 0.982899 1.002955 1.001333 0.998839 0.993583 0.992233 1.001837 1.001935 0.998526 0.997469 0.995342 0.997695 0.993507 0.991545 0.988507 0.977314 
0.994954 0.991888 0.987460 0.990786 0.986502 0.994276 0.989232 0.994007 0.990583 0.989416 0.991522 0.992309 0.988502 0.988115 0.991569 0.990213 0.990930 0.994169 0.987118 0.997281 0.991167 0.988385 0.990085 0.989857 0.988121 0.993062 0.991167 0.989804 0.991708 0.992717 0.988656 0.989851 0.990492 0.998209 0.985598 0.987942 0.988709 0.988417 0.989451 0.984555 0.991686 0.990106 0.990964 0.991706 0.994150 0.991271 0.988864 0.999616 0.985823 0.961006 0.980976 0.987632 0.985883 0.978567 1.010658 0.991375 0.991001 0.988098 0.984730 0.961006 0.990411 0.991361 0.991510 0.994121 0.987952 0.993435 0.991525 0.993699 0.987081 0.993189 0.991977 0.990053 0.989694 0.989129 0.996131 0.988925 0.987740 0.991715 0.985627 0.998936 0.990149 0.986726 0.984204 0.993444 0.992816 0.989363 0.989000 0.988823 0.989569 0.990972 0.990841 0.990764 0.990455 0.990526 0.992782 0.987205 0.986494 0.991056 0.992970 0.992254 0.996095 0.993014 0.991907 0.991029 0.991941 0.990968 0.988904 0.988642 0.986630 0.987688 0.988043 0.989019 0.990234 0.990750 0.992619 0.987073 0.992950 0.992098 0.989073 0.989551 0.993886 0.991047 0.990066 0.989835 0.990461 0.993289 0.989079 0.990329 0.989971 0.987644 0.990152 0.989786 0.990032 0.989948 0.992664 
0.988827 0.979320 0.968037 0.969345 0.960461 0.984823 0.977422 0.979819 0.972566 0.964378 0.980663 0.978267 0.972000 0.969178 0.963998 0.979107 0.973586 0.967071 0.962485 0.967377 0.975475 0.974194 0.971034 0.965043 0.958246 0.978468 0.973345 0.968676 0.965495 0.961846 0.969977 0.965219 0.958344 0.966805 0.950036 0.964930 0.964936 0.959369 0.961002 0.949712 0.967057 0.960473 0.962736 0.960973 0.955820 0.974420 0.964279 0.966160 0.950106 0.942391 0.958574 0.952932 0.955402 0.958431 0.957827 0.964642 0.964262 0.957237 0.955690 0.942391 0.969176 0.966618 0.959158 0.963677 0.964976 0.967196 0.964069 0.964521 0.960495 0.965372 0.967519 0.961748 0.962066 0.959729 0.957494 0.972013 0.967496 0.959879 0.958171 0.957587 0.968568 0.962969 0.960373 0.968955 0.958064 0.969912 0.965326 0.965699 0.964575 0.957789 0.973951 0.968638 0.965661 0.962826 0.959913 0.968615 0.965777 0.967509 0.966949 0.962269 0.979676 0.969393 0.970681 0.965695 0.961172 0.981566 0.976203 0.973206 0.970309 0.968019 0.969252 0.966556 0.964904 0.963783 0.959360 0.967410 0.969274 0.966703 0.965507 0.959262 0.985813 0.980089 0.975469 0.970570 0.969930 0.982468 0.976594 0.975364 0.974047 0.967814 0.974872 0.970241 0.968068 0.965270 0.960567 
1.004713 1.007138 1.010267 1.010367 1.012925 1.005537 1.007457 1.007159 1.009218 1.011959 1.006601 1.007612 1.009084 1.009944 1.012442 1.006989 1.008893 1.011627 1.012455 1.011939 1.008393 1.008228 1.009741 1.011724 1.013973 1.007442 1.009056 1.010435 1.011869 1.013318 1.009788 1.011718 1.014342 1.012290 1.016638 1.011449 1.011571 1.013581 1.013119 1.016599 1.011316 1.013462 1.012738 1.013705 1.015801 1.008537 1.011845 1.012721 1.016647 1.015715 1.012787 1.015892 1.014731 1.012529 1.017579 1.012125 1.012325 1.014330 1.014368 1.015715 1.010467 1.011287 1.014193 1.013044 1.011465 1.011644 1.012430 1.012541 1.012968 1.012050 1.011194 1.012988 1.012848 1.013552 1.015454 1.009161 1.010612 1.013918 1.013606 1.015853 1.010634 1.012014 1.012588 1.010745 1.014751 1.009972 1.011533 1.011277 1.011851 1.014635 1.008782 1.010709 1.011649 1.012687 1.014079 1.009938 1.011101 1.011004 1.011480 1.013150 1.007377 1.010629 1.010083 1.011495 1.013511 1.006326 1.007580 1.008635 1.009467 1.010345 1.010022 1.011095 1.011878 1.012444 1.014266 1.010559 1.010664 1.011508 1.011487 1.013807 1.005365 1.006846 1.008032 1.009829 1.010051 1.005927 1.007556 1.008195 1.008508 1.010414 1.008490 1.009914 1.010699 1.011692 1.013811 
1.009779 1.016994 1.024969 1.026244 1.032550 1.011845 1.016632 1.017089 1.023167 1.030632 1.015199 1.017986 1.021415 1.024248 1.033211 1.015825 1.021735 1.031708 1.030841 1.033845 1.019851 1.018840 1.023704 1.030222 1.036252 1.017891 1.022408 1.026169 1.031317 1.036186 1.023781 1.030252 1.038067 1.035228 1.043294 1.028771 1.029454 1.035363 1.034405 1.042792 1.029477 1.035460 1.033705 1.037593 1.043996 1.021152 1.030278 1.037049 1.043402 1.031458 1.030205 1.041828 1.037729 1.028478 1.055355 1.031866 1.032007 1.037444 1.036335 1.031458 1.026594 1.029738 1.038052 1.035066 1.028567 1.030463 1.032547 1.034176 1.033052 1.032665 1.029286 1.034050 1.033346 1.035547 1.043744 1.021877 1.026237 1.037551 1.034395 1.045954 1.026478 1.029943 1.030681 1.028934 1.040424 1.024523 1.029248 1.028707 1.030557 1.039087 1.021485 1.027251 1.030191 1.033279 1.038328 1.024162 1.026407 1.028588 1.030813 1.035250 1.019181 1.028049 1.025654 1.031294 1.036200 1.014074 1.017473 1.020391 1.022496 1.025175 1.024615 1.027765 1.030753 1.032420 1.038812 1.025119 1.028194 1.030368 1.029116 1.036328 1.011063 1.015532 1.019126 1.024490 1.025357 1.013436 1.017576 1.019408 1.020490 1.025634 1.020231 1.024827 1.027011 1.030043 1.037491 
1.000337 0.998606 0.997138 0.996201 0.995124 1.000712 0.999649 0.999162 0.996669 0.995072 0.999517 0.998473 0.998412 0.997183 0.993461 0.999452 0.998059 0.993177 0.995905 0.991790 0.998560 0.999170 0.997644 0.995026 0.993801 0.998751 0.997286 0.996411 0.994145 0.992358 0.997375 0.994916 0.992907 0.991181 0.992325 0.995826 0.995351 0.993692 0.993674 0.992729 0.994990 0.993513 0.993669 0.991367 0.989921 0.997175 0.995162 0.990327 0.992238 1.001843 0.997004 0.992191 0.993739 0.998102 0.982626 0.994349 0.994510 0.993224 0.994386 1.001843 0.995874 0.994585 0.992558 0.993515 0.996313 0.995336 0.994517 0.992655 0.994654 0.993162 0.994816 0.993872 0.994302 0.993457 0.989467 0.998087 0.996464 0.992262 0.994674 0.988154 0.996654 0.995860 0.996364 0.994082 0.991212 0.997184 0.995546 0.995433 0.994883 0.992520 0.997656 0.995709 0.994870 0.994018 0.991950 0.996952 0.997875 0.995039 0.993713 0.993082 0.997134 0.994938 0.996273 0.993536 0.992902 0.999405 0.998947 0.998339 0.997664 0.997067 0.996742 0.996367 0.994877 0.994181 0.991859 0.998060 0.994704 0.994280 0.995515 0.993355 1.000691 0.999261 0.998321 0.996581 0.996401 1.000388 0.999028 0.998389 0.997889 0.996642 0.997959 0.996555 0.996176 0.995175 0.992215 
0.991695 0.983532 0.975262 0.972034 0.965831 0.989854 0.985640 0.983147 0.975820 0.966895 0.986284 0.982199 0.979711 0.975852 0.962139 0.986025 0.978291 0.962699 0.968103 0.958218 0.980623 0.983139 0.976156 0.967137 0.960258 0.982245 0.976898 0.972622 0.964656 0.957686 0.976315 0.967015 0.956824 0.955937 0.952397 0.969954 0.968613 0.961053 0.961713 0.953603 0.967293 0.960235 0.961960 0.955794 0.946906 0.978125 0.967521 0.952810 0.952137 0.980817 0.971742 0.953213 0.959452 0.975328 0.923436 0.964324 0.964397 0.958556 0.961765 0.980817 0.971532 0.966777 0.956237 0.959339 0.970516 0.965902 0.963685 0.959825 0.964755 0.961922 0.967286 0.962066 0.963245 0.960428 0.946131 0.978853 0.973285 0.956497 0.963805 0.941790 0.972332 0.969143 0.969571 0.966567 0.952200 0.975131 0.968898 0.969428 0.966778 0.955274 0.978263 0.970583 0.966859 0.962842 0.955033 0.975997 0.974559 0.968540 0.964440 0.959399 0.978624 0.968373 0.972357 0.964363 0.958342 0.987647 0.984252 0.980732 0.978640 0.974891 0.975150 0.971103 0.966329 0.963823 0.954499 0.975941 0.968048 0.965680 0.968973 0.959350 0.990871 0.985901 0.981615 0.974556 0.973234 0.988186 0.984139 0.981263 0.979822 0.974107 0.980126 0.974182 0.971437 0.967425 0.956180 
1.000789 0.993070 0.986934 0.980556 0.977416 0.998151 0.997969 0.991098 0.984959 0.975985 0.996946 0.991081 0.991505 0.986952 0.968691 0.997483 0.988373 0.966424 0.979930 0.958437 0.990479 0.995297 0.986454 0.975726 0.969944 0.990470 0.985921 0.982081 0.971119 0.962388 0.987163 0.975680 0.964235 0.955072 0.963728 0.980487 0.978225 0.970206 0.969868 0.966043 0.974398 0.968025 0.968920 0.961481 0.949484 0.986273 0.976984 0.950277 0.963230 1.018269 0.989084 0.962665 0.971137 0.995442 0.908151 0.971414 0.971915 0.967854 0.974534 1.018269 0.980388 0.973643 0.962519 0.964405 0.981567 0.972547 0.971116 0.963902 0.975512 0.966393 0.973958 0.970034 0.971759 0.968828 0.946640 0.990197 0.984619 0.962152 0.975906 0.939252 0.981894 0.980887 0.983844 0.971096 0.956438 0.985626 0.978543 0.978840 0.975496 0.962141 0.987875 0.979035 0.974992 0.970509 0.959720 0.987191 0.988131 0.975988 0.969346 0.965103 0.983035 0.974204 0.980066 0.971479 0.964270 0.998531 0.995751 0.992207 0.991604 0.986326 0.986243 0.981421 0.974713 0.971383 0.959315 0.989139 0.973621 0.971875 0.978445 0.967502 1.000285 0.996697 0.991840 0.984085 0.982018 0.997224 0.996256 0.991396 0.989688 0.985390 0.990533 0.983897 0.980640 0.976126 0.961061 
1.008925 1.016571 1.025054 1.026013 1.032425 1.011953 1.016618 1.017088 1.022766 1.030324 1.014899 1.017738 1.021559 1.024305 1.032458 1.015659 1.021620 1.030864 1.030695 1.032728 1.019805 1.019137 1.023683 1.029928 1.035911 1.017858 1.022171 1.026024 1.030770 1.035369 1.023827 1.029852 1.037474 1.033991 1.042858 1.028695 1.029243 1.034952 1.033950 1.042463 1.029071 1.034956 1.033168 1.036199 1.042777 1.020985 1.030044 1.035663 1.042942 1.033565 1.030545 1.041232 1.037381 1.029006 1.052327 1.031416 1.031548 1.036988 1.036240 1.033565 1.026155 1.029272 1.037341 1.034344 1.028615 1.030085 1.032107 1.033245 1.032817 1.031957 1.028803 1.033572 1.032964 1.035074 1.042396 1.021927 1.026040 1.036750 1.034251 1.044283 1.026351 1.029917 1.030879 1.028335 1.039450 1.024467 1.029025 1.028517 1.030233 1.038405 1.021258 1.026832 1.029767 1.032781 1.037461 1.024275 1.026699 1.028177 1.030136 1.034567 1.018781 1.027545 1.025368 1.030285 1.035509 1.013650 1.017537 1.020487 1.022395 1.025230 1.024408 1.027677 1.030381 1.031899 1.037936 1.025386 1.027639 1.029773 1.028885 1.035849 1.010802 1.015166 1.019106 1.024187 1.025191 1.013649 1.017390 1.019378 1.020483 1.025541 1.019947 1.024519 1.026832 1.029746 1.036674 
0.997483 0.994821 0.991406 0.991906 0.989419 0.996194 0.994152 0.994762 0.992843 0.990561 0.995168 0.994340 0.992544 0.991725 0.990599 0.994655 0.993094 0.991434 0.990060 0.991599 0.993625 0.993058 0.992342 0.990714 0.988883 0.994395 0.993037 0.991678 0.990935 0.990003 0.991977 0.990819 0.989012 0.991483 0.986679 0.990601 0.990645 0.989195 0.989649 0.986555 0.991329 0.989545 0.990162 0.990007 0.988512 0.993250 0.990480 0.991354 0.986706 0.983747 0.988735 0.987521 0.988112 0.988645 0.989667 0.990669 0.990632 0.988633 0.988088 0.983747 0.991959 0.991204 0.989268 0.990560 0.990597 0.991418 0.990541 0.990780 0.989442 0.990915 0.991477 0.989882 0.989961 0.989313 0.989003 0.992559 0.991385 0.989470 0.988781 0.989139 0.991703 0.990058 0.989280 0.991846 0.989034 0.992012 0.990784 0.990836 0.990591 0.988895 0.993189 0.991731 0.990948 0.990194 0.989513 0.991535 0.990808 0.991419 0.991351 0.990106 0.994777 0.991978 0.992306 0.991186 0.989812 0.995319 0.993701 0.992850 0.992137 0.991433 0.991871 0.991102 0.990719 0.990410 0.989368 0.991236 0.991964 0.991284 0.990845 0.989201 0.996390 0.994939 0.993513 0.992287 0.992022 0.995429 0.993975 0.993530 0.993111 0.991411 0.993448 0.992194 0.991533 0.990793 0.989671 
0.996382 0.990885 0.985929 0.982457 0.979334 0.994332 0.993205 0.989510 0.985566 0.979132 0.993093 0.989635 0.988873 0.986145 0.975113 0.993293 0.987099 0.974455 0.980761 0.970157 0.988683 0.991394 0.985688 0.979177 0.974715 0.989180 0.986025 0.983204 0.976728 0.971282 0.986301 0.979196 0.971396 0.968177 0.969774 0.981889 0.980638 0.975188 0.975334 0.971008 0.978676 0.974027 0.975007 0.970744 0.962886 0.986746 0.979788 0.965427 0.969509 0.998837 0.985486 0.969682 0.974827 0.988889 0.940159 0.976608 0.976778 0.973462 0.976952 0.998837 0.982408 0.978410 0.970620 0.972013 0.982316 0.977080 0.976080 0.972484 0.978344 0.974246 0.978563 0.975381 0.976376 0.974495 0.961671 0.988145 0.984568 0.970733 0.978136 0.957548 0.982878 0.981692 0.982856 0.977573 0.967220 0.985282 0.980740 0.981206 0.979001 0.970092 0.987182 0.981543 0.978830 0.975819 0.969325 0.986585 0.985751 0.979787 0.976150 0.972696 0.985497 0.979017 0.982303 0.977123 0.972024 0.994420 0.992193 0.989641 0.988968 0.985582 0.985838 0.982359 0.978496 0.976508 0.968986 0.986559 0.978798 0.977334 0.980775 0.973571 0.995660 0.993030 0.989818 0.984735 0.983489 0.993467 0.992262 0.989451 0.988471 0.985112 0.988891 0.984524 0.982279 0.979350 0.970197 
1.004502 1.008506 1.012122 1.014394 1.017285 1.004720 1.006773 1.008476 1.012555 1.017112 1.006908 1.008972 1.009742 1.011883 1.020286 1.006818 1.010960 1.020245 1.016088 1.023161 1.009612 1.007766 1.011922 1.017023 1.020616 1.008905 1.011834 1.013929 1.018717 1.022798 1.011676 1.017193 1.022876 1.024570 1.024709 1.015161 1.016061 1.020275 1.020047 1.023880 1.017176 1.020936 1.020110 1.024331 1.029059 1.011098 1.016681 1.026503 1.024888 1.005155 1.013243 1.024577 1.020856 1.010938 1.044635 1.018797 1.018688 1.021627 1.019310 1.005155 1.014842 1.017487 1.023379 1.021929 1.014753 1.018048 1.019137 1.021819 1.018018 1.020472 1.017267 1.019922 1.019162 1.020726 1.029759 1.010343 1.013479 1.023336 1.018327 1.032608 1.014071 1.015448 1.014813 1.017903 1.025890 1.012481 1.015930 1.015618 1.017216 1.023825 1.011036 1.015284 1.017338 1.019561 1.024272 1.011674 1.012213 1.016467 1.019058 1.021712 1.011451 1.016801 1.014354 1.019308 1.022260 1.006113 1.007435 1.009278 1.010438 1.012351 1.012504 1.014628 1.017561 1.018992 1.024553 1.011557 1.017004 1.018234 1.015894 1.021346 1.004273 1.007012 1.009022 1.013031 1.013686 1.005522 1.007755 1.009212 1.009948 1.012926 1.009987 1.013254 1.014616 1.016870 1.023602 
1.002876 1.012509 1.021280 1.026157 1.031815 1.005552 1.008770 1.013311 1.021752 1.031765 1.008602 1.014249 1.015845 1.020896 1.038291 1.008749 1.017912 1.039337 1.028905 1.045901 1.015452 1.011943 1.020388 1.031749 1.038780 1.014435 1.020331 1.025129 1.035608 1.044292 1.020350 1.031796 1.043538 1.048927 1.046817 1.027744 1.029772 1.038404 1.038158 1.044949 1.032129 1.039752 1.038337 1.046014 1.057165 1.019883 1.030982 1.053137 1.047219 1.002793 1.022730 1.046884 1.038992 1.017519 1.091678 1.035450 1.035054 1.041070 1.035810 1.002793 1.026574 1.033093 1.044821 1.041430 1.026498 1.033080 1.035718 1.042360 1.033576 1.039732 1.032493 1.037703 1.035980 1.039454 1.058997 1.017066 1.023612 1.045152 1.033944 1.065261 1.025050 1.028039 1.026264 1.034607 1.050538 1.021590 1.029302 1.029017 1.032199 1.045515 1.018432 1.027818 1.032229 1.036913 1.047056 1.020939 1.020398 1.030911 1.036791 1.041640 1.020713 1.031679 1.026079 1.035706 1.042696 1.007337 1.011192 1.015064 1.016904 1.021750 1.021739 1.026202 1.032634 1.035867 1.047586 1.019138 1.032309 1.034677 1.029313 1.040575 1.003758 1.009143 1.014709 1.023033 1.024737 1.007088 1.010659 1.014986 1.016969 1.022846 1.016092 1.023261 1.026476 1.031301 1.045705 
1.000902 1.001975 1.003175 1.002884 1.003823 1.001624 1.002371 1.002001 1.002580 1.003313 1.001964 1.002062 1.002865 1.003045 1.003187 1.002182 1.002583 1.002674 1.003612 1.002522 1.002467 1.002707 1.002841 1.003262 1.003931 1.002110 1.002561 1.002981 1.003059 1.003252 1.002976 1.003251 1.003773 1.002514 1.004675 1.003408 1.003306 1.003744 1.003560 1.004772 1.003009 1.003598 1.003343 1.003259 1.003617 1.002378 1.003366 1.002512 1.004655 1.006957 1.004228 1.004269 1.004140 1.004308 1.002351 1.003223 1.003289 1.003933 1.004321 1.006957 1.002888 1.002977 1.003607 1.003173 1.003526 1.003076 1.003298 1.002856 1.003724 1.002975 1.002893 1.003470 1.003532 1.003674 1.003391 1.002821 1.003167 1.003446 1.004019 1.003188 1.003051 1.003626 1.004037 1.002679 1.003539 1.002984 1.003264 1.003247 1.003273 1.003769 1.002500 1.002863 1.003158 1.003377 1.003439 1.003168 1.003617 1.002909 1.002819 1.003318 1.001718 1.002686 1.002714 1.002869 1.003423 1.001755 1.002436 1.002735 1.002993 1.003176 1.002983 1.003246 1.003257 1.003241 1.003487 1.003399 1.002665 1.002886 1.003254 1.003742 1.001306 1.001932 1.002432 1.002761 1.002888 1.001865 1.002355 1.002456 1.002554 1.003134 1.002411 1.002812 1.003046 1.003239 1.003396 
0.983840 0.958562 0.934186 0.922940 0.906217 0.975966 0.966218 0.955890 0.935001 0.907971 0.967612 0.953867 0.947701 0.935601 0.892750 0.967085 0.942876 0.892313 0.913269 0.877005 0.949526 0.957957 0.936352 0.908364 0.888682 0.953246 0.937984 0.925180 0.899762 0.878078 0.936897 0.908271 0.877296 0.869637 0.866370 0.917779 0.913256 0.890622 0.891978 0.870578 0.908046 0.887512 0.892083 0.874082 0.845038 0.940577 0.909974 0.859418 0.865464 0.965546 0.926992 0.867686 0.887422 0.939234 0.765308 0.899241 0.899748 0.883345 0.894834 0.965546 0.922023 0.906227 0.874875 0.883638 0.919890 0.904063 0.897708 0.884063 0.902493 0.890424 0.907727 0.893016 0.896860 0.888335 0.841522 0.944988 0.928527 0.875141 0.900476 0.826929 0.924536 0.916118 0.918875 0.904157 0.861624 0.933468 0.914206 0.915504 0.907341 0.872413 0.942476 0.918848 0.907442 0.895206 0.870330 0.935871 0.933539 0.911808 0.898121 0.883850 0.940121 0.910461 0.923473 0.899972 0.880860 0.971840 0.961086 0.950555 0.945530 0.932969 0.933884 0.921262 0.906000 0.898094 0.868834 0.937407 0.909270 0.902634 0.914303 0.885081 0.980490 0.966530 0.952473 0.931176 0.926640 0.971405 0.961759 0.951419 0.946757 0.930691 0.948649 0.930294 0.921576 0.909332 0.873809 
0.984670 0.973851 0.961929 0.959490 0.949673 0.982762 0.975050 0.974391 0.964025 0.952508 0.976779 0.972465 0.967636 0.963015 0.947647 0.975971 0.966843 0.950139 0.952599 0.946131 0.969889 0.971931 0.963958 0.953054 0.943471 0.972989 0.965513 0.959771 0.951033 0.942973 0.963745 0.952787 0.940332 0.943760 0.932402 0.955586 0.954416 0.944848 0.946233 0.933348 0.954090 0.944542 0.947247 0.939833 0.930200 0.967631 0.953073 0.940557 0.932199 0.954684 0.954298 0.934581 0.941523 0.957575 0.909697 0.950236 0.950023 0.941531 0.943690 0.954684 0.958559 0.953544 0.940230 0.945031 0.955953 0.952565 0.949273 0.946310 0.948796 0.948535 0.954375 0.946864 0.947999 0.944447 0.930275 0.966805 0.959478 0.940953 0.946791 0.926353 0.959276 0.953903 0.953002 0.954518 0.936125 0.962380 0.954807 0.955540 0.952557 0.938655 0.966955 0.957606 0.952949 0.948003 0.939524 0.962917 0.959855 0.955610 0.951617 0.944619 0.970485 0.956280 0.960404 0.950243 0.943123 0.978409 0.973663 0.969115 0.965512 0.961538 0.962036 0.957280 0.952128 0.949319 0.938769 0.961981 0.955967 0.952592 0.954947 0.943151 0.983486 0.976172 0.971001 0.962197 0.960826 0.980227 0.973191 0.970568 0.968838 0.960618 0.968909 0.961599 0.958324 0.953398 0.940912 
1.003178 1.003644 1.004740 1.003928 1.005203 1.003036 1.004423 1.003226 1.003889 1.004342 1.003912 1.003580 1.004601 1.004531 1.003791 1.004141 1.004143 1.002785 1.005132 1.001980 1.003952 1.004521 1.004277 1.004199 1.004917 1.003362 1.003841 1.004175 1.003627 1.003412 1.004445 1.004238 1.004367 1.001762 1.005792 1.004682 1.004421 1.004656 1.004320 1.006082 1.003734 1.004296 1.003934 1.003754 1.003279 1.003453 1.004442 1.001432 1.005729 1.012624 1.006627 1.005117 1.005458 1.007235 0.998829 1.003885 1.004035 1.004829 1.005799 1.012624 1.004050 1.003680 1.004015 1.003501 1.004898 1.003757 1.004034 1.002996 1.004954 1.003153 1.003554 1.004232 1.004396 1.004455 1.002700 1.004471 1.004724 1.003748 1.005441 1.001951 1.004279 1.005088 1.005896 1.002939 1.003542 1.004422 1.004412 1.004331 1.004225 1.004259 1.003995 1.003993 1.004057 1.004116 1.003567 1.004613 1.005503 1.003703 1.003125 1.003681 1.002260 1.003233 1.003650 1.003883 1.003805 1.003877 1.004244 1.004422 1.004947 1.004701 1.004537 1.004572 1.004176 1.004054 1.003629 1.005262 1.003156 1.003444 1.004369 1.004470 1.003386 1.003978 1.003959 1.004073 1.003979 1.003412 1.004465 1.003967 1.003946 1.004653 1.004110 1.004174 1.004185 1.004212 1.003568 
0.998969 1.004778 1.009094 1.014548 1.016514 1.000683 1.000446 1.006408 1.011121 1.018081 1.001521 1.006284 1.005454 1.009165 1.024167 1.000939 1.008279 1.026549 1.014625 1.033148 1.006534 1.002457 1.009724 1.018294 1.022603 1.006827 1.010300 1.013257 1.022274 1.029406 1.009008 1.018297 1.027466 1.035931 1.027323 1.014222 1.016224 1.022580 1.022961 1.025337 1.019548 1.024456 1.023898 1.030142 1.039883 1.010200 1.017195 1.039844 1.027750 0.980531 1.006724 1.028540 1.021678 1.001541 1.075004 1.021876 1.021354 1.024405 1.018546 0.980531 1.014646 1.020216 1.029035 1.027766 1.013141 1.020953 1.022083 1.028597 1.018227 1.026218 1.020051 1.022917 1.021356 1.023762 1.042332 1.006609 1.010988 1.029516 1.017681 1.048605 1.013275 1.013776 1.011004 1.022508 1.034155 1.010239 1.016002 1.015724 1.018523 1.029231 1.008691 1.015795 1.018977 1.022551 1.031462 1.008735 1.007632 1.018409 1.023926 1.027060 1.013365 1.020000 1.015085 1.022105 1.027681 1.000363 1.002241 1.004976 1.005321 1.009558 1.009778 1.013570 1.019136 1.021887 1.031774 1.007048 1.020492 1.021835 1.016050 1.024765 0.999104 1.001724 1.005520 1.011737 1.013281 1.001313 1.001870 1.005831 1.007200 1.010406 1.006561 1.011843 1.014360 1.017993 1.030384 
1.002299 1.013760 1.022517 1.032572 1.037267 1.005823 1.006148 1.016871 1.025814 1.039640 1.007873 1.016482 1.015706 1.022472 1.050872 1.006823 1.021000 1.054440 1.033887 1.066517 1.017573 1.009783 1.023859 1.039865 1.048880 1.017553 1.024435 1.030226 1.047050 1.060574 1.022235 1.039943 1.057964 1.071731 1.058743 1.032334 1.035940 1.048441 1.048863 1.055146 1.042040 1.051925 1.050448 1.062234 1.080865 1.023522 1.037892 1.079034 1.059517 0.973984 1.019423 1.060495 1.047461 1.009924 1.145113 1.046641 1.045906 1.052158 1.041642 0.973984 1.032855 1.042982 1.060642 1.058196 1.030678 1.045402 1.047418 1.058644 1.040246 1.054111 1.042775 1.048855 1.046078 1.050551 1.085081 1.017810 1.026200 1.061112 1.039634 1.096603 1.030648 1.031868 1.027243 1.046681 1.069949 1.024769 1.035648 1.034825 1.040266 1.061309 1.021421 1.034889 1.041126 1.048099 1.064837 1.021442 1.020924 1.039575 1.049652 1.056479 1.028944 1.042387 1.033485 1.046566 1.057799 1.005135 1.008960 1.014462 1.015421 1.023435 1.023647 1.031290 1.041573 1.046640 1.065504 1.019527 1.043173 1.046029 1.035692 1.052642 1.002606 1.008019 1.015114 1.027158 1.030076 1.007076 1.008664 1.015891 1.018280 1.024915 1.017319 1.027474 1.032418 1.039380 1.062737 
1.004771 1.014407 1.023238 1.028996 1.034293 1.008955 1.010664 1.017040 1.023577 1.034591 1.010616 1.016763 1.018190 1.022876 1.041194 1.010434 1.020964 1.042424 1.031796 1.049660 1.018420 1.014026 1.023510 1.034546 1.042019 1.017620 1.022877 1.027758 1.038633 1.047763 1.022589 1.034429 1.047527 1.052975 1.050274 1.030036 1.032116 1.041238 1.041007 1.048213 1.035350 1.043152 1.041525 1.048223 1.061774 1.021854 1.033532 1.057596 1.050717 1.001718 1.023978 1.050405 1.041777 1.018229 1.099752 1.038825 1.038521 1.044119 1.038311 1.001718 1.028925 1.035797 1.048823 1.046381 1.029307 1.037911 1.039646 1.045678 1.035953 1.042838 1.035534 1.040879 1.039221 1.042401 1.063832 1.019385 1.025357 1.048659 1.036307 1.070718 1.028264 1.030345 1.028411 1.037288 1.054542 1.024201 1.031903 1.031192 1.034838 1.049692 1.020868 1.030448 1.035050 1.040125 1.051008 1.022256 1.023469 1.033504 1.039628 1.045367 1.023851 1.034772 1.029227 1.037474 1.046489 1.008438 1.012558 1.016912 1.017896 1.023817 1.023227 1.029145 1.035628 1.038990 1.051568 1.022093 1.035161 1.037594 1.031860 1.043936 1.006440 1.010788 1.016581 1.025066 1.027291 1.010376 1.012104 1.017187 1.018926 1.024536 1.017964 1.025374 1.029297 1.034229 1.049559 
1.002018 1.010000 1.015337 1.024900 1.027871 1.002569 1.002351 1.011932 1.019808 1.030616 1.004995 1.011920 1.009787 1.015474 1.041495 1.003614 1.015137 1.044597 1.024934 1.056011 1.012171 1.004506 1.017004 1.030994 1.038346 1.012421 1.018335 1.022557 1.037668 1.049618 1.015402 1.031412 1.046739 1.060771 1.046118 1.024040 1.027298 1.038014 1.038690 1.042739 1.033329 1.041454 1.040418 1.052375 1.067445 1.017196 1.029027 1.067528 1.046846 0.966485 1.010838 1.048098 1.036297 1.001811 1.127266 1.037234 1.036533 1.041124 1.031232 0.966485 1.025678 1.034131 1.049296 1.047717 1.022663 1.036592 1.037847 1.047981 1.030550 1.044253 1.033993 1.038749 1.036337 1.040038 1.071697 1.011803 1.019170 1.049747 1.029655 1.082368 1.023028 1.023257 1.018638 1.037938 1.057704 1.018005 1.027056 1.026427 1.031227 1.049714 1.015761 1.027246 1.032407 1.038317 1.053331 1.014627 1.013731 1.030967 1.040278 1.045951 1.022997 1.033917 1.025898 1.038329 1.047002 1.002743 1.004484 1.008961 1.009879 1.016223 1.017071 1.023300 1.032658 1.037153 1.053854 1.012561 1.034621 1.036803 1.027169 1.041973 1.000608 1.005058 1.009895 1.020337 1.022832 1.003451 1.004872 1.010584 1.012455 1.017754 1.012318 1.020723 1.024594 1.030551 1.051458 
0.992677 0.986602 0.980425 0.978663 0.973740 0.991307 0.987624 0.986653 0.981226 0.974919 0.988372 0.985904 0.983552 0.980943 0.971967 0.988043 0.982848 0.972860 0.975287 0.970283 0.984501 0.985931 0.981283 0.975186 0.970117 0.985964 0.982014 0.978927 0.973777 0.969139 0.981306 0.975072 0.968066 0.968850 0.964251 0.976854 0.976057 0.970769 0.971409 0.964918 0.975543 0.970422 0.971788 0.967572 0.961848 0.983044 0.975309 0.966917 0.964108 0.979966 0.976952 0.965149 0.969194 0.979019 0.948238 0.973446 0.973396 0.968972 0.970658 0.979966 0.978223 0.975233 0.967841 0.970252 0.977170 0.974646 0.972934 0.970757 0.973121 0.972188 0.975608 0.971690 0.972427 0.970454 0.961654 0.983018 0.979055 0.968130 0.972218 0.959092 0.978690 0.976071 0.975945 0.975476 0.965323 0.980525 0.976248 0.976671 0.974907 0.967058 0.982930 0.977701 0.975055 0.972288 0.967257 0.981020 0.979595 0.976373 0.973890 0.970181 0.984052 0.976533 0.979029 0.973482 0.969392 0.989409 0.986816 0.984329 0.982563 0.980194 0.980414 0.977707 0.974643 0.973067 0.966855 0.980650 0.976336 0.974545 0.976324 0.969733 0.992093 0.988166 0.985166 0.980260 0.979475 0.990067 0.986621 0.984917 0.983956 0.979659 0.984113 0.979973 0.978128 0.975367 0.968040 
0.990130 0.990363 0.987677 0.994804 0.991017 0.989360 0.984042 0.992404 0.993131 0.995456 0.987509 0.991410 0.986144 0.988549 1.002276 0.985831 0.990342 1.007043 0.990071 1.014958 0.989716 0.984196 0.990260 0.996213 0.996482 0.992074 0.992653 0.992842 1.001096 1.006786 0.988896 0.996378 1.002060 1.017767 0.996186 0.991506 0.993776 0.997238 0.998834 0.993682 0.999007 1.000119 1.001063 1.007122 1.014595 0.993358 0.994432 1.021876 0.996726 0.937179 0.978358 0.999537 0.993303 0.972164 1.056316 1.000028 0.999184 0.997846 0.990103 0.937179 0.994868 0.999550 1.004417 1.005891 0.990291 1.000539 0.999759 1.007539 0.992991 1.005635 0.999884 0.999206 0.997681 0.998853 1.018634 0.987458 0.989521 1.005498 0.990767 1.025890 0.992763 0.989589 0.984632 1.003880 1.009597 0.990235 0.993722 0.993783 0.996138 1.003673 0.991218 0.995790 0.997406 0.999547 1.007783 0.987924 0.984369 0.997996 1.004046 1.004345 1.000450 1.001105 0.996285 1.001123 1.004295 0.986895 0.985433 0.986489 0.984957 0.988219 0.989356 0.991732 0.997051 0.999468 1.007749 0.984742 1.001642 1.001367 0.993950 0.999676 0.988216 0.987420 0.988644 0.992443 0.993835 0.988475 0.985180 0.988912 0.989645 0.989066 0.989428 0.992333 0.993715 0.995978 1.006996 
1.001545 1.001256 1.002411 0.998457 0.999652 1.002777 1.004647 1.000507 0.999401 0.997625 1.002677 1.000916 1.003401 1.002067 0.993521 1.003648 1.000879 0.991775 1.000246 0.987364 1.001563 1.004839 1.000944 0.997289 0.996243 1.000723 0.999791 0.999523 0.994713 0.991171 1.001871 0.997019 0.993052 0.985717 0.995462 0.999927 0.998739 0.996147 0.995471 0.996812 0.995881 0.994527 0.994360 0.990084 0.986012 1.000137 0.998241 0.983319 0.995171 1.027267 1.006596 0.994012 0.997848 1.010077 0.963052 0.995021 0.995400 0.995519 0.999599 1.027267 0.998107 0.995755 0.991912 0.991255 1.000333 0.994434 0.994890 0.991181 0.998677 0.992272 0.995563 0.995241 0.996030 0.995293 0.983968 1.002613 1.001009 0.991637 0.999591 0.979944 0.999317 1.000727 1.003092 0.993734 0.989095 1.000802 0.998720 0.998872 0.997356 0.992085 1.000590 0.997722 0.996568 0.995099 0.990226 1.002559 1.003430 0.996730 0.993402 0.992384 0.996528 0.995097 0.997737 0.994245 0.992268 1.003360 1.004295 1.003385 1.003726 1.002083 1.001372 0.999741 0.996659 0.995311 0.990173 1.003472 0.994905 0.994767 0.998637 0.994636 1.003126 1.002872 1.002470 0.999845 0.999048 1.002987 1.003883 1.002237 1.001932 1.001535 1.001630 0.999725 0.998881 0.997394 0.990769 
0.998846 1.001828 1.004500 1.005658 1.007311 0.999397 1.000682 1.001637 1.004688 1.007238 1.000648 1.002249 1.002736 1.004409 1.009182 1.000805 1.003107 1.009510 1.006165 1.011366 1.002373 1.001737 1.003774 1.007327 1.009137 1.002156 1.004021 1.005414 1.008383 1.010798 1.004140 1.007364 1.010283 1.012175 1.011233 1.006314 1.006878 1.009173 1.009158 1.010725 1.007310 1.009411 1.009122 1.011533 1.014107 1.004179 1.007158 1.013336 1.011342 0.999278 1.004864 1.011269 1.009150 1.003362 1.023414 1.008234 1.007981 1.009841 1.008438 0.999278 1.005872 1.007816 1.010674 1.009364 1.005793 1.007031 1.008060 1.010210 1.007879 1.009687 1.007460 1.008879 1.008351 1.009469 1.014677 1.003109 1.005183 1.010955 1.007942 1.016353 1.005135 1.006313 1.005785 1.008395 1.012387 1.004371 1.006602 1.006760 1.007483 1.010781 1.003497 1.006175 1.007424 1.008648 1.011406 1.004731 1.003760 1.007157 1.008865 1.009898 1.004147 1.007273 1.005529 1.008801 1.010163 1.000558 1.001759 1.002734 1.003425 1.004583 1.004728 1.005588 1.007490 1.008371 1.011532 1.003451 1.007531 1.008116 1.006630 1.009667 0.999018 1.000900 1.002643 1.004930 1.005407 1.000054 1.001440 1.002557 1.003296 1.005019 1.002903 1.004990 1.005753 1.007116 1.011054 
1.017427 1.028427 1.041964 1.040223 1.051455 1.021477 1.031028 1.027606 1.036376 1.046394 1.027063 1.029550 1.037340 1.040480 1.046729 1.028900 1.035506 1.042338 1.049235 1.041626 1.033114 1.034541 1.038545 1.045459 1.054139 1.029117 1.035491 1.041093 1.044679 1.049031 1.039572 1.045355 1.053950 1.042263 1.064581 1.045707 1.045587 1.052536 1.050372 1.065083 1.042926 1.051173 1.048183 1.050587 1.056532 1.033609 1.046445 1.042927 1.064473 1.076400 1.054248 1.060767 1.057829 1.054698 1.052538 1.045928 1.046551 1.055260 1.057488 1.076400 1.040604 1.043214 1.052784 1.047411 1.045907 1.043265 1.046904 1.045637 1.051244 1.044510 1.042239 1.049561 1.049283 1.052014 1.054216 1.037304 1.042786 1.051623 1.054301 1.053855 1.041484 1.048324 1.051842 1.039954 1.053806 1.039843 1.045230 1.044546 1.046005 1.054623 1.034849 1.041183 1.044749 1.048240 1.051596 1.040922 1.045462 1.042195 1.042571 1.048771 1.026986 1.039807 1.038568 1.044583 1.050178 1.025818 1.031946 1.035694 1.039482 1.042005 1.040521 1.043940 1.045737 1.047049 1.052312 1.043348 1.039836 1.043134 1.044966 1.052695 1.020700 1.027706 1.032758 1.038793 1.039450 1.024320 1.031941 1.033001 1.034378 1.042228 1.033832 1.039288 1.041883 1.045260 1.050771 
0.997909 0.992074 0.986345 0.984447 0.980691 0.995258 0.993237 0.991379 0.987122 0.981355 0.993886 0.990938 0.989151 0.986683 0.978699 0.993603 0.988598 0.978756 0.982241 0.975906 0.989829 0.991166 0.987115 0.981434 0.977364 0.990696 0.987620 0.984814 0.979915 0.975731 0.986985 0.981500 0.975382 0.974527 0.972776 0.983081 0.982301 0.977803 0.978141 0.973510 0.981548 0.977349 0.978326 0.975429 0.969380 0.987964 0.981663 0.972583 0.972618 0.990057 0.984407 0.973276 0.977074 0.986734 0.955168 0.979776 0.979795 0.976345 0.978248 0.990057 0.984411 0.981107 0.975017 0.977080 0.983453 0.980972 0.979544 0.977165 0.980050 0.978153 0.981548 0.978461 0.979120 0.977409 0.968809 0.988751 0.985439 0.975105 0.979503 0.966199 0.984685 0.982679 0.982960 0.980870 0.972510 0.986468 0.982553 0.982716 0.981234 0.974488 0.988494 0.983746 0.981394 0.978941 0.974218 0.986457 0.986076 0.982294 0.979696 0.976822 0.988424 0.982201 0.984679 0.980217 0.976206 0.994778 0.991950 0.989792 0.988825 0.986094 0.986532 0.983934 0.981066 0.979533 0.973919 0.986986 0.981929 0.980579 0.982536 0.976786 0.996548 0.993622 0.990348 0.986131 0.985117 0.994239 0.992375 0.990131 0.989093 0.985768 0.989788 0.985989 0.984102 0.981662 0.974885 
0.994959 0.993495 0.991111 0.992128 0.989969 0.994056 0.992184 0.993448 0.992702 0.991278 0.993258 0.993308 0.991488 0.991459 0.992126 0.992795 0.992159 0.993490 0.990037 0.994539 0.992423 0.991713 0.991642 0.991544 0.990108 0.993360 0.992591 0.991779 0.992295 0.992306 0.991568 0.991599 0.990705 0.994757 0.988383 0.990986 0.991313 0.990588 0.991149 0.988004 0.992204 0.991037 0.991701 0.992321 0.991919 0.993213 0.991211 0.995123 0.988464 0.979463 0.988088 0.989431 0.989210 0.987284 0.997472 0.991842 0.991594 0.990188 0.988902 0.979463 0.992163 0.992448 0.991219 0.991961 0.990623 0.991871 0.991477 0.992976 0.990315 0.992955 0.992490 0.991222 0.991028 0.990866 0.992792 0.991655 0.991251 0.991707 0.989528 0.993699 0.991526 0.990299 0.989094 0.993538 0.991808 0.991576 0.991277 0.991530 0.991496 0.990773 0.992545 0.992146 0.991793 0.991457 0.991902 0.991517 0.989751 0.992363 0.993105 0.991915 0.994890 0.993025 0.992502 0.992762 0.991670 0.993560 0.992485 0.991908 0.991298 0.991150 0.991653 0.991103 0.991545 0.991639 0.991776 0.990163 0.993173 0.992602 0.991369 0.990753 0.994123 0.993223 0.992662 0.992224 0.992192 0.993612 0.992410 0.992561 0.992551 0.991321 0.992537 0.992108 0.991724 0.991498 0.991949 
0.995382 0.992122 0.988527 0.988081 0.985032 0.995022 0.992377 0.992610 0.989260 0.985995 0.992983 0.991855 0.990267 0.988872 0.984731 0.992687 0.990194 0.985500 0.985906 0.984624 0.991121 0.991466 0.989349 0.986193 0.983428 0.992097 0.989805 0.988080 0.985699 0.983471 0.989143 0.986116 0.982703 0.984022 0.980124 0.986793 0.986466 0.983755 0.984212 0.980329 0.986623 0.983822 0.984607 0.982390 0.979977 0.990314 0.986118 0.983242 0.980080 0.984957 0.985904 0.980815 0.982613 0.986607 0.975199 0.985524 0.985468 0.982810 0.983251 0.984957 0.987758 0.986354 0.982702 0.984306 0.987012 0.986495 0.985312 0.984364 0.984763 0.985076 0.986665 0.984441 0.984798 0.983688 0.980142 0.990042 0.987823 0.982827 0.984132 0.979202 0.988054 0.986240 0.985875 0.986765 0.981561 0.988849 0.986610 0.986790 0.985995 0.982250 0.990174 0.987511 0.986186 0.984809 0.982551 0.988792 0.988095 0.986908 0.985891 0.983976 0.991473 0.987263 0.988418 0.985192 0.983538 0.993311 0.991896 0.990653 0.989419 0.988450 0.988533 0.987381 0.985966 0.985189 0.982326 0.988675 0.987140 0.986115 0.986662 0.983407 0.995082 0.992743 0.991238 0.988696 0.988449 0.994210 0.991739 0.991175 0.990631 0.988124 0.990645 0.988540 0.987717 0.986301 0.982932 
1.012375 1.014711 1.019313 1.015175 1.020434 1.012661 1.018628 1.012896 1.015302 1.016618 1.016002 1.014127 1.018926 1.018412 1.013467 1.017271 1.016456 1.009232 1.020347 1.004940 1.015981 1.019017 1.017145 1.015942 1.018459 1.013431 1.015159 1.016416 1.013127 1.011448 1.018013 1.016021 1.015556 1.003682 1.021730 1.018446 1.017189 1.017482 1.015994 1.023183 1.013781 1.015655 1.014220 1.012597 1.009697 1.013787 1.017136 1.001772 1.021417 1.055981 1.027769 1.018803 1.021114 1.031083 0.986828 1.014155 1.014812 1.018003 1.022720 1.055981 1.015577 1.013462 1.013941 1.011754 1.019287 1.013410 1.014697 1.009967 1.019279 1.010670 1.013056 1.015613 1.016380 1.016486 1.006906 1.018299 1.018923 1.012901 1.021378 1.003028 1.016706 1.020242 1.023921 1.010182 1.011455 1.017633 1.017159 1.016851 1.016101 1.014921 1.015761 1.015095 1.015232 1.015104 1.011795 1.018773 1.022382 1.013957 1.010879 1.012743 1.008260 1.011694 1.013929 1.013637 1.013198 1.015888 1.017777 1.018285 1.020473 1.019061 1.018303 1.017927 1.015702 1.014763 1.012031 1.021515 1.011363 1.012486 1.016953 1.016341 1.013479 1.016136 1.016284 1.016112 1.015480 1.013961 1.018402 1.016246 1.016099 1.018790 1.016518 1.016423 1.016258 1.016031 1.011933 
0.990385 0.977204 0.963658 0.959922 0.950179 0.986300 0.979548 0.976744 0.965547 0.952314 0.981265 0.975080 0.970459 0.964613 0.946233 0.980427 0.969307 0.947143 0.953780 0.941394 0.972559 0.975174 0.965866 0.952683 0.942713 0.975091 0.967168 0.960514 0.949517 0.939839 0.965471 0.952681 0.938468 0.938372 0.931166 0.956214 0.954451 0.943756 0.944854 0.932660 0.953368 0.943063 0.945584 0.937716 0.925065 0.968379 0.952988 0.934233 0.930844 0.966373 0.957386 0.932701 0.941128 0.962022 0.895290 0.949108 0.949213 0.940216 0.944058 0.966373 0.959405 0.952356 0.937799 0.943064 0.957196 0.952280 0.948460 0.943085 0.948697 0.945812 0.953356 0.945611 0.947252 0.943009 0.924313 0.969394 0.961219 0.938020 0.947099 0.918767 0.960387 0.954892 0.955040 0.952336 0.932205 0.964209 0.955033 0.955551 0.952079 0.936406 0.969108 0.957997 0.952553 0.946858 0.936255 0.964342 0.962929 0.954837 0.949319 0.942329 0.970320 0.955088 0.960676 0.949377 0.940792 0.982951 0.976930 0.971869 0.968699 0.963204 0.963867 0.958325 0.951765 0.948269 0.935485 0.964981 0.954515 0.951039 0.955121 0.941677 0.988159 0.980499 0.973414 0.963395 0.961501 0.983635 0.977390 0.973055 0.970686 0.962149 0.971707 0.962957 0.958939 0.953181 0.937822 
0.994885 0.997080 0.998061 1.001493 1.001126 0.995364 0.994019 0.997971 1.000089 1.002760 0.995192 0.997920 0.996298 0.998335 1.006506 0.994717 0.998048 1.008633 0.999996 1.012845 0.997381 0.994951 0.998537 1.003117 1.004372 0.998180 0.999540 1.000598 1.005646 1.009362 0.998285 1.003142 1.007213 1.014431 1.005588 1.000686 1.001907 1.004689 1.005292 1.004312 1.004159 1.005928 1.006110 1.009654 1.014432 1.000015 1.002333 1.016742 1.005863 0.975498 0.994738 1.006884 1.003154 0.991406 1.036251 1.005142 1.004644 1.005343 1.001506 0.975498 1.001542 1.004691 1.008361 1.008053 0.999883 1.004527 1.004907 1.009255 1.002244 1.008226 1.004588 1.005240 1.004321 1.005494 1.016343 0.997019 0.999088 1.008963 1.001437 1.020172 1.000371 0.999948 0.997724 1.006741 1.011438 0.998887 1.001697 1.001844 1.003188 1.008140 0.998634 1.002156 1.003588 1.005208 1.010114 0.998334 0.996297 1.003685 1.007089 1.007845 1.002673 1.004937 1.001969 1.005650 1.007994 0.994923 0.995345 0.996415 0.996163 0.998317 0.998731 1.000274 1.003509 1.005022 1.010179 0.996240 1.005311 1.005573 1.001803 1.005928 0.994563 0.995362 0.997165 1.000052 1.000963 0.995449 0.994865 0.997210 0.998011 0.998869 0.997535 1.000023 1.001138 1.002884 1.009597 
1.012324 1.012530 1.015836 1.009838 1.014274 1.012313 1.017980 1.010536 1.010927 1.010011 1.014881 1.011741 1.016722 1.014930 1.004564 1.016336 1.013263 0.999829 1.014908 0.993224 1.013404 1.017910 1.013515 1.009251 1.010157 1.010902 1.011203 1.011534 1.005101 1.000926 1.014589 1.009207 1.005604 0.990998 1.011703 1.013131 1.011219 1.009242 1.007642 1.013829 1.006692 1.006778 1.005580 1.001270 0.995499 1.010066 1.010814 0.987706 1.011246 1.061794 1.024997 1.008443 1.013182 1.030152 0.960660 1.006222 1.007037 1.009103 1.015765 1.061794 1.009991 1.006180 1.003485 1.001812 1.014288 1.005793 1.006688 0.999860 1.012564 1.001272 1.005835 1.007305 1.008572 1.007844 0.991870 1.015655 1.014590 1.002329 1.014798 0.985855 1.011780 1.015062 1.019618 1.002112 0.999247 1.013683 1.011281 1.011050 1.009346 1.004370 1.012412 1.009316 1.008257 1.006901 1.000511 1.015362 1.019284 1.007318 1.002324 1.003007 1.003557 1.004524 1.008451 1.005416 1.003231 1.015307 1.016633 1.016193 1.018022 1.015412 1.014416 1.012886 1.008678 1.006904 1.000634 1.018691 1.004026 1.004668 1.011048 1.007323 1.013814 1.015088 1.014056 1.011661 1.010530 1.013395 1.017211 1.013912 1.013330 1.014770 1.013852 1.011886 1.010953 1.009456 1.001040 
1.004638 1.008624 1.012965 1.014367 1.017569 1.005797 1.007872 1.009036 1.012379 1.016894 1.007367 1.009437 1.010844 1.012639 1.018943 1.007556 1.011418 1.018532 1.016516 1.020511 1.010302 1.009206 1.012533 1.016743 1.020195 1.009435 1.011973 1.014135 1.017799 1.021076 1.012422 1.016753 1.021750 1.021561 1.024132 1.015484 1.016061 1.019726 1.019336 1.023614 1.016595 1.020074 1.019157 1.021733 1.026229 1.011312 1.016598 1.022992 1.024243 1.011944 1.015014 1.023594 1.020669 1.013421 1.036551 1.018045 1.018053 1.020963 1.019630 1.011944 1.014513 1.016767 1.021946 1.020441 1.015311 1.017391 1.018429 1.019959 1.018011 1.018984 1.016542 1.019177 1.018663 1.019983 1.026477 1.011205 1.013802 1.021720 1.018572 1.028402 1.014344 1.015964 1.015938 1.016705 1.023741 1.012974 1.015946 1.015640 1.016906 1.022473 1.011345 1.015040 1.016817 1.018776 1.022401 1.012532 1.013567 1.015948 1.017767 1.020351 1.010894 1.015958 1.014180 1.017673 1.020885 1.006689 1.008483 1.010261 1.011220 1.013139 1.012853 1.014965 1.017119 1.018328 1.022670 1.012850 1.016073 1.017265 1.015896 1.020529 1.005331 1.007592 1.009731 1.013090 1.013778 1.006635 1.008482 1.009935 1.010610 1.013430 1.010438 1.013277 1.014706 1.016621 1.021855 
0.992164 0.988422 0.982871 0.984783 0.980206 0.990069 0.986174 0.988458 0.986145 0.982799 0.988292 0.987880 0.984106 0.983553 0.984173 0.987377 0.985496 0.986523 0.980765 0.988222 0.986255 0.984692 0.984392 0.983251 0.980239 0.987967 0.986131 0.984112 0.984501 0.984074 0.983899 0.983432 0.981315 0.988520 0.976577 0.982288 0.982800 0.981036 0.982094 0.975929 0.984625 0.981980 0.983240 0.984256 0.982898 0.986931 0.982598 0.989037 0.976717 0.961291 0.976920 0.978577 0.978469 0.975644 0.992155 0.983759 0.983401 0.980187 0.977924 0.961291 0.984913 0.984693 0.982203 0.984181 0.981848 0.984494 0.983275 0.985476 0.980705 0.985439 0.985094 0.982400 0.982167 0.981521 0.984456 0.984432 0.983157 0.982930 0.979198 0.985952 0.983867 0.981008 0.978805 0.986717 0.982917 0.984056 0.982883 0.983180 0.983091 0.981387 0.986052 0.984687 0.983798 0.982932 0.983313 0.983376 0.980777 0.984800 0.985861 0.983617 0.990422 0.986153 0.985601 0.984907 0.983112 0.988696 0.986082 0.984874 0.983590 0.982958 0.983967 0.982826 0.983325 0.983263 0.983060 0.981601 0.986312 0.985131 0.983034 0.981366 0.990116 0.988019 0.986338 0.985059 0.984894 0.988777 0.986157 0.986264 0.985924 0.983196 0.986202 0.984848 0.983982 0.983260 0.983445 
0.988657 0.981753 0.973434 0.974549 0.967357 0.986816 0.980289 0.982799 0.976678 0.970579 0.982624 0.981354 0.976461 0.974376 0.970103 0.981487 0.977553 0.973021 0.968870 0.973441 0.979185 0.978276 0.975739 0.971157 0.965630 0.981768 0.977475 0.973995 0.971620 0.968776 0.974996 0.971118 0.965752 0.973023 0.958950 0.971012 0.971058 0.966598 0.967966 0.958644 0.972800 0.967496 0.969377 0.967158 0.963969 0.978732 0.970521 0.972583 0.959016 0.951742 0.965599 0.961353 0.963247 0.965336 0.966294 0.970864 0.970528 0.964864 0.963491 0.951742 0.974084 0.972534 0.966464 0.970002 0.970967 0.972739 0.970305 0.970918 0.967438 0.971657 0.973206 0.968518 0.968744 0.966922 0.965423 0.976409 0.972697 0.967133 0.965509 0.965615 0.973838 0.969361 0.967161 0.974562 0.965727 0.974768 0.971324 0.971708 0.970787 0.965315 0.977890 0.973842 0.971545 0.969351 0.967163 0.974051 0.971393 0.973197 0.972903 0.969019 0.982992 0.974743 0.975636 0.971142 0.968123 0.983352 0.979707 0.977392 0.974709 0.973427 0.974124 0.972220 0.970952 0.970156 0.966706 0.972708 0.974700 0.972594 0.971495 0.966522 0.987103 0.982248 0.979234 0.975307 0.975000 0.984913 0.979515 0.979150 0.978259 0.973132 0.978451 0.974952 0.973488 0.971306 0.967701 
1.001686 1.000587 0.999806 0.999742 0.999261 1.001733 1.000995 1.001268 0.999727 0.999283 1.001136 1.000685 1.000519 0.999817 0.998813 1.000949 1.000706 0.998412 0.999666 0.998160 1.000820 1.000676 1.000446 0.999283 0.999065 1.000884 1.000172 0.999736 0.998931 0.998378 1.000003 0.999283 0.998957 0.998026 0.998582 0.999455 0.999215 0.998767 0.998754 0.998691 0.999408 0.998931 0.998861 0.997917 0.997842 0.999662 0.999242 0.997874 0.998558 1.001153 0.999518 0.998446 0.998733 0.999679 0.995961 0.999243 0.999347 0.998683 0.999054 1.001153 0.999591 0.998994 0.998761 0.999517 0.999979 1.000332 0.999557 0.998256 0.998965 0.998566 0.999193 0.998944 0.999210 0.998709 0.997750 1.000397 0.999606 0.998349 0.999027 0.997406 1.000131 0.999486 0.999730 0.998746 0.998144 1.000194 0.999383 0.999190 0.999123 0.998851 1.000320 0.999570 0.999260 0.999048 0.998461 0.999524 1.000761 0.999081 0.998615 0.998837 1.000049 0.999245 0.999855 0.998479 0.998801 1.000755 1.000378 1.000323 0.999872 0.999828 0.999578 0.999926 0.999340 0.999093 0.998437 1.000715 0.999023 0.998865 0.999357 0.998887 1.001777 1.000891 1.000264 0.999623 0.999780 1.001655 1.000645 1.000419 1.000069 0.999550 1.000286 0.999720 0.999767 0.999384 0.998518 
0.988589 0.982954 0.974373 0.978444 0.971325 0.985173 0.978650 0.983481 0.980020 0.975733 0.982489 0.982338 0.976059 0.975474 0.978942 0.980693 0.979011 0.982780 0.972018 0.986680 0.979815 0.976426 0.977236 0.976513 0.972485 0.982633 0.980031 0.977111 0.979065 0.979488 0.976096 0.976853 0.975074 0.987633 0.967326 0.974293 0.975343 0.973554 0.975306 0.965969 0.979002 0.975518 0.977360 0.979876 0.979381 0.980920 0.975235 0.989162 0.967618 0.935350 0.964282 0.970631 0.969236 0.961271 0.999910 0.978006 0.977395 0.972522 0.968015 0.935350 0.978673 0.979100 0.976669 0.979955 0.973711 0.979608 0.977444 0.981406 0.972268 0.981147 0.979700 0.975871 0.975368 0.974526 0.982304 0.976709 0.975168 0.977664 0.969819 0.985713 0.976963 0.972181 0.968301 0.982544 0.978457 0.976739 0.975510 0.975845 0.976198 0.975466 0.979764 0.978526 0.977518 0.976718 0.978746 0.975004 0.971347 0.978839 0.981364 0.978567 0.987271 0.981396 0.979892 0.979942 0.977871 0.982686 0.978534 0.977065 0.974921 0.974623 0.976193 0.975294 0.976841 0.977157 0.978389 0.972478 0.981620 0.979909 0.975755 0.974594 0.985249 0.981965 0.979455 0.978313 0.978428 0.983387 0.978936 0.979471 0.978994 0.975039 0.979549 0.978106 0.977168 0.976512 0.978769 
1.002931 0.999854 0.997677 0.995027 0.994238 1.001968 1.002174 0.999322 0.996585 0.993348 1.001675 0.999066 0.999648 0.997589 0.990273 1.001856 0.998470 0.988742 0.995350 0.985394 0.999180 1.001029 0.997697 0.993180 0.991368 0.998920 0.997148 0.995675 0.991087 0.987598 0.997736 0.993197 0.989053 0.984031 0.989332 0.995173 0.994119 0.991159 0.990868 0.990345 0.992573 0.990325 0.990421 0.987259 0.982709 0.996746 0.993712 0.982097 0.989113 1.013207 0.999171 0.988564 0.991871 1.001803 0.965003 0.991500 0.991809 0.990371 0.993384 1.013207 0.994965 0.992016 0.988171 0.989058 0.995963 0.992505 0.991669 0.987882 0.993280 0.988976 0.992209 0.991009 0.991842 0.990544 0.981372 0.999071 0.996770 0.987667 0.993685 0.978227 0.995897 0.995533 0.997094 0.990622 0.985443 0.997319 0.994336 0.994269 0.993020 0.988211 0.997958 0.994399 0.992857 0.991183 0.986793 0.997503 0.999035 0.992924 0.990033 0.988954 0.995295 0.992174 0.994796 0.991084 0.988701 1.001925 1.000892 0.999699 0.999500 0.997456 0.997233 0.995742 0.992861 0.991446 0.986668 0.999256 0.991795 0.991235 0.994260 0.990194 1.002807 1.001411 0.999321 0.996280 0.995578 1.001751 1.001373 0.999262 0.998427 0.996957 0.998942 0.996324 0.995192 0.993393 0.987294 
1.017416 1.025052 1.035172 1.032709 1.041970 1.019139 1.027945 1.023585 1.030479 1.037343 1.024682 1.025336 1.031975 1.033872 1.036800 1.026227 1.030199 1.032225 1.040470 1.030344 1.028229 1.030081 1.032283 1.036489 1.043223 1.024680 1.029676 1.033701 1.035029 1.037487 1.033130 1.036556 1.042234 1.030384 1.051404 1.037418 1.036943 1.041784 1.039820 1.052203 1.034091 1.040322 1.037801 1.039570 1.042112 1.027658 1.037526 1.030219 1.051232 1.070245 1.046228 1.047886 1.046616 1.047630 1.032204 1.036278 1.036823 1.043823 1.046810 1.070245 1.033304 1.034112 1.040920 1.036712 1.037870 1.034418 1.037203 1.034756 1.041470 1.034112 1.033377 1.039207 1.039225 1.041110 1.039621 1.031855 1.035826 1.039743 1.044223 1.038163 1.034063 1.039799 1.043364 1.030820 1.040780 1.033366 1.036721 1.036092 1.036905 1.042510 1.029454 1.033450 1.035868 1.038165 1.039398 1.034092 1.038613 1.033634 1.032839 1.037753 1.021568 1.031322 1.031205 1.035580 1.038863 1.023794 1.028030 1.030713 1.034187 1.035084 1.034059 1.036142 1.036687 1.037218 1.039969 1.036966 1.031166 1.033783 1.036428 1.041559 1.019324 1.025076 1.028099 1.032133 1.032287 1.021610 1.028589 1.028209 1.029002 1.035276 1.029094 1.032663 1.034202 1.036403 1.038865 
0.989397 0.976208 0.962448 0.960075 0.950192 0.983781 0.977057 0.975283 0.965637 0.952982 0.979551 0.974176 0.968511 0.963520 0.948755 0.978450 0.968158 0.950282 0.953249 0.946252 0.971052 0.972633 0.964705 0.953515 0.944008 0.973814 0.966731 0.960297 0.951395 0.943234 0.964324 0.953701 0.940873 0.943868 0.932926 0.956078 0.954824 0.945238 0.946596 0.933901 0.954591 0.945003 0.947634 0.942173 0.930455 0.968011 0.953515 0.940665 0.932717 0.955885 0.954820 0.935006 0.941939 0.958093 0.909531 0.950726 0.950604 0.941943 0.944222 0.955885 0.959932 0.953892 0.940691 0.945706 0.956657 0.953452 0.949901 0.946445 0.949196 0.948784 0.954782 0.947286 0.948532 0.944821 0.930498 0.967815 0.960747 0.941231 0.947252 0.926501 0.959997 0.954431 0.953650 0.954741 0.936405 0.963391 0.955280 0.955924 0.952957 0.939178 0.968404 0.958703 0.953677 0.948553 0.939918 0.963347 0.960822 0.955935 0.951839 0.945046 0.970941 0.956661 0.960978 0.952065 0.943561 0.981499 0.974900 0.970123 0.967244 0.962089 0.963291 0.957933 0.952797 0.949991 0.939172 0.962863 0.956279 0.952895 0.955422 0.943622 0.986197 0.979029 0.972007 0.963228 0.961512 0.981203 0.975501 0.971597 0.969523 0.961457 0.970787 0.962831 0.958948 0.953893 0.941265 
0.997460 0.992361 0.988163 0.984294 0.981222 0.997821 0.995729 0.992611 0.986594 0.980743 0.994972 0.991660 0.991645 0.988302 0.975475 0.995248 0.989633 0.974679 0.983157 0.969688 0.991413 0.994390 0.988440 0.980664 0.976258 0.991900 0.987864 0.985176 0.977699 0.971631 0.988610 0.980375 0.972656 0.967481 0.971283 0.983699 0.982170 0.976396 0.976366 0.972734 0.980113 0.975232 0.976001 0.969283 0.962718 0.988382 0.981344 0.964390 0.970970 1.005487 0.988322 0.970852 0.976479 0.992273 0.936429 0.977924 0.978285 0.974667 0.978836 1.005487 0.983572 0.979397 0.971583 0.973538 0.984627 0.979365 0.977795 0.972738 0.979889 0.974603 0.979781 0.976610 0.977869 0.975557 0.961115 0.990638 0.986067 0.971242 0.979918 0.956380 0.985253 0.983735 0.985414 0.977995 0.967419 0.987500 0.982474 0.982639 0.980388 0.971239 0.989090 0.982888 0.980078 0.977013 0.969779 0.988351 0.989123 0.980973 0.976617 0.973574 0.987052 0.980143 0.984198 0.976543 0.972921 0.995677 0.994319 0.991959 0.990516 0.987815 0.987233 0.984626 0.979923 0.977669 0.969449 0.989853 0.979689 0.978245 0.982445 0.974771 0.998267 0.994654 0.991895 0.986203 0.985227 0.996870 0.994096 0.991747 0.990540 0.986805 0.990561 0.985971 0.984208 0.980973 0.970732 
0.999771 0.999730 0.999449 1.000440 1.000208 0.999164 0.998833 0.999785 1.000255 1.000690 0.999363 0.999829 0.999152 0.999530 1.001803 0.999119 0.999788 1.002182 1.000002 1.003326 0.999583 0.998762 0.999755 1.000783 1.001093 0.999767 1.000095 1.000170 1.001439 1.002376 0.999565 1.000880 1.001893 1.003752 1.001338 1.000118 1.000419 1.001118 1.001286 1.000995 1.001119 1.001514 1.001549 1.002803 1.003720 0.999990 1.000548 1.004377 1.001412 0.993251 0.998433 1.001686 1.000683 0.997524 1.009580 1.001359 1.001255 1.001288 1.000262 0.993251 1.000587 1.001181 1.002181 1.002278 1.000003 1.001442 1.001371 1.002335 1.000461 1.002085 1.001198 1.001322 1.001118 1.001336 1.004243 0.999363 0.999860 1.002260 1.000242 1.005270 1.000205 0.999917 0.999328 1.001696 1.002924 0.999849 1.000405 1.000390 1.000770 1.002139 0.999916 1.000697 1.000974 1.001357 1.002622 0.999450 0.999168 1.000907 1.001778 1.002048 1.000848 1.001306 1.000601 1.001698 1.002084 0.999278 0.998948 0.999178 0.999173 0.999532 0.999761 1.000124 1.000947 1.001331 1.002638 0.999141 1.001365 1.001410 1.000431 1.001501 0.999273 0.999376 0.999398 1.000114 1.000307 0.999156 0.999090 0.999441 0.999536 0.999705 0.999678 1.000158 1.000343 1.000745 1.002477 
1.005457 1.008465 1.011673 1.012402 1.015144 1.006176 1.008202 1.008473 1.011011 1.014356 1.007709 1.008788 1.010220 1.011352 1.015583 1.007846 1.010551 1.014872 1.014536 1.015880 1.009678 1.008976 1.011342 1.014131 1.016887 1.008773 1.010734 1.012325 1.014683 1.016902 1.011202 1.014183 1.017825 1.016536 1.020093 1.013396 1.013725 1.016442 1.016004 1.019840 1.013882 1.016567 1.015748 1.017651 1.020579 1.010006 1.014122 1.017388 1.020147 1.014140 1.013950 1.019464 1.017548 1.013151 1.026159 1.014951 1.015089 1.017407 1.016812 1.014140 1.012605 1.013944 1.017827 1.016661 1.013361 1.014553 1.015358 1.016043 1.015351 1.015250 1.013789 1.015915 1.015611 1.016536 1.020474 1.010419 1.012325 1.017537 1.015946 1.021557 1.012581 1.013938 1.014235 1.013510 1.018885 1.011621 1.013699 1.013351 1.014270 1.018319 1.010352 1.012867 1.014176 1.015590 1.017939 1.011182 1.012496 1.013397 1.014420 1.016532 1.009289 1.013223 1.012196 1.014835 1.016968 1.007050 1.008376 1.009675 1.010615 1.011797 1.011580 1.013095 1.014429 1.015176 1.018166 1.011899 1.013266 1.014269 1.013637 1.016938 1.005842 1.007770 1.009139 1.011612 1.011939 1.006813 1.008653 1.009337 1.009718 1.011991 1.009755 1.011781 1.012731 1.014089 1.017544 
1.002028 1.010820 1.018525 1.024011 1.028594 1.005420 1.006904 1.012620 1.019325 1.029083 1.007110 1.012846 1.013737 1.018272 1.035602 1.006942 1.016222 1.036971 1.026061 1.044029 1.014053 1.009881 1.018497 1.029146 1.035731 1.013394 1.018420 1.022765 1.033168 1.041673 1.017970 1.029149 1.040844 1.047154 1.042973 1.024904 1.026908 1.035216 1.035170 1.040975 1.029966 1.036978 1.035686 1.042548 1.054471 1.017804 1.028166 1.051568 1.043403 0.995889 1.018536 1.043314 1.035232 1.012899 1.090952 1.033107 1.032823 1.037766 1.032125 0.995889 1.024166 1.030627 1.042191 1.039699 1.024001 1.031754 1.033563 1.039768 1.030242 1.037348 1.030242 1.034911 1.033350 1.036369 1.056652 1.014877 1.020686 1.042303 1.030380 1.063230 1.023063 1.024967 1.022882 1.032390 1.047786 1.019380 1.026593 1.026181 1.029430 1.042834 1.016539 1.025467 1.029684 1.034280 1.044496 1.018119 1.018111 1.028376 1.034398 1.039232 1.019672 1.029615 1.024208 1.032560 1.040206 1.005406 1.008986 1.012792 1.013854 1.019101 1.018865 1.023825 1.030099 1.033291 1.044975 1.016837 1.030145 1.032242 1.026650 1.037687 1.003146 1.007407 1.012647 1.020568 1.022546 1.006563 1.008466 1.013141 1.014863 1.019917 1.013964 1.020787 1.024189 1.028771 1.043162 
1.011303 1.018217 1.026643 1.025612 1.033221 1.011596 1.019197 1.016121 1.023907 1.029935 1.017079 1.018388 1.023085 1.025688 1.031162 1.018289 1.022018 1.028106 1.031256 1.028025 1.020162 1.021080 1.023812 1.029417 1.035207 1.017439 1.022538 1.026143 1.029177 1.032518 1.024917 1.029642 1.035181 1.028577 1.042265 1.029429 1.029523 1.034386 1.033040 1.042480 1.027666 1.033405 1.031546 1.035349 1.037809 1.021339 1.030065 1.029215 1.042219 1.047331 1.034620 1.039898 1.037663 1.034604 1.037103 1.029786 1.029981 1.036206 1.037327 1.047331 1.026512 1.028215 1.034586 1.030465 1.029179 1.027176 1.030115 1.030284 1.033335 1.029499 1.027357 1.032319 1.031923 1.034119 1.036482 1.023322 1.027847 1.034155 1.035248 1.036577 1.026025 1.031038 1.033095 1.026422 1.035787 1.025204 1.029097 1.028906 1.029868 1.035689 1.022073 1.026692 1.029131 1.031454 1.034135 1.026293 1.028090 1.027425 1.028115 1.031946 1.016823 1.025796 1.024400 1.030585 1.032878 1.016810 1.020084 1.022418 1.025740 1.026629 1.026401 1.027831 1.029654 1.030668 1.034610 1.026761 1.025973 1.028173 1.028947 1.034445 1.012022 1.017704 1.020591 1.025047 1.025232 1.013720 1.020415 1.020511 1.021614 1.027280 1.021670 1.025446 1.026693 1.029166 1.033528 
0.993876 0.994739 0.993210 0.999404 0.997059 0.992889 0.989308 0.996183 0.997802 1.000540 0.992148 0.995593 0.991474 0.993843 1.006777 0.990803 0.995133 1.010420 0.996062 1.017359 0.994337 0.989465 0.995260 1.001112 1.002173 0.995979 0.997195 0.997734 1.005366 1.010819 0.994080 1.001344 1.007133 1.019913 1.002901 0.996943 0.998947 1.002675 1.003880 1.000725 1.003370 1.005125 1.005669 1.011751 1.018481 0.997455 0.999617 1.023614 1.003369 0.951629 0.986094 1.005521 0.999714 0.980663 1.055147 1.004557 1.003866 1.003478 0.996805 0.951629 0.999670 1.003803 1.009110 1.009986 0.995909 1.004854 1.004452 1.011192 0.998784 1.009352 1.004078 1.004164 1.002782 1.004058 1.021834 0.992701 0.995098 1.009933 0.997100 1.028245 0.997727 0.995501 0.991434 1.007353 1.013777 0.995395 0.998889 0.998840 1.001093 1.008634 0.995869 1.000434 1.002174 1.004364 1.011974 0.993258 0.990666 1.002386 1.007763 1.008652 1.003190 1.004937 1.000572 1.005564 1.008743 0.991500 0.990417 0.991675 0.990837 0.993693 0.994736 0.997015 1.001936 1.004160 1.012016 0.990810 1.005394 1.005469 0.999054 1.004866 0.992003 0.992083 0.993325 0.997269 0.998476 0.992299 0.990394 0.993586 0.994285 0.994546 0.994270 0.997252 0.998594 1.000899 1.011188 
0.998206 1.002357 1.005496 1.008875 1.010000 1.000795 0.999956 1.004105 1.006295 1.010989 1.000289 1.003612 1.003330 1.005545 1.014366 1.000035 1.004894 1.016091 1.008960 1.020133 1.004057 1.001550 1.006020 1.011099 1.013708 1.004289 1.006112 1.008071 1.013540 1.017832 1.005502 1.010942 1.016701 1.021832 1.016532 1.008604 1.009810 1.013658 1.013896 1.015319 1.011920 1.014844 1.014497 1.017349 1.024215 1.006225 1.010412 1.024226 1.016794 0.987938 1.003962 1.017278 1.013086 1.000784 1.045671 1.013307 1.013080 1.014767 1.011190 0.987938 1.008610 1.012222 1.017647 1.016986 1.008007 1.012897 1.013478 1.017329 1.010999 1.015898 1.012209 1.013900 1.013000 1.014381 1.025719 1.003941 1.006348 1.017891 1.010662 1.029550 1.008184 1.008328 1.006638 1.013641 1.020723 1.006140 1.009714 1.009499 1.011218 1.017776 1.005038 1.009407 1.011426 1.013664 1.019095 1.005274 1.004756 1.011153 1.014517 1.016461 1.008213 1.012165 1.009251 1.012524 1.016837 0.999376 1.001120 1.002899 1.002721 1.005815 1.005604 1.008270 1.011561 1.013239 1.019282 1.004356 1.012463 1.013270 1.009762 1.015023 0.999087 1.000364 1.003214 1.006933 1.008037 1.000952 1.000504 1.003506 1.004355 1.006123 1.003596 1.006907 1.008735 1.010937 1.018452 
1.007488 1.018212 1.028690 1.032970 1.040139 1.011654 1.015631 1.019714 1.027765 1.039114 1.014695 1.020237 1.023309 1.028036 1.044806 1.015027 1.025044 1.044668 1.037402 1.050530 1.022420 1.019164 1.027853 1.038880 1.047124 1.020712 1.026804 1.032147 1.042096 1.050698 1.027544 1.038842 1.051545 1.053419 1.056435 1.035260 1.036946 1.046151 1.045464 1.054856 1.038887 1.047335 1.045311 1.051843 1.063997 1.025582 1.038302 1.057418 1.056775 1.019221 1.032265 1.055612 1.047769 1.027557 1.094356 1.042479 1.042405 1.049166 1.044936 1.019221 1.033176 1.039445 1.052348 1.048808 1.034624 1.040785 1.043260 1.048084 1.041474 1.045602 1.038895 1.045070 1.043648 1.046992 1.065181 1.024292 1.030777 1.052022 1.042497 1.070764 1.032589 1.036106 1.035349 1.039961 1.057403 1.028910 1.036619 1.035981 1.039266 1.053472 1.024976 1.034460 1.039148 1.044144 1.053939 1.027871 1.029537 1.037238 1.042481 1.048582 1.025421 1.037658 1.032699 1.041457 1.049840 1.012699 1.017540 1.021957 1.023899 1.029194 1.028512 1.033937 1.039820 1.042903 1.054567 1.027840 1.038064 1.040846 1.036563 1.048376 1.009390 1.015028 1.020974 1.029520 1.031446 1.013491 1.017183 1.021499 1.023319 1.029929 1.022420 1.029884 1.033616 1.038529 1.052542 
1.012966 1.027859 1.042204 1.049040 1.059528 1.016413 1.023139 1.028809 1.042047 1.058314 1.022477 1.030296 1.034010 1.041284 1.067833 1.022718 1.037143 1.067598 1.055343 1.076776 1.032936 1.027608 1.040980 1.057987 1.070278 1.030379 1.040036 1.047694 1.063177 1.076471 1.040507 1.058230 1.077248 1.081268 1.084261 1.052245 1.054998 1.069004 1.068070 1.081728 1.058131 1.070885 1.067963 1.079924 1.096877 1.037995 1.057036 1.087459 1.084806 1.024561 1.047084 1.083333 1.071273 1.039768 1.145095 1.063573 1.063328 1.073545 1.066630 1.024561 1.049956 1.059133 1.078665 1.073325 1.051017 1.060770 1.064653 1.072806 1.061763 1.068740 1.058297 1.067491 1.065144 1.070364 1.098867 1.035749 1.046019 1.078398 1.063109 1.107717 1.048179 1.053399 1.051864 1.060195 1.086677 1.042799 1.054479 1.053546 1.058629 1.080260 1.037339 1.051709 1.058670 1.066156 1.081337 1.040944 1.042889 1.055784 1.064028 1.073023 1.038153 1.056539 1.048688 1.063635 1.074899 1.019864 1.025828 1.032260 1.035785 1.042949 1.042682 1.050205 1.059549 1.064324 1.082285 1.040489 1.057220 1.061408 1.054383 1.072392 1.014134 1.023063 1.031023 1.044209 1.046744 1.019176 1.025951 1.031693 1.034381 1.044490 1.033730 1.044836 1.049930 1.057437 1.079172 
0.995667 0.984369 0.974031 0.968685 0.962071 0.991240 0.988015 0.982670 0.974137 0.962389 0.988493 0.982214 0.979851 0.974534 0.955578 0.988322 0.977612 0.954778 0.965121 0.947621 0.980299 0.984265 0.974728 0.962471 0.954264 0.981592 0.975289 0.969805 0.958421 0.948868 0.975038 0.962511 0.949017 0.944287 0.945037 0.966822 0.964735 0.954998 0.955398 0.947026 0.962073 0.953436 0.955239 0.947707 0.934407 0.976128 0.963309 0.939629 0.944608 0.991913 0.971959 0.945275 0.954092 0.977682 0.897269 0.958319 0.958581 0.951920 0.957422 0.991913 0.968480 0.961282 0.947787 0.951334 0.967814 0.960321 0.957737 0.951330 0.960345 0.954087 0.961862 0.955819 0.957539 0.953889 0.932538 0.978647 0.971682 0.947788 0.959719 0.925781 0.969536 0.966331 0.967946 0.959953 0.941771 0.973580 0.965149 0.965653 0.962059 0.946842 0.977408 0.967079 0.962043 0.956712 0.945569 0.974624 0.974082 0.963747 0.957445 0.951506 0.975313 0.962892 0.968768 0.959038 0.950270 0.990500 0.985599 0.981047 0.979297 0.973458 0.973924 0.968296 0.961460 0.957999 0.944955 0.975689 0.962324 0.959604 0.965148 0.952458 0.993942 0.988146 0.981662 0.972463 0.970325 0.989521 0.986213 0.981168 0.979096 0.972533 0.980247 0.972166 0.968230 0.962906 0.947081 
0.998750 1.000452 1.001128 1.004589 1.004468 0.998683 0.997607 1.001400 1.003147 1.005950 0.998814 1.001130 0.999615 1.001327 1.009609 0.998215 1.001621 1.011256 1.003673 1.015233 1.000832 0.998128 1.002041 1.006173 1.007810 1.001377 1.002746 1.003714 1.008561 1.012267 1.001374 1.006269 1.010740 1.016809 1.009451 1.003732 1.004893 1.007888 1.008336 1.008229 1.007225 1.009205 1.009159 1.012872 1.017672 1.002622 1.005397 1.019055 1.009713 0.980671 0.998355 1.010551 1.006799 0.995238 1.038777 1.008275 1.007912 1.008684 1.005010 0.980671 1.004728 1.007454 1.011758 1.011761 1.003193 1.008289 1.008388 1.012117 1.005451 1.010857 1.007546 1.008450 1.007599 1.008638 1.019359 1.000340 1.002285 1.012062 1.004818 1.023091 1.003782 1.003204 1.001227 1.009138 1.014576 1.002209 1.004844 1.004689 1.006215 1.011710 1.001885 1.005284 1.006708 1.008411 1.013271 1.000921 1.000127 1.006536 1.009692 1.010999 1.005336 1.007786 1.005109 1.008546 1.011218 0.998238 0.998299 0.999510 0.999372 1.001404 1.001789 1.003641 1.006703 1.008155 1.013381 0.999995 1.008015 1.008445 1.004887 1.009218 0.998092 0.998821 1.000139 1.003108 1.003932 0.998704 0.998297 1.000327 1.000872 1.001902 1.000803 1.003172 1.004310 1.006041 1.012713 
0.993729 0.992055 0.989432 0.990267 0.987913 0.992350 0.990679 0.991600 0.991211 0.989285 0.991759 0.991763 0.989735 0.989817 0.990140 0.991409 0.990240 0.991653 0.987884 0.992562 0.990596 0.990134 0.989697 0.989591 0.987802 0.991603 0.990891 0.989960 0.990332 0.990165 0.989856 0.989673 0.988227 0.992698 0.985764 0.989136 0.989482 0.988467 0.989087 0.985409 0.990197 0.988795 0.989609 0.990460 0.989318 0.991774 0.989298 0.992947 0.985840 0.977403 0.986264 0.986928 0.986963 0.985584 0.994283 0.989731 0.989388 0.987939 0.986686 0.977403 0.990402 0.990559 0.988795 0.989387 0.988577 0.989362 0.989170 0.991005 0.988334 0.991017 0.990573 0.989089 0.988838 0.988737 0.990204 0.989954 0.989596 0.989487 0.987452 0.990998 0.989479 0.988369 0.987072 0.991826 0.989412 0.989742 0.989371 0.989771 0.989587 0.988241 0.990854 0.990317 0.989849 0.989333 0.989550 0.990021 0.987561 0.990589 0.991285 0.989662 0.993340 0.991176 0.990601 0.990959 0.989363 0.992414 0.991145 0.990378 0.989898 0.989421 0.990127 0.989075 0.989526 0.989575 0.989398 0.988099 0.991392 0.990723 0.989472 0.988476 0.992625 0.991842 0.991215 0.990593 0.990423 0.991841 0.990936 0.990989 0.991051 0.989715 0.991027 0.990427 0.989817 0.989507 0.989643 
1.000470 0.987994 0.978315 0.968315 0.963517 0.995537 0.995515 0.984468 0.975448 0.961156 0.994153 0.984937 0.985411 0.978349 0.950085 0.994988 0.980442 0.946106 0.967103 0.933925 0.983726 0.991268 0.977282 0.960889 0.951915 0.983643 0.976767 0.970647 0.953622 0.940007 0.978654 0.960973 0.942881 0.928693 0.942064 0.968414 0.964768 0.952240 0.951777 0.945683 0.958766 0.948833 0.950241 0.939097 0.919744 0.977199 0.962844 0.921347 0.941285 1.027350 0.981449 0.940271 0.953345 0.991044 0.855158 0.954150 0.954921 0.948547 0.959120 1.027350 0.968296 0.957680 0.940147 0.942886 0.970234 0.955819 0.953550 0.941957 0.960463 0.946416 0.957972 0.951893 0.954716 0.950110 0.915456 0.983355 0.974898 0.939520 0.961114 0.903882 0.970378 0.968941 0.973642 0.953811 0.930663 0.976351 0.965151 0.965827 0.960453 0.939542 0.979906 0.966136 0.959747 0.952700 0.935848 0.979139 0.980282 0.961116 0.950884 0.944253 0.971962 0.958358 0.967446 0.954698 0.942943 0.996813 0.992209 0.986627 0.985874 0.977400 0.977419 0.969687 0.959301 0.954154 0.935192 0.981682 0.957478 0.954640 0.965072 0.948096 0.999357 0.993897 0.985979 0.973873 0.970799 0.994305 0.993088 0.985242 0.982627 0.975995 0.984109 0.973668 0.968491 0.961431 0.937933 
0.990902 0.985389 0.979569 0.976851 0.972292 0.989471 0.986778 0.984409 0.979965 0.973072 0.987133 0.984269 0.982487 0.980039 0.969535 0.987123 0.981039 0.970369 0.973661 0.966886 0.982807 0.985189 0.979523 0.973300 0.967833 0.984112 0.980400 0.977371 0.971535 0.966290 0.980205 0.973174 0.965007 0.965107 0.961798 0.975528 0.974622 0.968785 0.969341 0.962713 0.973244 0.967895 0.969393 0.965061 0.957800 0.982000 0.973683 0.962655 0.961601 0.983356 0.977021 0.962554 0.967468 0.979829 0.939831 0.970962 0.970887 0.966791 0.969178 0.983356 0.976545 0.973310 0.964690 0.966394 0.975474 0.971077 0.970069 0.968102 0.971683 0.969650 0.973436 0.969397 0.970124 0.968314 0.957239 0.981864 0.978066 0.965324 0.970862 0.953911 0.976694 0.974825 0.974994 0.973344 0.961942 0.978988 0.974650 0.975346 0.973159 0.963800 0.981427 0.975822 0.973045 0.969924 0.963982 0.980550 0.978005 0.974623 0.971668 0.967244 0.981894 0.974278 0.976961 0.971846 0.966404 0.988677 0.986398 0.983535 0.982239 0.979228 0.979634 0.975945 0.972537 0.970710 0.963559 0.979177 0.974236 0.972418 0.974744 0.967230 0.990322 0.987099 0.984285 0.979048 0.977853 0.988332 0.985976 0.983802 0.983019 0.978839 0.982965 0.978654 0.976356 0.973413 0.964886 
1.013815 1.018538 1.025641 1.023256 1.030048 1.014305 1.021136 1.017221 1.022040 1.026392 1.018649 1.018673 1.023585 1.024653 1.025509 1.019882 1.022034 1.021666 1.029041 1.019651 1.020663 1.022460 1.023412 1.025760 1.030449 1.017951 1.021449 1.024129 1.024227 1.025409 1.024103 1.025859 1.029238 1.019418 1.036146 1.026858 1.026280 1.029320 1.027805 1.036942 1.023823 1.028063 1.026199 1.027147 1.027893 1.019796 1.026637 1.018939 1.035974 1.054915 1.034166 1.033345 1.033017 1.035676 1.017020 1.025272 1.025672 1.030687 1.033531 1.054915 1.023773 1.023710 1.028075 1.025066 1.027369 1.024056 1.025973 1.023357 1.029490 1.023178 1.023198 1.027351 1.027524 1.028700 1.025793 1.023435 1.026029 1.027090 1.031633 1.024083 1.024407 1.028693 1.031676 1.021047 1.027441 1.024249 1.026125 1.025689 1.026028 1.029268 1.021453 1.023801 1.025243 1.026615 1.026681 1.024835 1.028458 1.023547 1.022394 1.025860 1.014961 1.021675 1.022061 1.024698 1.026639 1.018229 1.020946 1.022731 1.025376 1.025514 1.024787 1.025957 1.025855 1.026028 1.027079 1.027275 1.021471 1.023296 1.025885 1.028974 1.015008 1.019004 1.020688 1.023088 1.023102 1.016181 1.021472 1.020713 1.021160 1.025616 1.021458 1.023529 1.024421 1.025717 1.026377 
0.998083 0.993137 0.987876 0.987044 0.983927 0.994536 0.993182 0.991831 0.989505 0.984752 0.994382 0.991946 0.989871 0.988212 0.983797 0.993932 0.989906 0.983774 0.984828 0.982449 0.990702 0.991134 0.988493 0.984944 0.981905 0.991417 0.989500 0.987114 0.984200 0.981549 0.988447 0.985259 0.980821 0.981661 0.978343 0.985828 0.985390 0.982288 0.982718 0.978681 0.985240 0.982175 0.983013 0.982492 0.977359 0.989577 0.984964 0.980616 0.978270 0.986298 0.985503 0.978956 0.981216 0.986561 0.970237 0.984008 0.983944 0.981223 0.982051 0.986298 0.987477 0.985042 0.980734 0.982269 0.986032 0.984824 0.983713 0.982507 0.983589 0.983362 0.985279 0.982905 0.983325 0.982142 0.977356 0.989748 0.987763 0.980901 0.982993 0.975998 0.986992 0.985304 0.985113 0.985297 0.979324 0.988330 0.985508 0.985760 0.984759 0.980251 0.990120 0.986814 0.985127 0.983364 0.980491 0.988227 0.987361 0.985678 0.984328 0.982138 0.990411 0.985876 0.987273 0.985402 0.981661 0.995112 0.992246 0.990557 0.990143 0.987750 0.988593 0.986371 0.984793 0.983784 0.980252 0.987999 0.985752 0.984653 0.985556 0.981751 0.995929 0.994154 0.991156 0.988370 0.987613 0.993806 0.992957 0.990956 0.990194 0.987777 0.991087 0.988352 0.986713 0.985049 0.980908 
1.002075 0.995090 0.990105 0.984077 0.981518 1.000538 1.000119 0.994064 0.987626 0.979921 0.998889 0.993669 0.994492 0.990045 0.972735 0.999399 0.991533 0.970308 0.983956 0.962764 0.993447 0.997954 0.989870 0.979638 0.974658 0.993332 0.988893 0.985532 0.975118 0.966955 0.990310 0.979484 0.969308 0.959613 0.969193 0.984157 0.981902 0.974611 0.974175 0.971425 0.978351 0.972631 0.973244 0.965356 0.955130 0.988931 0.980826 0.955142 0.968712 1.021794 0.992573 0.967903 0.975721 0.998541 0.915592 0.975664 0.976235 0.972541 0.979072 1.021794 0.983646 0.977429 0.967531 0.969445 0.985513 0.977259 0.975639 0.968054 0.979553 0.970525 0.977761 0.974395 0.976153 0.973276 0.952329 0.993144 0.987696 0.966857 0.980130 0.945275 0.985645 0.984686 0.987772 0.974724 0.961585 0.988949 0.982279 0.982401 0.979348 0.967343 0.990759 0.982565 0.978836 0.974806 0.964685 0.990132 0.992034 0.979554 0.973163 0.969743 0.985811 0.977883 0.983610 0.974833 0.969030 1.000044 0.997886 0.994850 0.994005 0.989566 0.989039 0.985220 0.978712 0.975628 0.964333 0.992799 0.977208 0.975674 0.982164 0.972211 1.002371 0.998615 0.994291 0.987042 0.985389 0.999829 0.998308 0.994014 0.992349 0.988432 0.993042 0.986925 0.984264 0.980056 0.965921 
0.995194 0.989085 0.982456 0.982249 0.977394 0.992290 0.988766 0.989004 0.984591 0.979136 0.990402 0.988233 0.985087 0.983023 0.978080 0.989634 0.985593 0.979112 0.978693 0.978219 0.986672 0.986687 0.983930 0.979465 0.975341 0.988186 0.985049 0.982125 0.979004 0.976027 0.983447 0.979596 0.974635 0.977486 0.970406 0.980051 0.979717 0.975871 0.976635 0.970561 0.980283 0.976166 0.977385 0.975724 0.971310 0.985442 0.979240 0.976539 0.970373 0.974042 0.977999 0.971667 0.974006 0.978746 0.966701 0.978709 0.978510 0.974504 0.974666 0.974042 0.982219 0.979925 0.974780 0.977367 0.980310 0.980296 0.978435 0.977492 0.977133 0.978319 0.980405 0.977048 0.977447 0.975864 0.971766 0.984958 0.981954 0.975014 0.976050 0.970809 0.982064 0.979134 0.978278 0.980720 0.973359 0.983319 0.979955 0.980173 0.979172 0.974071 0.985652 0.981759 0.979694 0.977663 0.974750 0.982704 0.981620 0.980668 0.979449 0.976645 0.987724 0.981399 0.982845 0.979398 0.975991 0.991047 0.987766 0.985807 0.984333 0.982342 0.983009 0.981032 0.979297 0.978261 0.974420 0.982580 0.981201 0.979670 0.980007 0.975499 0.993379 0.990044 0.986866 0.983329 0.982776 0.991182 0.988204 0.986719 0.985799 0.982152 0.986470 0.983220 0.981655 0.979630 0.975249 
0.996939 0.991858 0.986660 0.985614 0.982125 0.994557 0.992305 0.991304 0.987782 0.982977 0.993279 0.990985 0.989024 0.987021 0.981327 0.992831 0.988854 0.981509 0.983262 0.979874 0.989891 0.990523 0.987462 0.983168 0.979747 0.990781 0.988190 0.985725 0.982209 0.979043 0.987335 0.983306 0.978435 0.978929 0.975691 0.984259 0.983683 0.980092 0.980544 0.976127 0.983495 0.979960 0.980861 0.978875 0.974159 0.988456 0.983207 0.977679 0.975597 0.985963 0.984097 0.976287 0.978945 0.985390 0.965224 0.982063 0.982086 0.978883 0.980003 0.985963 0.985664 0.983207 0.978259 0.980100 0.984623 0.983200 0.981806 0.980056 0.981639 0.981117 0.983479 0.980784 0.981355 0.979894 0.974080 0.988709 0.986085 0.978335 0.981027 0.972390 0.985714 0.983710 0.983628 0.983329 0.976481 0.987048 0.983859 0.984090 0.982925 0.977754 0.988899 0.985135 0.983218 0.981271 0.977857 0.987024 0.986381 0.983906 0.982234 0.979845 0.989327 0.984116 0.985893 0.982749 0.979309 0.993923 0.991376 0.989576 0.988628 0.986538 0.986994 0.984979 0.982914 0.981793 0.977583 0.987039 0.983939 0.982691 0.983921 0.979489 0.995617 0.993043 0.990172 0.986852 0.986206 0.993711 0.991805 0.990043 0.989202 0.986280 0.989815 0.986766 0.985256 0.983313 0.978362 
1.000935 1.003809 1.006589 1.007862 1.009545 1.002490 1.003040 1.004446 1.006302 1.009413 1.002788 1.004524 1.005206 1.006453 1.010884 1.002840 1.005653 1.011123 1.008851 1.012830 1.005075 1.004112 1.006434 1.009370 1.011418 1.004735 1.006165 1.007590 1.010335 1.012616 1.006354 1.009301 1.012661 1.013629 1.013705 1.008344 1.008825 1.011206 1.011090 1.013240 1.009462 1.011574 1.011108 1.012514 1.016124 1.006026 1.009177 1.014750 1.013806 1.002743 1.007189 1.013595 1.011461 1.005816 1.024876 1.010367 1.010390 1.011967 1.010698 1.002743 1.007790 1.009657 1.012930 1.012053 1.008141 1.009909 1.010525 1.011965 1.009919 1.011336 1.009494 1.010983 1.010614 1.011464 1.016550 1.005416 1.007036 1.012895 1.010106 1.018145 1.007724 1.008486 1.008152 1.009895 1.014351 1.006645 1.008739 1.008597 1.009463 1.013180 1.005682 1.008218 1.009427 1.010756 1.013433 1.006480 1.006702 1.009011 1.010527 1.012018 1.006124 1.009201 1.007839 1.009976 1.012327 1.002279 1.003678 1.004815 1.005120 1.006756 1.006480 1.008009 1.009588 1.010484 1.013585 1.006248 1.009350 1.010028 1.008759 1.011825 1.001730 1.002934 1.004627 1.006874 1.007438 1.002859 1.003427 1.004805 1.005313 1.006878 1.004940 1.006913 1.007979 1.009273 1.013070 
1.005510 1.021768 1.036512 1.045595 1.054923 1.010270 1.014961 1.023787 1.037638 1.055228 1.014956 1.025025 1.027287 1.035913 1.066829 1.014956 1.031344 1.068961 1.050083 1.080862 1.027067 1.020380 1.035570 1.055212 1.067411 1.025516 1.035422 1.043643 1.062201 1.077540 1.035099 1.055262 1.076150 1.086302 1.081243 1.047900 1.051534 1.066682 1.066354 1.077832 1.056183 1.069351 1.066910 1.080154 1.100434 1.034482 1.053713 1.093878 1.081977 1.000870 1.038231 1.081588 1.067475 1.028796 1.163143 1.061969 1.061308 1.071358 1.061700 1.000870 1.046177 1.057700 1.078493 1.073116 1.045860 1.058445 1.062613 1.074264 1.058019 1.069526 1.056810 1.065721 1.062704 1.068611 1.103869 1.029437 1.040572 1.078960 1.058510 1.115232 1.043720 1.048307 1.044918 1.060500 1.088584 1.037430 1.050831 1.050175 1.055932 1.079700 1.032099 1.048481 1.056133 1.064404 1.082497 1.035703 1.035194 1.053831 1.064330 1.072949 1.036713 1.055494 1.045663 1.062059 1.074778 1.012517 1.018961 1.025783 1.028587 1.037394 1.037278 1.045526 1.056855 1.062621 1.083415 1.033019 1.056530 1.060602 1.050847 1.070713 1.007088 1.015811 1.025323 1.039875 1.042990 1.012768 1.018140 1.025942 1.029268 1.039201 1.027826 1.040281 1.046064 1.054487 1.080102 
1.001785 1.003741 1.005539 1.007396 1.008576 1.001895 1.002371 1.004221 1.006162 1.008867 1.002706 1.004271 1.004189 1.005486 1.011097 1.002527 1.005235 1.011442 1.007868 1.013719 1.004462 1.002990 1.005765 1.008903 1.010878 1.004323 1.005834 1.006973 1.010179 1.012841 1.005428 1.008978 1.012595 1.014721 1.013013 1.007497 1.008138 1.010685 1.010700 1.012355 1.009248 1.011342 1.010951 1.013474 1.016884 1.005413 1.008546 1.016131 1.013154 0.997522 1.005266 1.013198 1.010635 1.003458 1.028797 1.010215 1.010061 1.011471 1.009590 0.997522 1.007555 1.009356 1.013036 1.012515 1.007284 1.010078 1.010442 1.012315 1.009097 1.011497 1.009320 1.010697 1.010191 1.011066 1.017616 1.004624 1.006351 1.013014 1.009089 1.019761 1.007109 1.007489 1.006757 1.009957 1.014753 1.006021 1.008083 1.007892 1.008964 1.013237 1.005273 1.007955 1.009150 1.010540 1.013762 1.005251 1.005492 1.008697 1.010563 1.012117 1.006330 1.009194 1.007523 1.010201 1.012408 1.002222 1.002781 1.003933 1.004282 1.005705 1.005778 1.007295 1.009274 1.010275 1.013908 1.005162 1.009294 1.009910 1.008070 1.011525 1.001644 1.002780 1.003954 1.006344 1.006936 1.002274 1.002874 1.004100 1.004532 1.006021 1.004540 1.006477 1.007435 1.008811 1.013336 
1.006820 1.007446 1.009044 1.006724 1.009471 1.005172 1.009178 1.005199 1.007588 1.007458 1.008119 1.006561 1.008748 1.008587 1.006202 1.008784 1.007429 1.003743 1.009285 1.001396 1.007152 1.008808 1.007562 1.007125 1.008252 1.005676 1.007023 1.007392 1.005674 1.004724 1.008297 1.007403 1.006573 1.000684 1.009846 1.008523 1.007896 1.007913 1.007165 1.010626 1.005907 1.006811 1.006167 1.006669 1.003522 1.006299 1.007802 0.999606 1.009678 1.028221 1.013513 1.008377 1.009751 1.015335 0.991122 1.006052 1.006352 1.008110 1.010612 1.028221 1.007439 1.005925 1.005776 1.004341 1.008743 1.005151 1.006129 1.004051 1.008945 1.004437 1.005619 1.006863 1.007209 1.007383 1.002060 1.008534 1.009264 1.005442 1.009992 0.999948 1.007331 1.009414 1.011284 1.004318 1.004573 1.008119 1.007793 1.007781 1.007266 1.006204 1.007398 1.006916 1.006883 1.006632 1.004755 1.008991 1.010164 1.006216 1.004630 1.005262 1.003144 1.004917 1.005982 1.006998 1.005470 1.008453 1.008714 1.008705 1.010456 1.008885 1.009054 1.008029 1.007013 1.006461 1.004868 1.009771 1.004844 1.005396 1.007710 1.007167 1.006242 1.008276 1.007728 1.007682 1.007005 1.005825 1.009379 1.007572 1.007498 1.009055 1.008115 1.007868 1.007271 1.007124 1.004835 
1.012154 1.012022 1.014401 1.009559 1.013437 1.011098 1.016388 1.009936 1.010737 1.009838 1.014071 1.011049 1.015104 1.013620 1.005747 1.015209 1.012485 1.001377 1.013914 0.996045 1.012424 1.015931 1.012564 1.009206 1.010259 1.010176 1.010772 1.010933 1.005777 1.002537 1.013344 1.009344 1.006618 0.994276 1.011829 1.012334 1.010753 1.009383 1.008014 1.013563 1.007087 1.007414 1.006311 1.003699 0.998439 1.009391 1.010478 0.991658 1.011455 1.052703 1.022136 1.009041 1.012737 1.026285 0.970178 1.006819 1.007471 1.009374 1.014847 1.052703 1.009993 1.006552 1.004837 1.003472 1.013397 1.006651 1.007318 1.001512 1.012008 1.002655 1.006318 1.007763 1.008806 1.008237 0.995435 1.014338 1.013720 1.003759 1.013931 0.990566 1.011222 1.013991 1.017822 1.003160 1.001363 1.012843 1.010823 1.010564 1.009265 1.005644 1.011733 1.009275 1.008491 1.007446 1.002362 1.013874 1.017519 1.007477 1.003401 1.004287 1.004070 1.005200 1.008395 1.006464 1.004518 1.014307 1.014972 1.014697 1.016547 1.014055 1.013477 1.012166 1.008853 1.007354 1.002488 1.016968 1.004732 1.005346 1.010605 1.007902 1.012630 1.014123 1.012875 1.011107 1.010136 1.012083 1.015848 1.012760 1.012192 1.013665 1.012986 1.011408 1.010535 1.009382 1.002743 
1.009998 1.021349 1.032361 1.037734 1.045740 1.012837 1.017742 1.022320 1.032231 1.044828 1.017264 1.023339 1.026151 1.031660 1.052174 1.017419 1.028611 1.051914 1.042540 1.059123 1.025431 1.021188 1.031561 1.044600 1.054109 1.023464 1.030799 1.036651 1.048591 1.058837 1.031112 1.044792 1.059536 1.062615 1.064822 1.040148 1.042228 1.053035 1.052335 1.062855 1.044773 1.054570 1.052293 1.061334 1.074622 1.029115 1.043829 1.067458 1.065245 1.018467 1.035936 1.064077 1.054680 1.030161 1.112057 1.048971 1.048827 1.056545 1.051209 1.018467 1.038399 1.045450 1.060602 1.056624 1.039340 1.047059 1.049863 1.055887 1.047400 1.052893 1.044838 1.051911 1.050174 1.054098 1.076218 1.027464 1.035280 1.060291 1.048445 1.083079 1.037152 1.041013 1.039845 1.046289 1.066729 1.032944 1.041852 1.041112 1.045042 1.061855 1.028708 1.039770 1.045123 1.050913 1.062651 1.031408 1.033136 1.042821 1.049208 1.056255 1.029364 1.043488 1.037492 1.048730 1.057702 1.015141 1.019736 1.024743 1.027327 1.032969 1.032677 1.038649 1.045824 1.049514 1.063376 1.031216 1.043982 1.047174 1.041795 1.055740 1.010992 1.017685 1.023772 1.033898 1.035973 1.014918 1.019823 1.024351 1.026373 1.034077 1.025879 1.034399 1.038421 1.044184 1.060975 
1.010631 1.020510 1.031306 1.032935 1.040741 1.015165 1.020326 1.021774 1.028413 1.038387 1.018222 1.022240 1.026889 1.030410 1.041173 1.019030 1.027222 1.039691 1.038659 1.042389 1.024882 1.023749 1.029882 1.037883 1.045418 1.022669 1.027859 1.032854 1.039224 1.045300 1.029855 1.037659 1.047743 1.044127 1.054175 1.036041 1.036878 1.044249 1.043054 1.053540 1.036995 1.044437 1.042224 1.045702 1.055095 1.026515 1.037925 1.046419 1.054311 1.039221 1.037743 1.052345 1.047196 1.035561 1.069412 1.039982 1.040129 1.046855 1.045450 1.039221 1.032858 1.037275 1.047710 1.044149 1.035878 1.038468 1.040913 1.042780 1.041344 1.040892 1.036720 1.042661 1.041794 1.044483 1.054791 1.027351 1.032417 1.047005 1.043020 1.057574 1.033302 1.037506 1.038431 1.036217 1.050613 1.030656 1.036654 1.035927 1.038274 1.049024 1.026664 1.033908 1.037692 1.041654 1.047999 1.030182 1.033260 1.035814 1.038554 1.044190 1.024231 1.035202 1.032259 1.038331 1.045377 1.016485 1.021599 1.025414 1.027458 1.031556 1.030343 1.034900 1.038476 1.040550 1.048600 1.031666 1.035326 1.038027 1.036468 1.045509 1.013439 1.018533 1.023808 1.030375 1.031753 1.017267 1.021296 1.024211 1.025640 1.031866 1.024773 1.030748 1.033893 1.037677 1.046974 
1.013121 1.022628 1.032900 1.036017 1.044104 1.015039 1.020936 1.022969 1.031611 1.042227 1.019739 1.024134 1.027758 1.032047 1.047216 1.020245 1.029115 1.045723 1.041572 1.050175 1.026308 1.023779 1.031723 1.041802 1.050322 1.023947 1.030411 1.035540 1.044170 1.051999 1.031484 1.041967 1.053904 1.052625 1.060101 1.038913 1.040244 1.049138 1.048083 1.058948 1.041292 1.049852 1.047534 1.054429 1.064370 1.028518 1.041537 1.055936 1.060350 1.032918 1.038479 1.058623 1.051725 1.034906 1.087801 1.044830 1.044861 1.052172 1.049243 1.032918 1.036663 1.041652 1.054278 1.050504 1.038521 1.043191 1.045810 1.049262 1.045120 1.046856 1.041132 1.047690 1.046463 1.049688 1.064754 1.028689 1.035155 1.053677 1.046616 1.069155 1.036035 1.040212 1.040385 1.041299 1.058459 1.032907 1.039973 1.039187 1.042223 1.055621 1.028900 1.037712 1.042029 1.046707 1.055238 1.031735 1.034517 1.039776 1.043941 1.050320 1.027164 1.039635 1.035474 1.044329 1.051644 1.018090 1.022139 1.026408 1.029170 1.033286 1.032827 1.037624 1.042759 1.045523 1.055911 1.032767 1.039880 1.042859 1.039816 1.050988 1.014147 1.020188 1.025017 1.033169 1.034627 1.017131 1.022470 1.025468 1.027021 1.034123 1.026897 1.033689 1.036911 1.041522 1.053914 
1.007390 1.006565 1.007774 1.003040 1.005489 1.006582 1.010524 1.004608 1.004562 1.002575 1.008534 1.005586 1.008812 1.007207 0.998313 1.009529 1.006181 0.994986 1.006067 0.989739 1.006449 1.010080 1.006001 1.002093 1.001843 1.004877 1.004651 1.004338 0.998864 0.995090 1.006953 1.002113 0.998131 0.987871 1.001976 1.005216 1.003726 1.001386 1.000345 1.003630 1.000231 0.999461 0.998870 0.995581 0.989851 1.004065 1.003276 0.985139 1.001619 1.040969 1.013889 0.999793 1.003955 1.017999 0.962241 0.999546 1.000048 1.000959 1.006066 1.040969 1.003253 0.999961 0.996591 0.995585 1.005971 0.999120 0.999681 0.994634 1.004214 0.995890 0.999672 1.000085 1.001065 1.000319 0.987192 1.008004 1.006787 0.995924 1.005659 0.982387 1.004321 1.006463 1.009709 0.997093 0.993186 1.006149 1.003739 1.003736 1.002154 0.997058 1.005685 1.002576 1.001384 0.999886 0.994399 1.007632 1.009825 1.000958 0.996954 0.996668 0.999383 0.998892 1.002041 0.999604 0.996689 1.009138 1.009532 1.008696 1.009978 1.007394 1.006927 1.005045 1.001577 0.999986 0.994418 1.009623 0.998543 0.998703 1.003581 0.999745 1.007987 1.008651 1.007315 1.004805 1.003736 1.007304 1.010029 1.007066 1.006547 1.006989 1.007014 1.004941 1.003761 1.002237 0.994916 
0.996009 0.995674 0.994540 0.996055 0.994544 0.996123 0.994285 0.996347 0.995833 0.995790 0.995101 0.995936 0.994458 0.994819 0.997023 0.994709 0.995330 0.998478 0.994477 1.000089 0.995396 0.994303 0.995217 0.996004 0.995430 0.996201 0.995838 0.995621 0.997059 0.997918 0.994925 0.995963 0.996549 1.000604 0.994662 0.995042 0.995531 0.995744 0.996216 0.994123 0.996718 0.996383 0.996801 0.997552 0.998951 0.996289 0.995590 1.001366 0.994778 0.981945 0.991857 0.995626 0.994604 0.990615 1.007621 0.996715 0.996476 0.995670 0.993939 0.981945 0.995913 0.996850 0.997125 0.997720 0.994710 0.996867 0.996552 0.998358 0.994992 0.998001 0.996975 0.996330 0.996005 0.996104 0.999915 0.994711 0.994726 0.997483 0.994319 1.001402 0.995511 0.994474 0.993207 0.997975 0.998140 0.995081 0.995527 0.995610 0.995975 0.996830 0.995560 0.996117 0.996246 0.996460 0.997900 0.994676 0.993487 0.996634 0.997835 0.997396 0.998127 0.997393 0.996461 0.996827 0.997286 0.995079 0.994654 0.994638 0.993973 0.994632 0.994861 0.995157 0.996110 0.996521 0.997843 0.993741 0.997520 0.997245 0.995588 0.996184 0.995729 0.995064 0.995280 0.995627 0.995894 0.995749 0.994399 0.995298 0.995423 0.994756 0.995220 0.995527 0.995712 0.995962 0.997808 
1.010655 1.016607 1.023833 1.023795 1.029895 1.012450 1.017397 1.016438 1.021395 1.027445 1.015672 1.017336 1.021143 1.023055 1.028582 1.016440 1.020788 1.026216 1.028577 1.026843 1.019266 1.019190 1.022429 1.026990 1.032264 1.017125 1.020893 1.024025 1.027050 1.030293 1.022642 1.027041 1.032917 1.027586 1.038391 1.026536 1.026669 1.031231 1.030133 1.038383 1.025909 1.030907 1.029170 1.031504 1.035791 1.019455 1.027310 1.028537 1.038393 1.038212 1.029844 1.036464 1.033866 1.029263 1.038573 1.027827 1.028136 1.032954 1.033372 1.038212 1.024127 1.025937 1.032446 1.029739 1.026757 1.026825 1.028544 1.028228 1.029901 1.027444 1.025499 1.029780 1.029526 1.031122 1.034928 1.021297 1.024667 1.031675 1.031486 1.035607 1.024460 1.027871 1.029430 1.024473 1.033527 1.023178 1.026522 1.026021 1.027228 1.033513 1.020365 1.024521 1.026770 1.029093 1.032072 1.023104 1.025995 1.025131 1.026030 1.030007 1.016627 1.024211 1.023042 1.027011 1.030847 1.014670 1.017747 1.020142 1.022179 1.023951 1.023238 1.025708 1.027348 1.028365 1.032495 1.024716 1.024195 1.026096 1.026383 1.031759 1.012024 1.015921 1.018629 1.022596 1.023227 1.014010 1.017998 1.018885 1.019622 1.024149 1.019542 1.022966 1.024673 1.026881 1.031468 
0.986751 0.983165 0.976607 0.982879 0.975882 0.985976 0.977629 0.985976 0.982331 0.981149 0.981480 0.984009 0.977297 0.977796 0.985892 0.979475 0.981226 0.991316 0.976241 0.997665 0.981727 0.976755 0.980243 0.981993 0.979221 0.985007 0.982745 0.981022 0.986033 0.988828 0.978505 0.981992 0.983722 0.999626 0.975345 0.978208 0.979975 0.980230 0.982194 0.973231 0.985165 0.983063 0.984765 0.987499 0.992362 0.983909 0.980227 1.002572 0.975800 0.925545 0.965033 0.979251 0.975426 0.960114 1.026090 0.984867 0.984154 0.979783 0.973003 0.925545 0.982422 0.985283 0.985908 0.989294 0.977394 0.986725 0.984526 0.990609 0.977379 0.989447 0.986023 0.982895 0.981900 0.981657 0.996261 0.978192 0.977426 0.986965 0.974615 1.002018 0.981084 0.975859 0.970835 0.989621 0.989399 0.979424 0.980188 0.980283 0.981695 0.984755 0.981878 0.983124 0.983097 0.983618 0.988810 0.976939 0.973311 0.984446 0.988912 0.987209 0.991948 0.987790 0.984716 0.985246 0.986690 0.981146 0.978215 0.977852 0.974846 0.977067 0.978041 0.979287 0.982548 0.984008 0.988541 0.974279 0.988124 0.986779 0.980452 0.982162 0.984929 0.981135 0.980525 0.981261 0.982262 0.984087 0.977866 0.980830 0.980803 0.977360 0.980651 0.980951 0.981439 0.981956 0.988494 
0.996906 0.998573 0.998367 1.003014 1.002226 0.996088 0.994437 0.999196 1.001630 1.004484 0.996404 0.999072 0.996554 0.998728 1.009506 0.995489 0.999258 1.011913 1.001221 1.017232 0.998381 0.994707 0.999555 1.004836 1.006417 0.999256 1.000927 1.001794 1.008120 1.012779 0.998805 1.005075 1.010244 1.019275 1.007947 1.001613 1.003195 1.006729 1.007476 1.006293 1.006345 1.008470 1.008652 1.014053 1.019407 1.000975 1.003777 1.022203 1.008303 0.968983 0.993978 1.009674 1.004911 0.989817 1.047651 1.007535 1.007052 1.007591 1.002567 0.968983 1.003407 1.006801 1.011707 1.011797 1.000730 1.007339 1.007481 1.012820 1.003592 1.011231 1.006878 1.007596 1.006460 1.007760 1.021806 0.997533 1.000049 1.012323 1.002538 1.026777 1.001755 1.000719 0.997834 1.009276 1.015500 0.999852 1.003095 1.003026 1.004900 1.011478 0.999841 1.003952 1.005645 1.007636 1.013873 0.998363 0.996525 1.005589 1.009846 1.011006 1.004760 1.007321 1.003751 1.008689 1.011200 0.995829 0.995396 0.996628 0.996516 0.998742 0.999595 1.001451 1.005511 1.007331 1.013971 0.996467 1.007721 1.008089 1.003207 1.008404 0.995401 0.996389 0.997679 1.001369 1.002235 0.995895 0.995517 0.997868 0.998543 0.999528 0.998572 1.001403 1.002524 1.004641 1.013182 
0.998777 0.992518 0.986745 0.984163 0.980531 0.996404 0.994361 0.991814 0.986902 0.980811 0.994739 0.991380 0.989994 0.987020 0.977266 0.994498 0.989027 0.976859 0.982333 0.973205 0.990454 0.992224 0.987449 0.980816 0.976552 0.991138 0.987663 0.984688 0.978764 0.973784 0.987372 0.980848 0.973968 0.971507 0.971715 0.982987 0.981909 0.976860 0.977075 0.972718 0.980735 0.976171 0.977082 0.973084 0.966400 0.987926 0.981200 0.969125 0.971498 0.995373 0.985475 0.971881 0.976393 0.988408 0.947606 0.978756 0.978987 0.975279 0.978036 0.995373 0.984030 0.980211 0.973331 0.975460 0.983614 0.980166 0.978587 0.975104 0.979590 0.976453 0.980600 0.977390 0.978325 0.976300 0.965456 0.989338 0.985540 0.973227 0.979242 0.962036 0.984718 0.982733 0.983529 0.979460 0.970151 0.986703 0.982214 0.982348 0.980569 0.972868 0.988789 0.983320 0.980641 0.977888 0.972151 0.986905 0.987041 0.981472 0.978204 0.975248 0.987767 0.981140 0.984295 0.979033 0.974607 0.995624 0.992861 0.990494 0.989451 0.986490 0.986691 0.983962 0.980348 0.978568 0.971836 0.987853 0.980804 0.979390 0.982213 0.975632 0.997812 0.994490 0.990855 0.986065 0.984942 0.995371 0.993361 0.990703 0.989491 0.985937 0.990229 0.985919 0.983901 0.981093 0.972924 
0.987299 0.989921 0.988594 0.998239 0.994470 0.988338 0.981754 0.993387 0.994994 0.999946 0.985746 0.991784 0.985846 0.989603 1.009164 0.983773 0.991299 1.015381 0.992882 1.026269 0.990214 0.982846 0.991794 1.000880 1.002423 0.993042 0.994457 0.995645 1.007506 1.015951 0.989981 1.000941 1.010140 1.030247 1.003380 0.994392 0.997495 1.003207 1.005130 0.999981 1.004430 1.007052 1.007942 1.015799 1.027771 0.995309 0.998531 1.036038 1.004112 0.923287 0.977273 1.007491 0.998446 0.968730 1.084995 1.006247 1.005154 1.004417 0.994009 0.923287 0.998072 1.005123 1.013227 1.014641 0.992812 1.006748 1.006049 1.016496 0.997145 1.013757 1.005519 1.005558 1.003434 1.005375 1.033062 0.987608 0.990970 1.014509 0.994484 1.043058 0.995637 0.992088 0.985716 1.010713 1.020486 0.991797 0.997388 0.997360 1.000824 1.012459 0.992283 0.999472 1.002339 1.005830 1.017691 0.988755 0.984610 1.002874 1.011275 1.012582 1.004324 1.006895 1.000097 1.006731 1.012702 0.984422 0.983907 0.986009 0.984040 0.989351 0.990407 0.994506 1.002032 1.005470 1.017736 0.984833 1.007608 1.007654 0.997662 1.006642 0.985836 0.985551 0.988565 0.994536 0.996761 0.987451 0.983192 0.989012 0.990257 0.990385 0.989462 0.994404 0.996954 1.000536 1.016504 
1.003425 0.997604 0.993530 0.988053 0.986433 1.001499 1.002095 0.996109 0.991342 0.984719 1.000925 0.996079 0.997145 0.993393 0.978570 1.001483 0.994456 0.975987 0.988448 0.969214 0.996001 1.000045 0.993058 0.984412 0.980462 0.995574 0.992212 0.989396 0.980360 0.973359 0.993557 0.984392 0.975675 0.966443 0.976211 0.988451 0.986455 0.980366 0.979854 0.978226 0.983103 0.978498 0.978887 0.972702 0.963252 0.992027 0.985535 0.962491 0.975778 1.023683 0.996467 0.974860 0.981667 1.001825 0.927838 0.980883 0.981413 0.978675 0.984603 1.023683 0.987939 0.982306 0.974042 0.975371 0.989613 0.982039 0.980883 0.974175 0.984698 0.976278 0.982562 0.979988 0.981511 0.979147 0.960622 0.996020 0.991665 0.973422 0.985378 0.954325 0.989469 0.989070 0.992001 0.979761 0.968845 0.992428 0.986754 0.986844 0.984202 0.973967 0.993814 0.986848 0.983735 0.980295 0.971471 0.993518 0.995340 0.984180 0.978527 0.975787 0.988823 0.982531 0.987519 0.980484 0.975232 1.001957 1.000043 0.997482 0.997230 0.993045 0.992753 0.989240 0.983641 0.980916 0.971201 0.995918 0.981951 0.980782 0.986636 0.978210 1.003266 1.000685 0.996838 0.990785 0.989209 1.000980 1.000617 0.996566 0.995130 0.992190 0.995928 0.990736 0.988312 0.984764 0.972514 
1.009869 1.006561 1.006232 0.998864 1.001001 1.007776 1.012615 1.003546 1.001961 0.997110 1.009971 1.004831 1.008704 1.005548 0.990120 1.011325 1.004739 0.985425 1.002403 0.976974 1.005638 1.011214 1.004014 0.996442 0.994649 1.003672 1.002277 1.000827 0.991340 0.984500 1.005307 0.996501 0.988690 0.973839 0.993218 1.001448 0.999062 0.994156 0.992799 0.995823 0.993854 0.991268 0.990775 0.985098 0.974832 1.001565 0.998199 0.969276 0.992657 1.054598 1.014220 0.990303 0.997548 1.020873 0.930672 0.992247 0.993001 0.993036 1.000946 1.054598 0.999164 0.993269 0.986379 0.985689 1.002650 0.992073 0.992361 0.984368 0.998960 0.986486 0.993065 0.992547 0.994179 0.992504 0.970857 1.007421 1.004523 0.985463 1.000815 0.963125 1.000778 1.003076 1.007776 0.989149 0.980664 1.003981 0.999180 0.999221 0.996458 0.986855 1.004040 0.997965 0.995431 0.992439 0.982988 1.006077 1.009063 0.995140 0.988551 0.987129 0.995080 0.992179 0.997536 0.992327 0.986942 1.011191 1.010704 1.008767 1.010250 1.005617 1.005115 1.001504 0.995583 0.992808 0.982910 1.009086 0.991597 0.991351 0.998958 0.991470 1.010215 1.010081 1.007005 1.001965 1.000077 1.008310 1.011515 1.006600 1.005480 1.004920 1.006415 1.002086 0.999756 0.996732 0.983956 
0.986618 0.979242 0.970253 0.970750 0.962885 0.985029 0.978147 0.980197 0.973354 0.966176 0.980357 0.978625 0.973685 0.971260 0.964920 0.979315 0.974396 0.968087 0.964619 0.967733 0.976328 0.976033 0.972425 0.966769 0.960289 0.979141 0.974221 0.970345 0.966882 0.963093 0.971866 0.966641 0.959835 0.966962 0.952637 0.967070 0.966967 0.961474 0.962904 0.952523 0.968328 0.962131 0.964272 0.961075 0.956726 0.975897 0.966244 0.966011 0.952661 0.949956 0.962220 0.955153 0.958020 0.962600 0.955368 0.965994 0.965610 0.959389 0.958506 0.949956 0.970145 0.968109 0.960487 0.964208 0.966933 0.967716 0.965249 0.965627 0.962889 0.966543 0.968801 0.963449 0.963758 0.961689 0.957997 0.973521 0.969147 0.961324 0.960839 0.957519 0.969980 0.965339 0.963210 0.970103 0.959261 0.971329 0.967222 0.967736 0.966413 0.959180 0.974768 0.969772 0.967066 0.964330 0.961030 0.971006 0.967807 0.969073 0.968183 0.963470 0.979985 0.970468 0.971826 0.966300 0.962432 0.981330 0.977603 0.974808 0.971898 0.970154 0.970856 0.968289 0.966390 0.965219 0.960504 0.969375 0.970427 0.968042 0.967390 0.961042 0.985198 0.979944 0.976758 0.971903 0.971360 0.982959 0.977187 0.976550 0.975585 0.969788 0.975588 0.971446 0.969615 0.966936 0.961740 
1.001688 0.997083 0.993692 0.990030 0.988534 1.000049 1.000053 0.996019 0.992447 0.987485 0.999510 0.996049 0.996422 0.993650 0.983346 0.999780 0.994647 0.981481 0.989924 0.977010 0.995827 0.998452 0.993493 0.987356 0.984397 0.995624 0.993097 0.990877 0.984558 0.979580 0.993827 0.987416 0.981096 0.975103 0.981041 0.990150 0.988708 0.984289 0.984038 0.982409 0.986565 0.983100 0.983448 0.979183 0.972364 0.992898 0.988071 0.972446 0.980746 1.013281 0.995134 0.980163 0.984838 0.998620 0.948187 0.984947 0.985346 0.983035 0.987105 1.013281 0.990016 0.985986 0.979968 0.981086 0.991088 0.985974 0.984915 0.980029 0.987265 0.981799 0.986135 0.984125 0.985288 0.983481 0.970711 0.995609 0.992451 0.979482 0.987657 0.966386 0.991027 0.990448 0.992401 0.984352 0.976312 0.993121 0.988911 0.989044 0.987132 0.979869 0.994277 0.989219 0.986919 0.984427 0.978244 0.993875 0.995052 0.987181 0.983337 0.981326 0.990910 0.986186 0.989701 0.984782 0.980896 1.000213 0.998585 0.996692 0.996391 0.993398 0.993252 0.990756 0.986832 0.984921 0.978024 0.995400 0.985779 0.984809 0.988880 0.982886 1.001391 0.999323 0.996307 0.991926 0.990921 0.999633 0.999067 0.996152 0.995082 0.992767 0.995735 0.991920 0.990170 0.987587 0.978981 
0.995026 0.995521 0.994441 0.998014 0.996258 0.994953 0.992374 0.996632 0.997066 0.998439 0.994049 0.996062 0.993583 0.994860 1.001856 0.993223 0.995689 1.004265 0.995749 1.008240 0.995303 0.992571 0.995702 0.998806 0.999062 0.996477 0.996828 0.997045 1.001265 1.004215 0.995015 0.998858 1.001889 1.009669 0.999073 0.996422 0.997578 0.999430 1.000203 0.997813 1.000179 1.000866 1.001302 1.004301 1.008281 0.997191 0.997921 1.011747 0.999345 0.969369 0.989919 1.000725 0.997539 0.986814 1.029342 1.000742 1.000299 0.999778 0.995881 0.969369 0.998003 1.000469 1.003070 1.003746 0.995796 1.000959 1.000626 1.004577 0.997267 1.003557 1.000621 1.000388 0.999592 1.000239 1.010282 0.994247 0.995341 1.003608 0.996183 1.013951 0.996990 0.995496 0.993030 1.002601 1.005709 0.995681 0.997547 0.997561 0.998783 1.002719 0.996089 0.998472 0.999386 1.000529 1.004751 0.994513 0.992789 0.999676 1.002729 1.002967 1.000705 1.001211 0.998745 1.001247 1.002963 0.993637 0.993124 0.993724 0.992962 0.994704 0.995222 0.996520 0.999227 1.000432 1.004746 0.992972 1.001476 1.001390 0.997647 1.000659 0.994212 0.993951 0.994776 0.996775 0.997501 0.994593 0.992967 0.994903 0.995310 0.995127 0.995108 0.996725 0.997488 0.998687 1.004344 
0.975466 0.954809 0.932368 0.928860 0.911603 0.968410 0.955704 0.953984 0.937608 0.916854 0.959778 0.951874 0.942188 0.934329 0.909891 0.957985 0.941431 0.913854 0.916452 0.907813 0.946554 0.949193 0.935919 0.917898 0.901389 0.951777 0.939552 0.929078 0.914910 0.901527 0.935621 0.917929 0.896418 0.903996 0.882207 0.921871 0.920036 0.903854 0.906431 0.883602 0.919934 0.903555 0.908342 0.898344 0.880148 0.942813 0.917770 0.898917 0.881907 0.915072 0.918249 0.886241 0.897574 0.923173 0.848718 0.913365 0.913041 0.898169 0.901213 0.915072 0.928137 0.919199 0.896462 0.904675 0.922371 0.917204 0.911551 0.907190 0.910242 0.911097 0.920502 0.907452 0.909349 0.903326 0.880734 0.940973 0.929121 0.897857 0.906575 0.874640 0.928239 0.918729 0.916719 0.921293 0.889934 0.933657 0.920650 0.922037 0.917019 0.893643 0.942168 0.926307 0.918083 0.909571 0.895670 0.934432 0.928425 0.922429 0.916250 0.904102 0.948165 0.923856 0.930483 0.915439 0.901510 0.963125 0.953113 0.945017 0.939548 0.931804 0.933589 0.924696 0.916504 0.912012 0.894358 0.931994 0.923462 0.917574 0.920992 0.901153 0.971278 0.959005 0.948513 0.933890 0.931242 0.963917 0.953186 0.947752 0.944669 0.930668 0.945828 0.932979 0.926751 0.918427 0.897951 
1.010737 1.019846 1.030145 1.029791 1.038085 1.014213 1.020909 1.019278 1.026571 1.034724 1.018295 1.020772 1.026230 1.029118 1.036056 1.019554 1.025232 1.033265 1.036062 1.033985 1.023403 1.023732 1.027632 1.034147 1.040955 1.020560 1.025745 1.030157 1.034273 1.038502 1.028441 1.034133 1.041537 1.034898 1.049003 1.033705 1.033915 1.039838 1.038419 1.049029 1.032548 1.039148 1.036986 1.039846 1.045412 1.024500 1.034669 1.036070 1.048997 1.049614 1.038303 1.046479 1.043228 1.037614 1.048380 1.035038 1.035460 1.042031 1.042688 1.049614 1.030172 1.032946 1.040971 1.036781 1.033655 1.032794 1.035630 1.035810 1.038191 1.034891 1.032133 1.037739 1.037355 1.039678 1.044267 1.026355 1.031100 1.040276 1.040253 1.045030 1.030432 1.035410 1.037442 1.031122 1.042594 1.028793 1.033561 1.033164 1.034553 1.042266 1.024988 1.030636 1.033753 1.036777 1.040605 1.029671 1.032295 1.031823 1.033120 1.037896 1.020154 1.030387 1.028656 1.034275 1.038979 1.017177 1.022010 1.025050 1.027865 1.030291 1.029337 1.032200 1.034447 1.035774 1.041147 1.030601 1.030566 1.033057 1.033450 1.040309 1.013044 1.018744 1.023050 1.028375 1.029121 1.016245 1.021854 1.023280 1.024529 1.030598 1.023923 1.028718 1.030925 1.033912 1.039848 
1.002133 1.004936 1.006998 1.010303 1.011593 1.002575 1.002507 1.005843 1.008320 1.012376 1.003320 1.005696 1.005171 1.006993 1.016025 1.002833 1.007038 1.016791 1.010673 1.020695 1.006010 1.003242 1.007737 1.012458 1.015309 1.005929 1.007974 1.009494 1.014661 1.018814 1.007023 1.012608 1.018226 1.022349 1.018272 1.010079 1.011129 1.015008 1.015157 1.017141 1.013249 1.016238 1.015726 1.019649 1.025195 1.007296 1.011785 1.024701 1.018515 0.991627 1.005773 1.018767 1.014596 1.002666 1.045423 1.014667 1.014540 1.016181 1.012921 0.991627 1.010539 1.013363 1.019005 1.018545 1.009813 1.014780 1.015051 1.018054 1.012399 1.016816 1.013373 1.015223 1.014486 1.015679 1.026569 1.005815 1.008311 1.018951 1.012228 1.030188 1.009868 1.009918 1.008522 1.014477 1.021766 1.008021 1.011108 1.010769 1.012497 1.019262 1.007094 1.011093 1.012927 1.015067 1.020264 1.006617 1.006983 1.012239 1.015369 1.017704 1.009219 1.013254 1.010642 1.014648 1.018117 1.002316 1.003017 1.004716 1.005007 1.007341 1.007478 1.009946 1.013081 1.014631 1.020468 1.006443 1.013431 1.014271 1.011141 1.016463 1.001803 1.003277 1.004908 1.008596 1.009545 1.002867 1.003255 1.005256 1.005810 1.007762 1.005838 1.008772 1.010261 1.012341 1.019591 
0.999324 1.000353 0.999586 1.005136 1.004093 0.998098 0.995818 1.001593 1.003418 1.006688 0.998215 1.001039 0.997952 0.999979 1.012406 0.997012 1.001377 1.014699 1.003266 1.020855 1.000407 0.995751 1.001605 1.007056 1.009084 1.001300 1.002933 1.003669 1.010686 1.015949 1.000240 1.007396 1.013643 1.023228 1.010873 1.003303 1.004995 1.009109 1.009915 1.008989 1.008939 1.011346 1.011379 1.017371 1.023778 1.002322 1.005762 1.026646 1.011278 0.966480 0.994446 1.012710 1.007108 0.989603 1.056110 1.010320 1.009898 1.010181 1.004507 0.966480 1.005579 1.009011 1.015187 1.015890 1.002754 1.011105 1.010631 1.015798 1.005448 1.014062 1.009357 1.010241 1.009114 1.010283 1.026497 0.999060 1.001565 1.015479 1.004341 1.032191 1.004058 1.002360 0.999219 1.011683 1.019215 1.001756 1.005052 1.004712 1.007001 1.015073 1.001717 1.006194 1.008037 1.010357 1.017472 0.999215 0.998456 1.007665 1.012379 1.014253 1.007080 1.009846 1.006096 1.010864 1.014509 0.997176 0.996240 0.997813 0.997472 1.000074 1.000910 1.003526 1.007975 1.010005 1.017598 0.998263 1.010114 1.010544 1.005152 1.011268 0.997415 0.998011 0.998934 1.003028 1.004181 0.997717 0.996722 0.999351 0.999816 1.000802 1.000209 1.003177 1.004616 1.006928 1.016650 
1.000695 1.005114 1.008378 1.011947 1.014042 1.001119 1.002123 1.005374 1.009856 1.014750 1.002854 1.005784 1.005571 1.008335 1.019256 1.002559 1.007405 1.020292 1.012496 1.024787 1.006046 1.003305 1.008420 1.014865 1.018334 1.005856 1.008947 1.011107 1.017531 1.022672 1.008141 1.015050 1.021572 1.026720 1.022180 1.012144 1.013491 1.018250 1.018392 1.020862 1.015522 1.019397 1.018854 1.024209 1.030216 1.008620 1.014194 1.029445 1.022464 0.991126 1.007531 1.022754 1.017887 1.003974 1.053825 1.017302 1.016981 1.019648 1.015829 0.991126 1.012401 1.016055 1.022572 1.021216 1.011377 1.016313 1.017414 1.021841 1.015204 1.020266 1.015828 1.018245 1.017174 1.019025 1.031770 1.006430 1.010046 1.022879 1.015023 1.036002 1.011089 1.011975 1.010311 1.017483 1.026173 1.009086 1.013267 1.013121 1.015060 1.022797 1.007816 1.012976 1.015379 1.017953 1.024208 1.008231 1.007481 1.014733 1.018570 1.021010 1.010222 1.015633 1.012149 1.018061 1.021516 1.002058 1.003325 1.005303 1.006172 1.008700 1.009111 1.011467 1.015494 1.017363 1.024462 1.006920 1.016013 1.017114 1.013308 1.019724 1.000203 1.002977 1.005497 1.010183 1.011128 1.001722 1.003342 1.005669 1.006664 1.009475 1.006449 1.010334 1.011930 1.014616 1.023410 
1.002277 0.998269 0.995600 0.991258 0.990574 1.000218 1.001571 0.996361 0.993990 0.989017 1.000653 0.996959 0.997959 0.995447 0.984646 1.001217 0.995706 0.982403 0.991742 0.977309 0.996779 1.000046 0.994693 0.988812 0.986079 0.996237 0.994285 0.992317 0.985739 0.980632 0.995448 0.988914 0.982308 0.975223 0.983196 0.991954 0.990445 0.986064 0.985637 0.984744 0.987628 0.984477 0.984738 0.980860 0.973101 0.994212 0.989739 0.972271 0.982863 1.019674 0.998291 0.982031 0.987094 1.002287 0.946025 0.986068 0.986439 0.984841 0.989452 1.019674 0.991453 0.987243 0.981060 0.981497 0.992681 0.986331 0.985882 0.981050 0.989311 0.982781 0.987239 0.985562 0.986681 0.985129 0.971081 0.997153 0.994428 0.980714 0.989918 0.966267 0.992201 0.992455 0.994778 0.985329 0.977304 0.994559 0.990536 0.990779 0.988705 0.981003 0.995500 0.990530 0.988303 0.985757 0.979186 0.995885 0.996701 0.988553 0.984404 0.982314 0.991242 0.987124 0.990686 0.986436 0.981930 1.001682 1.000290 0.998361 0.998666 0.995222 0.995229 0.992210 0.988203 0.986202 0.978996 0.997043 0.986787 0.985985 0.990480 0.984351 1.001829 1.000618 0.997772 0.993502 0.992232 1.000022 1.000748 0.997460 0.996539 0.994762 0.997199 0.993488 0.991518 0.988997 0.979948 
1.002056 1.000806 0.999800 1.000237 0.999782 1.000569 1.000416 1.000723 1.000476 1.000124 1.000868 1.000721 0.999988 0.999855 1.000550 1.000618 1.000515 1.000632 0.999985 1.000893 1.000382 0.999912 1.000284 1.000117 1.000032 1.000506 1.000428 1.000134 1.000324 1.000500 0.999933 1.000218 1.000398 1.001010 0.999926 0.999839 0.999958 1.000026 1.000089 0.999805 1.000340 1.000256 1.000288 1.001017 1.000860 1.000122 0.999999 1.001143 0.999952 0.997068 0.999242 1.000156 0.999944 0.999079 1.002838 1.000340 1.000276 1.000046 0.999618 0.997068 1.000391 1.000202 1.000508 1.000944 0.999866 1.000769 1.000490 1.000715 0.999861 1.000416 1.000376 1.000244 1.000153 1.000096 1.001003 1.000131 1.000055 1.000470 0.999725 1.001357 1.000214 0.999779 0.999509 1.000343 1.000622 1.000174 1.000055 0.999902 1.000100 1.000497 1.000457 1.000440 1.000284 1.000299 1.000598 0.999491 0.999827 1.000254 1.000393 1.000485 1.000799 1.000484 1.000395 1.000605 1.000475 1.000965 1.000035 1.000008 1.000007 0.999806 1.000049 1.000088 1.000258 1.000386 1.000601 0.999947 1.000415 1.000398 1.000011 1.000175 1.001289 1.000888 1.000180 1.000230 1.000145 1.000467 1.000437 1.000210 1.000046 0.999914 1.000523 1.000292 1.000169 1.000171 1.000557 
0.994935 0.999347 1.001725 1.007756 1.007871 0.996252 0.994283 1.001244 1.004765 1.010410 0.996103 1.000814 0.998618 1.002068 1.016767 0.995173 1.001865 1.020145 1.006159 1.027288 1.000412 0.995962 1.002860 1.010833 1.013817 1.001494 1.004034 1.006246 1.015183 1.021967 1.002032 1.010820 1.018952 1.030116 1.016916 1.006505 1.008642 1.014114 1.014920 1.014726 1.012578 1.016307 1.016276 1.022320 1.031657 1.004400 1.009505 1.034149 1.017388 0.965304 0.997005 1.018884 1.012148 0.991402 1.069510 1.014513 1.013812 1.015542 1.008958 0.965304 1.007740 1.013337 1.020830 1.020332 1.005283 1.013857 1.014485 1.021682 1.009740 1.019443 1.013242 1.014969 1.013358 1.015460 1.034688 0.999822 1.003518 1.021594 1.008608 1.041382 1.006128 1.005540 1.001969 1.016361 1.026108 1.003223 1.008427 1.008327 1.010984 1.020685 1.002468 1.008896 1.011644 1.014807 1.023642 1.001638 0.999423 1.011545 1.017352 1.019483 1.008853 1.013631 1.008591 1.015105 1.019883 0.995136 0.996214 0.998427 0.998083 1.002199 1.002653 1.006052 1.011634 1.014329 1.023838 0.999183 1.014172 1.014984 1.008535 1.016374 0.994693 0.996238 0.999523 1.005023 1.006586 0.996538 0.995724 0.999768 1.001050 1.003052 1.000343 1.005040 1.007264 1.010523 1.022656 
1.001993 1.007124 1.012051 1.013352 1.016673 1.004170 1.006330 1.007451 1.011294 1.015981 1.005606 1.007883 1.009613 1.011736 1.018031 1.005983 1.009904 1.017926 1.015386 1.019955 1.008870 1.008030 1.011214 1.015867 1.019240 1.008050 1.010759 1.013145 1.017015 1.020380 1.011421 1.015807 1.020709 1.021007 1.023172 1.014630 1.015270 1.018942 1.018591 1.022638 1.015635 1.019166 1.018342 1.020840 1.025455 1.010534 1.015759 1.022449 1.023287 1.010584 1.014124 1.022699 1.019786 1.012492 1.036000 1.017094 1.017040 1.020143 1.018751 1.010584 1.013432 1.016016 1.020979 1.019095 1.014211 1.015851 1.017251 1.019304 1.017227 1.018351 1.015677 1.018303 1.017707 1.019214 1.025755 1.009979 1.012798 1.020979 1.017737 1.027714 1.013125 1.015050 1.014930 1.016130 1.022987 1.011769 1.015043 1.014911 1.016092 1.021424 1.010000 1.013889 1.015880 1.017859 1.021565 1.011891 1.012119 1.015185 1.017155 1.019456 1.009858 1.015096 1.013093 1.016766 1.019975 1.004942 1.007389 1.009154 1.010154 1.012206 1.011911 1.013828 1.016142 1.017306 1.021824 1.011434 1.015331 1.016513 1.015024 1.019637 1.003028 1.005806 1.008646 1.012107 1.012801 1.005012 1.006995 1.008758 1.009648 1.012549 1.009041 1.012203 1.013665 1.015679 1.021032 
0.994491 0.989933 0.984858 0.984359 0.980500 0.992655 0.989874 0.989736 0.986322 0.981771 0.990989 0.989248 0.986939 0.985312 0.980638 0.990526 0.986991 0.981480 0.981442 0.980523 0.988013 0.988377 0.985716 0.982061 0.978538 0.989217 0.986660 0.984329 0.981545 0.978874 0.985601 0.982131 0.977664 0.979808 0.974360 0.982760 0.982410 0.979046 0.979667 0.974572 0.982595 0.979112 0.980163 0.978447 0.974542 0.987247 0.981958 0.978893 0.974314 0.979371 0.981415 0.975312 0.977489 0.982182 0.969253 0.981238 0.981091 0.977845 0.978258 0.979371 0.984295 0.982417 0.977734 0.979589 0.982900 0.982180 0.980853 0.980025 0.980252 0.980917 0.982705 0.979895 0.980273 0.978993 0.974841 0.986759 0.984309 0.978018 0.979398 0.973780 0.984163 0.982001 0.981422 0.983050 0.976477 0.985313 0.982528 0.982852 0.981840 0.977111 0.987168 0.983865 0.982162 0.980385 0.977676 0.985322 0.983985 0.983042 0.981919 0.979370 0.988703 0.983491 0.984749 0.981795 0.978810 0.991630 0.989303 0.987605 0.986431 0.984747 0.985242 0.983375 0.981817 0.980876 0.977389 0.984751 0.983391 0.982085 0.982605 0.978592 0.993300 0.990748 0.988414 0.985361 0.984890 0.991753 0.989407 0.988237 0.987579 0.984567 0.987896 0.985217 0.983887 0.982156 0.978134 
1.011146 1.018213 1.027349 1.023930 1.031632 1.014888 1.021844 1.017300 1.022047 1.027259 1.018239 1.018592 1.025093 1.026222 1.025029 1.019930 1.022447 1.021203 1.030570 1.018205 1.021371 1.024183 1.024346 1.026499 1.031298 1.018390 1.021766 1.025087 1.024467 1.025062 1.025554 1.026279 1.029273 1.017630 1.037296 1.028234 1.027423 1.030205 1.028469 1.038411 1.024094 1.028413 1.026446 1.025308 1.026653 1.020783 1.027670 1.016652 1.037056 1.063563 1.037413 1.034029 1.034438 1.039687 1.010530 1.025455 1.026092 1.031526 1.035368 1.063563 1.023946 1.024212 1.027852 1.024121 1.028657 1.023499 1.025981 1.022861 1.030887 1.022931 1.023445 1.027812 1.028152 1.029378 1.024030 1.024567 1.027013 1.026928 1.033344 1.021409 1.025252 1.030320 1.033939 1.020968 1.026796 1.025098 1.027182 1.026869 1.026854 1.029105 1.021815 1.023991 1.025615 1.026919 1.026112 1.026861 1.030222 1.024085 1.022365 1.025647 1.014506 1.021650 1.022465 1.024175 1.026454 1.017634 1.022241 1.024033 1.026549 1.027196 1.025809 1.027028 1.026293 1.026210 1.026521 1.028880 1.021554 1.023500 1.026986 1.029439 1.014214 1.018598 1.021643 1.023829 1.023824 1.016828 1.022000 1.021674 1.022350 1.026974 1.021710 1.024080 1.025222 1.026430 1.025921 
1.003224 0.996558 0.992157 0.985383 0.983766 1.000833 1.001953 0.994399 0.989369 0.981539 1.000403 0.994813 0.996230 0.991966 0.974173 1.001209 0.992733 0.971052 0.985949 0.962880 0.994594 0.999695 0.991155 0.981187 0.976522 0.993988 0.990239 0.987040 0.976313 0.967961 0.992071 0.981170 0.970612 0.959530 0.971560 0.986134 0.983738 0.976494 0.975863 0.974008 0.979471 0.974092 0.974575 0.967307 0.955761 0.990252 0.982603 0.954767 0.971033 1.029245 0.995988 0.969865 0.978066 1.002434 0.912780 0.976847 0.977477 0.974466 0.981697 1.029245 0.985312 0.978718 0.968651 0.969819 0.987376 0.977711 0.976668 0.968853 0.981724 0.971482 0.978861 0.975885 0.977692 0.975015 0.952575 0.994859 0.989937 0.968043 0.982583 0.944931 0.986972 0.986883 0.990462 0.975671 0.962525 0.990583 0.983993 0.984252 0.980983 0.968533 0.992198 0.984036 0.980328 0.976216 0.965617 0.992406 0.994035 0.980897 0.974177 0.970754 0.985968 0.978765 0.984624 0.976697 0.970098 1.001927 0.999815 0.996719 0.996633 0.991565 0.991264 0.986820 0.980191 0.977015 0.965294 0.994681 0.978166 0.976796 0.983886 0.973801 1.003140 1.000322 0.995888 0.988767 0.986835 1.000314 1.000346 0.995487 0.993921 0.990610 0.994793 0.988674 0.985721 0.981550 0.966872 
0.997952 0.997150 0.996469 0.994978 0.994440 0.998310 0.998227 0.996787 0.995753 0.994078 0.997789 0.996843 0.997213 0.996476 0.992410 0.998042 0.996268 0.992176 0.994780 0.990486 0.996782 0.998070 0.996019 0.994057 0.992768 0.996836 0.995924 0.995333 0.993107 0.991270 0.996446 0.993955 0.991436 0.989753 0.991426 0.995130 0.994668 0.992939 0.992892 0.991925 0.993690 0.992360 0.992616 0.990692 0.988394 0.996389 0.994364 0.988726 0.991319 1.003171 0.996985 0.991211 0.993053 0.998319 0.979458 0.993054 0.993132 0.992404 0.993852 1.003171 0.994814 0.993724 0.991104 0.991189 0.995199 0.992839 0.992808 0.991575 0.994093 0.992196 0.993651 0.992813 0.993148 0.992647 0.987816 0.996885 0.995817 0.991182 0.994157 0.986212 0.995132 0.995173 0.995776 0.993260 0.989933 0.995920 0.994642 0.994856 0.994047 0.990965 0.996297 0.994561 0.993813 0.992875 0.990585 0.996778 0.996362 0.994166 0.992840 0.991719 0.995430 0.993694 0.994806 0.993063 0.991529 0.998188 0.998179 0.997415 0.997240 0.996329 0.996208 0.995111 0.993737 0.993039 0.990488 0.996573 0.993662 0.993274 0.994655 0.992272 0.998348 0.997794 0.997328 0.995720 0.995330 0.998178 0.997929 0.997171 0.996992 0.996114 0.996793 0.995605 0.994988 0.994087 0.990890 
0.993705 0.990646 0.986517 0.988592 0.984955 0.991662 0.988350 0.990904 0.989349 0.987268 0.990239 0.990571 0.987199 0.987094 0.988920 0.989366 0.988649 0.991184 0.985226 0.993192 0.989022 0.987417 0.987818 0.987670 0.985537 0.990559 0.989279 0.987928 0.989074 0.989382 0.987353 0.987778 0.986878 0.993693 0.982914 0.986492 0.987112 0.986216 0.987134 0.982190 0.988920 0.987168 0.988175 0.989438 0.989352 0.990005 0.987027 0.994474 0.983070 0.965858 0.981343 0.984706 0.984000 0.979820 1.000294 0.988415 0.988030 0.985672 0.983237 0.965858 0.988638 0.989116 0.987770 0.989292 0.986003 0.988911 0.988021 0.990503 0.985547 0.990229 0.989366 0.987385 0.987024 0.986729 0.990872 0.987553 0.986861 0.988439 0.984234 0.992696 0.987689 0.985383 0.983280 0.990961 0.988846 0.987565 0.987152 0.987382 0.987564 0.987102 0.989172 0.988762 0.988163 0.987780 0.988920 0.986886 0.984578 0.988991 0.990372 0.988767 0.993219 0.990258 0.989324 0.989557 0.988402 0.990727 0.988541 0.987771 0.986671 0.986617 0.987424 0.986893 0.987792 0.988153 0.988736 0.985241 0.990431 0.989569 0.987272 0.986679 0.992149 0.990253 0.989051 0.988542 0.988563 0.990800 0.988578 0.988990 0.988868 0.986879 0.989120 0.988386 0.987911 0.987646 0.988937 
1.004516 1.005364 1.008220 1.003448 1.006339 1.006037 1.009617 1.004212 1.004212 1.003263 1.006975 1.004993 1.008835 1.007621 0.998755 1.008324 1.005735 0.995772 1.006654 0.990709 1.006219 1.010083 1.006104 1.002803 1.002829 1.004623 1.004490 1.004759 0.999646 0.996119 1.007302 1.002597 0.999102 0.988906 1.003266 1.005915 1.004444 1.002383 1.001327 1.004901 1.000848 1.000387 0.999754 0.995478 0.991157 1.004364 1.004012 0.986294 1.002914 1.041789 1.014582 1.000985 1.004930 1.018510 0.964011 1.000281 1.000816 1.002032 1.007137 1.041789 1.003267 1.000637 0.997569 0.996154 1.006586 0.999459 1.000296 0.995449 1.005096 0.996829 1.000292 1.000938 1.001910 1.001332 0.988540 1.007944 1.006872 0.996967 1.006605 0.983816 1.004684 1.007168 1.010455 0.997899 0.994367 1.006255 1.004366 1.004478 1.002887 0.998046 1.005314 1.002772 1.001911 1.000650 0.995442 1.008333 1.010151 1.001576 0.997788 0.997574 0.999337 0.999429 1.002373 0.999219 0.997633 1.007502 1.009170 1.008633 1.009635 1.007869 1.006950 1.005472 1.002160 1.000705 0.995470 1.009818 0.999171 0.999404 1.004254 1.000750 1.006408 1.007200 1.007129 1.004864 1.004113 1.006684 1.008857 1.006913 1.006672 1.007286 1.006422 1.004868 1.004192 1.002885 0.995946 
1.008167 1.011527 1.016240 1.014700 1.019223 1.008346 1.013002 1.010209 1.013984 1.016865 1.011370 1.011525 1.014684 1.015605 1.016447 1.012213 1.013557 1.014148 1.018458 1.012901 1.012705 1.013892 1.014518 1.016442 1.019469 1.010898 1.013418 1.015258 1.015608 1.016506 1.015187 1.016529 1.018679 1.012779 1.023260 1.017116 1.016837 1.018899 1.017938 1.023741 1.015148 1.017990 1.016848 1.017877 1.018195 1.012617 1.017036 1.012495 1.023156 1.034601 1.021834 1.021526 1.021273 1.022783 1.011703 1.016099 1.016386 1.019783 1.021495 1.034601 1.015140 1.015294 1.018013 1.015738 1.017198 1.014794 1.016382 1.015266 1.018971 1.015044 1.014854 1.017553 1.017582 1.018516 1.016874 1.014598 1.016592 1.017585 1.020312 1.015865 1.015282 1.018272 1.020089 1.013655 1.017843 1.015160 1.016669 1.016482 1.016687 1.018724 1.013416 1.015139 1.016131 1.017051 1.017246 1.015921 1.017614 1.015131 1.014572 1.016612 1.009260 1.013836 1.013880 1.016249 1.017115 1.011317 1.013133 1.014214 1.016144 1.016169 1.015848 1.016336 1.016466 1.016683 1.017507 1.016853 1.013834 1.015056 1.016552 1.018589 1.008834 1.011739 1.012943 1.014734 1.014592 1.009490 1.013406 1.012915 1.013323 1.016349 1.013473 1.014951 1.015421 1.016375 1.017038 
1.002367 0.998770 0.996646 0.990875 0.990610 1.001523 1.003390 0.996832 0.993819 0.988317 1.001681 0.997264 0.999398 0.996366 0.982353 1.002611 0.996219 0.979517 0.992037 0.972804 0.997566 1.002025 0.995277 0.987983 0.984882 0.996739 0.994352 0.992323 0.983954 0.977540 0.996313 0.987941 0.979962 0.970116 0.981714 0.992083 0.990130 0.984802 0.984121 0.983758 0.986300 0.982646 0.982830 0.977122 0.968141 0.994405 0.989250 0.966287 0.981275 1.029861 1.000860 0.980011 0.986471 1.006135 0.932653 0.984424 0.984944 0.983356 0.989464 1.029861 0.990848 0.985819 0.978286 0.978552 0.993000 0.984578 0.984231 0.977957 0.988972 0.980079 0.985779 0.983986 0.985406 0.983553 0.965366 0.998286 0.994878 0.977800 0.989921 0.959079 0.992172 0.992886 0.996088 0.983149 0.973465 0.995026 0.990234 0.990501 0.987889 0.978306 0.995789 0.989716 0.987186 0.984124 0.975769 0.996934 0.998211 0.987502 0.982111 0.979699 0.990166 0.985494 0.990058 0.984241 0.979276 1.002681 1.001963 0.999746 1.000059 0.996151 0.995797 0.992316 0.987140 0.984530 0.975560 0.998565 0.985066 0.984216 0.990142 0.982556 1.002713 1.001528 0.998811 0.993548 0.992043 1.001382 1.002199 0.998441 0.997398 0.995432 0.997766 0.993482 0.991291 0.988219 0.976731 
0.993908 0.988179 0.981579 0.982274 0.977259 0.990942 0.987034 0.988100 0.984344 0.979457 0.988950 0.987507 0.983787 0.982227 0.979384 0.988100 0.984663 0.980997 0.978336 0.981168 0.985742 0.985036 0.983167 0.979852 0.975969 0.987378 0.984634 0.981898 0.980099 0.978019 0.982656 0.980033 0.975975 0.980832 0.971286 0.979818 0.979817 0.976635 0.977570 0.971109 0.980963 0.977225 0.978529 0.977954 0.974532 0.985205 0.979431 0.980460 0.971325 0.967114 0.976222 0.972924 0.974349 0.976136 0.975538 0.979591 0.979356 0.975410 0.974560 0.967114 0.982342 0.980735 0.976439 0.978912 0.979808 0.980914 0.979210 0.979518 0.977289 0.980056 0.981234 0.977956 0.978133 0.976837 0.975489 0.983839 0.981411 0.976888 0.975968 0.975516 0.981786 0.978691 0.977221 0.982118 0.975840 0.982647 0.980006 0.980271 0.979593 0.975646 0.985000 0.981986 0.980239 0.978582 0.976894 0.981989 0.980200 0.981258 0.980952 0.978229 0.988105 0.982298 0.982998 0.980441 0.977601 0.989656 0.986322 0.984569 0.983113 0.981562 0.982428 0.980660 0.979781 0.979166 0.976577 0.981126 0.982253 0.980780 0.980118 0.976546 0.991836 0.988712 0.985855 0.983087 0.982657 0.989590 0.986620 0.985756 0.985011 0.981537 0.985641 0.982916 0.981553 0.979961 0.977264 
1.000518 0.993234 0.988192 0.981202 0.978503 0.999475 0.999030 0.992034 0.985099 0.976578 0.997365 0.991780 0.992946 0.988117 0.968328 0.998143 0.989240 0.965691 0.981076 0.957138 0.991573 0.996904 0.987561 0.976283 0.970632 0.991391 0.986493 0.982877 0.971164 0.961907 0.988353 0.976058 0.964414 0.953543 0.964453 0.981499 0.978933 0.970662 0.970179 0.967006 0.974726 0.968290 0.969026 0.959843 0.948363 0.986862 0.977679 0.948467 0.963904 1.024598 0.991127 0.962947 0.971846 0.997867 0.903165 0.971681 0.972358 0.968291 0.975789 1.024598 0.980652 0.973815 0.962405 0.964224 0.982912 0.973042 0.971475 0.963064 0.976295 0.966025 0.974089 0.970301 0.972304 0.969141 0.945199 0.991367 0.985357 0.961766 0.976963 0.937128 0.982889 0.982071 0.985599 0.970836 0.955755 0.986630 0.979268 0.979559 0.975983 0.962149 0.988553 0.979447 0.975296 0.970738 0.959237 0.988529 0.990119 0.976188 0.969023 0.964970 0.982960 0.974185 0.980585 0.970600 0.964157 0.998834 0.996846 0.993410 0.992479 0.987591 0.986918 0.982459 0.975137 0.971688 0.958829 0.990925 0.973521 0.971773 0.979188 0.967855 1.001248 0.997191 0.992732 0.984577 0.982745 0.998610 0.996958 0.992386 0.990657 0.986289 0.991161 0.984364 0.981414 0.976702 0.960653 
0.994456 0.984492 0.975074 0.971338 0.964768 0.991246 0.987109 0.983981 0.975691 0.965685 0.987910 0.982939 0.980230 0.975650 0.960339 0.987542 0.978834 0.960257 0.967436 0.955012 0.981220 0.983965 0.976303 0.965892 0.958604 0.982786 0.976924 0.972051 0.962850 0.955017 0.976214 0.965867 0.954723 0.952422 0.950193 0.969135 0.967503 0.959217 0.959803 0.951634 0.965987 0.958331 0.960027 0.953409 0.943144 0.977652 0.966354 0.948858 0.949882 0.984149 0.971744 0.950812 0.957793 0.975927 0.915590 0.962765 0.962883 0.956551 0.960465 0.984149 0.970939 0.965151 0.953886 0.957541 0.970084 0.965080 0.962338 0.957194 0.963398 0.959554 0.965816 0.960296 0.961714 0.958450 0.942057 0.979291 0.973024 0.953852 0.962556 0.936991 0.971961 0.968427 0.969253 0.964558 0.949055 0.975151 0.967915 0.968314 0.965437 0.952983 0.978552 0.969876 0.965612 0.961161 0.952281 0.975537 0.975063 0.967163 0.962281 0.957189 0.978131 0.966936 0.971670 0.962729 0.956075 0.989349 0.985033 0.981236 0.979101 0.974648 0.974950 0.970633 0.965108 0.962280 0.951719 0.976510 0.966406 0.963882 0.967934 0.957394 0.993102 0.987458 0.982036 0.974142 0.972668 0.989575 0.985388 0.981704 0.979893 0.973760 0.980725 0.973881 0.970796 0.966274 0.953534 
1.001409 0.999226 0.997450 0.995581 0.995156 0.999540 1.000429 0.997803 0.997163 0.994550 1.000291 0.998314 0.998509 0.997405 0.992883 1.000450 0.997638 0.991830 0.995661 0.989614 0.998057 0.999406 0.997016 0.994468 0.993150 0.997802 0.997085 0.996026 0.993180 0.990935 0.997392 0.994634 0.991506 0.988700 0.991787 0.995824 0.995201 0.993220 0.993065 0.992447 0.993968 0.992514 0.992688 0.991691 0.987568 0.996999 0.994870 0.987401 0.991645 1.007334 0.998498 0.991360 0.993610 1.000248 0.975945 0.993252 0.993394 0.992649 0.994589 1.007334 0.995909 0.993876 0.991005 0.991175 0.996055 0.993244 0.993110 0.991211 0.994650 0.991923 0.993846 0.993021 0.993475 0.992823 0.986720 0.998218 0.997164 0.990938 0.994858 0.984650 0.995907 0.996003 0.996933 0.993094 0.989423 0.997056 0.995226 0.995365 0.994441 0.990936 0.997652 0.995376 0.994336 0.993138 0.990251 0.997622 0.997728 0.994446 0.992672 0.991611 0.995736 0.993825 0.995329 0.994087 0.991424 1.000861 0.999795 0.998802 0.999179 0.997279 0.997571 0.995908 0.994234 0.993329 0.990161 0.997926 0.993710 0.993331 0.995207 0.992437 1.000572 1.000268 0.998620 0.996770 0.996040 0.999442 1.000254 0.998435 0.997994 0.997225 0.998524 0.996788 0.995668 0.994541 0.990581 
1.005178 1.006014 1.008276 1.004028 1.006654 1.006649 1.009867 1.004888 1.004722 1.003859 1.007558 1.005448 1.008994 1.007718 0.999773 1.008676 1.006305 0.996920 1.007119 0.992289 1.006753 1.010039 1.006572 1.003384 1.003503 1.005203 1.005048 1.005192 1.000521 0.997302 1.007492 1.003249 1.000183 0.990660 1.003996 1.006179 1.004834 1.003023 1.002029 1.005483 1.001661 1.001262 1.000627 0.996882 0.992922 1.004721 1.004469 0.988286 1.003675 1.039050 1.014132 1.001892 1.005444 1.017737 0.968275 1.001142 1.001740 1.002745 1.007384 1.039050 1.003932 1.001380 0.998764 0.997627 1.006877 1.000640 1.001274 0.996697 1.005471 0.997865 1.001129 1.001742 1.002668 1.002061 0.990501 1.008163 1.007141 0.998120 1.006876 0.986220 1.005271 1.007368 1.010395 0.998767 0.995786 1.006627 1.004836 1.004820 1.003446 0.999245 1.005811 1.003347 1.002625 1.001498 0.996774 1.008251 1.010305 1.002222 0.998745 0.998714 1.000215 1.000302 1.003089 1.000245 0.998785 1.007733 1.009200 1.008711 1.009663 1.007994 1.007185 1.005924 1.002860 1.001435 0.996812 1.009952 1.000041 1.000299 1.004734 1.001587 1.006711 1.007559 1.007335 1.005334 1.004574 1.007120 1.009158 1.007227 1.006882 1.007440 1.006759 1.005356 1.004707 1.003503 0.997215 
1.013634 1.031075 1.048269 1.055336 1.067439 1.019284 1.026601 1.032928 1.047040 1.065679 1.025211 1.034221 1.039171 1.047162 1.075431 1.025744 1.042146 1.075023 1.062786 1.084730 1.037598 1.032219 1.046708 1.065279 1.079083 1.034663 1.045146 1.053994 1.070650 1.085079 1.046279 1.065333 1.086431 1.089544 1.094757 1.059246 1.062098 1.077523 1.076350 1.092129 1.065216 1.079428 1.076049 1.087777 1.107316 1.043012 1.064347 1.096185 1.095324 1.032805 1.054448 1.093385 1.080325 1.046671 1.157887 1.071249 1.071049 1.082570 1.075509 1.032805 1.055945 1.066236 1.087791 1.081722 1.058071 1.068191 1.072506 1.080780 1.069732 1.076526 1.065275 1.075664 1.073212 1.078916 1.109243 1.040908 1.052000 1.087327 1.071451 1.118551 1.054609 1.060688 1.059426 1.067082 1.096297 1.048617 1.061518 1.060480 1.065968 1.089661 1.042157 1.058029 1.065798 1.074108 1.090471 1.046873 1.049476 1.062580 1.071324 1.081466 1.042625 1.063203 1.054833 1.070237 1.083576 1.022144 1.029741 1.037042 1.040655 1.049070 1.048227 1.056950 1.066884 1.072067 1.091530 1.046700 1.063897 1.068590 1.061401 1.081172 1.016164 1.025870 1.035411 1.049786 1.052821 1.022479 1.029409 1.036194 1.039243 1.050492 1.038046 1.050443 1.056434 1.064676 1.088125 
1.007060 1.018169 1.028705 1.033750 1.041103 1.010229 1.014650 1.019088 1.028576 1.040366 1.014151 1.020072 1.022711 1.028091 1.047293 1.014374 1.024883 1.047420 1.037939 1.054302 1.021968 1.018141 1.027722 1.040212 1.048902 1.020286 1.027154 1.032726 1.044073 1.053714 1.027518 1.040329 1.053973 1.057589 1.058734 1.036013 1.038030 1.048062 1.047491 1.056847 1.040378 1.049456 1.047459 1.055823 1.068371 1.025962 1.039484 1.062162 1.059141 1.014254 1.031754 1.058184 1.049386 1.026243 1.104060 1.044276 1.044056 1.051276 1.046124 1.014254 1.034293 1.041191 1.055070 1.051165 1.035058 1.042091 1.044916 1.051043 1.042766 1.048271 1.040528 1.047011 1.045310 1.049093 1.069989 1.023951 1.031349 1.054980 1.043630 1.076513 1.033003 1.036710 1.035436 1.042199 1.060999 1.029082 1.037593 1.037053 1.040661 1.056140 1.025124 1.035600 1.040669 1.046067 1.057140 1.028040 1.028924 1.038704 1.044848 1.051124 1.026194 1.039328 1.033511 1.044153 1.052441 1.012289 1.016891 1.021514 1.023857 1.029257 1.028994 1.034429 1.041280 1.044761 1.057798 1.027197 1.039880 1.042796 1.037568 1.050534 1.008218 1.014599 1.020693 1.030170 1.032140 1.012184 1.016670 1.021153 1.023205 1.030333 1.022453 1.030569 1.034339 1.039770 1.055589 
0.987508 0.979581 0.969160 0.973381 0.964251 0.984938 0.975671 0.981777 0.974824 0.969403 0.979641 0.979513 0.972166 0.970465 0.971541 0.977576 0.975303 0.976119 0.965885 0.979662 0.976800 0.973157 0.973252 0.970209 0.964748 0.980278 0.975768 0.971958 0.972564 0.971770 0.971427 0.970306 0.967268 0.980363 0.957768 0.968116 0.968993 0.965794 0.967786 0.956465 0.973190 0.968074 0.970250 0.970267 0.970109 0.976768 0.968778 0.981549 0.958049 0.927063 0.957302 0.961509 0.960925 0.954604 0.989057 0.971566 0.971086 0.964313 0.959846 0.927063 0.972951 0.972761 0.968846 0.973672 0.967941 0.974601 0.971234 0.974244 0.964944 0.974164 0.973833 0.968708 0.968479 0.966758 0.973151 0.972593 0.969212 0.969633 0.962133 0.976238 0.972176 0.965738 0.961604 0.976350 0.969861 0.971979 0.969443 0.969566 0.969709 0.967487 0.975678 0.973025 0.971171 0.969769 0.970725 0.969511 0.966577 0.972872 0.974810 0.971353 0.984367 0.975868 0.975227 0.971852 0.970434 0.979782 0.974929 0.973016 0.969486 0.969440 0.970536 0.969892 0.970474 0.970558 0.970257 0.967990 0.975893 0.973643 0.969689 0.966863 0.984855 0.979030 0.975751 0.973121 0.973346 0.982349 0.975070 0.975990 0.975024 0.969324 0.975537 0.972776 0.971861 0.970385 0.970943 
1.005251 1.004681 1.005788 1.001044 1.002827 1.006245 1.008914 1.003680 1.002207 1.000164 1.006696 1.003952 1.007201 1.005293 0.995267 1.007698 1.004437 0.992496 1.003732 0.987066 1.005055 1.008740 1.004352 0.999676 0.998879 1.003775 1.002755 1.002334 0.996399 0.992173 1.005140 0.999474 0.995097 0.985092 0.998374 1.002867 1.001335 0.998474 0.997518 1.000055 0.997962 0.996606 0.996160 0.991359 0.986321 1.002501 1.000826 0.982204 0.998012 1.037998 1.011350 0.996363 1.000868 1.015624 0.957997 0.997036 0.997608 0.997873 1.003003 1.037998 1.000794 0.997569 0.993567 0.993001 1.003683 0.996938 0.997194 0.991965 1.001487 0.993248 0.997422 0.997355 0.998415 0.997399 0.983685 1.006245 1.004304 0.992899 1.002794 0.978740 1.002393 1.004019 1.007162 0.994757 0.989926 1.004136 1.001431 1.001381 0.999698 0.993957 1.003763 1.000180 0.998868 0.997193 0.991314 1.005612 1.007851 0.998706 0.994505 0.993886 0.998142 0.996746 1.000179 0.996142 0.993823 1.007049 1.007934 1.006979 1.007578 1.005421 1.004573 1.002910 0.999061 0.997300 0.991291 1.007756 0.996370 0.996349 1.001287 0.996787 1.006735 1.006651 1.005714 1.002673 1.001698 1.006623 1.008005 1.005554 1.004958 1.004730 1.004965 1.002676 1.001662 0.999874 0.991918 
1.009365 1.013678 1.019450 1.018221 1.023386 1.010543 1.015236 1.013004 1.016818 1.020844 1.013397 1.013994 1.017634 1.018734 1.020628 1.014268 1.016641 1.018131 1.022517 1.017282 1.015617 1.016512 1.017874 1.020384 1.024212 1.013631 1.016428 1.018722 1.019659 1.021145 1.018342 1.020415 1.023755 1.017367 1.028804 1.020826 1.020579 1.023385 1.022317 1.029206 1.019099 1.022629 1.021218 1.022158 1.023907 1.015325 1.020928 1.017385 1.028718 1.038276 1.025462 1.026856 1.025978 1.026067 1.019153 1.020349 1.020700 1.024550 1.026108 1.038276 1.018519 1.019098 1.023046 1.020690 1.021100 1.019337 1.020860 1.019537 1.023107 1.019236 1.018690 1.021963 1.021991 1.023041 1.022607 1.017554 1.019816 1.022375 1.024628 1.021925 1.018981 1.022118 1.024053 1.017343 1.023059 1.018484 1.020451 1.020111 1.020598 1.023932 1.016268 1.018655 1.020038 1.021392 1.022255 1.018930 1.021415 1.018764 1.018470 1.021271 1.011989 1.017536 1.017399 1.019772 1.021897 1.012903 1.015336 1.016896 1.018760 1.019440 1.018812 1.020099 1.020499 1.020892 1.022573 1.020430 1.017473 1.018930 1.020316 1.023332 1.010563 1.013674 1.015441 1.017799 1.017971 1.011835 1.015556 1.015551 1.016014 1.019508 1.016025 1.018076 1.019041 1.020326 1.021939 
0.998527 0.997405 0.995757 0.996231 0.995078 0.997467 0.996740 0.997076 0.996771 0.995751 0.997348 0.997064 0.996040 0.995930 0.996204 0.997106 0.996428 0.996780 0.995240 0.997152 0.996593 0.996177 0.996105 0.995842 0.995055 0.996980 0.996641 0.996069 0.996194 0.996099 0.996000 0.995943 0.995328 0.997222 0.994166 0.995587 0.995755 0.995314 0.995574 0.993999 0.996178 0.995520 0.995856 0.996522 0.995807 0.996827 0.995690 0.997322 0.994202 0.990228 0.994321 0.994711 0.994723 0.994066 0.998179 0.995952 0.995854 0.995096 0.994486 0.990228 0.996393 0.996227 0.995580 0.996031 0.995390 0.996018 0.995806 0.996551 0.995246 0.996424 0.996341 0.995652 0.995547 0.995434 0.996176 0.996169 0.995953 0.995828 0.994848 0.996565 0.995950 0.995274 0.994682 0.996748 0.995806 0.996050 0.995775 0.995843 0.995834 0.995359 0.996611 0.996273 0.996030 0.995784 0.995883 0.995859 0.995086 0.996297 0.996568 0.995937 0.997677 0.996606 0.996432 0.996557 0.995809 0.997551 0.996658 0.996294 0.996144 0.995768 0.996184 0.995697 0.995879 0.995862 0.995824 0.995336 0.996669 0.996395 0.995805 0.995353 0.997656 0.997299 0.996697 0.996428 0.996249 0.997095 0.996799 0.996650 0.996550 0.995923 0.996757 0.996373 0.996017 0.995847 0.995912 
0.984936 0.980738 0.972878 0.978870 0.971004 0.983891 0.975172 0.983183 0.978981 0.976517 0.979334 0.981044 0.974040 0.974168 0.980955 0.977205 0.977938 0.986537 0.971551 0.992494 0.978604 0.973881 0.976566 0.977425 0.973739 0.982166 0.979359 0.977054 0.981283 0.983351 0.974904 0.977464 0.977909 0.994227 0.968843 0.973893 0.975569 0.974929 0.977026 0.966820 0.980651 0.977686 0.979664 0.982150 0.985658 0.980717 0.975678 0.996862 0.969279 0.921166 0.960643 0.972965 0.969812 0.956048 1.017427 0.980003 0.979220 0.974162 0.967584 0.921166 0.978474 0.980833 0.980103 0.983819 0.973036 0.981897 0.979509 0.985466 0.972459 0.984502 0.981564 0.977749 0.976822 0.976318 0.989562 0.974891 0.973599 0.981296 0.969499 0.994945 0.976979 0.971379 0.966255 0.985252 0.983264 0.975709 0.975780 0.975996 0.977104 0.978783 0.978610 0.978899 0.978553 0.978578 0.982975 0.973353 0.969216 0.980151 0.984260 0.981824 0.988943 0.983516 0.980757 0.980953 0.981163 0.978992 0.975681 0.974813 0.971668 0.973281 0.974471 0.975062 0.977899 0.978947 0.982635 0.970413 0.983844 0.982187 0.976055 0.976660 0.982688 0.978742 0.977680 0.977640 0.978416 0.981907 0.975449 0.977877 0.977714 0.973599 0.977547 0.977305 0.977329 0.977400 0.982786 
1.006384 1.008318 1.010860 1.009679 1.012399 1.007050 1.009667 1.007777 1.009215 1.010785 1.008606 1.008122 1.010377 1.010433 1.010029 1.009053 1.009654 1.008193 1.012257 1.007015 1.009246 1.009973 1.010128 1.010461 1.012288 1.008010 1.009173 1.010071 1.009615 1.009698 1.010291 1.010522 1.011585 1.006785 1.014477 1.011110 1.010735 1.011720 1.011043 1.014916 1.009654 1.011163 1.010353 1.010293 1.010293 1.008321 1.010865 1.006398 1.014382 1.024833 1.014562 1.013196 1.013367 1.015454 1.003923 1.010124 1.010471 1.012232 1.013747 1.024833 1.009882 1.009477 1.010980 1.009949 1.011506 1.009947 1.010522 1.008831 1.011995 1.008876 1.009321 1.010913 1.011149 1.011396 1.009268 1.010187 1.010935 1.010423 1.012956 1.008230 1.010375 1.011935 1.013380 1.008119 1.010363 1.010346 1.010755 1.010480 1.010530 1.011517 1.009247 1.009713 1.010232 1.010649 1.010212 1.010474 1.012455 1.009455 1.008668 1.010122 1.006187 1.008638 1.009194 1.009763 1.010430 1.008104 1.009285 1.009903 1.010924 1.010839 1.010452 1.010921 1.010498 1.010317 1.010370 1.011900 1.008506 1.009225 1.010670 1.011529 1.006916 1.008517 1.008999 1.009713 1.009625 1.007651 1.009673 1.009114 1.009111 1.010747 1.009260 1.009893 1.010175 1.010500 1.010128 
1.004066 1.010548 1.016062 1.021352 1.024712 1.005945 1.006827 1.012379 1.017453 1.025547 1.007507 1.012139 1.012252 1.015906 1.031581 1.007053 1.015084 1.032818 1.022832 1.039225 1.013049 1.008856 1.016785 1.025596 1.031214 1.012665 1.016755 1.020151 1.029254 1.036775 1.015776 1.025679 1.036100 1.042064 1.037318 1.021596 1.023429 1.030672 1.030696 1.035456 1.026602 1.032532 1.031413 1.037872 1.048276 1.015743 1.024588 1.046039 1.037719 0.993434 1.015359 1.037850 1.030602 1.010288 1.082036 1.029320 1.028990 1.032911 1.027565 0.993434 1.021561 1.026882 1.037354 1.035902 1.020980 1.028951 1.029993 1.035336 1.026176 1.032925 1.026826 1.030711 1.029293 1.031747 1.050320 1.013394 1.018139 1.037291 1.026157 1.056404 1.020597 1.021597 1.019524 1.028537 1.042217 1.017333 1.023313 1.022713 1.025782 1.037934 1.015092 1.022676 1.026235 1.030237 1.039387 1.015223 1.015987 1.025028 1.030322 1.034741 1.018305 1.026427 1.021744 1.028749 1.035574 1.005799 1.008059 1.011389 1.012135 1.016566 1.016518 1.021071 1.026604 1.029365 1.039805 1.015021 1.026734 1.028515 1.023290 1.033044 1.004315 1.007549 1.011441 1.018242 1.019962 1.006828 1.008065 1.011942 1.013183 1.017312 1.012831 1.018529 1.021440 1.025359 1.038188 
0.991543 0.987899 0.982840 0.983885 0.978960 0.992088 0.986961 0.989537 0.984685 0.981286 0.988326 0.987865 0.984854 0.983485 0.980821 0.987539 0.985698 0.983233 0.980119 0.983711 0.986817 0.986021 0.984700 0.981636 0.978039 0.988709 0.985543 0.983462 0.982115 0.980420 0.983957 0.981417 0.978400 0.983537 0.973688 0.981327 0.981450 0.978656 0.979581 0.973397 0.982873 0.979406 0.980635 0.978362 0.977629 0.986508 0.981139 0.983363 0.973750 0.966836 0.977396 0.975402 0.976444 0.977095 0.980670 0.981622 0.981415 0.977562 0.976351 0.966836 0.983194 0.982604 0.978942 0.981530 0.981315 0.983139 0.981375 0.981951 0.979062 0.982198 0.983164 0.980049 0.980143 0.978918 0.978673 0.984785 0.982078 0.979344 0.977722 0.979073 0.983454 0.980223 0.978606 0.983997 0.978566 0.983766 0.981702 0.981824 0.981386 0.978197 0.985673 0.983141 0.981846 0.980568 0.979439 0.983035 0.981574 0.983047 0.982990 0.980569 0.989719 0.984212 0.984730 0.980998 0.979988 0.988346 0.986628 0.985281 0.983036 0.982861 0.982975 0.982297 0.981503 0.980974 0.979146 0.982477 0.984152 0.982796 0.981795 0.978722 0.991304 0.987854 0.986560 0.984043 0.984021 0.990712 0.986218 0.986604 0.986034 0.982487 0.985734 0.983742 0.983136 0.981777 0.979776 
1.005366 1.004136 1.004357 1.000611 1.001741 1.005515 1.007540 1.003346 1.001761 0.999709 1.005947 1.003456 1.005754 1.003982 0.995800 1.006661 1.003723 0.993432 1.002641 0.989022 1.004239 1.007049 1.003498 0.999318 0.998534 1.003240 1.002247 1.001627 0.996625 0.993075 1.003925 0.999221 0.995533 0.987410 0.997909 1.001877 1.000608 0.998144 0.997392 0.999267 0.998028 0.996734 0.996383 0.992650 0.988233 1.001785 1.000205 0.985052 0.997617 1.029913 1.008583 0.996332 1.000033 1.012061 0.965297 0.997217 0.997670 0.997621 1.001751 1.029913 1.000487 0.997532 0.994280 0.994161 1.002669 0.997537 0.997459 0.992968 1.000608 0.993999 0.997552 0.997357 0.998252 0.997276 0.986117 1.005026 1.003238 0.993636 1.001628 0.982110 1.001779 1.002790 1.005307 0.995281 0.991192 1.003254 1.000755 1.000629 0.999290 0.994604 1.003091 0.999933 0.998730 0.997280 0.992409 1.004051 1.006239 0.998544 0.995040 0.994574 0.998573 0.997066 0.999985 0.996400 0.994503 1.006195 1.006412 1.005586 1.006020 1.004058 1.003465 1.002092 0.998885 0.997390 0.992381 1.006210 0.996682 0.996602 1.000615 0.996837 1.006159 1.005831 1.004612 1.001956 1.001143 1.005717 1.006686 1.004514 1.003873 1.003501 1.004134 1.002006 1.001092 0.999519 0.992905 
1.001158 1.006612 1.011275 1.014904 1.017326 1.004105 1.004259 1.008573 1.011697 1.017872 1.004361 1.008042 1.008522 1.011160 1.021734 1.004181 1.010272 1.022907 1.015996 1.027346 1.008964 1.006217 1.011718 1.017901 1.021834 1.008783 1.011440 1.014094 1.020442 1.025679 1.011058 1.017769 1.025207 1.029315 1.026122 1.015136 1.016410 1.021466 1.021475 1.024834 1.018577 1.022734 1.021950 1.025498 1.033678 1.011025 1.017213 1.032074 1.026399 0.995772 1.010863 1.026473 1.021438 1.007349 1.057048 1.020474 1.020258 1.023029 1.019337 0.995772 1.014704 1.018785 1.026075 1.024998 1.014687 1.020142 1.020922 1.024664 1.018345 1.022994 1.018738 1.021466 1.020481 1.022209 1.035085 1.009230 1.012384 1.026047 1.018346 1.039298 1.014391 1.015146 1.013722 1.019936 1.029469 1.011972 1.016318 1.015915 1.018039 1.026479 1.010192 1.015606 1.018220 1.021087 1.027472 1.010727 1.011198 1.017498 1.021186 1.024252 1.012724 1.018443 1.015176 1.019360 1.024836 1.003012 1.005379 1.007820 1.008012 1.011628 1.011243 1.014731 1.018518 1.020443 1.027763 1.010511 1.018673 1.019924 1.016308 1.023099 1.002248 1.004365 1.007816 1.012526 1.013894 1.004696 1.004933 1.008193 1.009170 1.011980 1.008446 1.012644 1.014964 1.017730 1.026655 
0.998017 1.009692 1.018544 1.028535 1.032821 1.001982 1.001895 1.012711 1.021915 1.035381 1.003598 1.012575 1.011576 1.018595 1.046654 1.002702 1.016545 1.050688 1.029124 1.062983 1.013371 1.005863 1.019452 1.035765 1.044235 1.013616 1.020403 1.026158 1.043057 1.056445 1.018278 1.035792 1.053160 1.068170 1.053454 1.028299 1.031927 1.044047 1.044661 1.049817 1.037949 1.047451 1.046251 1.057795 1.076162 1.020117 1.033781 1.075507 1.054237 0.967751 1.014722 1.055421 1.042503 1.005006 1.140786 1.042415 1.041568 1.047560 1.036936 0.967751 1.028749 1.039161 1.055960 1.053256 1.026405 1.040573 1.042806 1.054552 1.035902 1.050380 1.038782 1.044476 1.041680 1.046210 1.080632 1.013661 1.022084 1.056733 1.035084 1.092180 1.026296 1.027576 1.022697 1.043296 1.065459 1.020564 1.031468 1.030990 1.036173 1.056423 1.017336 1.030813 1.036963 1.043760 1.060397 1.018050 1.016177 1.035697 1.045986 1.052134 1.025495 1.038529 1.029407 1.042485 1.053356 1.001260 1.005314 1.010601 1.011407 1.019452 1.019720 1.026925 1.037315 1.042421 1.061003 1.014852 1.039469 1.042081 1.031598 1.048142 0.998585 1.003946 1.011394 1.023209 1.026214 1.003178 1.004487 1.012035 1.014650 1.020967 1.013310 1.023416 1.028283 1.035173 1.058359 
1.010726 1.019502 1.028962 1.031692 1.038895 1.012977 1.018039 1.020002 1.027600 1.037226 1.016854 1.020998 1.024327 1.028208 1.041527 1.017337 1.025430 1.040391 1.036605 1.044339 1.022955 1.020820 1.027825 1.036854 1.044384 1.020928 1.026594 1.031282 1.038975 1.045928 1.027688 1.036917 1.047536 1.046508 1.053053 1.034300 1.035496 1.043378 1.042450 1.052028 1.036382 1.043978 1.041946 1.047702 1.056870 1.025113 1.036629 1.049441 1.053273 1.028902 1.033922 1.051758 1.045655 1.030755 1.077663 1.039516 1.039536 1.046057 1.043450 1.028902 1.032126 1.036785 1.047885 1.044450 1.033892 1.037922 1.040333 1.043519 1.039821 1.041385 1.036265 1.042072 1.040966 1.043867 1.057218 1.025107 1.030821 1.047407 1.041135 1.061122 1.031668 1.035440 1.035572 1.036473 1.051638 1.028846 1.035231 1.034573 1.037243 1.049056 1.025259 1.033144 1.037001 1.041175 1.048759 1.027992 1.030269 1.035088 1.038811 1.044394 1.023844 1.034936 1.031200 1.038982 1.045565 1.015412 1.019305 1.023104 1.025438 1.029300 1.028770 1.033106 1.037652 1.040144 1.049353 1.028726 1.035183 1.037823 1.035100 1.044988 1.012028 1.017303 1.021873 1.029109 1.030450 1.014877 1.019415 1.022261 1.023718 1.029994 1.023409 1.029531 1.032478 1.036592 1.047595 
0.993279 1.000221 1.005526 1.010046 1.012252 0.995994 0.996228 1.001195 1.006950 1.013462 0.996788 1.001779 1.001492 1.005603 1.019009 0.996695 1.003272 1.021552 1.009792 1.027652 1.001843 0.998904 1.004907 1.013812 1.017547 1.002164 1.005807 1.008954 1.017486 1.024047 1.005203 1.013726 1.021560 1.030133 1.021727 1.010330 1.012177 1.017872 1.018315 1.019943 1.014659 1.019212 1.018916 1.024495 1.033114 1.006681 1.012937 1.033700 1.022111 0.979704 1.003495 1.022834 1.016690 0.998638 1.064548 1.016794 1.016174 1.019410 1.014211 0.979704 1.010103 1.015846 1.023076 1.020871 1.008872 1.014486 1.016366 1.023151 1.013981 1.021430 1.015258 1.017875 1.016371 1.018955 1.035465 1.002499 1.007089 1.023994 1.013432 1.041051 1.008433 1.009764 1.007182 1.018279 1.028117 1.005858 1.011641 1.011930 1.014123 1.023064 1.004254 1.011154 1.014256 1.017469 1.025556 1.006095 1.003052 1.014041 1.019349 1.021501 1.008685 1.015200 1.010272 1.017477 1.022023 0.996263 0.999023 1.001402 1.001937 1.005904 1.006135 1.008965 1.014310 1.016888 1.025802 1.002494 1.015933 1.017063 1.011796 1.019586 0.994085 0.997296 1.001863 1.007652 1.009133 0.996801 0.997846 1.001885 1.003659 1.006810 1.002341 1.007599 1.009870 1.013337 1.024623 
1.006650 1.019593 1.031544 1.038753 1.046537 1.010626 1.014496 1.021553 1.032203 1.046530 1.014429 1.022243 1.024360 1.030990 1.055659 1.014396 1.027695 1.056788 1.042786 1.066200 1.024194 1.018737 1.031060 1.046474 1.056639 1.022747 1.030637 1.037212 1.051825 1.064059 1.030417 1.046547 1.063615 1.070538 1.068019 1.040701 1.043455 1.055746 1.055359 1.065366 1.047214 1.057952 1.055771 1.066112 1.082577 1.029353 1.045283 1.076593 1.068590 1.005510 1.033363 1.067995 1.056630 1.025864 1.131716 1.051934 1.051502 1.059609 1.052189 1.005510 1.039205 1.048138 1.065305 1.061219 1.039447 1.049735 1.052732 1.061131 1.048813 1.057482 1.047525 1.054939 1.052680 1.057237 1.085171 1.026032 1.034792 1.065320 1.049418 1.094091 1.037580 1.041188 1.038811 1.050074 1.073071 1.032487 1.042986 1.042286 1.046966 1.066443 1.028000 1.041009 1.047185 1.053889 1.068267 1.030638 1.031358 1.045033 1.053207 1.060666 1.031090 1.046373 1.038796 1.051444 1.062193 1.012076 1.017283 1.022947 1.025157 1.032274 1.031990 1.039017 1.047873 1.052378 1.069029 1.029453 1.047049 1.050398 1.042966 1.059105 1.007992 1.014921 1.022378 1.034001 1.036649 1.012724 1.016863 1.022996 1.025489 1.033580 1.024489 1.034439 1.039240 1.045948 1.066325 
1.006230 1.001687 1.000392 0.991245 0.992325 1.005112 1.009169 0.998724 0.995169 0.988136 1.005939 0.999824 1.003977 0.999765 0.978898 1.007623 0.998805 0.974101 0.994233 0.963622 1.000542 1.007679 0.997798 0.987488 0.983830 0.998798 0.995906 0.993610 0.981193 0.971892 0.999547 0.987349 0.976220 0.959559 0.980341 0.993834 0.990833 0.983535 0.982196 0.983554 0.984549 0.980011 0.979913 0.971218 0.958389 0.995862 0.989580 0.953723 0.979649 1.056065 1.008543 0.977240 0.986839 1.016778 0.903177 0.982051 0.982913 0.981661 0.991345 1.056065 0.991157 0.983898 0.973502 0.973171 0.995217 0.981857 0.981864 0.972151 0.989804 0.975199 0.983684 0.981881 0.983998 0.981539 0.953792 1.002241 0.997682 0.972643 0.991657 0.944060 0.993380 0.995422 1.000796 0.979336 0.966235 0.997535 0.990943 0.991264 0.987437 0.973764 0.998107 0.989715 0.986138 0.981896 0.969472 1.000677 1.003160 0.986360 0.978098 0.975152 0.988442 0.982929 0.989771 0.981561 0.974683 1.007646 1.007194 1.004278 1.005189 0.999621 0.998808 0.993951 0.986199 0.982544 0.969245 1.003463 0.982283 0.981420 0.990757 0.980064 1.007392 1.006064 1.002463 0.995149 0.992918 1.005311 1.007467 1.001908 1.000527 0.998521 1.001078 0.995089 0.992099 0.987825 0.970853 
1.001148 0.990221 0.981997 0.972575 0.968489 0.997502 0.997542 0.987420 0.978807 0.966115 0.995898 0.987576 0.988488 0.981963 0.955501 0.996790 0.983754 0.951830 0.971906 0.940280 0.986763 0.993915 0.981057 0.965777 0.957721 0.986594 0.980201 0.974819 0.958937 0.946338 0.982235 0.965722 0.949304 0.935395 0.948966 0.972805 0.969408 0.957954 0.957403 0.952379 0.963713 0.954730 0.955906 0.944971 0.927710 0.980602 0.967646 0.928489 0.948231 1.029406 0.985505 0.947161 0.959342 0.994634 0.866997 0.959498 0.960246 0.954619 0.964582 1.029406 0.972334 0.962617 0.946698 0.949188 0.974522 0.961103 0.959066 0.948157 0.965628 0.952095 0.962957 0.957551 0.960152 0.955926 0.923536 0.986538 0.978618 0.946036 0.966361 0.912682 0.974611 0.973450 0.977989 0.958810 0.937807 0.980031 0.969810 0.970314 0.965405 0.946228 0.983064 0.970428 0.964631 0.958218 0.942563 0.982523 0.984048 0.965896 0.956242 0.950341 0.975543 0.963224 0.971749 0.959393 0.949177 0.998204 0.994448 0.989458 0.988664 0.981128 0.980871 0.974033 0.964288 0.959507 0.941986 0.985333 0.962361 0.959874 0.969690 0.954072 1.000701 0.995629 0.988737 0.977586 0.974778 0.996385 0.995095 0.988097 0.985693 0.979714 0.986870 0.977369 0.972796 0.966316 0.944491 
0.992430 0.982034 0.971367 0.968227 0.960716 0.988746 0.983844 0.981186 0.972859 0.962290 0.985210 0.980202 0.976631 0.972102 0.957487 0.984561 0.975610 0.958145 0.963472 0.953445 0.978108 0.980352 0.972842 0.962567 0.954685 0.980040 0.973967 0.968746 0.960031 0.952346 0.972718 0.962604 0.951185 0.951007 0.945640 0.965452 0.964063 0.955592 0.956431 0.946861 0.962999 0.954910 0.956918 0.950992 0.940534 0.975031 0.962871 0.947654 0.945377 0.974417 0.966698 0.946816 0.953600 0.970493 0.916316 0.959630 0.959707 0.952780 0.955929 0.974417 0.967939 0.962370 0.950652 0.954556 0.966099 0.961784 0.959012 0.954941 0.959575 0.957081 0.963035 0.956958 0.958225 0.954973 0.939863 0.975779 0.969511 0.950934 0.958340 0.935363 0.968521 0.964435 0.964606 0.962271 0.946260 0.971643 0.964470 0.964951 0.962137 0.949532 0.975574 0.966797 0.962463 0.957920 0.949438 0.972016 0.970564 0.964298 0.959900 0.954245 0.976255 0.964364 0.968746 0.960432 0.953032 0.986732 0.981910 0.977811 0.975548 0.970988 0.971640 0.966991 0.961809 0.959057 0.948833 0.972198 0.963970 0.961254 0.964547 0.953833 0.990502 0.984703 0.979014 0.971157 0.969512 0.986758 0.982355 0.978661 0.976849 0.970248 0.977716 0.970808 0.967468 0.962935 0.950686 
0.994135 0.985221 0.976168 0.973589 0.967341 0.990441 0.986601 0.984196 0.977616 0.968696 0.987778 0.983614 0.980460 0.976786 0.964857 0.987266 0.979628 0.965452 0.969629 0.961544 0.981716 0.983541 0.977338 0.968909 0.962329 0.983278 0.978395 0.974018 0.966883 0.960559 0.977273 0.968989 0.959454 0.959532 0.954855 0.971263 0.970171 0.963165 0.963868 0.955847 0.969267 0.962572 0.964273 0.959802 0.950801 0.979311 0.969166 0.956743 0.954641 0.978243 0.972304 0.955902 0.961538 0.975484 0.931022 0.966467 0.966518 0.960827 0.963343 0.978243 0.973477 0.968776 0.959063 0.962229 0.971678 0.968079 0.965908 0.962828 0.966461 0.964468 0.969360 0.964297 0.965284 0.962660 0.950249 0.979819 0.974757 0.959394 0.965398 0.946574 0.973751 0.970411 0.970473 0.968773 0.955518 0.976379 0.970499 0.970905 0.968591 0.958105 0.979712 0.972512 0.968876 0.965092 0.958112 0.976707 0.975282 0.970437 0.966841 0.962054 0.980315 0.970468 0.974019 0.967363 0.961044 0.989264 0.984971 0.981524 0.979818 0.975845 0.976557 0.972480 0.968294 0.966078 0.957614 0.976687 0.970180 0.967948 0.970559 0.961663 0.992187 0.987467 0.982572 0.976137 0.974642 0.988685 0.985389 0.982249 0.980752 0.975337 0.981622 0.975826 0.972935 0.969210 0.959140 
1.012758 1.023723 1.036120 1.036225 1.046003 1.016477 1.024481 1.023264 1.032270 1.042320 1.021590 1.024961 1.031110 1.034941 1.044530 1.022997 1.030359 1.041655 1.043432 1.043068 1.027861 1.027991 1.033256 1.041677 1.049956 1.024717 1.031115 1.036572 1.042221 1.047910 1.034085 1.041625 1.051164 1.044403 1.059799 1.040713 1.041217 1.048723 1.047104 1.059618 1.039919 1.048100 1.045556 1.049653 1.057011 1.029677 1.042175 1.046111 1.059838 1.055545 1.045391 1.057070 1.052663 1.044179 1.064133 1.043066 1.043319 1.051448 1.051536 1.055545 1.036656 1.040461 1.050705 1.045748 1.040452 1.040321 1.043787 1.044880 1.046393 1.043358 1.039537 1.046347 1.045618 1.048654 1.055892 1.031474 1.037412 1.050009 1.048696 1.057443 1.036742 1.042665 1.044677 1.038609 1.053141 1.034631 1.040777 1.040269 1.042209 1.052213 1.030075 1.037384 1.041295 1.045158 1.050527 1.035330 1.038244 1.039091 1.041086 1.046901 1.025100 1.037570 1.034976 1.042293 1.048218 1.020321 1.025955 1.029775 1.033103 1.036259 1.035239 1.038903 1.042119 1.043950 1.051193 1.036382 1.037781 1.040828 1.040584 1.049446 1.015321 1.022166 1.027552 1.034311 1.035302 1.019093 1.025755 1.027743 1.029373 1.036792 1.028649 1.034751 1.037525 1.041376 1.049544 
1.010521 1.011953 1.015855 1.010362 1.015121 1.010904 1.016815 1.009684 1.011247 1.010977 1.013815 1.011108 1.016147 1.014965 1.006344 1.015315 1.012792 1.001877 1.015330 0.996066 1.012824 1.017008 1.013244 1.010286 1.011608 1.010299 1.011230 1.011916 1.006621 1.003258 1.014539 1.010298 1.007475 0.994141 1.013626 1.013776 1.012096 1.010800 1.009281 1.015532 1.007793 1.008437 1.007249 1.003978 0.998857 1.010296 1.011761 0.991301 1.013216 1.058532 1.024749 1.010508 1.014497 1.029255 0.967866 1.007577 1.008329 1.010823 1.016859 1.058532 1.010663 1.007526 1.005564 1.003419 1.014663 1.006581 1.007864 1.002042 1.013648 1.003346 1.007038 1.008809 1.009893 1.009541 0.995557 1.015217 1.014912 1.004615 1.015797 0.990218 1.012020 1.015595 1.019812 1.003846 1.002029 1.013674 1.012032 1.011942 1.010436 1.006405 1.012195 1.009953 1.009366 1.008367 1.002965 1.015664 1.018791 1.008407 1.004149 1.004950 1.003858 1.005710 1.008951 1.007164 1.005228 1.014163 1.015930 1.015711 1.017785 1.015487 1.014663 1.013211 1.009752 1.008217 1.003111 1.018100 1.005373 1.006130 1.011855 1.009046 1.011900 1.014022 1.013638 1.012014 1.011003 1.012039 1.016340 1.013460 1.013150 1.015037 1.013447 1.012214 1.011446 1.010395 1.003381 
1.008995 1.012283 1.017421 1.014537 1.019304 1.010481 1.015200 1.011450 1.013846 1.016253 1.012833 1.012314 1.016506 1.016665 1.014090 1.013931 1.014599 1.011123 1.018937 1.008287 1.014004 1.016267 1.015553 1.015710 1.018369 1.011997 1.013759 1.015460 1.013835 1.013330 1.016274 1.015610 1.016490 1.007564 1.021757 1.017331 1.016537 1.017587 1.016374 1.022741 1.014001 1.016232 1.014964 1.013646 1.013139 1.012887 1.016600 1.006420 1.021545 1.044944 1.024351 1.019444 1.020566 1.026537 0.998129 1.014616 1.015074 1.018251 1.021508 1.044944 1.014605 1.013891 1.015336 1.013222 1.017834 1.013707 1.015050 1.012008 1.018577 1.012273 1.013479 1.016018 1.016436 1.016889 1.011073 1.016058 1.017049 1.014577 1.020279 1.008568 1.015632 1.018796 1.021549 1.011405 1.013920 1.015943 1.016457 1.016196 1.015896 1.016174 1.014041 1.014519 1.015088 1.015490 1.013831 1.016952 1.019686 1.014077 1.012175 1.014079 1.008525 1.012319 1.013541 1.013800 1.014541 1.012618 1.014998 1.015847 1.017497 1.017250 1.016373 1.016748 1.015531 1.015152 1.014069 1.018906 1.012124 1.013254 1.016286 1.016854 1.010688 1.013058 1.014207 1.014829 1.014605 1.011727 1.015116 1.014199 1.014375 1.017022 1.014295 1.015040 1.015426 1.015733 1.013830 
1.000128 1.009255 1.015573 1.025907 1.028869 1.002043 1.001128 1.012164 1.020006 1.031976 1.003733 1.011742 1.009541 1.015761 1.043399 1.002317 1.015216 1.047288 1.025699 1.059619 1.012071 1.004003 1.017403 1.032416 1.040128 1.012633 1.018641 1.023396 1.039655 1.052507 1.015669 1.032640 1.049211 1.064748 1.048291 1.024880 1.028433 1.039851 1.040634 1.044620 1.034978 1.043584 1.042554 1.054426 1.071601 1.017791 1.030272 1.072021 1.049082 0.961785 1.010436 1.050557 1.037892 1.000700 1.136442 1.039141 1.038283 1.043143 1.032358 0.961785 1.026335 1.035876 1.052027 1.050416 1.023325 1.038424 1.039758 1.050886 1.031820 1.046808 1.035739 1.040715 1.038055 1.042052 1.076246 1.011670 1.019315 1.052590 1.030761 1.087806 1.023810 1.023971 1.018860 1.040095 1.061129 1.018302 1.028163 1.027514 1.032676 1.052420 1.015809 1.028243 1.033826 1.040215 1.056413 1.014784 1.013606 1.032513 1.042561 1.048499 1.024249 1.035742 1.027040 1.039664 1.049599 1.001284 1.003733 1.008613 1.009133 1.016496 1.017088 1.024091 1.034119 1.039002 1.056960 1.012461 1.036497 1.038783 1.028267 1.044099 0.999488 1.003830 1.009685 1.020766 1.023639 1.003031 1.003676 1.010401 1.012538 1.018001 1.011928 1.021102 1.025530 1.031934 1.054430 
0.997050 0.993386 0.988862 0.989635 0.986324 0.995200 0.992431 0.993422 0.990804 0.987884 0.993838 0.992855 0.990365 0.989288 0.988012 0.993100 0.991210 0.989155 0.987182 0.989472 0.991838 0.991000 0.990194 0.988088 0.985727 0.992899 0.991085 0.989311 0.988431 0.987301 0.989633 0.988218 0.986002 0.989365 0.982868 0.987860 0.987946 0.986117 0.986722 0.982670 0.988942 0.986638 0.987438 0.987266 0.985506 0.991315 0.987750 0.989254 0.982911 0.978203 0.985254 0.984008 0.984681 0.985060 0.987622 0.988103 0.988032 0.985405 0.984580 0.978203 0.989679 0.988766 0.986361 0.988137 0.987875 0.989193 0.987979 0.988331 0.986374 0.988450 0.989134 0.987059 0.987140 0.986291 0.986191 0.990401 0.988847 0.986601 0.985488 0.986477 0.989371 0.987140 0.986066 0.989619 0.986100 0.989727 0.988146 0.988179 0.987919 0.985880 0.991313 0.989451 0.988411 0.987470 0.986703 0.988958 0.988115 0.989019 0.988988 0.987429 0.993471 0.989809 0.990194 0.988787 0.987048 0.994034 0.991814 0.990736 0.989745 0.988900 0.989460 0.988575 0.988121 0.987781 0.986517 0.988688 0.989771 0.988889 0.988215 0.986179 0.995621 0.993560 0.991628 0.990068 0.989757 0.994246 0.992226 0.991661 0.991101 0.988869 0.991596 0.989965 0.989140 0.988200 0.986896 
0.997445 1.000979 1.003532 1.006902 1.007645 0.999057 0.998318 1.002384 1.004753 1.008820 0.998959 1.002082 1.001390 1.003642 1.012394 0.998620 1.003082 1.014244 1.006503 1.018326 1.002134 0.999742 1.003972 1.009013 1.011253 1.002582 1.004358 1.006097 1.011481 1.015684 1.003554 1.008911 1.014219 1.020001 1.013677 1.006517 1.007756 1.011339 1.011676 1.012437 1.009864 1.012525 1.012332 1.015587 1.021747 1.004574 1.008304 1.022370 1.013944 0.984463 1.001541 1.014599 1.010530 0.998338 1.043446 1.011171 1.010762 1.012329 1.008638 0.984463 1.006757 1.010290 1.015243 1.014632 1.005806 1.010617 1.011212 1.015340 1.008732 1.013948 1.010214 1.011659 1.010687 1.012088 1.023359 1.002083 1.004471 1.015627 1.008255 1.027218 1.006021 1.006117 1.004250 1.011890 1.018368 1.004200 1.007605 1.007509 1.009139 1.015266 1.003354 1.007533 1.009388 1.011461 1.016794 1.003388 1.002365 1.009245 1.012619 1.014216 1.006779 1.010306 1.007293 1.011005 1.014532 0.998306 0.999586 1.001166 1.001042 1.003793 1.003826 1.006130 1.009462 1.011109 1.016950 1.002129 1.010612 1.011282 1.007640 1.012650 0.997865 0.999083 1.001616 1.005125 1.006159 0.999381 0.999071 1.001766 1.002645 1.004244 1.002008 1.005133 1.006714 1.008820 1.016182 
1.018550 1.039265 1.060890 1.065975 1.081678 1.026088 1.036787 1.040808 1.056892 1.077745 1.033573 1.042607 1.050812 1.059242 1.086049 1.034956 1.052390 1.083812 1.076535 1.091702 1.047273 1.043644 1.057791 1.076993 1.092847 1.043027 1.054896 1.065296 1.081154 1.095529 1.058002 1.076864 1.098964 1.096088 1.111152 1.072005 1.074379 1.090793 1.088766 1.109162 1.075674 1.091724 1.087443 1.098081 1.117963 1.052392 1.076687 1.102035 1.111581 1.064253 1.072043 1.108170 1.095695 1.065666 1.158943 1.082261 1.082264 1.096372 1.091446 1.064253 1.066468 1.076770 1.099572 1.091762 1.071049 1.078257 1.083746 1.090268 1.083571 1.086120 1.075409 1.087767 1.085497 1.091726 1.118492 1.052256 1.064248 1.098673 1.086487 1.126214 1.065887 1.074473 1.075073 1.075939 1.107320 1.060020 1.073671 1.072519 1.077854 1.102023 1.052017 1.068604 1.077007 1.085769 1.101289 1.059207 1.063420 1.073163 1.080756 1.092278 1.048878 1.072520 1.064736 1.080599 1.094741 1.030291 1.040169 1.048220 1.052931 1.061544 1.059949 1.069144 1.078429 1.083425 1.102526 1.060115 1.073114 1.078669 1.073421 1.093936 1.022773 1.034394 1.045419 1.060461 1.063479 1.030410 1.039647 1.046126 1.049503 1.062818 1.047899 1.061250 1.067715 1.076361 1.098918 
1.010507 1.018924 1.028894 1.027711 1.035601 1.014265 1.020733 1.018533 1.024784 1.032111 1.017716 1.019855 1.025454 1.027869 1.032289 1.019144 1.023978 1.029587 1.033975 1.029169 1.022445 1.023514 1.026338 1.031454 1.037487 1.019692 1.024185 1.028313 1.031045 1.034195 1.027196 1.031283 1.037382 1.029646 1.044822 1.031576 1.031571 1.036488 1.035003 1.045135 1.029679 1.035489 1.033459 1.034873 1.039510 1.023221 1.032149 1.030146 1.044755 1.052182 1.037445 1.042243 1.040140 1.037711 1.037323 1.031782 1.032226 1.038385 1.039805 1.052182 1.027833 1.029978 1.036643 1.032690 1.031536 1.029576 1.032343 1.031903 1.035542 1.031030 1.029282 1.034380 1.034119 1.036146 1.037944 1.025417 1.029341 1.035986 1.037624 1.037798 1.028474 1.033365 1.035708 1.027845 1.037546 1.027220 1.031277 1.030865 1.031884 1.037877 1.023622 1.028288 1.030912 1.033419 1.035916 1.028304 1.030997 1.029278 1.029698 1.033872 1.018498 1.027576 1.026547 1.030569 1.034851 1.016901 1.021663 1.024325 1.026883 1.028931 1.027796 1.030193 1.031582 1.032568 1.036415 1.029536 1.027687 1.030009 1.031119 1.036550 1.013227 1.018232 1.022309 1.026651 1.027132 1.016101 1.021286 1.022471 1.023573 1.029067 1.022867 1.026891 1.028830 1.031288 1.035341 
0.994296 0.995805 0.996084 0.998682 0.997540 0.996387 0.993819 0.997555 0.997292 0.999057 0.994598 0.996668 0.995372 0.996377 1.001164 0.994148 0.996638 1.003194 0.997119 1.006182 0.996527 0.994655 0.996971 0.999337 0.999638 0.997454 0.997462 0.997974 1.001116 1.003298 0.996505 0.999158 1.001687 1.007243 0.999708 0.997614 0.998418 0.999843 1.000402 0.998792 1.000331 1.000900 1.001180 1.002129 1.006332 0.998003 0.998689 1.008814 0.999905 0.978131 0.992819 1.000832 0.998418 0.990453 1.021694 1.000771 1.000514 1.000124 0.997339 0.978131 0.998244 1.000519 1.002514 1.002950 0.997232 1.000957 1.000687 1.003401 0.998225 1.002807 1.000606 1.000505 0.999989 1.000435 1.007814 0.995718 0.996334 1.002849 0.997478 1.010486 0.998011 0.996940 0.995205 1.002068 1.004433 0.996825 0.998385 0.998416 0.999293 1.002283 0.996808 0.998750 0.999598 1.000566 1.003715 0.996242 0.995040 0.999872 1.002150 1.002420 1.000468 1.000997 0.999212 1.000128 1.002430 0.994026 0.994669 0.995302 0.994297 0.996310 0.996199 0.997655 0.999551 1.000455 1.003709 0.995069 1.001201 1.001143 0.998488 1.000784 0.994902 0.994490 0.995984 0.997441 0.998270 0.996089 0.994004 0.996159 0.996577 0.996362 0.995845 0.997320 0.998310 0.999238 1.003428 
0.999270 0.996168 0.993810 0.990425 0.989266 0.998458 0.998683 0.995021 0.992502 0.988337 0.997981 0.995245 0.995832 0.993781 0.984635 0.998364 0.994003 0.983468 0.990283 0.979449 0.995015 0.997682 0.993162 0.988222 0.985499 0.994930 0.992890 0.991236 0.985884 0.981602 0.993802 0.988165 0.982494 0.977753 0.982612 0.990699 0.989551 0.985667 0.985464 0.983803 0.987406 0.984433 0.984855 0.981052 0.975161 0.993282 0.988917 0.975356 0.982355 1.010689 0.995263 0.981957 0.986176 0.998437 0.954001 0.985983 0.986238 0.984523 0.988008 1.010689 0.990321 0.987229 0.981612 0.982138 0.991141 0.986107 0.985697 0.982206 0.988330 0.983581 0.987195 0.985415 0.986275 0.984959 0.973697 0.995121 0.992600 0.981510 0.988604 0.969916 0.991031 0.990930 0.992516 0.985891 0.978660 0.992901 0.989615 0.989891 0.988142 0.981424 0.993881 0.989667 0.987776 0.985602 0.980233 0.994172 0.994244 0.988282 0.985018 0.982869 0.991214 0.987241 0.990062 0.986234 0.982476 0.998829 0.997930 0.996195 0.996024 0.993503 0.993395 0.990938 0.987641 0.986013 0.980037 0.994667 0.987026 0.986208 0.989596 0.984240 0.999371 0.997940 0.995916 0.992206 0.991206 0.998188 0.998004 0.995640 0.994954 0.993047 0.995149 0.992091 0.990515 0.988365 0.980901 
1.007179 1.018575 1.029956 1.033229 1.041285 1.010807 1.016439 1.019026 1.028525 1.039628 1.015064 1.020292 1.024130 1.029183 1.044918 1.015768 1.025194 1.044361 1.038178 1.049360 1.022398 1.020183 1.028094 1.039355 1.047668 1.020398 1.027087 1.032707 1.042134 1.050415 1.028434 1.039338 1.051359 1.051959 1.057318 1.036274 1.037833 1.046862 1.045991 1.055998 1.038826 1.047493 1.045432 1.052213 1.062963 1.026164 1.039061 1.055515 1.057602 1.026208 1.034969 1.056155 1.048965 1.030954 1.089020 1.042430 1.042229 1.049830 1.046383 1.026208 1.033645 1.039717 1.052004 1.047586 1.035354 1.039679 1.042929 1.047775 1.042627 1.045393 1.038886 1.045356 1.043885 1.047531 1.063696 1.025099 1.032025 1.051902 1.043886 1.068538 1.032715 1.037323 1.037036 1.039903 1.056861 1.029502 1.037318 1.036918 1.039879 1.053130 1.025371 1.034799 1.039485 1.044302 1.053404 1.029367 1.030313 1.037648 1.042419 1.048212 1.024740 1.037499 1.032626 1.042234 1.049492 1.013578 1.018749 1.023021 1.025647 1.030314 1.029811 1.034458 1.040131 1.043045 1.054047 1.028671 1.037990 1.040890 1.037230 1.048634 1.009008 1.015615 1.021800 1.030265 1.031893 1.013095 1.018283 1.022045 1.024102 1.031263 1.023117 1.030629 1.034024 1.038919 1.052078 
1.002197 1.002532 1.003178 1.002783 1.003494 1.002256 1.002976 1.002399 1.002674 1.003056 1.002618 1.002497 1.003086 1.003057 1.002713 1.002757 1.002862 1.002275 1.003553 1.001787 1.002774 1.003027 1.003012 1.002929 1.003362 1.002433 1.002688 1.002922 1.002667 1.002597 1.003020 1.002919 1.003127 1.001681 1.003948 1.003141 1.003044 1.003238 1.003030 1.004094 1.002695 1.003050 1.002835 1.002702 1.002650 1.002487 1.003061 1.001485 1.003916 1.007389 1.004301 1.003614 1.003794 1.004702 1.000441 1.002784 1.002888 1.003359 1.003817 1.007389 1.002805 1.002625 1.002957 1.002715 1.003214 1.002733 1.002912 1.002478 1.003388 1.002373 1.002630 1.003023 1.003069 1.003127 1.002296 1.003030 1.003149 1.002826 1.003650 1.001936 1.002985 1.003398 1.003809 1.002202 1.002730 1.002993 1.003075 1.002958 1.002970 1.003103 1.002729 1.002796 1.002863 1.002938 1.002704 1.002983 1.003580 1.002703 1.002385 1.002731 1.001880 1.002440 1.002661 1.002628 1.002810 1.002581 1.002811 1.002948 1.003218 1.003156 1.003040 1.003125 1.002930 1.002890 1.002750 1.003480 1.002397 1.002609 1.003034 1.003128 1.002355 1.002652 1.002713 1.002841 1.002738 1.002354 1.002911 1.002743 1.002716 1.003124 1.002800 1.002867 1.002910 1.002961 1.002696 
1.002226 1.003484 1.005557 1.003429 1.005401 1.003004 1.005281 1.002637 1.003610 1.003790 1.003988 1.003294 1.005402 1.005220 1.002052 1.004667 1.003937 1.000571 1.005262 0.998475 1.003957 1.005721 1.004253 1.003563 1.004094 1.003043 1.003533 1.004029 1.002252 1.001112 1.004985 1.003501 1.002491 0.997773 1.004930 1.004883 1.004290 1.003885 1.003333 1.005630 1.002552 1.002912 1.002505 1.001143 0.999494 1.003495 1.004144 0.996749 1.004779 1.021428 1.008970 1.003765 1.005205 1.010582 0.988118 1.002514 1.002755 1.003895 1.006128 1.021428 1.003461 1.002637 1.001815 1.000689 1.005063 1.001711 1.002463 1.000611 1.004920 1.001157 1.002318 1.003048 1.003405 1.003426 0.998299 1.005032 1.005115 1.001598 1.005717 0.996336 1.003919 1.005533 1.007076 1.001341 1.000661 1.004514 1.004175 1.004274 1.003658 1.002089 1.003852 1.003248 1.003154 1.002841 1.000933 1.005704 1.006331 1.002891 1.001434 1.001602 1.000851 1.001804 1.002834 1.002421 1.001709 1.004206 1.005339 1.005287 1.006076 1.005411 1.005038 1.004458 1.003287 1.002773 1.000985 1.006057 1.001763 1.002059 1.004136 1.003172 1.003125 1.004152 1.004496 1.004019 1.003697 1.003531 1.005206 1.004368 1.004434 1.005258 1.004253 1.004043 1.003836 1.003549 1.001090 
1.011176 1.019424 1.028936 1.028272 1.036034 1.014255 1.020743 1.018955 1.025417 1.032763 1.018208 1.020185 1.025453 1.027945 1.033627 1.019401 1.024482 1.030840 1.034301 1.031024 1.022692 1.023286 1.026645 1.032175 1.038431 1.020026 1.024697 1.028733 1.032017 1.035637 1.027308 1.032128 1.038752 1.031721 1.045893 1.031965 1.032064 1.037346 1.035934 1.046041 1.030577 1.036604 1.034542 1.036861 1.041669 1.023403 1.032734 1.032558 1.045861 1.049387 1.036953 1.043429 1.040780 1.036723 1.042332 1.032830 1.033177 1.039349 1.040305 1.049387 1.028579 1.030844 1.038113 1.034342 1.032004 1.030922 1.033485 1.033230 1.036054 1.032310 1.030152 1.035364 1.035034 1.037110 1.040363 1.025553 1.029705 1.037378 1.038062 1.040715 1.028983 1.033670 1.035780 1.028897 1.039296 1.027625 1.031783 1.031328 1.032557 1.039366 1.024074 1.028979 1.031765 1.034446 1.037557 1.028246 1.031138 1.029972 1.030766 1.035230 1.019230 1.028517 1.027193 1.032003 1.036236 1.017128 1.021553 1.024334 1.026957 1.029004 1.028062 1.030678 1.032443 1.033497 1.038066 1.029650 1.028585 1.030918 1.031614 1.037667 1.013327 1.018539 1.022401 1.027053 1.027661 1.016270 1.021521 1.022576 1.023646 1.029258 1.023152 1.027411 1.029379 1.032000 1.036898 
1.006355 1.008770 1.011707 1.012212 1.015053 1.006146 1.008651 1.008405 1.011195 1.014097 1.008226 1.008992 1.010330 1.011362 1.015358 1.008433 1.010592 1.014168 1.014372 1.015017 1.009723 1.009149 1.011272 1.013905 1.016665 1.008675 1.010781 1.012179 1.014241 1.016277 1.011199 1.014085 1.017406 1.015590 1.019804 1.013344 1.013550 1.016135 1.015667 1.019634 1.013561 1.016200 1.015343 1.017598 1.019666 1.009796 1.013938 1.016357 1.019841 1.015804 1.014164 1.019021 1.017253 1.013453 1.023880 1.014618 1.014732 1.017075 1.016779 1.015804 1.012634 1.013520 1.017303 1.016115 1.013445 1.014303 1.015033 1.015253 1.015160 1.014712 1.013382 1.015547 1.015334 1.016185 1.019481 1.010566 1.012505 1.016915 1.015840 1.020316 1.012460 1.013919 1.014411 1.013045 1.018153 1.011720 1.013501 1.013199 1.014005 1.017825 1.010457 1.012778 1.013965 1.015255 1.017313 1.011268 1.012745 1.013037 1.013868 1.016019 1.008897 1.012802 1.011933 1.014579 1.016453 1.007710 1.008634 1.009887 1.011056 1.011809 1.011748 1.012999 1.014223 1.014875 1.017533 1.012104 1.012795 1.013759 1.013435 1.016604 1.006265 1.008317 1.009260 1.011562 1.011873 1.006841 1.009074 1.009418 1.009727 1.012065 1.010032 1.011808 1.012599 1.013851 1.016934 
1.002601 1.008966 1.014768 1.018279 1.021852 1.005179 1.006550 1.010211 1.014897 1.021944 1.006419 1.010370 1.011404 1.014522 1.026109 1.006370 1.012963 1.026949 1.020190 1.031433 1.011393 1.008733 1.014643 1.021885 1.026636 1.010784 1.014323 1.017525 1.024514 1.030308 1.014282 1.021822 1.030009 1.033505 1.031988 1.019091 1.020441 1.026255 1.026089 1.030704 1.022301 1.027327 1.026323 1.030760 1.039123 1.013896 1.021302 1.036381 1.032264 1.001732 1.015515 1.032058 1.026665 1.011963 1.062819 1.024500 1.024365 1.028075 1.024448 1.001732 1.018310 1.022772 1.030852 1.028978 1.018446 1.023463 1.024881 1.029027 1.022952 1.027185 1.022490 1.025917 1.024835 1.026975 1.040376 1.012129 1.016150 1.030898 1.023190 1.044678 1.017727 1.019303 1.018091 1.023681 1.034581 1.015166 1.020250 1.019879 1.022131 1.031371 1.013070 1.019263 1.022194 1.025408 1.032282 1.014327 1.014622 1.021277 1.025206 1.028683 1.014799 1.021944 1.018352 1.024074 1.029398 1.005246 1.007956 1.010639 1.011472 1.015141 1.014850 1.018353 1.022518 1.024714 1.032642 1.013728 1.022295 1.023885 1.020255 1.027846 1.003652 1.006672 1.010419 1.015946 1.017206 1.006045 1.007613 1.010770 1.011964 1.015664 1.011320 1.016083 1.018467 1.021654 1.031368 
1.000232 1.004279 1.006710 1.012260 1.013370 1.000572 0.999874 1.005581 1.009493 1.015193 1.001488 1.005387 1.003791 1.006862 1.021331 1.000674 1.006894 1.023327 1.011840 1.029864 1.005406 1.000947 1.007885 1.015451 1.019209 1.005729 1.008751 1.010878 1.019284 1.025861 1.006881 1.015678 1.024012 1.032544 1.023108 1.011473 1.013327 1.019080 1.019571 1.021159 1.016922 1.021125 1.020676 1.027245 1.035648 1.008180 1.014275 1.036360 1.023528 0.977175 1.003518 1.024422 1.017843 0.998354 1.069915 1.018992 1.018574 1.020719 1.014976 0.977175 1.012645 1.017278 1.025520 1.024938 1.010709 1.018833 1.019319 1.025094 1.014892 1.023026 1.017323 1.019661 1.018313 1.020258 1.038183 1.004952 1.008818 1.025807 1.014233 1.044278 1.011158 1.010901 1.008102 1.019651 1.030233 1.008354 1.013222 1.012877 1.015548 1.025674 1.007263 1.013503 1.016284 1.019482 1.027861 1.006330 1.005685 1.015587 1.020857 1.023809 1.011850 1.017401 1.012924 1.019338 1.024339 1.000243 1.000987 1.003396 1.003672 1.007217 1.007729 1.011152 1.016387 1.018871 1.028124 1.005119 1.017788 1.018865 1.013298 1.021342 0.999338 1.001479 1.004065 1.009683 1.011109 1.000819 1.001112 1.004470 1.005451 1.008047 1.005362 1.009861 1.011999 1.015217 1.026836 
1.005766 1.009154 1.012654 1.013649 1.016528 1.006576 1.008723 1.009368 1.012097 1.015809 1.008269 1.009546 1.010986 1.012327 1.017357 1.008397 1.011531 1.016730 1.015819 1.018035 1.010472 1.009614 1.012403 1.015593 1.018625 1.009606 1.011763 1.013532 1.016309 1.018935 1.012156 1.015631 1.019842 1.018836 1.022147 1.014634 1.015069 1.018150 1.017708 1.021796 1.015391 1.018387 1.017507 1.019751 1.023220 1.010940 1.015527 1.019877 1.022222 1.013882 1.014893 1.021566 1.019294 1.013872 1.030568 1.016615 1.016646 1.019234 1.018340 1.013882 1.013837 1.015421 1.019913 1.018741 1.014571 1.016266 1.017091 1.018056 1.016835 1.017066 1.015311 1.017650 1.017230 1.018299 1.023204 1.011296 1.013397 1.019610 1.017421 1.024609 1.013772 1.015188 1.015366 1.015094 1.021204 1.012687 1.015044 1.014642 1.015745 1.020440 1.011271 1.014148 1.015671 1.017289 1.020112 1.011998 1.013453 1.014849 1.016094 1.018458 1.010465 1.014759 1.013478 1.016357 1.018938 1.007471 1.008920 1.010425 1.011380 1.012768 1.012552 1.014332 1.015956 1.016791 1.020362 1.012875 1.014775 1.015873 1.014944 1.018770 1.006133 1.008261 1.009901 1.012669 1.013109 1.007337 1.009195 1.010085 1.010532 1.013024 1.010529 1.012877 1.013990 1.015545 1.019657 
0.987546 0.985298 0.980800 0.984497 0.979338 0.987718 0.981829 0.987130 0.984442 0.982911 0.984216 0.985822 0.981371 0.981664 0.985560 0.983072 0.983527 0.989520 0.979509 0.993339 0.984155 0.981450 0.982853 0.983562 0.980922 0.986588 0.984694 0.983361 0.986049 0.987271 0.982068 0.983460 0.983446 0.994405 0.977499 0.981381 0.982462 0.981838 0.983257 0.976208 0.985581 0.983506 0.984912 0.985919 0.988386 0.986050 0.982467 0.996055 0.977777 0.947078 0.972750 0.980227 0.978344 0.969789 1.008499 0.985096 0.984519 0.981239 0.977037 0.947078 0.984042 0.985822 0.984903 0.987075 0.980669 0.985895 0.984560 0.988674 0.980331 0.988209 0.986230 0.983614 0.982994 0.982736 0.990960 0.981886 0.981011 0.985852 0.978349 0.994350 0.983117 0.979665 0.976293 0.988880 0.987007 0.982349 0.982499 0.982824 0.983380 0.983953 0.984153 0.984421 0.984181 0.984128 0.986835 0.981394 0.977994 0.985430 0.988113 0.986171 0.991184 0.987536 0.985666 0.985321 0.985700 0.984269 0.982587 0.981989 0.979779 0.981034 0.981666 0.981904 0.983733 0.984450 0.986587 0.978818 0.987831 0.986664 0.982709 0.982840 0.986676 0.984015 0.983864 0.983680 0.984279 0.986381 0.981888 0.983910 0.983990 0.981193 0.983487 0.983358 0.983465 0.983488 0.986762 
1.000770 1.000416 1.000003 0.999742 0.999889 0.999522 1.000312 0.999480 1.000278 0.999773 1.000448 0.999995 0.999932 0.999984 0.999882 1.000453 0.999862 0.999665 0.999829 0.999389 0.999774 0.999956 0.999706 0.999747 0.999663 0.999636 0.999946 0.999812 0.999676 0.999557 0.999909 0.999884 0.999459 0.999298 0.999695 0.999886 0.999887 0.999781 0.999746 0.999758 0.999613 0.999606 0.999643 1.000444 0.999282 0.999945 0.999829 0.999146 0.999681 1.001194 1.000349 0.999670 0.999910 1.000589 0.998167 0.999578 0.999555 0.999740 0.999902 1.001194 1.000063 0.999771 0.999452 0.999194 0.999721 0.999176 0.999458 0.999661 0.999927 0.999604 0.999678 0.999678 0.999635 0.999737 0.999161 0.999981 1.000242 0.999591 0.999949 0.998970 0.999644 0.999924 0.999988 0.999691 0.999438 0.999881 0.999835 0.999907 0.999810 0.999420 1.000042 0.999901 0.999808 0.999673 0.999445 1.000086 0.999702 0.999816 0.999700 0.999490 0.999598 0.999647 0.999650 1.000516 0.999482 1.000735 1.000295 1.000096 1.000562 0.999962 1.000312 0.999743 0.999741 0.999679 0.999447 0.999759 0.999704 0.999728 0.999831 0.999612 1.000066 1.000526 1.000100 1.000113 0.999812 0.999595 1.000572 0.999991 0.999993 1.000169 1.000272 1.000133 0.999759 0.999726 0.999460 
1.005376 1.010685 1.016791 1.016530 1.021238 1.007447 1.011293 1.010417 1.014683 1.019358 1.009689 1.011338 1.014423 1.016217 1.020072 1.010497 1.013764 1.018706 1.020018 1.019072 1.012723 1.013077 1.015221 1.019038 1.022820 1.011183 1.014157 1.016771 1.019144 1.021571 1.015780 1.018968 1.023125 1.019579 1.027372 1.018787 1.018953 1.022286 1.021492 1.027380 1.018093 1.021838 1.020663 1.022191 1.025437 1.013663 1.019352 1.020213 1.027371 1.027561 1.021442 1.026005 1.024217 1.021105 1.027180 1.019502 1.019660 1.023506 1.023828 1.027561 1.016674 1.018391 1.022849 1.020355 1.018621 1.017986 1.019756 1.020154 1.021376 1.019541 1.017920 1.021077 1.020781 1.022197 1.024784 1.014524 1.017254 1.022572 1.022507 1.025229 1.016784 1.019738 1.020826 1.017440 1.023854 1.015881 1.018714 1.018540 1.019310 1.023543 1.013703 1.017016 1.018784 1.020499 1.022686 1.016543 1.017712 1.017816 1.018569 1.021130 1.011154 1.016955 1.015872 1.019008 1.021734 1.009246 1.012097 1.013822 1.015402 1.016838 1.016286 1.017832 1.019164 1.019973 1.022991 1.016832 1.017088 1.018503 1.018638 1.022484 1.006844 1.010056 1.012718 1.015735 1.016147 1.008622 1.011811 1.012782 1.013587 1.017046 1.013124 1.015888 1.017157 1.018885 1.022269 
0.997097 0.998924 1.000186 1.002563 1.002398 0.999013 0.997277 1.000572 1.000878 1.003423 0.997710 0.999972 0.999219 1.000334 1.005429 0.997388 1.000329 1.006931 1.001915 1.009702 1.000047 0.998266 1.000882 1.003583 1.004641 1.000551 1.001038 1.001947 1.005206 1.007627 1.000420 1.003417 1.006613 1.010770 1.005615 1.001948 1.002692 1.004651 1.004986 1.004787 1.004352 1.005581 1.005563 1.006640 1.011201 1.001283 1.003038 1.012322 1.005793 0.986119 0.998123 1.006346 1.003786 0.995922 1.025480 1.005017 1.004886 1.005166 1.002708 0.986119 1.002183 1.004486 1.007283 1.007354 1.001668 1.005141 1.005092 1.007434 1.002995 1.006745 1.004534 1.005056 1.004574 1.005168 1.012398 0.999528 1.000509 1.007439 1.002558 1.014913 1.002106 1.001550 1.000220 1.005626 1.009143 1.000791 1.002673 1.002578 1.003573 1.007245 1.000418 1.002800 1.003791 1.005015 1.008289 1.000174 0.999663 1.003786 1.005959 1.006832 1.003129 1.004683 1.002955 1.004212 1.006967 0.997167 0.998021 0.998950 0.998287 1.000425 1.000173 1.001929 1.003839 1.004907 1.008348 0.999484 1.004858 1.005096 1.002749 1.005595 0.997894 0.997777 0.999345 1.001244 1.002074 0.998890 0.997479 0.999588 1.000031 1.000458 0.999467 1.001177 1.002349 1.003498 1.007939 
1.004961 1.004243 1.005400 1.001616 1.003310 1.005454 1.007712 1.003426 1.002439 1.001037 1.005850 1.003936 1.006469 1.004970 0.997186 1.006722 1.004173 0.994724 1.003961 0.990479 1.004728 1.007598 1.004197 1.000647 1.000261 1.003536 1.002893 1.002629 0.998001 0.994718 1.004859 1.000529 0.997232 0.988934 1.000067 1.003212 1.001941 0.999835 0.999035 1.001420 0.999243 0.998345 0.997900 0.994149 0.990232 1.002560 1.001573 0.986701 0.999775 1.031951 1.010037 0.998319 1.001772 1.013342 0.967577 0.998576 0.999119 0.999424 1.003613 1.031951 1.001473 0.998867 0.995955 0.995390 1.003963 0.998531 0.998731 0.994325 1.002175 0.995498 0.998745 0.998867 0.999785 0.998972 0.988121 1.005686 1.004280 0.995328 1.003311 0.984166 1.002780 1.004172 1.006802 0.996590 0.993044 1.004107 1.002008 1.001971 1.000638 0.996323 1.003731 1.001067 0.999991 0.998738 0.994130 1.005345 1.007304 0.999712 0.996414 0.996129 0.998903 0.998129 1.000879 0.997646 0.996114 1.006287 1.006893 1.006242 1.006807 1.005147 1.004428 1.003196 1.000173 0.998920 0.994124 1.007083 0.997834 0.997867 1.001920 0.998549 1.006178 1.006006 1.005130 1.002851 1.002153 1.005708 1.006931 1.005061 1.004585 1.004565 1.004728 1.002868 1.002153 1.000793 0.994586 
1.005514 1.007212 1.010092 1.007996 1.010913 1.005884 1.009118 1.006238 1.007930 1.008927 1.007668 1.007036 1.009605 1.009621 1.007434 1.008394 1.008256 1.005438 1.010683 1.003366 1.007942 1.009591 1.008739 1.008593 1.010013 1.006648 1.007751 1.008637 1.007265 1.006640 1.009345 1.008590 1.008573 1.002781 1.011898 1.009810 1.009243 1.009593 1.008832 1.012601 1.007433 1.008608 1.007880 1.007168 1.005985 1.007259 1.009216 1.001882 1.011746 1.028474 1.014542 1.010421 1.011459 1.016143 0.995007 1.007709 1.007990 1.009905 1.012197 1.028474 1.008170 1.007424 1.007806 1.006403 1.010080 1.006959 1.007883 1.005873 1.010422 1.006159 1.007120 1.008563 1.008865 1.009106 1.004597 1.009308 1.009888 1.007397 1.011490 1.002743 1.008652 1.010723 1.012538 1.005819 1.006757 1.009069 1.009160 1.009077 1.008723 1.008288 1.008018 1.008007 1.008203 1.008253 1.006807 1.009917 1.011366 1.007614 1.006216 1.007143 1.004289 1.006402 1.007313 1.007575 1.007396 1.007735 1.008979 1.009312 1.010508 1.009953 1.009555 1.009373 1.008437 1.008082 1.006938 1.010924 1.006300 1.006937 1.009061 1.008987 1.006283 1.007853 1.008284 1.008433 1.008136 1.006659 1.009125 1.008210 1.008294 1.009871 1.008352 1.008563 1.008554 1.008597 1.006856 
1.008794 1.012820 1.018443 1.015907 1.021007 1.010479 1.015443 1.011944 1.015008 1.017975 1.013102 1.012877 1.017153 1.017672 1.016334 1.014233 1.015375 1.013410 1.020407 1.011070 1.014657 1.016661 1.016488 1.017451 1.020544 1.012573 1.014777 1.016745 1.015852 1.015932 1.017241 1.017389 1.018985 1.010557 1.024410 1.018800 1.018142 1.019749 1.018542 1.025259 1.015778 1.018491 1.017150 1.016504 1.016578 1.013869 1.018282 1.009719 1.024227 1.044411 1.025369 1.022119 1.022694 1.027153 1.004028 1.016610 1.017033 1.020577 1.023459 1.044411 1.016061 1.015725 1.017928 1.015574 1.019212 1.015512 1.017031 1.014462 1.020402 1.014605 1.015282 1.018139 1.018447 1.019131 1.014674 1.016811 1.018282 1.017208 1.022110 1.012610 1.016900 1.020254 1.022861 1.013416 1.016919 1.017010 1.018014 1.017768 1.017662 1.018796 1.014893 1.015976 1.016879 1.017573 1.016604 1.018013 1.020602 1.015772 1.014302 1.016487 1.009581 1.014082 1.014901 1.015826 1.017012 1.012763 1.015402 1.016493 1.018307 1.018307 1.017494 1.018077 1.017335 1.017123 1.016872 1.019733 1.013941 1.015203 1.017856 1.019168 1.010417 1.013304 1.014843 1.016015 1.015907 1.011781 1.015474 1.014844 1.015154 1.018182 1.015001 1.016242 1.016808 1.017433 1.016512 
1.004208 1.012350 1.019720 1.024557 1.029518 1.005952 1.008722 1.013187 1.020599 1.029621 1.008953 1.013895 1.014964 1.019389 1.035968 1.008874 1.017282 1.036660 1.026945 1.043016 1.014925 1.011254 1.019341 1.029640 1.036212 1.014010 1.019352 1.023504 1.033243 1.041356 1.018990 1.029802 1.040853 1.045906 1.043552 1.025784 1.027635 1.035688 1.035498 1.041760 1.030163 1.037168 1.035806 1.043299 1.053532 1.018466 1.028826 1.049957 1.043937 1.001341 1.020615 1.043634 1.036090 1.015544 1.086564 1.033263 1.032903 1.038194 1.033172 1.001341 1.025073 1.030835 1.042026 1.039314 1.024894 1.031707 1.033705 1.039452 1.031074 1.037098 1.030398 1.035192 1.033666 1.036704 1.055353 1.016151 1.022075 1.042114 1.031394 1.061335 1.023664 1.026021 1.024328 1.032273 1.047249 1.020429 1.027285 1.026903 1.029963 1.042720 1.017632 1.026159 1.030188 1.034540 1.044085 1.019225 1.019369 1.028767 1.034267 1.039038 1.019735 1.029702 1.024586 1.033458 1.040020 1.007532 1.010558 1.014185 1.015822 1.020191 1.020272 1.024609 1.030590 1.033550 1.044574 1.018157 1.030173 1.032316 1.027282 1.037912 1.004523 1.009278 1.013889 1.021557 1.023235 1.007367 1.010442 1.014229 1.015874 1.021197 1.015395 1.021881 1.024850 1.029265 1.042798 
0.985420 0.977218 0.966826 0.968408 0.959778 0.981789 0.974711 0.977303 0.971502 0.963856 0.977889 0.976259 0.969996 0.968008 0.964105 0.976492 0.971449 0.967881 0.961265 0.968773 0.973235 0.972035 0.969173 0.964601 0.957907 0.976365 0.971858 0.967677 0.965563 0.962615 0.968615 0.964725 0.958254 0.968420 0.949991 0.964185 0.964491 0.959385 0.961133 0.949469 0.966583 0.960415 0.962838 0.961883 0.957231 0.973643 0.963811 0.968082 0.950104 0.937678 0.957135 0.953165 0.955160 0.956548 0.962538 0.964341 0.963781 0.957307 0.955132 0.937678 0.968279 0.966645 0.959355 0.963133 0.963652 0.965740 0.963364 0.965402 0.960182 0.966025 0.967290 0.961660 0.961672 0.959869 0.959201 0.970141 0.966418 0.960567 0.957681 0.959873 0.967116 0.962063 0.959017 0.969457 0.959069 0.968330 0.964668 0.965325 0.964276 0.957831 0.972277 0.967850 0.965230 0.962649 0.960565 0.967832 0.963373 0.967352 0.967494 0.962468 0.978763 0.969194 0.969672 0.966101 0.961381 0.979176 0.974366 0.971439 0.968787 0.966796 0.968225 0.965286 0.964378 0.963585 0.960017 0.965075 0.969333 0.966836 0.964900 0.959232 0.982562 0.977581 0.973849 0.969616 0.968971 0.979562 0.974290 0.973564 0.972697 0.966852 0.973102 0.969168 0.967056 0.964690 0.961157 
1.002916 0.996925 0.992456 0.987303 0.985333 1.000963 1.001125 0.995540 0.990561 0.983879 1.000184 0.995411 0.996142 0.992375 0.977962 1.000602 0.993676 0.975621 0.987393 0.969162 0.995235 0.998993 0.992196 0.983606 0.979532 0.994960 0.991467 0.988547 0.979754 0.972883 0.992586 0.983596 0.974973 0.966490 0.975095 0.987456 0.985542 0.979472 0.979053 0.977006 0.982463 0.977752 0.978217 0.972178 0.962963 0.991309 0.984640 0.962685 0.974684 1.020126 0.994822 0.973930 0.980542 0.999935 0.929208 0.980226 0.980745 0.977763 0.983360 1.020126 0.987177 0.981678 0.973442 0.974962 0.988596 0.981513 0.980225 0.973779 0.983660 0.975826 0.981958 0.979229 0.980716 0.978322 0.960523 0.995046 0.990643 0.972857 0.984209 0.954509 0.988652 0.987964 0.990654 0.979310 0.968405 0.991516 0.985862 0.985943 0.983377 0.973317 0.993057 0.986102 0.982990 0.979578 0.971007 0.992453 0.994152 0.983484 0.978049 0.975248 0.988507 0.982007 0.986864 0.979928 0.974669 1.001138 0.999074 0.996482 0.996084 0.992002 0.991759 0.988327 0.982870 0.980202 0.970725 0.994763 0.981441 0.980209 0.985761 0.977420 1.002654 0.999890 0.995970 0.989962 0.988422 1.000358 0.999692 0.995728 0.994270 0.991153 0.995078 0.989904 0.987491 0.983963 0.972032 
1.001489 1.005533 1.009973 1.010375 1.013074 1.004429 1.005718 1.006515 1.008434 1.012206 1.004659 1.006496 1.008401 1.009670 1.012771 1.005075 1.008199 1.012530 1.012283 1.013397 1.007555 1.007435 1.009311 1.012062 1.014540 1.006900 1.008447 1.010381 1.012459 1.014410 1.009460 1.011814 1.015187 1.013941 1.017404 1.011542 1.011779 1.014170 1.013779 1.017224 1.011707 1.014162 1.013445 1.013621 1.017498 1.008349 1.012107 1.014679 1.017443 1.013157 1.012178 1.016742 1.015090 1.011452 1.021732 1.012685 1.012757 1.015009 1.014663 1.013157 1.010031 1.011880 1.015152 1.013810 1.011470 1.012002 1.012907 1.013484 1.013251 1.013020 1.011607 1.013578 1.013331 1.014235 1.017394 1.008433 1.009999 1.014951 1.013829 1.018219 1.010493 1.012013 1.012378 1.011525 1.016101 1.009521 1.011656 1.011503 1.012191 1.015571 1.008015 1.010538 1.011853 1.013205 1.015237 1.009782 1.010560 1.011343 1.012249 1.014030 1.007376 1.011081 1.010111 1.011577 1.014417 1.004069 1.006504 1.007840 1.008220 1.010063 1.009319 1.011056 1.012144 1.012873 1.015426 1.009983 1.011163 1.012033 1.011625 1.014544 1.003357 1.004847 1.007248 1.009358 1.009999 1.005158 1.005929 1.007390 1.008008 1.009997 1.007262 1.009401 1.010699 1.011965 1.014927 
1.007122 1.004064 1.003631 0.996896 0.998264 1.006464 1.009786 1.002077 0.999452 0.994916 1.007254 1.002766 1.006225 1.003074 0.988041 1.008463 1.002502 0.984160 0.999762 0.976354 1.003598 1.008739 1.001859 0.994333 0.992219 1.002071 1.000118 0.998669 0.989618 0.982979 1.002940 0.994220 0.986700 0.973404 0.990307 0.998978 0.996738 0.991794 0.990646 0.992707 0.992097 0.989215 0.988896 0.982455 0.973589 0.999731 0.995903 0.969135 0.989791 1.046867 1.010363 0.987774 0.994654 1.016506 0.932673 0.990425 0.991166 0.990612 0.997876 1.046867 0.996802 0.991489 0.984588 0.984322 1.000164 0.990558 0.990527 0.982990 0.996326 0.985070 0.991368 0.990477 0.992064 0.990285 0.970019 1.004914 1.001666 0.983734 0.997902 0.962835 0.998700 1.000356 1.004569 0.987784 0.979162 1.001577 0.996897 0.996935 0.994294 0.984952 1.001754 0.995805 0.993322 0.990425 0.981454 1.003540 1.006255 0.993252 0.987091 0.985503 0.994083 0.990657 0.995785 0.989817 0.985255 1.008241 1.008095 1.006204 1.006975 1.003086 1.002315 0.999195 0.993462 0.990830 0.981340 1.006338 0.990103 0.989691 0.996719 0.989324 1.008162 1.007291 1.004687 0.999611 0.998009 1.006739 1.008507 1.004384 1.003304 1.002206 1.003826 0.999631 0.997630 0.994629 0.982413 
0.994503 0.990884 0.985906 0.989144 0.984809 0.992260 0.987854 0.991847 0.989563 0.987787 0.990334 0.990991 0.986742 0.986594 0.990302 0.989083 0.989048 0.992974 0.985261 0.996067 0.989352 0.986643 0.988111 0.988245 0.986254 0.991168 0.989691 0.988163 0.990244 0.991254 0.987037 0.988404 0.988513 0.996971 0.983593 0.986358 0.987224 0.986820 0.987919 0.982529 0.990014 0.988350 0.989373 0.991263 0.992455 0.990050 0.987296 0.998335 0.983822 0.958517 0.979350 0.985786 0.984160 0.976977 1.009147 0.989640 0.989236 0.986411 0.982933 0.958517 0.989162 0.989958 0.989650 0.991874 0.986013 0.990971 0.989499 0.992427 0.985535 0.991854 0.990465 0.988389 0.987924 0.987548 0.994492 0.987263 0.986514 0.990182 0.983967 0.997323 0.988223 0.985049 0.982351 0.992256 0.991199 0.987648 0.987405 0.987417 0.988048 0.988979 0.989415 0.989393 0.988950 0.988878 0.991113 0.985972 0.984191 0.989677 0.991745 0.990548 0.994610 0.991521 0.990189 0.990390 0.990195 0.990400 0.987711 0.987179 0.985675 0.986118 0.986972 0.987138 0.988591 0.989213 0.990936 0.984854 0.991624 0.990736 0.987523 0.987778 0.992571 0.990147 0.988727 0.988620 0.988904 0.991131 0.987987 0.988854 0.988587 0.986365 0.989050 0.988515 0.988328 0.988274 0.991004 
0.994162 0.979213 0.965168 0.958281 0.949680 0.987123 0.983562 0.976035 0.965947 0.950128 0.984538 0.975928 0.972599 0.965845 0.941834 0.984293 0.969759 0.940555 0.953418 0.931468 0.973204 0.978261 0.965823 0.950302 0.939593 0.974789 0.967033 0.959689 0.945143 0.932857 0.966446 0.950579 0.932779 0.927182 0.927539 0.955923 0.953250 0.940635 0.941220 0.930078 0.949771 0.938581 0.940998 0.932489 0.914092 0.968044 0.951382 0.921229 0.926992 0.987384 0.962274 0.927907 0.939249 0.969515 0.866556 0.944918 0.945204 0.936613 0.943650 0.987384 0.958453 0.948876 0.931245 0.935627 0.957091 0.947182 0.943998 0.935995 0.947509 0.939705 0.949536 0.941667 0.943867 0.939232 0.911793 0.971156 0.962534 0.931375 0.946637 0.903127 0.959214 0.955193 0.957183 0.947356 0.923620 0.964654 0.953697 0.954504 0.949779 0.929953 0.969756 0.956383 0.949869 0.942877 0.928523 0.966197 0.964906 0.952010 0.944024 0.936140 0.966917 0.950901 0.958328 0.946778 0.934520 0.987317 0.980449 0.974393 0.972583 0.964427 0.965498 0.957637 0.949029 0.944498 0.927716 0.966981 0.950243 0.946665 0.953734 0.937329 0.990944 0.984077 0.975251 0.963453 0.960527 0.984912 0.981513 0.974514 0.971850 0.963484 0.973622 0.963116 0.957675 0.950807 0.930463 
0.987448 0.975456 0.962848 0.960049 0.950560 0.983218 0.976640 0.974683 0.965305 0.953124 0.978550 0.973641 0.968589 0.963877 0.948386 0.977739 0.967707 0.950261 0.953498 0.945837 0.970701 0.972845 0.964601 0.953603 0.944074 0.973438 0.966416 0.960411 0.951400 0.943127 0.964560 0.953589 0.940638 0.943334 0.933167 0.956367 0.955124 0.945476 0.946763 0.934234 0.954457 0.944960 0.947619 0.941358 0.930045 0.968266 0.953738 0.939924 0.932937 0.958318 0.955866 0.935176 0.942414 0.959480 0.907537 0.950572 0.950450 0.942151 0.944676 0.958318 0.959638 0.953980 0.940444 0.944975 0.956678 0.952613 0.949558 0.946454 0.949625 0.948695 0.954748 0.947331 0.948510 0.944992 0.929895 0.967796 0.960802 0.941199 0.947741 0.925630 0.959864 0.954798 0.954135 0.954726 0.936183 0.963256 0.955494 0.956248 0.953151 0.938896 0.968055 0.958516 0.953600 0.948485 0.939631 0.963903 0.960778 0.956100 0.951876 0.944817 0.970572 0.956543 0.960831 0.951668 0.943337 0.980682 0.974974 0.970207 0.967302 0.962442 0.963402 0.957953 0.952716 0.949920 0.938891 0.962864 0.956270 0.952963 0.955640 0.943606 0.985147 0.978188 0.972014 0.963248 0.961474 0.980668 0.975033 0.971523 0.969682 0.961753 0.970426 0.962710 0.958941 0.953945 0.941025 
0.997685 0.998912 0.999116 1.001391 1.000915 0.998170 0.996981 0.999669 1.000439 1.002081 0.997786 0.999314 0.998234 0.999302 1.004301 0.997348 0.999516 1.005783 1.000496 1.008327 0.999110 0.997392 0.999759 1.002235 1.002927 0.999666 1.000257 1.000811 1.003863 1.006108 0.999345 1.002218 1.004819 1.009316 1.003626 1.000641 1.001441 1.003117 1.003487 1.002813 1.002996 1.003972 1.004086 1.006111 1.009310 1.000472 1.001714 1.010712 1.003801 0.984461 0.996927 1.004529 1.002258 0.994960 1.023155 1.003548 1.003300 1.003521 1.001017 0.984461 1.001342 1.003236 1.005557 1.005667 1.000169 1.003466 1.003532 1.006242 1.001608 1.005356 1.003288 1.003575 1.002989 1.003621 1.010469 0.998665 0.999710 1.005889 1.001060 1.012909 1.000769 1.000203 0.998745 1.004428 1.007410 0.999751 1.001413 1.001349 1.002282 1.005431 0.999703 1.001708 1.002571 1.003566 1.006606 0.999042 0.998141 1.002671 1.004724 1.005232 1.002401 1.003525 1.001791 1.003787 1.005318 0.997401 0.997569 0.998199 0.997890 0.999288 0.999503 1.000611 1.002521 1.003405 1.006652 0.998169 1.003717 1.003894 1.001454 1.003912 0.997473 0.997742 0.998741 1.000477 1.000953 0.998070 0.997421 0.998845 0.999215 0.999574 0.998968 1.000442 1.001129 1.002155 1.006286 
0.997463 0.993411 0.989348 0.988005 0.985122 0.996356 0.994355 0.993327 0.989721 0.985638 0.994782 0.992745 0.991528 0.989612 0.983535 0.994553 0.991075 0.983635 0.986279 0.981647 0.992085 0.993024 0.990011 0.985729 0.982690 0.992797 0.990291 0.988240 0.984590 0.981440 0.989883 0.985715 0.981233 0.980638 0.979156 0.986953 0.986324 0.982945 0.983229 0.979693 0.985869 0.982673 0.983397 0.980682 0.976692 0.990588 0.985868 0.979255 0.979041 0.991795 0.987688 0.979503 0.982257 0.989279 0.966277 0.984536 0.984606 0.981850 0.983280 0.991795 0.987812 0.985507 0.980939 0.982571 0.987350 0.985608 0.984384 0.982375 0.984581 0.983299 0.985813 0.983467 0.984041 0.982666 0.976340 0.991145 0.988517 0.980923 0.984172 0.974415 0.988253 0.986612 0.986831 0.985340 0.979027 0.989479 0.986520 0.986654 0.985528 0.980551 0.990926 0.987362 0.985645 0.983845 0.980339 0.989520 0.989342 0.986299 0.984407 0.982317 0.991011 0.986305 0.988203 0.984485 0.981851 0.995241 0.993472 0.991911 0.990926 0.989199 0.989316 0.987639 0.985430 0.984273 0.980105 0.989940 0.986091 0.985030 0.986538 0.982264 0.996906 0.994515 0.992305 0.989095 0.988515 0.995583 0.993636 0.992209 0.991438 0.988812 0.991749 0.988977 0.987744 0.985897 0.980842 
0.984563 0.981193 0.974298 0.980874 0.973591 0.983188 0.974997 0.983452 0.980655 0.979176 0.979222 0.981750 0.974675 0.975573 0.984572 0.977143 0.978788 0.990417 0.973640 0.997250 0.979146 0.974091 0.977683 0.980132 0.977137 0.982665 0.980682 0.978930 0.984533 0.987688 0.976187 0.980204 0.981864 0.999358 0.973068 0.976102 0.978071 0.978406 0.980533 0.970789 0.983393 0.981287 0.983193 0.986927 0.991447 0.982167 0.978292 1.002522 0.973558 0.919362 0.962037 0.977303 0.973207 0.956746 1.027794 0.983129 0.982206 0.977907 0.970589 0.919362 0.980611 0.983825 0.984283 0.987447 0.974943 0.984431 0.982520 0.989639 0.975346 0.988380 0.984416 0.981138 0.979937 0.979946 0.995657 0.975727 0.975367 0.985669 0.972348 1.001860 0.978682 0.973542 0.968077 0.988596 0.988273 0.977091 0.978157 0.978458 0.979893 0.982971 0.979719 0.981244 0.981337 0.981877 0.987541 0.974888 0.970135 0.982874 0.987800 0.985708 0.990489 0.986324 0.982729 0.984459 0.985147 0.979087 0.975993 0.975504 0.972680 0.974734 0.976077 0.976939 0.980683 0.982230 0.987250 0.971247 0.986787 0.985361 0.978445 0.980348 0.982211 0.978896 0.978399 0.979367 0.980304 0.981434 0.975627 0.978538 0.978705 0.975293 0.978489 0.979043 0.979340 0.980011 0.987197 
1.008476 1.008630 1.010368 1.006597 1.009848 1.006962 1.011671 1.006022 1.007861 1.006980 1.010043 1.007552 1.010643 1.009762 1.004243 1.010958 1.008477 1.000712 1.009923 0.996779 1.008444 1.011146 1.008484 1.006533 1.007414 1.006535 1.007512 1.007628 1.004012 1.001676 1.009466 1.006810 1.004526 0.995453 1.008731 1.008963 1.007785 1.006862 1.005842 1.010043 1.004811 1.005223 1.004428 1.003438 0.998574 1.006579 1.007548 0.993525 1.008448 1.039653 1.016406 1.006571 1.009300 1.019431 0.977221 1.004652 1.005195 1.006858 1.011041 1.039653 1.007297 1.004675 1.003208 1.001660 1.009579 1.003889 1.004791 1.000759 1.008818 1.001798 1.004281 1.005473 1.006255 1.006003 0.996348 1.010083 1.010172 1.002569 1.010291 0.992661 1.007699 1.010178 1.013083 1.002179 1.000790 1.009042 1.007711 1.007713 1.006623 1.003769 1.008266 1.006555 1.006045 1.005239 1.001472 1.010386 1.012362 1.005219 1.002338 1.002831 1.002075 1.003364 1.005580 1.005375 1.003013 1.010440 1.010843 1.010507 1.012421 1.010132 1.010037 1.008515 1.006242 1.005133 1.001567 1.011839 1.003162 1.003647 1.007619 1.005658 1.008286 1.010180 1.009106 1.008052 1.007144 1.007740 1.011627 1.008944 1.008630 1.010042 1.009341 1.008275 1.007349 1.006586 1.001741 
0.991856 0.987173 0.982487 0.979362 0.975611 0.991050 0.989035 0.986296 0.982209 0.975921 0.988923 0.986189 0.985152 0.982836 0.972052 0.989137 0.983391 0.972537 0.976863 0.968686 0.985040 0.987811 0.982124 0.976073 0.971091 0.986075 0.982656 0.980027 0.974055 0.968846 0.982922 0.975875 0.968031 0.966829 0.965674 0.978504 0.977503 0.971926 0.972292 0.966718 0.975748 0.970839 0.972129 0.967442 0.960473 0.984191 0.976585 0.964246 0.965449 0.990286 0.981029 0.966079 0.971081 0.984122 0.940594 0.973606 0.973557 0.970064 0.972888 0.990286 0.978971 0.975797 0.967555 0.968889 0.978503 0.973539 0.972780 0.970444 0.974924 0.971990 0.975866 0.972288 0.973041 0.971360 0.959613 0.984475 0.980858 0.968084 0.974366 0.955972 0.979346 0.978030 0.978598 0.975492 0.964660 0.981633 0.977506 0.978165 0.975970 0.966800 0.983670 0.978298 0.975692 0.972707 0.966637 0.983371 0.981225 0.977143 0.973953 0.969873 0.983438 0.976532 0.979319 0.974127 0.969115 0.990407 0.988726 0.986085 0.984971 0.982109 0.982293 0.978797 0.975271 0.973425 0.966256 0.982286 0.976458 0.974841 0.977563 0.970278 0.991776 0.988931 0.986572 0.981499 0.980351 0.990149 0.988176 0.986076 0.985385 0.981668 0.985180 0.981126 0.979009 0.976181 0.967531 
0.998797 0.995537 0.992218 0.991411 0.988932 0.998594 0.996398 0.996211 0.992441 0.989444 0.996767 0.995172 0.994202 0.992434 0.987698 0.996474 0.994082 0.987741 0.990061 0.986317 0.994901 0.995344 0.993238 0.989506 0.987205 0.995529 0.993212 0.991532 0.988595 0.986127 0.992767 0.989441 0.986260 0.985581 0.984390 0.990356 0.989822 0.987213 0.987436 0.984780 0.989770 0.987206 0.987693 0.985032 0.982618 0.993156 0.989532 0.984580 0.984306 0.993579 0.990646 0.984647 0.986657 0.991776 0.975026 0.988732 0.988838 0.986400 0.987447 0.993579 0.991071 0.989211 0.985986 0.987728 0.990945 0.990265 0.988854 0.986788 0.988408 0.987518 0.989621 0.987766 0.988297 0.987014 0.982384 0.993873 0.991449 0.985728 0.988099 0.980977 0.991810 0.990102 0.990287 0.989032 0.984340 0.992604 0.990093 0.990023 0.989264 0.985757 0.993669 0.990755 0.989439 0.988095 0.985428 0.992091 0.992774 0.989843 0.988318 0.987001 0.993926 0.990034 0.991685 0.987929 0.986646 0.996697 0.995391 0.994314 0.993174 0.992139 0.991991 0.991192 0.989343 0.988373 0.985247 0.993199 0.989741 0.988893 0.990083 0.986864 0.998631 0.996332 0.994612 0.991987 0.991732 0.997900 0.995570 0.994674 0.993915 0.991654 0.994133 0.991935 0.991206 0.989701 0.985806 
0.993814 0.978392 0.965018 0.954469 0.946130 0.989849 0.986343 0.975826 0.962608 0.944915 0.985377 0.975154 0.974081 0.965454 0.932059 0.985953 0.968838 0.929367 0.950829 0.916061 0.973350 0.981375 0.964918 0.944824 0.932573 0.974449 0.964739 0.956819 0.937046 0.920803 0.966075 0.944665 0.922680 0.910110 0.918906 0.953046 0.949066 0.933363 0.933423 0.922766 0.943202 0.929982 0.932333 0.917920 0.896437 0.966087 0.946714 0.901798 0.918075 1.009870 0.965196 0.917972 0.933220 0.975723 0.826212 0.937266 0.938045 0.928558 0.939610 1.009870 0.953815 0.941857 0.919979 0.924521 0.955001 0.939897 0.936383 0.923936 0.942799 0.929066 0.942526 0.933804 0.937012 0.931148 0.892299 0.971682 0.960528 0.919589 0.942691 0.879625 0.956485 0.952943 0.957177 0.938444 0.909214 0.963233 0.949632 0.950496 0.944202 0.918825 0.968242 0.951418 0.943602 0.934994 0.915510 0.966159 0.966320 0.945975 0.934566 0.925592 0.962103 0.943580 0.954013 0.937024 0.923769 0.988283 0.982661 0.975657 0.973251 0.964025 0.963913 0.954987 0.942900 0.936833 0.914593 0.968419 0.942612 0.938614 0.949624 0.928743 0.993023 0.984799 0.975711 0.960668 0.957297 0.987497 0.983028 0.974943 0.971763 0.962127 0.972878 0.960163 0.954185 0.945504 0.918057 
0.995667 1.000375 1.003712 1.008082 1.009001 0.998009 0.996871 1.002045 1.005262 1.010554 0.997623 1.001840 1.000900 1.003873 1.015154 0.997239 1.002918 1.017715 1.007509 1.023045 1.001886 0.998760 1.004155 1.010801 1.013594 1.002434 1.004749 1.007013 1.014086 1.019491 1.003758 1.010665 1.017389 1.025211 1.016634 1.007583 1.009212 1.013796 1.014271 1.015017 1.011915 1.015283 1.015103 1.019269 1.027234 1.005259 1.009892 1.028285 1.016982 0.978527 1.001030 1.017883 1.012638 0.996842 1.055465 1.013555 1.013125 1.015035 1.010218 0.978527 1.007899 1.012566 1.018756 1.017820 1.006551 1.012576 1.013485 1.019070 1.010427 1.017319 1.012422 1.014188 1.012945 1.014777 1.029374 1.001747 1.004912 1.019367 1.009761 1.034387 1.006881 1.007009 1.004522 1.014724 1.022895 1.004475 1.008984 1.008935 1.010985 1.018732 1.003436 1.008899 1.011283 1.013941 1.020845 1.003755 1.001989 1.011172 1.015652 1.017522 1.007970 1.012522 1.008575 1.013413 1.017911 0.996917 0.998669 1.000636 1.000484 1.004090 1.004148 1.006976 1.011333 1.013532 1.021036 1.001642 1.013016 1.013854 1.009086 1.015445 0.996315 0.997898 1.001257 1.005851 1.007129 0.998215 0.997846 1.001477 1.002661 1.004663 1.001747 1.005777 1.007795 1.010531 1.020063 
0.997692 0.995207 0.992139 0.993047 0.990766 0.995864 0.994089 0.995081 0.993844 0.992037 0.995263 0.994889 0.992873 0.992464 0.992680 0.994693 0.993701 0.993730 0.991165 0.994418 0.993952 0.993152 0.993013 0.992220 0.990734 0.994786 0.993830 0.992738 0.992780 0.992497 0.992653 0.992341 0.991259 0.994533 0.988961 0.991763 0.992006 0.991101 0.991585 0.988667 0.992897 0.991569 0.992159 0.992796 0.991884 0.994068 0.991908 0.994715 0.989024 0.982033 0.989331 0.989932 0.989970 0.988843 0.996020 0.992453 0.992279 0.990689 0.989625 0.982033 0.993170 0.992911 0.991671 0.992767 0.991584 0.992968 0.992298 0.993266 0.990992 0.993134 0.993121 0.991795 0.991676 0.991317 0.992569 0.993035 0.992333 0.991981 0.990272 0.993240 0.992652 0.991185 0.990146 0.993757 0.991923 0.992790 0.992094 0.992158 0.992145 0.991296 0.993910 0.993108 0.992523 0.992059 0.992146 0.992218 0.991225 0.992984 0.993379 0.992334 0.995837 0.993639 0.993469 0.993319 0.992091 0.995555 0.993863 0.993214 0.992646 0.992166 0.992725 0.992150 0.992295 0.992292 0.992029 0.991671 0.993671 0.993116 0.992137 0.991248 0.996436 0.995186 0.993940 0.993260 0.993075 0.995310 0.994166 0.993904 0.993649 0.992306 0.994045 0.993200 0.992665 0.992258 0.992213 
0.996816 1.000563 1.002692 1.007991 1.008424 0.997598 0.996209 1.001987 1.005410 1.010457 0.997783 1.001816 0.999953 1.002945 1.016198 0.997038 1.002751 1.018679 1.006874 1.025030 1.001552 0.997480 1.003672 1.010817 1.013766 1.002213 1.004728 1.006640 1.014571 1.020611 1.002941 1.010935 1.018260 1.027543 1.016757 1.007050 1.008851 1.013868 1.014519 1.014858 1.012309 1.015806 1.015650 1.021375 1.029345 1.004731 1.009661 1.031160 1.017166 0.972003 0.998827 1.018286 1.012207 0.993799 1.062363 1.014095 1.013603 1.015215 1.009585 0.972003 1.008180 1.012834 1.019819 1.019292 1.006142 1.013647 1.014143 1.020068 1.009960 1.018289 1.012791 1.014534 1.013227 1.015038 1.031976 1.001018 1.004471 1.020335 1.009098 1.037816 1.006705 1.006270 1.003317 1.015434 1.024401 1.004126 1.008667 1.008555 1.010908 1.019778 1.003318 1.009089 1.011562 1.014411 1.022230 1.002680 1.001088 1.011218 1.016345 1.018524 1.008430 1.013030 1.008667 1.014450 1.018921 0.996889 0.997690 0.999749 0.999679 1.003161 1.003624 1.006620 1.011580 1.013967 1.022421 1.000686 1.013493 1.014273 1.008793 1.015938 0.996301 0.997914 1.000577 1.005582 1.006995 0.997736 0.997394 1.000874 1.001931 1.003918 1.001530 1.005645 1.007622 1.010542 1.021326 
1.014661 1.022257 1.032352 1.029157 1.038207 1.016826 1.025536 1.020376 1.027246 1.033429 1.021934 1.022517 1.029295 1.031077 1.032126 1.023712 1.026814 1.027728 1.036718 1.025137 1.025253 1.027805 1.028923 1.032583 1.038597 1.021729 1.026428 1.030302 1.030815 1.032453 1.030263 1.032575 1.036912 1.024841 1.046086 1.034026 1.033396 1.037408 1.035476 1.047094 1.029979 1.035570 1.033275 1.034157 1.035634 1.025039 1.033789 1.024218 1.045869 1.069844 1.043579 1.042551 1.042149 1.045537 1.021876 1.031837 1.032466 1.039148 1.042732 1.069844 1.029671 1.030237 1.035523 1.031016 1.034277 1.029327 1.032420 1.029906 1.037627 1.029597 1.029345 1.034703 1.034840 1.036618 1.032950 1.028985 1.032671 1.034604 1.040342 1.030791 1.030414 1.036348 1.040079 1.026880 1.035045 1.030056 1.033073 1.032701 1.033047 1.036958 1.026370 1.029744 1.031822 1.033676 1.033905 1.031756 1.035267 1.029900 1.028676 1.032754 1.018243 1.027294 1.027521 1.031372 1.033754 1.021532 1.025976 1.028216 1.031671 1.032222 1.031177 1.032502 1.032543 1.032881 1.034418 1.033700 1.027274 1.029685 1.032851 1.036775 1.016958 1.022552 1.025610 1.029018 1.028927 1.019097 1.026132 1.025613 1.026478 1.032351 1.026295 1.029387 1.030606 1.032456 1.033525 
1.012066 1.017038 1.024746 1.020165 1.027389 1.013658 1.021307 1.015033 1.019562 1.022757 1.017707 1.016914 1.023112 1.023627 1.019638 1.019548 1.019953 1.015240 1.026592 1.010870 1.019154 1.022864 1.021423 1.021984 1.025751 1.016090 1.019074 1.021603 1.019184 1.018351 1.022918 1.021908 1.022702 1.009716 1.030699 1.024547 1.023387 1.024800 1.023019 1.032205 1.019282 1.022561 1.020794 1.019392 1.017691 1.018091 1.023394 1.007908 1.030375 1.066172 1.035228 1.027286 1.029170 1.038600 0.994552 1.020156 1.020765 1.025701 1.030657 1.066172 1.020486 1.019339 1.021027 1.017421 1.025015 1.018079 1.020518 1.016454 1.026399 1.016928 1.018609 1.022328 1.022885 1.023740 1.014593 1.022505 1.024317 1.020164 1.028899 1.010716 1.021563 1.026680 1.030757 1.015799 1.019037 1.022262 1.023131 1.022964 1.022338 1.022173 1.019482 1.020249 1.021060 1.021525 1.018884 1.024380 1.027497 1.019682 1.016869 1.019282 1.011160 1.016881 1.018555 1.019494 1.019939 1.017860 1.021305 1.022402 1.025232 1.024447 1.023427 1.023327 1.021633 1.021070 1.019223 1.026394 1.016722 1.018368 1.022909 1.023503 1.014227 1.018249 1.019980 1.020910 1.020389 1.015485 1.021322 1.019812 1.020229 1.024304 1.020104 1.021167 1.021476 1.021944 1.018913 
1.009581 1.017803 1.026236 1.029375 1.035728 1.011680 1.015963 1.018506 1.025468 1.034540 1.015201 1.019163 1.021884 1.025602 1.039101 1.015476 1.023344 1.038325 1.033573 1.042623 1.020948 1.018467 1.025511 1.034253 1.041305 1.019254 1.024524 1.028833 1.036577 1.043485 1.025169 1.034343 1.044715 1.044867 1.049340 1.031491 1.032763 1.040370 1.039624 1.048190 1.034061 1.041205 1.039359 1.045225 1.054317 1.023052 1.033887 1.047924 1.049588 1.022241 1.030081 1.048384 1.042198 1.026645 1.076954 1.037064 1.037000 1.042923 1.039893 1.022241 1.029797 1.034394 1.045205 1.042258 1.031098 1.035824 1.037877 1.041287 1.036718 1.039147 1.033987 1.039346 1.038211 1.040951 1.054951 1.022733 1.028136 1.044770 1.037777 1.059157 1.029245 1.032415 1.032169 1.034419 1.049041 1.026431 1.032544 1.031886 1.034587 1.046261 1.023148 1.030743 1.034501 1.038550 1.046244 1.025248 1.027351 1.032715 1.036608 1.041923 1.022552 1.032860 1.029058 1.036569 1.043012 1.013614 1.017111 1.020752 1.022778 1.026589 1.026187 1.030482 1.035096 1.037508 1.046796 1.025950 1.033082 1.035514 1.032421 1.042103 1.010542 1.015455 1.019770 1.026754 1.028137 1.013404 1.017293 1.020166 1.021521 1.027293 1.021239 1.027175 1.030031 1.034009 1.045095 
1.005644 1.000884 0.998262 0.991243 0.991314 1.003697 1.006494 0.998168 0.994853 0.988361 1.004461 0.998959 1.001581 0.997856 0.981205 1.005510 0.997837 0.977448 0.993146 0.969172 0.999314 1.004589 0.996655 0.987855 0.984454 0.998071 0.995435 0.993024 0.982944 0.975291 0.997799 0.987887 0.978525 0.965927 0.981082 0.992814 0.990453 0.984271 0.983327 0.983587 0.985753 0.981627 0.981700 0.975277 0.964238 0.995209 0.989429 0.961262 0.980543 1.040115 1.003946 0.978876 0.986640 1.010474 0.920928 0.983573 0.984300 0.982644 0.990129 1.040115 0.991380 0.985143 0.976438 0.976689 0.993960 0.983822 0.983472 0.975761 0.989299 0.978127 0.985101 0.983201 0.984916 0.982722 0.960716 1.000241 0.996311 0.975759 0.990582 0.953068 0.992937 0.993940 0.997975 0.981639 0.970569 0.996342 0.990634 0.990818 0.987770 0.976563 0.997267 0.990033 0.986944 0.983335 0.973291 0.998409 1.000438 0.987158 0.980564 0.977960 0.989873 0.984636 0.990223 0.983714 0.977510 1.005739 1.004515 1.001894 1.002575 0.997676 0.997338 0.993170 0.986910 0.983856 0.973077 1.000795 0.984095 0.983237 0.990497 0.981555 1.005711 1.004371 1.000673 0.994560 0.992579 1.003571 1.005169 1.000275 0.998928 0.996863 0.999741 0.994532 0.991809 0.988177 0.974414 
0.995981 0.983215 0.971144 0.965723 0.958059 0.991112 0.986966 0.981575 0.971625 0.958679 0.987815 0.980719 0.977820 0.971744 0.951431 0.987379 0.975741 0.950603 0.961636 0.943082 0.978729 0.982540 0.972423 0.958766 0.949735 0.980224 0.973064 0.966814 0.954495 0.944110 0.972430 0.958864 0.944293 0.939539 0.939466 0.963316 0.961069 0.950445 0.950953 0.941546 0.958574 0.948981 0.950960 0.942834 0.928556 0.973725 0.959563 0.934600 0.939018 0.988489 0.968276 0.939862 0.949278 0.974292 0.889511 0.954436 0.954818 0.947091 0.952816 0.988489 0.965514 0.957553 0.942997 0.947328 0.964560 0.957175 0.953957 0.946832 0.956138 0.949796 0.958310 0.951541 0.953472 0.949296 0.926675 0.976502 0.968675 0.942868 0.955360 0.919556 0.966754 0.962705 0.964298 0.956165 0.936434 0.971016 0.961629 0.962043 0.958248 0.941972 0.975359 0.963920 0.958399 0.952596 0.940620 0.971655 0.971505 0.960181 0.953433 0.947083 0.973387 0.959494 0.965964 0.955156 0.945719 0.989664 0.984004 0.979014 0.976895 0.970588 0.971117 0.965208 0.957760 0.953951 0.939944 0.973233 0.958823 0.955794 0.961642 0.947860 0.993840 0.987221 0.979798 0.969740 0.967439 0.989027 0.984940 0.979394 0.976946 0.969511 0.978362 0.969442 0.965163 0.959296 0.942245 
0.991190 0.983271 0.974912 0.973813 0.967028 0.989307 0.983745 0.983879 0.976670 0.969188 0.985162 0.982534 0.978799 0.975671 0.966326 0.984428 0.978680 0.968126 0.969116 0.965898 0.980663 0.981477 0.976708 0.969544 0.963292 0.982798 0.977759 0.973861 0.968467 0.963427 0.976250 0.969401 0.961625 0.964500 0.956001 0.970906 0.970243 0.964143 0.965120 0.956484 0.970463 0.964194 0.965972 0.961384 0.955542 0.978951 0.969426 0.962615 0.955897 0.967389 0.969334 0.957609 0.961817 0.971182 0.944396 0.967964 0.967856 0.962021 0.963001 0.967389 0.973206 0.969977 0.961658 0.965173 0.971219 0.969916 0.967473 0.965687 0.966496 0.966965 0.970656 0.965655 0.966365 0.963964 0.955783 0.978313 0.973429 0.962060 0.965071 0.953617 0.973698 0.969731 0.968892 0.970758 0.959126 0.975534 0.970589 0.970934 0.969180 0.960629 0.978701 0.972720 0.969582 0.966449 0.961303 0.975379 0.973698 0.971281 0.968913 0.964499 0.981417 0.971968 0.974565 0.967861 0.963521 0.986243 0.982601 0.979685 0.977154 0.974711 0.975073 0.972238 0.969044 0.967415 0.960813 0.975099 0.971728 0.969509 0.970678 0.963233 0.990158 0.984832 0.981049 0.975423 0.974577 0.987471 0.982477 0.980870 0.979623 0.974092 0.979940 0.975050 0.972982 0.969811 0.962163 
1.009857 1.026758 1.042562 1.051846 1.062304 1.014763 1.020180 1.029188 1.043278 1.062135 1.020063 1.030188 1.033131 1.041791 1.073990 1.019987 1.037497 1.075296 1.057404 1.087426 1.032760 1.025730 1.041862 1.062018 1.075487 1.030782 1.041199 1.049889 1.068921 1.084927 1.041017 1.062115 1.084540 1.093065 1.090615 1.054532 1.058110 1.074278 1.073691 1.087195 1.062892 1.077095 1.074159 1.087729 1.109202 1.039423 1.060508 1.100915 1.091351 1.010030 1.045375 1.090467 1.075659 1.035720 1.172732 1.069114 1.068552 1.079382 1.069829 1.010030 1.052464 1.064140 1.086694 1.081257 1.052908 1.066212 1.070210 1.081069 1.065258 1.076223 1.063279 1.073143 1.070183 1.076188 1.112459 1.035297 1.046823 1.086669 1.066145 1.124009 1.050372 1.055270 1.052305 1.066457 1.096780 1.043732 1.057505 1.056542 1.062681 1.088237 1.037833 1.054863 1.062931 1.071733 1.090476 1.041269 1.042441 1.060056 1.070629 1.080525 1.041495 1.061710 1.051858 1.068721 1.082554 1.017000 1.023790 1.031224 1.034244 1.043496 1.043109 1.052346 1.063856 1.069762 1.091492 1.039933 1.062570 1.067037 1.057452 1.078630 1.011609 1.020740 1.030403 1.045673 1.049078 1.017696 1.023398 1.031196 1.034453 1.045219 1.033242 1.046286 1.052540 1.061341 1.087930 
0.991618 0.992953 0.992410 0.996351 0.994479 0.992176 0.989321 0.994187 0.995198 0.996923 0.991051 0.993711 0.991095 0.992902 1.000835 0.990285 0.993209 1.003843 0.993562 1.008480 0.992791 0.990011 0.993374 0.997422 0.997630 0.994230 0.994786 0.995274 1.000278 1.003731 0.992965 0.997404 1.000736 1.010112 0.997584 0.994751 0.996102 0.998201 0.999137 0.996134 0.998884 0.999715 1.000310 1.003573 1.008239 0.995644 0.996447 1.012517 0.997896 0.963407 0.987213 0.999503 0.995862 0.983567 1.032411 0.999549 0.998932 0.998551 0.994088 0.963407 0.996251 0.999463 1.002141 1.002505 0.993830 0.999204 0.999162 1.004096 0.995729 1.003089 0.999453 0.999190 0.998218 0.999141 1.010605 0.991846 0.993317 1.002964 0.994447 1.014804 0.994965 0.993611 0.990727 1.002079 1.005352 0.993526 0.995924 0.996167 0.997437 1.001656 0.993873 0.996847 0.997996 0.999313 1.004195 0.992832 0.990001 0.998488 1.002126 1.002110 0.999388 1.000149 0.997092 1.000227 1.002086 0.990789 0.990722 0.991396 0.990531 0.992680 0.993232 0.994549 0.997787 0.999216 1.004172 0.990229 1.000558 1.000416 0.996073 0.999510 0.991099 0.991074 0.992600 0.994935 0.995853 0.991926 0.990129 0.992621 0.993337 0.993206 0.992728 0.994817 0.995743 0.997198 1.003748 
0.995278 0.992633 0.989061 0.990115 0.987366 0.993437 0.991270 0.992285 0.991165 0.988866 0.992607 0.992245 0.989838 0.989473 0.989752 0.992090 0.990573 0.990971 0.987641 0.991969 0.991122 0.990205 0.989847 0.989165 0.987284 0.992062 0.991056 0.989709 0.989861 0.989491 0.989676 0.989363 0.987808 0.992109 0.984965 0.988679 0.988934 0.987768 0.988421 0.984606 0.989957 0.988286 0.989070 0.989950 0.988570 0.991507 0.988793 0.992395 0.985042 0.976504 0.985464 0.986123 0.986131 0.984687 0.993586 0.989399 0.989224 0.987216 0.985979 0.976504 0.990353 0.990018 0.988313 0.989412 0.988430 0.989741 0.989034 0.990244 0.987623 0.990414 0.990220 0.988549 0.988471 0.988048 0.989515 0.990027 0.989341 0.988763 0.986728 0.990308 0.989559 0.987881 0.986609 0.991266 0.988694 0.989777 0.988948 0.989206 0.989053 0.987803 0.991053 0.990152 0.989512 0.988903 0.988986 0.989546 0.987792 0.990064 0.990683 0.989233 0.993446 0.990844 0.990560 0.990314 0.988915 0.993039 0.991198 0.990379 0.989761 0.989128 0.989866 0.988921 0.989199 0.989166 0.988822 0.988235 0.990972 0.990211 0.989075 0.987935 0.993752 0.992544 0.991242 0.990415 0.990265 0.992598 0.991302 0.991185 0.990962 0.989315 0.991282 0.990295 0.989637 0.989147 0.989077 
1.001404 1.005221 1.008431 1.010576 1.012584 1.003214 1.003809 1.006054 1.008567 1.012652 1.003828 1.005965 1.006599 1.008294 1.015131 1.003740 1.007578 1.015474 1.011640 1.018220 1.006707 1.004998 1.008498 1.012642 1.015449 1.006336 1.008318 1.010089 1.014158 1.017523 1.008207 1.012644 1.017459 1.019454 1.018497 1.010996 1.011734 1.015128 1.015051 1.017738 1.012945 1.015836 1.015225 1.017770 1.022703 1.007913 1.012266 1.021200 1.018661 1.000611 1.008683 1.018499 1.015259 1.006475 1.036724 1.014228 1.014203 1.016198 1.014094 1.000611 1.010612 1.013134 1.017919 1.016961 1.010769 1.013877 1.014508 1.016636 1.013153 1.015724 1.012986 1.014970 1.014422 1.015562 1.023494 1.006995 1.009267 1.017833 1.013304 1.026030 1.010341 1.011096 1.010415 1.013668 1.020033 1.008811 1.011646 1.011412 1.012730 1.018245 1.007569 1.011071 1.012835 1.014713 1.018739 1.008205 1.008611 1.012197 1.014517 1.016659 1.008552 1.012670 1.010642 1.013847 1.017076 1.002870 1.004517 1.006103 1.006512 1.008685 1.008481 1.010644 1.013042 1.014229 1.018943 1.008010 1.012844 1.013732 1.011670 1.016150 1.001996 1.003802 1.005956 1.009145 1.009972 1.003686 1.004393 1.006222 1.006850 1.008932 1.006461 1.009257 1.010691 1.012515 1.018197 
1.008563 1.012587 1.018406 1.015537 1.021076 1.009372 1.015202 1.010826 1.015011 1.017761 1.012828 1.012464 1.016864 1.017593 1.016255 1.014108 1.014782 1.012978 1.020177 1.010510 1.014054 1.016348 1.015884 1.017265 1.020454 1.011740 1.014433 1.016441 1.015562 1.015614 1.017051 1.017335 1.018606 1.009930 1.024466 1.018813 1.018100 1.019727 1.018484 1.025389 1.015378 1.018246 1.016906 1.016931 1.016047 1.013607 1.018198 1.009027 1.024267 1.046226 1.025795 1.022015 1.022695 1.027642 1.002292 1.016246 1.016674 1.020546 1.023706 1.046226 1.015995 1.015533 1.017500 1.014615 1.019100 1.014550 1.016457 1.013964 1.020470 1.014345 1.014891 1.017900 1.018229 1.019068 1.014067 1.016530 1.018452 1.016901 1.022270 1.011786 1.016430 1.020292 1.023064 1.013197 1.016532 1.016747 1.017841 1.017791 1.017517 1.018350 1.014605 1.015805 1.016686 1.017319 1.016197 1.018328 1.020318 1.015511 1.014036 1.016077 1.008689 1.013605 1.014351 1.016178 1.016613 1.012872 1.015382 1.016377 1.018684 1.018256 1.017694 1.017761 1.017097 1.016916 1.016465 1.019361 1.013567 1.014854 1.017726 1.019004 1.009786 1.013247 1.014624 1.015923 1.015682 1.010808 1.015496 1.014517 1.014947 1.018299 1.014930 1.016163 1.016497 1.017171 1.016110 
1.000313 0.995967 0.993235 0.987725 0.986674 0.999204 1.000278 0.994208 0.990787 0.984830 0.998747 0.994688 0.996096 0.993080 0.978980 0.999638 0.992989 0.976747 0.988139 0.970298 0.994557 0.998896 0.991996 0.984585 0.980886 0.994074 0.991341 0.989079 0.980784 0.974275 0.993054 0.984499 0.976096 0.967644 0.977035 0.988547 0.986697 0.981012 0.980529 0.978971 0.983109 0.978967 0.979412 0.973565 0.964567 0.991759 0.985757 0.963877 0.976618 1.022647 0.996421 0.975707 0.982206 1.001502 0.930557 0.981065 0.981499 0.979390 0.985111 1.022647 0.987602 0.982684 0.974596 0.975095 0.989302 0.981150 0.980707 0.974975 0.985156 0.977097 0.982704 0.980408 0.981762 0.979845 0.962066 0.995026 0.991383 0.974318 0.985821 0.956014 0.988800 0.989107 0.991900 0.980441 0.969941 0.991676 0.986781 0.987158 0.984486 0.974440 0.992765 0.986597 0.983830 0.980615 0.972299 0.993697 0.994243 0.984425 0.979232 0.976298 0.988036 0.982611 0.987032 0.980821 0.975775 1.000125 0.999021 0.996608 0.996610 0.992743 0.992474 0.988777 0.983695 0.981215 0.972039 0.994766 0.982248 0.981178 0.986723 0.978768 1.000615 0.998789 0.995933 0.990416 0.988919 0.998789 0.998997 0.995523 0.994509 0.992036 0.994829 0.990254 0.987988 0.984803 0.973302 
0.988737 0.981067 0.972804 0.969962 0.963122 0.988269 0.982899 0.981389 0.973358 0.964636 0.983557 0.980010 0.977276 0.973503 0.959855 0.983217 0.975945 0.961280 0.965463 0.957164 0.978434 0.980778 0.973902 0.964929 0.957649 0.980465 0.974658 0.970442 0.962771 0.955894 0.974005 0.964620 0.954480 0.954985 0.949345 0.967503 0.966317 0.958623 0.959453 0.950404 0.965319 0.957958 0.959888 0.953015 0.945153 0.976382 0.965201 0.952000 0.949117 0.974304 0.968360 0.950533 0.956640 0.971685 0.923912 0.962252 0.962281 0.956028 0.958726 0.974304 0.969102 0.964914 0.954091 0.957408 0.967890 0.963791 0.961507 0.958310 0.962192 0.960264 0.965439 0.959843 0.960924 0.958098 0.944658 0.976384 0.970547 0.954539 0.960980 0.940694 0.970074 0.966486 0.966479 0.965034 0.950324 0.972660 0.966607 0.967180 0.964579 0.952987 0.975937 0.968306 0.964628 0.960636 0.953116 0.973628 0.971614 0.966631 0.962836 0.957442 0.977431 0.966677 0.970440 0.961961 0.956318 0.984812 0.981852 0.978280 0.975641 0.972459 0.972523 0.968705 0.964057 0.961632 0.952548 0.973129 0.966423 0.963919 0.966712 0.956976 0.988583 0.983129 0.979402 0.972276 0.971077 0.986408 0.981322 0.979072 0.977730 0.971563 0.977567 0.971772 0.969215 0.965212 0.954280 
1.009555 1.006814 1.006943 1.000168 1.002403 1.008230 1.012616 1.004454 1.002736 0.998641 1.010080 1.005389 1.009260 1.006269 0.992140 1.011350 1.005601 0.987479 1.003647 0.979796 1.006404 1.011484 1.004995 0.998042 0.996716 1.004490 1.003197 1.001965 0.993216 0.986983 1.006088 0.998085 0.991241 0.976939 0.995610 1.002680 1.000374 0.996039 0.994735 0.998034 0.995636 0.993447 0.992844 0.987270 0.978299 1.002274 0.999648 0.972823 0.995087 1.052751 1.014485 0.992708 0.999204 1.020479 0.937382 0.994254 0.995002 0.995100 1.002553 1.052751 1.000362 0.994938 0.988997 0.988422 1.004055 0.994448 0.994501 0.986529 1.000390 0.988715 0.994761 0.994513 0.996136 0.994505 0.974615 1.008026 1.005312 0.987914 1.002237 0.967450 1.002124 1.004245 1.008779 0.991021 0.983603 1.004980 1.000505 1.000492 0.997982 0.989543 1.004786 0.999273 0.997054 0.994415 0.985765 1.006762 1.010118 0.996574 0.990471 0.989557 0.996254 0.993881 0.998920 0.993776 0.989430 1.010892 1.010755 1.009173 1.010426 1.006410 1.005725 1.002801 0.997281 0.994691 0.985705 1.009972 0.993264 0.993077 1.000304 0.993701 1.010197 1.010066 1.007395 1.002795 1.001298 1.008839 1.011489 1.007106 1.006039 1.005633 1.006833 1.002974 1.001069 0.998314 0.986631 
1.000051 0.997173 0.995366 0.992241 0.991331 0.999554 0.999696 0.996535 0.993921 0.990378 0.998908 0.996546 0.997240 0.995308 0.986853 0.999306 0.995558 0.985649 0.992287 0.981936 0.996462 0.998927 0.994875 0.990262 0.987952 0.996345 0.994418 0.993003 0.988022 0.984117 0.995349 0.990159 0.985209 0.980384 0.985460 0.992550 0.991442 0.987978 0.987739 0.986578 0.989494 0.986882 0.987170 0.983316 0.978338 0.994629 0.990900 0.978195 0.985219 1.011794 0.996886 0.984740 0.988555 0.999804 0.958626 0.988244 0.988482 0.986988 0.990289 1.011794 0.992026 0.989190 0.984329 0.984897 0.993106 0.988613 0.988103 0.984546 0.990404 0.985847 0.989221 0.987732 0.988565 0.987310 0.976936 0.996572 0.994155 0.984089 0.990743 0.973419 0.992922 0.992830 0.994414 0.987872 0.981513 0.994574 0.991534 0.991716 0.990156 0.984230 0.995294 0.991533 0.989805 0.987885 0.982965 0.995564 0.996104 0.990179 0.987100 0.985381 0.992741 0.989232 0.991907 0.987931 0.985051 0.999622 0.998909 0.997473 0.997194 0.995083 0.994799 0.992844 0.989746 0.988290 0.982798 0.996439 0.988962 0.988255 0.991493 0.986731 1.000420 0.998895 0.997124 0.993706 0.992933 0.999362 0.998913 0.996916 0.996262 0.994568 0.996429 0.993631 0.992372 0.990412 0.983569 
0.997819 0.994297 0.991108 0.988972 0.987154 0.995787 0.995544 0.992933 0.991161 0.987009 0.995593 0.993378 0.992765 0.991241 0.984828 0.995748 0.991673 0.984312 0.987880 0.981756 0.992600 0.994271 0.990761 0.987062 0.984355 0.992832 0.991197 0.989425 0.985615 0.982382 0.991285 0.987178 0.982310 0.980565 0.981382 0.988713 0.987979 0.984707 0.984811 0.982120 0.986714 0.983951 0.984577 0.982652 0.977291 0.991633 0.987448 0.978921 0.981224 0.998761 0.990858 0.981340 0.984436 0.992876 0.963673 0.985482 0.985541 0.983653 0.985744 0.998761 0.989165 0.986637 0.981869 0.982526 0.988872 0.985504 0.985060 0.983096 0.986604 0.984197 0.986678 0.984775 0.985341 0.984295 0.976586 0.992395 0.990486 0.982029 0.986463 0.974111 0.989122 0.988567 0.989239 0.986224 0.979912 0.990692 0.987983 0.988352 0.986980 0.981518 0.991904 0.988554 0.986904 0.985048 0.981157 0.991634 0.990775 0.987463 0.985339 0.983145 0.990757 0.986955 0.988827 0.986256 0.982736 0.996604 0.994980 0.993371 0.993243 0.990886 0.991281 0.988854 0.986659 0.985478 0.980950 0.991270 0.986870 0.985981 0.988016 0.983689 0.996911 0.995634 0.993492 0.990507 0.989656 0.995288 0.995115 0.993201 0.992649 0.990750 0.993059 0.990396 0.988865 0.987132 0.981675 
1.009056 1.011046 1.014235 1.014200 1.017209 1.009503 1.011832 1.011473 1.012911 1.015900 1.010977 1.011478 1.013346 1.013797 1.016149 1.011233 1.013434 1.014530 1.016980 1.014524 1.012617 1.012378 1.014150 1.015570 1.018381 1.011431 1.012981 1.014346 1.015340 1.016729 1.013730 1.015602 1.018743 1.014827 1.021562 1.015397 1.015333 1.017574 1.016899 1.021645 1.015086 1.017540 1.016477 1.017223 1.019505 1.011639 1.015719 1.015170 1.021545 1.023511 1.017545 1.020419 1.019249 1.017527 1.019576 1.016029 1.016277 1.018506 1.018972 1.023511 1.014294 1.014666 1.018337 1.017566 1.015907 1.016469 1.016794 1.015672 1.017009 1.015165 1.014722 1.016945 1.016947 1.017452 1.018850 1.013398 1.014598 1.017564 1.017949 1.018977 1.014916 1.016244 1.017295 1.013581 1.018421 1.014234 1.015456 1.014882 1.015609 1.019036 1.012795 1.014537 1.015480 1.016623 1.017833 1.013315 1.016245 1.014431 1.014466 1.016955 1.010486 1.014037 1.013916 1.014902 1.017412 1.010210 1.011285 1.012603 1.013449 1.014296 1.013762 1.015428 1.015870 1.016287 1.018069 1.015580 1.013808 1.014824 1.015305 1.017946 1.009632 1.010967 1.011738 1.013475 1.013818 1.010210 1.011785 1.012019 1.012068 1.014228 1.012416 1.013760 1.014704 1.015640 1.017530 
1.000283 0.998571 0.998078 0.993376 0.993410 1.001807 1.002658 0.997999 0.994954 0.991436 1.000779 0.997898 1.000200 0.997821 0.986147 1.001663 0.997357 0.984147 0.994551 0.978739 0.998566 1.002314 0.996942 0.991145 0.988834 0.997949 0.995767 0.994566 0.987865 0.982731 0.997790 0.990862 0.984842 0.976580 0.986461 0.994479 0.992868 0.988697 0.988106 0.988128 0.989754 0.986943 0.987018 0.981048 0.975271 0.996095 0.992183 0.973516 0.986102 1.025747 1.001700 0.984974 0.990115 1.005930 0.946429 0.988285 0.988795 0.987585 0.992605 1.025747 0.992876 0.989365 0.983442 0.983572 0.995284 0.988429 0.988162 0.982926 0.992035 0.984708 0.989290 0.987976 0.989177 0.987676 0.972995 0.999136 0.996200 0.982982 0.992879 0.967889 0.994530 0.995176 0.997867 0.987099 0.979531 0.996561 0.992957 0.993154 0.991059 0.983506 0.996860 0.992187 0.990323 0.988022 0.981348 0.998351 0.999546 0.990642 0.986305 0.984516 0.992504 0.988988 0.992708 0.987155 0.984203 1.001319 1.001817 1.000247 1.000047 0.997711 0.996875 0.994663 0.990368 0.988326 0.981188 0.999724 0.988650 0.988017 0.992902 0.986912 1.001905 1.000656 0.999382 0.995183 0.994245 1.001704 1.001479 0.999178 0.998461 0.996850 0.998173 0.995041 0.993739 0.991335 0.982132 
0.994927 0.988235 0.982355 0.977525 0.973483 0.993772 0.991784 0.987209 0.981128 0.973086 0.991206 0.986909 0.986377 0.982605 0.967082 0.991543 0.983807 0.966393 0.975577 0.960332 0.985998 0.989829 0.982135 0.973069 0.967159 0.986695 0.982113 0.978601 0.969646 0.962181 0.982844 0.972874 0.962608 0.957599 0.960656 0.976809 0.975074 0.967726 0.967835 0.962386 0.972348 0.966120 0.967353 0.960360 0.950819 0.983225 0.973935 0.953772 0.960284 1.001412 0.982149 0.960421 0.967496 0.986968 0.919126 0.969549 0.969861 0.965432 0.970326 1.001412 0.977045 0.971920 0.961484 0.963432 0.977462 0.970352 0.968956 0.963824 0.972076 0.966098 0.972162 0.967953 0.969336 0.966739 0.949013 0.985251 0.980107 0.961539 0.971888 0.943283 0.978254 0.976656 0.978389 0.970542 0.956725 0.981317 0.975275 0.975787 0.972837 0.960839 0.983678 0.976056 0.972460 0.968478 0.959574 0.983061 0.982393 0.973819 0.968713 0.964207 0.981408 0.972708 0.977332 0.969436 0.963325 0.992745 0.990480 0.987176 0.985895 0.981887 0.981771 0.977563 0.972086 0.969385 0.959132 0.983460 0.972366 0.970466 0.975298 0.965509 0.994988 0.991075 0.987319 0.980379 0.978814 0.992603 0.990275 0.986909 0.985601 0.981007 0.985792 0.980029 0.977316 0.973348 0.960774 
1.003185 1.018956 1.032363 1.043474 1.051199 1.008609 1.010766 1.022525 1.034846 1.052813 1.011869 1.022651 1.023414 1.032034 1.065865 1.011197 1.028839 1.069020 1.046432 1.083067 1.024515 1.016104 1.032809 1.053055 1.065116 1.023777 1.033033 1.040931 1.061097 1.077537 1.031516 1.053105 1.075367 1.089204 1.078312 1.044551 1.048574 1.064271 1.064417 1.074277 1.054976 1.067970 1.065736 1.079450 1.102153 1.031840 1.050980 1.097869 1.079181 0.983217 1.030960 1.079474 1.063780 1.019782 1.175215 1.060900 1.060096 1.069033 1.057510 0.983217 1.043812 1.056243 1.078187 1.074009 1.042744 1.058674 1.061771 1.074256 1.054544 1.069417 1.055606 1.064064 1.060910 1.066622 1.106721 1.025779 1.036652 1.078518 1.054452 1.119861 1.041413 1.044401 1.039823 1.060073 1.089155 1.034409 1.048009 1.047213 1.053562 1.079266 1.029405 1.046333 1.054252 1.062955 1.082875 1.031420 1.031113 1.051941 1.063768 1.072716 1.036549 1.054709 1.044086 1.060335 1.074490 1.008619 1.014662 1.021776 1.023524 1.033436 1.033267 1.042711 1.054974 1.061111 1.083751 1.028959 1.055672 1.059469 1.048081 1.069174 1.004631 1.012304 1.021864 1.036836 1.040649 1.010837 1.013909 1.022730 1.025953 1.035133 1.024426 1.037308 1.043657 1.052350 1.080313 
1.007019 1.015568 1.023548 1.028384 1.033876 1.009479 1.012272 1.016869 1.023867 1.033741 1.012195 1.017275 1.018837 1.023115 1.039752 1.012074 1.021202 1.040284 1.031593 1.046402 1.018753 1.014929 1.023449 1.033582 1.040704 1.017594 1.022922 1.027374 1.037117 1.045356 1.022782 1.033648 1.045437 1.049307 1.048731 1.029698 1.031535 1.039984 1.039602 1.046988 1.034062 1.041474 1.039854 1.046843 1.058063 1.021766 1.032807 1.053312 1.049106 1.007677 1.025281 1.048586 1.040949 1.020440 1.090565 1.037283 1.037122 1.042688 1.037806 1.007677 1.028714 1.034571 1.046499 1.043860 1.028958 1.036080 1.038025 1.043404 1.035337 1.040714 1.034233 1.039414 1.037920 1.040943 1.059622 1.019926 1.025784 1.046360 1.035869 1.065550 1.027791 1.030187 1.028755 1.035557 1.051592 1.024258 1.031324 1.030648 1.033923 1.047376 1.021227 1.029930 1.034088 1.038680 1.048337 1.022637 1.023846 1.032503 1.037850 1.043205 1.022852 1.033352 1.028430 1.036967 1.044286 1.010437 1.013814 1.017699 1.019282 1.024059 1.023816 1.028758 1.034594 1.037627 1.048886 1.022510 1.033747 1.036151 1.031276 1.042261 1.007849 1.012466 1.017236 1.025189 1.026852 1.010858 1.013840 1.017752 1.019291 1.024894 1.018842 1.025516 1.028760 1.033297 1.047004 
0.999073 1.006690 1.012744 1.018241 1.021484 1.001646 1.002385 1.008132 1.014312 1.022573 1.003053 1.008339 1.008348 1.012680 1.029071 1.002748 1.010918 1.031096 1.019099 1.038069 1.009002 1.004933 1.012813 1.022758 1.028107 1.008857 1.013277 1.016954 1.026872 1.034787 1.012394 1.022787 1.033096 1.041053 1.034009 1.018567 1.020630 1.027962 1.028190 1.031975 1.023784 1.029741 1.028905 1.035787 1.046408 1.013132 1.021717 1.045275 1.034447 0.986088 1.011387 1.034882 1.027356 1.005857 1.082841 1.026521 1.026061 1.030115 1.024237 0.986088 1.018447 1.024587 1.034632 1.032542 1.017411 1.025017 1.026688 1.033458 1.023255 1.031096 1.024241 1.027955 1.026333 1.029162 1.048827 1.009542 1.014845 1.035089 1.022977 1.055355 1.016960 1.018294 1.015733 1.026812 1.040179 1.013648 1.020282 1.020069 1.023046 1.034978 1.011451 1.019607 1.023383 1.027457 1.037137 1.012574 1.011408 1.022532 1.028473 1.032238 1.015591 1.023934 1.018576 1.026626 1.033017 1.001741 1.004560 1.007776 1.008590 1.013259 1.013385 1.017516 1.023621 1.026605 1.037521 1.010506 1.024529 1.026213 1.020364 1.030252 0.999572 1.003334 1.008034 1.015188 1.016922 1.002513 1.003979 1.008366 1.010025 1.014190 1.009144 1.015314 1.018202 1.022371 1.035929 
0.994853 0.996604 0.997071 0.999545 0.998967 0.995649 0.994317 0.997223 0.998573 1.000298 0.995173 0.997106 0.995876 0.997317 1.002884 0.994814 0.997062 1.004732 0.998220 1.007732 0.996727 0.995002 0.997399 1.000562 1.001140 0.997427 0.998210 0.998886 1.002455 1.004974 0.997288 1.000539 1.003144 1.008837 1.001696 0.998825 0.999739 1.001502 1.002007 1.000764 1.001367 1.002371 1.002633 1.004961 1.008324 0.998824 0.999992 1.010445 1.001896 0.979750 0.994365 1.002781 1.000248 0.992009 1.024059 1.001954 1.001618 1.001869 0.999028 0.979750 0.999515 1.001846 1.004036 1.003844 0.998122 1.001355 1.001675 1.005077 0.999814 1.004317 1.001753 1.001958 1.001282 1.002094 1.009758 0.996355 0.997717 1.004606 0.999117 1.012510 0.998645 0.998205 0.996461 1.003423 1.006283 0.997591 0.999577 0.999740 1.000633 1.003787 0.997549 0.999907 1.000899 1.001956 1.005369 0.997395 0.995491 1.001141 1.003613 1.003827 1.000798 1.002058 0.999923 1.002444 1.003884 0.994980 0.995400 0.996010 0.995707 0.997261 0.997574 0.998510 1.000788 1.001811 1.005392 0.995523 1.002391 1.002489 0.999683 1.002320 0.994730 0.995252 0.996661 0.998597 0.999170 0.995550 0.994926 0.996682 0.997275 0.997643 0.996763 0.998498 0.999217 1.000390 1.005032 
0.997555 1.003438 1.007822 1.012817 1.014669 0.999872 0.999480 1.005120 1.009488 1.016096 1.000336 1.004977 1.004359 1.007894 1.021631 0.999878 1.006809 1.023978 1.012811 1.030133 1.005265 1.001621 1.008247 1.016326 1.020271 1.005588 1.008767 1.011627 1.020016 1.026611 1.007723 1.016262 1.024712 1.032703 1.024578 1.012592 1.014436 1.020288 1.020666 1.022741 1.017458 1.021985 1.021504 1.026933 1.036219 1.008889 1.015320 1.036341 1.024973 0.981298 1.005579 1.025702 1.019354 1.000726 1.068680 1.019607 1.019117 1.021951 1.016551 0.981298 1.012790 1.018156 1.026173 1.024866 1.011548 1.018573 1.019707 1.025809 1.016263 1.023725 1.017932 1.020564 1.019129 1.021386 1.038525 1.005382 1.009443 1.026673 1.015745 1.044315 1.011589 1.012141 1.009565 1.020338 1.030957 1.008754 1.014182 1.014012 1.016540 1.026323 1.007254 1.013885 1.016894 1.020213 1.028457 1.007654 1.006336 1.016438 1.021598 1.024393 1.011707 1.017887 1.013285 1.019658 1.024958 0.999249 1.001383 1.003927 1.004138 1.008255 1.008342 1.011884 1.017042 1.019587 1.028736 1.005774 1.018384 1.019595 1.014253 1.022285 0.998081 1.000538 1.004419 1.010158 1.011675 1.000478 1.000790 1.004690 1.006055 1.008989 1.005202 1.010213 1.012637 1.016016 1.027473 
0.997098 0.993730 0.990135 0.989794 0.986987 0.996554 0.994036 0.994265 0.990866 0.987829 0.994710 0.993449 0.991951 0.990436 0.986672 0.994335 0.992022 0.987068 0.987912 0.986287 0.992868 0.992982 0.991141 0.987998 0.985585 0.993678 0.991484 0.989762 0.987461 0.985362 0.990763 0.987990 0.984958 0.985741 0.982580 0.988554 0.988176 0.985719 0.986111 0.982786 0.988443 0.985872 0.986504 0.984470 0.982232 0.991618 0.987903 0.985053 0.982536 0.987437 0.987726 0.983111 0.984698 0.988328 0.977631 0.987445 0.987480 0.984892 0.985390 0.987437 0.989550 0.988034 0.984879 0.986576 0.988984 0.988768 0.987406 0.986034 0.986623 0.986797 0.988379 0.986385 0.986821 0.985648 0.982363 0.991714 0.989554 0.984794 0.986111 0.981463 0.989949 0.988087 0.987867 0.988286 0.983669 0.990644 0.988376 0.988442 0.987752 0.984536 0.991869 0.989278 0.988020 0.986762 0.984643 0.990271 0.990224 0.988503 0.987493 0.985991 0.992789 0.988901 0.990134 0.987002 0.985607 0.994801 0.993297 0.992197 0.991033 0.990100 0.990143 0.989267 0.987856 0.987093 0.984443 0.990662 0.988711 0.987772 0.988424 0.985506 0.996672 0.994381 0.992677 0.990300 0.990128 0.995788 0.993390 0.992712 0.992066 0.989732 0.992272 0.990223 0.989492 0.988133 0.984979 
1.000073 0.994326 0.990106 0.985261 0.982891 0.998454 0.998139 0.993243 0.988383 0.981816 0.997206 0.993134 0.993486 0.990121 0.976171 0.997684 0.991058 0.974630 0.984747 0.968592 0.992637 0.996415 0.989720 0.981637 0.977257 0.992732 0.989193 0.986436 0.978142 0.971566 0.990260 0.981498 0.972947 0.966049 0.972556 0.985230 0.983526 0.977463 0.977210 0.974303 0.980619 0.975815 0.976496 0.970427 0.961814 0.989587 0.982587 0.962423 0.972180 1.013718 0.991723 0.971763 0.978169 0.996534 0.930611 0.978378 0.978688 0.975684 0.980721 1.013718 0.984948 0.980041 0.971656 0.973083 0.986036 0.979225 0.978151 0.972727 0.981474 0.974593 0.980289 0.977337 0.978611 0.976423 0.959666 0.992492 0.988182 0.971388 0.981766 0.954089 0.986249 0.985531 0.987755 0.978149 0.967068 0.989038 0.983756 0.983991 0.981467 0.971367 0.990656 0.984089 0.981018 0.977667 0.969535 0.990261 0.990958 0.981847 0.976812 0.973600 0.987183 0.980499 0.984896 0.978036 0.972969 0.998502 0.996598 0.993999 0.993361 0.989622 0.989394 0.985919 0.980835 0.978396 0.969227 0.991760 0.980039 0.978716 0.983663 0.975416 1.000107 0.997123 0.993712 0.987798 0.986352 0.997826 0.996748 0.993353 0.992132 0.988853 0.992616 0.987636 0.985327 0.981933 0.970558 
1.008131 1.023051 1.037314 1.043530 1.053183 1.012971 1.018749 1.024445 1.036684 1.052125 1.017754 1.025694 1.029415 1.036501 1.060680 1.018200 1.031946 1.061116 1.049066 1.069671 1.028180 1.023657 1.035790 1.051891 1.063025 1.026069 1.034877 1.042320 1.056787 1.069113 1.035682 1.051886 1.069380 1.073818 1.075770 1.046602 1.049215 1.062056 1.061271 1.073400 1.051967 1.063686 1.061134 1.071314 1.087770 1.033688 1.051034 1.079545 1.076280 1.019938 1.041639 1.075043 1.063952 1.034819 1.132663 1.056969 1.056624 1.066169 1.059676 1.019938 1.044011 1.053137 1.070788 1.065537 1.045205 1.053795 1.057708 1.065819 1.055380 1.062111 1.052229 1.060610 1.058345 1.063337 1.089709 1.030970 1.040457 1.070801 1.056519 1.097933 1.042495 1.047559 1.045981 1.054350 1.078407 1.037472 1.048612 1.047957 1.052540 1.072146 1.032273 1.045811 1.052370 1.059314 1.073405 1.036443 1.037302 1.050027 1.057795 1.065710 1.033692 1.050662 1.043166 1.056626 1.067405 1.015491 1.021916 1.027878 1.030824 1.037967 1.037457 1.044443 1.053164 1.057647 1.074257 1.035170 1.051405 1.055208 1.048553 1.065071 1.010216 1.018429 1.026789 1.038931 1.041435 1.015585 1.021308 1.027304 1.030086 1.039318 1.028804 1.039371 1.044302 1.051310 1.071445 
1.005266 1.007115 1.009505 1.009644 1.011691 1.006050 1.007494 1.007484 1.008607 1.010898 1.006874 1.007439 1.008745 1.009223 1.011193 1.007063 1.008814 1.010362 1.011481 1.010548 1.008272 1.008025 1.009407 1.010674 1.012623 1.007518 1.008640 1.009704 1.010695 1.011843 1.009160 1.010654 1.013007 1.010834 1.014870 1.010425 1.010478 1.012150 1.011723 1.014855 1.010389 1.012155 1.011465 1.012027 1.013987 1.007904 1.010747 1.011170 1.014873 1.014520 1.011624 1.014194 1.013231 1.011475 1.015227 1.011070 1.011231 1.012810 1.012894 1.014520 1.009651 1.010188 1.012818 1.012197 1.010643 1.011184 1.011533 1.011185 1.011648 1.010716 1.010207 1.011735 1.011660 1.012109 1.013634 1.008800 1.009745 1.012395 1.012227 1.013932 1.010032 1.010960 1.011524 1.009571 1.013093 1.009450 1.010540 1.010171 1.010733 1.013261 1.008431 1.009841 1.010619 1.011495 1.012593 1.008930 1.010633 1.009985 1.010217 1.011867 1.007190 1.009749 1.009472 1.010303 1.012183 1.006312 1.007297 1.008241 1.008779 1.009561 1.009182 1.010380 1.010868 1.011223 1.012758 1.010194 1.009652 1.010373 1.010451 1.012425 1.005820 1.006862 1.007709 1.009082 1.009331 1.006474 1.007495 1.007902 1.008023 1.009535 1.008089 1.009227 1.009951 1.010705 1.012365 
1.003968 1.010670 1.017779 1.018413 1.023355 1.006984 1.010559 1.011017 1.015834 1.021795 1.009100 1.011668 1.014758 1.017235 1.023410 1.009786 1.014579 1.022690 1.021758 1.024175 1.013148 1.012982 1.016279 1.021545 1.025946 1.011853 1.015235 1.018458 1.022319 1.025943 1.016744 1.021366 1.027070 1.025146 1.031184 1.020602 1.021121 1.025452 1.024749 1.030848 1.020810 1.025320 1.024096 1.026220 1.031491 1.014908 1.021668 1.026430 1.031256 1.023267 1.021902 1.030078 1.027170 1.020691 1.039250 1.022600 1.022568 1.026946 1.026239 1.023267 1.018380 1.021308 1.027084 1.024394 1.020214 1.020887 1.022854 1.024448 1.023822 1.023427 1.020740 1.024325 1.023722 1.025570 1.031280 1.015030 1.018372 1.026932 1.024818 1.032796 1.018388 1.021444 1.022008 1.020756 1.028970 1.016975 1.020822 1.020639 1.021861 1.027780 1.014510 1.018997 1.021344 1.023662 1.027348 1.017457 1.018299 1.020401 1.022074 1.025067 1.013028 1.019822 1.017859 1.022096 1.025758 1.008362 1.011881 1.014069 1.015497 1.017869 1.017212 1.019537 1.021765 1.022999 1.027696 1.017397 1.020025 1.021627 1.020735 1.026000 1.005877 1.009435 1.013087 1.017052 1.017820 1.008469 1.011377 1.013148 1.014267 1.018172 1.013431 1.017217 1.019000 1.021330 1.026769 
1.005242 1.012079 1.019865 1.019476 1.024890 1.009547 1.013207 1.012876 1.016703 1.022660 1.011006 1.013261 1.017284 1.019187 1.022892 1.011965 1.016399 1.021514 1.023617 1.021797 1.015260 1.015828 1.018248 1.022275 1.026654 1.013628 1.016551 1.019791 1.022245 1.024875 1.018738 1.021955 1.026951 1.022332 1.031855 1.022063 1.022164 1.025913 1.024960 1.031918 1.021192 1.025430 1.024011 1.024259 1.029203 1.016090 1.022640 1.022995 1.031842 1.033338 1.025305 1.030179 1.028214 1.025014 1.030345 1.022788 1.023014 1.027320 1.027872 1.033338 1.019149 1.021424 1.026542 1.023881 1.022063 1.021407 1.023213 1.023171 1.024937 1.022548 1.020907 1.024545 1.024295 1.025777 1.028371 1.017239 1.019911 1.026058 1.026305 1.028732 1.019950 1.023212 1.024609 1.020142 1.027470 1.018742 1.021948 1.021662 1.022540 1.027399 1.016023 1.019727 1.021818 1.023845 1.026196 1.019445 1.021319 1.020756 1.021433 1.024537 1.013247 1.019783 1.018758 1.021218 1.025237 1.010110 1.014217 1.016349 1.017608 1.019923 1.018741 1.021134 1.022351 1.023207 1.026545 1.020271 1.019851 1.021469 1.021843 1.026175 1.008114 1.011294 1.014991 1.018236 1.018978 1.010978 1.013540 1.015154 1.016085 1.019852 1.015080 1.018378 1.020225 1.022137 1.025750 
1.003097 0.998648 0.996566 0.989462 0.989314 1.002348 1.004435 0.996611 0.992722 0.986421 1.002163 0.997210 0.999895 0.996199 0.978909 1.003309 0.995910 0.975526 0.991068 0.967278 0.997548 1.003071 0.994864 0.985986 0.982320 0.996539 0.993529 0.991253 0.981035 0.973213 0.996135 0.985834 0.976281 0.963989 0.978594 0.991022 0.988618 0.982187 0.981316 0.981111 0.983895 0.979526 0.979699 0.972175 0.961796 0.993697 0.987555 0.959301 0.978052 1.037901 1.001925 0.976438 0.984318 1.008404 0.918160 0.981629 0.982320 0.980457 0.987994 1.037901 0.989242 0.983350 0.974201 0.974460 0.992167 0.981806 0.981417 0.973663 0.987284 0.976258 0.983240 0.981142 0.982901 0.980645 0.958353 0.998443 0.994225 0.973573 0.988500 0.950628 0.991109 0.992051 0.996043 0.979953 0.968288 0.994479 0.988753 0.989056 0.985875 0.974258 0.995372 0.988101 0.984937 0.981274 0.971078 0.996916 0.998591 0.985335 0.978729 0.975878 0.988380 0.982839 0.988449 0.981192 0.975380 1.003528 1.002824 1.000190 1.000425 0.995975 0.995313 0.991321 0.984917 0.981907 0.970832 0.998968 0.982321 0.981330 0.988646 0.979440 1.004062 1.002195 0.998988 0.992611 0.990849 1.002248 1.002977 0.998576 0.997349 0.994981 0.997730 0.992504 0.989995 0.986278 0.972255 
1.011350 1.024799 1.038736 1.041993 1.052167 1.015915 1.023038 1.025369 1.036280 1.049651 1.020965 1.026854 1.032071 1.037683 1.055139 1.021911 1.032985 1.053830 1.048756 1.058939 1.029729 1.027434 1.036506 1.049164 1.059322 1.026957 1.034816 1.041555 1.051956 1.061290 1.036830 1.049115 1.063238 1.061775 1.071142 1.045937 1.047537 1.058138 1.056856 1.069838 1.048280 1.058656 1.055966 1.063217 1.075740 1.033409 1.048990 1.065611 1.071423 1.040401 1.045947 1.069295 1.061262 1.041832 1.102467 1.052519 1.052522 1.061714 1.058450 1.040401 1.042424 1.049145 1.063700 1.058418 1.045117 1.049519 1.053327 1.057987 1.053477 1.055244 1.048199 1.056138 1.054607 1.058752 1.076111 1.033030 1.040998 1.063297 1.055306 1.081143 1.041791 1.047491 1.047782 1.048710 1.068867 1.038040 1.047021 1.046369 1.049776 1.065220 1.032946 1.043771 1.049200 1.054837 1.064914 1.037818 1.039974 1.046808 1.051828 1.059047 1.030978 1.046327 1.041155 1.051864 1.060625 1.019086 1.025398 1.030506 1.033737 1.039157 1.038289 1.043925 1.050059 1.053352 1.065710 1.037868 1.046810 1.050403 1.046887 1.060082 1.013885 1.021622 1.028751 1.038585 1.040396 1.018626 1.025009 1.029154 1.031419 1.040089 1.030389 1.039041 1.043084 1.048724 1.063384 
1.003228 1.007123 1.010950 1.012264 1.014963 1.004582 1.006318 1.007490 1.010494 1.014498 1.005880 1.007724 1.008993 1.010689 1.016352 1.006035 1.009532 1.016298 1.014036 1.018086 1.008528 1.007570 1.010544 1.014360 1.017288 1.007874 1.010094 1.012052 1.015419 1.018384 1.010472 1.014322 1.018736 1.019038 1.020714 1.013166 1.013767 1.016994 1.016685 1.020212 1.014264 1.017300 1.016563 1.018872 1.022975 1.009710 1.014219 1.020310 1.020822 1.008883 1.012612 1.020383 1.017797 1.011209 1.032771 1.015525 1.015480 1.018063 1.016698 1.008883 1.012342 1.014510 1.018997 1.017639 1.012853 1.014764 1.015800 1.017581 1.015455 1.016539 1.014305 1.016547 1.015997 1.017246 1.023240 1.009341 1.011659 1.018932 1.015863 1.025063 1.012122 1.013548 1.013366 1.014551 1.020726 1.010886 1.013654 1.013400 1.014548 1.019408 1.009476 1.012789 1.014437 1.016176 1.019487 1.010555 1.011151 1.013812 1.015509 1.017628 1.009446 1.013831 1.012130 1.015341 1.018083 1.005246 1.006991 1.008521 1.009331 1.011087 1.010868 1.012675 1.014672 1.015723 1.019722 1.010614 1.013976 1.015026 1.013601 1.017665 1.003888 1.006018 1.008145 1.011157 1.011702 1.005297 1.006904 1.008285 1.008942 1.011388 1.008637 1.011275 1.012516 1.014247 1.019008 
0.988281 0.983959 0.977277 0.981258 0.974759 0.986784 0.980119 0.985659 0.981897 0.978958 0.983189 0.984122 0.978531 0.978296 0.981709 0.981687 0.981217 0.985963 0.975390 0.989744 0.981944 0.978882 0.980021 0.979650 0.976097 0.984774 0.982190 0.980028 0.982207 0.982953 0.978844 0.979653 0.978763 0.990743 0.971614 0.977370 0.978490 0.977134 0.978745 0.970265 0.982004 0.979028 0.980707 0.981995 0.983387 0.983386 0.978425 0.992274 0.971905 0.939808 0.967947 0.974791 0.973256 0.965074 1.004025 0.981193 0.980524 0.976273 0.971765 0.939808 0.980928 0.982065 0.980340 0.983385 0.976702 0.982633 0.980729 0.984882 0.975774 0.984272 0.982724 0.979321 0.978690 0.978079 0.986136 0.979142 0.977595 0.981324 0.973464 0.989596 0.979818 0.975438 0.971677 0.985372 0.982241 0.979281 0.978663 0.978890 0.979410 0.979239 0.981773 0.981200 0.980456 0.979995 0.982327 0.977628 0.974289 0.981897 0.984413 0.981961 0.989508 0.984314 0.982676 0.981820 0.981350 0.983377 0.980343 0.979312 0.976833 0.977484 0.978466 0.978300 0.979901 0.980454 0.982018 0.975429 0.984514 0.983040 0.978838 0.978153 0.986392 0.982859 0.981546 0.980688 0.981056 0.985127 0.980081 0.981582 0.981336 0.977707 0.981325 0.980388 0.980050 0.979660 0.982325 
0.998777 0.996773 0.994566 0.994407 0.992864 0.997954 0.996790 0.996695 0.995166 0.993369 0.997237 0.996449 0.995505 0.994736 0.992870 0.997013 0.995576 0.993138 0.993387 0.992695 0.996031 0.996039 0.995064 0.993435 0.992080 0.996433 0.995372 0.994385 0.993226 0.992125 0.994896 0.993483 0.991764 0.992406 0.990476 0.993702 0.993557 0.992239 0.992457 0.990570 0.993681 0.992291 0.992670 0.991999 0.990456 0.995484 0.993391 0.992018 0.990456 0.992679 0.993274 0.990837 0.991716 0.993643 0.988232 0.993127 0.993153 0.991783 0.991962 0.992679 0.994403 0.993525 0.991771 0.992620 0.993810 0.993666 0.993057 0.992612 0.992727 0.992885 0.993712 0.992599 0.992777 0.992207 0.990528 0.995418 0.994379 0.991824 0.992411 0.990091 0.994417 0.993442 0.993245 0.993697 0.991209 0.994821 0.993660 0.993699 0.993342 0.991556 0.995583 0.994209 0.993503 0.992802 0.991698 0.994648 0.994401 0.993804 0.993308 0.992390 0.996093 0.993994 0.994592 0.993265 0.992178 0.997426 0.996372 0.995700 0.995241 0.994545 0.994738 0.994048 0.993372 0.992993 0.991593 0.994680 0.993936 0.993450 0.993688 0.992076 0.998210 0.997113 0.996016 0.994817 0.994569 0.997457 0.996526 0.996012 0.995660 0.994444 0.995901 0.994756 0.994217 0.993508 0.991873 
1.001805 1.001735 1.002076 1.000453 1.001242 1.001642 1.003033 1.000906 1.001075 1.000276 1.002354 1.001299 1.002385 1.001896 0.998886 1.002744 1.001424 0.997792 1.001394 0.996028 1.001588 1.002841 1.001383 1.000127 0.999961 1.001042 1.001031 1.000889 0.999060 0.997762 1.001793 1.000159 0.998670 0.995388 0.999930 1.001198 1.000705 0.999862 0.999534 1.000487 0.999489 0.999180 0.999025 0.998064 0.995900 1.000912 1.000533 0.994458 0.999811 1.013041 1.004078 0.999227 1.000666 1.005458 0.986571 0.999234 0.999401 0.999687 1.001401 1.013041 1.000584 0.999428 0.998172 0.997756 1.001390 0.998943 0.999208 0.997631 1.000833 0.998087 0.999328 0.999412 0.999734 0.999506 0.995027 1.002130 1.001783 0.998013 1.001292 0.993399 1.000828 1.001586 1.002646 0.998546 0.997063 1.001489 1.000682 1.000735 1.000159 0.998296 1.001346 1.000255 0.999899 0.999353 0.997474 1.002129 1.002615 0.999788 0.998470 0.998250 0.999277 0.999074 1.000100 0.999319 0.998244 1.002555 1.002748 1.002418 1.002919 1.001947 1.001869 1.001062 0.999936 0.999338 0.997473 1.002557 0.998993 0.999021 1.000645 0.999273 1.001905 1.002347 1.001975 1.001119 1.000717 1.001803 1.002857 1.001868 1.001717 1.001853 1.001816 1.001140 1.000679 1.000158 0.997656 
0.995455 0.998561 0.999507 1.005001 1.004508 0.995719 0.993807 0.999782 1.002851 1.007059 0.995718 0.999505 0.996979 0.999890 1.012903 0.994827 0.999995 1.016019 1.003163 1.022377 0.998907 0.994729 1.000704 1.007447 1.009641 0.999929 1.002079 1.003596 1.011418 1.017243 0.999908 1.007564 1.014243 1.024864 1.011901 1.003557 1.005505 1.010035 1.010858 1.009917 1.009144 1.012040 1.012180 1.018136 1.025517 1.002391 1.006220 1.028402 1.012328 0.965141 0.994717 1.013892 1.008066 0.989757 1.059550 1.010695 1.010083 1.011168 1.005138 0.965141 1.005213 1.009752 1.016002 1.015809 1.002385 1.010163 1.010609 1.017256 1.006211 1.015201 1.009813 1.010952 1.009505 1.011261 1.028318 0.998135 1.001301 1.016795 1.005028 1.034323 1.003458 1.002572 0.999171 1.012683 1.020695 1.001014 1.005345 1.005268 1.007581 1.015768 1.000665 1.006034 1.008302 1.010895 1.018597 0.999470 0.997186 1.008308 1.013482 1.015013 1.006668 1.010268 1.005830 1.011519 1.015297 0.995002 0.995273 0.996987 0.996764 0.999937 1.000681 1.003215 1.008194 1.010487 1.018741 0.997095 1.010780 1.011362 1.005461 1.012008 0.994444 0.995781 0.998150 1.002822 1.003990 0.995581 0.995001 0.998362 0.999363 1.000813 0.998997 1.002800 1.004455 1.007192 1.017748 
1.011821 1.020744 1.030642 1.031940 1.040008 1.013962 1.020367 1.020290 1.028396 1.037397 1.018605 1.021831 1.026198 1.029719 1.040596 1.019450 1.026361 1.038350 1.037711 1.040880 1.024066 1.023008 1.028727 1.036924 1.044423 1.021465 1.027288 1.031887 1.038121 1.044003 1.029095 1.037070 1.046400 1.042513 1.053133 1.035336 1.036071 1.043305 1.042098 1.052594 1.035858 1.043281 1.041097 1.046198 1.053369 1.025711 1.037064 1.044704 1.053249 1.040440 1.037398 1.051144 1.046194 1.035299 1.066067 1.038807 1.039032 1.045852 1.044798 1.040440 1.032582 1.036285 1.046294 1.042304 1.035110 1.036806 1.039529 1.041291 1.040549 1.039753 1.035571 1.041533 1.040761 1.043491 1.053000 1.026722 1.032327 1.045678 1.042302 1.055484 1.032239 1.036798 1.037905 1.035213 1.049136 1.029985 1.035735 1.035208 1.037327 1.047576 1.026233 1.033264 1.036866 1.040595 1.046599 1.029937 1.032447 1.034775 1.037454 1.042872 1.022812 1.033973 1.031080 1.038548 1.044048 1.017338 1.021502 1.025016 1.027906 1.030904 1.030338 1.033910 1.037542 1.039538 1.047190 1.030736 1.034201 1.036865 1.035620 1.044421 1.013187 1.019077 1.023346 1.029958 1.030983 1.016034 1.021705 1.023651 1.025023 1.031528 1.024785 1.030406 1.032944 1.036653 1.045580 
0.978403 0.969180 0.956008 0.961636 0.949479 0.975304 0.963384 0.971549 0.963743 0.956543 0.968671 0.969000 0.959242 0.957823 0.959865 0.966098 0.963201 0.966792 0.951023 0.971870 0.965022 0.960642 0.960602 0.957761 0.950189 0.969996 0.964455 0.959758 0.961276 0.960645 0.958843 0.957804 0.953572 0.972902 0.940784 0.954828 0.956262 0.952070 0.954888 0.938906 0.961627 0.954923 0.958118 0.958780 0.958472 0.966718 0.955871 0.974621 0.941188 0.896544 0.939836 0.946122 0.945212 0.935986 0.985864 0.959522 0.958527 0.950003 0.943562 0.896544 0.961079 0.961688 0.955970 0.961630 0.953916 0.962192 0.958532 0.964201 0.950808 0.963963 0.962771 0.955856 0.955208 0.953451 0.962796 0.959956 0.956096 0.957638 0.946812 0.967272 0.959376 0.951434 0.945454 0.966995 0.958023 0.959248 0.956584 0.957167 0.957255 0.953913 0.964193 0.961219 0.959010 0.957186 0.958923 0.956987 0.950993 0.961729 0.964826 0.959482 0.976674 0.965616 0.963991 0.960954 0.958206 0.969338 0.963459 0.960784 0.956297 0.956286 0.958018 0.956587 0.957950 0.958204 0.958273 0.953111 0.965902 0.962849 0.956939 0.953298 0.974996 0.968055 0.964635 0.961437 0.961683 0.972206 0.963106 0.964616 0.963842 0.956452 0.963959 0.960865 0.959520 0.957827 0.959218 
1.005243 1.010206 1.015123 1.017754 1.021242 1.006730 1.008600 1.011093 1.015067 1.020932 1.008398 1.011266 1.012427 1.014813 1.024256 1.008410 1.013716 1.024189 1.019931 1.027564 1.012278 1.010152 1.015076 1.020814 1.025183 1.011440 1.014589 1.017221 1.022662 1.027371 1.014631 1.020863 1.027815 1.029200 1.030053 1.018683 1.019639 1.024607 1.024291 1.029122 1.020998 1.025438 1.024363 1.028235 1.034743 1.013671 1.020407 1.031461 1.030253 1.008122 1.016567 1.029747 1.025364 1.013873 1.052401 1.022919 1.022864 1.026236 1.023694 1.008122 1.017944 1.021138 1.028301 1.026774 1.018438 1.022436 1.023469 1.026047 1.021971 1.024601 1.020991 1.024196 1.023417 1.025110 1.035502 1.013036 1.016394 1.028042 1.022433 1.038737 1.017582 1.019083 1.018511 1.021528 1.031047 1.015555 1.019542 1.019087 1.020979 1.028907 1.013609 1.018636 1.021065 1.023755 1.029202 1.014489 1.015734 1.019981 1.022890 1.026274 1.014099 1.020403 1.017729 1.022334 1.026940 1.007279 1.009313 1.011689 1.012654 1.015415 1.015164 1.018177 1.021420 1.023122 1.029537 1.014866 1.020557 1.022014 1.019493 1.025945 1.005810 1.008524 1.011266 1.015842 1.016883 1.007591 1.009368 1.011603 1.012439 1.015834 1.012243 1.016083 1.018054 1.020666 1.028425 
1.004533 1.003574 1.003543 1.001299 1.002234 1.003603 1.005457 1.002574 1.002245 1.000912 1.004705 1.002935 1.004275 1.003287 0.998879 1.005066 1.003197 0.997142 1.002659 0.994548 1.003288 1.004927 1.002927 1.000678 1.000434 1.002566 1.002308 1.001914 0.999060 0.997104 1.003216 1.000747 0.998666 0.993619 1.000321 1.002187 1.001436 1.000163 0.999671 1.001130 0.999845 0.999303 0.999024 0.997582 0.994447 1.001800 1.001222 0.992257 1.000147 1.019380 1.006318 0.999298 1.001391 1.008358 0.980900 0.999458 0.999686 0.999923 1.002403 1.019380 1.001480 0.999598 0.997901 0.997693 1.002661 0.999577 0.999620 0.996945 1.001574 0.997539 0.999542 0.999626 1.000130 0.999642 0.993154 1.003912 1.003140 0.997493 1.002249 0.990794 1.001984 1.002784 1.004349 0.998180 0.996116 1.002944 1.001501 1.001426 1.000673 0.998136 1.002861 1.001072 1.000391 0.999573 0.996787 1.003324 1.004712 1.000138 0.998083 0.997968 0.999776 0.999213 1.000871 0.999578 0.997960 1.004899 1.004701 1.004223 1.004825 1.003352 1.003217 1.002268 1.000482 0.999608 0.996789 1.004663 0.998974 0.999001 1.001400 0.999403 1.004456 1.004637 1.003595 1.002205 1.001641 1.003935 1.005190 1.003489 1.003100 1.003166 1.003533 1.002324 1.001638 1.000783 0.997047 
1.001402 1.003000 1.004296 1.005872 1.006641 1.001998 1.001957 1.003639 1.004737 1.006958 1.002181 1.003464 1.003372 1.004268 1.008606 1.002005 1.004224 1.008996 1.006249 1.010811 1.003746 1.002422 1.004685 1.006956 1.008460 1.003650 1.004647 1.005502 1.008007 1.010051 1.004287 1.006979 1.009883 1.011611 1.010066 1.005803 1.006315 1.008285 1.008309 1.009533 1.007315 1.008867 1.008563 1.010248 1.013255 1.004314 1.006646 1.012728 1.010181 0.997489 1.003930 1.010257 1.008231 1.002499 1.022882 1.008031 1.008003 1.008897 1.007353 0.997489 1.005901 1.007314 1.010238 1.010002 1.005684 1.008118 1.008274 1.009689 1.007022 1.008993 1.007370 1.008362 1.007999 1.008594 1.013850 1.003672 1.004861 1.010179 1.006988 1.015583 1.005716 1.005787 1.005169 1.007786 1.011556 1.004747 1.006330 1.006105 1.006988 1.010401 1.004185 1.006211 1.007156 1.008256 1.010798 1.004015 1.004391 1.006814 1.008291 1.009537 1.005178 1.007270 1.006035 1.007705 1.009759 1.001641 1.002170 1.003082 1.003186 1.004464 1.004421 1.005760 1.007257 1.008026 1.010911 1.004113 1.007343 1.007816 1.006332 1.008985 1.001466 1.002163 1.003131 1.004978 1.005452 1.002085 1.002203 1.003334 1.003604 1.004620 1.003551 1.005042 1.005869 1.006917 1.010465 
0.998149 1.005617 1.010985 1.017646 1.020161 1.000355 1.000242 1.007367 1.013512 1.022042 1.001549 1.007326 1.006413 1.011068 1.029599 1.000883 1.009792 1.032498 1.017749 1.040632 1.007681 1.002708 1.011594 1.022312 1.027624 1.007982 1.012402 1.016060 1.027229 1.036026 1.010845 1.022351 1.033554 1.044053 1.033461 1.017331 1.019800 1.027640 1.028114 1.031021 1.023814 1.029893 1.029223 1.037119 1.048889 1.012353 1.020982 1.048874 1.033986 0.975973 1.008134 1.034946 1.026501 1.001737 1.092041 1.026686 1.026058 1.029880 1.022693 0.975973 1.017849 1.024711 1.035494 1.033763 1.015933 1.025331 1.026858 1.034997 1.022286 1.032122 1.024454 1.028001 1.026077 1.029094 1.051911 1.007838 1.013379 1.036150 1.021617 1.059617 1.016027 1.016771 1.013361 1.027569 1.041856 1.012321 1.019485 1.019209 1.022612 1.035715 1.010387 1.019168 1.023157 1.027549 1.038520 1.010679 1.009051 1.022461 1.029303 1.033083 1.016084 1.024369 1.018263 1.027163 1.033848 1.000119 1.002548 1.005881 1.006437 1.011562 1.011910 1.016416 1.023329 1.026677 1.038904 1.008306 1.025026 1.026682 1.019567 1.030291 0.998227 1.001771 1.006542 1.014263 1.016119 1.001109 1.002062 1.006902 1.008634 1.012656 1.007791 1.014377 1.017415 1.021917 1.037192 
1.010951 1.018347 1.028223 1.024626 1.032847 1.014263 1.021955 1.017057 1.022775 1.028270 1.018163 1.018856 1.025522 1.027049 1.026186 1.020036 1.022669 1.022338 1.031476 1.019319 1.021453 1.024557 1.024730 1.027514 1.032560 1.018361 1.022219 1.025854 1.025509 1.026350 1.026243 1.027293 1.030452 1.018763 1.038953 1.029280 1.028524 1.031563 1.029773 1.040075 1.024923 1.029606 1.027607 1.026893 1.028145 1.021428 1.028758 1.017801 1.038711 1.065410 1.038799 1.035604 1.035940 1.041091 1.011993 1.026415 1.026956 1.032954 1.036830 1.065410 1.024732 1.025243 1.029052 1.024803 1.029487 1.023852 1.026790 1.024090 1.032210 1.024097 1.024334 1.028983 1.029211 1.030725 1.025463 1.025056 1.027965 1.028285 1.034737 1.022847 1.025792 1.031421 1.035091 1.022017 1.028209 1.025690 1.028167 1.027977 1.027949 1.030304 1.022255 1.024881 1.026593 1.028009 1.027376 1.027869 1.030725 1.025088 1.023475 1.026744 1.014715 1.022471 1.023030 1.025461 1.027591 1.017956 1.022692 1.024571 1.027414 1.028027 1.026728 1.027768 1.027264 1.027364 1.027806 1.029378 1.022456 1.024521 1.027966 1.030697 1.014034 1.018809 1.022103 1.024592 1.024549 1.016423 1.022299 1.022012 1.022901 1.027951 1.022235 1.024832 1.025972 1.027379 1.027161 
0.999468 1.004243 1.007723 1.012467 1.014200 1.000386 1.000406 1.005345 1.009703 1.015526 1.001484 1.005424 1.004583 1.007782 1.020994 1.000960 1.007074 1.022822 1.012495 1.028625 1.005552 1.001942 1.008234 1.015739 1.019516 1.005728 1.008881 1.011325 1.019173 1.025373 1.007649 1.015846 1.023722 1.031051 1.023596 1.012220 1.013926 1.019458 1.019799 1.021874 1.016823 1.021098 1.020603 1.026456 1.034469 1.008643 1.014779 1.034488 1.023967 0.983002 1.005620 1.024611 1.018602 1.001036 1.064962 1.018859 1.018413 1.021046 1.015997 0.983002 1.012730 1.017385 1.025064 1.023937 1.011336 1.018082 1.019027 1.024559 1.015657 1.022629 1.017224 1.019735 1.018420 1.020488 1.036628 1.005616 1.009533 1.025446 1.015200 1.042068 1.011370 1.011817 1.009441 1.019406 1.029499 1.008806 1.013716 1.013509 1.015914 1.025240 1.007504 1.013631 1.016375 1.019450 1.027183 1.007492 1.006530 1.015780 1.020598 1.023354 1.011362 1.017175 1.012908 1.019289 1.023895 1.000504 1.001880 1.004226 1.004687 1.008137 1.008474 1.011623 1.016502 1.018867 1.027451 1.005972 1.017601 1.018746 1.013774 1.021387 0.999206 1.001647 1.004680 1.010098 1.011425 1.000946 1.001711 1.004944 1.006098 1.008937 1.005713 1.010235 1.012319 1.015464 1.026236 
0.992169 0.989741 0.985656 0.988705 0.984828 0.990535 0.986661 0.990313 0.989101 0.987628 0.988870 0.989821 0.985983 0.986320 0.990265 0.987880 0.987904 0.993067 0.984881 0.996226 0.988230 0.985861 0.987212 0.988126 0.986261 0.989958 0.988954 0.987772 0.990205 0.991429 0.986611 0.988262 0.988378 0.997148 0.983844 0.986296 0.987220 0.986995 0.988094 0.982776 0.989710 0.988323 0.989389 0.991544 0.992690 0.989742 0.987253 0.998551 0.984073 0.958692 0.979436 0.985997 0.984305 0.976994 1.009473 0.989427 0.988963 0.986604 0.983143 0.958692 0.988774 0.989946 0.989568 0.991137 0.985659 0.989918 0.989003 0.992512 0.985678 0.992017 0.990251 0.988358 0.987800 0.987728 0.994748 0.986525 0.986282 0.990353 0.984131 0.997592 0.987552 0.984967 0.982259 0.992389 0.991409 0.987015 0.987233 0.987478 0.988013 0.988839 0.988558 0.988958 0.988764 0.988776 0.991176 0.986104 0.983365 0.989592 0.991871 0.990466 0.993761 0.991246 0.989596 0.990454 0.990128 0.989132 0.987075 0.986579 0.985349 0.985848 0.986765 0.986643 0.988367 0.989042 0.991003 0.983989 0.991508 0.990677 0.987396 0.987822 0.990473 0.988806 0.988074 0.988259 0.988535 0.989513 0.986971 0.988076 0.988099 0.986220 0.988206 0.988081 0.987909 0.988055 0.991059 
1.004933 0.997128 0.992189 0.982097 0.980904 1.002480 1.005177 0.993700 0.987581 0.977147 1.002492 0.994449 0.997534 0.991771 0.966504 1.003908 0.992144 0.961607 0.983748 0.949658 0.994645 1.002315 0.990183 0.976562 0.970576 0.993368 0.988655 0.984604 0.969428 0.957721 0.991788 0.976530 0.961895 0.944839 0.964364 0.983813 0.980336 0.970462 0.969351 0.967973 0.973771 0.966764 0.967220 0.956997 0.940629 0.988661 0.978742 0.937971 0.963586 1.049424 0.998987 0.961545 0.973212 1.008398 0.877687 0.970243 0.971203 0.967754 0.978490 1.049424 0.982067 0.972822 0.958958 0.959934 0.985524 0.970942 0.969961 0.958693 0.977957 0.962447 0.972858 0.969234 0.971808 0.968262 0.935788 0.995538 0.989053 0.958068 0.979485 0.924624 0.984436 0.985129 0.990648 0.968136 0.950234 0.989568 0.980615 0.981016 0.976347 0.958925 0.991366 0.980100 0.975231 0.969575 0.954489 0.992608 0.995012 0.975868 0.966193 0.961669 0.981623 0.972477 0.980787 0.970101 0.960843 1.004422 1.002343 0.998160 0.998495 0.991326 0.990801 0.984497 0.975099 0.970468 0.954083 0.995751 0.971671 0.969991 0.980454 0.966499 1.005163 1.002271 0.996675 0.986953 0.984170 1.002015 1.003012 0.996066 0.994008 0.990009 0.994986 0.986835 0.982742 0.977036 0.956240 
1.024392 1.028735 1.039421 1.025941 1.037680 1.026699 1.040850 1.024101 1.027553 1.027585 1.033031 1.027219 1.039837 1.037237 1.015918 1.036901 1.031483 1.005601 1.038144 0.991302 1.031501 1.042071 1.032952 1.025871 1.029125 1.025547 1.027675 1.029820 1.016964 1.008893 1.036119 1.025609 1.019085 0.986608 1.034237 1.034334 1.030329 1.027256 1.023512 1.038875 1.019723 1.021433 1.018539 1.009565 0.998287 1.025813 1.029496 0.979626 1.033238 1.143530 1.061356 1.026698 1.036471 1.072502 0.922867 1.019249 1.020923 1.027340 1.041966 1.143530 1.026207 1.019103 1.014476 1.009147 1.036325 1.016604 1.019940 1.006135 1.034214 1.009001 1.017965 1.022380 1.024860 1.024179 0.990161 1.037577 1.036693 1.012275 1.039442 0.977186 1.029887 1.038823 1.049050 1.010163 1.005959 1.033791 1.030158 1.029914 1.026310 1.016522 1.029919 1.024792 1.023480 1.021182 1.008130 1.038753 1.046270 1.021401 1.010983 1.012902 1.010121 1.014749 1.022511 1.017375 1.013594 1.033982 1.039046 1.038717 1.043424 1.038446 1.036059 1.032890 1.024473 1.020855 1.008498 1.044740 1.013916 1.015845 1.029656 1.022897 1.028801 1.033673 1.033658 1.029708 1.027391 1.029580 1.039461 1.033156 1.032603 1.037245 1.032823 1.030101 1.028584 1.026136 1.009161 
1.003696 1.002874 1.002131 1.002937 1.002984 1.002097 1.002292 1.002661 1.002964 1.003210 1.002842 1.002708 1.002124 1.002129 1.004165 1.002545 1.002867 1.003865 1.003078 1.004593 1.002615 1.001672 1.002720 1.003181 1.003771 1.002459 1.002858 1.002729 1.003565 1.004295 1.002241 1.003410 1.004462 1.004923 1.004323 1.002661 1.002831 1.003570 1.003572 1.004103 1.003448 1.003948 1.003776 1.005321 1.005633 1.002141 1.003002 1.005375 1.004371 0.999143 1.001794 1.004406 1.003577 1.001227 1.009601 1.003700 1.003745 1.003827 1.003183 0.999143 1.003295 1.003211 1.004567 1.004886 1.002820 1.004301 1.003997 1.004170 1.003051 1.003843 1.003402 1.003727 1.003647 1.003695 1.005866 1.002332 1.002719 1.004359 1.003039 1.006582 1.003024 1.002676 1.002444 1.003336 1.004925 1.002732 1.002948 1.002697 1.003135 1.004684 1.002764 1.003268 1.003431 1.003773 1.004717 1.001769 1.002598 1.003073 1.003560 1.004258 1.002833 1.003386 1.003083 1.003945 1.004347 1.002617 1.001741 1.002014 1.002270 1.002221 1.002522 1.002912 1.003458 1.003716 1.004768 1.002482 1.003313 1.003484 1.002924 1.003959 1.002632 1.002755 1.002075 1.002731 1.002763 1.001996 1.002390 1.002226 1.002045 1.002379 1.002699 1.002873 1.002934 1.003230 1.004561 
0.995335 0.992557 0.988873 0.990538 0.987322 0.994062 0.990933 0.993173 0.991108 0.989230 0.992452 0.992522 0.989763 0.989351 0.990310 0.991713 0.990976 0.992015 0.987766 0.993516 0.991424 0.990039 0.990254 0.989548 0.987684 0.992688 0.991294 0.989992 0.990536 0.990505 0.989657 0.989620 0.988725 0.993857 0.985302 0.988670 0.989066 0.988107 0.988850 0.984764 0.990635 0.988958 0.989753 0.990247 0.990209 0.991679 0.989006 0.994410 0.985418 0.972627 0.984512 0.986711 0.986290 0.983364 0.998218 0.990131 0.989887 0.987618 0.985803 0.972627 0.990475 0.990553 0.989364 0.990973 0.988509 0.991047 0.989958 0.991386 0.987664 0.991290 0.990906 0.989149 0.988983 0.988496 0.991400 0.989998 0.989030 0.989723 0.986616 0.992721 0.989990 0.987779 0.986172 0.991982 0.989946 0.989897 0.989186 0.989274 0.989390 0.988857 0.991212 0.990515 0.989935 0.989519 0.990158 0.989041 0.987735 0.990545 0.991448 0.990223 0.994480 0.991654 0.991195 0.990462 0.989905 0.992598 0.990776 0.990140 0.988998 0.988970 0.989486 0.989211 0.989668 0.989798 0.989997 0.988255 0.991698 0.990920 0.989275 0.988533 0.994176 0.992288 0.991159 0.990426 0.990519 0.993197 0.990835 0.991201 0.990932 0.989034 0.991153 0.990315 0.989982 0.989581 0.990202 
1.002771 1.003910 1.005656 1.004975 1.006514 1.003157 1.004625 1.003688 1.004649 1.005643 1.003941 1.004002 1.005216 1.005428 1.005224 1.004261 1.004736 1.004424 1.006319 1.003804 1.004480 1.005033 1.005087 1.005485 1.006456 1.003881 1.004571 1.005212 1.005070 1.005196 1.005294 1.005454 1.006065 1.003688 1.007677 1.005824 1.005666 1.006231 1.005875 1.007901 1.005004 1.005879 1.005476 1.005345 1.005537 1.004320 1.005718 1.003484 1.007629 1.012949 1.007695 1.007025 1.007112 1.008173 1.002305 1.005282 1.005392 1.006502 1.007265 1.012949 1.005006 1.005010 1.005779 1.005063 1.005915 1.004930 1.005411 1.004777 1.006369 1.004750 1.004873 1.005760 1.005816 1.006063 1.004997 1.005131 1.005620 1.005583 1.006864 1.004474 1.005245 1.006254 1.006981 1.004345 1.005556 1.005232 1.005627 1.005543 1.005558 1.006037 1.004602 1.005049 1.005322 1.005580 1.005419 1.005501 1.006249 1.005004 1.004637 1.005320 1.003098 1.004519 1.004688 1.005076 1.005485 1.003903 1.004650 1.005009 1.005544 1.005617 1.005371 1.005606 1.005459 1.005480 1.005504 1.005999 1.004483 1.004883 1.005575 1.006080 1.003272 1.004066 1.004534 1.004969 1.004948 1.003569 1.004666 1.004532 1.004649 1.005593 1.004624 1.005035 1.005239 1.005478 1.005378 
1.003844 1.010698 1.015685 1.024046 1.026902 1.004481 1.004290 1.012843 1.019295 1.029159 1.006433 1.012600 1.010914 1.015746 1.038479 1.005224 1.015669 1.040981 1.024498 1.050834 1.013004 1.006225 1.017396 1.029413 1.036170 1.013103 1.018215 1.022026 1.035136 1.045630 1.015734 1.029728 1.043569 1.055000 1.043314 1.023327 1.026126 1.035695 1.036173 1.040397 1.031439 1.038755 1.037674 1.047768 1.061503 1.016923 1.027700 1.060887 1.043942 0.974575 1.012175 1.044879 1.034500 1.004394 1.113361 1.034934 1.034384 1.038531 1.030008 0.974575 1.024604 1.031926 1.045707 1.044495 1.022320 1.034789 1.035707 1.044110 1.029152 1.040729 1.031929 1.036323 1.034258 1.037428 1.065072 1.012652 1.018955 1.045880 1.028510 1.074342 1.022631 1.022793 1.018948 1.035016 1.052894 1.018109 1.026009 1.025268 1.029593 1.046202 1.015974 1.026095 1.030619 1.035911 1.049060 1.014743 1.014826 1.029212 1.037197 1.042586 1.022008 1.031784 1.024941 1.035294 1.043563 1.004310 1.005874 1.009993 1.010700 1.016467 1.016992 1.022866 1.030926 1.034904 1.049550 1.013738 1.032292 1.034325 1.026060 1.039234 1.002866 1.006482 1.010686 1.019874 1.022141 1.005271 1.006293 1.011388 1.012925 1.017686 1.012905 1.020254 1.023845 1.029085 1.047398 
0.989336 0.987271 0.982342 0.987803 0.982740 0.987908 0.982187 0.988773 0.987514 0.986954 0.985581 0.987637 0.982263 0.983274 0.991827 0.983970 0.985681 0.996009 0.982518 1.001840 0.985729 0.981439 0.984920 0.987703 0.986092 0.988214 0.987326 0.986207 0.991328 0.994463 0.983724 0.987896 0.990106 1.003713 0.983669 0.984302 0.985922 0.986931 0.988529 0.981781 0.990234 0.989290 0.990579 0.994579 0.998454 0.988119 0.986219 1.006523 0.984076 0.939165 0.973080 0.986832 0.982977 0.968525 1.029019 0.990335 0.989614 0.986796 0.980833 0.939165 0.987852 0.990536 0.992014 0.994217 0.983447 0.991327 0.989951 0.995648 0.984164 0.994604 0.990975 0.988962 0.987963 0.988195 1.001836 0.983216 0.983563 0.992990 0.981948 1.007078 0.986106 0.982381 0.978131 0.994307 0.995467 0.984679 0.985959 0.986151 0.987515 0.991106 0.986438 0.988276 0.988726 0.989502 0.994659 0.982760 0.979338 0.989618 0.993855 0.992805 0.994577 0.992355 0.989200 0.991500 0.992476 0.985262 0.982915 0.982867 0.981040 0.982729 0.983912 0.984846 0.988264 0.989624 0.994482 0.980017 0.992721 0.991819 0.986184 0.988664 0.987113 0.985259 0.985009 0.986445 0.987302 0.986691 0.982837 0.985156 0.985355 0.983305 0.985347 0.986292 0.986687 0.987575 0.994265 
0.999627 1.002102 1.003327 1.007661 1.008107 0.999239 0.998491 1.002851 1.005798 1.009703 0.999987 1.002852 1.001222 1.003505 1.014519 0.999247 1.003696 1.016202 1.006963 1.021287 1.002596 0.999108 1.004271 1.009945 1.012492 1.002988 1.005162 1.006559 1.012958 1.017879 1.003535 1.010167 1.016182 1.023331 1.015094 1.006874 1.008322 1.012494 1.012966 1.013567 1.011161 1.014094 1.013885 1.019124 1.025120 1.004821 1.009009 1.026254 1.015422 0.979111 1.000394 1.016267 1.011307 0.996378 1.051760 1.012641 1.012294 1.013644 1.009115 0.979111 1.008037 1.011520 1.017407 1.017074 1.006220 1.012482 1.012801 1.017423 1.009312 1.015884 1.011519 1.013034 1.011992 1.013426 1.027180 1.002121 1.005004 1.017726 1.008674 1.031903 1.006714 1.006316 1.004000 1.013471 1.021054 1.004654 1.008229 1.008031 1.010013 1.017436 1.004093 1.008685 1.010637 1.012952 1.019296 1.003151 1.002284 1.010200 1.014292 1.016263 1.007838 1.011669 1.008215 1.013362 1.016613 0.999218 0.999372 1.001020 1.001206 1.003718 1.004272 1.006645 1.010655 1.012574 1.019470 1.001927 1.012000 1.012700 1.008310 1.014208 0.998624 1.000044 1.001666 1.005818 1.006826 0.999378 0.999564 1.001941 1.002664 1.004409 1.002721 1.005945 1.007393 1.009757 1.018535 
1.007137 1.014863 1.023098 1.025600 1.031272 1.010304 1.013688 1.016182 1.021764 1.030102 1.012549 1.016510 1.019250 1.022521 1.033568 1.012999 1.020190 1.033074 1.029388 1.036606 1.018250 1.016413 1.022358 1.029841 1.035976 1.016815 1.021185 1.025204 1.031722 1.037583 1.022126 1.029725 1.038777 1.038482 1.042976 1.027576 1.028616 1.035142 1.034451 1.042046 1.029585 1.035782 1.034151 1.038133 1.046785 1.020157 1.029575 1.041034 1.043177 1.021061 1.026706 1.042043 1.036827 1.023873 1.065309 1.032177 1.032131 1.037346 1.034935 1.021061 1.025611 1.029828 1.039135 1.036501 1.027266 1.031053 1.032877 1.035628 1.032080 1.033848 1.029493 1.034186 1.033241 1.035604 1.047231 1.019889 1.024361 1.038732 1.033067 1.050685 1.025550 1.028429 1.028358 1.029785 1.042337 1.023036 1.028414 1.027859 1.030133 1.040073 1.019947 1.026616 1.029899 1.033441 1.039935 1.022257 1.024143 1.028446 1.031672 1.036283 1.019504 1.028480 1.025290 1.030843 1.037232 1.011191 1.014892 1.018176 1.019625 1.023387 1.022653 1.026651 1.030472 1.032586 1.040413 1.022910 1.028661 1.030781 1.028303 1.036581 1.008920 1.012870 1.017226 1.023142 1.024515 1.011785 1.014562 1.017587 1.018857 1.023808 1.018215 1.023432 1.026196 1.029627 1.038974 
0.994704 0.984767 0.975513 0.970361 0.964265 0.991473 0.988378 0.983418 0.975332 0.964458 0.988640 0.982787 0.980920 0.975972 0.957897 0.988594 0.978634 0.957123 0.967029 0.950365 0.981214 0.985121 0.976032 0.964564 0.956882 0.982430 0.976478 0.971443 0.960668 0.951639 0.976424 0.964542 0.951843 0.947202 0.948204 0.968741 0.966721 0.957540 0.957907 0.950109 0.964126 0.956028 0.957706 0.950208 0.937932 0.977357 0.965377 0.942809 0.947794 0.993096 0.973664 0.948341 0.956662 0.979039 0.902458 0.960609 0.960843 0.954640 0.959956 0.993096 0.970052 0.963380 0.950641 0.953878 0.969718 0.962435 0.960028 0.953828 0.962603 0.956589 0.963888 0.958255 0.959916 0.956481 0.936157 0.979745 0.973162 0.950616 0.962060 0.929700 0.971180 0.968284 0.969898 0.962128 0.944928 0.974988 0.967074 0.967609 0.964161 0.949761 0.978398 0.968696 0.964083 0.959080 0.948521 0.976170 0.975615 0.965687 0.959719 0.954142 0.976437 0.964840 0.970393 0.960930 0.952983 0.990353 0.986252 0.982034 0.980290 0.974968 0.975254 0.970049 0.963563 0.960206 0.947939 0.977081 0.964305 0.961730 0.967083 0.955139 0.993481 0.988209 0.982542 0.973828 0.971947 0.989920 0.986602 0.982067 0.980186 0.974026 0.980984 0.973537 0.969962 0.964951 0.949957 
1.000768 0.997400 0.995262 0.991429 0.990398 1.000317 1.000590 0.996741 0.993444 0.989196 0.999549 0.996616 0.997557 0.995169 0.984838 1.000069 0.995537 0.983305 0.991638 0.978678 0.996613 0.999619 0.994754 0.989018 0.986295 0.996421 0.994084 0.992383 0.986242 0.981489 0.995227 0.988881 0.982969 0.976777 0.983386 0.991806 0.990451 0.986282 0.985943 0.984765 0.988067 0.984952 0.985246 0.980515 0.974525 0.994227 0.989805 0.974071 0.983089 1.015901 0.997303 0.982466 0.987137 1.000958 0.950252 0.986567 0.986851 0.985111 0.989176 1.015901 0.991147 0.987591 0.981868 0.982630 0.992525 0.987146 0.986483 0.982040 0.989254 0.983515 0.987719 0.985981 0.986984 0.985450 0.972738 0.996769 0.993777 0.981516 0.989711 0.968419 0.992320 0.992212 0.994203 0.985923 0.978373 0.994322 0.990601 0.990743 0.988894 0.981790 0.995124 0.990507 0.988462 0.986149 0.980137 0.995335 0.996301 0.988884 0.985043 0.983077 0.991944 0.987713 0.991033 0.985931 0.982693 1.000291 0.999485 0.997805 0.997472 0.994902 0.994523 0.992224 0.988415 0.986576 0.979946 0.996726 0.987339 0.986530 0.990518 0.984766 1.001222 0.999436 0.997346 0.993182 0.992232 1.000054 0.999515 0.997109 0.996270 0.994265 0.996479 0.993102 0.991609 0.989227 0.980866 
1.004876 1.005154 1.007496 1.002792 1.005291 1.006139 1.009351 1.004171 1.003614 1.002398 1.006871 1.004788 1.008349 1.006937 0.997779 1.008066 1.005431 0.994971 1.005801 0.989832 1.005886 1.009682 1.005643 1.001929 1.001695 1.004463 1.004000 1.004093 0.998774 0.995085 1.006669 1.001691 0.998015 0.987998 1.001848 1.005014 1.003554 1.001274 1.000256 1.003474 1.000074 0.999346 0.998778 0.994270 0.989927 1.003860 1.003104 0.985321 1.001498 1.040180 1.013546 0.999695 1.003776 1.017563 0.962787 0.999406 0.999916 1.000852 1.005881 1.040180 1.002531 0.999828 0.996508 0.995403 1.005710 0.998839 0.999483 0.994610 1.004049 0.995881 0.999538 0.999959 1.000922 1.000227 0.987323 1.007445 1.006071 0.995896 1.005472 0.982599 1.004042 1.006229 1.009419 0.997067 0.993209 1.005636 1.003539 1.003581 1.002000 0.996955 1.004916 1.002093 1.001061 0.999701 0.994359 1.007454 1.009424 1.000816 0.996926 0.996597 0.999149 0.998755 1.001807 0.998424 0.996618 1.007394 1.008771 1.008121 1.008929 1.007130 1.006200 1.004757 1.001299 0.999815 0.994373 1.009203 0.998449 0.998610 1.003402 0.999639 1.006725 1.007065 1.006718 1.004228 1.003426 1.006772 1.008582 1.006510 1.006173 1.006509 1.006010 1.004236 1.003489 1.002052 0.994890 
1.005612 1.005386 1.006893 1.002257 1.004481 1.006217 1.009463 1.004039 1.003434 1.001696 1.007232 1.004647 1.007963 1.006360 0.997217 1.008334 1.005191 0.994254 1.005134 0.989092 1.005715 1.009313 1.005225 1.001222 1.000819 1.004252 1.003754 1.003521 0.998067 0.994241 1.006145 1.001110 0.997156 0.987237 1.000758 1.004302 1.002830 1.000394 0.999407 1.002383 0.999445 0.998518 0.997989 0.993961 0.988930 1.003412 1.002371 0.984530 1.000409 1.039052 1.012704 0.998669 1.002829 1.016747 0.961737 0.998698 0.999249 0.999923 1.004929 1.039052 1.002204 0.999103 0.995654 0.994755 1.005049 0.998326 0.998812 0.993842 1.003209 0.995115 0.998907 0.999162 1.000161 0.999351 0.986348 1.007103 1.005658 0.995014 1.004581 0.981610 1.003536 1.005484 1.008628 0.996385 0.992273 1.005223 1.002860 1.002861 1.001270 0.996082 1.004668 1.001560 1.000453 0.998967 0.993501 1.006812 1.008891 1.000155 0.996214 0.995815 0.998873 0.998159 1.001318 0.997973 0.995811 1.007671 1.008583 1.007797 1.008724 1.006541 1.005838 1.004148 1.000650 0.999029 0.993505 1.008694 0.997835 0.997935 1.002729 0.998773 1.006824 1.007274 1.006462 1.003852 1.002912 1.006663 1.008670 1.006279 1.005792 1.005987 1.005880 1.003886 1.002921 1.001372 0.994039 
1.003243 1.001109 0.999622 0.998634 0.998394 1.001061 1.001794 1.000121 0.999716 0.998047 1.001840 1.000521 1.000359 0.999578 0.997220 1.001873 1.000050 0.996354 0.998845 0.995034 1.000258 1.000813 0.999616 0.997950 0.997314 0.999980 0.999647 0.998875 0.997189 0.995919 0.999621 0.998145 0.996460 0.994523 0.996662 0.998682 0.998319 0.997265 0.997129 0.997043 0.997704 0.996925 0.996948 0.996837 0.994158 0.999248 0.998164 0.993772 0.996580 1.005631 1.000330 0.996383 0.997638 1.001390 0.987524 0.997315 0.997436 0.996990 0.998097 1.005631 0.998986 0.997468 0.996142 0.996430 0.998918 0.997617 0.997386 0.996097 0.998064 0.996375 0.997599 0.997192 0.997464 0.997027 0.993611 1.000259 0.999647 0.995986 0.998225 0.992441 0.998930 0.998851 0.999433 0.996953 0.995152 0.999596 0.998410 0.998353 0.997920 0.996164 0.999994 0.998676 0.997960 0.997279 0.995638 0.999493 1.000070 0.997884 0.996793 0.996399 0.998657 0.997565 0.998527 0.997768 0.996315 1.002271 1.001035 1.000500 1.000864 0.999532 0.999834 0.998874 0.997912 0.997453 0.995604 1.000177 0.997434 0.997273 0.998369 0.996872 1.002222 1.001890 1.000382 0.999360 0.998851 1.000882 1.001598 1.000330 0.999924 0.999549 1.000648 0.999423 0.998699 0.998039 0.995802 
1.010658 1.014562 1.019595 1.018894 1.024041 1.010336 1.015421 1.013138 1.017797 1.021707 1.014160 1.014507 1.017644 1.018907 1.022377 1.014776 1.017132 1.019768 1.023058 1.019510 1.015876 1.016199 1.018134 1.021274 1.025349 1.013835 1.017085 1.019241 1.020911 1.022938 1.018525 1.021532 1.025312 1.019827 1.030188 1.021363 1.021286 1.024538 1.023537 1.030411 1.020144 1.023966 1.022550 1.025087 1.026491 1.015702 1.021707 1.020178 1.030140 1.035449 1.025211 1.028396 1.026963 1.025350 1.024827 1.021543 1.021874 1.025819 1.026843 1.035449 1.019611 1.020242 1.024752 1.022366 1.021549 1.020497 1.022056 1.021295 1.023901 1.020825 1.019785 1.023188 1.023103 1.024304 1.025442 1.017725 1.020507 1.024135 1.025331 1.025306 1.019520 1.022575 1.024222 1.018680 1.025191 1.018935 1.021148 1.020793 1.021496 1.025630 1.016914 1.019624 1.021136 1.022659 1.024210 1.019087 1.021410 1.019705 1.019894 1.022874 1.012718 1.018652 1.018124 1.022007 1.023533 1.013643 1.015410 1.016981 1.019238 1.019638 1.019453 1.020629 1.021543 1.022098 1.024547 1.020382 1.018641 1.020164 1.021033 1.024676 1.010816 1.014394 1.015648 1.018531 1.018599 1.011676 1.016145 1.015762 1.016202 1.019962 1.016647 1.018895 1.019679 1.021195 1.023792 
1.005860 1.008819 1.012857 1.011651 1.015166 1.006993 1.010172 1.008327 1.010743 1.013310 1.008694 1.009067 1.011716 1.012356 1.012704 1.009388 1.010742 1.011030 1.014656 1.010024 1.010186 1.011126 1.011620 1.012963 1.015340 1.008811 1.010543 1.012087 1.012273 1.012903 1.012069 1.012920 1.014714 1.009916 1.018279 1.013511 1.013256 1.014838 1.014076 1.018671 1.011976 1.014153 1.013235 1.013305 1.014190 1.009991 1.013423 1.009680 1.018194 1.027520 1.017230 1.016888 1.016710 1.017990 1.008862 1.012698 1.012988 1.015531 1.016928 1.027520 1.011759 1.012019 1.014160 1.012479 1.013659 1.011843 1.012975 1.011897 1.014913 1.011765 1.011711 1.013803 1.013881 1.014530 1.013136 1.011562 1.012904 1.013753 1.015983 1.012303 1.012200 1.014429 1.015900 1.010681 1.013940 1.011983 1.013160 1.012970 1.013131 1.014739 1.010523 1.011848 1.012648 1.013401 1.013501 1.012579 1.014123 1.011891 1.011403 1.013063 1.007384 1.010899 1.011037 1.012237 1.013458 1.008493 1.010304 1.011223 1.012452 1.012823 1.012305 1.012976 1.012948 1.013113 1.013704 1.013487 1.010876 1.011826 1.013075 1.014621 1.006967 1.008950 1.010195 1.011516 1.011527 1.007809 1.010307 1.010246 1.010559 1.012801 1.010452 1.011644 1.012213 1.012930 1.013352 
1.003831 1.005014 1.006306 1.007097 1.008315 1.003717 1.004569 1.005146 1.006325 1.008147 1.004563 1.005188 1.005573 1.006171 1.009138 1.004471 1.006122 1.008920 1.008089 1.009773 1.005553 1.004799 1.006466 1.008025 1.009540 1.005175 1.006190 1.006962 1.008539 1.009989 1.006143 1.008081 1.010383 1.010261 1.011286 1.007365 1.007657 1.009292 1.009107 1.011031 1.008066 1.009551 1.009119 1.010535 1.012414 1.005646 1.007919 1.010889 1.011342 1.005260 1.007109 1.011121 1.009808 1.006460 1.017428 1.008686 1.008720 1.009861 1.009144 1.005260 1.007236 1.008026 1.010486 1.010123 1.007349 1.008744 1.009009 1.009642 1.008507 1.008982 1.008047 1.009159 1.008912 1.009413 1.012505 1.005772 1.006792 1.010311 1.008727 1.013446 1.007163 1.007606 1.007535 1.007924 1.011231 1.006521 1.007705 1.007410 1.008089 1.010748 1.005948 1.007435 1.008147 1.009006 1.010651 1.005842 1.006753 1.007717 1.008474 1.009738 1.005766 1.007809 1.007106 1.008674 1.009978 1.004152 1.004496 1.005251 1.005683 1.006391 1.006360 1.007359 1.008279 1.008795 1.010781 1.006490 1.007799 1.008353 1.007647 1.009704 1.003735 1.004564 1.005082 1.006562 1.006752 1.004001 1.004826 1.005228 1.005369 1.006540 1.005570 1.006682 1.007225 1.008031 1.010393 
0.996515 0.993950 0.990558 0.992243 0.989474 0.994748 0.992248 0.994253 0.992844 0.991222 0.993788 0.993818 0.991214 0.990982 0.992572 0.993066 0.992492 0.994024 0.989772 0.995609 0.992739 0.991323 0.991797 0.991519 0.990044 0.993836 0.992851 0.991710 0.992538 0.992804 0.991238 0.991663 0.991159 0.996020 0.988129 0.990580 0.991010 0.990415 0.991086 0.987575 0.992521 0.991243 0.991922 0.993042 0.992961 0.993061 0.990996 0.996663 0.988249 0.975079 0.986614 0.989422 0.988779 0.985398 1.001428 0.992177 0.991907 0.990056 0.988220 0.975079 0.992345 0.992476 0.991786 0.993163 0.990397 0.992959 0.992037 0.993553 0.989851 0.993368 0.992778 0.991351 0.991130 0.990806 0.994108 0.991517 0.990918 0.992119 0.988904 0.995524 0.991691 0.989777 0.988248 0.993830 0.992500 0.991574 0.991103 0.991172 0.991388 0.991347 0.992746 0.992364 0.991937 0.991678 0.992588 0.990666 0.989484 0.992404 0.993408 0.992458 0.995684 0.993448 0.992836 0.992804 0.992202 0.993934 0.992085 0.991588 0.990752 0.990649 0.991272 0.991033 0.991693 0.991900 0.992459 0.989938 0.993493 0.992859 0.991172 0.990879 0.995092 0.993648 0.992519 0.992127 0.992203 0.994067 0.992312 0.992536 0.992318 0.990826 0.992681 0.992077 0.991754 0.991534 0.992576 
1.007733 1.017563 1.028351 1.029009 1.037023 1.011378 1.017610 1.017365 1.025397 1.034283 1.015302 1.018886 1.023735 1.027447 1.036757 1.016491 1.023213 1.034983 1.034528 1.037002 1.021143 1.020960 1.025811 1.033864 1.040822 1.018749 1.024311 1.029130 1.034828 1.040211 1.026682 1.033773 1.042260 1.038392 1.049059 1.032658 1.033312 1.039962 1.038787 1.048665 1.032568 1.039607 1.037620 1.041436 1.048516 1.023532 1.034147 1.040248 1.049143 1.039795 1.035283 1.047082 1.042770 1.033588 1.058499 1.035328 1.035432 1.042283 1.041637 1.039795 1.029297 1.033257 1.042132 1.037756 1.032172 1.032594 1.035709 1.037662 1.037594 1.036350 1.032375 1.038053 1.037273 1.040068 1.048016 1.024133 1.029505 1.041802 1.039303 1.050005 1.029109 1.034060 1.035252 1.032241 1.044824 1.027095 1.032829 1.032582 1.034335 1.043271 1.023246 1.030066 1.033580 1.037056 1.042402 1.028019 1.029469 1.031891 1.034277 1.038991 1.020077 1.030825 1.028020 1.034756 1.040084 1.014376 1.019406 1.022725 1.025375 1.028517 1.027701 1.030902 1.034218 1.036072 1.042947 1.027909 1.031154 1.033667 1.032733 1.040731 1.010106 1.015941 1.021044 1.027162 1.028201 1.013534 1.018847 1.021166 1.022799 1.029050 1.021876 1.027454 1.029992 1.033523 1.041512 
0.997204 0.997754 0.998113 0.997887 0.997689 0.998236 0.997916 0.998022 0.997836 0.997722 0.997676 0.997910 0.998055 0.998150 0.997411 0.997852 0.997737 0.997740 0.997580 0.997609 0.997914 0.998291 0.997860 0.997783 0.997419 0.998090 0.997879 0.997939 0.997714 0.997471 0.998096 0.997656 0.997204 0.997512 0.997034 0.997929 0.997898 0.997557 0.997622 0.997076 0.997728 0.997446 0.997588 0.996878 0.996923 0.998313 0.997820 0.997396 0.997026 0.998003 0.997922 0.997105 0.997375 0.998017 0.996047 0.997612 0.997533 0.997416 0.997529 0.998003 0.997677 0.997828 0.997222 0.997110 0.997813 0.997307 0.997425 0.997554 0.997714 0.997722 0.997775 0.997543 0.997543 0.997542 0.996944 0.998005 0.997826 0.997372 0.997637 0.996773 0.997761 0.997839 0.997799 0.997977 0.997179 0.997867 0.997821 0.997985 0.997797 0.997123 0.997838 0.997690 0.997675 0.997535 0.997253 0.998343 0.997729 0.997904 0.997823 0.997414 0.998191 0.997843 0.997855 0.997286 0.997355 0.997769 0.998267 0.998167 0.997941 0.998073 0.997937 0.997771 0.997649 0.997544 0.997218 0.997816 0.997895 0.997763 0.997842 0.997422 0.997753 0.997691 0.998204 0.997903 0.997974 0.998211 0.997800 0.998119 0.998251 0.998010 0.997822 0.997814 0.997849 0.997742 0.997321 
1.002959 1.003850 1.005592 1.004603 1.006333 1.002699 1.004675 1.003095 1.004569 1.005286 1.003899 1.003859 1.005082 1.005338 1.004784 1.004346 1.004359 1.003789 1.006061 1.002897 1.004167 1.004967 1.004714 1.005115 1.006029 1.003417 1.004313 1.004913 1.004572 1.004519 1.005145 1.005151 1.005379 1.002676 1.007252 1.005646 1.005434 1.005868 1.005474 1.007561 1.004490 1.005340 1.004953 1.005082 1.004516 1.004128 1.005436 1.002323 1.007185 1.014543 1.007988 1.006508 1.006838 1.008677 0.999822 1.004727 1.004856 1.006094 1.007120 1.014543 1.004798 1.004572 1.005043 1.004069 1.005652 1.004040 1.004743 1.004092 1.006167 1.004155 1.004378 1.005274 1.005353 1.005646 1.003854 1.004993 1.005629 1.004928 1.006718 1.003073 1.004837 1.006114 1.006977 1.003852 1.004738 1.005000 1.005340 1.005346 1.005223 1.005285 1.004412 1.004780 1.004943 1.005086 1.004637 1.005590 1.006032 1.004627 1.004119 1.004633 1.002489 1.003973 1.004213 1.004834 1.004790 1.004188 1.004742 1.004989 1.005807 1.005529 1.005434 1.005264 1.005045 1.005054 1.004719 1.005775 1.003988 1.004391 1.005303 1.005566 1.003205 1.004195 1.004458 1.004834 1.004658 1.003086 1.004765 1.004393 1.004536 1.005591 1.004641 1.004884 1.004893 1.005083 1.004624 
1.000981 1.005174 1.009193 1.011300 1.013983 1.001741 1.003454 1.005197 1.009457 1.013872 1.003380 1.006002 1.006640 1.009014 1.016915 1.003516 1.007437 1.017257 1.012519 1.020247 1.006368 1.004867 1.008556 1.013897 1.017083 1.005828 1.008679 1.010841 1.015620 1.019538 1.008729 1.013979 1.019128 1.021600 1.020710 1.012157 1.013047 1.016941 1.016841 1.019883 1.014003 1.017479 1.016858 1.020596 1.025257 1.008530 1.013578 1.023511 1.020888 1.001222 1.009912 1.020690 1.017131 1.007510 1.040568 1.015512 1.015342 1.018131 1.015839 1.001222 1.011615 1.014521 1.019697 1.017953 1.011553 1.014200 1.015526 1.018558 1.014774 1.017535 1.014166 1.016548 1.015794 1.017412 1.026103 1.007193 1.010336 1.019898 1.014959 1.028875 1.010748 1.012268 1.011505 1.015253 1.022318 1.009262 1.012771 1.012750 1.014104 1.019990 1.007863 1.012167 1.014112 1.016199 1.020744 1.009249 1.008683 1.013487 1.016190 1.018295 1.008680 1.013775 1.011195 1.015868 1.018770 1.003045 1.004666 1.006372 1.007375 1.009412 1.009510 1.011309 1.014272 1.015795 1.020977 1.008060 1.014112 1.015163 1.012810 1.017885 1.001228 1.003779 1.006180 1.009984 1.010735 1.002453 1.004399 1.006268 1.007220 1.009967 1.006897 1.010087 1.011458 1.013654 1.020136 
1.011225 1.018972 1.027728 1.027812 1.034957 1.014048 1.019748 1.018886 1.024845 1.032188 1.017676 1.019783 1.024388 1.026834 1.033621 1.018595 1.023984 1.031175 1.033338 1.032062 1.022162 1.022068 1.026011 1.031660 1.037849 1.019752 1.024223 1.028062 1.031897 1.035900 1.026313 1.031652 1.038740 1.033003 1.045107 1.031002 1.031265 1.036739 1.035483 1.045030 1.030419 1.036370 1.034381 1.037122 1.042570 1.022761 1.032014 1.034197 1.045123 1.043297 1.034665 1.042967 1.039789 1.033886 1.046951 1.032707 1.033012 1.038777 1.039031 1.043297 1.028112 1.030564 1.038284 1.035001 1.031100 1.031301 1.033478 1.033586 1.035081 1.032503 1.030018 1.035050 1.034645 1.036650 1.041636 1.024599 1.028664 1.037509 1.036870 1.042633 1.028461 1.032529 1.034193 1.028967 1.039774 1.026867 1.031062 1.030505 1.031982 1.039494 1.023503 1.028566 1.031395 1.034210 1.037962 1.026894 1.029943 1.029594 1.030831 1.035415 1.019524 1.028533 1.026948 1.031784 1.036401 1.016373 1.020382 1.023233 1.025569 1.027859 1.026999 1.029954 1.032058 1.033254 1.038462 1.028500 1.028567 1.030824 1.030898 1.037357 1.013050 1.017876 1.021524 1.026340 1.027093 1.015894 1.020509 1.021792 1.022770 1.028123 1.022409 1.026726 1.028806 1.031512 1.037239 
1.011369 1.019061 1.029091 1.026092 1.034144 1.015462 1.022510 1.018654 1.023745 1.029832 1.018766 1.019819 1.026379 1.027943 1.028048 1.020553 1.023921 1.024442 1.032871 1.021965 1.022656 1.025250 1.026122 1.029082 1.034404 1.019691 1.023427 1.027182 1.027346 1.028651 1.027230 1.028788 1.032819 1.021638 1.041004 1.030458 1.029823 1.033272 1.031520 1.041957 1.026731 1.031633 1.029555 1.028726 1.031295 1.022420 1.030172 1.020993 1.040799 1.063467 1.039182 1.037784 1.037567 1.041057 1.018115 1.028365 1.028874 1.034803 1.038168 1.063467 1.025996 1.026803 1.031510 1.027644 1.030804 1.026361 1.028966 1.026362 1.033563 1.026143 1.026108 1.030875 1.031037 1.032534 1.028821 1.026004 1.028819 1.030589 1.036026 1.026736 1.027321 1.032567 1.036008 1.023770 1.030888 1.026881 1.029563 1.029190 1.029467 1.032822 1.023249 1.026261 1.028208 1.029904 1.029929 1.028425 1.031899 1.026629 1.025334 1.029033 1.016404 1.024300 1.024660 1.026523 1.029920 1.018144 1.023068 1.025267 1.027753 1.028942 1.027445 1.029169 1.028947 1.029166 1.030380 1.030535 1.024198 1.026323 1.029328 1.032701 1.014701 1.019227 1.022861 1.025609 1.025846 1.017503 1.022595 1.022897 1.023743 1.028768 1.022973 1.025871 1.027404 1.028990 1.029637 
0.995456 0.992572 0.989735 0.986902 0.985021 0.994706 0.994326 0.991282 0.989132 0.984672 0.993983 0.991584 0.991528 0.989861 0.981632 0.994308 0.989879 0.981268 0.985791 0.977990 0.991000 0.993396 0.989007 0.984713 0.981508 0.991318 0.989290 0.987535 0.982901 0.978968 0.989843 0.984666 0.978866 0.976494 0.978079 0.986825 0.985929 0.981997 0.982072 0.979026 0.984150 0.980927 0.981672 0.978498 0.972707 0.990209 0.985256 0.974415 0.977876 1.000379 0.989855 0.977945 0.981808 0.992449 0.955355 0.982679 0.982756 0.980729 0.983422 1.000379 0.986839 0.984237 0.978308 0.978795 0.986899 0.982332 0.982073 0.979823 0.984375 0.981148 0.984140 0.981948 0.982609 0.981461 0.971745 0.990961 0.988656 0.978593 0.984268 0.968603 0.987051 0.986704 0.987620 0.983603 0.975957 0.988873 0.985877 0.986391 0.984664 0.977882 0.990103 0.986166 0.984370 0.982194 0.977410 0.990475 0.989153 0.985189 0.982563 0.979832 0.988757 0.984411 0.986650 0.983397 0.979351 0.995028 0.994062 0.992177 0.991871 0.989445 0.989617 0.986853 0.984103 0.982613 0.977166 0.989741 0.984365 0.983348 0.985924 0.980645 0.995293 0.993975 0.992244 0.988671 0.987711 0.994263 0.993835 0.991859 0.991373 0.989168 0.991317 0.988457 0.986803 0.984770 0.978062 
0.992327 0.994439 0.993513 1.001622 0.998961 0.992794 0.987709 0.997266 0.998746 1.003326 0.991016 0.995977 0.991207 0.994273 1.011079 0.989293 0.995909 1.015893 0.997751 1.024930 0.994834 0.988470 0.996347 1.003999 1.005811 0.996930 0.998343 0.999464 1.009498 1.016761 0.994624 1.004103 1.012366 1.028304 1.007213 0.998526 1.001108 1.006287 1.007750 1.004392 1.006921 1.009527 1.010050 1.016914 1.027180 0.998658 1.002055 1.033179 1.007820 0.940739 0.984686 1.010444 1.002696 0.977609 1.074950 1.008587 1.007794 1.007480 0.998862 0.940739 1.001572 1.007383 1.014860 1.016037 0.997343 1.009259 1.008643 1.017080 1.001130 1.014602 1.007760 1.008174 1.006420 1.008069 1.031443 0.992674 0.995647 1.015739 0.999085 1.039814 0.999652 0.996787 0.991666 1.011747 1.020881 0.996295 1.001100 1.000882 1.003955 1.014370 0.996573 1.002771 1.005253 1.008360 1.018457 0.993369 0.990705 1.005456 1.012434 1.014050 1.006049 1.008766 1.003158 1.009005 1.014239 0.989746 0.989200 0.991145 0.989704 0.994177 0.995023 0.998755 1.005061 1.008019 1.018546 0.990762 1.009301 1.009548 1.001297 1.009240 0.990968 0.990841 0.993142 0.998458 1.000274 0.992113 0.988938 0.993619 0.994560 0.995031 0.994176 0.998418 1.000633 1.003760 1.017404 
0.992590 0.977619 0.964965 0.953386 0.945448 0.988930 0.986184 0.974521 0.961799 0.943799 0.984589 0.974298 0.973860 0.965333 0.930041 0.985537 0.967816 0.927414 0.950095 0.913022 0.972463 0.981539 0.964074 0.943620 0.931001 0.973437 0.963771 0.956037 0.935413 0.918488 0.965772 0.943327 0.920312 0.906687 0.917235 0.952433 0.948329 0.932056 0.931981 0.921378 0.941570 0.928122 0.930560 0.915385 0.892897 0.965728 0.945788 0.897771 0.916343 1.014864 0.966265 0.916122 0.932342 0.977701 0.817750 0.935438 0.936200 0.927068 0.938901 1.014864 0.952638 0.940509 0.917482 0.921424 0.954062 0.937133 0.934268 0.921885 0.942100 0.927011 0.941009 0.932195 0.935392 0.929653 0.888287 0.971329 0.960120 0.917380 0.942114 0.874757 0.955302 0.952480 0.957082 0.936777 0.906374 0.962435 0.948780 0.949826 0.943142 0.916260 0.967409 0.950233 0.942208 0.933276 0.912787 0.966309 0.965677 0.944893 0.932863 0.923261 0.960638 0.941964 0.952700 0.935494 0.921397 0.988075 0.982893 0.975597 0.973450 0.963844 0.963687 0.954033 0.941454 0.935214 0.911859 0.967926 0.941101 0.937117 0.948756 0.926893 0.992275 0.984299 0.975527 0.960064 0.956335 0.986655 0.982873 0.974559 0.971547 0.961975 0.972380 0.959421 0.953154 0.944268 0.915471 
1.006042 1.015380 1.024422 1.028783 1.034931 1.008833 1.012397 1.016481 1.024262 1.034384 1.011955 1.017185 1.019335 1.023913 1.040233 1.012125 1.021265 1.040492 1.032276 1.046376 1.018734 1.015481 1.023699 1.034257 1.041618 1.017416 1.023128 1.027911 1.037564 1.045801 1.023432 1.034292 1.046011 1.049191 1.049951 1.030627 1.032369 1.040901 1.040426 1.048323 1.034438 1.042139 1.040446 1.047321 1.058332 1.022137 1.033613 1.053095 1.050302 1.011575 1.026902 1.049538 1.042029 1.022205 1.089057 1.037759 1.037510 1.043637 1.039166 1.011575 1.029120 1.035094 1.046966 1.043766 1.029824 1.036019 1.038348 1.043598 1.036373 1.041152 1.034572 1.040063 1.038578 1.041791 1.059728 1.020405 1.026576 1.046877 1.037077 1.065344 1.028140 1.031212 1.030072 1.035975 1.052018 1.024768 1.032018 1.031520 1.034636 1.047876 1.021409 1.030347 1.034630 1.039249 1.048727 1.023737 1.024603 1.033011 1.038233 1.043596 1.022522 1.033592 1.028623 1.037428 1.044713 1.010390 1.014309 1.018290 1.020124 1.024874 1.024560 1.029346 1.035169 1.038180 1.049287 1.023194 1.034025 1.036500 1.031969 1.043032 1.007213 1.012366 1.017621 1.025635 1.027377 1.010546 1.014054 1.018006 1.019759 1.025753 1.019077 1.025976 1.029273 1.033895 1.047409 
1.004981 1.005857 1.006802 1.007938 1.009192 1.004457 1.005248 1.005923 1.007159 1.009047 1.005477 1.006001 1.006163 1.006664 1.010455 1.005293 1.006934 1.009863 1.008961 1.011136 1.006411 1.005170 1.007217 1.008953 1.010763 1.005872 1.007045 1.007674 1.009564 1.011249 1.006726 1.009164 1.011839 1.011762 1.012651 1.008136 1.008406 1.010323 1.010158 1.012320 1.009122 1.010774 1.010244 1.012234 1.014161 1.006081 1.008760 1.012639 1.012722 1.004863 1.007352 1.012416 1.010692 1.006316 1.020587 1.009841 1.009988 1.010996 1.010135 1.004863 1.008278 1.008897 1.011923 1.011711 1.008349 1.010301 1.010292 1.010607 1.009303 1.010126 1.008993 1.010240 1.010093 1.010499 1.014404 1.006398 1.007566 1.011549 1.009561 1.015586 1.008136 1.008354 1.008279 1.008875 1.012730 1.007363 1.008493 1.008138 1.008934 1.012255 1.006757 1.008373 1.009171 1.010153 1.012130 1.006365 1.007730 1.008457 1.009441 1.011078 1.006422 1.008722 1.007985 1.009693 1.011354 1.004839 1.004886 1.005774 1.006287 1.006976 1.007033 1.008223 1.009327 1.009894 1.012270 1.007274 1.008679 1.009248 1.008475 1.010971 1.004458 1.005379 1.005566 1.007273 1.007591 1.004601 1.005463 1.005841 1.005862 1.007122 1.006328 1.007468 1.008082 1.008967 1.011806 
0.994305 0.993973 0.992579 0.994681 0.992641 0.994921 0.992168 0.995158 0.994200 0.994301 0.993245 0.994465 0.992538 0.992955 0.995918 0.992702 0.993703 0.997813 0.992543 1.000102 0.993844 0.992297 0.993571 0.994614 0.993907 0.994933 0.994339 0.994064 0.996013 0.997172 0.993137 0.994540 0.995437 1.000819 0.992844 0.993315 0.993926 0.994238 0.994885 0.992113 0.995611 0.995159 0.995689 0.996398 0.998611 0.994889 0.994032 1.001911 0.993001 0.975607 0.988855 0.994085 0.992614 0.987053 1.010409 0.995620 0.995347 0.994154 0.991854 0.975607 0.994409 0.995731 0.996177 0.997052 0.992999 0.996011 0.995442 0.997610 0.993179 0.997295 0.995892 0.995040 0.994680 0.994733 0.999957 0.992826 0.992762 0.996561 0.992298 1.001973 0.994029 0.992534 0.990872 0.997237 0.997499 0.993377 0.993930 0.994038 0.994527 0.995806 0.993960 0.994710 0.994911 0.995234 0.997203 0.992816 0.991399 0.995363 0.997013 0.996537 0.997411 0.996445 0.995239 0.995480 0.996394 0.993062 0.992664 0.992704 0.991659 0.992736 0.992909 0.993516 0.994758 0.995310 0.997122 0.991654 0.996594 0.996198 0.994033 0.994912 0.994179 0.993148 0.993529 0.993976 0.994478 0.994418 0.992262 0.993611 0.993763 0.992805 0.993407 0.993853 0.994231 0.994557 0.997075 
0.999711 0.997827 0.995299 0.997340 0.995493 0.997990 0.996087 0.998231 0.997425 0.996973 0.997500 0.997799 0.995608 0.995602 0.998758 0.996774 0.997114 0.999797 0.995731 1.001746 0.997104 0.995229 0.996672 0.997158 0.996737 0.997801 0.997439 0.996749 0.998350 0.999374 0.995875 0.997361 0.998256 1.002402 0.995993 0.995928 0.996445 0.996846 0.997339 0.995351 0.998136 0.997799 0.998127 0.999945 1.000935 0.997150 0.996605 1.003363 0.996131 0.980863 0.992146 0.997024 0.995655 0.990640 1.011410 0.998168 0.998029 0.996862 0.994827 0.980863 0.997546 0.997946 0.998845 1.000016 0.995875 0.999146 0.998305 0.999780 0.995873 0.999298 0.998306 0.997645 0.997377 0.997267 1.002027 0.995979 0.995945 0.998942 0.995168 1.003835 0.996985 0.995352 0.993976 0.999088 0.999834 0.996468 0.996600 0.996436 0.997040 0.998631 0.997194 0.997638 0.997630 0.997884 0.999621 0.995103 0.994853 0.997710 0.999029 0.999012 0.999651 0.998755 0.997906 0.998509 0.998924 0.997310 0.995702 0.995707 0.995172 0.995467 0.995998 0.996423 0.997496 0.997965 0.999580 0.995046 0.998763 0.998501 0.996643 0.997562 0.998269 0.997336 0.996429 0.996900 0.997097 0.997390 0.996175 0.996605 0.996394 0.995663 0.996947 0.996934 0.996973 0.997199 0.999456 
1.011062 1.019760 1.028831 1.031645 1.038642 1.013750 1.018385 1.020534 1.027483 1.037005 1.017330 1.021151 1.024521 1.028086 1.041197 1.017677 1.025752 1.039869 1.036523 1.043848 1.023341 1.021003 1.028016 1.036638 1.044138 1.021322 1.026695 1.031189 1.038669 1.045459 1.027670 1.036725 1.047312 1.046004 1.052627 1.034106 1.035206 1.042975 1.042057 1.051619 1.036263 1.043693 1.041619 1.047048 1.056307 1.024959 1.036371 1.048949 1.052843 1.028892 1.033567 1.051276 1.045172 1.030345 1.076812 1.039346 1.039464 1.045642 1.043125 1.028892 1.032037 1.036502 1.047588 1.044484 1.033952 1.038264 1.040304 1.042929 1.039430 1.040972 1.036040 1.041757 1.040790 1.043461 1.056674 1.025228 1.030652 1.046909 1.040766 1.060520 1.031807 1.035239 1.035447 1.036093 1.051129 1.028942 1.035018 1.034274 1.036943 1.048802 1.025384 1.032949 1.036793 1.040920 1.048368 1.027796 1.030621 1.034756 1.038382 1.044120 1.023896 1.034720 1.031214 1.038563 1.045282 1.015472 1.019387 1.023174 1.025307 1.029214 1.028574 1.033131 1.037478 1.039802 1.048953 1.028996 1.034889 1.037463 1.034900 1.044694 1.012405 1.017514 1.021922 1.028976 1.030410 1.015591 1.019663 1.022419 1.023714 1.029772 1.023421 1.029443 1.032435 1.036417 1.047212 
0.991218 0.988408 0.983336 0.987912 0.982924 0.989753 0.984199 0.989935 0.987820 0.986734 0.987199 0.988732 0.983760 0.984191 0.990470 0.985690 0.986742 0.994231 0.983112 0.998877 0.986957 0.983298 0.985902 0.987349 0.985415 0.989271 0.987893 0.986564 0.990318 0.992463 0.984673 0.987464 0.988720 1.000328 0.982721 0.984564 0.985882 0.986170 0.987585 0.981170 0.989626 0.988215 0.989440 0.992186 0.995166 0.988597 0.986070 1.002495 0.983055 0.946168 0.975015 0.985563 0.982722 0.971423 1.019969 0.989459 0.988887 0.985875 0.980897 0.946168 0.987819 0.989762 0.990328 0.992699 0.983917 0.990701 0.989196 0.993766 0.984059 0.992852 0.990269 0.988080 0.987304 0.987213 0.997999 0.984496 0.984175 0.991132 0.982056 1.002239 0.986549 0.982870 0.979201 0.992921 0.992946 0.985435 0.986016 0.986096 0.987154 0.989495 0.987273 0.988219 0.988227 0.988608 0.992475 0.983552 0.980843 0.989142 0.992434 0.991227 0.994415 0.991551 0.989220 0.990299 0.990864 0.987013 0.984550 0.984252 0.982364 0.983653 0.984610 0.985300 0.987803 0.988850 0.992289 0.981568 0.991799 0.990861 0.986193 0.987570 0.989314 0.986922 0.986205 0.986872 0.987484 0.988487 0.984559 0.986371 0.986343 0.984023 0.986460 0.986703 0.986882 0.987311 0.992221 
0.995680 1.004633 1.010817 1.021106 1.022909 0.999273 0.996690 1.008704 1.014952 1.026523 0.999021 1.007692 1.005087 1.011161 1.037238 0.997719 1.010510 1.042233 1.019963 1.054406 1.007831 1.000081 1.012834 1.027046 1.033683 1.009010 1.013994 1.018598 1.034316 1.046575 1.011112 1.026941 1.042641 1.059388 1.040671 1.019582 1.023158 1.033687 1.034687 1.036991 1.029797 1.037445 1.036787 1.046792 1.064596 1.013949 1.024852 1.066453 1.041463 0.953960 1.004541 1.043371 1.031246 0.994970 1.129030 1.033587 1.032613 1.036633 1.025705 0.953960 1.020908 1.030692 1.045589 1.044428 1.017869 1.032888 1.034014 1.045464 1.025925 1.041423 1.030693 1.034825 1.032144 1.035911 1.069401 1.007116 1.013861 1.046395 1.024527 1.080856 1.018822 1.018408 1.012934 1.035301 1.054557 1.013361 1.022895 1.022366 1.027298 1.045747 1.011129 1.023067 1.028316 1.034370 1.050059 1.010155 1.008199 1.027590 1.037480 1.042544 1.020941 1.030964 1.022407 1.033029 1.043476 0.996834 0.999648 1.004261 1.003859 1.011690 1.011914 1.018872 1.028547 1.033368 1.050521 1.007371 1.031745 1.033676 1.023013 1.037780 0.996136 0.999232 1.005618 1.015866 1.018862 0.999874 0.998751 1.006287 1.008484 1.012940 1.007235 1.015981 1.020531 1.026577 1.048224 
1.009362 1.013862 1.020485 1.016949 1.023052 1.010692 1.017059 1.012077 1.016307 1.019300 1.014187 1.013809 1.018883 1.019569 1.017069 1.015644 1.016374 1.013631 1.022223 1.010382 1.015592 1.018500 1.017623 1.018682 1.021977 1.013097 1.015793 1.018071 1.016615 1.016310 1.018946 1.018624 1.019670 1.009570 1.026292 1.020604 1.019769 1.021256 1.019822 1.027428 1.016490 1.019455 1.018005 1.017255 1.016258 1.015114 1.019805 1.008282 1.026047 1.053063 1.029019 1.023558 1.024770 1.031518 0.999011 1.017325 1.017806 1.022076 1.025852 1.053063 1.017248 1.016724 1.018393 1.015203 1.020845 1.015335 1.017543 1.014711 1.022356 1.015004 1.015997 1.019197 1.019559 1.020447 1.013848 1.018412 1.020241 1.017791 1.024372 1.010976 1.017968 1.022316 1.025507 1.013911 1.017091 1.018402 1.019506 1.019421 1.019009 1.019317 1.016105 1.017126 1.017950 1.018509 1.016802 1.020295 1.022491 1.016829 1.014853 1.016889 1.009435 1.014560 1.015618 1.017195 1.017457 1.014340 1.017322 1.018296 1.020716 1.020265 1.019477 1.019484 1.018405 1.018121 1.017094 1.021546 1.014509 1.015930 1.019347 1.020255 1.011176 1.014708 1.016345 1.017490 1.017090 1.012314 1.017326 1.016190 1.016665 1.020224 1.016496 1.017694 1.018014 1.018610 1.016775 
1.004286 1.012002 1.018987 1.023410 1.028343 1.005401 1.008521 1.012260 1.019870 1.028308 1.008759 1.013270 1.014368 1.018647 1.034389 1.008711 1.016465 1.034890 1.025811 1.040795 1.014180 1.010818 1.018377 1.028311 1.034597 1.013188 1.018502 1.022452 1.031691 1.039375 1.018216 1.028536 1.038869 1.043498 1.041681 1.024741 1.026490 1.034152 1.033938 1.040021 1.028702 1.035436 1.034138 1.041666 1.050846 1.017690 1.027596 1.047281 1.042039 1.002553 1.020142 1.041696 1.034621 1.015430 1.081554 1.031656 1.031329 1.036533 1.031890 1.002553 1.024072 1.029466 1.039966 1.037141 1.023801 1.029872 1.031989 1.037549 1.029833 1.035329 1.028951 1.033577 1.032118 1.035090 1.052501 1.015498 1.021349 1.040125 1.030181 1.058069 1.022516 1.025001 1.023469 1.030757 1.044946 1.019544 1.026111 1.025809 1.028655 1.040620 1.016916 1.025033 1.028845 1.032943 1.041920 1.018628 1.018509 1.027474 1.032668 1.037124 1.018578 1.028238 1.023358 1.032376 1.038066 1.007573 1.010331 1.013697 1.015539 1.019424 1.019658 1.023496 1.029198 1.032008 1.042390 1.017338 1.028738 1.030812 1.026120 1.036171 1.004306 1.009148 1.013380 1.020748 1.022198 1.006815 1.010337 1.013651 1.015250 1.020481 1.014907 1.021063 1.023715 1.027931 1.040700 
1.000817 1.007367 1.011369 1.020234 1.022182 1.001208 1.000272 1.009345 1.015774 1.025025 1.002917 1.009108 1.006652 1.011591 1.034889 1.001540 1.011671 1.037995 1.019687 1.048464 1.009144 1.002023 1.013196 1.025430 1.031585 1.009638 1.014554 1.018034 1.031554 1.042161 1.011604 1.025802 1.039277 1.052768 1.037987 1.019060 1.022027 1.031350 1.032105 1.034871 1.027746 1.034609 1.033842 1.044457 1.057956 1.013590 1.023559 1.058896 1.038658 0.964566 1.006434 1.040031 1.029442 0.998159 1.112803 1.031113 1.030442 1.034017 1.024851 0.964566 1.020876 1.028396 1.041673 1.040663 1.017845 1.030825 1.031652 1.040872 1.024618 1.037552 1.028374 1.032235 1.030071 1.033230 1.061986 1.008489 1.014778 1.042113 1.023610 1.071747 1.018486 1.018181 1.013752 1.032076 1.049239 1.013984 1.021850 1.021290 1.025591 1.041949 1.012237 1.022281 1.026758 1.031932 1.045407 1.010743 1.009784 1.025593 1.034042 1.038871 1.019378 1.028467 1.021271 1.031987 1.039740 1.000883 1.002100 1.005974 1.006491 1.012179 1.012995 1.018547 1.026938 1.030944 1.045839 1.008847 1.029083 1.030856 1.021965 1.034980 0.999397 1.002905 1.007009 1.016109 1.018387 1.001796 1.002433 1.007647 1.009238 1.013523 1.009135 1.016432 1.019849 1.025050 1.043752 
0.986622 0.971349 0.954820 0.953210 0.940824 0.981029 0.971643 0.971416 0.959087 0.944853 0.974970 0.969270 0.961992 0.956210 0.940549 0.973342 0.962341 0.943196 0.944585 0.939553 0.965691 0.966584 0.958324 0.945534 0.934402 0.969390 0.960690 0.953167 0.943718 0.934868 0.957313 0.945640 0.931665 0.937164 0.921294 0.947794 0.946630 0.935831 0.937635 0.922072 0.947329 0.936115 0.939283 0.932869 0.921071 0.962172 0.945226 0.933975 0.921126 0.939628 0.944386 0.924240 0.931489 0.947400 0.902611 0.942900 0.942693 0.932069 0.933588 0.939628 0.952739 0.946360 0.931758 0.938307 0.948489 0.946765 0.942121 0.938829 0.939865 0.941158 0.947626 0.938657 0.939945 0.935571 0.921666 0.961299 0.952831 0.932367 0.937262 0.918044 0.953012 0.945627 0.944004 0.947861 0.927296 0.956450 0.947290 0.947854 0.944822 0.929933 0.962412 0.951500 0.945860 0.940196 0.931215 0.955584 0.952862 0.948605 0.944536 0.936815 0.967004 0.950029 0.954609 0.943823 0.935068 0.976730 0.969063 0.963714 0.959667 0.954495 0.955746 0.950319 0.944842 0.941804 0.930340 0.955335 0.949548 0.945539 0.947451 0.934383 0.983124 0.974112 0.966247 0.956321 0.954634 0.977760 0.969685 0.965932 0.963469 0.953658 0.964755 0.955829 0.951714 0.946024 0.932690 
1.002668 1.010406 1.016301 1.023533 1.027079 1.004070 1.004841 1.012070 1.019054 1.028645 1.006350 1.012141 1.011432 1.016248 1.037100 1.005572 1.015312 1.039051 1.024483 1.047900 1.012799 1.007065 1.017190 1.028869 1.035541 1.012583 1.017855 1.021809 1.033945 1.043722 1.016084 1.029144 1.042034 1.051675 1.042692 1.023501 1.025999 1.035084 1.035385 1.040120 1.030399 1.037620 1.036487 1.045815 1.058385 1.016802 1.027442 1.057026 1.043246 0.982073 1.014091 1.043792 1.034267 1.007062 1.104463 1.033777 1.033264 1.037797 1.030372 0.982073 1.024098 1.031002 1.043883 1.042060 1.022489 1.033008 1.034350 1.042007 1.029128 1.039082 1.030814 1.035326 1.033434 1.036605 1.061466 1.013003 1.019291 1.044085 1.028772 1.069718 1.022214 1.023162 1.019970 1.033682 1.050522 1.018126 1.025752 1.025222 1.029092 1.044409 1.015718 1.025374 1.029850 1.034842 1.046890 1.015675 1.015462 1.028456 1.035745 1.040848 1.020601 1.030503 1.024119 1.034088 1.041817 1.004384 1.006664 1.010625 1.011653 1.016988 1.017396 1.022691 1.030173 1.033769 1.047370 1.014310 1.031042 1.033074 1.025813 1.038202 1.002156 1.006418 1.011003 1.019733 1.021865 1.005062 1.006777 1.011559 1.013205 1.018162 1.012872 1.020080 1.023484 1.028489 1.045348 
1.006513 1.006417 1.008676 1.004295 1.006946 1.006949 1.010374 1.005319 1.005088 1.004103 1.008054 1.006076 1.009411 1.008104 0.999924 1.009180 1.006753 0.996998 1.007425 0.992188 1.007087 1.010531 1.006972 1.003621 1.003719 1.005566 1.005385 1.005518 1.000648 0.997350 1.007855 1.003472 1.000332 0.990508 1.004220 1.006478 1.005107 1.003227 1.002197 1.005749 1.001844 1.001432 1.000776 0.996984 0.992850 1.004988 1.004733 0.988043 1.003891 1.040251 1.014697 1.002082 1.005766 1.018458 0.967504 1.001322 1.001836 1.002940 1.007687 1.040251 1.004188 1.001528 0.998877 0.997790 1.007198 1.000882 1.001497 0.996797 1.005758 0.997911 1.001300 1.001938 1.002841 1.002235 0.990339 1.008609 1.007507 0.998206 1.007193 0.985940 1.005552 1.007714 1.010813 0.998837 0.995792 1.007008 1.005119 1.005075 1.003690 0.999377 1.006239 1.003812 1.002848 1.001677 0.996810 1.008508 1.010734 1.002453 0.998813 0.998800 1.000479 1.000490 1.003346 1.000421 0.998872 1.008637 1.009640 1.009150 1.010121 1.008343 1.007538 1.006258 1.003100 1.001822 0.996851 1.010453 1.000173 1.000440 1.004972 1.001747 1.007948 1.008341 1.007751 1.005630 1.004852 1.007564 1.009655 1.007590 1.007230 1.007810 1.007357 1.005689 1.005002 1.003752 0.997265 
0.998425 0.994464 0.990932 0.989084 0.986856 0.996642 0.995691 0.993815 0.991045 0.986933 0.995920 0.993711 0.992886 0.991103 0.984709 0.995873 0.992138 0.984307 0.987790 0.981925 0.992998 0.994400 0.991105 0.987004 0.984225 0.993447 0.991366 0.989468 0.985581 0.982343 0.991257 0.987053 0.982413 0.980792 0.981052 0.988507 0.987767 0.984447 0.984594 0.981733 0.986845 0.983920 0.984530 0.982114 0.977394 0.991586 0.987286 0.979233 0.980905 0.997100 0.990183 0.981099 0.984071 0.992067 0.964698 0.985590 0.985620 0.983396 0.985309 0.997100 0.989073 0.986573 0.981977 0.983160 0.988887 0.986281 0.985375 0.983090 0.986257 0.984151 0.986741 0.984713 0.985311 0.984072 0.976784 0.992504 0.990181 0.981953 0.986056 0.974469 0.989359 0.988323 0.988900 0.986158 0.979916 0.990809 0.987878 0.988098 0.986844 0.981657 0.992083 0.988581 0.986858 0.985028 0.981227 0.991179 0.990971 0.987392 0.985248 0.983244 0.991310 0.987110 0.989087 0.985898 0.982822 0.996638 0.994887 0.993346 0.992799 0.990723 0.990928 0.988968 0.986665 0.985473 0.981013 0.991509 0.986898 0.985944 0.987876 0.983603 0.997709 0.995806 0.993534 0.990369 0.989699 0.996175 0.995124 0.993327 0.992638 0.990441 0.993073 0.990311 0.988950 0.987132 0.981740 
1.008410 1.010511 1.013653 1.012888 1.016199 1.008204 1.011537 1.009875 1.012244 1.014542 1.010535 1.010472 1.012665 1.013171 1.014507 1.011004 1.012259 1.012552 1.015806 1.011887 1.011499 1.011910 1.012899 1.014202 1.016763 1.010108 1.011954 1.013216 1.013647 1.014560 1.012966 1.014333 1.016518 1.011928 1.019812 1.014479 1.014287 1.016119 1.015375 1.020095 1.013398 1.015692 1.014699 1.015775 1.016421 1.010823 1.014543 1.011896 1.019751 1.026480 1.017662 1.018500 1.017961 1.018162 1.013017 1.014216 1.014447 1.016910 1.017975 1.026480 1.013263 1.013203 1.016005 1.014729 1.014800 1.013945 1.014722 1.013543 1.015961 1.013241 1.013080 1.015248 1.015287 1.015874 1.015493 1.012685 1.014082 1.015423 1.016996 1.015004 1.013506 1.015391 1.016727 1.011955 1.015857 1.013256 1.014286 1.013923 1.014316 1.016646 1.011877 1.013243 1.014064 1.014904 1.015384 1.013040 1.015264 1.013088 1.012742 1.014772 1.008824 1.012328 1.012392 1.013914 1.015195 1.010129 1.011156 1.012170 1.013531 1.013636 1.013383 1.014189 1.014380 1.014550 1.015605 1.014644 1.012189 1.013171 1.014152 1.016133 1.008576 1.010602 1.011210 1.012685 1.012702 1.009013 1.011683 1.011312 1.011433 1.013736 1.011821 1.012949 1.013447 1.014217 1.015164 
0.995586 0.991219 0.986550 0.985746 0.982329 0.993856 0.991465 0.990853 0.987638 0.983306 0.992304 0.990538 0.988591 0.986930 0.981875 0.991951 0.988397 0.982474 0.983327 0.981155 0.989458 0.990006 0.987241 0.983506 0.980193 0.990416 0.987999 0.985806 0.982821 0.980025 0.987197 0.983567 0.979101 0.980344 0.976327 0.984387 0.983966 0.980655 0.981150 0.976649 0.983880 0.980559 0.981500 0.979607 0.975596 0.988553 0.983505 0.979269 0.976257 0.983924 0.983836 0.977067 0.979431 0.984899 0.968585 0.982539 0.982517 0.979503 0.980256 0.983924 0.985695 0.983700 0.979061 0.980702 0.984540 0.983344 0.982186 0.981111 0.982002 0.981977 0.983964 0.981347 0.981781 0.980524 0.975659 0.988335 0.985956 0.979300 0.981307 0.974311 0.985674 0.983782 0.983472 0.984055 0.977648 0.986828 0.984094 0.984372 0.983318 0.978511 0.988562 0.985261 0.983554 0.981788 0.978847 0.986988 0.985875 0.984363 0.983030 0.980603 0.989509 0.984611 0.986045 0.983046 0.980083 0.993002 0.990839 0.989170 0.988175 0.986441 0.986858 0.984958 0.983234 0.982285 0.978583 0.986557 0.984524 0.983336 0.984170 0.980089 0.994558 0.992149 0.989834 0.986841 0.986259 0.992924 0.990956 0.989691 0.989020 0.986223 0.989372 0.986676 0.985342 0.983617 0.979313 
1.001273 1.006283 1.010455 1.015065 1.017293 1.002743 1.002864 1.007806 1.011893 1.018330 1.003588 1.007732 1.007317 1.010425 1.023473 1.003158 1.009688 1.025028 1.015708 1.030611 1.008169 1.004586 1.011057 1.018444 1.022654 1.008112 1.011295 1.013981 1.021714 1.027933 1.010324 1.018481 1.026809 1.033011 1.027216 1.015005 1.016629 1.022404 1.022591 1.025572 1.019433 1.024010 1.023304 1.028626 1.037276 1.010840 1.017538 1.036390 1.027570 0.988480 1.009066 1.027963 1.021935 1.004655 1.066688 1.021564 1.021252 1.024126 1.019350 0.988480 1.015181 1.019817 1.028011 1.026868 1.014304 1.021039 1.021932 1.026944 1.018625 1.024960 1.019734 1.022573 1.021338 1.023371 1.039217 1.008272 1.012132 1.028179 1.018376 1.044489 1.014221 1.014797 1.012725 1.021525 1.032260 1.011500 1.016489 1.016121 1.018609 1.028336 1.009915 1.016199 1.019005 1.022229 1.029920 1.010006 1.009842 1.018242 1.022877 1.026082 1.013279 1.019536 1.015468 1.021301 1.026697 1.002468 1.004150 1.006729 1.007149 1.010891 1.010936 1.014506 1.019226 1.021647 1.030228 1.009145 1.019891 1.021203 1.016521 1.024361 1.001489 1.003793 1.006985 1.012525 1.013935 1.003286 1.003946 1.007366 1.008466 1.011536 1.008080 1.012672 1.015010 1.018215 1.028952 
1.001129 1.001520 1.002046 1.001348 1.001875 1.001812 1.002245 1.001550 1.001294 1.001350 1.001843 1.001424 1.002225 1.001933 1.000582 1.001975 1.001819 1.000019 1.001990 0.999249 1.001838 1.002352 1.001853 1.001259 1.001405 1.001568 1.001463 1.001542 1.000733 1.000208 1.001923 1.001208 1.000870 0.998985 1.001584 1.001729 1.001468 1.001235 1.001038 1.001845 1.000973 1.000974 1.000802 0.999926 0.999573 1.001308 1.001435 0.998606 1.001528 1.007723 1.003121 1.001156 1.001698 1.003710 0.995329 1.000917 1.001052 1.001229 1.002063 1.007723 1.001256 1.000889 1.000587 1.000464 1.001953 1.001018 1.001022 1.000015 1.001624 1.000246 1.000831 1.001016 1.001214 1.001066 0.999140 1.002038 1.001795 1.000377 1.001913 0.998405 1.001652 1.001967 1.002554 1.000331 1.000021 1.001812 1.001497 1.001441 1.001244 1.000716 1.001595 1.001163 1.001106 1.000970 1.000194 1.001972 1.002635 1.000970 1.000352 1.000518 1.000563 1.000664 1.001198 1.000645 1.000549 1.001634 1.002088 1.002071 1.002140 1.002012 1.001750 1.001769 1.001184 1.000900 1.000208 1.002522 1.000581 1.000652 1.001474 1.001046 1.001597 1.001728 1.001790 1.001469 1.001418 1.001982 1.002132 1.001816 1.001730 1.001843 1.001644 1.001501 1.001491 1.001294 1.000259 
1.005943 1.016223 1.025893 1.031082 1.037681 1.008436 1.012384 1.017040 1.026221 1.037359 1.012152 1.018094 1.020055 1.025389 1.044353 1.012259 1.022381 1.045017 1.034640 1.051932 1.019544 1.015676 1.025047 1.037248 1.045311 1.018191 1.024737 1.030016 1.041275 1.050740 1.024825 1.037347 1.050454 1.055198 1.054516 1.032960 1.035088 1.044707 1.044288 1.052560 1.037573 1.046155 1.044406 1.052851 1.064992 1.023839 1.036461 1.059717 1.054938 1.008412 1.028152 1.054336 1.045738 1.022665 1.101497 1.041283 1.040948 1.047740 1.042275 1.008412 1.031609 1.038482 1.051712 1.048056 1.031797 1.039007 1.041792 1.048489 1.039479 1.045551 1.037868 1.043856 1.042047 1.045788 1.066767 1.021354 1.028510 1.051849 1.040080 1.073421 1.030114 1.033475 1.031838 1.039768 1.057734 1.026308 1.034653 1.034170 1.037725 1.052617 1.022769 1.032966 1.037775 1.042964 1.053939 1.025251 1.025511 1.036105 1.042298 1.048028 1.024531 1.036853 1.030960 1.041534 1.049249 1.010622 1.014687 1.019032 1.021208 1.026411 1.026340 1.031427 1.038287 1.041797 1.054555 1.024032 1.037446 1.040183 1.034624 1.047104 1.006800 1.012703 1.018479 1.027663 1.029478 1.010229 1.014438 1.018857 1.020892 1.027568 1.020207 1.027996 1.031531 1.036812 1.052438 
0.992777 0.988392 0.982388 0.985551 0.980148 0.991271 0.985599 0.990048 0.986097 0.983453 0.988204 0.988515 0.983919 0.983188 0.985407 0.986842 0.986241 0.988321 0.980967 0.991179 0.986890 0.984224 0.985073 0.983983 0.981136 0.989072 0.986621 0.984551 0.985769 0.986019 0.983777 0.984051 0.983211 0.991899 0.977358 0.982275 0.982985 0.981694 0.982939 0.976362 0.985947 0.983335 0.984567 0.985203 0.986126 0.987050 0.982977 0.993040 0.977573 0.953885 0.974870 0.979732 0.978639 0.972670 1.001278 0.985218 0.984822 0.980994 0.977688 0.953885 0.985292 0.985662 0.984304 0.987261 0.982170 0.987214 0.985121 0.987395 0.980714 0.987133 0.986340 0.983540 0.983257 0.982402 0.988230 0.984323 0.982621 0.984735 0.978964 0.990755 0.984742 0.980794 0.978026 0.988059 0.985371 0.984335 0.983262 0.983265 0.983668 0.983527 0.986412 0.985450 0.984644 0.984160 0.985652 0.982447 0.980855 0.985559 0.987248 0.985591 0.992153 0.987599 0.986752 0.985287 0.985100 0.988053 0.985207 0.984369 0.982200 0.982593 0.983261 0.983378 0.984265 0.984548 0.985400 0.981665 0.987595 0.986352 0.983390 0.982627 0.991114 0.987763 0.986072 0.985038 0.985407 0.989859 0.985347 0.986251 0.985754 0.982594 0.986058 0.984894 0.984627 0.984072 0.985669 
0.996023 0.992688 0.989889 0.985823 0.983865 0.996498 0.995809 0.991966 0.988116 0.982983 0.994823 0.991771 0.992473 0.989935 0.978192 0.995347 0.990105 0.977304 0.985142 0.972496 0.991601 0.994941 0.989176 0.982915 0.979131 0.991804 0.988825 0.986776 0.980120 0.974688 0.989992 0.982682 0.975451 0.970401 0.975039 0.985935 0.984538 0.979440 0.979322 0.976461 0.982038 0.977987 0.978678 0.973064 0.966416 0.989708 0.983714 0.967468 0.974733 1.008546 0.990978 0.974438 0.979712 0.994766 0.940895 0.980150 0.980427 0.977892 0.982026 1.008546 0.985366 0.981830 0.974443 0.975276 0.986437 0.980326 0.979692 0.975554 0.982741 0.977371 0.981820 0.979265 0.980333 0.978610 0.964787 0.991536 0.988066 0.974414 0.982909 0.960202 0.986476 0.986052 0.987791 0.980443 0.970834 0.988717 0.984602 0.985032 0.982789 0.974101 0.989937 0.984616 0.982289 0.979525 0.972845 0.990497 0.990157 0.983156 0.979211 0.976213 0.987468 0.982002 0.985460 0.979828 0.975655 0.995746 0.995144 0.992944 0.992225 0.989518 0.989152 0.986237 0.982105 0.980028 0.972561 0.990760 0.981768 0.980580 0.984611 0.977685 0.996824 0.994684 0.992729 0.987861 0.986803 0.995986 0.994753 0.992396 0.991618 0.988802 0.991374 0.987613 0.985837 0.983078 0.973720 
1.007533 1.008224 1.010687 1.006098 1.009355 1.007939 1.012215 1.006442 1.007036 1.006189 1.009880 1.007404 1.011267 1.010032 1.002096 1.011015 1.008520 0.998722 1.009742 0.993737 1.008703 1.012217 1.008712 1.005641 1.006122 1.006869 1.007135 1.007380 1.002576 0.999372 1.009730 1.005606 1.002602 0.992034 1.007117 1.008604 1.007198 1.005578 1.004424 1.008714 1.003688 1.003637 1.002843 0.999674 0.995058 1.006559 1.006840 0.989523 1.006773 1.044745 1.017467 1.004750 1.008420 1.021360 0.968774 1.003274 1.003879 1.005399 1.010386 1.044745 1.006245 1.003477 1.001063 0.999617 1.009304 1.002577 1.003453 0.998656 1.008129 0.999757 1.003120 1.004093 1.005014 1.004533 0.992372 1.010449 1.009742 1.000365 1.009739 0.987825 1.007419 1.009986 1.013325 1.000516 0.997972 1.008915 1.007180 1.007129 1.005750 1.001646 1.008007 1.005612 1.004886 1.003790 0.998917 1.010552 1.012888 1.004310 1.000619 1.000826 1.001521 1.002155 1.005022 1.003023 1.000961 1.010192 1.011441 1.010975 1.012414 1.010363 1.009703 1.008271 1.005146 1.003717 0.998993 1.012480 1.001872 1.002301 1.007039 1.004036 1.008661 1.009968 1.009428 1.007605 1.006665 1.008715 1.011754 1.009260 1.008910 1.009936 1.009098 1.007716 1.006897 1.005758 0.999340 
1.004978 1.003343 1.002604 1.000859 1.001498 1.002930 1.004684 1.002004 1.002001 1.000481 1.004350 1.002604 1.003309 1.002409 0.999092 1.004551 1.002583 0.997460 1.001893 0.995397 1.002657 1.003791 1.002185 1.000291 1.000043 1.001984 1.001900 1.001319 0.999005 0.997395 1.002378 1.000502 0.998641 0.994652 0.999875 1.001492 1.000886 0.999819 0.999439 1.000518 0.999660 0.999156 0.998945 0.998498 0.995227 1.001274 1.000714 0.993562 0.999736 1.015035 1.004721 0.999077 1.000763 1.006343 0.984427 0.999322 0.999537 0.999611 1.001583 1.015035 1.001280 0.999424 0.998030 0.997938 1.001896 0.999495 0.999464 0.997280 1.000953 0.997771 0.999414 0.999420 0.999845 0.999406 0.994210 1.003074 1.002544 0.997689 1.001475 0.992327 1.001414 1.001954 1.003188 0.998310 0.996577 1.002284 1.000955 1.000881 1.000275 0.998212 1.002405 1.000856 1.000165 0.999428 0.997152 1.002433 1.003582 0.999868 0.998222 0.998112 0.999714 0.999159 1.000525 0.999883 0.998097 1.004678 1.003837 1.003344 1.004067 1.002465 1.002632 1.001594 1.000198 0.999515 0.997151 1.003537 0.998966 0.998965 1.000883 0.999225 1.004184 1.004355 1.002878 1.001764 1.001166 1.003101 1.004554 1.002797 1.002375 1.002429 1.003125 1.001903 1.001119 1.000385 0.997350 
0.995881 0.984576 0.974126 0.967888 0.961246 0.992571 0.989185 0.983096 0.973457 0.961152 0.989237 0.982225 0.980548 0.974568 0.953122 0.989201 0.977767 0.951840 0.964672 0.943585 0.980776 0.985360 0.974818 0.961149 0.952542 0.981910 0.974980 0.969226 0.956389 0.945731 0.975138 0.961106 0.946522 0.939815 0.942840 0.966176 0.963711 0.953134 0.953394 0.945180 0.960524 0.951288 0.953046 0.943921 0.929803 0.975745 0.962177 0.934545 0.942336 0.997972 0.972774 0.942716 0.952547 0.979344 0.886660 0.956461 0.956927 0.949855 0.956433 0.997972 0.967484 0.959520 0.944955 0.948720 0.967492 0.958824 0.955976 0.948156 0.959151 0.951323 0.960153 0.953848 0.955897 0.951811 0.927452 0.979065 0.971315 0.944720 0.958736 0.919633 0.969125 0.965855 0.968090 0.957636 0.938021 0.973476 0.964207 0.964660 0.960675 0.944073 0.977276 0.965868 0.960539 0.954768 0.942233 0.974689 0.974839 0.962230 0.954990 0.948861 0.974289 0.961095 0.967877 0.956553 0.947572 0.990963 0.986430 0.981618 0.979656 0.973516 0.973656 0.967834 0.960003 0.956004 0.941591 0.976409 0.960411 0.957566 0.964201 0.950306 0.994712 0.988639 0.982020 0.971918 0.969665 0.990729 0.986998 0.981586 0.979275 0.972289 0.980263 0.971595 0.967515 0.961659 0.943902 
0.994562 0.992805 0.990134 0.990885 0.988314 0.994324 0.991888 0.993237 0.991453 0.989658 0.992806 0.992680 0.990904 0.990505 0.989894 0.992366 0.991437 0.991343 0.988667 0.991951 0.991907 0.991413 0.990881 0.989904 0.988038 0.992970 0.991628 0.990604 0.990401 0.989847 0.990681 0.989852 0.988387 0.991981 0.985814 0.989572 0.989768 0.988500 0.989063 0.985552 0.990578 0.988911 0.989638 0.989213 0.988697 0.992306 0.989605 0.992072 0.985871 0.979638 0.987005 0.986863 0.987140 0.986562 0.992108 0.990001 0.989788 0.987945 0.986974 0.979638 0.990683 0.990657 0.988809 0.989911 0.989346 0.990375 0.989702 0.990674 0.988530 0.990749 0.990824 0.989222 0.989141 0.988710 0.989433 0.990965 0.989943 0.989215 0.987724 0.989956 0.990419 0.988889 0.987801 0.991631 0.988982 0.990584 0.989808 0.990004 0.989816 0.988343 0.991644 0.990652 0.990076 0.989489 0.989301 0.990430 0.988970 0.990767 0.991088 0.989677 0.994054 0.991417 0.991310 0.990323 0.989370 0.993008 0.992004 0.991277 0.990303 0.990144 0.990437 0.989881 0.989840 0.989704 0.989145 0.989476 0.991484 0.990775 0.989880 0.988559 0.994106 0.992656 0.992044 0.991017 0.990978 0.993717 0.991793 0.991974 0.991826 0.990129 0.991678 0.990858 0.990455 0.989914 0.989440 
1.007757 1.010487 1.014129 1.013054 1.016770 1.008083 1.011698 1.009580 1.012340 1.014830 1.010493 1.010404 1.013041 1.013595 1.014568 1.011053 1.012306 1.012428 1.016261 1.011561 1.011597 1.012257 1.013017 1.014469 1.017154 1.010035 1.012026 1.013447 1.013779 1.014577 1.013343 1.014595 1.016641 1.011520 1.020362 1.014951 1.014674 1.016507 1.015701 1.020737 1.013498 1.015900 1.014862 1.015724 1.016231 1.011035 1.014905 1.011392 1.020281 1.029206 1.018643 1.018857 1.018455 1.019272 1.011350 1.014322 1.014665 1.017304 1.018696 1.029206 1.013444 1.013460 1.016041 1.014405 1.015247 1.013710 1.014725 1.013387 1.016462 1.013284 1.013157 1.015455 1.015576 1.016207 1.015178 1.012938 1.014494 1.015483 1.017618 1.014429 1.013712 1.015928 1.017485 1.012017 1.015820 1.013490 1.014611 1.014342 1.014603 1.016703 1.012017 1.013367 1.014251 1.015081 1.015354 1.013760 1.015765 1.013236 1.012806 1.014805 1.008459 1.012288 1.012431 1.014267 1.015246 1.010068 1.011532 1.012509 1.014022 1.014128 1.013800 1.014497 1.014570 1.014689 1.015579 1.015016 1.012220 1.013244 1.014523 1.016410 1.008230 1.010592 1.011419 1.012954 1.012929 1.008981 1.011983 1.011519 1.011719 1.014192 1.011947 1.013192 1.013670 1.014451 1.015151 
1.004524 1.011472 1.017822 1.021863 1.026191 1.006254 1.008540 1.012355 1.018339 1.026186 1.008684 1.012790 1.013901 1.017509 1.031358 1.008543 1.015897 1.031852 1.024139 1.037090 1.013837 1.010716 1.017622 1.026147 1.031839 1.013016 1.017426 1.020997 1.029114 1.035929 1.017205 1.026245 1.035747 1.039510 1.038200 1.022921 1.024448 1.031310 1.031085 1.036724 1.026571 1.032562 1.031325 1.037347 1.046282 1.016566 1.025476 1.042885 1.038518 1.003410 1.018847 1.038174 1.031830 1.014675 1.073652 1.029206 1.028973 1.033474 1.029346 1.003410 1.022214 1.027103 1.036676 1.034461 1.022264 1.028082 1.029694 1.034290 1.027442 1.032242 1.026728 1.030874 1.029625 1.032139 1.047715 1.014834 1.019733 1.036644 1.027791 1.052686 1.021241 1.023207 1.021900 1.028094 1.040972 1.018433 1.024206 1.023783 1.026411 1.037327 1.016029 1.023178 1.026582 1.030304 1.038308 1.017260 1.017813 1.025321 1.029853 1.034070 1.017578 1.026084 1.021895 1.029314 1.034926 1.007313 1.009987 1.013096 1.014414 1.018231 1.018160 1.022053 1.026964 1.029448 1.038736 1.016746 1.026438 1.028313 1.024188 1.033202 1.005007 1.008904 1.012784 1.019275 1.020692 1.007521 1.010002 1.013130 1.014461 1.018994 1.014067 1.019568 1.022146 1.025865 1.037217 
1.000722 1.003447 1.005604 1.007925 1.009293 1.001043 1.001569 1.003777 1.006477 1.009722 1.002051 1.003989 1.003858 1.005569 1.012583 1.001822 1.005070 1.013176 1.008312 1.016107 1.004177 1.002373 1.005703 1.009803 1.012099 1.004057 1.005974 1.007373 1.011484 1.014790 1.005469 1.009911 1.014197 1.017359 1.014590 1.008053 1.008886 1.011975 1.012058 1.013747 1.010239 1.012750 1.012364 1.015636 1.019688 1.005685 1.009359 1.019139 1.014772 0.994710 1.005049 1.014910 1.011731 1.002713 1.034848 1.011399 1.011216 1.012893 1.010473 0.994710 1.008171 1.010545 1.014809 1.014002 1.007654 1.010918 1.011523 1.014167 1.009994 1.013229 1.010389 1.011979 1.011333 1.012473 1.020693 1.004377 1.006641 1.014926 1.009907 1.023409 1.007440 1.007955 1.006931 1.011409 1.017074 1.006113 1.008758 1.008641 1.009899 1.014982 1.005279 1.008598 1.010116 1.011798 1.015828 1.005491 1.005215 1.009645 1.012101 1.013779 1.006750 1.010255 1.008062 1.011777 1.014113 1.001492 1.002309 1.003622 1.004101 1.005825 1.006006 1.007675 1.010217 1.011448 1.015992 1.004808 1.010470 1.011176 1.008787 1.012972 1.000528 1.002142 1.003714 1.006715 1.007398 1.001484 1.002348 1.003859 1.004474 1.006265 1.004356 1.006835 1.007931 1.009649 1.015310 
0.988587 0.982894 0.975401 0.976744 0.970179 0.987114 0.981162 0.983753 0.978618 0.973282 0.983459 0.982403 0.977916 0.976291 0.973293 0.982359 0.979086 0.976201 0.971381 0.977021 0.980452 0.979425 0.977446 0.973854 0.968924 0.982904 0.979203 0.976154 0.974560 0.972376 0.976822 0.973835 0.969307 0.976803 0.962965 0.973476 0.973663 0.969888 0.971205 0.962550 0.975434 0.970799 0.972557 0.971062 0.968500 0.980464 0.973205 0.976638 0.963054 0.953192 0.967934 0.965309 0.966660 0.967352 0.972922 0.973775 0.973391 0.968365 0.966699 0.953192 0.976372 0.975339 0.970096 0.973192 0.973282 0.975264 0.973184 0.974342 0.970404 0.974898 0.975877 0.971672 0.971753 0.970268 0.970031 0.977951 0.974873 0.970830 0.968547 0.970609 0.975919 0.971882 0.969621 0.977406 0.969798 0.976650 0.973855 0.974263 0.973543 0.969004 0.979462 0.976122 0.974263 0.972421 0.970949 0.976047 0.973207 0.975808 0.975924 0.972386 0.984560 0.977318 0.977763 0.974378 0.971581 0.983997 0.980862 0.978818 0.976427 0.975411 0.976155 0.974477 0.973696 0.973049 0.970538 0.974420 0.977345 0.975453 0.974026 0.969914 0.987065 0.983030 0.980591 0.977348 0.977117 0.985464 0.980666 0.980479 0.979790 0.975250 0.979833 0.977022 0.975739 0.973950 0.971387 
1.010832 1.014058 1.020370 1.014981 1.020869 1.012951 1.019191 1.012793 1.014772 1.016378 1.015489 1.014032 1.019917 1.019349 1.011723 1.017264 1.016414 1.007440 1.020762 1.001878 1.016138 1.020486 1.017498 1.015616 1.017947 1.013480 1.014890 1.016593 1.012085 1.009542 1.018807 1.015358 1.014091 1.000161 1.021196 1.018883 1.017327 1.017012 1.015307 1.023034 1.012948 1.014630 1.013141 1.009283 1.006422 1.014088 1.017120 0.997573 1.020800 1.064521 1.030279 1.017830 1.021201 1.034600 0.977047 1.013150 1.013828 1.017386 1.023266 1.064521 1.014856 1.012718 1.012174 1.009512 1.019699 1.011876 1.013560 1.008056 1.019513 1.009017 1.012175 1.014787 1.015697 1.015768 1.003022 1.019003 1.019171 1.011161 1.021898 0.998009 1.016667 1.020930 1.025291 1.008890 1.009017 1.017871 1.017221 1.017033 1.015843 1.013194 1.015665 1.014590 1.014523 1.014133 1.009570 1.019934 1.023466 1.013486 1.009519 1.011059 1.007316 1.010657 1.013480 1.011693 1.011500 1.015723 1.018761 1.019207 1.021189 1.019988 1.018621 1.018132 1.015070 1.013930 1.009798 1.022635 1.010314 1.011458 1.016981 1.015378 1.013567 1.015906 1.016882 1.016049 1.015410 1.014468 1.018630 1.016730 1.016754 1.019430 1.016540 1.016231 1.016203 1.015695 1.009874 
1.013682 1.025376 1.038714 1.039245 1.049473 1.018342 1.026096 1.025647 1.034534 1.045746 1.023042 1.027040 1.033470 1.037485 1.048161 1.024418 1.032906 1.045344 1.046857 1.047228 1.030266 1.030026 1.036069 1.045063 1.054015 1.027047 1.033600 1.039503 1.045824 1.052120 1.036668 1.044914 1.055636 1.048795 1.064547 1.043791 1.044386 1.052595 1.050913 1.064245 1.043384 1.052161 1.049410 1.053316 1.062306 1.031999 1.045482 1.050827 1.064612 1.057432 1.048168 1.061726 1.056678 1.046573 1.071797 1.046793 1.047115 1.055572 1.055346 1.057432 1.039464 1.043835 1.055199 1.050225 1.043646 1.044307 1.047712 1.048848 1.049887 1.047148 1.042942 1.050206 1.049437 1.052591 1.061274 1.033828 1.039973 1.054333 1.052290 1.063262 1.039882 1.045828 1.047822 1.041931 1.057904 1.037337 1.043996 1.043331 1.045577 1.056840 1.032428 1.040433 1.044657 1.048952 1.055066 1.037729 1.041260 1.042280 1.044622 1.051077 1.027590 1.040874 1.038043 1.045365 1.052497 1.021455 1.027608 1.031856 1.035009 1.038923 1.037583 1.042065 1.045585 1.047694 1.055781 1.039222 1.041055 1.044311 1.043795 1.053576 1.016859 1.023629 1.029535 1.036863 1.038140 1.021036 1.027310 1.029872 1.031569 1.039332 1.030702 1.037323 1.040594 1.044777 1.053978 
1.002399 0.997590 0.993829 0.988956 0.987614 1.000328 1.001291 0.995621 0.992133 0.986097 1.000424 0.995888 0.996860 0.993713 0.980904 1.000871 0.994483 0.978642 0.989248 0.972695 0.995739 0.999366 0.993144 0.985838 0.982318 0.995342 0.992637 0.990146 0.982349 0.976259 0.993789 0.985900 0.978057 0.970259 0.978608 0.989398 0.987698 0.982362 0.981930 0.980367 0.984628 0.980627 0.981030 0.976220 0.967340 0.992601 0.986855 0.966780 0.978229 1.020071 0.996470 0.977471 0.983474 1.001182 0.936356 0.982683 0.983113 0.980855 0.986016 1.020071 0.989056 0.984156 0.976677 0.977582 0.990232 0.983279 0.982532 0.977036 0.986174 0.978850 0.984230 0.981966 0.983237 0.981298 0.965048 0.995901 0.992364 0.976297 0.986737 0.959537 0.990048 0.989912 0.992420 0.981943 0.972261 0.992752 0.987890 0.988074 0.985706 0.976556 0.994080 0.987947 0.985287 0.982230 0.974516 0.993980 0.995036 0.985726 0.980854 0.978251 0.989600 0.984198 0.988428 0.983196 0.977755 1.001369 0.999664 0.997277 0.997350 0.993388 0.993375 0.989935 0.985145 0.982693 0.974277 0.995576 0.983773 0.982755 0.987805 0.980381 1.001890 1.000162 0.996756 0.991570 0.990015 0.999994 1.000312 0.996427 0.995242 0.992797 0.995958 0.991529 0.989174 0.986108 0.975428 
1.010746 1.017413 1.024303 1.027134 1.032586 1.012687 1.016026 1.018415 1.023557 1.031510 1.015470 1.018564 1.020968 1.023721 1.035263 1.015503 1.022476 1.034220 1.031070 1.037862 1.020402 1.017909 1.024219 1.031189 1.037487 1.018824 1.023073 1.026628 1.033059 1.038900 1.023502 1.031295 1.040523 1.039796 1.044524 1.028799 1.029786 1.036404 1.035684 1.043569 1.031126 1.037282 1.035521 1.040228 1.048406 1.021288 1.030833 1.042432 1.044730 1.022017 1.027718 1.043542 1.038153 1.024794 1.067459 1.033717 1.033845 1.038685 1.036217 1.022017 1.027448 1.031118 1.040814 1.038734 1.028835 1.033455 1.034742 1.036859 1.033243 1.035037 1.030908 1.035604 1.034789 1.036877 1.048858 1.021610 1.025930 1.040091 1.034274 1.052413 1.027371 1.029706 1.029690 1.030834 1.043815 1.024797 1.029758 1.028940 1.031384 1.041864 1.021964 1.028235 1.031428 1.034960 1.041502 1.023135 1.026135 1.029638 1.032805 1.037859 1.021074 1.029874 1.026946 1.032880 1.038835 1.013629 1.016482 1.019715 1.021280 1.024670 1.024140 1.028311 1.032021 1.034006 1.041997 1.024795 1.029923 1.032065 1.029634 1.038060 1.011595 1.015456 1.018779 1.024723 1.025982 1.014093 1.017007 1.019316 1.020215 1.025090 1.020202 1.025166 1.027744 1.031072 1.040491 
1.005486 1.014323 1.023315 1.025678 1.031977 1.008761 1.012967 1.014920 1.021929 1.030552 1.011743 1.015809 1.018939 1.022695 1.034368 1.012361 1.019595 1.033732 1.029608 1.037457 1.017558 1.015947 1.021886 1.030345 1.036790 1.015940 1.020973 1.025303 1.032311 1.038505 1.022148 1.030307 1.039482 1.039393 1.044184 1.028115 1.029195 1.036056 1.035351 1.043240 1.029890 1.036515 1.034871 1.039594 1.047960 1.020185 1.030147 1.042070 1.044388 1.021936 1.027333 1.043133 1.037698 1.024303 1.066855 1.032642 1.032562 1.038334 1.035949 1.021936 1.025914 1.030468 1.039871 1.036505 1.027576 1.030700 1.033074 1.036298 1.032882 1.034694 1.029843 1.034853 1.033846 1.036532 1.048452 1.019605 1.024781 1.039661 1.033942 1.051969 1.025425 1.028963 1.028934 1.030505 1.043402 1.022958 1.028811 1.028500 1.030701 1.040785 1.019677 1.026802 1.030378 1.034052 1.040829 1.022909 1.023927 1.028880 1.032397 1.036955 1.018925 1.028732 1.025180 1.032031 1.037945 1.010505 1.014683 1.018014 1.019927 1.023607 1.023049 1.026745 1.030916 1.033092 1.041319 1.022566 1.029071 1.031281 1.028758 1.037426 1.007202 1.012147 1.016967 1.023332 1.024693 1.010491 1.014224 1.017210 1.018752 1.024211 1.017921 1.023618 1.026331 1.030017 1.039828 
1.000611 1.003417 1.006112 1.008191 1.009476 1.002245 1.002089 1.004743 1.006253 1.009825 1.002160 1.004439 1.004607 1.006058 1.011923 1.002000 1.005627 1.012691 1.008744 1.015226 1.004860 1.003316 1.006419 1.009852 1.012028 1.004851 1.006199 1.007727 1.011290 1.014228 1.006014 1.009725 1.013952 1.016342 1.014377 1.008278 1.008993 1.011812 1.011833 1.013642 1.010262 1.012556 1.012126 1.013828 1.018721 1.006019 1.009448 1.017909 1.014535 0.997059 1.005768 1.014597 1.011751 1.003759 1.032024 1.011318 1.011189 1.012682 1.010574 0.997059 1.007968 1.010406 1.014446 1.013907 1.008048 1.011205 1.011583 1.013661 1.010045 1.012737 1.010346 1.011842 1.011294 1.012238 1.019540 1.004966 1.006638 1.014417 1.010027 1.021935 1.007911 1.008264 1.007438 1.011030 1.016349 1.006507 1.008950 1.008718 1.009917 1.014668 1.005561 1.008629 1.010005 1.011629 1.015235 1.005793 1.006091 1.009633 1.011715 1.013437 1.007062 1.010200 1.008368 1.010656 1.013758 1.001494 1.002787 1.004161 1.004119 1.006313 1.005994 1.008099 1.010185 1.011368 1.015393 1.005712 1.010318 1.010999 1.008944 1.012753 1.001453 1.002276 1.004174 1.006781 1.007611 1.002653 1.002501 1.004395 1.004956 1.006453 1.004542 1.006847 1.008218 1.009759 1.014781 
1.000828 1.005097 1.008896 1.011180 1.013406 1.002512 1.003406 1.005861 1.009031 1.013548 1.003362 1.006006 1.006618 1.008760 1.016302 1.003319 1.007643 1.017062 1.012250 1.020007 1.006554 1.004928 1.008712 1.013536 1.016496 1.006286 1.008579 1.010699 1.015308 1.019111 1.008561 1.013461 1.018699 1.021360 1.019882 1.011690 1.012622 1.016351 1.016281 1.019022 1.013804 1.017025 1.016446 1.019363 1.024786 1.008484 1.013155 1.023229 1.020068 0.999606 1.009246 1.020029 1.016547 1.006928 1.040544 1.015220 1.015041 1.017497 1.015032 0.999606 1.011169 1.014233 1.019309 1.018025 1.011144 1.014347 1.015381 1.018388 1.014203 1.017127 1.013989 1.016145 1.015366 1.016836 1.025647 1.007114 1.009763 1.019458 1.014289 1.028503 1.010695 1.011779 1.010879 1.014905 1.021836 1.009072 1.012459 1.012280 1.013726 1.019592 1.007777 1.011820 1.013731 1.015801 1.020314 1.008650 1.008486 1.013255 1.015865 1.017951 1.009122 1.013684 1.011230 1.015187 1.018396 1.002685 1.004503 1.006192 1.006717 1.009108 1.008959 1.011145 1.013917 1.015356 1.020539 1.007993 1.013943 1.014948 1.012455 1.017341 1.001553 1.003550 1.006115 1.009695 1.010493 1.003180 1.004210 1.006270 1.007125 1.009500 1.006607 1.009769 1.011276 1.013365 1.019729 
0.996096 0.990838 0.986551 0.982113 0.979326 0.994920 0.994076 0.989645 0.985242 0.978607 0.993378 0.989697 0.989686 0.986680 0.973503 0.993853 0.987257 0.972485 0.980831 0.967172 0.988985 0.992576 0.985936 0.978597 0.973931 0.989346 0.985886 0.983127 0.975497 0.969229 0.986780 0.978475 0.969844 0.964804 0.968817 0.981949 0.980391 0.974345 0.974327 0.970376 0.977744 0.972808 0.973729 0.968036 0.959622 0.986749 0.979432 0.961505 0.968481 1.005551 0.987108 0.968340 0.974366 0.991296 0.931385 0.975497 0.975719 0.972478 0.976975 1.005551 0.981830 0.977438 0.968776 0.970008 0.982520 0.975873 0.974948 0.970358 0.978089 0.972457 0.977523 0.974311 0.975506 0.973448 0.957929 0.988743 0.984712 0.968787 0.978120 0.952838 0.982755 0.981943 0.983704 0.976117 0.964687 0.985476 0.980475 0.980995 0.978421 0.968303 0.987208 0.980955 0.978016 0.974697 0.967062 0.987247 0.986678 0.979025 0.974588 0.970946 0.984645 0.977873 0.981781 0.975502 0.970252 0.994793 0.993097 0.990410 0.989659 0.986117 0.986037 0.982364 0.977738 0.975434 0.966709 0.987482 0.977586 0.976081 0.980485 0.972392 0.996143 0.993352 0.990331 0.984587 0.983293 0.994211 0.992897 0.989904 0.988905 0.985441 0.989069 0.984348 0.982055 0.978786 0.968067 
1.003988 0.997922 0.992904 0.989585 0.987430 1.000576 1.000520 0.996411 0.992579 0.986762 1.000505 0.996429 0.995994 0.992932 0.983006 1.000532 0.994721 0.981126 0.989167 0.976715 0.995909 0.998038 0.993247 0.986601 0.983332 0.995761 0.993119 0.990340 0.983951 0.978905 0.993213 0.986846 0.980287 0.974844 0.979648 0.989205 0.987854 0.983261 0.983081 0.980937 0.986045 0.982263 0.982697 0.979418 0.971706 0.992547 0.987219 0.972192 0.979370 1.010034 0.993739 0.979038 0.983736 0.997237 0.948684 0.984315 0.984699 0.981950 0.985687 1.010034 0.989881 0.985257 0.979256 0.980912 0.990158 0.985801 0.984421 0.979695 0.986208 0.981154 0.985671 0.983347 0.984453 0.982497 0.970141 0.995345 0.992018 0.978758 0.986432 0.966023 0.990572 0.989434 0.991127 0.983779 0.975585 0.992756 0.988183 0.988148 0.986363 0.979117 0.994309 0.988905 0.986389 0.983746 0.977584 0.992777 0.994258 0.986635 0.982786 0.980692 0.991221 0.985846 0.989425 0.984553 0.980220 1.001258 0.998446 0.996366 0.996190 0.992614 0.992894 0.990096 0.986228 0.984257 0.977355 0.994771 0.985375 0.984334 0.988113 0.981930 1.002466 1.000196 0.996198 0.991684 0.990413 0.999822 0.999464 0.996077 0.994731 0.992143 0.995983 0.991723 0.989627 0.986909 0.978309 
1.007222 1.015942 1.024189 1.028836 1.034783 1.009223 1.012687 1.016710 1.024501 1.034373 1.012586 1.017514 1.019295 1.023704 1.040547 1.012571 1.021484 1.040639 1.032255 1.046756 1.018995 1.015298 1.023738 1.034241 1.041620 1.017602 1.023343 1.027857 1.037673 1.045981 1.023309 1.034425 1.046193 1.049649 1.049895 1.030479 1.032244 1.040845 1.040412 1.048203 1.034567 1.042222 1.040526 1.048034 1.058724 1.022077 1.033526 1.053677 1.050259 1.010029 1.026332 1.049544 1.041849 1.021440 1.090519 1.037878 1.037743 1.043602 1.038950 1.010029 1.029400 1.035147 1.047179 1.044180 1.029764 1.036408 1.038541 1.043745 1.036196 1.041305 1.034681 1.040102 1.038665 1.041777 1.060234 1.020390 1.026613 1.047018 1.036855 1.066035 1.028251 1.031017 1.029778 1.036075 1.052279 1.024820 1.031950 1.031383 1.034580 1.048095 1.021650 1.030507 1.034741 1.039360 1.048999 1.023499 1.024565 1.032985 1.038353 1.043817 1.022716 1.033707 1.028745 1.037899 1.044933 1.010924 1.014308 1.018227 1.020170 1.024708 1.024597 1.029332 1.035249 1.038281 1.049558 1.023085 1.034140 1.036595 1.031933 1.043100 1.007778 1.012923 1.017625 1.025747 1.027408 1.010744 1.014413 1.018102 1.019704 1.025634 1.019359 1.026125 1.029291 1.033903 1.047646 
1.001399 1.016072 1.029670 1.036223 1.043922 1.008908 1.011722 1.019283 1.028887 1.043794 1.010697 1.019428 1.022401 1.029127 1.051610 1.011040 1.024875 1.053647 1.040170 1.062426 1.021754 1.017246 1.028727 1.043732 1.053338 1.020638 1.027794 1.034874 1.048837 1.060461 1.028468 1.043305 1.059772 1.066492 1.064243 1.038354 1.041017 1.052677 1.052296 1.061758 1.044279 1.054561 1.052556 1.060152 1.077874 1.027601 1.042687 1.072151 1.064779 1.005661 1.031737 1.064226 1.053581 1.024757 1.123940 1.048758 1.048322 1.056314 1.049344 1.005661 1.035817 1.045437 1.061417 1.057069 1.036881 1.045979 1.049290 1.057765 1.046181 1.054252 1.044682 1.051761 1.049533 1.054070 1.080273 1.023768 1.031903 1.061672 1.046754 1.088641 1.034972 1.038821 1.036564 1.047280 1.068939 1.029854 1.040465 1.039952 1.044290 1.062433 1.025151 1.037925 1.044071 1.050602 1.064259 1.029048 1.028960 1.042468 1.050267 1.057059 1.028787 1.043543 1.036197 1.047076 1.058504 1.008411 1.015333 1.020905 1.022339 1.030332 1.029278 1.036474 1.044780 1.049164 1.064976 1.027185 1.044314 1.047533 1.040470 1.055679 1.004990 1.011317 1.020300 1.031335 1.034147 1.010977 1.013733 1.020852 1.023639 1.031252 1.021452 1.031505 1.036670 1.043176 1.062475 
0.999767 0.996635 0.994946 0.990261 0.989483 0.999774 1.000439 0.995695 0.992469 0.987890 0.998919 0.995833 0.997287 0.994799 0.982707 0.999712 0.994602 0.981032 0.990727 0.975535 0.995875 0.999673 0.993909 0.987663 0.984625 0.995555 0.993103 0.991440 0.984437 0.978989 0.994765 0.987440 0.980598 0.973297 0.981499 0.990999 0.989448 0.984717 0.984276 0.983139 0.986392 0.982982 0.983321 0.977716 0.970886 0.993598 0.988663 0.970103 0.981146 1.020151 0.997792 0.980352 0.985833 1.002137 0.942112 0.984700 0.985037 0.983380 0.988218 1.020151 0.989888 0.986045 0.979322 0.979737 0.991634 0.984789 0.984438 0.979601 0.988213 0.981303 0.986050 0.984192 0.985306 0.983723 0.968726 0.996333 0.993137 0.979071 0.988804 0.963614 0.991193 0.991516 0.993904 0.984071 0.975388 0.993512 0.989529 0.989810 0.987593 0.979215 0.994293 0.989195 0.986937 0.984314 0.977341 0.995234 0.995829 0.987514 0.983094 0.980698 0.990444 0.985959 0.989685 0.984073 0.980273 0.999972 0.999531 0.997611 0.997379 0.994513 0.994017 0.991220 0.986872 0.984811 0.977130 0.996291 0.985629 0.984772 0.989455 0.982819 1.000682 0.998952 0.997005 0.992354 0.991209 0.999538 0.999284 0.996666 0.995883 0.993804 0.995875 0.992190 0.990500 0.987856 0.978192 
0.997147 0.987065 0.978304 0.972089 0.966613 0.994251 0.991767 0.985663 0.977104 0.966107 0.991396 0.985063 0.984043 0.978611 0.958325 0.991577 0.981137 0.956841 0.969691 0.948782 0.983848 0.988508 0.978606 0.966035 0.958401 0.984659 0.978490 0.973474 0.961376 0.951448 0.979057 0.965938 0.952545 0.945184 0.949882 0.970920 0.968546 0.958885 0.958961 0.952185 0.965195 0.956957 0.958431 0.949676 0.936640 0.979198 0.967121 0.940130 0.949387 1.004139 0.978034 0.949469 0.958757 0.984446 0.894595 0.961519 0.961973 0.955929 0.962459 1.004139 0.971663 0.964282 0.950952 0.954081 0.972147 0.963461 0.961088 0.953552 0.964606 0.956490 0.964805 0.959314 0.961236 0.957562 0.934174 0.982617 0.975585 0.950682 0.964444 0.926584 0.973336 0.970820 0.973248 0.962235 0.944371 0.977415 0.968973 0.969385 0.965640 0.950234 0.980658 0.970255 0.965357 0.960074 0.948240 0.978777 0.979142 0.966848 0.959885 0.954406 0.977211 0.965527 0.971930 0.961391 0.953272 0.993148 0.989295 0.984971 0.983350 0.977698 0.977671 0.972320 0.964920 0.961246 0.947677 0.980523 0.964881 0.962404 0.968938 0.956130 0.996439 0.991009 0.985122 0.975845 0.973744 0.992734 0.989703 0.984688 0.982629 0.976533 0.983492 0.975552 0.971862 0.966499 0.949793 
0.992237 0.989690 0.985244 0.989686 0.985070 0.991407 0.985845 0.991618 0.989230 0.988648 0.988524 0.990281 0.985671 0.986032 0.992068 0.987110 0.988505 0.995651 0.985340 1.000116 0.988759 0.985163 0.987852 0.989194 0.987563 0.990908 0.989509 0.988386 0.992021 0.994143 0.986537 0.989232 0.990796 1.001535 0.985198 0.986495 0.987737 0.988174 0.989477 0.983716 0.991390 0.990181 0.991253 0.993427 0.996970 0.990101 0.987961 1.003647 0.985517 0.950276 0.977458 0.987827 0.984998 0.974001 1.020785 0.991284 0.990823 0.987969 0.983232 0.950276 0.989434 0.991399 0.992290 0.994634 0.985992 0.992698 0.991156 0.995297 0.986098 0.994388 0.991953 0.989994 0.989296 0.989166 0.999637 0.986323 0.985925 0.992933 0.984256 1.003717 0.988518 0.984943 0.981519 0.994322 0.994748 0.987281 0.987917 0.987892 0.988988 0.991564 0.988891 0.989942 0.989992 0.990477 0.994272 0.985335 0.983190 0.990796 0.993938 0.993043 0.995671 0.993120 0.990959 0.991506 0.992731 0.988233 0.986103 0.985980 0.984009 0.985579 0.986263 0.987292 0.989643 0.990730 0.994111 0.983798 0.993321 0.992494 0.988083 0.989586 0.990838 0.988292 0.987775 0.988499 0.989200 0.990122 0.986011 0.988033 0.987978 0.985800 0.988028 0.988324 0.988726 0.989187 0.994010 
0.997172 0.994388 0.990947 0.991531 0.989012 0.995408 0.993569 0.994242 0.992618 0.990213 0.994705 0.993940 0.991952 0.991284 0.990529 0.994215 0.992597 0.991349 0.989483 0.991702 0.993022 0.992470 0.991809 0.990431 0.988609 0.993861 0.992655 0.991286 0.990706 0.989933 0.991494 0.990577 0.988820 0.991643 0.986388 0.990243 0.990322 0.988941 0.989436 0.986216 0.991053 0.989332 0.989976 0.990223 0.988571 0.992838 0.990166 0.991609 0.986425 0.982327 0.988085 0.987282 0.987736 0.987834 0.990526 0.990449 0.990273 0.988387 0.987708 0.982327 0.991668 0.990942 0.989120 0.990373 0.990207 0.991134 0.990278 0.990677 0.989101 0.990846 0.991207 0.989645 0.989662 0.989093 0.989161 0.992069 0.991035 0.989358 0.988399 0.989432 0.991222 0.989648 0.988780 0.991753 0.989008 0.991603 0.990413 0.990530 0.990304 0.988724 0.992776 0.991443 0.990693 0.989962 0.989449 0.991100 0.990189 0.991157 0.991205 0.989950 0.994505 0.991766 0.991925 0.991062 0.989653 0.994963 0.993187 0.992377 0.991738 0.990944 0.991504 0.990662 0.990458 0.990185 0.989300 0.990663 0.991743 0.991038 0.990459 0.988992 0.995837 0.994504 0.993067 0.991887 0.991693 0.994778 0.993455 0.993007 0.992648 0.991023 0.993034 0.991838 0.991159 0.990477 0.989591 
1.002303 1.004235 1.006872 1.005651 1.007797 1.003428 1.005454 1.003910 1.005264 1.006473 1.004305 1.004369 1.006261 1.006555 1.005647 1.004922 1.005274 1.004486 1.007437 1.003446 1.005107 1.006156 1.005840 1.006290 1.007462 1.004248 1.005159 1.006031 1.005562 1.005477 1.006339 1.006225 1.006654 1.003178 1.008937 1.006964 1.006649 1.007181 1.006699 1.009327 1.005528 1.006571 1.006063 1.005505 1.005468 1.004985 1.006671 1.002777 1.008853 1.018127 1.009766 1.007957 1.008319 1.010539 0.999572 1.005834 1.005999 1.007468 1.008797 1.018127 1.005656 1.005554 1.006199 1.005065 1.007091 1.005155 1.005892 1.004819 1.007535 1.005048 1.005327 1.006456 1.006613 1.006909 1.004673 1.006087 1.006692 1.005965 1.008243 1.003686 1.006015 1.007536 1.008660 1.004666 1.005752 1.006124 1.006538 1.006547 1.006381 1.006522 1.005177 1.005623 1.005989 1.006216 1.005656 1.006888 1.007619 1.005597 1.004953 1.005684 1.003001 1.004829 1.005180 1.005309 1.005882 1.004288 1.005631 1.006054 1.006771 1.006806 1.006410 1.006522 1.006168 1.006057 1.005752 1.007247 1.004813 1.005283 1.006498 1.006867 1.003229 1.004464 1.005342 1.005720 1.005721 1.003933 1.005395 1.005306 1.005516 1.006727 1.005266 1.005768 1.006025 1.006249 1.005648 
0.983185 0.966316 0.947561 0.946141 0.931916 0.977173 0.966214 0.966389 0.952687 0.936741 0.970152 0.963958 0.955506 0.949195 0.932293 0.968245 0.956042 0.935670 0.936038 0.932063 0.959856 0.960585 0.951528 0.937572 0.924938 0.964187 0.954428 0.945970 0.935857 0.926190 0.950439 0.937697 0.922132 0.929528 0.910043 0.939863 0.938699 0.926667 0.928830 0.910766 0.939753 0.927115 0.930802 0.923916 0.910981 0.956315 0.937129 0.926177 0.909887 0.927084 0.935154 0.913604 0.921437 0.938153 0.892679 0.934788 0.934521 0.922422 0.923659 0.927084 0.945619 0.938794 0.922407 0.929757 0.940491 0.938962 0.933788 0.930712 0.930977 0.933288 0.940176 0.929950 0.931309 0.926477 0.911935 0.954777 0.945412 0.923249 0.927873 0.908281 0.945726 0.937258 0.935084 0.940809 0.917748 0.949463 0.939399 0.940118 0.936779 0.920258 0.956264 0.944219 0.937999 0.931709 0.922056 0.948604 0.944956 0.941195 0.937032 0.928178 0.962089 0.942963 0.947787 0.936047 0.926187 0.972094 0.963549 0.957514 0.952872 0.947236 0.948738 0.942630 0.936800 0.933485 0.921055 0.947761 0.942513 0.937941 0.939626 0.925136 0.979200 0.969159 0.960526 0.949564 0.947719 0.973392 0.964133 0.960167 0.957491 0.946355 0.958789 0.948963 0.944367 0.938086 0.923684 
0.984884 0.969074 0.952466 0.948776 0.936539 0.979070 0.970713 0.967989 0.955718 0.939754 0.973308 0.966549 0.960076 0.953774 0.933611 0.972190 0.959021 0.935642 0.940393 0.929839 0.962841 0.965567 0.954856 0.940377 0.928129 0.966291 0.957181 0.949253 0.937366 0.926542 0.954699 0.940440 0.923619 0.926563 0.914012 0.944036 0.942324 0.929799 0.931427 0.915445 0.941467 0.929160 0.932522 0.924523 0.909533 0.959251 0.940555 0.922119 0.913704 0.947777 0.943534 0.916477 0.925881 0.948245 0.879606 0.936442 0.936314 0.925511 0.928977 0.947777 0.948350 0.940723 0.923268 0.929276 0.944645 0.939408 0.935243 0.930693 0.935212 0.933754 0.941740 0.932195 0.933822 0.929143 0.909277 0.959037 0.949901 0.924070 0.932859 0.903616 0.948685 0.942054 0.941363 0.941549 0.917547 0.953150 0.942839 0.943763 0.939736 0.921328 0.959341 0.946788 0.940390 0.933723 0.922098 0.953755 0.950195 0.943454 0.937833 0.928888 0.962231 0.944041 0.949775 0.937883 0.926984 0.975876 0.968298 0.962130 0.958432 0.951946 0.953216 0.946200 0.939279 0.935529 0.921142 0.952827 0.943608 0.939318 0.943018 0.927430 0.981642 0.972695 0.964390 0.952935 0.950666 0.975853 0.968629 0.963788 0.961285 0.951032 0.962428 0.952324 0.947393 0.940840 0.923902 
1.002881 1.010675 1.018106 1.021111 1.025828 1.006033 1.008664 1.011717 1.017545 1.025338 1.007966 1.012129 1.014129 1.017714 1.029360 1.008283 1.015254 1.029857 1.023785 1.034008 1.013444 1.011387 1.017293 1.025223 1.030616 1.012512 1.016732 1.020547 1.027644 1.033693 1.017282 1.025100 1.033721 1.036031 1.036845 1.022628 1.023941 1.030206 1.029827 1.035680 1.025243 1.030973 1.029756 1.034278 1.042795 1.016384 1.024814 1.038809 1.037096 1.009387 1.020233 1.036538 1.031151 1.016941 1.064825 1.027686 1.027464 1.032204 1.028984 1.009387 1.021148 1.025847 1.034441 1.031819 1.021856 1.026000 1.028006 1.032169 1.026955 1.030272 1.025413 1.029495 1.028332 1.030834 1.043739 1.014881 1.019452 1.034520 1.027485 1.047776 1.020544 1.023089 1.022270 1.026495 1.038219 1.018040 1.023629 1.023329 1.025569 1.035081 1.015381 1.022117 1.025394 1.028822 1.035740 1.017668 1.017914 1.024380 1.028185 1.031969 1.016382 1.024665 1.020938 1.027157 1.032792 1.006863 1.010403 1.013373 1.014646 1.018401 1.017998 1.021520 1.025792 1.027999 1.036154 1.016932 1.025044 1.026908 1.023587 1.031638 1.004358 1.008315 1.012854 1.018767 1.020056 1.007312 1.009812 1.013079 1.014534 1.019012 1.013628 1.018926 1.021473 1.024932 1.034795 
0.990828 0.985955 0.978799 0.983389 0.976992 0.988573 0.981804 0.987659 0.983897 0.981255 0.985276 0.986100 0.980183 0.979803 0.984654 0.983537 0.983350 0.988418 0.977675 0.992855 0.984005 0.980134 0.982033 0.981956 0.978955 0.986629 0.984261 0.981963 0.984712 0.985931 0.980493 0.982160 0.982084 0.994102 0.974844 0.979354 0.980488 0.979690 0.981305 0.973356 0.984525 0.981912 0.983403 0.985553 0.987332 0.984779 0.980585 0.996035 0.975165 0.939774 0.969162 0.977937 0.975698 0.965714 1.010582 0.983908 0.983398 0.979036 0.974211 0.939774 0.983310 0.984333 0.983651 0.986979 0.979023 0.986033 0.983709 0.987474 0.977918 0.986959 0.985094 0.981972 0.981442 0.980724 0.990291 0.980851 0.979527 0.984318 0.975671 0.994212 0.982164 0.977426 0.973630 0.987669 0.985695 0.981349 0.980755 0.980811 0.981605 0.982683 0.983800 0.983529 0.982915 0.982721 0.985697 0.979034 0.976575 0.983930 0.986814 0.985047 0.991334 0.986626 0.984896 0.984461 0.984510 0.985099 0.981567 0.980783 0.978396 0.979134 0.980208 0.980510 0.982416 0.983129 0.985419 0.977451 0.986753 0.985365 0.980963 0.981095 0.988348 0.984822 0.982971 0.982564 0.983112 0.986813 0.981790 0.983214 0.982780 0.979347 0.983226 0.982396 0.982211 0.981998 0.985575 
1.003715 1.004827 1.006953 1.004244 1.006394 1.004574 1.007197 1.003999 1.004555 1.004488 1.005622 1.004488 1.007027 1.006548 1.002066 1.006388 1.005335 1.000293 1.006494 0.997399 1.005346 1.007564 1.005626 1.004158 1.004593 1.004309 1.004590 1.005031 1.002422 1.000746 1.006305 1.004037 1.002572 0.996439 1.005428 1.005844 1.005085 1.004326 1.003621 1.006342 1.002949 1.003142 1.002654 1.000627 0.998453 1.004442 1.004881 0.995001 1.005231 1.026975 1.011153 1.004040 1.006097 1.013431 0.983471 1.002793 1.003069 1.004278 1.007122 1.026975 1.004193 1.002914 1.001707 1.000654 1.006130 1.002131 1.002857 1.000353 1.005763 1.000855 1.002661 1.003392 1.003834 1.003720 0.996859 1.006568 1.006293 1.001378 1.006725 0.994278 1.004935 1.006688 1.008621 1.001195 1.000047 1.005739 1.005035 1.005026 1.004271 1.002054 1.005023 1.003921 1.003659 1.003145 1.000487 1.006844 1.008039 1.003401 1.001320 1.001481 1.001386 1.002075 1.003583 1.002489 1.001587 1.005808 1.006991 1.006845 1.007665 1.006734 1.006232 1.005537 1.003833 1.003063 1.000547 1.007833 1.001934 1.002269 1.004929 1.003395 1.004773 1.005711 1.005913 1.005019 1.004530 1.005165 1.006946 1.005766 1.005707 1.006492 1.005568 1.005055 1.004730 1.004205 1.000719 
0.981987 0.973263 0.962178 0.963482 0.953927 0.979023 0.970902 0.973653 0.966790 0.958244 0.974163 0.972352 0.965828 0.963477 0.957925 0.972719 0.967044 0.962056 0.955522 0.962697 0.969164 0.968301 0.964539 0.959111 0.951452 0.972694 0.967368 0.962768 0.959867 0.956135 0.964133 0.959133 0.951424 0.962120 0.942345 0.958986 0.959140 0.953068 0.954996 0.941912 0.961170 0.954048 0.956771 0.954601 0.949404 0.969583 0.958322 0.961531 0.942438 0.932139 0.951595 0.945701 0.948321 0.951171 0.952745 0.958557 0.957968 0.950637 0.948716 0.932139 0.963110 0.961307 0.952510 0.956614 0.958500 0.960035 0.957377 0.959085 0.954228 0.960188 0.961879 0.955500 0.955670 0.953527 0.951469 0.965805 0.961362 0.953816 0.951524 0.951749 0.962131 0.956634 0.953504 0.964258 0.951864 0.963612 0.959287 0.960144 0.958713 0.950801 0.967921 0.962661 0.959641 0.956598 0.953700 0.963532 0.958454 0.962066 0.961911 0.956116 0.974873 0.963977 0.964797 0.960234 0.954870 0.975552 0.970759 0.967399 0.964217 0.962126 0.963427 0.960145 0.958722 0.957671 0.953062 0.960296 0.964126 0.961234 0.959576 0.952761 0.979547 0.973815 0.969966 0.964844 0.964241 0.976695 0.970384 0.969624 0.968709 0.962002 0.968811 0.964317 0.962022 0.959186 0.954442 
0.983028 0.965586 0.946443 0.944653 0.930017 0.977565 0.965968 0.966052 0.951209 0.934813 0.969730 0.963339 0.954899 0.948094 0.929599 0.967831 0.955202 0.932964 0.934488 0.928796 0.959313 0.960275 0.950617 0.935608 0.922491 0.963708 0.953295 0.944559 0.933560 0.923161 0.949429 0.935639 0.919320 0.926016 0.907019 0.938225 0.936870 0.924180 0.926334 0.907905 0.937783 0.924549 0.928297 0.920190 0.906977 0.955235 0.935223 0.922322 0.906828 0.927914 0.934005 0.910521 0.918975 0.937448 0.885726 0.932548 0.932410 0.919750 0.921458 0.927914 0.943903 0.936665 0.919454 0.927166 0.939039 0.937092 0.931609 0.927798 0.928877 0.930579 0.938142 0.927527 0.929079 0.923895 0.907745 0.953990 0.943931 0.920184 0.925784 0.903561 0.944443 0.935636 0.933668 0.938466 0.914262 0.948311 0.937655 0.938324 0.934761 0.917291 0.955282 0.942504 0.935943 0.929337 0.918858 0.947454 0.944153 0.939235 0.934559 0.925444 0.960937 0.940953 0.946332 0.933267 0.923383 0.971649 0.963080 0.956822 0.951814 0.946112 0.947375 0.941205 0.934751 0.931213 0.917821 0.946999 0.940433 0.935700 0.937888 0.922509 0.979467 0.968699 0.959818 0.948179 0.946285 0.973555 0.963566 0.959529 0.956667 0.944993 0.957902 0.947522 0.942858 0.936186 0.920596 
0.984387 0.977041 0.967065 0.970216 0.961228 0.982144 0.973605 0.978595 0.972199 0.966016 0.977208 0.976712 0.969946 0.968350 0.967400 0.975452 0.972329 0.971977 0.962593 0.974589 0.973870 0.971425 0.970236 0.966870 0.960791 0.977418 0.972868 0.969080 0.968732 0.967160 0.969100 0.966877 0.962435 0.974889 0.953312 0.965424 0.966118 0.962119 0.964076 0.952286 0.969429 0.963869 0.966235 0.965576 0.963948 0.974512 0.965690 0.975513 0.953533 0.929126 0.955861 0.956917 0.957334 0.953898 0.977959 0.967567 0.966916 0.960355 0.956695 0.929126 0.969751 0.969380 0.963890 0.968140 0.964972 0.969650 0.966829 0.969785 0.961898 0.970045 0.970148 0.964769 0.964561 0.962920 0.966663 0.970258 0.966778 0.964986 0.959136 0.968865 0.968807 0.963064 0.959243 0.972797 0.964536 0.969192 0.966374 0.966849 0.966461 0.962394 0.972940 0.969683 0.967631 0.965774 0.965611 0.967831 0.963744 0.969662 0.971001 0.966709 0.981138 0.972197 0.971809 0.968513 0.965699 0.977791 0.973431 0.971107 0.967784 0.967185 0.968329 0.966787 0.966863 0.966586 0.965095 0.965344 0.972311 0.969906 0.966619 0.962666 0.982072 0.976694 0.973759 0.970468 0.970462 0.979920 0.973205 0.973689 0.972940 0.967143 0.973044 0.970056 0.968743 0.966959 0.965994 
0.985594 0.973422 0.959793 0.958959 0.948188 0.981466 0.973055 0.973687 0.963670 0.952030 0.975953 0.971895 0.965416 0.961066 0.948913 0.974575 0.965849 0.952049 0.951106 0.949648 0.968646 0.969218 0.962625 0.952692 0.943148 0.972122 0.964883 0.958794 0.951699 0.944790 0.961924 0.952672 0.941263 0.947868 0.932004 0.954188 0.953502 0.944641 0.946346 0.932419 0.954385 0.945008 0.947887 0.942765 0.933708 0.966714 0.952312 0.945503 0.931915 0.941773 0.950157 0.934918 0.940572 0.952201 0.922049 0.950718 0.950365 0.941462 0.941950 0.941773 0.958417 0.953857 0.941651 0.946994 0.954367 0.953435 0.949818 0.948379 0.947702 0.950065 0.954846 0.947145 0.947966 0.944576 0.934599 0.964950 0.958109 0.942529 0.945222 0.932224 0.958378 0.952131 0.950176 0.955658 0.938556 0.961069 0.953959 0.954585 0.952167 0.939946 0.966159 0.957548 0.953004 0.948416 0.941618 0.960637 0.957202 0.955637 0.952844 0.945999 0.971252 0.957016 0.960230 0.951689 0.944495 0.977620 0.971477 0.967011 0.963417 0.959523 0.960638 0.956104 0.952070 0.949788 0.940866 0.959436 0.956766 0.953348 0.954123 0.943491 0.982909 0.975362 0.969408 0.961409 0.960080 0.978676 0.971578 0.969050 0.967258 0.958938 0.967956 0.960882 0.957558 0.953033 0.942819 
1.003505 1.005599 1.007855 1.008270 1.010353 1.003414 1.005313 1.005088 1.007558 1.009722 1.005004 1.005689 1.006659 1.007623 1.010786 1.005187 1.006783 1.010158 1.009737 1.010890 1.006161 1.005774 1.007331 1.009595 1.011548 1.005435 1.007121 1.008231 1.009991 1.011605 1.007451 1.009721 1.012119 1.011347 1.013846 1.009126 1.009365 1.011304 1.011005 1.013674 1.009337 1.011303 1.010756 1.012653 1.014142 1.006662 1.009622 1.011955 1.013883 1.009808 1.009557 1.013382 1.012033 1.008962 1.017960 1.010116 1.010174 1.011974 1.011592 1.009808 1.008614 1.009488 1.012135 1.011046 1.008994 1.009488 1.010270 1.010944 1.010541 1.010476 1.009300 1.010847 1.010608 1.011370 1.014084 1.006853 1.008480 1.012034 1.010965 1.014822 1.008286 1.009487 1.009700 1.009272 1.012977 1.007732 1.009267 1.009142 1.009720 1.012450 1.006839 1.008717 1.009651 1.010617 1.012280 1.007699 1.008191 1.009087 1.009877 1.011247 1.005929 1.008887 1.008046 1.010436 1.011553 1.004769 1.005558 1.006421 1.007367 1.007930 1.007981 1.008717 1.009790 1.010338 1.012437 1.007757 1.008979 1.009685 1.009244 1.011594 1.003420 1.005150 1.006031 1.007865 1.008022 1.003902 1.005765 1.006093 1.006437 1.008202 1.006548 1.007990 1.008514 1.009518 1.011998 
1.000998 0.997272 0.995509 0.989173 0.988663 1.001479 1.002600 0.996108 0.991853 0.986225 1.000422 0.996221 0.998634 0.995228 0.979205 1.001494 0.994979 0.976507 0.990319 0.969128 0.996634 1.001644 0.994129 0.985873 0.982296 0.995939 0.992820 0.990762 0.981424 0.974229 0.995213 0.985599 0.976872 0.966149 0.978576 0.990399 0.988222 0.982197 0.981487 0.980825 0.984085 0.979868 0.980113 0.972492 0.963703 0.993183 0.987244 0.961919 0.978091 1.031597 0.999889 0.976745 0.983920 1.005680 0.924546 0.981948 0.982551 0.980552 0.987277 1.031597 0.988686 0.983523 0.975024 0.975480 0.991470 0.982277 0.981746 0.974708 0.986822 0.977125 0.983495 0.981366 0.982979 0.980827 0.960690 0.997274 0.993114 0.974461 0.987822 0.953745 0.990653 0.991236 0.994729 0.980600 0.969639 0.993627 0.988361 0.988650 0.985739 0.975024 0.994418 0.987723 0.984860 0.981505 0.972227 0.995851 0.997298 0.985366 0.979398 0.976664 0.988651 0.983219 0.988335 0.980873 0.976170 1.001509 1.001247 0.998871 0.998650 0.994980 0.994146 0.990739 0.984852 0.982075 0.971978 0.997692 0.982735 0.981723 0.988274 0.979744 1.002446 1.000365 0.997854 0.991845 0.990418 1.001254 1.001042 0.997512 0.996418 0.993929 0.996424 0.991684 0.989596 0.986145 0.973326 
0.995797 0.986232 0.977472 0.971992 0.966682 0.991833 0.989892 0.983940 0.977178 0.966479 0.989972 0.984018 0.982512 0.977836 0.960029 0.990097 0.979930 0.958868 0.969235 0.951874 0.982433 0.986564 0.977443 0.966512 0.959224 0.983254 0.977981 0.973168 0.962553 0.953660 0.978169 0.966608 0.953963 0.948670 0.951136 0.970839 0.968817 0.959931 0.960164 0.953120 0.965812 0.958159 0.959728 0.953049 0.940099 0.978871 0.967460 0.944198 0.950709 0.997899 0.976589 0.951043 0.959397 0.982153 0.903484 0.962416 0.962730 0.957134 0.962715 0.997899 0.971997 0.965258 0.952703 0.955299 0.971634 0.963584 0.961713 0.955719 0.965043 0.958433 0.965610 0.960360 0.961989 0.958811 0.938118 0.981351 0.975377 0.952786 0.964679 0.931480 0.972771 0.970534 0.972384 0.963815 0.947091 0.976661 0.969079 0.969691 0.966202 0.951874 0.979931 0.970538 0.966037 0.961111 0.950554 0.978299 0.977420 0.967524 0.961551 0.956055 0.977155 0.966375 0.971831 0.963440 0.954961 0.991978 0.987894 0.983694 0.982590 0.976922 0.977432 0.971840 0.965493 0.962215 0.950009 0.978769 0.965950 0.963570 0.969109 0.957372 0.994213 0.989743 0.984040 0.975728 0.973609 0.990363 0.988366 0.983505 0.981737 0.976164 0.982707 0.975434 0.971683 0.966852 0.951959 
1.012053 1.019971 1.028867 1.029306 1.036731 1.014176 1.020357 1.019580 1.026351 1.034016 1.018455 1.020698 1.025181 1.027961 1.036086 1.019348 1.025028 1.033616 1.034913 1.034950 1.022991 1.022608 1.027102 1.033497 1.040086 1.020500 1.025477 1.029480 1.034012 1.038601 1.027394 1.033585 1.041319 1.036095 1.047820 1.032549 1.032969 1.038984 1.037729 1.047606 1.032296 1.038715 1.036660 1.040460 1.046107 1.023879 1.033791 1.037567 1.047866 1.042765 1.035808 1.045738 1.042048 1.034685 1.052972 1.034796 1.035023 1.041182 1.041028 1.042765 1.029814 1.032495 1.040973 1.037498 1.032529 1.033219 1.035573 1.036223 1.037005 1.034917 1.031941 1.037275 1.036721 1.038973 1.045315 1.025553 1.030134 1.040252 1.038784 1.046761 1.029828 1.034075 1.035568 1.031065 1.042868 1.028108 1.032732 1.032162 1.033856 1.042210 1.024634 1.030275 1.033335 1.036405 1.040831 1.027980 1.030923 1.031428 1.033061 1.037911 1.020784 1.030434 1.028442 1.034218 1.038958 1.017195 1.021035 1.024074 1.026707 1.029012 1.028367 1.031393 1.033994 1.035393 1.041364 1.029449 1.030505 1.032903 1.032556 1.039739 1.013407 1.018704 1.022388 1.027748 1.028516 1.016116 1.021308 1.022631 1.023702 1.029465 1.023508 1.028183 1.030309 1.033318 1.040013 
1.001144 1.005911 1.010121 1.012960 1.015178 1.003923 1.004172 1.007723 1.010197 1.015459 1.004160 1.007153 1.007848 1.009988 1.018482 1.004030 1.009238 1.019259 1.014030 1.022808 1.008057 1.005953 1.010435 1.015487 1.018879 1.007879 1.010049 1.012343 1.017427 1.021704 1.009891 1.015341 1.021562 1.024395 1.022541 1.013302 1.014273 1.018476 1.018425 1.021535 1.015960 1.019487 1.018758 1.021364 1.028270 1.009615 1.014952 1.026629 1.022757 0.998849 1.010070 1.022676 1.018561 1.007239 1.046683 1.017569 1.017370 1.019798 1.016963 0.998849 1.012716 1.016106 1.022190 1.021272 1.013050 1.017398 1.017997 1.020721 1.015948 1.019457 1.016018 1.018411 1.017648 1.019053 1.029340 1.008388 1.010938 1.022058 1.016051 1.032665 1.012630 1.013380 1.012384 1.016895 1.024854 1.010657 1.014194 1.013851 1.015578 1.022583 1.009050 1.013484 1.015685 1.018075 1.023234 1.009618 1.010305 1.015013 1.017919 1.020614 1.010871 1.015737 1.013139 1.016497 1.021119 1.002899 1.005109 1.007200 1.007319 1.010393 1.009932 1.012985 1.015984 1.017504 1.023481 1.009691 1.015871 1.016933 1.014167 1.019827 1.002314 1.004097 1.007089 1.010922 1.012153 1.004631 1.004740 1.007393 1.008210 1.010619 1.007527 1.011067 1.013076 1.015345 1.022565 
0.994255 0.985515 0.977275 0.972559 0.966962 0.991761 0.988810 0.984418 0.976999 0.967172 0.988973 0.983761 0.982144 0.977705 0.961116 0.988961 0.979998 0.960599 0.969449 0.954436 0.982362 0.986016 0.977680 0.967278 0.960199 0.983551 0.978065 0.973556 0.963755 0.955523 0.978095 0.967195 0.955593 0.951548 0.952234 0.971084 0.969267 0.960858 0.961211 0.953963 0.966873 0.959455 0.961027 0.953961 0.942971 0.979040 0.968023 0.947532 0.951861 0.992977 0.975537 0.952406 0.960024 0.980446 0.910716 0.963651 0.963833 0.958190 0.962998 0.992977 0.972178 0.966258 0.954526 0.957427 0.971902 0.965189 0.963067 0.957577 0.965485 0.960069 0.966690 0.961510 0.962992 0.959898 0.941370 0.981059 0.975031 0.954571 0.964956 0.935497 0.973247 0.970643 0.972063 0.965157 0.949366 0.976704 0.969567 0.970091 0.966928 0.953693 0.979792 0.970975 0.966806 0.962245 0.952626 0.977915 0.977199 0.968362 0.962945 0.957754 0.978194 0.967578 0.972589 0.963892 0.956685 0.990529 0.987026 0.983172 0.981492 0.976766 0.976963 0.972233 0.966325 0.963260 0.952089 0.978574 0.967113 0.964750 0.969577 0.958635 0.993385 0.988577 0.983660 0.975694 0.974000 0.990368 0.987196 0.983201 0.981550 0.975889 0.982101 0.975395 0.972178 0.967619 0.953947 
1.001334 1.007619 1.014128 1.014911 1.019021 1.004738 1.007367 1.008233 1.012425 1.017869 1.005961 1.008745 1.011311 1.013707 1.019391 1.006675 1.011060 1.019250 1.017534 1.020860 1.010006 1.009780 1.012762 1.017696 1.021404 1.009013 1.011936 1.014879 1.018614 1.021957 1.013265 1.017452 1.022540 1.021801 1.025840 1.016714 1.017280 1.021105 1.020593 1.025444 1.017151 1.021045 1.020092 1.021756 1.026947 1.012013 1.017747 1.023065 1.025925 1.016503 1.017265 1.025070 1.022352 1.015962 1.035354 1.018708 1.018657 1.022380 1.021434 1.016503 1.014733 1.017647 1.022687 1.020262 1.016207 1.016963 1.018793 1.020738 1.019547 1.019805 1.017180 1.020180 1.019578 1.021279 1.026960 1.011574 1.014547 1.022721 1.020276 1.028561 1.014722 1.017320 1.017548 1.017495 1.024612 1.013348 1.016973 1.016904 1.017993 1.023205 1.011149 1.015365 1.017505 1.019598 1.023113 1.014031 1.014176 1.016855 1.018614 1.021015 1.010546 1.016437 1.014473 1.017867 1.021594 1.005437 1.008817 1.010771 1.011818 1.014232 1.013590 1.015654 1.017837 1.019054 1.023401 1.013420 1.016708 1.018056 1.016937 1.021613 1.003352 1.006362 1.010024 1.013592 1.014363 1.005801 1.007949 1.010080 1.011192 1.014478 1.010165 1.013626 1.015340 1.017472 1.022601 
1.003654 1.007433 1.011051 1.013344 1.015715 1.005085 1.006016 1.008496 1.011101 1.015713 1.005996 1.008353 1.009052 1.010858 1.018336 1.005862 1.010272 1.018609 1.014794 1.021415 1.009108 1.007286 1.011268 1.015636 1.018893 1.008674 1.010856 1.012872 1.017211 1.020942 1.010760 1.015605 1.021138 1.022751 1.022508 1.013822 1.014637 1.018474 1.018294 1.021707 1.015923 1.019252 1.018475 1.021247 1.026796 1.010206 1.015245 1.024589 1.022681 1.003632 1.011720 1.022442 1.018932 1.009503 1.041744 1.017389 1.017303 1.019720 1.017472 1.003632 1.013342 1.016033 1.021597 1.020659 1.013623 1.017212 1.017860 1.020053 1.016337 1.018799 1.015951 1.018294 1.017638 1.018914 1.027507 1.009528 1.011950 1.021410 1.016583 1.030235 1.013174 1.014060 1.013417 1.016422 1.023816 1.011495 1.014604 1.014199 1.015752 1.022034 1.010098 1.013976 1.015848 1.017966 1.022370 1.010449 1.011452 1.015104 1.017471 1.020061 1.010953 1.015579 1.013431 1.016874 1.020557 1.005008 1.006588 1.008428 1.008908 1.011283 1.011010 1.013569 1.016124 1.017485 1.022621 1.010858 1.015676 1.016761 1.014552 1.019590 1.004266 1.006030 1.008215 1.011733 1.012603 1.005760 1.006622 1.008499 1.009131 1.011560 1.008899 1.011911 1.013520 1.015542 1.021763 
1.002826 1.005649 1.007564 1.011108 1.012585 1.002300 1.002819 1.005997 1.009353 1.013418 1.003884 1.006164 1.005465 1.007556 1.017664 1.003348 1.007555 1.018350 1.011479 1.022574 1.006318 1.003347 1.008197 1.013518 1.016614 1.006165 1.008687 1.010245 1.015935 1.020517 1.007532 1.013801 1.019760 1.024371 1.019893 1.010933 1.012111 1.016360 1.016520 1.018660 1.014323 1.017639 1.017106 1.022188 1.027463 1.007888 1.012807 1.026918 1.020159 0.990827 1.006324 1.020456 1.015936 1.002974 1.049512 1.015889 1.015675 1.017633 1.014062 0.990827 1.011630 1.014533 1.020638 1.019983 1.010530 1.015770 1.016233 1.019741 1.013528 1.018334 1.014501 1.016553 1.015683 1.017090 1.028949 1.006263 1.009239 1.020673 1.013330 1.032896 1.010526 1.010756 1.009208 1.015792 1.023727 1.008669 1.012044 1.011730 1.013597 1.020893 1.007743 1.012105 1.014100 1.016384 1.022059 1.007181 1.007308 1.013332 1.016765 1.019219 1.009890 1.014381 1.011430 1.016510 1.019668 1.002955 1.003355 1.005119 1.005781 1.007905 1.008355 1.010680 1.014223 1.015884 1.022285 1.006770 1.014601 1.015534 1.012069 1.017888 1.001833 1.003852 1.005354 1.009454 1.010329 1.002704 1.003827 1.005641 1.006262 1.008553 1.006508 1.009684 1.011069 1.013366 1.021317 
1.008611 1.015627 1.024473 1.022194 1.029116 1.012437 1.018286 1.015326 1.019976 1.025541 1.015148 1.016412 1.021946 1.023515 1.024322 1.016642 1.019909 1.021477 1.027867 1.019773 1.018800 1.020832 1.021866 1.024940 1.029616 1.016329 1.019663 1.023040 1.023703 1.025164 1.022889 1.024673 1.028478 1.019639 1.035379 1.025918 1.025482 1.028697 1.027263 1.036080 1.023003 1.027375 1.025626 1.025130 1.027865 1.018962 1.025812 1.019313 1.035228 1.051893 1.032822 1.032726 1.032187 1.034084 1.018551 1.024489 1.024919 1.030062 1.032612 1.051893 1.022089 1.023202 1.027467 1.024012 1.026107 1.022577 1.024921 1.023147 1.028719 1.022938 1.022517 1.026660 1.026731 1.028142 1.025941 1.021641 1.024297 1.026770 1.030757 1.024498 1.023123 1.027639 1.030385 1.020784 1.027256 1.022580 1.025211 1.024957 1.025280 1.028555 1.019459 1.022389 1.024209 1.025821 1.026301 1.024060 1.026651 1.022884 1.022141 1.025324 1.013930 1.020978 1.020986 1.023066 1.026095 1.014601 1.019030 1.020991 1.023087 1.024386 1.023102 1.024714 1.024826 1.025179 1.026690 1.025435 1.020970 1.022807 1.025049 1.028306 1.011616 1.015595 1.018989 1.021652 1.021950 1.014208 1.018510 1.019029 1.019876 1.024266 1.019076 1.021849 1.023283 1.024820 1.026007 
0.997419 0.999846 1.000384 1.006041 1.005426 0.997663 0.995297 1.001601 1.003727 1.007940 0.997383 1.000922 0.998301 1.000750 1.013708 0.996311 1.001582 1.016324 1.004303 1.022787 1.000504 0.995972 1.002125 1.008335 1.010716 1.001462 1.003286 1.004569 1.012129 1.017834 1.000929 1.008509 1.015415 1.025292 1.012924 1.004444 1.006227 1.010766 1.011561 1.010965 1.010159 1.012992 1.012974 1.018555 1.026218 1.002999 1.007035 1.028907 1.013346 0.966756 0.995422 1.014731 1.008768 0.990321 1.059969 1.011723 1.011235 1.011958 1.006091 0.966756 1.006216 1.010407 1.017022 1.017356 1.003766 1.012140 1.011950 1.017536 1.006890 1.015757 1.010607 1.011793 1.010565 1.011984 1.029023 0.999388 1.002175 1.017396 1.005816 1.034972 1.004853 1.003506 1.000307 1.013152 1.021374 1.002317 1.006199 1.005938 1.008320 1.016921 1.001945 1.007026 1.009205 1.011815 1.019427 1.000128 0.999044 1.008897 1.013918 1.015946 1.007612 1.011048 1.006951 1.011926 1.016253 0.996228 0.996243 0.998083 0.997600 1.000877 1.001426 1.004464 1.009193 1.011396 1.019574 0.998784 1.011382 1.011924 1.006308 1.012980 0.996403 0.997234 0.999141 1.003627 1.005028 0.997517 0.996281 0.999533 1.000271 1.001548 1.000150 1.003730 1.005551 1.008149 1.018560 
