0.000053545958098 0.000090564471026 0.000134820850532 0.000131236820882 0.000167458953514 0.000066567872283 0.000097087237985 0.000088193753779 0.000118188908841 0.000152000970602 0.000085112947078 0.000094418798717 0.000118745261909 0.000130171740477 0.000155580232679 0.000090777773954 0.000113956866639 0.000142346968071 0.000159454610003 0.000142652806592 0.000105683231449 0.000108857091938 0.000123981130870 0.000149235921824 0.000178184800658 0.000093182499327 0.000114828450699 0.000133515584723 0.000148172082964 0.000164568258592 0.000127176581161 0.000149015258303 0.000179282257104 0.000145686523867 0.000212767164851 0.000148586526135 0.000148899016846 0.000173125057138 0.000166478975005 0.000213623953387 0.000141627944483 0.000169479880453 0.000159874139445 0.000170300586745 0.000191964903320 0.000108803286060 0.000151952269358 0.000149277419812 0.000212582595730 0.000232957678065 0.000172596329884 0.000201135216602 0.000189300432434 0.000171962922199 0.000192192927544 0.000152000863458 0.000153622752242 0.000182360811681 0.000187307446327 0.000232957678065 0.000132676184038 0.000142835792091 0.000176169140804 0.000158570447432 0.000148822742754 0.000143071783367 0.000155033747907 0.000153382909084 0.000167437029848 0.000149238768894 0.000139610458454 0.000163805524599 0.000162357595334 0.000171925124500 0.000185638360977 0.000119146095638 0.000138275391590 0.000172714267566 0.000176883872145 0.000186774482130 0.000134633389367 0.000156613315703 0.000166715247919 0.000133558925423 0.000181315546786 0.000128553116300 0.000147585627307 0.000145493525209 0.000151021484262 0.000182013995446 0.000112142902044 0.000134752518489 0.000147257464402 0.000159526531906 0.000173375221638 0.000131607697166 0.000145167962755 0.000138927359099 0.000142193369791 0.000162823230036 0.000088983960717 0.000131964835770 0.000126128252113 0.000148130201367 0.000167481221676 0.000080773041479 0.000100769181592 0.000113577156140 0.000125872104267 0.000135081295218 0.000130680346264 0.000142576930204 0.000150419703061 0.000155442301437 0.000175733901741 0.000138278984353 0.000132241746758 0.000143065776258 0.000146779028643 0.000174432701897 0.000063518790874 0.000087124768178 0.000104483180837 0.000125766958551 0.000128484377599 0.000075991915349 0.000100627432811 0.000105242375288 0.000110172520098 0.000136232795321 0.000108205023508 0.000127441933201 0.000136438282643 0.000148431953859 0.000170377575259 
0.000090564471026 0.000175022206598 0.000266647099934 0.000280107944992 0.000349986576777 0.000118984166753 0.000170931990953 0.000176686623727 0.000245310628178 0.000328653529007 0.000154255205116 0.000187014270867 0.000226100233965 0.000258816213287 0.000356852967212 0.000161915532863 0.000228017614905 0.000341616366598 0.000329391151792 0.000366040907107 0.000207609484427 0.000198064183665 0.000250416010958 0.000324670275341 0.000390555339421 0.000186699198199 0.000236682691150 0.000279323816098 0.000336917363397 0.000390796789988 0.000253211060734 0.000324519473697 0.000409886796761 0.000381302119690 0.000467370571033 0.000309017984988 0.000316519392523 0.000381348630253 0.000371186057838 0.000461772976018 0.000316059070403 0.000381922412733 0.000363115287977 0.000403839988669 0.000475905592668 0.000225211774125 0.000325386355220 0.000401700908838 0.000468575721657 0.000335459785775 0.000323471633005 0.000451296683211 0.000405967084285 0.000303491791153 0.000601789016771 0.000342414594404 0.000343574076435 0.000403954962823 0.000391790987790 0.000335459785775 0.000283209291956 0.000320207294468 0.000409935773708 0.000375154529311 0.000306057485052 0.000324348520547 0.000348606001990 0.000367964580688 0.000355802184427 0.000352829735982 0.000314111723288 0.000366416510256 0.000358618662735 0.000383500412366 0.000473784381342 0.000230881578580 0.000279671859800 0.000405269933732 0.000370364003541 0.000498150358462 0.000281768368922 0.000321340703728 0.000329173980596 0.000312277107308 0.000436922192402 0.000260327993587 0.000313508915113 0.000308830979358 0.000328418945689 0.000420889499132 0.000226284749043 0.000290678657155 0.000323749101026 0.000357812613417 0.000413665798982 0.000259910698499 0.000280323013087 0.000306821829952 0.000332230601569 0.000379679325234 0.000202245907598 0.000300606371484 0.000273172546477 0.000336135958069 0.000390005907444 0.000142170099479 0.000183236230422 0.000215322199224 0.000237925509616 0.000268874611363 0.000262057296771 0.000296428361656 0.000329855049563 0.000348277910450 0.000418869934643 0.000265967270397 0.000302751992630 0.000326262713397 0.000312350501888 0.000391690921112 0.000107886476923 0.000158237940273 0.000201348836065 0.000260462951133 0.000270903983324 0.000137398745064 0.000182003521714 0.000203971902843 0.000217170950137 0.000273795905590 0.000211805516747 0.000263869950417 0.000288517197002 0.000322219453360 0.000404572203799 
0.000134820850532 0.000266647099934 0.000407726855401 0.000433213425044 0.000539643743178 0.000178913047643 0.000256338207420 0.000270708226063 0.000377859639628 0.000509228510386 0.000232509762047 0.000286026615687 0.000343638430966 0.000396078254095 0.000557387972683 0.000243377477995 0.000349287790664 0.000536699567714 0.000507014551082 0.000579731009428 0.000317116779867 0.000298745388640 0.000384150797924 0.000503492238393 0.000606295775695 0.000286053147312 0.000364193874125 0.000430751802390 0.000525643776977 0.000613149150106 0.000387583520994 0.000503329808948 0.000639950446923 0.000605276770155 0.000725761987456 0.000476129840204 0.000489242754924 0.000592408908626 0.000577581040773 0.000715462622122 0.000491860739000 0.000595143599008 0.000566431430421 0.000633500424801 0.000750667508107 0.000346760164770 0.000503476042147 0.000639641365967 0.000727979468737 0.000483051191795 0.000490348033290 0.000702837723515 0.000628293239519 0.000455328183115 0.000973086733736 0.000533554293237 0.000534838456839 0.000628011640221 0.000604174471264 0.000483051191795 0.000438016411250 0.000498623580123 0.000641506312353 0.000588328756615 0.000470785014152 0.000505832734766 0.000543067557000 0.000578067275614 0.000549934465574 0.000553268980962 0.000489370558088 0.000570411588656 0.000557310539980 0.000596778988783 0.000749903715593 0.000351901336780 0.000429120575502 0.000634888992116 0.000571217110691 0.000792439767627 0.000434545524390 0.000494124597140 0.000503203872165 0.000488983591059 0.000686781853846 0.000399514597780 0.000484540945415 0.000477259060349 0.000509276117515 0.000658110871304 0.000347080697514 0.000450240208193 0.000502797625075 0.000557221837412 0.000649418595872 0.000397335275210 0.000427018567833 0.000476806456591 0.000520180641619 0.000594320163433 0.000315516972251 0.000469105337013 0.000423364646737 0.000524282236643 0.000610376267831 0.000213194951755 0.000276350921592 0.000327025041166 0.000361178592305 0.000411541554156 0.000401567542224 0.000456711221651 0.000512098770129 0.000542294758764 0.000657504839877 0.000404892981388 0.000472767505000 0.000509219329933 0.000482873881221 0.000610074034345 0.000160734487302 0.000238600615986 0.000306616080802 0.000401068139358 0.000418242445471 0.000207017058823 0.000274238736537 0.000310894617908 0.000331899993542 0.000419697562246 0.000323343994395 0.000406300232941 0.000445623723566 0.000499539313746 0.000634758441261 
0.000131236820882 0.000280107944992 0.000433213425044 0.000476385652032 0.000588089683997 0.000180172266111 0.000255848804529 0.000289398226705 0.000410530506947 0.000563008898686 0.000236017255623 0.000304120310712 0.000358264463984 0.000421904908612 0.000630718529729 0.000244789322716 0.000373184957620 0.000617301086631 0.000549689689497 0.000681675973615 0.000335835548516 0.000303924881227 0.000412241803065 0.000558077323055 0.000674065548765 0.000305816593125 0.000394458634179 0.000469626647601 0.000592852160002 0.000702626264683 0.000413128710280 0.000558128417609 0.000723262959159 0.000716071152903 0.000807592249333 0.000517752754999 0.000537075830904 0.000659937429930 0.000646517922352 0.000790938476376 0.000550758711759 0.000668938201643 0.000638580839531 0.000725585570642 0.000872957912275 0.000376284106307 0.000554413698522 0.000762996769379 0.000811177986080 0.000415136287432 0.000506991249229 0.000788663307026 0.000692290913949 0.000455116824793 0.001207508696049 0.000599631960691 0.000599392358913 0.000701164354088 0.000658649773353 0.000415136287432 0.000481688242785 0.000559322074700 0.000729776157307 0.000673294299510 0.000509389547535 0.000569859420536 0.000609891033432 0.000664795480608 0.000603611930282 0.000633013320293 0.000549712635523 0.000639305947995 0.000621521946369 0.000668124282890 0.000880284026561 0.000370167403269 0.000460793829096 0.000724442343081 0.000622996892023 0.000942800719678 0.000473840582017 0.000534090262994 0.000534225163984 0.000557237622425 0.000791044402722 0.000429246948123 0.000531756789740 0.000523596681059 0.000564392844040 0.000746943955087 0.000372292406369 0.000497309616485 0.000559682218444 0.000625181335005 0.000745431415069 0.000421873546810 0.000448394859271 0.000531712332996 0.000592637320299 0.000676616786206 0.000355799943511 0.000529446231222 0.000468402364805 0.000590858446796 0.000694548981357 0.000212752860715 0.000281045414719 0.000340176693362 0.000375123278825 0.000438607592833 0.000429487726715 0.000496569051158 0.000569448639545 0.000608180209592 0.000754445351817 0.000424313922184 0.000534588700289 0.000574966050595 0.000530327638365 0.000684780681320 0.000156889128188 0.000242491801681 0.000321634324867 0.000435318603243 0.000457534164128 0.000209857466702 0.000278055389510 0.000327058607320 0.000352077403727 0.000449343886415 0.000341832151721 0.000440951561404 0.000488100901706 0.000553203241766 0.000727376392053 
0.000167458953514 0.000349986576777 0.000539643743178 0.000588089683997 0.000727693773162 0.000227725069744 0.000324176784814 0.000359910564027 0.000508388789949 0.000694053498709 0.000297655032061 0.000378764423508 0.000448552990671 0.000525203005820 0.000772916895662 0.000309501751834 0.000464183881819 0.000753365137406 0.000681096233740 0.000827374050738 0.000418708213766 0.000383063902337 0.000512168485198 0.000687524872660 0.000829769044148 0.000380324675776 0.000488882692187 0.000581043213236 0.000727118848163 0.000858295110519 0.000514188013730 0.000687514398527 0.000886599720685 0.000867815978903 0.000993915410821 0.000641022084402 0.000663306103114 0.000811962272514 0.000794472066537 0.000975062559555 0.000676738126338 0.000821154535305 0.000783289520387 0.000886452292040 0.001062448224634 0.000466127479723 0.000684169518804 0.000922819512381 0.000997974603583 0.000549636807492 0.000636188933095 0.000968537264887 0.000854177592055 0.000576429996430 0.001446639662682 0.000736102836976 0.000736335911000 0.000862191428467 0.000814927511932 0.000549636807492 0.000594628927989 0.000686948740237 0.000893102542227 0.000822737873153 0.000631493742353 0.000699121309153 0.000748832235933 0.000811354433762 0.000745509026680 0.000773564764171 0.000674904929798 0.000785353863105 0.000764481197676 0.000820986174835 0.001068877565588 0.000462345137301 0.000572393029122 0.000885895940720 0.000770726112607 0.001141013110539 0.000586231746512 0.000662295249454 0.000665615316494 0.000681648776652 0.000965061180044 0.000533125735539 0.000656787441874 0.000646762772803 0.000695335601741 0.000914645365497 0.000462590725678 0.000613215431000 0.000688747661455 0.000767795744769 0.000910201982225 0.000525616917006 0.000560316555969 0.000654023554528 0.000724998901834 0.000827885140017 0.000436398379674 0.000649240166492 0.000577322903857 0.000724816610997 0.000849933746005 0.000269583837103 0.000354260329260 0.000426165927122 0.000470142727665 0.000545918749352 0.000534068701739 0.000614816715036 0.000700951944102 0.000746995935007 0.000921290513352 0.000530509148862 0.000655231339919 0.000704982688393 0.000654893811429 0.000840896177320 0.000200036800941 0.000305719240678 0.000402026840223 0.000539224036157 0.000565582631009 0.000264761401008 0.000350782869268 0.000408492693336 0.000438763169406 0.000558606594326 0.000426383450586 0.000546216419676 0.000603170483895 0.000681676713456 0.000888532575491 
0.000066567872283 0.000118984166753 0.000178913047643 0.000180172266111 0.000227725069744 0.000084628665036 0.000122666434815 0.000117697888787 0.000160225108737 0.000209916355808 0.000108826847577 0.000125377964604 0.000155017865433 0.000173142782100 0.000220848752549 0.000115307029551 0.000151997005165 0.000206488928411 0.000215708246266 0.000213867498491 0.000139833554802 0.000139413688521 0.000166052686282 0.000206681845557 0.000247624592579 0.000124360874796 0.000155185546316 0.000181647441059 0.000209471082508 0.000237508921441 0.000169261352093 0.000206472626118 0.000254104467104 0.000220604383999 0.000295981253023 0.000201614158860 0.000204043810024 0.000241144394261 0.000233197668411 0.000294983625367 0.000198469669500 0.000238585449825 0.000225894130272 0.000245615323758 0.000282917812938 0.000147320329754 0.000208923525869 0.000229262006052 0.000296195962152 0.000272471362781 0.000223806572937 0.000282574253551 0.000260451514104 0.000217484045922 0.000319938149936 0.000213944541444 0.000215497268743 0.000254671071047 0.000254810830665 0.000272471362781 0.000182156889045 0.000200587550292 0.000251789923930 0.000228443093519 0.000200924244510 0.000201976350005 0.000218025807084 0.000222457658340 0.000229411067174 0.000214927072051 0.000196390370135 0.000229801510467 0.000226435676449 0.000240876630376 0.000277564071750 0.000156717362945 0.000185310070692 0.000247839552389 0.000240740791791 0.000285546621812 0.000183199247593 0.000211226111174 0.000221076258840 0.000191326254519 0.000263539593568 0.000172374453518 0.000202180026421 0.000199245584732 0.000209114945949 0.000259368855935 0.000150132742358 0.000185896668103 0.000204932133717 0.000224081842048 0.000250791718176 0.000174537389648 0.000190656921451 0.000193745388046 0.000203626536044 0.000232949082540 0.000125770980849 0.000186717372365 0.000174320421256 0.000209211011289 0.000239456555266 0.000102042559540 0.000129022657267 0.000147996629891 0.000163810963301 0.000179759940445 0.000174472023007 0.000193433111026 0.000209085151131 0.000218235398472 0.000254079617343 0.000181301024774 0.000187552611707 0.000202532196327 0.000201237519493 0.000245150116224 0.000079099070549 0.000111497726616 0.000137103138543 0.000170329672642 0.000175418932137 0.000097069149009 0.000128555767078 0.000138438929896 0.000145990851155 0.000182061968649 0.000142948374521 0.000172580026707 0.000186525042923 0.000205362980828 0.000245887258579 
0.000097087237985 0.000170931990953 0.000256338207420 0.000255848804529 0.000324176784814 0.000122666434815 0.000178104159485 0.000168379978465 0.000228272994435 0.000297630047743 0.000157493513610 0.000179605088186 0.000223079227311 0.000247918595399 0.000310936176335 0.000167173511673 0.000217480061970 0.000289141504762 0.000307491424205 0.000297054609314 0.000200504272036 0.000201668693940 0.000237331256407 0.000292830001645 0.000350527597845 0.000177910108405 0.000221273723865 0.000258552910562 0.000295224527616 0.000333001603451 0.000242321900939 0.000292498362736 0.000357896289695 0.000305673243761 0.000418871126196 0.000287172893583 0.000289885715958 0.000341153740667 0.000329435220988 0.000418255664002 0.000280345672047 0.000336618708684 0.000318413864769 0.000344425680203 0.000394609829769 0.000209955078667 0.000296561473497 0.000316593397684 0.000419003499091 0.000404367071588 0.000322655989094 0.000398888551504 0.000369638992915 0.000315687541547 0.000433651040210 0.000301865516601 0.000304318803271 0.000360049734522 0.000362699569590 0.000404367071588 0.000258663863511 0.000283183706422 0.000353887448863 0.000320434389646 0.000286566988291 0.000284763396057 0.000307691420605 0.000311516100687 0.000325938470480 0.000301501064252 0.000277138546786 0.000324511553561 0.000320239856004 0.000340265056592 0.000385779439681 0.000225069013316 0.000264812413143 0.000347985659808 0.000342631236853 0.000394747715725 0.000260750174254 0.000301340957478 0.000316809450831 0.000268751838081 0.000368845855027 0.000246291733571 0.000287261455822 0.000283117418644 0.000296291790732 0.000364813841306 0.000214602018657 0.000263646712056 0.000289989175894 0.000316332413737 0.000351424205841 0.000250111546326 0.000273921955526 0.000274011790711 0.000286054063137 0.000327324118274 0.000177268432329 0.000263099156880 0.000247110938777 0.000294929878987 0.000336523376637 0.000148164135911 0.000186650524924 0.000213081656049 0.000235930936652 0.000257360470147 0.000249573597223 0.000275530038153 0.000295955975070 0.000308118518572 0.000356074775799 0.000260598832797 0.000264117497887 0.000285344813260 0.000285862316374 0.000346027281580 0.000115309458778 0.000161319801816 0.000197026119069 0.000242731973557 0.000249458136404 0.000140515597302 0.000186087881539 0.000198814800521 0.000209249970083 0.000260363619785 0.000205055384704 0.000245945655216 0.000265160387730 0.000291036463704 0.000344750566356 
0.000088193753779 0.000176686623727 0.000270708226063 0.000289398226705 0.000359910564027 0.000117697888787 0.000168379978465 0.000179929696711 0.000251872630172 0.000340511609224 0.000153162069279 0.000189929522447 0.000227403837407 0.000263091576494 0.000374304310840 0.000160072708270 0.000232134651907 0.000361509416879 0.000337836573865 0.000392129671152 0.000210426817858 0.000196867655372 0.000255503145053 0.000336830864634 0.000405829424048 0.000190130435535 0.000242628785808 0.000287308537049 0.000352773220509 0.000412717914935 0.000257478960176 0.000336747599084 0.000429651016945 0.000409887598869 0.000485872868563 0.000317427339768 0.000326725925687 0.000396678183228 0.000387089899961 0.000478407148761 0.000329662001958 0.000399163628844 0.000380116762536 0.000426376837147 0.000506683639362 0.000231092104386 0.000336419426507 0.000433848021622 0.000487480273033 0.000309938683507 0.000324024894646 0.000471248902501 0.000419868940490 0.000299162124655 0.000665151561221 0.000357846784968 0.000358523140164 0.000420689905514 0.000402974708469 0.000309938683507 0.000292609053837 0.000334303553961 0.000431218073413 0.000395913271108 0.000313583707902 0.000339406235229 0.000364179677823 0.000389364384628 0.000367247217204 0.000372302594553 0.000328184447913 0.000382374350483 0.000373251378025 0.000399969063551 0.000507070725057 0.000233233180220 0.000285445353010 0.000427011026694 0.000381023012476 0.000537215719417 0.000289847476641 0.000329069161724 0.000334052089626 0.000328799582428 0.000462724908704 0.000265778691993 0.000323568653963 0.000318687396805 0.000340689733642 0.000442190426509 0.000230828871170 0.000301014362023 0.000336627131141 0.000373604950927 0.000437267880368 0.000263775961898 0.000282932696736 0.000319331520396 0.000349760230363 0.000399556809380 0.000211745194576 0.000314868521776 0.000283131816690 0.000351809118626 0.000410313048120 0.000140036767279 0.000182099488286 0.000216325561355 0.000238854191963 0.000273388333358 0.000266928504095 0.000304473870512 0.000342789819593 0.000363568815925 0.000442683098599 0.000268179635863 0.000317437507696 0.000341820491823 0.000322499408560 0.000409074283352 0.000105192273816 0.000157206386770 0.000203120427137 0.000267295958119 0.000279134743258 0.000136338116225 0.000180615160527 0.000206057652085 0.000220300799081 0.000279030986299 0.000214493232209 0.000270777891535 0.000297476364398 0.000334132270736 0.000427261996948 
0.000118188908841 0.000245310628178 0.000377859639628 0.000410530506947 0.000508388789949 0.000160225108737 0.000228272994435 0.000251872630172 0.000355271187011 0.000484271280067 0.000209275882168 0.000265194940778 0.000314610594172 0.000367665159170 0.000538205740911 0.000217786714016 0.000324862065095 0.000523849757102 0.000476051171754 0.000574220764026 0.000293266154903 0.000269271239927 0.000358304361472 0.000479609487404 0.000578683714862 0.000266157750313 0.000341733625117 0.000405918682043 0.000506459545957 0.000597003438334 0.000359933040159 0.000479584764084 0.000617431881541 0.000601974447570 0.000693106790741 0.000447922886222 0.000463107129329 0.000566166648042 0.000553738422680 0.000680349944933 0.000471664764904 0.000572129235548 0.000545604447310 0.000616615297465 0.000738069150005 0.000325773251456 0.000477543544627 0.000639678502256 0.000695853449755 0.000392484148402 0.000446549792027 0.000674914950692 0.000596174782521 0.000405846603236 0.000999444217620 0.000512876500260 0.000513164401582 0.000601072979619 0.000569314885377 0.000392484148402 0.000415093798824 0.000478707144545 0.000621607334055 0.000572336313577 0.000441459805608 0.000487006692593 0.000521777900690 0.000564178705002 0.000520506361901 0.000538140737270 0.000470256786825 0.000547322303177 0.000533007620631 0.000572209712817 0.000741938343354 0.000324025051133 0.000400413750778 0.000616429316017 0.000538414373376 0.000791101154830 0.000409537471074 0.000463034686375 0.000466098887036 0.000474361863634 0.000670969621298 0.000372925729927 0.000458567885884 0.000451581480737 0.000485065351807 0.000636728566545 0.000323633612067 0.000427903371525 0.000480283540663 0.000535036654839 0.000633016886302 0.000368061251831 0.000392748080123 0.000455997174645 0.000504540588998 0.000576177045680 0.000303968607723 0.000452187878348 0.000402798695788 0.000504890045191 0.000591547698113 0.000189833564013 0.000249031796428 0.000298969014797 0.000329865980035 0.000382149157200 0.000373736856245 0.000429616689239 0.000488838032205 0.000520561288350 0.000640748272821 0.000371921365962 0.000456285624015 0.000490993579336 0.000457215364695 0.000585954024537 0.000141146230445 0.000214922227271 0.000281822483340 0.000376852070932 0.000394999951436 0.000186171671453 0.000246654853289 0.000286281605321 0.000307267117260 0.000390872248259 0.000298688561532 0.000381742413648 0.000421204457963 0.000475566998134 0.000618036607850 
0.000152000970602 0.000328653529007 0.000509228510386 0.000563008898686 0.000694053498709 0.000209916355808 0.000297630047743 0.000340511609224 0.000484271280067 0.000665935482926 0.000275352668860 0.000357524108491 0.000419836609849 0.000496137030797 0.000748643093972 0.000285140976750 0.000439055870368 0.000734485334565 0.000648212350255 0.000813671434779 0.000394555899069 0.000354710725726 0.000485345613784 0.000660357804080 0.000797971974928 0.000359832405076 0.000465086839796 0.000554283014233 0.000703352558671 0.000835554440474 0.000485867917689 0.000660460018615 0.000858334691707 0.000855468697800 0.000956170821020 0.000610837040704 0.000634566596143 0.000781482951438 0.000766148851368 0.000935518615785 0.000652704848592 0.000793211768436 0.000757555850073 0.000862794134049 0.001040337837776 0.000443789026657 0.000655364122309 0.000912590691613 0.000960617479944 0.000469489487020 0.000593312029963 0.000934943478774 0.000818425271882 0.000529571421201 0.001452103822982 0.000711015711157 0.000710431767957 0.000830584405071 0.000777370720719 0.000469489487020 0.000569279498819 0.000663030466541 0.000866906684273 0.000800517794780 0.000600500474703 0.000675959086998 0.000723103407683 0.000790980784498 0.000713164112211 0.000752597820684 0.000651776712996 0.000757747852481 0.000736115109505 0.000791774167289 0.001050483083124 0.000434416798161 0.000542562313957 0.000860956803151 0.000735342153543 0.001127233935983 0.000559270861006 0.000629516943350 0.000627882887843 0.000662117750302 0.000941406182235 0.000505462953940 0.000628253299001 0.000618581625688 0.000667813553639 0.000886997419337 0.000438280445981 0.000588138232667 0.000662685858627 0.000741124018945 0.000886674979056 0.000495842547269 0.000526071905338 0.000629741431577 0.000704153480888 0.000803849701370 0.000422106271315 0.000628192715426 0.000554092396818 0.000700905912133 0.000825092843984 0.000247489311960 0.000327989060157 0.000398492865152 0.000439318567257 0.000515821911643 0.000505380273508 0.000585832386125 0.000674144088179 0.000720924711433 0.000897350147178 0.000497657677660 0.000634473360458 0.000682246031371 0.000626637853566 0.000811830092902 0.000181799909957 0.000282963848172 0.000377289113197 0.000513433178356 0.000540294618313 0.000244777271933 0.000324333824956 0.000383830708872 0.000413748423476 0.000528832283068 0.000401487893009 0.000520068451025 0.000576502610003 0.000654501442661 0.000864984780332 
0.000085112947078 0.000154255205116 0.000232509762047 0.000236017255623 0.000297655032061 0.000108826847577 0.000157493513610 0.000153162069279 0.000209275882168 0.000275352668860 0.000140145915846 0.000162962191098 0.000200659380665 0.000225135107756 0.000291483121722 0.000148244713731 0.000197770448027 0.000273817289864 0.000281604527302 0.000285575072601 0.000181594939537 0.000179608623294 0.000216271001748 0.000271284452224 0.000325278163127 0.000161834359793 0.000202546191410 0.000237452587060 0.000276215955198 0.000314606226251 0.000220119936205 0.000271038563851 0.000335261738751 0.000295173363413 0.000388887489110 0.000263390419223 0.000267174661135 0.000316929578738 0.000306873778281 0.000386927040166 0.000261198155476 0.000314312727725 0.000297836879209 0.000325296373877 0.000376433884660 0.000192365374866 0.000273773706087 0.000307635231624 0.000389309487078 0.000342688109817 0.000289223294491 0.000372095314253 0.000341349176570 0.000279301599523 0.000435965213072 0.000281840562751 0.000283671939277 0.000334903584054 0.000333086861001 0.000342688109817 0.000238619590117 0.000264110679502 0.000332818905181 0.000302480398299 0.000262181730839 0.000266250088807 0.000287162020447 0.000294981435893 0.000300379571502 0.000284563149116 0.000258681965562 0.000302507400658 0.000297684004950 0.000316993610688 0.000370422483583 0.000203231162003 0.000241386962454 0.000327882451532 0.000314728005601 0.000382810328899 0.000239490551339 0.000275558341263 0.000287253347552 0.000253023523745 0.000349618798908 0.000224565746764 0.000264714953969 0.000260852259656 0.000274466209875 0.000342613054524 0.000195516591352 0.000243785879979 0.000269282990553 0.000295061465476 0.000332364427305 0.000226788561664 0.000247153626070 0.000254703884866 0.000269270483175 0.000307982383944 0.000165838525719 0.000246258388688 0.000228700859318 0.000275814368475 0.000316540727932 0.000131010433080 0.000166211135108 0.000191484123159 0.000211879915879 0.000233766275202 0.000227066063795 0.000252694494313 0.000274666619094 0.000287330952550 0.000336686369592 0.000234928456491 0.000247489335830 0.000267147821881 0.000263529879334 0.000322841491748 0.000101179377684 0.000143617250209 0.000177692639330 0.000222422437320 0.000229497598014 0.000124973696388 0.000165517665151 0.000179530710152 0.000189658920289 0.000236998648065 0.000185570790048 0.000225355508600 0.000244102116211 0.000269492124806 0.000325702577198 
0.000094418798717 0.000187014270867 0.000286026615687 0.000304120310712 0.000378764423508 0.000125377964604 0.000179605088186 0.000189929522447 0.000265194940778 0.000357524108491 0.000162962191098 0.000200654897476 0.000240976252929 0.000277869181043 0.000391529144844 0.000170549075566 0.000245058221957 0.000377130054024 0.000355824818604 0.000407565878155 0.000222447551937 0.000209394597514 0.000269542003915 0.000353515529794 0.000425723857491 0.000200695741747 0.000255587514568 0.000302338221151 0.000369204958132 0.000430815204922 0.000271913321739 0.000353404564175 0.000449512235345 0.000425583280065 0.000509619096501 0.000334170428656 0.000343441181692 0.000415990362026 0.000405619509721 0.000502317824867 0.000345423026715 0.000417990023626 0.000397849992361 0.000445109739400 0.000527609193682 0.000243362151857 0.000353455569333 0.000449829349793 0.000511191081869 0.000337560202749 0.000343799939628 0.000493609722231 0.000441086814508 0.000319037521409 0.000684948841093 0.000374732645909 0.000375612128069 0.000441011519052 0.000424060311812 0.000337560202749 0.000307492336106 0.000350185625812 0.000450668472637 0.000413363868673 0.000330385176096 0.000355281309241 0.000381408360145 0.000406197324256 0.000386044673667 0.000388728522134 0.000343697448034 0.000400595435745 0.000391353351297 0.000419103268287 0.000527181838207 0.000246814437171 0.000301099268488 0.000446048940607 0.000400931751717 0.000557252388499 0.000305002014994 0.000346756946540 0.000352999424193 0.000343531755745 0.000482605384080 0.000280329019954 0.000340138481299 0.000335024489535 0.000357575276349 0.000462310497707 0.000243529271041 0.000316102614726 0.000353059473925 0.000391341152641 0.000456315665091 0.000278732782067 0.000299489193779 0.000334821553791 0.000365446984622 0.000417526369869 0.000221613997742 0.000329497953234 0.000297244310192 0.000368242525652 0.000428801599986 0.000149376008848 0.000193696729844 0.000229315896761 0.000253257250376 0.000288720557861 0.000281743329409 0.000320540624286 0.000359582821489 0.000380854372424 0.000461993916133 0.000283960129468 0.000332083698131 0.000357677160293 0.000338973569991 0.000428463668928 0.000112572538965 0.000167235057596 0.000215040579658 0.000281477775158 0.000293578693817 0.000145091017787 0.000192205059800 0.000218053744529 0.000232825326561 0.000294469716710 0.000226807776579 0.000285149152457 0.000312806722138 0.000350733509032 0.000445998310195 
0.000118745261909 0.000226100233965 0.000343638430966 0.000358264463984 0.000448552990671 0.000155017865433 0.000223079227311 0.000227403837407 0.000314610594172 0.000419836609849 0.000200659380665 0.000240976252929 0.000292543301484 0.000333365811856 0.000453381200911 0.000211000830414 0.000293506141428 0.000432296878561 0.000422641867724 0.000460619134695 0.000267741051533 0.000257535134358 0.000322031124507 0.000414506511854 0.000498272173405 0.000240288107964 0.000303753882591 0.000357954654180 0.000428389192513 0.000494984761631 0.000326100035576 0.000414274340865 0.000520912636482 0.000479060332972 0.000596151997970 0.000396237638510 0.000404993382933 0.000486301129981 0.000472809307797 0.000589903907045 0.000402556588460 0.000486009809193 0.000461747045067 0.000511568117035 0.000600572293378 0.000288911856655 0.000416046013560 0.000503588064457 0.000597497171692 0.000448911812317 0.000419239346417 0.000574518953895 0.000519004340630 0.000395970703967 0.000746191287257 0.000435748530546 0.000437514065845 0.000514860014948 0.000502090464657 0.000448911812317 0.000362227572561 0.000407669562002 0.000520153845342 0.000475326567024 0.000392876278807 0.000412519883951 0.000443702076151 0.000465654034552 0.000455271847488 0.000447068100954 0.000399776423725 0.000466594009000 0.000457198083252 0.000488474939968 0.000596462411419 0.000298176971272 0.000359603841293 0.000513853784596 0.000474584135221 0.000624934427776 0.000361074084004 0.000412588893217 0.000424292542146 0.000396069966172 0.000552706303788 0.000334689917894 0.000401168343475 0.000395211249073 0.000419308802319 0.000534350612674 0.000291027290495 0.000371408272636 0.000412923135701 0.000455524501987 0.000523735065888 0.000335007489719 0.000362162152850 0.000391168179528 0.000421403866554 0.000481672535849 0.000257165071025 0.000382157527550 0.000348906952958 0.000427474681784 0.000494833259337 0.000185548589612 0.000238271062288 0.000278726947518 0.000308083637163 0.000346282325773 0.000337246703369 0.000380106128062 0.000420811746774 0.000443429716263 0.000530370431528 0.000343758136899 0.000384711045495 0.000414731695704 0.000399617594220 0.000498602455959 0.000141386932891 0.000205791585035 0.000260187519628 0.000334116187051 0.000346900952161 0.000178779134864 0.000236808550151 0.000263419434198 0.000279972880577 0.000352274442777 0.000273253469328 0.000338494436121 0.000369350526499 0.000411462036709 0.000512434944644 
0.000130171740477 0.000258816213287 0.000396078254095 0.000421904908612 0.000525203005820 0.000173142782100 0.000247918595399 0.000263091576494 0.000367665159170 0.000496137030797 0.000225135107756 0.000277869181043 0.000333365811856 0.000384833358111 0.000544018510845 0.000235508133266 0.000339445751040 0.000524489658171 0.000493258340008 0.000567529939511 0.000307983599271 0.000289314559867 0.000373446464476 0.000490641859784 0.000590956973720 0.000278005683162 0.000354286805451 0.000419238566192 0.000512906561083 0.000599027052852 0.000376597880282 0.000490498918655 0.000624542230267 0.000592827296130 0.000707447712269 0.000463314298508 0.000476410404454 0.000577508456443 0.000563259228736 0.000697063524111 0.000479677222084 0.000580569614988 0.000552687670876 0.000618885576484 0.000734224106600 0.000337374333560 0.000490384076026 0.000626901321838 0.000709683465046 0.000462738035624 0.000475409126516 0.000685538717623 0.000611984309818 0.000440416278262 0.000956809329597 0.000520483196045 0.000521624195096 0.000612319638560 0.000588022585046 0.000462738035624 0.000426583909904 0.000486338309132 0.000626376258669 0.000574719277832 0.000457943988618 0.000493532513949 0.000529734702533 0.000564910548112 0.000535504296452 0.000540460037228 0.000477364377480 0.000556321531157 0.000543338279572 0.000581988910604 0.000734022315158 0.000341599990366 0.000417182667471 0.000620060649948 0.000555964626259 0.000776492952093 0.000422936055301 0.000480610276602 0.000488798756625 0.000477515269610 0.000671232031232 0.000388416529445 0.000471821461337 0.000464719535381 0.000496271786821 0.000642474921317 0.000337398131436 0.000438633288863 0.000490122615619 0.000543501278735 0.000634543641388 0.000385963727511 0.000414465919766 0.000464850503865 0.000507970557472 0.000580337488158 0.000307867574285 0.000457762135275 0.000412502204194 0.000511547605129 0.000595992788653 0.000206190083733 0.000267620622576 0.000317198125401 0.000350286848969 0.000399872985440 0.000390282011496 0.000444413870477 0.000499150321841 0.000528924923034 0.000642426892253 0.000392934463205 0.000461402743703 0.000496922479626 0.000470224734515 0.000595072083464 0.000155220162290 0.000231052144756 0.000297580830408 0.000390219154522 0.000407166174892 0.000200432218482 0.000265519274761 0.000301795433071 0.000322379946322 0.000407933417407 0.000313991757624 0.000395306668844 0.000433863017233 0.000486757124142 0.000620137799685 
0.000155580232679 0.000356852967212 0.000557387972683 0.000630718529729 0.000772916895662 0.000220848752549 0.000310936176335 0.000374304310840 0.000538205740911 0.000748643093972 0.000291483121722 0.000391529144844 0.000453381200911 0.000544018510845 0.000854038610694 0.000299702989286 0.000482433599674 0.000846239392140 0.000719386799857 0.000949680264041 0.000430878232153 0.000376127810158 0.000534911835579 0.000743583458787 0.000900286859336 0.000395555028231 0.000515812136239 0.000617443218560 0.000800745666317 0.000960549166562 0.000533002492149 0.000743896381513 0.000978437291203 0.001001949063541 0.001079372707192 0.000679266239891 0.000710084955754 0.000882801783021 0.000868116396771 0.001051634654147 0.000739736660141 0.000901118151955 0.000862224569588 0.000991565713972 0.001206466038500 0.000492813748182 0.000734840104668 0.001073832428373 0.001085345106371 0.000425709383459 0.000636833224055 0.001061016779551 0.000918048241204 0.000553883062563 0.001745461902714 0.000807672823192 0.000805591944058 0.000939601686316 0.000865907369804 0.000425709383459 0.000637761360226 0.000752277160483 0.000992188209358 0.000919538467442 0.000665539473952 0.000769014833874 0.000821039543396 0.000911260314493 0.000797958799767 0.000864363482247 0.000740158616731 0.000859285470028 0.000832133859202 0.000897251269284 0.001224884884203 0.000472147717720 0.000598232900203 0.000987201026180 0.000819332928349 0.001324463141659 0.000623067327226 0.000697212225498 0.000686874315862 0.000758610655621 0.001085563917938 0.000557543797736 0.000702883982440 0.000691917396724 0.000751897207870 0.001013752337288 0.000482890353960 0.000660770603556 0.000748237512047 0.000840990250613 0.001020340916559 0.000542467553553 0.000571046113217 0.000711859210401 0.000806646444794 0.000920450039272 0.000480505949665 0.000715481700251 0.000623188804667 0.000797575929964 0.000944486368597 0.000258519907483 0.000347701258836 0.000429627122615 0.000473107777190 0.000565810241252 0.000555709180301 0.000651401348015 0.000760675008607 0.000817855120135 0.001032405172515 0.000539430268507 0.000723481071557 0.000777252055846 0.000701423256032 0.000921478182709 0.000186506566770 0.000299816775869 0.000409242393848 0.000570241396328 0.000603209393562 0.000258848787824 0.000343030001003 0.000417192066157 0.000452366320463 0.000581911981369 0.000437908670240 0.000577570531489 0.000644166427150 0.000736567392333 0.000994371743547 
0.000090777773954 0.000161915532863 0.000243377477995 0.000244789322716 0.000309501751834 0.000115307029551 0.000167173511673 0.000160072708270 0.000217786714016 0.000285140976750 0.000148244713731 0.000170549075566 0.000211000830414 0.000235508133266 0.000299702989286 0.000157111698598 0.000206724667205 0.000280008922966 0.000293224937564 0.000289697075389 0.000190237846900 0.000189898526795 0.000225807079849 0.000280719271007 0.000336287711253 0.000169134307247 0.000210960374212 0.000246873543576 0.000284303231834 0.000322129126759 0.000230223510718 0.000280430482483 0.000344850920385 0.000298725645383 0.000401944484671 0.000274036154726 0.000277240383296 0.000327460895689 0.000316607181738 0.000400694243449 0.000269453857728 0.000323865896489 0.000306598949964 0.000333131365072 0.000383446270975 0.000200254700991 0.000283836877532 0.000310307886583 0.000402213549835 0.000372481528603 0.000304708739716 0.000383605227767 0.000353832621127 0.000296382519528 0.000431967647626 0.000290418936240 0.000292561139955 0.000345797801410 0.000346309487016 0.000372481528603 0.000247485297908 0.000272309057556 0.000341611490547 0.000309852158527 0.000273147878148 0.000274144419884 0.000295967901002 0.000301665122472 0.000311709388984 0.000291522842589 0.000266595431933 0.000311979759772 0.000307473471307 0.000327030353972 0.000376011262998 0.000213254236470 0.000251988691999 0.000336206001712 0.000327181739110 0.000386545934501 0.000248981058682 0.000287163455743 0.000300740689050 0.000259558175086 0.000357348434772 0.000234393911896 0.000274711106321 0.000270727266441 0.000284025863013 0.000351930080330 0.000204161513259 0.000252523291034 0.000278295282593 0.000304201294239 0.000340118005343 0.000237430809208 0.000259452268376 0.000263084447586 0.000276248245246 0.000316038648748 0.000170703037006 0.000253413463342 0.000236782569890 0.000283959689321 0.000324874515775 0.000139067274786 0.000175746370810 0.000201457918327 0.000222995443899 0.000244504426138 0.000237283565674 0.000262917694829 0.000283946852702 0.000296269656866 0.000344582672663 0.000246736042018 0.000254526236155 0.000274872323545 0.000273422602384 0.000332796285165 0.000107859303007 0.000151877885862 0.000186580584835 0.000231529657716 0.000238378401753 0.000132233247789 0.000175125208516 0.000188381244570 0.000198603686619 0.000247597164074 0.000194486569498 0.000234589459257 0.000253458596281 0.000278937815597 0.000333492783841 
0.000113956866639 0.000228017614905 0.000349287790664 0.000373184957620 0.000464183881819 0.000151997005165 0.000217480061970 0.000232134651907 0.000324862065095 0.000439055870368 0.000197770448027 0.000245058221957 0.000293506141428 0.000339445751040 0.000482433599674 0.000206724667205 0.000299489348674 0.000465808635025 0.000435752943788 0.000505064395423 0.000271523213306 0.000254196076199 0.000329613810345 0.000434290938903 0.000523226408392 0.000245294852075 0.000312956000945 0.000370544830312 0.000454708661905 0.000531826117340 0.000332200556852 0.000434180472676 0.000553780690668 0.000527878714973 0.000626415052303 0.000409407537609 0.000421332219781 0.000511410306901 0.000499007151456 0.000616859607298 0.000424972849668 0.000514534623052 0.000489956919587 0.000549431768279 0.000652739505147 0.000298065792420 0.000433809480285 0.000558653129705 0.000628472382738 0.000401235230031 0.000418270711566 0.000607472574924 0.000541410975913 0.000386389644724 0.000855875543036 0.000461276971845 0.000462171390248 0.000542345955520 0.000519721387739 0.000401235230031 0.000377325102894 0.000430943054511 0.000555736768373 0.000510183631347 0.000404484571572 0.000437487920416 0.000469446090927 0.000501701197521 0.000473588003379 0.000479760440956 0.000423044723118 0.000492917304120 0.000481198527657 0.000515608428087 0.000653128685765 0.000300985266881 0.000368237013003 0.000550285528774 0.000491406294356 0.000691789277185 0.000373818277473 0.000424466375500 0.000431024605257 0.000423730879656 0.000596210865073 0.000342862854367 0.000417262855215 0.000410970428172 0.000439267632482 0.000569900542651 0.000297784852125 0.000388134569738 0.000433996319953 0.000481603871437 0.000563444460734 0.000340347318165 0.000365132742378 0.000411685040011 0.000450745336772 0.000514926032990 0.000272930728345 0.000405846380935 0.000365065952057 0.000453472119074 0.000528792706710 0.000180872369456 0.000235128697533 0.000279218036100 0.000308304325287 0.000352727692565 0.000344372720929 0.000392701482249 0.000441949450301 0.000468669967472 0.000570425854859 0.000346105006017 0.000409144120354 0.000440582534779 0.000415878599902 0.000527322370889 0.000135915105347 0.000202988685708 0.000262137215559 0.000344760638383 0.000359982152419 0.000176050385213 0.000233223613789 0.000265915139561 0.000284256111413 0.000359980206077 0.000276778401365 0.000349252286443 0.000383627898338 0.000430818146939 0.000550567712955 
0.000142346968071 0.000341616366598 0.000536699567714 0.000617301086631 0.000753365137406 0.000206488928411 0.000289141504762 0.000361509416879 0.000523849757102 0.000734485334565 0.000273817289864 0.000377130054024 0.000432296878561 0.000524489658171 0.000846239392140 0.000280008922966 0.000465808635025 0.000844047631075 0.000699504998753 0.000955232185809 0.000414200001832 0.000353787528126 0.000517590023313 0.000730335832797 0.000885419682926 0.000382042322259 0.000501323682824 0.000601945573797 0.000792355064818 0.000956658545644 0.000514037465907 0.000730776034676 0.000969014472922 0.001010064474899 0.001061952284505 0.000661418996612 0.000694441079892 0.000868972811312 0.000856282576657 0.001031697740465 0.000729761409788 0.000890394151562 0.000853037049375 0.000987353393285 0.001208485593289 0.000479395598120 0.000719652738400 0.001085745738018 0.001068466562478 0.000348986486084 0.000604497770484 0.001047648400856 0.000899325674134 0.000515519798643 0.001788471228600 0.000798015934386 0.000795016253764 0.000925774935813 0.000844143300854 0.000348986486084 0.000624206313630 0.000742691991588 0.000985272897695 0.000915331951172 0.000646534901246 0.000760595253270 0.000810980380435 0.000908853894637 0.000780326678463 0.000860323596702 0.000731161087730 0.000848031304884 0.000819488084719 0.000885086403203 0.001231273917260 0.000452306418413 0.000579039722331 0.000981524676767 0.000798902998938 0.001337912211982 0.000607474613110 0.000676971335156 0.000661110654706 0.000753856245318 0.001083356193030 0.000539804814506 0.000687306611321 0.000676484379318 0.000738446626180 0.001005741871795 0.000467150378130 0.000647996805737 0.000736271998898 0.000830346599783 0.001016881599758 0.000522147446196 0.000546549646251 0.000701024098562 0.000801507841195 0.000914319847473 0.000475438225668 0.000708185963222 0.000611591511922 0.000788963275544 0.000938005775055 0.000240374752609 0.000326984161493 0.000409153801284 0.000450187356121 0.000545641941889 0.000536833330613 0.000634246056680 0.000748175745797 0.000807361676005 0.001028760256820 0.000515751901835 0.000716665478256 0.000769463351393 0.000686112543334 0.000909985295202 0.000170957298484 0.000281843463858 0.000391476938550 0.000554776369772 0.000588984476249 0.000242969511094 0.000322023170140 0.000399676930213 0.000435222460654 0.000562431704905 0.000420584582404 0.000561879305611 0.000629336537870 0.000723161615629 0.000990337290558 
0.000159454610003 0.000329391151792 0.000507014551082 0.000549689689497 0.000681096233740 0.000215708246266 0.000307491424205 0.000337836573865 0.000476051171754 0.000648212350255 0.000281604527302 0.000355824818604 0.000422641867724 0.000493258340008 0.000719386799857 0.000293224937564 0.000435752943788 0.000699504998753 0.000637975020589 0.000765745237419 0.000393586221721 0.000362285054046 0.000480480462837 0.000641873068616 0.000774323145853 0.000356996186326 0.000457998520684 0.000543800922644 0.000677088549875 0.000797367053625 0.000482865300679 0.000641823731769 0.000825344586423 0.000802461240767 0.000927380387140 0.000600168832578 0.000620153633009 0.000757482370514 0.000740637351761 0.000910675816151 0.000630848599835 0.000765042574592 0.000729440630994 0.000823585843431 0.000984900020208 0.000436557571560 0.000639364463222 0.000852300350801 0.000930977018200 0.000533727241472 0.000600195662361 0.000902578207691 0.000798164707929 0.000546639587161 0.001328516818335 0.000685816297962 0.000686318513660 0.000804074325398 0.000762703066313 0.000533727241472 0.000555798337718 0.000640198552441 0.000830596046625 0.000764482438516 0.000591690594852 0.000651127008366 0.000697749333889 0.000753362785511 0.000697024123465 0.000718817512199 0.000628843766600 0.000731998849358 0.000713070528451 0.000765334933586 0.000989503702203 0.000435048541712 0.000536927388981 0.000823525511961 0.000721286469378 0.001054219014950 0.000548643408866 0.000620646978872 0.000625445874632 0.000633778519542 0.000895879559833 0.000500050304282 0.000614086209880 0.000604742374427 0.000649181492101 0.000850920117334 0.000433999639341 0.000572796011229 0.000642608217585 0.000715521861958 0.000845381690136 0.000493888596208 0.000527376106170 0.000610046194560 0.000674109762224 0.000769855877027 0.000406381386659 0.000604507335843 0.000539135807973 0.000675022114327 0.000790417276989 0.000255714851021 0.000335061528112 0.000401685391424 0.000443240106140 0.000512673352074 0.000501278899064 0.000575645290222 0.000654095082090 0.000696181166577 0.000855725205062 0.000499472038764 0.000609915292947 0.000656367646324 0.000612246666493 0.000783594302327 0.000190394828168 0.000289180616475 0.000378450997430 0.000504999232528 0.000529063471262 0.000250536201008 0.000331926022420 0.000384370810745 0.000412334177909 0.000524228441349 0.000400906834305 0.000511555792907 0.000564118347547 0.000636497537781 0.000825460148876 
0.000142652806592 0.000366040907107 0.000579731009428 0.000681675973615 0.000827374050738 0.000213867498491 0.000297054609314 0.000392129671152 0.000574220764026 0.000813671434779 0.000285575072601 0.000407565878155 0.000460619134695 0.000567529939511 0.000949680264041 0.000289697075389 0.000505064395423 0.000955232185809 0.000765745237419 0.001092580533943 0.000446388928955 0.000369674665827 0.000562860425912 0.000810264922278 0.000984032797306 0.000414414510810 0.000548453555384 0.000661257725972 0.000887649248874 0.001080660389660 0.000556470457810 0.000810947256242 0.001086757299265 0.001158515726507 0.001180815853721 0.000725417799613 0.000766072185215 0.000966846862498 0.000955298576587 0.001142854884717 0.000814304967758 0.000995621983665 0.000955407980361 0.001115051606863 0.001375072361768 0.000525089996572 0.000795353386372 0.001249893937741 0.001188989501530 0.000286243828512 0.000640011807700 0.001170384735677 0.000994294110005 0.000530338350144 0.002092393218847 0.000892261155138 0.000887537690163 0.001031346092417 0.000927275989827 0.000286243828512 0.000689319212141 0.000829546353042 0.001108813474007 0.001033283091274 0.000706858134382 0.000851545976952 0.000906404829184 0.001028508740412 0.000860740143474 0.000971062717412 0.000817296193114 0.000946760829489 0.000912355958464 0.000987529229912 0.001407212808813 0.000485121368903 0.000629950205313 0.001106334105559 0.000877820860110 0.001538418817606 0.000667399360338 0.000739644460521 0.000713716303563 0.000849149666690 0.001226932507946 0.000587486055579 0.000758066705214 0.000745985577512 0.000819183313866 0.001130484650602 0.000507856868978 0.000717452393128 0.000818843577305 0.000927556127808 0.001149659182486 0.000563735888116 0.000585454895692 0.000780442191542 0.000902704835605 0.001029375529444 0.000532570308178 0.000793649266120 0.000677802951862 0.000883479634676 0.001055767303507 0.000246915397371 0.000341568241062 0.000435217415234 0.000478300109734 0.000590630421501 0.000582481922229 0.000695556443358 0.000831594355797 0.000901673248798 0.001162880687714 0.000551658635260 0.000803965822662 0.000862519886590 0.000757093261957 0.001016764261920 0.000171817514285 0.000294247504890 0.000419029020679 0.000607746164328 0.000648366001060 0.000253110672543 0.000335519826827 0.000428698645799 0.000469591238401 0.000610680938663 0.000452712211003 0.000615486853640 0.000693316328892 0.000801892175165 0.001118694722167 
0.000105683231449 0.000207609484427 0.000317116779867 0.000335835548516 0.000418708213766 0.000139833554802 0.000200504272036 0.000210426817858 0.000293266154903 0.000394555899069 0.000181594939537 0.000222447551937 0.000267741051533 0.000307983599271 0.000430878232153 0.000190237846900 0.000271523213306 0.000414200001832 0.000393586221721 0.000446388928955 0.000246718908657 0.000233280184403 0.000298500344199 0.000390014618149 0.000469508288346 0.000222353765027 0.000282743814301 0.000334205200778 0.000406472458633 0.000473378998068 0.000301359553674 0.000389872942689 0.000494761958560 0.000465760107774 0.000561973019230 0.000369504841123 0.000379333883665 0.000458664536362 0.000446971714851 0.000554354222968 0.000380622298814 0.000460373395792 0.000438031738425 0.000489115926893 0.000578675165568 0.000269160502496 0.000390252146164 0.000491773508595 0.000563613357511 0.000382431439785 0.000382337732860 0.000543770914807 0.000486970271730 0.000356106401941 0.000744927706812 0.000412736482412 0.000413845291886 0.000486122057951 0.000468761241291 0.000382431439785 0.000339557479990 0.000385787709504 0.000495638684732 0.000454277543220 0.000365531935656 0.000391197372054 0.000420125223965 0.000446131586361 0.000426397274683 0.000427217000382 0.000378575781191 0.000441367722288 0.000431443201205 0.000461820371008 0.000577522912428 0.000273953415230 0.000333423482108 0.000490375531378 0.000443171655158 0.000609417898525 0.000337143277523 0.000383691418069 0.000391405451885 0.000377730433121 0.000529949655085 0.000310403100534 0.000375699146583 0.000370064549930 0.000394501464719 0.000508585735946 0.000269706973345 0.000348884111580 0.000389313657803 0.000431116731552 0.000501295402205 0.000309055035816 0.000332485912867 0.000369122851449 0.000401839978202 0.000459146229663 0.000243988579571 0.000362727335023 0.000328005294537 0.000405451022275 0.000471574304255 0.000166760606883 0.000215799736985 0.000254849593648 0.000281505167729 0.000319991742699 0.000312132922037 0.000354439479495 0.000396555753838 0.000419585196483 0.000507555658858 0.000315316603350 0.000365489812730 0.000393727892048 0.000374379090317 0.000471987263226 0.000125967059093 0.000186332006020 0.000238760615842 0.000311308137448 0.000324393594240 0.000161703989676 0.000214208106286 0.000242028077163 0.000258180146894 0.000326193199577 0.000251604754669 0.000315372427743 0.000345588767259 0.000386986398237 0.000490063217953 
0.000108857091938 0.000198064183665 0.000298745388640 0.000303924881227 0.000383063902337 0.000139413688521 0.000201668693940 0.000196867655372 0.000269271239927 0.000354710725726 0.000179608623294 0.000209394597514 0.000257535134358 0.000289314559867 0.000376127810158 0.000189898526795 0.000254196076199 0.000353787528126 0.000362285054046 0.000369674665827 0.000233280184403 0.000230209971335 0.000278051155834 0.000349532221057 0.000419189820496 0.000208015219261 0.000260559563446 0.000305595863479 0.000356338448247 0.000406367392269 0.000282881136726 0.000349225637564 0.000432579312677 0.000382310467790 0.000501195328405 0.000338918971010 0.000344006609593 0.000408489160267 0.000395666372861 0.000498437647367 0.000336783331468 0.000405381671599 0.000384218561180 0.000420158720798 0.000486820540750 0.000247493101674 0.000352578142099 0.000398757732108 0.000501788952008 0.000436208643909 0.000371029388587 0.000479846476496 0.000439623826806 0.000357668126558 0.000567417526029 0.000363497403989 0.000365783426197 0.000431725560702 0.000428672717821 0.000436208643909 0.000307276884788 0.000340583157005 0.000429643777651 0.000390663492415 0.000337253733688 0.000343452332517 0.000370341117609 0.000381128794832 0.000386756418248 0.000367515445925 0.000333617232716 0.000390073093583 0.000383714094815 0.000408719587371 0.000479436883408 0.000260970136667 0.000310354206440 0.000423372020229 0.000405057365200 0.000496077888469 0.000308222041640 0.000354436883049 0.000369065791890 0.000326678658183 0.000451779811406 0.000288737315858 0.000340832681678 0.000335851925281 0.000353627485423 0.000442208163901 0.000251360885491 0.000314025011268 0.000347058553366 0.000380501401515 0.000429362878670 0.000291381886224 0.000317338622346 0.000328311460165 0.000347648105614 0.000397605599446 0.000213940959129 0.000317707433279 0.000294627978396 0.000355799588361 0.000408638455694 0.000167756043209 0.000213034156886 0.000245727874406 0.000271877764634 0.000300415914213 0.000291868774429 0.000325153024631 0.000353970974175 0.000370520975641 0.000434933676252 0.000301606911300 0.000319341362311 0.000344668867172 0.000339324315555 0.000416339157490 0.000129421756680 0.000184068968925 0.000228138954300 0.000286168273928 0.000295424838536 0.000160152989718 0.000212111954947 0.000230537361575 0.000243663720460 0.000304655664836 0.000238362729208 0.000289939982422 0.000314251403208 0.000347201127065 0.000420699628512 
0.000123981130870 0.000250416010958 0.000384150797924 0.000412241803065 0.000512168485198 0.000166052686282 0.000237331256407 0.000255503145053 0.000358304361472 0.000485345613784 0.000216271001748 0.000269542003915 0.000322031124507 0.000373446464476 0.000534911835579 0.000225807079849 0.000329613810345 0.000517590023313 0.000480480462837 0.000562860425912 0.000298500344199 0.000278051155834 0.000362971463205 0.000480235824510 0.000578807680444 0.000269989727638 0.000345035519256 0.000408872475597 0.000503954572899 0.000590657259238 0.000365506159737 0.000480139471319 0.000613922035081 0.000588766991341 0.000693036714115 0.000451604193407 0.000465324929532 0.000565882639366 0.000552503958477 0.000681885714969 0.000470554116881 0.000570003825083 0.000542989789718 0.000610170299904 0.000726360959255 0.000328698311196 0.000479296493825 0.000623783350563 0.000695437588493 0.000430256728387 0.000458444686321 0.000672813636071 0.000598228799222 0.000421733273536 0.000960812133641 0.000510995823208 0.000511799238982 0.000600288004358 0.000573473568875 0.000430256728387 0.000416817590815 0.000477275065688 0.000616619571216 0.000566521920201 0.000445888174123 0.000484796591124 0.000519997302965 0.000557463034125 0.000523026918041 0.000532721639840 0.000468613336461 0.000545851861759 0.000532529141116 0.000570898044073 0.000727703566693 0.000330607804217 0.000405536391658 0.000610814974786 0.000542260886986 0.000772169711619 0.000412493226224 0.000467853404189 0.000473997188399 0.000470259914237 0.000662612784607 0.000377619450362 0.000460813056446 0.000453845026470 0.000485728367433 0.000632143705441 0.000327902430611 0.000429001942986 0.000480175118397 0.000533396810158 0.000625911219939 0.000374284387571 0.000400979780973 0.000455597121905 0.000500223892252 0.000571395620352 0.000302483163022 0.000449840635099 0.000403591277118 0.000502533124629 0.000586744403026 0.000197378100183 0.000257183449305 0.000306267909283 0.000338106539266 0.000388084757691 0.000379061929267 0.000433168724096 0.000488909012614 0.000519043718743 0.000633636892880 0.000379988533312 0.000453608169099 0.000488369605230 0.000459329086681 0.000584065552461 0.000147919636693 0.000222010413188 0.000287835386700 0.000380203527359 0.000397390253016 0.000192487143760 0.000255004395143 0.000292089102766 0.000312564212967 0.000396293853961 0.000304210395199 0.000385151790091 0.000423561769373 0.000476340649989 0.000611470668578 
0.000149235921824 0.000324670275341 0.000503492238393 0.000558077323055 0.000687524872660 0.000206681845557 0.000292830001645 0.000336830864634 0.000479609487404 0.000660357804080 0.000271284452224 0.000353515529794 0.000414506511854 0.000490641859784 0.000743583458787 0.000280719271007 0.000434290938903 0.000730335832797 0.000641873068616 0.000810264922278 0.000390014618149 0.000349532221057 0.000480235824510 0.000654944916120 0.000791601302172 0.000355944032908 0.000460505130644 0.000549086553107 0.000698440418820 0.000830625518985 0.000480510295944 0.000655065584607 0.000852461988193 0.000852227044682 0.000948595955280 0.000604995765454 0.000628930493479 0.000775352960747 0.000760396277465 0.000927675853796 0.000647819921971 0.000787483897121 0.000752242739714 0.000857675458887 0.001035224746089 0.000439477814557 0.000649687877225 0.000909618275421 0.000953100302700 0.000455601505709 0.000585400791334 0.000928083522246 0.000811373052655 0.000521092761128 0.001450962076022 0.000705874800161 0.000705156840682 0.000824199201661 0.000770078472815 0.000455601505709 0.000564294762444 0.000658149988672 0.000861363407200 0.000795724096996 0.000594540359187 0.000671185191238 0.000717839581123 0.000786505237173 0.000706822374235 0.000748078373944 0.000647042461063 0.000752125466520 0.000730397726245 0.000785838847446 0.001045968975759 0.000429196237593 0.000536875598563 0.000855629304645 0.000728467649812 0.001123373514180 0.000554034259823 0.000623221395799 0.000620772026442 0.000657962614962 0.000936177398438 0.000500186237432 0.000622659973667 0.000613060168587 0.000662331588505 0.000881186220456 0.000433651561748 0.000583171884685 0.000657452104139 0.000735679219133 0.000881544341945 0.000490230879353 0.000519679934182 0.000624847752549 0.000699722265241 0.000798751713032 0.000419153517668 0.000623835056388 0.000549478733663 0.000695973382543 0.000819832029075 0.000243494608196 0.000323191752437 0.000393364990256 0.000433613190855 0.000510128907767 0.000499934403728 0.000580224462098 0.000668771082252 0.000715607443046 0.000892136266795 0.000491535619779 0.000630154636233 0.000677533522025 0.000621092712452 0.000805890631209 0.000178534302734 0.000278810153786 0.000372675517019 0.000508454182065 0.000535360808146 0.000241134678206 0.000319512321739 0.000379220407076 0.000409037800002 0.000523174198580 0.000396814194180 0.000515021180464 0.000571290116454 0.000649095442649 0.000859881236238 
0.000178184800658 0.000390555339421 0.000606295775695 0.000674065548765 0.000829769044148 0.000247624592579 0.000350527597845 0.000405829424048 0.000578683714862 0.000797971974928 0.000325278163127 0.000425723857491 0.000498272173405 0.000590956973720 0.000900286859336 0.000336287711253 0.000523226408392 0.000885419682926 0.000774323145853 0.000984032797306 0.000469508288346 0.000419189820496 0.000578807680444 0.000791601302172 0.000957016853588 0.000428859617010 0.000555481938181 0.000662713915569 0.000845402063812 0.001006705816594 0.000578788361131 0.000791774956152 0.001032007300865 0.001035481927802 0.001146902351347 0.000730027514353 0.000759532410864 0.000937530346329 0.000919815743994 0.001120987041221 0.000783660248855 0.000952910644083 0.000910492868597 0.001039448141562 0.001256149426572 0.000530205466849 0.000784808754884 0.001105911017053 0.001152482237124 0.000536192906796 0.000703153232568 0.001122889613274 0.000980173307590 0.000623856121134 0.001769221182285 0.000854148438832 0.000853080601329 0.000996780788231 0.000929431429180 0.000536192906796 0.000681577738390 0.000796274129288 0.001043342152245 0.000964303049053 0.000717097126025 0.000812335553251 0.000868575355520 0.000953506551645 0.000853588212427 0.000906545018644 0.000782926787936 0.000909907597797 0.000883253767561 0.000950606342993 0.001270118732056 0.000516357115638 0.000647109959902 0.001036652339556 0.000879243942640 0.001365523042323 0.000668695050995 0.000751621890252 0.000747466933845 0.000797082400349 0.001135099869743 0.000602917889577 0.000751940594057 0.000740327078188 0.000800517749535 0.001067152247462 0.000522640562824 0.000704642958632 0.000794917336506 0.000890089350192 0.001068562259315 0.000590288840283 0.000625114955521 0.000755610928411 0.000847654049534 0.000967563142988 0.000507342365508 0.000755141262633 0.000664025731625 0.000842361974566 0.000993058225566 0.000291466629858 0.000387587071490 0.000472758712930 0.000521054771614 0.000614457477663 0.000602368711786 0.000700128520755 0.000808532717314 0.000865774700616 0.001081370364223 0.000591151577734 0.000762909771915 0.000820171249116 0.000750096685694 0.000975072991166 0.000213226948250 0.000334340844836 0.000448243080114 0.000613434278032 0.000646337564582 0.000289089788744 0.000383061852367 0.000456235621591 0.000492483388258 0.000630428764487 0.000477617650773 0.000621351486996 0.000689789743983 0.000784472051426 0.001042161854700 
0.000093182499327 0.000186699198199 0.000286053147312 0.000305816593125 0.000380324675776 0.000124360874796 0.000177910108405 0.000190130435535 0.000266157750313 0.000359832405076 0.000161834359793 0.000200695741747 0.000240288107964 0.000278005683162 0.000395555028231 0.000169134307247 0.000245294852075 0.000382042322259 0.000356996186326 0.000414414510810 0.000222353765027 0.000208015219261 0.000269989727638 0.000355944032908 0.000428859617010 0.000200909496161 0.000256388573106 0.000303604842290 0.000372799858362 0.000436157108813 0.000272075136617 0.000355856242298 0.000454043225218 0.000433185351284 0.000513446014043 0.000335430832881 0.000345261197576 0.000419190189868 0.000409060434639 0.000505552131517 0.000348373197038 0.000421821829457 0.000401695434072 0.000450591441618 0.000535470309810 0.000244198246221 0.000355506097112 0.000458513023486 0.000515145604061 0.000327421916691 0.000342379837765 0.000497997825246 0.000443690471888 0.000316094965885 0.000703006428051 0.000378159599214 0.000378872896257 0.000444565960989 0.000425831621405 0.000327421916691 0.000309209597553 0.000353279052297 0.000455703341780 0.000418397326738 0.000331366989553 0.000358673481746 0.000384851599646 0.000411479314511 0.000388081198199 0.000393445655761 0.000346813281984 0.000404077940534 0.000394434473194 0.000422670697649 0.000535886424066 0.000246450603511 0.000301629861995 0.000451259299330 0.000402635054333 0.000567755253041 0.000306287859467 0.000347730141169 0.000352987239464 0.000347470196373 0.000489007584645 0.000280848330369 0.000341924676364 0.000336766359876 0.000360021787551 0.000467297242239 0.000243916318945 0.000318093648640 0.000355730791305 0.000394811357087 0.000462102390563 0.000278727672065 0.000298965924505 0.000337454481696 0.000369620946808 0.000422244746181 0.000223765739844 0.000332743653314 0.000299197136446 0.000371780630562 0.000433611455164 0.000147962670373 0.000192410724868 0.000228581487367 0.000252385970279 0.000288886342615 0.000282061628906 0.000321742624505 0.000362242706646 0.000384205336603 0.000467824934656 0.000283376097484 0.000335459350339 0.000361225902493 0.000340795119417 0.000432294244527 0.000111142931259 0.000166107929390 0.000214630565203 0.000282455451879 0.000294968766288 0.000144057558615 0.000190841609442 0.000217735049740 0.000232787912042 0.000294850648809 0.000226650141628 0.000286134820726 0.000314351353962 0.000353091883931 0.000451527171655 
0.000114828450699 0.000236682691150 0.000364193874125 0.000394458634179 0.000488882692187 0.000155185546316 0.000221273723865 0.000242628785808 0.000341733625117 0.000465086839796 0.000202546191410 0.000255587514568 0.000303753882591 0.000354286805451 0.000515812136239 0.000210960374212 0.000312956000945 0.000501323682824 0.000457998520684 0.000548453555384 0.000282743814301 0.000260559563446 0.000345035519256 0.000460505130644 0.000555481938181 0.000256388573106 0.000328803752524 0.000390328892763 0.000485528944727 0.000571519931884 0.000346815340633 0.000460464281246 0.000591806116486 0.000574651623295 0.000665265097441 0.000430820693868 0.000445045602717 0.000543369871640 0.000531213434073 0.000653404154736 0.000452464234314 0.000548653018654 0.000523076151032 0.000590320851693 0.000705641074599 0.000313394053578 0.000458791371199 0.000610199715220 0.000667818853139 0.000385754925984 0.000431465662677 0.000647318134082 0.000572732079494 0.000393350495815 0.000950088716569 0.000491837487363 0.000492237032019 0.000576755155328 0.000547453467468 0.000385754925984 0.000398841717909 0.000459147078097 0.000595460741745 0.000547970164861 0.000424795613123 0.000466927501488 0.000500405456490 0.000539924652004 0.000500212883411 0.000515241849095 0.000450985447083 0.000524998495831 0.000511495545714 0.000548924738762 0.000708751117254 0.000312590176021 0.000385563284462 0.000590340852506 0.000517718859752 0.000754817833515 0.000393802873397 0.000445597653265 0.000449274820975 0.000454338175470 0.000642036203043 0.000359076270730 0.000440695129496 0.000433993586761 0.000465750733688 0.000610071216805 0.000311661451311 0.000410987627580 0.000460976525994 0.000513165572764 0.000605906103439 0.000354772588563 0.000378948378710 0.000437595446365 0.000483254046532 0.000551903575651 0.000291410709911 0.000433473722182 0.000386817657710 0.000484057834572 0.000566651942802 0.000184015693365 0.000240982490841 0.000288711168966 0.000318592813334 0.000368226214278 0.000360005719181 0.000413218509358 0.000469230470219 0.000499300545634 0.000613325746038 0.000358918436858 0.000437328046556 0.000470655423521 0.000439365491121 0.000561979433196 0.000137098635054 0.000207988104209 0.000271945654269 0.000362524204265 0.000379713830129 0.000180207078227 0.000238748263556 0.000276176674356 0.000296197738322 0.000376476276633 0.000288017280296 0.000367232065072 0.000404858465952 0.000456660134415 0.000591656199731 
0.000133515584723 0.000279323816098 0.000430751802390 0.000469626647601 0.000581043213236 0.000181647441059 0.000258552910562 0.000287308537049 0.000405918682043 0.000554283014233 0.000237452587060 0.000302338221151 0.000357954654180 0.000419238566192 0.000617443218560 0.000246873543576 0.000370544830312 0.000601945573797 0.000543800922644 0.000661257725972 0.000334205200778 0.000305595863479 0.000408872475597 0.000549086553107 0.000662713915569 0.000303604842290 0.000390328892763 0.000463949377270 0.000580833924805 0.000685754343445 0.000410449404764 0.000549081035798 0.000708247853447 0.000693631277150 0.000793821834529 0.000511824295403 0.000529680258229 0.000648508248641 0.000634576986175 0.000778700612257 0.000540540475054 0.000655923131041 0.000625700604432 0.000708246813243 0.000849020288199 0.000372169773459 0.000546361907002 0.000737668295195 0.000797077574384 0.000437481280867 0.000507637570635 0.000773633616824 0.000682131759409 0.000459750660407 0.001156936350540 0.000587984421780 0.000588150075072 0.000688645124112 0.000650699871163 0.000437481280867 0.000474848905497 0.000548708255463 0.000713500283500 0.000657334391106 0.000504184506992 0.000558461162585 0.000598147141965 0.000648278517491 0.000595321942471 0.000618045159527 0.000539097525427 0.000627303854457 0.000610593859053 0.000655756309004 0.000854255728226 0.000369003459465 0.000456954421614 0.000707769438625 0.000615409568450 0.000912055599581 0.000468093270179 0.000528769492892 0.000531298708797 0.000544581447330 0.000771106074963 0.000425609526215 0.000524472854171 0.000516465634076 0.000555323357480 0.000730690056910 0.000369291612672 0.000489718409293 0.000550092384058 0.000613287295523 0.000727241454055 0.000419551580105 0.000447185577078 0.000522370576034 0.000579212806895 0.000661404330382 0.000348601146209 0.000518627610469 0.000461063979926 0.000578989290180 0.000679014951491 0.000215010876148 0.000282616044848 0.000340079420323 0.000375165310709 0.000435777653779 0.000426337549279 0.000490899765740 0.000559832550974 0.000596670069002 0.000736097854641 0.000423385578727 0.000523425762878 0.000563158977682 0.000522965678585 0.000671680938443 0.000159495802904 0.000243889598034 0.000320851180036 0.000430533480201 0.000451623745519 0.000211208169473 0.000279830803202 0.000326023486444 0.000350220164978 0.000445931602589 0.000340323811431 0.000436115844814 0.000481645673998 0.000544409895484 0.000709913100185 
0.000148172082964 0.000336917363397 0.000525643776977 0.000592852160002 0.000727118848163 0.000209471082508 0.000295224527616 0.000352773220509 0.000506459545957 0.000703352558671 0.000276215955198 0.000369204958132 0.000428389192513 0.000512906561083 0.000800745666317 0.000284303231834 0.000454708661905 0.000792355064818 0.000677088549875 0.000887649248874 0.000406472458633 0.000356338448247 0.000503954572899 0.000698440418820 0.000845402063812 0.000372799858362 0.000485528944727 0.000580833924805 0.000750988189599 0.000899659324447 0.000502487750620 0.000698708473474 0.000917476676927 0.000936064284257 0.001013491481589 0.000639146716392 0.000667558447430 0.000828837000898 0.000814705600782 0.000988023672413 0.000694203280422 0.000845373209961 0.000808676597340 0.000928747892973 0.001128642522310 0.000463798160516 0.000690635930605 0.001002594659581 0.001018975056580 0.000413327753871 0.000602258293563 0.000995524577525 0.000862774285671 0.000525805609331 0.001625064083858 0.000757717348069 0.000755948935356 0.000881991088665 0.000814572050677 0.000413327753871 0.000599469781280 0.000705862979142 0.000929856786474 0.000861342180714 0.000626526290952 0.000721299465601 0.000770304534618 0.000853244784402 0.000750179770102 0.000809675844508 0.000694407765845 0.000806328562140 0.000781190511119 0.000842035079124 0.001145028395654 0.000445709233707 0.000563576138681 0.000924948416346 0.000770726933296 0.001236840990796 0.000586115594339 0.000656407051036 0.000647808063209 0.000710849307871 0.001016322997784 0.000525215264682 0.000660806677800 0.000650515811049 0.000706260117848 0.000950250199592 0.000454963769400 0.000620850174036 0.000702546113831 0.000789088634138 0.000955529689339 0.000511609223149 0.000539166884774 0.000668282427900 0.000755877002923 0.000862569842950 0.000450654202686 0.000670983211279 0.000585451252859 0.000748065125025 0.000885131768605 0.000245461637726 0.000329420215188 0.000406040657073 0.000447207270036 0.000533424230103 0.000523719772217 0.000612935433414 0.000714289315774 0.000767409052629 0.000966855810140 0.000509420818133 0.000678375690149 0.000728885178121 0.000659387773912 0.000864576270680 0.000177564575895 0.000284074635690 0.000386436908909 0.000536655134911 0.000567265781616 0.000245328179584 0.000325105175207 0.000393827631797 0.000426672125951 0.000548358592709 0.000413177454403 0.000543557938132 0.000605712023189 0.000691905435671 0.000931339197371 
0.000164568258592 0.000390796789988 0.000613149150106 0.000702626264683 0.000858295110519 0.000237508921441 0.000333001603451 0.000412717914935 0.000597003438334 0.000835554440474 0.000314606226251 0.000430815204922 0.000494984761631 0.000599027052852 0.000960549166562 0.000322129126759 0.000531826117340 0.000956658545644 0.000797367053625 0.001080660389660 0.000473378998068 0.000406367392269 0.000590657259238 0.000830625518985 0.001006705816594 0.000436157108813 0.000571519931884 0.000685754343445 0.000899659324447 0.001084646868305 0.000587045606941 0.000831092208519 0.001100032213090 0.001142128911951 0.001207316949292 0.000753713716243 0.000790566800294 0.000987814700611 0.000972938712903 0.001173677455135 0.000829153234189 0.001011300493698 0.000968597881996 0.001119497710226 0.001368424053200 0.000546411826340 0.000819011087623 0.001226904514185 0.001214560050386 0.000414582824765 0.000692872867157 0.001190096649562 0.001023426023473 0.000593595074408 0.002015120587618 0.000906389691489 0.000903222440237 0.001052157644801 0.000961680952742 0.000414582824765 0.000710482817634 0.000843702616465 0.001117819638249 0.001037912829118 0.000737144094271 0.000863690173111 0.000921176371409 0.001030122756761 0.000888354256283 0.000975559412410 0.000830493264126 0.000963446420286 0.000931463030249 0.001005649817429 0.001393140837829 0.000517338796467 0.000660735219720 0.001113262714627 0.000910099324122 0.001512164477619 0.000692041319019 0.000771931847834 0.000755352018720 0.000855136238269 0.001227743099345 0.000615926153582 0.000782468421162 0.000770173124268 0.000839864104292 0.001141281152487 0.000533123803111 0.000737235723783 0.000837027903565 0.000943260509491 0.001152757194233 0.000596572536290 0.000625263075129 0.000796816478068 0.000909210794335 0.001037249331517 0.000539832501887 0.000804040559367 0.000695701667268 0.000895872972696 0.001064167914992 0.000276844009068 0.000375597921897 0.000468615671519 0.000515711472921 0.000623148182059 0.000612845592374 0.000722759411272 0.000850646069470 0.000917186262261 0.001166259528725 0.000590171043570 0.000813525313594 0.000873577256442 0.000781048871677 0.001033685715589 0.000197558542309 0.000323775200653 0.000447912060445 0.000632314494602 0.000670752911156 0.000279214366728 0.000370051024380 0.000457137882365 0.000497309425648 0.000641994308281 0.000480773388333 0.000640417249186 0.000716614235822 0.000822538518436 0.001122833109505 
0.000127176581161 0.000253211060734 0.000387583520994 0.000413128710280 0.000514188013730 0.000169261352093 0.000242321900939 0.000257478960176 0.000359933040159 0.000485867917689 0.000220119936205 0.000271913321739 0.000326100035576 0.000376597880282 0.000533002492149 0.000230223510718 0.000332200556852 0.000514037465907 0.000482865300679 0.000556470457810 0.000301359553674 0.000282881136726 0.000365506159737 0.000480510295944 0.000578788361131 0.000272075136617 0.000346815340633 0.000410449404764 0.000502487750620 0.000587045606941 0.000368543254134 0.000480374207282 0.000611880829906 0.000581348043433 0.000692892324197 0.000453578342433 0.000466484834206 0.000565638887228 0.000551734799108 0.000682634167905 0.000469866143128 0.000568737581759 0.000541456156950 0.000606500838995 0.000719753064643 0.000330271499878 0.000480196308108 0.000614867567745 0.000695100944055 0.000451152669705 0.000464975825565 0.000671545113596 0.000599277582106 0.000430485189568 0.000939227456969 0.000509874374606 0.000510963746630 0.000599761009262 0.000575694079846 0.000451152669705 0.000417710735888 0.000476407694616 0.000613757803441 0.000563209050154 0.000448277766020 0.000483496320734 0.000518930021877 0.000553651389994 0.000524346049450 0.000529633279986 0.000467629985893 0.000544952762324 0.000532182547161 0.000570083240818 0.000719693369178 0.000334210495221 0.000408317404465 0.000607606378494 0.000544312914566 0.000761546386260 0.000414070692763 0.000470456271952 0.000478308098805 0.000467911998487 0.000657874388148 0.000380166688744 0.000461988836819 0.000455032064675 0.000486022357035 0.000629503159890 0.000330221443267 0.000429546274595 0.000480041853180 0.000532405598462 0.000621872732553 0.000377680864314 0.000405486822940 0.000455305761393 0.000497752243589 0.000568655241593 0.000301612785977 0.000448469580907 0.000403969671472 0.000501148678694 0.000583989551344 0.000201534802868 0.000261667959884 0.000310271719650 0.000342628068348 0.000391319569354 0.000381959309597 0.000435073941446 0.000488873975187 0.000518122547118 0.000629594058725 0.000384407464910 0.000452053294372 0.000486839117264 0.000460432147152 0.000582928654618 0.000151655939202 0.000225910119974 0.000291128357734 0.000382005499068 0.000398656227028 0.000195962536766 0.000259599053554 0.000295267438706 0.000315456190642 0.000399242180708 0.000307228360218 0.000386985150537 0.000424805451767 0.000476697464941 0.000607733894561 
0.000149015258303 0.000324519473697 0.000503329808948 0.000558128417609 0.000687514398527 0.000206472626118 0.000292498362736 0.000336747599084 0.000479584764084 0.000660460018615 0.000271038563851 0.000353404564175 0.000414274340865 0.000490498918655 0.000743896381513 0.000280430482483 0.000434180472676 0.000730776034676 0.000641823731769 0.000810947256242 0.000389872942689 0.000349225637564 0.000480139471319 0.000655065584607 0.000791774956152 0.000355856242298 0.000460464281246 0.000549081035798 0.000698708473474 0.000831092208519 0.000480374207282 0.000655189426795 0.000852809030003 0.000853000008709 0.000948813652657 0.000604970940941 0.000628975369913 0.000775540859151 0.000760622541459 0.000927818279898 0.000648015276912 0.000787755425207 0.000752527785089 0.000858152609134 0.001035973256772 0.000439448760499 0.000649757868960 0.000910522283378 0.000953334208053 0.000454045394042 0.000585010744997 0.000928385802475 0.000811466400920 0.000520512823143 0.001452987300842 0.000706117114130 0.000705376347823 0.000824420156857 0.000770070029013 0.000454045394042 0.000564346714798 0.000658361799895 0.000861777381626 0.000796159530988 0.000594480353870 0.000671434126941 0.000718080206050 0.000786978174749 0.000706871574855 0.000748485664428 0.000647261043879 0.000752360224739 0.000730583995846 0.000786074259076 0.001046830899652 0.000429004190189 0.000536772050155 0.000856069504698 0.000728463503904 0.001124459255686 0.000554029775765 0.000623150733138 0.000620565536409 0.000658291660020 0.000936756288780 0.000500093228760 0.000622702229135 0.000613099444961 0.000662452317088 0.000881586981994 0.000433562163809 0.000583255571294 0.000657605614777 0.000735917697575 0.000882055912923 0.000490068437480 0.000519435927287 0.000625006696578 0.000700070191344 0.000799142458061 0.000419313600236 0.000624079303218 0.000549568238084 0.000696234375706 0.000820228504158 0.000243218298820 0.000322906806393 0.000393133378965 0.000433349322305 0.000509983598028 0.000499813605404 0.000580199711486 0.000668919273393 0.000715836009230 0.000892650485163 0.000491292472519 0.000630414817679 0.000677802073725 0.000621140387313 0.000806155916096 0.000178277168639 0.000278561880084 0.000372495712951 0.000508422004044 0.000535376937238 0.000240911822525 0.000319217850793 0.000379051106407 0.000408897665308 0.000523054417968 0.000396661422106 0.000514987944039 0.000571315823648 0.000649208316777 0.000860364198003 
0.000179282257104 0.000409886796761 0.000639950446923 0.000723262959159 0.000886599720685 0.000254104467104 0.000357896289695 0.000429651016945 0.000617431881541 0.000858334691707 0.000335261738751 0.000449512235345 0.000520912636482 0.000624542230267 0.000978437291203 0.000344850920385 0.000553780690668 0.000969014472922 0.000825344586423 0.001086757299265 0.000494761958560 0.000432579312677 0.000613922035081 0.000852461988193 0.001032007300865 0.000454043225218 0.000591806116486 0.000708247853447 0.000917476676927 0.001100032213090 0.000611880829906 0.000852809030003 0.001120998738428 0.001146371734530 0.001237259501213 0.000779233178912 0.000814322093096 0.001011897989136 0.000994909639322 0.001205725075930 0.000847769766281 0.001032594124821 0.000987931294048 0.001135569996005 0.001381050883664 0.000565382035035 0.000842622946119 0.001228333290875 0.001244049309855 0.000494132453157 0.000731929489201 0.001215887764958 0.001052681049313 0.000637494440998 0.001994513093465 0.000925518788227 0.000923217401210 0.001076925449978 0.000993255171272 0.000494132453157 0.000731338097872 0.000862092467394 0.001136520712858 0.001053108727463 0.000763619946436 0.000881152025139 0.000940857173338 0.001043472909414 0.000915100010595 0.000989926691693 0.000848166738420 0.000984748458525 0.000953786357316 0.001028294000327 0.001401752976464 0.000542288106266 0.000686580285463 0.001130701996746 0.000939816690087 0.001515133877151 0.000714695015356 0.000799989537505 0.000788640514604 0.000868917960975 0.001243007772203 0.000639869091234 0.000806072165379 0.000793504301181 0.000861997899981 0.001161304962910 0.000554225667992 0.000757611542588 0.000857677290131 0.000963749316659 0.001168447115830 0.000622836294023 0.000655922410593 0.000815929854189 0.000923945812614 0.001054321761369 0.000550555975533 0.000819765370610 0.000714482216429 0.000913867344229 0.001081870734073 0.000297565849797 0.000399892079330 0.000493663849564 0.000543658410553 0.000649546918467 0.000637868842944 0.000747270977012 0.000871963427779 0.000937249717000 0.001182275285776 0.000619654801610 0.000828881205490 0.000890526889693 0.000804376361010 0.001055971124131 0.000214892395307 0.000344829644323 0.000470087810566 0.000654205735962 0.000691840099027 0.000297742816368 0.000394569682741 0.000479166987713 0.000519403712654 0.000667920483522 0.000502867671211 0.000662616454568 0.000738783245316 0.000844443537225 0.001138766828510 
0.000145686523867 0.000381302119690 0.000605276770155 0.000716071152903 0.000867815978903 0.000220604383999 0.000305673243761 0.000409887598869 0.000601974447570 0.000855468697800 0.000295173363413 0.000425583280065 0.000479060332972 0.000592827296130 0.001001949063541 0.000298725645383 0.000527878714973 0.001010064474899 0.000802461240767 0.001158515726507 0.000465760107774 0.000382310467790 0.000588766991341 0.000852227044682 0.001035481927802 0.000433185351284 0.000574651623295 0.000693631277150 0.000936064284257 0.001142128911951 0.000581348043433 0.000853000008709 0.001146371734530 0.001229320060479 0.001242721269983 0.000760594602546 0.000804499952002 0.001017708410808 0.001006283542139 0.001201541346504 0.000857809739680 0.001049401830147 0.001007456301438 0.001178397281442 0.001456071170865 0.000550353033216 0.000835671126433 0.001327544254893 0.001251588027934 0.000272292766807 0.000664421033720 0.001233300277051 0.001044801759137 0.000545943978370 0.002231597090638 0.000940439374240 0.000935073459572 0.001085970026651 0.000972660416939 0.000272292766807 0.000724105172605 0.000874095784671 0.001170715731399 0.001091862466550 0.000740490309150 0.000897843948722 0.000955247211383 0.001087528670489 0.000903894666573 0.001026080048454 0.000861365926655 0.000997479410016 0.000960512266883 0.001040261613871 0.001491831241521 0.000505487984516 0.000659021892570 0.001168586631578 0.000920854014984 0.001633508882565 0.000700093110211 0.000774694879463 0.000745048746554 0.000896771817909 0.001297603577734 0.000614662126070 0.000796054167442 0.000783326143643 0.000861584479734 0.001193213316372 0.000531187520355 0.000754191082162 0.000861818090795 0.000977398568177 0.001215323881188 0.000588495941325 0.000609813462963 0.000821628694264 0.000953296791216 0.001086958674229 0.000561604881529 0.000837019669620 0.000712699259988 0.000931562812836 0.001114749620970 0.000254067664257 0.000353213244708 0.000452421266931 0.000497039068344 0.000617019558305 0.000608912076168 0.000729268153473 0.000875099287339 0.000950066233328 0.001229242313631 0.000574373017683 0.000848129649550 0.000909709822582 0.000795130462143 0.001071469988456 0.000175627024174 0.000304228746418 0.000436370355163 0.000637012029410 0.000680496074162 0.000261529267240 0.000346696371705 0.000446703880000 0.000490129561249 0.000638514199222 0.000472194188179 0.000645113796468 0.000727826202313 0.000843302843495 0.001182323901043 
0.000212767164851 0.000467370571033 0.000725761987456 0.000807592249333 0.000993915410821 0.000295981253023 0.000418871126196 0.000485872868563 0.000693106790741 0.000956170821020 0.000388887489110 0.000509619096501 0.000596151997970 0.000707447712269 0.001079372707192 0.000401944484671 0.000626415052303 0.001061952284505 0.000927380387140 0.001180815853721 0.000561973019230 0.000501195328405 0.000693036714115 0.000948595955280 0.001146902351347 0.000513446014043 0.000665265097441 0.000793821834529 0.001013491481589 0.001207316949292 0.000692892324197 0.000948813652657 0.001237259501213 0.001242721269983 0.001374493038203 0.000874395206508 0.000909950634000 0.001123603703670 0.001102501153385 0.001343220436430 0.000939311579882 0.001142282337366 0.001091513015768 0.001246569599147 0.001506975483194 0.000635023408747 0.000940304798645 0.001327485342897 0.001381226418408 0.000637535889714 0.000841089140921 0.001345987227844 0.001174395504213 0.000745522849721 0.002125459497110 0.001023889872082 0.001022541159627 0.001194678322903 0.001113303217594 0.000637535889714 0.000816593420302 0.000954471460497 0.001251041306300 0.001156428986122 0.000858799057996 0.000973824083100 0.001041166148493 0.001143610728567 0.001022629536614 0.001087157059630 0.000938503873297 0.001090658497827 0.001058582976264 0.001139411901550 0.001524054826215 0.000617937664129 0.000774831345692 0.001243107869861 0.001053198735925 0.001639018812025 0.000800989551869 0.000900122381777 0.000894730863430 0.000955797381454 0.001361457451963 0.000721927581147 0.000900848700701 0.000886928241092 0.000959276796704 0.001279522155829 0.000625777578560 0.000844319164575 0.000952668314998 0.001066930358216 0.001281549274892 0.000706587877558 0.000748055811359 0.000905601309731 0.001016432764082 0.001160197760045 0.000608213736013 0.000905299007149 0.000795683154422 0.001009828332158 0.001190754791133 0.000348293170646 0.000463405675059 0.000565592145164 0.000623345645862 0.000735590804739 0.000721184946058 0.000838580615458 0.000968961406917 0.001037774559426 0.001296899673093 0.000707375053542 0.000914653218370 0.000983270007757 0.000898656492768 0.001168810682047 0.000254631475597 0.000399736036921 0.000536383926223 0.000734710362593 0.000774271305742 0.000345609154725 0.000457956030745 0.000545989923993 0.000589498680086 0.000754800073794 0.000571653042299 0.000744190843065 0.000826350171543 0.000940032325491 0.001249837981460 
0.000148586526135 0.000309017984988 0.000476129840204 0.000517752754999 0.000641022084402 0.000201614158860 0.000287172893583 0.000317427339768 0.000447922886222 0.000610837040704 0.000263390419223 0.000334170428656 0.000396237638510 0.000463314298508 0.000679266239891 0.000274036154726 0.000409407537609 0.000661418996612 0.000600168832578 0.000725417799613 0.000369504841123 0.000338918971010 0.000451604193407 0.000604995765454 0.000730027514353 0.000335430832881 0.000430820693868 0.000511824295403 0.000639146716392 0.000753713716243 0.000453578342433 0.000604970940941 0.000779233178912 0.000760594602546 0.000874395206508 0.000564750057168 0.000584035792002 0.000714272860295 0.000698678490321 0.000858159106481 0.000595127452037 0.000721958594676 0.000688539719583 0.000778463841406 0.000932151667337 0.000410719368371 0.000602289361688 0.000808398993368 0.000877890981829 0.000491781880143 0.000562287951775 0.000851625788342 0.000751921864700 0.000510584119268 0.001264281943352 0.000647186549712 0.000647503941872 0.000758353465348 0.000717849731771 0.000491781880143 0.000523508466162 0.000604040330246 0.000784632052720 0.000722547645481 0.000556530171233 0.000614579763247 0.000658407219527 0.000712336502706 0.000656420899167 0.000679373083984 0.000593398563111 0.000690605203244 0.000672458365247 0.000721987809830 0.000937257367028 0.000408188894958 0.000504686819761 0.000778155402455 0.000678894926197 0.000999696076036 0.000516389404954 0.000583713278076 0.000587305262034 0.000598795791261 0.000847204437479 0.000470047417650 0.000578306876538 0.000569491543181 0.000611875352700 0.000803672443140 0.000407900696477 0.000539723943120 0.000605911409851 0.000675121295240 0.000799213976893 0.000463774727200 0.000494739913555 0.000575298855989 0.000636886849867 0.000727301129750 0.000383603644233 0.000570666269471 0.000508080326536 0.000637153556173 0.000746693922108 0.000238814137321 0.000313441726820 0.000376515810465 0.000415410203262 0.000481572877445 0.000471014590742 0.000541667358961 0.000616687387849 0.000656849028758 0.000808968016477 0.000468480589900 0.000575865124519 0.000619646198509 0.000576612284044 0.000739378204480 0.000177461148482 0.000270505296675 0.000354998877168 0.000475119970413 0.000498099842302 0.000234303693629 0.000310425508966 0.000360642536036 0.000387162167346 0.000492623169079 0.000376319918307 0.000481284236120 0.000531161073157 0.000599882871761 0.000780267642901 
0.000148899016846 0.000316519392523 0.000489242754924 0.000537075830904 0.000663306103114 0.000204043810024 0.000289885715958 0.000326725925687 0.000463107129329 0.000634566596143 0.000267174661135 0.000343441181692 0.000404993382933 0.000476410404454 0.000710084955754 0.000277240383296 0.000421332219781 0.000694441079892 0.000620153633009 0.000766072185215 0.000379333883665 0.000344006609593 0.000465324929532 0.000628930493479 0.000759532410864 0.000345261197576 0.000445045602717 0.000529680258229 0.000667558447430 0.000790566800294 0.000466484834206 0.000628975369913 0.000814322093096 0.000804499952002 0.000909950634000 0.000584035792002 0.000605548894937 0.000743541099624 0.000728252080144 0.000891470422933 0.000620376327130 0.000753356463913 0.000719064278354 0.000816418926055 0.000981539470130 0.000424500476460 0.000625002134387 0.000856897545871 0.000913929617491 0.000474453571484 0.000573365838233 0.000888262255031 0.000780410093664 0.000515623243898 0.001353726386357 0.000675308302469 0.000675129692766 0.000789905183843 0.000742877592999 0.000474453571484 0.000543052795389 0.000629968219444 0.000821398977891 0.000757610948157 0.000574744861050 0.000641703396417 0.000686885557449 0.000747875082126 0.000680572801249 0.000712293989438 0.000619103221705 0.000720084090240 0.000700221583953 0.000752583591048 0.000989346462058 0.000418256666419 0.000520112169831 0.000815277998789 0.000702650008736 0.001058955417409 0.000534428700767 0.000602645832985 0.000603343625649 0.000627146362415 0.000889836519619 0.000484490373033 0.000599560460231 0.000590369228638 0.000636053073614 0.000840814380326 0.000420240939656 0.000560543535147 0.000630608605544 0.000704139010949 0.000838663350135 0.000476453372386 0.000506692515919 0.000599041557810 0.000666995284534 0.000761537666866 0.000400638061415 0.000596143105169 0.000527917755212 0.000665338249322 0.000781739080238 0.000241058632255 0.000318115583835 0.000384591239905 0.000424134562630 0.000495257675006 0.000484873566838 0.000560143920280 0.000641644818511 0.000685004484923 0.000848818885479 0.000479529906889 0.000601878913141 0.000647383995260 0.000597926852400 0.000771249136729 0.000177976917985 0.000274486417999 0.000363470516409 0.000491093786118 0.000515955058273 0.000237578390848 0.000314781613178 0.000369545979777 0.000397645713544 0.000507263811833 0.000386141598271 0.000497451046027 0.000550390604239 0.000623464679614 0.000818415318519 
0.000173125057138 0.000381348630253 0.000592408908626 0.000659937429930 0.000811962272514 0.000241144394261 0.000341153740667 0.000396678183228 0.000566166648042 0.000781482951438 0.000316929578738 0.000415990362026 0.000486301129981 0.000577508456443 0.000882801783021 0.000327460895689 0.000511410306901 0.000868972811312 0.000757482370514 0.000966846862498 0.000458664536362 0.000408489160267 0.000565882639366 0.000775352960747 0.000937530346329 0.000419190189868 0.000543369871640 0.000648508248641 0.000828837000898 0.000987814700611 0.000565638887228 0.000775540859151 0.001011897989136 0.001017708410808 0.001123603703670 0.000714272860295 0.000743541099624 0.000918541229049 0.000901422609698 0.001097816754802 0.000768004373253 0.000934065790154 0.000892631755191 0.001019915909541 0.001233517795009 0.000518700770532 0.000768418937686 0.001087372650100 0.001129155958150 0.000515919182019 0.000685906744523 0.001100583179889 0.000959737103145 0.000607231162539 0.001742840102524 0.000837250648675 0.000836076596508 0.000976711448006 0.000909504518865 0.000515919182019 0.000667293799122 0.000780441580947 0.001023369148271 0.000946142002286 0.000701419960260 0.000796369546942 0.000851359437903 0.000935788642355 0.000835609658780 0.000889460076579 0.000767418036566 0.000891774448928 0.000865416327389 0.000931606406987 0.001247830075078 0.000504226304912 0.000632683321877 0.001016970820155 0.000860414786590 0.001342460319842 0.000654367303365 0.000735145986722 0.000730311309504 0.000781895940470 0.001114097495848 0.000589496092852 0.000736096829352 0.000724714851578 0.000784079038865 0.001046595215537 0.000510956208120 0.000690045259824 0.000778783909821 0.000872401134772 0.001048602092621 0.000576744266994 0.000610363962787 0.000740348951501 0.000831492778441 0.000949079492013 0.000497396919603 0.000740372023242 0.000650329694287 0.000825821976595 0.000974061697322 0.000283669083500 0.000377684783270 0.000461336530872 0.000508417079978 0.000600492917254 0.000588801411384 0.000685013779055 0.000792077977500 0.000848550449492 0.001061151232011 0.000577131874513 0.000748064543057 0.000804148647682 0.000734323025427 0.000955718790606 0.000207211334889 0.000325784925854 0.000437638405237 0.000600131766341 0.000632604650727 0.000281645551021 0.000373202454378 0.000445519432600 0.000481156952230 0.000616267060857 0.000466537660823 0.000607873649138 0.000675181652214 0.000768332088929 0.001022604465363 
0.000166478975005 0.000371186057838 0.000577581040773 0.000646517922352 0.000794472066537 0.000233197668411 0.000329435220988 0.000387089899961 0.000553738422680 0.000766148851368 0.000306873778281 0.000405619509721 0.000472809307797 0.000563259228736 0.000868116396771 0.000316607181738 0.000499007151456 0.000856282576657 0.000740637351761 0.000955298576587 0.000446971714851 0.000395666372861 0.000552503958477 0.000760396277465 0.000919815743994 0.000409060434639 0.000531213434073 0.000634576986175 0.000814705600782 0.000972938712903 0.000551734799108 0.000760622541459 0.000994909639322 0.001006283542139 0.001102501153385 0.000698678490321 0.000728252080144 0.000901422609698 0.000885182110769 0.001076260079867 0.000754202058608 0.000917732202018 0.000877364052144 0.001004493659534 0.001217154881549 0.000507228983793 0.000752933700909 0.001076209090136 0.001108151201620 0.000484114953169 0.000666041447853 0.001081102036083 0.000940475598864 0.000586511279994 0.001732642651260 0.000822595728775 0.000821142208522 0.000958791254679 0.000889957103255 0.000484114953169 0.000653728552490 0.000766593255385 0.001007029476650 0.000931739116248 0.000685630442093 0.000782676615612 0.000836380480732 0.000922107802971 0.000818411025095 0.000875892572633 0.000753938429240 0.000875853545185 0.000849411151818 0.000914843083360 0.001232675817839 0.000490887248973 0.000617781134253 0.001001118079936 0.000841973733011 0.001328272760208 0.000640324639980 0.000718493482161 0.000711948315309 0.000769582043878 0.001098021343154 0.000575657491896 0.000720931882428 0.000709753337401 0.000768936695729 0.001029582798914 0.000498844095797 0.000676417620751 0.000764192477102 0.000856943886594 0.001033026509054 0.000562250961567 0.000594063062712 0.000726651368408 0.000818371208543 0.000934017073181 0.000488906037264 0.000727813055762 0.000637628402797 0.000811660705649 0.000958541966115 0.000273917773559 0.000365809176388 0.000448385636359 0.000494029395304 0.000585720918597 0.000574606559792 0.000670045615786 0.000777131436777 0.000833470486993 0.001045342845834 0.000561552570423 0.000735553984905 0.000790551435667 0.000719268350855 0.000938839142561 0.000199349866062 0.000315508047776 0.000425885720328 0.000586878212739 0.000619302282462 0.000272651285720 0.000361295434949 0.000433738602025 0.000469004078654 0.000601498902411 0.000454528422295 0.000594440530235 0.000661097384573 0.000753421346877 0.001007202370527 
0.000213623953387 0.000461772976018 0.000715462622122 0.000790938476376 0.000975062559555 0.000294983625367 0.000418255664002 0.000478407148761 0.000680349944933 0.000935518615785 0.000386927040166 0.000502317824867 0.000589903907045 0.000697063524111 0.001051634654147 0.000400694243449 0.000616859607298 0.001031697740465 0.000910675816151 0.001142854884717 0.000554354222968 0.000498437647367 0.000681885714969 0.000927675853796 0.001120987041221 0.000505552131517 0.000653404154736 0.000778700612257 0.000988023672413 0.001173677455135 0.000682634167905 0.000927818279898 0.001205725075930 0.001201541346504 0.001343220436430 0.000858159106481 0.000891470422933 0.001097816754802 0.001076260079867 0.001314234471655 0.000916896810526 0.001114263382747 0.001064166265797 0.001211941965753 0.001461268489046 0.000623479022876 0.000920679076590 0.001281742213987 0.001349461449839 0.000660149168046 0.000833673588090 0.001313367414662 0.001149751045526 0.000744196133664 0.002039276687679 0.000998798957247 0.000997987016225 0.001166785965871 0.001092112125376 0.000660149168046 0.000799747571344 0.000931396937132 0.001217742927924 0.001124466881302 0.000843650517359 0.000949546321678 0.001015781288841 0.001111054713712 0.001001888542452 0.001057155686469 0.000915584313675 0.001064454584805 0.001034081191312 0.001112257076166 0.001475479392036 0.000610372430574 0.000762270708173 0.001209374396717 0.001033065637129 0.001583222083806 0.000785707533756 0.000884418978043 0.000882173517662 0.000930071370262 0.001322344508924 0.000710146835661 0.000882601995423 0.000869015600149 0.000938150230769 0.001245972789224 0.000615762448568 0.000826230017860 0.000930934346212 0.001041098795435 0.001245478860145 0.000696657016366 0.000739155633759 0.000884649523465 0.000989119358309 0.001129164306109 0.000592947573067 0.000882442253492 0.000778397710951 0.000984589047871 0.001159006157602 0.000347793734991 0.000460889042276 0.000559918398292 0.000617285341106 0.000724719204177 0.000710040947371 0.000823030654964 0.000947033696476 0.001012724947399 0.001260475163150 0.000699236866552 0.000891259889875 0.000958371447694 0.000880330493566 0.001140422115529 0.000255501225113 0.000397620680084 0.000530110627523 0.000721321532866 0.000759040661206 0.000343963907175 0.000455757411402 0.000539296873712 0.000581316759189 0.000742987722773 0.000564096910613 0.000730643655289 0.000809904839363 0.000919451275454 0.001215017403660 
0.000141627944483 0.000316059070403 0.000491860739000 0.000550758711759 0.000676738126338 0.000198469669500 0.000280345672047 0.000329662001958 0.000471664764904 0.000652704848592 0.000261198155476 0.000345423026715 0.000402556588460 0.000479677222084 0.000739736660141 0.000269453857728 0.000424972849668 0.000729761409788 0.000630848599835 0.000814304967758 0.000380622298814 0.000336783331468 0.000470554116881 0.000647819921971 0.000783660248855 0.000348373197038 0.000452464234314 0.000540540475054 0.000694203280422 0.000829153234189 0.000469866143128 0.000648015276912 0.000847769766281 0.000857809739680 0.000939311579882 0.000595127452037 0.000620376327130 0.000768004373253 0.000754202058608 0.000916896810526 0.000642605195401 0.000781966210797 0.000747590989203 0.000856040983843 0.001037413872493 0.000432043546001 0.000641421336677 0.000917481817006 0.000944137775400 0.000411094470631 0.000567025211054 0.000921153191166 0.000801192448841 0.000499123171756 0.001477569904154 0.000700903004370 0.000699646047838 0.000816899379369 0.000758075814456 0.000411094470631 0.000556901574691 0.000653173837349 0.000858148910926 0.000794032824492 0.000583983840175 0.000666904590927 0.000712643730625 0.000785859631515 0.000697179039458 0.000746438428280 0.000642399797903 0.000746262814126 0.000723698657062 0.000779475400791 0.001050728494189 0.000417988839708 0.000526152548386 0.000853135108957 0.000717206192293 0.001132344519685 0.000545437291049 0.000611968423125 0.000606281040862 0.000655816484330 0.000935793638791 0.000490279507116 0.000614138677477 0.000604614116969 0.000655094866063 0.000877349366810 0.000424851340771 0.000576254751047 0.000651080699325 0.000730158268739 0.000880374223636 0.000478802268903 0.000505833130173 0.000619106935779 0.000697391624614 0.000795936356200 0.000416591774888 0.000620166873664 0.000543218140955 0.000691603752497 0.000816831865652 0.000233100486480 0.000311368245137 0.000381752491613 0.000420606115886 0.000498808572163 0.000489361371288 0.000570737473198 0.000662097967480 0.000710154990712 0.000890867703590 0.000478140769430 0.000626773896666 0.000673628702607 0.000612726120869 0.000799940361813 0.000169597914552 0.000268551025963 0.000362629375391 0.000499887731633 0.000527547047266 0.000232065776297 0.000307515492587 0.000369327280037 0.000399391166532 0.000512269631940 0.000387050092614 0.000506328587492 0.000563156832355 0.000641872108607 0.000858353112123 
0.000169479880453 0.000381922412733 0.000595143599008 0.000668938201643 0.000821154535305 0.000238585449825 0.000336618708684 0.000399163628844 0.000572129235548 0.000793211768436 0.000314312727725 0.000417990023626 0.000486009809193 0.000580569614988 0.000901118151955 0.000323865896489 0.000514534623052 0.000890394151562 0.000765042574592 0.000995621983665 0.000460373395792 0.000405381671599 0.000570003825083 0.000787483897121 0.000952910644083 0.000421821829457 0.000548653018654 0.000655923131041 0.000845373209961 0.001011300493698 0.000568737581759 0.000787755425207 0.001032594124821 0.001049401830147 0.001142282337366 0.000721958594676 0.000753356463913 0.000934065790154 0.000917732202018 0.001114263382747 0.000781966210797 0.000951917263869 0.000910347303556 0.001044044180177 0.001267098343194 0.000523999151469 0.000779168663405 0.001123240517156 0.001148315199594 0.000481999361445 0.000683890006169 0.001121164055501 0.000973315432421 0.000599424885793 0.001815117040807 0.000853224363017 0.000851451385221 0.000993762082040 0.000919885450781 0.000481999361445 0.000676402299736 0.000794970621919 0.001045916502988 0.000968340174516 0.000708053157993 0.000812036832079 0.000867454206348 0.000958828555147 0.000846608774988 0.000910275597263 0.000781969092038 0.000908189590340 0.000880280076881 0.000948502440247 0.001284487684687 0.000505173459887 0.000637398237409 0.001040116596334 0.000870334009797 0.001385963946061 0.000661876970088 0.000741898684534 0.000733522210237 0.000799450262491 0.001141933926955 0.000593978247765 0.000745758195949 0.000734167148142 0.000796313194212 0.001069074146368 0.000514615865949 0.000700233193987 0.000791797585524 0.000888686001579 0.001073947886210 0.000579296113005 0.000611214509608 0.000753054206623 0.000850109512222 0.000970165129619 0.000507300497227 0.000755266500396 0.000660204150726 0.000842141849626 0.000995585468067 0.000279884046290 0.000374773598016 0.000460768683287 0.000507570065355 0.000603761111458 0.000592562362212 0.000692360481013 0.000805110053095 0.000864303048283 0.001086711183621 0.000577617257868 0.000763457551786 0.000820409941071 0.000744102790472 0.000973662359947 0.000203027463274 0.000323210048063 0.000438123849461 0.000606298822804 0.000640389691133 0.000279208609493 0.000369994622419 0.000446366234553 0.000483167432399 0.000620374158771 0.000468053508507 0.000614103754846 0.000683708586178 0.000780181206754 0.001046913192474 
0.000159874139445 0.000363115287977 0.000566431430421 0.000638580839531 0.000783289520387 0.000225894130272 0.000318413864769 0.000380116762536 0.000545604447310 0.000757555850073 0.000297836879209 0.000397849992361 0.000461747045067 0.000552687670876 0.000862224569588 0.000306598949964 0.000489956919587 0.000853037049375 0.000729440630994 0.000955407980361 0.000438031738425 0.000384218561180 0.000542989789718 0.000752242739714 0.000910492868597 0.000401695434072 0.000523076151032 0.000625700604432 0.000808676597340 0.000968597881996 0.000541456156950 0.000752527785089 0.000987931294048 0.001007456301438 0.001091513015768 0.000688539719583 0.000719064278354 0.000892631755191 0.000877364052144 0.001064166265797 0.000747590989203 0.000910347303556 0.000870800647437 0.000999920846143 0.001214936762772 0.000499653210809 0.000743894754586 0.001078971813869 0.001097401151761 0.000447070953254 0.000649229447556 0.001072059516787 0.000929300752648 0.000567094118702 0.001748205667604 0.000815955585486 0.000814077267879 0.000949852488497 0.000877494723542 0.000447070953254 0.000645708563933 0.000760131966273 0.001001189280448 0.000927357904870 0.000674985716809 0.000776717252697 0.000829516908601 0.000918591245184 0.000808061732331 0.000871734081346 0.000747784098398 0.000868330084237 0.000841307233522 0.000906793600131 0.001232455526770 0.000480357852977 0.000607224593840 0.000995871140487 0.000830258237696 0.001331097393530 0.000631388990742 0.000707186758420 0.000698082511273 0.000765366282332 0.001094140736775 0.000565888621321 0.000711794107127 0.000700711918450 0.000760666316411 0.001023173216926 0.000490207086661 0.000668703134231 0.000756627119427 0.000849754293185 0.001028730850622 0.000551312944013 0.000581094404820 0.000719710750751 0.000813849569005 0.000928732656961 0.000485272858463 0.000722520348779 0.000630563401705 0.000805536032079 0.000953030431810 0.000264742860799 0.000355196011554 0.000437671784368 0.000482055597613 0.000574792775579 0.000564310131106 0.000660303943479 0.000769283520005 0.000826411901495 0.001040928638328 0.000549049919902 0.000730465141005 0.000784865896726 0.000710259276347 0.000931040799359 0.000191579396556 0.000306305308470 0.000416493358424 0.000578140887226 0.000611059217316 0.000264536570699 0.000350558844256 0.000424442611905 0.000459789708056 0.000590850720037 0.000445267568611 0.000585578060733 0.000652463619003 0.000745212149576 0.001002705490092 
0.000170300586745 0.000403839988669 0.000633500424801 0.000725585570642 0.000886452292040 0.000245615323758 0.000344425680203 0.000426376837147 0.000616615297465 0.000862794134049 0.000325296373877 0.000445109739400 0.000511568117035 0.000618885576484 0.000991565713972 0.000333131365072 0.000549431768279 0.000987353393285 0.000823585843431 0.001115051606863 0.000489115926893 0.000420158720798 0.000610170299904 0.000857675458887 0.001039448141562 0.000450591441618 0.000590320851693 0.000708246813243 0.000928747892973 0.001119497710226 0.000606500838995 0.000858152609134 0.001135569996005 0.001178397281442 0.001246569599147 0.000778463841406 0.000816418926055 0.001019915909541 0.001004493659534 0.001211941965753 0.000856040983843 0.001044044180177 0.000999920846143 0.001155475262678 0.001412149334554 0.000564371527164 0.000845757517699 0.001265752570325 0.001254025460445 0.000430549399148 0.000716185249833 0.001228655678994 0.001056839048311 0.000613942041728 0.002078101971984 0.000935738192605 0.000932501882501 0.001086318066155 0.000993224783218 0.000430549399148 0.000733698410604 0.000871042301043 0.001153838532189 0.001071279060187 0.000761404606433 0.000891628570988 0.000951012264555 0.001063176368583 0.000917405976081 0.001006924168201 0.000857389520708 0.000994677183886 0.000961719102719 0.001038263321125 0.001437503529360 0.000534593881188 0.000682556904379 0.001149092197710 0.000939945375186 0.001560088251432 0.000714738345964 0.000797349213035 0.000780432950730 0.000882671986040 0.001267114546739 0.000636262592503 0.000808059020403 0.000795365137507 0.000867216861081 0.001178089440239 0.000550739866605 0.000761280069419 0.000864237667001 0.000973823756569 0.001189772735033 0.000616380327025 0.000646135961765 0.000822699528744 0.000938490703519 0.001070661971575 0.000557287997396 0.000830030357497 0.000718375348256 0.000924848167626 0.001098454403591 0.000286342435027 0.000388347398400 0.000484333601151 0.000533022749601 0.000643801185927 0.000633123414991 0.000746494514686 0.000878310449949 0.000946909723372 0.001203713737012 0.000609892044981 0.000839801786702 0.000901809905447 0.000806584661573 0.001067172876382 0.000204428161736 0.000334769612776 0.000462872153274 0.000653095479533 0.000692720507153 0.000288708978391 0.000382633161091 0.000472384444614 0.000513828619207 0.000663226287183 0.000496769684947 0.000661465516176 0.000740070892916 0.000849335195780 0.001158911156586 
0.000191964903320 0.000475905592668 0.000750667508107 0.000872957912275 0.001062448224634 0.000282917812938 0.000394609829769 0.000506683639362 0.000738069150005 0.001040337837776 0.000376433884660 0.000527609193682 0.000600572293378 0.000734224106600 0.001206466038500 0.000383446270975 0.000652739505147 0.001208485593289 0.000984900020208 0.001375072361768 0.000578675165568 0.000486820540750 0.000726360959255 0.001035224746089 0.001256149426572 0.000535470309810 0.000705641074599 0.000849020288199 0.001128642522310 0.001368424053200 0.000719753064643 0.001035973256772 0.001381050883664 0.001456071170865 0.001506975483194 0.000932151667337 0.000981539470130 0.001233517795009 0.001217154881549 0.001461268489046 0.001037413872493 0.001267098343194 0.001214936762772 0.001412149334554 0.001735027218352 0.000675178032813 0.001018117466822 0.001568107394917 0.001516816951824 0.000429863857697 0.000837177641305 0.001490192154066 0.001272543175057 0.000704018616577 0.002604562460545 0.001135595246601 0.001130447250068 0.001314983460495 0.001190602171675 0.000429863857697 0.000882734452955 0.001056317616730 0.001406676860957 0.001308864045384 0.000909739841224 0.001083067029688 0.001153818019591 0.001301230829188 0.001102882973236 0.001230126407603 0.001040321449875 0.001205854896448 0.001163637924908 0.001258159521348 0.001771732504429 0.000630413752597 0.000812766963515 0.001402442031708 0.001126948482702 0.001931169739214 0.000856862310693 0.000952252407094 0.000924420644814 0.001076776778121 0.001551678865076 0.000757836537930 0.000971368697113 0.000955980739912 0.001046670096790 0.001435024416997 0.000655478613655 0.000917573256565 0.001044918655657 0.001181054224024 0.001455190961785 0.000730136463583 0.000761287984969 0.000995408133569 0.001144763295673 0.001305641353890 0.000677190917287 0.001008938204829 0.000866445289913 0.001123573688049 0.001339288260725 0.000328030444746 0.000449874589388 0.000567943862598 0.000624539656608 0.000763971220370 0.000752528203241 0.000893818281664 0.001061499158811 0.001148228348620 0.001472056031569 0.000717872178867 0.001021541306972 0.001096366206560 0.000969901724481 0.001294487345989 0.000230864446195 0.000387661639372 0.000545085512443 0.000781401897727 0.000831603761827 0.000333837997395 0.000442492945462 0.000557076127897 0.000608396126095 0.000788683988169 0.000587237053386 0.000791380413507 0.000888918267162 0.001024790122109 0.001416592502126 
0.000108803286060 0.000225211774125 0.000346760164770 0.000376284106307 0.000466127479723 0.000147320329754 0.000209955078667 0.000231092104386 0.000325773251456 0.000443789026657 0.000192365374866 0.000243362151857 0.000288911856655 0.000337374333560 0.000492813748182 0.000200254700991 0.000298065792420 0.000479395598120 0.000436557571560 0.000525089996572 0.000269160502496 0.000247493101674 0.000328698311196 0.000439477814557 0.000530205466849 0.000244198246221 0.000313394053578 0.000372169773459 0.000463798160516 0.000546411826340 0.000330271499878 0.000439448760499 0.000565382035035 0.000550353033216 0.000635023408747 0.000410719368371 0.000424500476460 0.000518700770532 0.000507228983793 0.000623479022876 0.000432043546001 0.000523999151469 0.000499653210809 0.000564371527164 0.000675178032813 0.000298737356866 0.000437685680153 0.000584657543165 0.000637509011812 0.000362973097859 0.000410195469519 0.000618174353083 0.000546403425355 0.000373259690576 0.000912245351913 0.000469733222811 0.000470043077484 0.000550637437944 0.000521982302570 0.000362973097859 0.000380466145658 0.000438467097495 0.000569075518175 0.000523859152139 0.000404864618389 0.000446001665442 0.000477897698273 0.000516304532322 0.000477117147205 0.000492564239099 0.000430705923338 0.000501329394753 0.000488302837339 0.000524145618576 0.000678497187635 0.000297462571620 0.000367319968104 0.000564275374632 0.000493643118156 0.000723120732750 0.000375485510609 0.000424666576861 0.000427749277556 0.000434247282054 0.000614000486342 0.000342096898528 0.000420344033756 0.000413944679031 0.000444479797066 0.000582965717343 0.000296897109908 0.000392146489863 0.000440029713552 0.000490058049561 0.000579339735252 0.000337776727987 0.000360574514364 0.000417752295441 0.000461878063601 0.000527470387818 0.000278365561472 0.000414088147168 0.000369118046728 0.000462373405183 0.000541551140828 0.000174601283773 0.000228893415887 0.000274570051631 0.000302962251490 0.000350658472952 0.000342896489644 0.000393935538027 0.000447883438490 0.000476806538639 0.000586422779240 0.000341478215474 0.000417813017952 0.000449617488724 0.000419093094602 0.000536686705313 0.000129924656802 0.000197546917243 0.000258745326660 0.000345574268597 0.000362115584479 0.000171136374951 0.000226733330203 0.000262812448439 0.000281993912518 0.000358604693330 0.000274154262374 0.000350060014460 0.000386121402413 0.000435787222551 0.000565662932548 
0.000151952269358 0.000325386355220 0.000503476042147 0.000554413698522 0.000684169518804 0.000208923525869 0.000296561473497 0.000336419426507 0.000477543544627 0.000655364122309 0.000273773706087 0.000353455569333 0.000416046013560 0.000490384076026 0.000734840104668 0.000283836877532 0.000433809480285 0.000719652738400 0.000639364463222 0.000795353386372 0.000390252146164 0.000352578142099 0.000479296493825 0.000649687877225 0.000784808754884 0.000355506097112 0.000458791371199 0.000546361907002 0.000690635930605 0.000819011087623 0.000480196308108 0.000649757868960 0.000842622946119 0.000835671126433 0.000940304798645 0.000602289361688 0.000625002134387 0.000768418937686 0.000752933700909 0.000920679076590 0.000641421336677 0.000779168663405 0.000743894754586 0.000845757517699 0.001018117466822 0.000437685680153 0.000645257083058 0.000890701519331 0.000944530432239 0.000477813116545 0.000588555377019 0.000918563275324 0.000805745925061 0.000527571809198 0.001411588322078 0.000698438251514 0.000698083700976 0.000816493649501 0.000766268367819 0.000477813116545 0.000560585770588 0.000651438941669 0.000850423054808 0.000784781377274 0.000592442401201 0.000663821830616 0.000710368406511 0.000775018179102 0.000702426953936 0.000737823538575 0.000640281483149 0.000744571262178 0.000723719593578 0.000778101702979 0.001027017810519 0.000430027648522 0.000535759726647 0.000844304657173 0.000724802827799 0.001100495709252 0.000551267980845 0.000621144671240 0.000620850251941 0.000649403395916 0.000922252729159 0.000499091994833 0.000618805064155 0.000609301405458 0.000657035777276 0.000870352769831 0.000432841066630 0.000578865685003 0.000651664206983 0.000728150550838 0.000868961258108 0.000490282785683 0.000520867569356 0.000619141109313 0.000690651399275 0.000788498369864 0.000414482200939 0.000616788116106 0.000545253299790 0.000688292908152 0.000809380361087 0.000246605994710 0.000326031265448 0.000395003921807 0.000435554820499 0.000509808698110 0.000499279777380 0.000577643737445 0.000663009129286 0.000708337901180 0.000879457188273 0.000492853812619 0.000622823998702 0.000669828250440 0.000617160348113 0.000797579617468 0.000181675875058 0.000281298495138 0.000373603235448 0.000506358119324 0.000532365017446 0.000243415022919 0.000322520912233 0.000379948941222 0.000409153614734 0.000522384517382 0.000397191931144 0.000512908184771 0.000567959269365 0.000643991297338 0.000847860334883 
0.000149277419812 0.000401700908838 0.000639641365967 0.000762996769379 0.000922819512381 0.000229262006052 0.000316593397684 0.000433848021622 0.000639678502256 0.000912590691613 0.000307635231624 0.000449829349793 0.000503588064457 0.000626901321838 0.001073832428373 0.000310307886583 0.000558653129705 0.001085745738018 0.000852300350801 0.001249893937741 0.000491773508595 0.000398757732108 0.000623783350563 0.000909618275421 0.001105911017053 0.000458513023486 0.000610199715220 0.000737668295195 0.001002594659581 0.001226904514185 0.000614867567745 0.000910522283378 0.001228333290875 0.001327544254893 0.001327485342897 0.000808398993368 0.000856897545871 0.001087372650100 0.001076209090136 0.001281742213987 0.000917481817006 0.001123240517156 0.001078971813869 0.001265752570325 0.001568107394917 0.000584657543165 0.000890701519331 0.001435402667116 0.001337334658235 0.000249522332239 0.000696685171731 0.001319644680888 0.001113754330369 0.000565766961105 0.002425939824263 0.001006584866675 0.001000289267344 0.001160834171045 0.001034394112868 0.000249522332239 0.000771564609823 0.000935229374553 0.001255953213444 0.001172630757224 0.000786107311580 0.000961447119083 0.001022292314660 0.001168987698560 0.000962734446405 0.001101932995612 0.000921863275968 0.001067063163528 0.001026491542462 0.001112587124788 0.001609068689918 0.000532733271291 0.000698327497111 0.001254364550537 0.000979398812955 0.001765539738559 0.000744568334968 0.000822215737722 0.000787180000644 0.000962371762771 0.001395174095838 0.000651414031263 0.000847846263210 0.000834230762138 0.000919573259859 0.001279543127965 0.000562715780793 0.000804384818550 0.000920666807046 0.001045799218837 0.001305918423294 0.000621791400609 0.000642364106967 0.000878057701802 0.001022983679946 0.001166262635719 0.000601501621675 0.000896627907996 0.000760400242244 0.000997624445989 0.001195971372193 0.000263127206285 0.000368364999387 0.000475266712496 0.000521894813200 0.000652573396235 0.000644581382720 0.000775079183437 0.000934656792604 0.001016470495515 0.001320791602657 0.000604688524012 0.000908856275472 0.000974574424159 0.000847003425924 0.001146553318493 0.000180184771640 0.000317205887259 0.000459528963129 0.000676755554515 0.000724254477355 0.000272441989807 0.000361187515970 0.000470791414907 0.000517734836110 0.000676095179293 0.000498331344083 0.000685346061342 0.000774846093398 0.000899924744603 0.001270079096398 
0.000212582595730 0.000468575721657 0.000727979468737 0.000811177986080 0.000997974603583 0.000296195962152 0.000419003499091 0.000487480273033 0.000695853449755 0.000960617479944 0.000389309487078 0.000511191081869 0.000597497171692 0.000709683465046 0.001085345106371 0.000402213549835 0.000628472382738 0.001068466562478 0.000930977018200 0.001188989501530 0.000563613357511 0.000501788952008 0.000695437588493 0.000953100302700 0.001152482237124 0.000515145604061 0.000667818853139 0.000797077574384 0.001018975056580 0.001214560050386 0.000695100944055 0.000953334208053 0.001244049309855 0.001251588027934 0.001381226418408 0.000877890981829 0.000913929617491 0.001129155958150 0.001108151201620 0.001349461449839 0.000944137775400 0.001148315199594 0.001097401151761 0.001254025460445 0.001516816951824 0.000637509011812 0.000944530432239 0.001337334658235 0.001388065816779 0.000632666370943 0.000842685612668 0.001353010711611 0.001179701729282 0.000745808256032 0.002144016338135 0.001029292287139 0.001027827992955 0.001200683905828 0.001117865856624 0.000632666370943 0.000820220513197 0.000959439714339 0.001258210939378 0.001163310916045 0.000862060656433 0.000979051421368 0.001046631851928 0.001150620548991 0.001027095289945 0.001093616813431 0.000943438764877 0.001096300548690 0.001063858522097 0.001145258693121 0.001534513945662 0.000619566448294 0.000777535725468 0.001250371194183 0.001057533580800 0.001651032840191 0.000804279913033 0.000903503442928 0.000897434490403 0.000961336575886 0.001369879086407 0.000724464047300 0.000904777407064 0.000890785018969 0.000963825597899 0.001286745823392 0.000627933892539 0.000848213964821 0.000957347909804 0.001072492240142 0.001289315795398 0.000708726016405 0.000749971999368 0.000910112495565 0.001022313747666 0.001166879723521 0.000611500753842 0.000910220386995 0.000799404912246 0.001015262700556 0.001197590741994 0.000348400585609 0.000463947407952 0.000566813657418 0.000624650373879 0.000737931501005 0.000723584302708 0.000841928658478 0.000973682713857 0.001043168075714 0.001304742434777 0.000709127178131 0.000919690134675 0.000988631018242 0.000902602274183 0.001174923122542 0.000254444100246 0.000400191387002 0.000537734549831 0.000737593090533 0.000777550614510 0.000345963296707 0.000458429288260 0.000547430928582 0.000591260265088 0.000757343333461 0.000573279883554 0.000747107666538 0.000829891018153 0.000944463668590 0.001257335388002 
0.000232957678065 0.000335459785775 0.000483051191795 0.000415136287432 0.000549636807492 0.000272471362781 0.000404367071588 0.000309938683507 0.000392484148402 0.000469489487020 0.000342688109817 0.000337560202749 0.000448911812317 0.000462738035624 0.000425709383459 0.000372481528603 0.000401235230031 0.000348986486084 0.000533727241472 0.000286243828512 0.000382431439785 0.000436208643909 0.000430256728387 0.000455601505709 0.000536192906796 0.000327421916691 0.000385754925984 0.000437481280867 0.000413327753871 0.000414582824765 0.000451152669705 0.000454045394042 0.000494132453157 0.000272292766807 0.000637535889714 0.000491781880143 0.000474453571484 0.000515919182019 0.000484114953169 0.000660149168046 0.000411094470631 0.000481999361445 0.000447070953254 0.000430549399148 0.000429863857697 0.000362973097859 0.000477813116545 0.000249522332239 0.000632666370943 0.001170429651392 0.000666336870584 0.000577282328148 0.000593634347197 0.000714257434558 0.000094512586641 0.000432607857318 0.000443908458957 0.000537378644621 0.000613922584962 0.001170429651392 0.000419611074631 0.000410706873799 0.000466345725451 0.000403223503107 0.000501814677683 0.000401704516037 0.000442957148575 0.000376409440848 0.000533855787247 0.000380157350616 0.000398391105484 0.000473148014985 0.000481184100984 0.000499492606995 0.000379346825255 0.000439658272379 0.000478832390788 0.000448159049042 0.000578750348376 0.000324136963606 0.000440859750089 0.000530062313917 0.000598809380027 0.000349549030029 0.000439738376128 0.000444307253658 0.000470854337686 0.000464806298835 0.000461416890264 0.000488911876000 0.000389765028209 0.000418037802755 0.000440494633054 0.000458194532705 0.000431529112389 0.000472561099996 0.000538317622729 0.000411860226914 0.000372776538726 0.000428876440822 0.000248457731352 0.000366666324125 0.000388341540686 0.000415049921747 0.000442579847267 0.000336523404118 0.000404099456442 0.000431886717418 0.000480530721401 0.000479394964137 0.000458569906420 0.000472136573165 0.000452222083080 0.000447465856329 0.000438535050416 0.000515593625236 0.000363375847412 0.000396520972611 0.000466793526797 0.000499817576994 0.000275127386339 0.000349886159174 0.000388549755565 0.000419194638058 0.000415352172841 0.000306837705270 0.000406143977657 0.000388264069278 0.000396686737009 0.000476434917006 0.000393588179838 0.000424943316388 0.000438806215081 0.000455027816232 0.000429270938050 
0.000172596329884 0.000323471633005 0.000490348033290 0.000506991249229 0.000636188933095 0.000223806572937 0.000322655989094 0.000324024894646 0.000446549792027 0.000593312029963 0.000289223294491 0.000343799939628 0.000419239346417 0.000475409126516 0.000636833224055 0.000304708739716 0.000418270711566 0.000604497770484 0.000600195662361 0.000640011807700 0.000382337732860 0.000371029388587 0.000458444686321 0.000585400791334 0.000703153232568 0.000342379837765 0.000431465662677 0.000507637570635 0.000602258293563 0.000692872867157 0.000464975825565 0.000585010744997 0.000731929489201 0.000664421033720 0.000841089140921 0.000562287951775 0.000573365838233 0.000685906744523 0.000666041447853 0.000833673588090 0.000567025211054 0.000683890006169 0.000649229447556 0.000716185249833 0.000837177641305 0.000410195469519 0.000588555377019 0.000696685171731 0.000842685612668 0.000666336870584 0.000601904794769 0.000808794418557 0.000734088613726 0.000572554341417 0.001019163580724 0.000613186453385 0.000616127090235 0.000725765521733 0.000712058969035 0.000666336870584 0.000512593957349 0.000573959156955 0.000729570123783 0.000665599536288 0.000558196621585 0.000580124364260 0.000624495905197 0.000651166010881 0.000644571048157 0.000626072495601 0.000562637891521 0.000657066100938 0.000644673755022 0.000688077801428 0.000829175564998 0.000426457725157 0.000511855743444 0.000720134578053 0.000672976260399 0.000865253140847 0.000512040690807 0.000586350834803 0.000605549670334 0.000555264404835 0.000772562720250 0.000476329025795 0.000567992704142 0.000559603469079 0.000592208643800 0.000749952609544 0.000414352026929 0.000525002424074 0.000582525994213 0.000641299683094 0.000732776301545 0.000478110752573 0.000518176521471 0.000551576188443 0.000590822420155 0.000675454226829 0.000361555890561 0.000537164522225 0.000492987003157 0.000601097051099 0.000694004490917 0.000268381569831 0.000343300593623 0.000399638873679 0.000441881294669 0.000493768434272 0.000480487100170 0.000539414212792 0.000593812995230 0.000624340974046 0.000742133595173 0.000492065606716 0.000540479506246 0.000582884260421 0.000565690026941 0.000701864412886 0.000205398548133 0.000296545814225 0.000372358990945 0.000474349062475 0.000491549809404 0.000257758360292 0.000341409596961 0.000376739999682 0.000399651282859 0.000501774906819 0.000390366392067 0.000480577129412 0.000523196630007 0.000581233598015 0.000717302853523 
0.000201135216602 0.000451296683211 0.000702837723515 0.000788663307026 0.000968537264887 0.000282574253551 0.000398888551504 0.000471248902501 0.000674914950692 0.000934943478774 0.000372095314253 0.000493609722231 0.000574518953895 0.000685538717623 0.001061016779551 0.000383605227767 0.000607472574924 0.001047648400856 0.000902578207691 0.001170384735677 0.000543770914807 0.000479846476496 0.000672813636071 0.000928083522246 0.001122889613274 0.000497997825246 0.000647318134082 0.000773633616824 0.000995524577525 0.001190096649562 0.000671545113596 0.000928385802475 0.001215887764958 0.001233300277051 0.001345987227844 0.000851625788342 0.000888262255031 0.001100583179889 0.001081102036083 0.001313367414662 0.000921153191166 0.001121164055501 0.001072059516787 0.001228655678994 0.001490192154066 0.000618174353083 0.000918563275324 0.001319644680888 0.001353010711611 0.000577282328148 0.000808794418557 0.001320601383891 0.001147409747676 0.000710250162132 0.002129304920330 0.001004929996045 0.001002968011827 0.001170802494382 0.001084970015973 0.000577282328148 0.000797461684936 0.000936397584993 0.001231221482662 0.001139605716072 0.000835424694268 0.000956315526381 0.001021722377274 0.001128175350225 0.000998220501622 0.001071283053786 0.000921025122494 0.001069799306900 0.001037156983271 0.001117340992487 0.001510059415252 0.000596893663350 0.000752340013125 0.001224232580227 0.001026504218656 0.001628474767128 0.000780649786879 0.000875402770569 0.000866292237644 0.000941017389794 0.001343532002520 0.000701070383642 0.000879315615111 0.000865661877129 0.000938496544599 0.001258608625275 0.000607449149769 0.000825388471305 0.000932985247650 0.001046775520623 0.001263729596017 0.000684147108223 0.000722253636440 0.000887260161538 0.001000658558110 0.001142011020504 0.000597409301599 0.000889386560165 0.000778144883847 0.000991753445540 0.001171959593960 0.000331661957414 0.000443624539020 0.000544746146323 0.000600126742749 0.000712904409672 0.000699557759785 0.000816717054795 0.000948716214526 0.001018074120474 0.001278767774470 0.000682623831753 0.000898956981290 0.000966079831937 0.000877332540029 0.001146845777956 0.000240907994674 0.000382602404710 0.000517745377429 0.000715257100926 0.000755190804445 0.000330562799253 0.000438042076505 0.000527407082047 0.000570645712087 0.000732353514442 0.000552891723020 0.000724468307327 0.000806227337516 0.000919514770293 0.001232006528720 
0.000189300432434 0.000405967084285 0.000628293239519 0.000692290913949 0.000854177592055 0.000260451514104 0.000369638992915 0.000419868940490 0.000596174782521 0.000818425271882 0.000341349176570 0.000441086814508 0.000519004340630 0.000611984309818 0.000918048241204 0.000353832621127 0.000541410975913 0.000899325674134 0.000798164707929 0.000994294110005 0.000486970271730 0.000439623826806 0.000598228799222 0.000811373052655 0.000980173307590 0.000443690471888 0.000572732079494 0.000682131759409 0.000862774285671 0.001023426023473 0.000599277582106 0.000811466400920 0.001052681049313 0.001044801759137 0.001174395504213 0.000751921864700 0.000780410093664 0.000959737103145 0.000940475598864 0.001149751045526 0.000801192448841 0.000973315432421 0.000929300752648 0.001056839048311 0.001272543175057 0.000546403425355 0.000805745925061 0.001113754330369 0.001179701729282 0.000593634347197 0.000734088613726 0.001147409747676 0.001006162850963 0.000657592845964 0.001766196770865 0.000872467257196 0.000871981747918 0.001019821301125 0.000956683214437 0.000593634347197 0.000699998462338 0.000813730515105 0.001062545363032 0.000980630929066 0.000739561673470 0.000829260507670 0.000887359085246 0.000968511867774 0.000877084420273 0.000921950396677 0.000799812960265 0.000930050910010 0.000903926152480 0.000971915462657 0.001283868473400 0.000536536029144 0.000668710587265 0.001054955709383 0.000904920857538 0.001376027361902 0.000688259017122 0.000775376923503 0.000774754158791 0.000811409347408 0.001152535757497 0.000622950101905 0.000772668022201 0.000760796946044 0.000820547143627 0.001087403127997 0.000540241475744 0.000722880864853 0.000813902234086 0.000909556362017 0.001085873978297 0.000611821211295 0.000649853598206 0.000773306801657 0.000862943652077 0.000985187700869 0.000517788815932 0.000770529306977 0.000680926160621 0.000859835715988 0.001011269986722 0.000307372675716 0.000406520250231 0.000492733983026 0.000543301867771 0.000636231830676 0.000623132343529 0.000721151522889 0.000828056568682 0.000884801310225 0.001098983299073 0.000614879561894 0.000778095145127 0.000836796477213 0.000770624747624 0.000996290092387 0.000226342342399 0.000350739522273 0.000466112192058 0.000632136263596 0.000664697071789 0.000303489116012 0.000402119620277 0.000474054646149 0.000510571971035 0.000651980915981 0.000495613864130 0.000640312143193 0.000709155094392 0.000804246132703 0.001059475369325 
0.000171962922199 0.000303491791153 0.000455328183115 0.000455116824793 0.000576429996430 0.000217484045922 0.000315687541547 0.000299162124655 0.000405846603236 0.000529571421201 0.000279301599523 0.000319037521409 0.000395970703967 0.000440416278262 0.000553883062563 0.000296382519528 0.000386389644724 0.000515519798643 0.000546639587161 0.000530338350144 0.000356106401941 0.000357668126558 0.000421733273536 0.000521092761128 0.000623856121134 0.000316094965885 0.000393350495815 0.000459750660407 0.000525805609331 0.000593595074408 0.000430485189568 0.000520512823143 0.000637494440998 0.000545943978370 0.000745522849721 0.000510584119268 0.000515623243898 0.000607231162539 0.000586511279994 0.000744196133664 0.000499123171756 0.000599424885793 0.000567094118702 0.000613942041728 0.000704018616577 0.000373259690576 0.000527571809198 0.000565766961105 0.000745808256032 0.000714257434558 0.000572554341417 0.000710250162132 0.000657592845964 0.000559576820541 0.000777382859349 0.000537535411257 0.000541827550367 0.000640934679427 0.000644938803882 0.000714257434558 0.000460125306674 0.000504220644699 0.000630572329910 0.000571151170561 0.000509398113008 0.000507144265802 0.000547890022093 0.000555408094613 0.000579746837139 0.000537396431374 0.000493491830223 0.000577782057446 0.000570036346536 0.000605797495220 0.000688666095311 0.000399632827509 0.000470579008739 0.000620158495231 0.000609265866647 0.000705304472363 0.000463661098858 0.000535636806063 0.000562724263099 0.000478919172056 0.000657680797525 0.000437677423365 0.000510948606130 0.000503570343361 0.000527248819105 0.000649961243382 0.000381336823762 0.000469083908383 0.000516142454734 0.000563249109699 0.000626493280047 0.000444255681653 0.000486344469072 0.000487747685308 0.000509744849391 0.000583264817300 0.000315718828443 0.000468605700486 0.000439697380305 0.000525259863904 0.000599640937609 0.000262617902612 0.000331029072521 0.000378194405756 0.000418726240284 0.000457198835674 0.000443427590069 0.000489880620987 0.000526736406976 0.000548612290266 0.000634771253234 0.000462655486337 0.000470465722230 0.000508238694987 0.000508477331930 0.000616136268088 0.000204253757798 0.000286098276032 0.000349803769346 0.000431535053167 0.000443644818643 0.000249181960970 0.000329999167742 0.000353016876769 0.000371663057941 0.000462617920199 0.000364165104069 0.000437246466389 0.000471596659618 0.000517879377566 0.000614537699261 
0.000192192927544 0.000601789016771 0.000973086733736 0.001207508696049 0.001446639662682 0.000319938149936 0.000433651040210 0.000665151561221 0.000999444217620 0.001452103822982 0.000435965213072 0.000684948841093 0.000746191287257 0.000956809329597 0.001745461902714 0.000431967647626 0.000855875543036 0.001788471228600 0.001328516818335 0.002092393218847 0.000744927706812 0.000567417526029 0.000960812133641 0.001450962076022 0.001769221182285 0.000703006428051 0.000950088716569 0.001156936350540 0.001625064083858 0.002015120587618 0.000939227456969 0.001452987300842 0.001994513093465 0.002231597090638 0.002125459497110 0.001264281943352 0.001353726386357 0.001742840102524 0.001732642651260 0.002039276687679 0.001477569904154 0.001815117040807 0.001748205667604 0.002078101971984 0.002604562460545 0.000912245351913 0.001411588322078 0.002425939824263 0.002144016338135 0.000094512586641 0.001019163580724 0.002129304920330 0.001766196770865 0.000777382859349 0.004195013430106 0.001626411932769 0.001612173455033 0.001864473038236 0.001622176976048 0.000094512586641 0.001221122296040 0.001508572809575 0.002050653612207 0.001923952564886 0.001222569662727 0.001556819419128 0.001650746875600 0.001925396153509 0.001520694752758 0.001807596514121 0.001488883980304 0.001719907627527 0.001646958005580 0.001791495829550 0.002690523124113 0.000799606191405 0.001076457223152 0.002053168316606 0.001536666290669 0.002978895832215 0.001167965348382 0.001277217244673 0.001196277840233 0.001573570249058 0.002300697971289 0.001004825452836 0.001339017149489 0.001317074617298 0.001466600865615 0.002085161603508 0.000866276716370 0.001278704011253 0.001474578247444 0.001687238024596 0.002147727927904 0.000945063524360 0.000961781182706 0.001408728240865 0.001672324613551 0.001905421180514 0.000974808559963 0.001454170882402 0.001210768209872 0.001615913246343 0.001953152217729 0.000360286794917 0.000523839413168 0.000701839383368 0.000768875564075 0.000996656936622 0.000988792294247 0.001211990693463 0.001495523775413 0.001639304811811 0.002171581411614 0.000902802309912 0.001476410147710 0.001581172906721 0.001338729063975 0.001850521095010 0.000233746050651 0.000450533655563 0.000687028469890 0.001056223989226 0.001140013410089 0.000385117735695 0.000510753144825 0.000706714186133 0.000785975997509 0.001038456945164 0.000753102945509 0.001069507213072 0.001221261247356 0.001434256622111 0.002086003629800 
0.000152000863458 0.000342414594404 0.000533554293237 0.000599631960691 0.000736102836976 0.000213944541444 0.000301865516601 0.000357846784968 0.000512876500260 0.000711015711157 0.000281840562751 0.000374732645909 0.000435748530546 0.000520483196045 0.000807672823192 0.000290418936240 0.000461276971845 0.000798015934386 0.000685816297962 0.000892261155138 0.000412736482412 0.000363497403989 0.000510995823208 0.000705874800161 0.000854148438832 0.000378159599214 0.000491837487363 0.000587984421780 0.000757717348069 0.000906389691489 0.000509874374606 0.000706117114130 0.000925518788227 0.000940439374240 0.001023889872082 0.000647186549712 0.000675308302469 0.000837250648675 0.000822595728775 0.000998798957247 0.000700903004370 0.000853224363017 0.000815955585486 0.000935738192605 0.001135595246601 0.000469733222811 0.000698438251514 0.001006584866675 0.001029292287139 0.000432607857318 0.000613186453385 0.001004929996045 0.000872467257196 0.000537535411257 0.001626411932769 0.000764764111789 0.000763182606486 0.000890752245947 0.000824606494649 0.000432607857318 0.000606322632143 0.000712554769167 0.000937438261699 0.000867889934520 0.000634733513889 0.000727840518079 0.000777520605780 0.000859350658816 0.000758900043052 0.000815849352446 0.000700897615446 0.000814038626861 0.000789036625542 0.000850175642310 0.001151144474834 0.000452913437547 0.000571411982958 0.000932230109583 0.000780186123312 0.001242032998501 0.000593321206800 0.000665076973975 0.000657614751450 0.000716530173746 0.001023453589900 0.000532485824259 0.000668497963590 0.000658108540430 0.000713789536893 0.000958201767998 0.000461342569029 0.000627674228199 0.000709730404850 0.000796553945580 0.000962532655823 0.000519348296150 0.000547988573933 0.000674998205428 0.000761935651926 0.000869541197633 0.000454699306306 0.000676952073902 0.000591789401765 0.000754823115935 0.000892326527601 0.000250988448976 0.000336052292730 0.000413121691641 0.000455086451078 0.000541273327208 0.000531226133626 0.000620654187129 0.000721665790940 0.000774699983593 0.000973973020663 0.000517871034853 0.000684289226424 0.000735339607216 0.000667012165310 0.000872719241874 0.000182086099883 0.000289817116133 0.000392804632574 0.000543509355674 0.000574052508618 0.000250364628888 0.000331771592958 0.000400189665622 0.000433168980973 0.000556156831424 0.000419624896378 0.000550506215086 0.000612881139738 0.000699331198405 0.000938308037745 
0.000153622752242 0.000343574076435 0.000534838456839 0.000599392358913 0.000736335911000 0.000215497268743 0.000304318803271 0.000358523140164 0.000513164401582 0.000710431767957 0.000283671939277 0.000375612128069 0.000437514065845 0.000521624195096 0.000805591944058 0.000292561139955 0.000462171390248 0.000795016253764 0.000686318513660 0.000887537690163 0.000413845291886 0.000365783426197 0.000511799238982 0.000705156840682 0.000853080601329 0.000378872896257 0.000492237032019 0.000588150075072 0.000755948935356 0.000903222440237 0.000510963746630 0.000705376347823 0.000923217401210 0.000935073459572 0.001022541159627 0.000647503941872 0.000675129692766 0.000836076596508 0.000821142208522 0.000997987016225 0.000699646047838 0.000851451385221 0.000814077267879 0.000932501882501 0.001130447250068 0.000470043077484 0.000698083700976 0.001000289267344 0.001027827992955 0.000443908458957 0.000616127090235 0.001002968011827 0.000871981747918 0.000541827550367 0.001612173455033 0.000763182606486 0.000761765029657 0.000889351557991 0.000824843897851 0.000443908458957 0.000606078284805 0.000711181780756 0.000934657342189 0.000864939558062 0.000635301630507 0.000726203412410 0.000775953997627 0.000856128332549 0.000758708189069 0.000813090536506 0.000699473358006 0.000812522094121 0.000787863980044 0.000848662141951 0.001145182944655 0.000454393656817 0.000572280160467 0.000929259183575 0.000780383058292 0.001234478875908 0.000593480560913 0.000665728348504 0.000659242830387 0.000714313654980 0.001019503276360 0.000533269752991 0.000668336773099 0.000657966582132 0.000713072839480 0.000955520461294 0.000462085256238 0.000627205885906 0.000708776724049 0.000795006873497 0.000959054166871 0.000520629507103 0.000549863393626 0.000673997952620 0.000759592865047 0.000866913048939 0.000453643676955 0.000675337842469 0.000591271471838 0.000753104944124 0.000889661987339 0.000253032327203 0.000338176593024 0.000414878350239 0.000457084430545 0.000542435838397 0.000532209948745 0.000620965365210 0.000720752979957 0.000773219625024 0.000970477913686 0.000519733213431 0.000682561796468 0.000733562822400 0.000666811623229 0.000870995405741 0.000183977112157 0.000291667381244 0.000394183796626 0.000543857509702 0.000574059269321 0.000252023371027 0.000333963580070 0.000401494759978 0.000434271068548 0.000557138655243 0.000420815104803 0.000550863490669 0.000612827228758 0.000698667976841 0.000935030420256 
0.000182360811681 0.000403954962823 0.000628011640221 0.000701164354088 0.000862191428467 0.000254671071047 0.000360049734522 0.000420689905514 0.000601072979619 0.000830584405071 0.000334903584054 0.000441011519052 0.000514860014948 0.000612319638560 0.000939601686316 0.000345797801410 0.000542345955520 0.000925774935813 0.000804074325398 0.001031346092417 0.000486122057951 0.000431725560702 0.000600288004358 0.000824199201661 0.000996780788231 0.000444565960989 0.000576755155328 0.000688645124112 0.000881991088665 0.001052157644801 0.000599761009262 0.000824420156857 0.001076925449978 0.001085970026651 0.001194678322903 0.000758353465348 0.000789905183843 0.000976711448006 0.000958791254679 0.001166785965871 0.000816899379369 0.000993762082040 0.000949852488497 0.001086318066155 0.001314983460495 0.000550637437944 0.000816493649501 0.001160834171045 0.001200683905828 0.000537378644621 0.000725765521733 0.001170802494382 0.001019821301125 0.000640934679427 0.001864473038236 0.000890752245947 0.000889351557991 0.001038708298084 0.000965789970862 0.000537378644621 0.000708982227857 0.000830218103580 0.001089558904762 0.001007692467060 0.000744466940468 0.000847383306434 0.000905723655386 0.000996950813778 0.000887706431776 0.000947309263581 0.000816433466346 0.000948602725635 0.000920284547370 0.000990906622740 0.001330947699695 0.000534166389383 0.000671178333596 0.001082941185642 0.000913688206801 0.001432950511248 0.000694874111015 0.000780210325490 0.000774159557087 0.000832553675804 0.001187020622087 0.000625386845139 0.000781982065458 0.000769874887817 0.000833466252689 0.001114134628647 0.000542005899022 0.000733357256305 0.000828064318243 0.000928054368711 0.001117013592959 0.000611376513814 0.000646528481976 0.000787285037870 0.000885350376101 0.001010510359800 0.000529290177304 0.000787885179195 0.000691220631170 0.000878741635803 0.001037078842579 0.000299377364326 0.000399158912865 0.000488352673552 0.000538132113206 0.000636711968185 0.000624461599086 0.000727282326877 0.000842146036327 0.000902659279576 0.001130357997709 0.000611243516971 0.000796161768974 0.000855776683388 0.000780134948206 0.001016714322838 0.000218312572192 0.000344291409882 0.000463536090281 0.000637091879934 0.000671902396543 0.000297589193263 0.000394334634518 0.000471976214426 0.000510018242443 0.000653635571820 0.000494408028433 0.000645306218362 0.000717181613966 0.000816690799535 0.001089212391241 
0.000187307446327 0.000391790987790 0.000604174471264 0.000658649773353 0.000814927511932 0.000254810830665 0.000362699569590 0.000402974708469 0.000569314885377 0.000777370720719 0.000333086861001 0.000424060311812 0.000502090464657 0.000588022585046 0.000865907369804 0.000346309487016 0.000519721387739 0.000844143300854 0.000762703066313 0.000927275989827 0.000468761241291 0.000428672717821 0.000573473568875 0.000770078472815 0.000929431429180 0.000425831621405 0.000547453467468 0.000650699871163 0.000814572050677 0.000961680952742 0.000575694079846 0.000770070029013 0.000993255171272 0.000972660416939 0.001113303217594 0.000717849731771 0.000742877592999 0.000909504518865 0.000889957103255 0.001092112125376 0.000758075814456 0.000919885450781 0.000877494723542 0.000993224783218 0.001190602171675 0.000521982302570 0.000766268367819 0.001034394112868 0.001117865856624 0.000613922584962 0.000712058969035 0.001084970015973 0.000956683214437 0.000644938803882 0.001622176976048 0.000824606494649 0.000824843897851 0.000965789970862 0.000912621970990 0.000613922584962 0.000665973907863 0.000769527637246 0.001000606931361 0.000921828328461 0.000707142592064 0.000783198037694 0.000838860296484 0.000909118938709 0.000834940457986 0.000866730622188 0.000756046882980 0.000879754496193 0.000856329161608 0.000919659509772 0.001197919768104 0.000517577722372 0.000640911097336 0.000992563471139 0.000863125632336 0.001278935523954 0.000656511537356 0.000741625915390 0.000745203393995 0.000763713636543 0.001081363582709 0.000596946886589 0.000735574683339 0.000724345053124 0.000778825707213 0.001024718883681 0.000517959039492 0.000686821639990 0.000771481869294 0.000860095153788 0.001019857508418 0.000588465929485 0.000627241320281 0.000732600249273 0.000812280639983 0.000927546439317 0.000488884759145 0.000727331695500 0.000646631913675 0.000811986482373 0.000952244427387 0.000301618659016 0.000396438233566 0.000477019953204 0.000526235815987 0.000611219525789 0.000597974132998 0.000688502627589 0.000785143838607 0.000836791352174 0.001032278205674 0.000593861136795 0.000734057660973 0.000789782459461 0.000733459633271 0.000941987491327 0.000223753351404 0.000342115433049 0.000450040427408 0.000603839308917 0.000633408103455 0.000296273398631 0.000392533992096 0.000457292359255 0.000491222218854 0.000625454973726 0.000477345187194 0.000611668926644 0.000675512352470 0.000763521096347 0.000995560493117 
0.000232957678065 0.000335459785775 0.000483051191795 0.000415136287432 0.000549636807492 0.000272471362781 0.000404367071588 0.000309938683507 0.000392484148402 0.000469489487020 0.000342688109817 0.000337560202749 0.000448911812317 0.000462738035624 0.000425709383459 0.000372481528603 0.000401235230031 0.000348986486084 0.000533727241472 0.000286243828512 0.000382431439785 0.000436208643909 0.000430256728387 0.000455601505709 0.000536192906796 0.000327421916691 0.000385754925984 0.000437481280867 0.000413327753871 0.000414582824765 0.000451152669705 0.000454045394042 0.000494132453157 0.000272292766807 0.000637535889714 0.000491781880143 0.000474453571484 0.000515919182019 0.000484114953169 0.000660149168046 0.000411094470631 0.000481999361445 0.000447070953254 0.000430549399148 0.000429863857697 0.000362973097859 0.000477813116545 0.000249522332239 0.000632666370943 0.001170429651392 0.000666336870584 0.000577282328148 0.000593634347197 0.000714257434558 0.000094512586641 0.000432607857318 0.000443908458957 0.000537378644621 0.000613922584962 0.001170429651392 0.000419611074631 0.000410706873799 0.000466345725451 0.000403223503107 0.000501814677683 0.000401704516037 0.000442957148575 0.000376409440848 0.000533855787247 0.000380157350616 0.000398391105484 0.000473148014985 0.000481184100984 0.000499492606995 0.000379346825255 0.000439658272379 0.000478832390788 0.000448159049042 0.000578750348376 0.000324136963606 0.000440859750089 0.000530062313917 0.000598809380027 0.000349549030029 0.000439738376128 0.000444307253658 0.000470854337686 0.000464806298835 0.000461416890264 0.000488911876000 0.000389765028209 0.000418037802755 0.000440494633054 0.000458194532705 0.000431529112389 0.000472561099996 0.000538317622729 0.000411860226914 0.000372776538726 0.000428876440822 0.000248457731352 0.000366666324125 0.000388341540686 0.000415049921747 0.000442579847267 0.000336523404118 0.000404099456442 0.000431886717418 0.000480530721401 0.000479394964137 0.000458569906420 0.000472136573165 0.000452222083080 0.000447465856329 0.000438535050416 0.000515593625236 0.000363375847412 0.000396520972611 0.000466793526797 0.000499817576994 0.000275127386339 0.000349886159174 0.000388549755565 0.000419194638058 0.000415352172841 0.000306837705270 0.000406143977657 0.000388264069278 0.000396686737009 0.000476434917006 0.000393588179838 0.000424943316388 0.000438806215081 0.000455027816232 0.000429270938050 
0.000132676184038 0.000283209291956 0.000438016411250 0.000481688242785 0.000594628927989 0.000182156889045 0.000258663863511 0.000292609053837 0.000415093798824 0.000569279498819 0.000238619590117 0.000307492336106 0.000362227572561 0.000426583909904 0.000637761360226 0.000247485297908 0.000377325102894 0.000624206313630 0.000555798337718 0.000689319212141 0.000339557479990 0.000307276884788 0.000416817590815 0.000564294762444 0.000681577738390 0.000309209597553 0.000398841717909 0.000474848905497 0.000599469781280 0.000710482817634 0.000417710735888 0.000564346714798 0.000731338097872 0.000724105172605 0.000816593420302 0.000523508466162 0.000543052795389 0.000667293799122 0.000653728552490 0.000799747571344 0.000556901574691 0.000676402299736 0.000645708563933 0.000733698410604 0.000882734452955 0.000380466145658 0.000560585770588 0.000771564609823 0.000820220513197 0.000419611074631 0.000512593957349 0.000797461684936 0.000699998462338 0.000460125306674 0.001221122296040 0.000606322632143 0.000606078284805 0.000708982227857 0.000665973907863 0.000419611074631 0.000487049882406 0.000565561673076 0.000737929836922 0.000680821797170 0.000515049040751 0.000576219592996 0.000616695642869 0.000672231883998 0.000610329243414 0.000640090281612 0.000555845984288 0.000646437148126 0.000628450944808 0.000675576034001 0.000890152389612 0.000374266546463 0.000465908911909 0.000732539097717 0.000629924919694 0.000953384758072 0.000479109797742 0.000540023482756 0.000540147490915 0.000563464735992 0.000799894499306 0.000434012156820 0.000537674361536 0.000529423231717 0.000570680524404 0.000755287353803 0.000376424547798 0.000502847878322 0.000565920502586 0.000632155793448 0.000753768103094 0.000426550420049 0.000453359236370 0.000537640057210 0.000599259839906 0.000684177156065 0.000359771433683 0.000535356537055 0.000473619677253 0.000597453251505 0.000702309299632 0.000215093694070 0.000284144947851 0.000343938697239 0.000379270983708 0.000443472130103 0.000434253077567 0.000502089183138 0.000575795051599 0.000614964692542 0.000762882526217 0.000429010571392 0.000540557649891 0.000581384804151 0.000536229810909 0.000692420395454 0.000158610445397 0.000245165922559 0.000325194844314 0.000440156885650 0.000462623915446 0.000212170977303 0.000281120801230 0.000330680409058 0.000355980102953 0.000454330152309 0.000345619759503 0.000445852391888 0.000493531462454 0.000559365764879 0.000735509678157 
0.000142835792091 0.000320207294468 0.000498623580123 0.000559322074700 0.000686948740237 0.000200587550292 0.000283183706422 0.000334303553961 0.000478707144545 0.000663030466541 0.000264110679502 0.000350185625812 0.000407669562002 0.000486338309132 0.000752277160483 0.000272309057556 0.000430943054511 0.000742691991588 0.000640198552441 0.000829546353042 0.000385787709504 0.000340583157005 0.000477275065688 0.000658149988672 0.000796274129288 0.000353279052297 0.000459147078097 0.000548708255463 0.000705862979142 0.000843702616465 0.000476407694616 0.000658361799895 0.000862092467394 0.000874095784671 0.000954471460497 0.000604040330246 0.000629968219444 0.000780441580947 0.000766593255385 0.000931396937132 0.000653173837349 0.000794970621919 0.000760131966273 0.000871042301043 0.001056317616730 0.000438467097495 0.000651438941669 0.000935229374553 0.000959439714339 0.000410706873799 0.000573959156955 0.000936397584993 0.000813730515105 0.000504220644699 0.001508572809575 0.000712554769167 0.000711181780756 0.000830218103580 0.000769527637246 0.000410706873799 0.000565561673076 0.000663972613401 0.000872913521112 0.000807917087406 0.000592578246767 0.000678069308954 0.000724466229526 0.000799779520486 0.000707953172980 0.000759481777211 0.000653064101977 0.000758569822191 0.000735457538436 0.000792288484336 0.001070316286137 0.000423506292838 0.000533685427635 0.000867935263369 0.000728056961448 0.001154120871047 0.000553683670645 0.000620941582992 0.000614590420247 0.000667153834025 0.000952436153397 0.000497313592846 0.000623624900246 0.000613943338094 0.000665535431367 0.000892348750123 0.000430909295501 0.000585343070978 0.000661599837812 0.000742237051693 0.000895890653295 0.000485367171732 0.000512460804545 0.000629164655309 0.000709439285806 0.000809659428616 0.000423585461687 0.000630603398609 0.000551830570478 0.000703194030063 0.000830895951040 0.000235457861166 0.000314874947057 0.000386552584101 0.000425857817020 0.000505749499545 0.000496263370503 0.000579281064800 0.000672761438713 0.000721888496906 0.000906554407159 0.000484352454832 0.000637378303796 0.000684978731935 0.000622213983574 0.000813190600921 0.000171074525302 0.000271564830497 0.000367359986067 0.000507326095954 0.000535609977456 0.000234634778747 0.000310923306780 0.000374204054282 0.000404847548880 0.000519523106097 0.000392265721349 0.000513860054474 0.000571800116223 0.000652078898445 0.000873414179870 
0.000176169140804 0.000409935773708 0.000641506312353 0.000729776157307 0.000893102542227 0.000251789923930 0.000353887448863 0.000431218073413 0.000621607334055 0.000866906684273 0.000332818905181 0.000450668472637 0.000520153845342 0.000626376258669 0.000992188209358 0.000341611490547 0.000555736768373 0.000985272897695 0.000830596046625 0.001108813474007 0.000495638684732 0.000429643777651 0.000616619571216 0.000861363407200 0.001043342152245 0.000455703341780 0.000595460741745 0.000713500283500 0.000929856786474 0.001117819638249 0.000613757803441 0.000861777381626 0.001136520712858 0.001170715731399 0.001251041306300 0.000784632052720 0.000821398977891 0.001023369148271 0.001007029476650 0.001217742927924 0.000858148910926 0.001045916502988 0.001001189280448 0.001153838532189 0.001406676860957 0.000569075518175 0.000850423054808 0.001255953213444 0.001258210939378 0.000466345725451 0.000729570123783 0.001231221482662 0.001062545363032 0.000630572329910 0.002050653612207 0.000937438261699 0.000934657342189 0.001089558904762 0.001000606931361 0.000466345725451 0.000737929836922 0.000872913521112 0.001153516408930 0.001069907471353 0.000768187748712 0.000892869634536 0.000952858596034 0.001060958553470 0.000923027795003 0.001005676667875 0.000859019522716 0.000996963442048 0.000964784380960 0.001040852033855 0.001429833678662 0.000542504177926 0.000689682343774 0.001148184994425 0.000946850792935 0.001548608212595 0.000720017211031 0.000804616866072 0.000790429811817 0.000882166051052 0.001264151447734 0.000642830913733 0.000813033460936 0.000800310047527 0.000870972760951 0.001178220659423 0.000556611992344 0.000765045260417 0.000867283642723 0.000975880631690 0.001187662078775 0.000624262286258 0.000655946360042 0.000825330103652 0.000937993239208 0.001070224224524 0.000557969370490 0.000830923037929 0.000721707153725 0.000926077040106 0.001098097951057 0.000294221133200 0.000397147382014 0.000492710018388 0.000542429652229 0.000651522338889 0.000640252453973 0.000752429268702 0.000881570201263 0.000948979488111 0.001201648622551 0.000619421480290 0.000840430775699 0.000902712954378 0.000811434618037 0.001069344061073 0.000211310036925 0.000342410946899 0.000470005111370 0.000658508667189 0.000697406847791 0.000295482495411 0.000391591684570 0.000479365868817 0.000520498292083 0.000670552323991 0.000503580954780 0.000666961643055 0.000744899605468 0.000853126299160 0.001157177327716 
0.000158570447432 0.000375154529311 0.000588328756615 0.000673294299510 0.000822737873153 0.000228443093519 0.000320434389646 0.000395913271108 0.000572336313577 0.000800517794780 0.000302480398299 0.000413363868673 0.000475326567024 0.000574719277832 0.000919538467442 0.000309852158527 0.000510183631347 0.000915331951172 0.000764482438516 0.001033283091274 0.000454277543220 0.000390663492415 0.000566521920201 0.000795724096996 0.000964303049053 0.000418397326738 0.000547970164861 0.000657334391106 0.000861342180714 0.001037912829118 0.000563209050154 0.000796159530988 0.001053108727463 0.001091862466550 0.001156428986122 0.000722547645481 0.000757610948157 0.000946142002286 0.000931739116248 0.001124466881302 0.000794032824492 0.000968340174516 0.000927357904870 0.001071279060187 0.001308864045384 0.000523859152139 0.000784781377274 0.001172630757224 0.001163310916045 0.000403223503107 0.000665599536288 0.001139605716072 0.000980630929066 0.000571151170561 0.001923952564886 0.000867889934520 0.000864939558062 0.001007692467060 0.000921828328461 0.000403223503107 0.000680821797170 0.000807917087406 0.001069907471353 0.000993234212159 0.000706797139825 0.000826936485865 0.000882069692233 0.000985626595909 0.000851326600796 0.000933572339048 0.000795230182139 0.000922608651910 0.000892133540998 0.000963059275926 0.001332130477631 0.000496603051898 0.000633720481197 0.001065441202269 0.000872369855460 0.001445378550089 0.000663356749394 0.000740182084482 0.000724799185041 0.000818436930197 0.001174653642584 0.000590730283978 0.000749858264962 0.000738084067778 0.000804579300393 0.001092445498004 0.000511348498694 0.000706346173824 0.000801737805434 0.000903245972152 0.001103030090706 0.000572439679776 0.000600246162022 0.000763173715585 0.000870198027138 0.000992765800379 0.000516843498058 0.000769778332697 0.000666512865669 0.000857739340428 0.001018546489951 0.000266398381149 0.000361089007016 0.000450048996987 0.000495312523778 0.000597848900591 0.000587881686097 0.000692876847116 0.000814811124468 0.000878290283061 0.001115962509179 0.000566606296887 0.000778809971534 0.000836339963893 0.000748477268316 0.000989820412511 0.000190329260362 0.000311278047305 0.000430009778082 0.000606210848925 0.000642873954324 0.000268469998781 0.000355807873925 0.000438813588641 0.000477209714600 0.000615817686342 0.000461406870640 0.000613981522481 0.000686797334244 0.000788001718921 0.001074454337550 
0.000148822742754 0.000306057485052 0.000470785014152 0.000509389547535 0.000631493742353 0.000200924244510 0.000286566988291 0.000313583707902 0.000441459805608 0.000600500474703 0.000262181730839 0.000330385176096 0.000392876278807 0.000457943988618 0.000665539473952 0.000273147878148 0.000404484571572 0.000646534901246 0.000591690594852 0.000706858134382 0.000365531935656 0.000337253733688 0.000445888174123 0.000594540359187 0.000717097126025 0.000331366989553 0.000424795613123 0.000504184506992 0.000626526290952 0.000737144094271 0.000448277766020 0.000594480353870 0.000763619946436 0.000740490309150 0.000858799057996 0.000556530171233 0.000574744861050 0.000701419960260 0.000685630442093 0.000843650517359 0.000583983840175 0.000708053157993 0.000674985716809 0.000761404606433 0.000909739841224 0.000404864618389 0.000592442401201 0.000786107311580 0.000862060656433 0.000501814677683 0.000558196621585 0.000835424694268 0.000739561673470 0.000509398113008 0.001222569662727 0.000634733513889 0.000635301630507 0.000744466940468 0.000707142592064 0.000501814677683 0.000515049040751 0.000592578246767 0.000768187748712 0.000706797139825 0.000548828096330 0.000602543191084 0.000645804264392 0.000696319502450 0.000645992321395 0.000664587527068 0.000582020749170 0.000677583477450 0.000660252909578 0.000708486539027 0.000913498168006 0.000404198203987 0.000498252654351 0.000761514754356 0.000668725804506 0.000972489955823 0.000508669348454 0.000575721561644 0.000580781142866 0.000586099276797 0.000827971064814 0.000464016408783 0.000569131512727 0.000560482200946 0.000601315753653 0.000787089653123 0.000402764380548 0.000530665005241 0.000595074301469 0.000662290884260 0.000781456898808 0.000458615952045 0.000490028951249 0.000564861516111 0.000623405645435 0.000711979738349 0.000376038053892 0.000559343007392 0.000499432365345 0.000624642230991 0.000731016527971 0.000238316057234 0.000311917454378 0.000373444941763 0.000412115448807 0.000475954359445 0.000465280350436 0.000533793978496 0.000605747722853 0.000644404611966 0.000791034507795 0.000464155130427 0.000564285121126 0.000607313635819 0.000567401706965 0.000725280590210 0.000177671451234 0.000269216270632 0.000351671395187 0.000468331159368 0.000490424070163 0.000233274652628 0.000309053328193 0.000357112464475 0.000382906305059 0.000486552375774 0.000372368777160 0.000474414526326 0.000522880515631 0.000589591719640 0.000763116160214 
0.000143071783367 0.000324348520547 0.000505832734766 0.000569859420536 0.000699121309153 0.000201976350005 0.000284763396057 0.000339406235229 0.000487006692593 0.000675959086998 0.000266250088807 0.000355281309241 0.000412519883951 0.000493532513949 0.000769014833874 0.000274144419884 0.000437487920416 0.000760595253270 0.000651127008366 0.000851545976952 0.000391197372054 0.000343452332517 0.000484796591124 0.000671185191238 0.000812335553251 0.000358673481746 0.000466927501488 0.000558461162585 0.000721299465601 0.000863690173111 0.000483496320734 0.000671434126941 0.000881152025139 0.000897843948722 0.000973824083100 0.000614579763247 0.000641703396417 0.000796369546942 0.000782676615612 0.000949546321678 0.000666904590927 0.000812036832079 0.000776717252697 0.000891628570988 0.001083067029688 0.000446001665442 0.000663821830616 0.000961447119083 0.000979051421368 0.000401704516037 0.000580124364260 0.000956315526381 0.000829260507670 0.000507144265802 0.001556819419128 0.000727840518079 0.000726203412410 0.000847383306434 0.000783198037694 0.000401704516037 0.000576219592996 0.000678069308954 0.000892869634536 0.000826936485865 0.000602543191084 0.000692808016695 0.000739947212355 0.000819047366397 0.000721128137320 0.000777339529895 0.000667036884596 0.000774598949389 0.000750564083812 0.000808927362263 0.001098507313478 0.000429061241993 0.000542139985845 0.000888077846122 0.000741031015440 0.001186161351285 0.000563536391325 0.000631301714356 0.000623410230388 0.000682538861549 0.000975546441361 0.000505228537264 0.000635219127900 0.000625333167038 0.000678703316353 0.000912513572680 0.000437674864093 0.000596688024937 0.000675041705156 0.000758013228292 0.000917282773429 0.000492339172248 0.000519060458853 0.000642083657674 0.000725778704987 0.000828240556547 0.000432840683039 0.000644444166423 0.000562637435126 0.000718508620337 0.000849916976240 0.000236765410815 0.000317511746610 0.000391031215278 0.000430700384907 0.000513265894548 0.000503867627939 0.000589378580274 0.000686346997386 0.000737196722174 0.000928165003214 0.000490458563775 0.000651507587386 0.000700047030718 0.000633839910738 0.000830517002885 0.000171432327456 0.000273812463395 0.000372039650390 0.000516059042756 0.000545356067282 0.000236489102015 0.000313389399469 0.000379116420214 0.000410614184505 0.000527553936139 0.000397674648813 0.000522698710229 0.000582293893656 0.000664923676578 0.000894103904396 
0.000155033747907 0.000348606001990 0.000543067557000 0.000609891033432 0.000748832235933 0.000218025807084 0.000307691420605 0.000364179677823 0.000521777900690 0.000723103407683 0.000287162020447 0.000381408360145 0.000443702076151 0.000529734702533 0.000821039543396 0.000295967901002 0.000469446090927 0.000810980380435 0.000697749333889 0.000906404829184 0.000420125223965 0.000370341117609 0.000519997302965 0.000717839581123 0.000868575355520 0.000384851599646 0.000500405456490 0.000598147141965 0.000770304534618 0.000921176371409 0.000518930021877 0.000718080206050 0.000940857173338 0.000955247211383 0.001041166148493 0.000658407219527 0.000686885557449 0.000851359437903 0.000836380480732 0.001015781288841 0.000712643730625 0.000867454206348 0.000829516908601 0.000951012264555 0.001153818019591 0.000477897698273 0.000710368406511 0.001022292314660 0.001046631851928 0.000442957148575 0.000624495905197 0.001021722377274 0.000887359085246 0.000547890022093 0.001650746875600 0.000777520605780 0.000775953997627 0.000905723655386 0.000838860296484 0.000442957148575 0.000616695642869 0.000724466229526 0.000952858596034 0.000882069692233 0.000645804264392 0.000739947212355 0.000790500487051 0.000873313570990 0.000771912643830 0.000829182624643 0.000712595265079 0.000827659907786 0.000802315935128 0.000864419678614 0.001169425857564 0.000461089113905 0.000581469961146 0.000947511985711 0.000793664981640 0.001261469541616 0.000603574163237 0.000676691375416 0.000669351656283 0.000728293332765 0.001040053939529 0.000541852174854 0.000679962477101 0.000669399176463 0.000725890867488 0.000974005068814 0.000469473833531 0.000638357184292 0.000721700984164 0.000809866440622 0.000978205681751 0.000528616293194 0.000557902029545 0.000686359022071 0.000774447870913 0.000883832164776 0.000462254196165 0.000688188773005 0.000601841981827 0.000767373396252 0.000907000317077 0.000255833489172 0.000342382081265 0.000420683512227 0.000463432554299 0.000550888192380 0.000540622158825 0.000631416595663 0.000733852297985 0.000787653477128 0.000989838684114 0.000527262871247 0.000695623126161 0.000747539485769 0.000678440995410 0.000887297249239 0.000185705944430 0.000295280716129 0.000399919775851 0.000552953477378 0.000583934614563 0.000255099980852 0.000338045094220 0.000407412886827 0.000440907671733 0.000565981442500 0.000427153112105 0.000560073107578 0.000623415960907 0.000711197417000 0.000953615727951 
0.000153382909084 0.000367964580688 0.000578067275614 0.000664795480608 0.000811354433762 0.000222457658340 0.000311516100687 0.000389364384628 0.000564178705002 0.000790980784498 0.000294981435893 0.000406197324256 0.000465654034552 0.000564910548112 0.000911260314493 0.000301665122472 0.000501701197521 0.000908853894637 0.000753362785511 0.001028508740412 0.000446131586361 0.000381128794832 0.000557463034125 0.000786505237173 0.000953506551645 0.000411479314511 0.000539924652004 0.000648278517491 0.000853244784402 0.001030122756761 0.000553651389994 0.000786978174749 0.001043472909414 0.001087528670489 0.001143610728567 0.000712336502706 0.000747875082126 0.000935788642355 0.000922107802971 0.001111054713712 0.000785859631515 0.000958828555147 0.000918591245184 0.001063176368583 0.001301230829188 0.000516304532322 0.000775018179102 0.001168987698560 0.001150620548991 0.000376409440848 0.000651166010881 0.001128175350225 0.000968511867774 0.000555408094613 0.001925396153509 0.000859350658816 0.000856128332549 0.000996950813778 0.000909118938709 0.000376409440848 0.000672231883998 0.000799779520486 0.001060958553470 0.000985626595909 0.000696319502450 0.000819047366397 0.000873313570990 0.000978636389024 0.000840369619639 0.000926394484375 0.000787358652978 0.000913218374415 0.000882495730258 0.000953125318482 0.001325732185475 0.000487189193058 0.000623645033129 0.001056912366603 0.000860394998825 0.001440497465194 0.000654232746498 0.000729102436733 0.000712070029480 0.000811760737615 0.001166531636889 0.000581386460550 0.000740192429442 0.000728538300398 0.000795240285848 0.001083007768635 0.000503138604828 0.000697842039108 0.000792886442445 0.000894171157638 0.001094964892199 0.000562395101118 0.000588704960097 0.000754923595980 0.000863073195391 0.000984552729591 0.000511974266924 0.000762605896103 0.000658632577306 0.000849594483592 0.001010059662378 0.000258975856310 0.000352254595156 0.000440729463242 0.000484932964735 0.000587691750345 0.000578196300626 0.000683072070991 0.000805708325860 0.000869420694226 0.001107756877717 0.000555536443774 0.000771732313989 0.000828590946709 0.000738904498628 0.000979929857579 0.000184208508540 0.000303626235207 0.000421673327724 0.000597488389946 0.000634312004733 0.000261751027213 0.000346915202431 0.000430500668965 0.000468771559530 0.000605764580282 0.000453011586725 0.000605138411524 0.000677766452189 0.000778781644664 0.001066387833865 
0.000167437029848 0.000355802184427 0.000549934465574 0.000603611930282 0.000745509026680 0.000229411067174 0.000325938470480 0.000367247217204 0.000520506361901 0.000713164112211 0.000300379571502 0.000386044673667 0.000455271847488 0.000535504296452 0.000797958799767 0.000311709388984 0.000473588003379 0.000780326678463 0.000697024123465 0.000860740143474 0.000426397274683 0.000386756418248 0.000523026918041 0.000706822374235 0.000853588212427 0.000388081198199 0.000500212883411 0.000595321942471 0.000750179770102 0.000888354256283 0.000524346049450 0.000706871574855 0.000915100010595 0.000903894666573 0.001022629536614 0.000656420899167 0.000680572801249 0.000835609658780 0.000818411025095 0.001001888542452 0.000697179039458 0.000846608774988 0.000808061732331 0.000917405976081 0.001102882973236 0.000477117147205 0.000702426953936 0.000962734446405 0.001027095289945 0.000533855787247 0.000644571048157 0.000998220501622 0.000877084420273 0.000579746837139 0.001520694752758 0.000758900043052 0.000758708189069 0.000887706431776 0.000834940457986 0.000533855787247 0.000610329243414 0.000707953172980 0.000923027795003 0.000851326600796 0.000645992321395 0.000721128137320 0.000771912643830 0.000840369619639 0.000764892204976 0.000800404801087 0.000695739113396 0.000809227523040 0.000786922496330 0.000845754202782 0.001111613224769 0.000470163116809 0.000584606358639 0.000916138064063 0.000789726078081 0.001189761087588 0.000600658423221 0.000677355017721 0.000678192225180 0.000704735928177 0.000999882037661 0.000544566095992 0.000673843283712 0.000663514208876 0.000714827582001 0.000944854361217 0.000472353276696 0.000629975117771 0.000708695641788 0.000791305032624 0.000942393578162 0.000535560190022 0.000569578449165 0.000673214594952 0.000749515686415 0.000855757348718 0.000450223910627 0.000669923708542 0.000593303987692 0.000747687190923 0.000878459947145 0.000271039024982 0.000357648466751 0.000432341192801 0.000476797413362 0.000556688099369 0.000545007608044 0.000629568247705 0.000721101568102 0.000769803163481 0.000953806585391 0.000539049434759 0.000676364103756 0.000727505046812 0.000672005122047 0.000866721193836 0.000200132565286 0.000308598352503 0.000408582933976 0.000551964113085 0.000579887438161 0.000267106666857 0.000353905053236 0.000415407192638 0.000446977759764 0.000570172121297 0.000434052946479 0.000559109595860 0.000618586604833 0.000700682258714 0.000919647502173 
0.000149238768894 0.000352829735982 0.000553268980962 0.000633013320293 0.000773564764171 0.000214927072051 0.000301501064252 0.000372302594553 0.000538140737270 0.000752597820684 0.000284563149116 0.000388728522134 0.000447068100954 0.000540460037228 0.000864363482247 0.000291522842589 0.000479760440956 0.000860323596702 0.000718817512199 0.000971062717412 0.000427217000382 0.000367515445925 0.000532721639840 0.000748078373944 0.000906545018644 0.000393445655761 0.000515241849095 0.000618045159527 0.000809675844508 0.000975559412410 0.000529633279986 0.000748485664428 0.000989926691693 0.001026080048454 0.001087157059630 0.000679373083984 0.000712293989438 0.000889460076579 0.000875892572633 0.001057155686469 0.000746438428280 0.000910275597263 0.000871734081346 0.001006924168201 0.001230126407603 0.000492564239099 0.000737823538575 0.001101932995612 0.001093616813431 0.000380157350616 0.000626072495601 0.001071283053786 0.000921950396677 0.000537396431374 0.001807596514121 0.000815849352446 0.000813090536506 0.000947309263581 0.000866730622188 0.000380157350616 0.000640090281612 0.000759481777211 0.001005676667875 0.000933572339048 0.000664587527068 0.000777339529895 0.000829182624643 0.000926394484375 0.000800404801087 0.000877495576801 0.000747548733510 0.000867302231617 0.000838681117713 0.000905334438300 0.001251926484172 0.000467046021558 0.000595908125560 0.001001459898387 0.000820225721363 0.001358255873162 0.000623706835967 0.000695983950848 0.000681611096724 0.000769294660100 0.001104051618383 0.000555480692452 0.000705006478275 0.000693938082335 0.000756404207474 0.001026876263477 0.000480841637176 0.000664067762082 0.000753710720206 0.000849094498840 0.001036754306981 0.000538329699983 0.000564528372990 0.000717448221738 0.000817949096514 0.000933161707742 0.000485841913455 0.000723601194775 0.000626611658094 0.000806293073847 0.000957397508877 0.000250658247931 0.000339694389763 0.000423301153336 0.000465880497676 0.000562208639006 0.000552820891702 0.000651475841975 0.000766006111678 0.000825637169859 0.001048911911266 0.000532898796065 0.000732082338370 0.000786167832307 0.000703704420797 0.000930475990139 0.000179123466695 0.000292836498259 0.000404425277233 0.000569995351668 0.000604434686630 0.000252570410843 0.000334735289763 0.000412695830595 0.000448777348460 0.000579086307667 0.000433927558933 0.000577302229723 0.000645726113902 0.000740822803916 0.001009905766978 
0.000139610458454 0.000314111723288 0.000489370558088 0.000549712635523 0.000674904929798 0.000196390370135 0.000277138546786 0.000328184447913 0.000470256786825 0.000651776712996 0.000258681965562 0.000343697448034 0.000399776423725 0.000477364377480 0.000740158616731 0.000266595431933 0.000423044723118 0.000731161087730 0.000628843766600 0.000817296193114 0.000378575781191 0.000333617232716 0.000468613336461 0.000647042461063 0.000782926787936 0.000346813281984 0.000450985447083 0.000539097525427 0.000694407765845 0.000830493264126 0.000467629985893 0.000647261043879 0.000848166738420 0.000861365926655 0.000938503873297 0.000593398563111 0.000619103221705 0.000767418036566 0.000753938429240 0.000915584313675 0.000642399797903 0.000781969092038 0.000747784098398 0.000857389520708 0.001040321449875 0.000430705923338 0.000640281483149 0.000921863275968 0.000943438764877 0.000398391105484 0.000562637891521 0.000921025122494 0.000799812960265 0.000493491830223 0.001488883980304 0.000700897615446 0.000699473358006 0.000816433466346 0.000756046882980 0.000398391105484 0.000555845984288 0.000653064101977 0.000859019522716 0.000795230182139 0.000582020749170 0.000667036884596 0.000712595265079 0.000787358652978 0.000695739113396 0.000747548733510 0.000642368642167 0.000746083296075 0.000723215029633 0.000779214644904 0.001054449703246 0.000415468720565 0.000524013785076 0.000854214849922 0.000715315382527 0.001137527903241 0.000543989370513 0.000609853063914 0.000603164647783 0.000656576626850 0.000937696228142 0.000488312588225 0.000612862146216 0.000603340004989 0.000654298989748 0.000878071377156 0.000423081088030 0.000575386299370 0.000650540392104 0.000730048333379 0.000881917076059 0.000476345857284 0.000502696641990 0.000618690173998 0.000698185159102 0.000796794572346 0.000416708674589 0.000620385298408 0.000542478865682 0.000691762169615 0.000817678749232 0.000230429654522 0.000308429866039 0.000379030460174 0.000417542096990 0.000496428404001 0.000487189008953 0.000569072383181 0.000661489309379 0.000710022797738 0.000892403143560 0.000475082519737 0.000627094355246 0.000673890257612 0.000611493781354 0.000799849944222 0.000167235154555 0.000265997930511 0.000360344371723 0.000498350818088 0.000526299673336 0.000229797379722 0.000304515872385 0.000367103457299 0.000397307501497 0.000510045476576 0.000384903921155 0.000504767056752 0.000561888747453 0.000641051781176 0.000859739114663 
0.000163805524599 0.000366416510256 0.000570411588656 0.000639305947995 0.000785353863105 0.000229801510467 0.000324511553561 0.000382374350483 0.000547322303177 0.000757747852481 0.000302507400658 0.000400595435745 0.000466594009000 0.000556321531157 0.000859285470028 0.000311979759772 0.000492917304120 0.000848031304884 0.000731998849358 0.000946760829489 0.000441367722288 0.000390073093583 0.000545851861759 0.000752125466520 0.000909907597797 0.000404077940534 0.000524998495831 0.000627303854457 0.000806328562140 0.000963446420286 0.000544952762324 0.000752360224739 0.000984748458525 0.000997479410016 0.001090658497827 0.000690605203244 0.000720084090240 0.000891774448928 0.000875853545185 0.001064454584805 0.000746262814126 0.000908189590340 0.000868330084237 0.000994677183886 0.001205854896448 0.000501329394753 0.000744571262178 0.001067063163528 0.001096300548690 0.000473148014985 0.000657066100938 0.001069799306900 0.000930050910010 0.000577782057446 0.001719907627527 0.000814038626861 0.000812522094121 0.000948602725635 0.000879754496193 0.000473148014985 0.000646437148126 0.000758569822191 0.000996963442048 0.000922608651910 0.000677583477450 0.000774598949389 0.000827659907786 0.000913218374415 0.000809227523040 0.000867302231617 0.000746083296075 0.000866661271438 0.000840351848787 0.000905207400351 0.001221594383135 0.000484605388106 0.000610357730815 0.000991211182797 0.000832334630957 0.001316879990411 0.000632989414148 0.000710033650087 0.000703089073777 0.000761933755764 0.001087490964940 0.000568752403492 0.000712838419088 0.000701777255142 0.000760568468825 0.001019212825156 0.000492829670141 0.000668977653889 0.000755992936714 0.000847980758504 0.001023004050030 0.000555256704656 0.000586420384738 0.000718899931697 0.000810231131269 0.000924704542481 0.000483876249666 0.000720346165819 0.000630652148949 0.000803293818816 0.000948969096529 0.000269821905179 0.000360632740574 0.000442451479412 0.000487460860240 0.000578518191008 0.000567616459882 0.000662299889975 0.000768765418270 0.000824741076399 0.001035188841486 0.000554284522192 0.000728054242259 0.000782452239397 0.000711212824655 0.000929033459316 0.000196173334216 0.000311034643425 0.000420389640249 0.000580057243971 0.000612279332549 0.000268756522737 0.000356137340621 0.000428189426967 0.000463153612910 0.000594204948563 0.000448799306087 0.000587529421077 0.000653630114561 0.000745203053360 0.000997375221848 
0.000162357595334 0.000358618662735 0.000557310539980 0.000621521946369 0.000764481197676 0.000226435676449 0.000320239856004 0.000373251378025 0.000533007620631 0.000736115109505 0.000297684004950 0.000391353351297 0.000457198083252 0.000543338279572 0.000832133859202 0.000307473471307 0.000481198527657 0.000819488084719 0.000713070528451 0.000912355958464 0.000431443201205 0.000383714094815 0.000532529141116 0.000730397726245 0.000883253767561 0.000394434473194 0.000511495545714 0.000610593859053 0.000781190511119 0.000931463030249 0.000532182547161 0.000730583995846 0.000953786357316 0.000960512266883 0.001058582976264 0.000672458365247 0.000700221583953 0.000865416327389 0.000849411151818 0.001034081191312 0.000723698657062 0.000880280076881 0.000841307233522 0.000961719102719 0.001163637924908 0.000488302837339 0.000723719593578 0.001026491542462 0.001063858522097 0.000481184100984 0.000644673755022 0.001037156983271 0.000903926152480 0.000570036346536 0.001646958005580 0.000789036625542 0.000787863980044 0.000920284547370 0.000856329161608 0.000481184100984 0.000628450944808 0.000735457538436 0.000964784380960 0.000892133540998 0.000660252909578 0.000750564083812 0.000802315935128 0.000882495730258 0.000786922496330 0.000838681117713 0.000723215029633 0.000840351848787 0.000815391188947 0.000877857994974 0.001177447999341 0.000474193960107 0.000595404861054 0.000958837242016 0.000810120845435 0.001267207664959 0.000616113561478 0.000691976619500 0.000687024240248 0.000737172353556 0.001050696609562 0.000554772504627 0.000693204625851 0.000682479020407 0.000738614038724 0.000986614207844 0.000480833046751 0.000649966344026 0.000733724948557 0.000822121652685 0.000988830321556 0.000542561286717 0.000573975939869 0.000697552098598 0.000783926440876 0.000894767684317 0.000468801279808 0.000697825179358 0.000612588856923 0.000778330873901 0.000918306840581 0.000266277577683 0.000354773650776 0.000433694037985 0.000477928199116 0.000564972573492 0.000554036533289 0.000644909371342 0.000746226450383 0.000799635568142 0.001000653903517 0.000542688432516 0.000705115110201 0.000757946383615 0.000691550450183 0.000900649302516 0.000194344441348 0.000306014826278 0.000411533463236 0.000564965887179 0.000595683434799 0.000264529807498 0.000350525197882 0.000418984881561 0.000452625724320 0.000579900118270 0.000438823530841 0.000572252223837 0.000635800504915 0.000723764179474 0.000964267666698 
0.000171925124500 0.000383500412366 0.000596778988783 0.000668124282890 0.000820986174835 0.000240876630376 0.000340265056592 0.000399969063551 0.000572209712817 0.000791774167289 0.000316993610688 0.000419103268287 0.000488474939968 0.000581988910604 0.000897251269284 0.000327030353972 0.000515608428087 0.000885086403203 0.000765334933586 0.000987529229912 0.000461820371008 0.000408719587371 0.000570898044073 0.000785838847446 0.000950606342993 0.000422670697649 0.000548924738762 0.000655756309004 0.000842035079124 0.001005649817429 0.000570083240818 0.000786074259076 0.001028294000327 0.001040261613871 0.001139411901550 0.000721987809830 0.000752583591048 0.000931606406987 0.000914843083360 0.001112257076166 0.000779475400791 0.000948502440247 0.000906793600131 0.001038263321125 0.001258159521348 0.000524145618576 0.000778101702979 0.001112587124788 0.001145258693121 0.000499492606995 0.000688077801428 0.001117340992487 0.000971915462657 0.000605797495220 0.001791495829550 0.000850175642310 0.000848662141951 0.000990906622740 0.000919659509772 0.000499492606995 0.000675576034001 0.000792288484336 0.001040852033855 0.000963059275926 0.000708486539027 0.000808927362263 0.000864419678614 0.000953125318482 0.000845754202782 0.000905334438300 0.000779214644904 0.000905207400351 0.000877857994974 0.000945498732515 0.001274255541345 0.000507176484922 0.000638350547290 0.001034756495448 0.000870076620944 0.001373155978689 0.000661696338001 0.000742441187061 0.000735609282038 0.000795435955199 0.001134964076891 0.000594826120186 0.000745017728912 0.000733464548362 0.000794664373940 0.001064151542759 0.000515450517725 0.000699038408709 0.000789778268866 0.000885668409499 0.001067765891850 0.000580937187322 0.000613770180886 0.000750986773549 0.000845863184561 0.000965390811886 0.000505306106977 0.000752230107625 0.000658957335604 0.000838884996973 0.000990737222187 0.000282922250529 0.000377876635752 0.000463236290900 0.000510387421263 0.000605199178325 0.000593726142148 0.000692399210882 0.000803146455933 0.000861406489432 0.001080494676789 0.000580174924696 0.000760237436053 0.000817074900977 0.000743301392444 0.000970310790085 0.000205874912897 0.000325914892183 0.000440011366882 0.000606451958239 0.000639982616318 0.000281640351169 0.000373207439390 0.000448131655314 0.000484588946518 0.000621516659057 0.000469623743632 0.000614266172978 0.000683177646960 0.000778627177469 0.001041065369166 
0.000185638360977 0.000473784381342 0.000749903715593 0.000880284026561 0.001068877565588 0.000277564071750 0.000385779439681 0.000507070725057 0.000741938343354 0.001050483083124 0.000370422483583 0.000527181838207 0.000596462411419 0.000734022315158 0.001224884884203 0.000376011262998 0.000653128685765 0.001231273917260 0.000989503702203 0.001407212808813 0.000577522912428 0.000479436883408 0.000727703566693 0.001045968975759 0.001270118732056 0.000535886424066 0.000708751117254 0.000854255728226 0.001145028395654 0.001393140837829 0.000719693369178 0.001046830899652 0.001401752976464 0.001491831241521 0.001524054826215 0.000937257367028 0.000989346462058 0.001247830075078 0.001232675817839 0.001475479392036 0.001050728494189 0.001284487684687 0.001232455526770 0.001437503529360 0.001771732504429 0.000678497187635 0.001027017810519 0.001609068689918 0.001534513945662 0.000379346825255 0.000829175564998 0.001510059415252 0.001283868473400 0.000688666095311 0.002690523124113 0.001151144474834 0.001145182944655 0.001330947699695 0.001197919768104 0.000379346825255 0.000890152389612 0.001070316286137 0.001429833678662 0.001332130477631 0.000913498168006 0.001098507313478 0.001169425857564 0.001325732185475 0.001111613224769 0.001251926484172 0.001054449703246 0.001221594383135 0.001177447999341 0.001274255541345 0.001812554261203 0.000627867894655 0.000814415327117 0.001426469457692 0.001134006513825 0.001980671064474 0.000862183219096 0.000955917556596 0.000923258812134 0.001094918897986 0.001581406909126 0.000759494717000 0.000979020997425 0.000963432758463 0.001057489506436 0.001457910086438 0.000656606430200 0.000926299990399 0.001056848956396 0.001196762599863 0.001481998314719 0.000729241075292 0.000757799770985 0.001007208094401 0.001163986043279 0.001327357560198 0.000686996796762 0.001023744395290 0.000875044508282 0.001139685472902 0.001361415564321 0.000320668534311 0.000442995506397 0.000563644679119 0.000619497939046 0.000763878405719 0.000753201269673 0.000898681603447 0.001073353311968 0.001163387722060 0.001499061749615 0.000714136010501 0.001036973435284 0.001112562883518 0.000977730150235 0.001311837977146 0.000223538095064 0.000381640324814 0.000542413573678 0.000785292775553 0.000837468853771 0.000328342830944 0.000435240678822 0.000554840311403 0.000607486494785 0.000789622884355 0.000585759680624 0.000795298815267 0.000895477378791 0.001035200896919 0.001442174003406 
0.000119146095638 0.000230881578580 0.000351901336780 0.000370167403269 0.000462345137301 0.000156717362945 0.000225069013316 0.000233233180220 0.000324025051133 0.000434416798161 0.000203231162003 0.000246814437171 0.000298176971272 0.000341599990366 0.000472147717720 0.000213254236470 0.000300985266881 0.000452306418413 0.000435048541712 0.000485121368903 0.000273953415230 0.000260970136667 0.000330607804217 0.000429196237593 0.000516357115638 0.000246450603511 0.000312590176021 0.000369003459465 0.000445709233707 0.000517338796467 0.000334210495221 0.000429004190189 0.000542288106266 0.000505487984516 0.000617937664129 0.000408188894958 0.000418256666419 0.000504226304912 0.000490887248973 0.000610372430574 0.000417988839708 0.000505173459887 0.000480357852977 0.000534593881188 0.000630413752597 0.000297462571620 0.000430027648522 0.000532733271291 0.000619566448294 0.000439658272379 0.000426457725157 0.000596893663350 0.000536536029144 0.000399632827509 0.000799606191405 0.000452913437547 0.000454393656817 0.000534166389383 0.000517577722372 0.000439658272379 0.000374266546463 0.000423506292838 0.000542504177926 0.000496603051898 0.000404198203987 0.000429061241993 0.000461089113905 0.000487189193058 0.000470163116809 0.000467046021558 0.000415468720565 0.000484605388106 0.000474193960107 0.000507176484922 0.000627867894655 0.000304584366348 0.000369241564386 0.000536399425175 0.000489280157781 0.000660564058642 0.000372235305776 0.000424364830648 0.000434406234214 0.000413294811398 0.000578529012858 0.000343710132217 0.000414273584001 0.000408086805036 0.000434148758584 0.000556945312422 0.000298743615975 0.000384206125040 0.000428053542573 0.000473247154971 0.000547652645358 0.000343001818752 0.000369784159260 0.000405703137013 0.000439698160940 0.000502479715920 0.000267549995276 0.000397684779302 0.000361091881267 0.000444660946100 0.000516135168154 0.000187196678103 0.000241429794687 0.000283939327354 0.000313727711595 0.000354882828233 0.000345931876100 0.000391556854658 0.000436108108333 0.000460628399883 0.000554533839213 0.000350820667752 0.000400555405055 0.000431634452232 0.000412755455082 0.000518064560805 0.000141947796597 0.000208487376730 0.000265596217030 0.000344025993648 0.000357928934205 0.000181014105985 0.000239779717175 0.000269085315644 0.000286588594584 0.000361442106020 0.000279471717235 0.000348524601988 0.000381219490061 0.000425940818834 0.000535574356595 
0.000138275391590 0.000279671859800 0.000429120575502 0.000460793829096 0.000572393029122 0.000185310070692 0.000264812413143 0.000285445353010 0.000400413750778 0.000542562313957 0.000241386962454 0.000301099268488 0.000359603841293 0.000417182667471 0.000598232900203 0.000251988691999 0.000368237013003 0.000579039722331 0.000536927388981 0.000629950205313 0.000333423482108 0.000310354206440 0.000405536391658 0.000536875598563 0.000647109959902 0.000301629861995 0.000385563284462 0.000456954421614 0.000563576138681 0.000660735219720 0.000408317404465 0.000536772050155 0.000686580285463 0.000659021892570 0.000774831345692 0.000504686819761 0.000520112169831 0.000632683321877 0.000617781134253 0.000762270708173 0.000526152548386 0.000637398237409 0.000607224593840 0.000682556904379 0.000812766963515 0.000367319968104 0.000535759726647 0.000698327497111 0.000777535725468 0.000478832390788 0.000511855743444 0.000752340013125 0.000668710587265 0.000470579008739 0.001076457223152 0.000571411982958 0.000572280160467 0.000671178333596 0.000640911097336 0.000478832390788 0.000465908911909 0.000533685427635 0.000689682343774 0.000633720481197 0.000498252654351 0.000542139985845 0.000581469961146 0.000623645033129 0.000584606358639 0.000595908125560 0.000524013785076 0.000610357730815 0.000595404861054 0.000638350547290 0.000814415327117 0.000369241564386 0.000453098173001 0.000683229233394 0.000606032969014 0.000864403085498 0.000461002370260 0.000522787410552 0.000529476723922 0.000525998023277 0.000741299990398 0.000421911547527 0.000515066220462 0.000507274768840 0.000543014219919 0.000707015109479 0.000366351815858 0.000479567683927 0.000536850565944 0.000596442640160 0.000700194048651 0.000418093720693 0.000447822537767 0.000509388935336 0.000559510798950 0.000639109139830 0.000338268111347 0.000503066606593 0.000451175951477 0.000561978302719 0.000656270624408 0.000220232333501 0.000287060371723 0.000341987380474 0.000377528629034 0.000433539541556 0.000423487455292 0.000484083177000 0.000546604754079 0.000580388502135 0.000708831820265 0.000424363545563 0.000507298027979 0.000546158808156 0.000513414779817 0.000653105682470 0.000164981858050 0.000247798299646 0.000321454471141 0.000424878847727 0.000444149947080 0.000214835814815 0.000284612613460 0.000326222176228 0.000349143467680 0.000442747422745 0.000339790649536 0.000430407715818 0.000473412086989 0.000532512136068 0.000684017790608 
0.000172714267566 0.000405269933732 0.000634888992116 0.000724442343081 0.000885895940720 0.000247839552389 0.000347985659808 0.000427011026694 0.000616429316017 0.000860956803151 0.000327882451532 0.000446048940607 0.000513853784596 0.000620060649948 0.000987201026180 0.000336206001712 0.000550285528774 0.000981524676767 0.000823525511961 0.001106334105559 0.000490375531378 0.000423372020229 0.000610814974786 0.000855629304645 0.001036652339556 0.000451259299330 0.000590340852506 0.000707769438625 0.000924948416346 0.001113262714627 0.000607606378494 0.000856069504698 0.001130701996746 0.001168586631578 0.001243107869861 0.000778155402455 0.000815277998789 0.001016970820155 0.001001118079936 0.001209374396717 0.000853135108957 0.001040116596334 0.000995871140487 0.001149092197710 0.001402442031708 0.000564275374632 0.000844304657173 0.001254364550537 0.001250371194183 0.000448159049042 0.000720134578053 0.001224232580227 0.001054955709383 0.000620158495231 0.002053168316606 0.000932230109583 0.000929259183575 0.001082941185642 0.000992563471139 0.000448159049042 0.000732539097717 0.000867935263369 0.001148184994425 0.001065441202269 0.000761514754356 0.000888077846122 0.000947511985711 0.001056912366603 0.000916138064063 0.001001459898387 0.000854214849922 0.000991211182797 0.000958837242016 0.001034756495448 0.001426469457692 0.000536399425175 0.000683229233394 0.001143139962032 0.000939275214090 0.001546380426020 0.000714244101861 0.000797554761080 0.000782217208052 0.000878204619340 0.001259473371302 0.000636848782538 0.000806954692570 0.000794304847926 0.000865162726100 0.001172569694282 0.000551349757326 0.000759733863416 0.000861807903255 0.000970330797940 0.001182966678124 0.000617782114370 0.000648455284709 0.000820238857931 0.000933763044515 0.001065339749583 0.000555016929852 0.000826580735211 0.000716794847514 0.000921133073034 0.001093044898220 0.000289308953352 0.000391335564351 0.000486633619052 0.000535657432107 0.000644984533026 0.000634032355826 0.000746209642806 0.000875931259047 0.000943551588704 0.001196866513085 0.000612229142268 0.000836161009987 0.000898025274903 0.000805418986311 0.001063299596488 0.000207236199827 0.000337375952084 0.000464591341651 0.000652967569747 0.000692005456952 0.000291057486609 0.000385735492712 0.000473975286384 0.000515051585883 0.000664100502719 0.000498151362618 0.000661343414200 0.000739209261021 0.000847385263710 0.001152458473284 
0.000176883872145 0.000370364003541 0.000571217110691 0.000622996892023 0.000770726112607 0.000240740791791 0.000342631236853 0.000381023012476 0.000538414373376 0.000735342153543 0.000314728005601 0.000400931751717 0.000474584135221 0.000555964626259 0.000819332928349 0.000327181739110 0.000491406294356 0.000798902998938 0.000721286469378 0.000877820860110 0.000443171655158 0.000405057365200 0.000542260886986 0.000728467649812 0.000879243942640 0.000402635054333 0.000517718859752 0.000615409568450 0.000770726933296 0.000910099324122 0.000544312914566 0.000728463503904 0.000939816690087 0.000920854014984 0.001053198735925 0.000678894926197 0.000702650008736 0.000860414786590 0.000841973733011 0.001033065637129 0.000717206192293 0.000870334009797 0.000830258237696 0.000939945375186 0.001126948482702 0.000493643118156 0.000724802827799 0.000979398812955 0.001057533580800 0.000578750348376 0.000672976260399 0.001026504218656 0.000904920857538 0.000609265866647 0.001536666290669 0.000780186123312 0.000780383058292 0.000913688206801 0.000863125632336 0.000578750348376 0.000629924919694 0.000728056961448 0.000946850792935 0.000872369855460 0.000668725804506 0.000741031015440 0.000793664981640 0.000860394998825 0.000789726078081 0.000820225721363 0.000715315382527 0.000832334630957 0.000810120845435 0.000870076620944 0.001134006513825 0.000489280157781 0.000606032969014 0.000939275214090 0.000816318389282 0.001210900071015 0.000620907352353 0.000701326405107 0.000704545553043 0.000722700067505 0.001023428026920 0.000564465431455 0.000695739921664 0.000685115603680 0.000736740645847 0.000969639308890 0.000489764999576 0.000649680598950 0.000729834685887 0.000813745800370 0.000965175611880 0.000556360335708 0.000592934475085 0.000693067961603 0.000768656413207 0.000877723835148 0.000462569106708 0.000688188303088 0.000611677164414 0.000768273021066 0.000901089529693 0.000284929331081 0.000374596947789 0.000450873727366 0.000497381873526 0.000577900867423 0.000565403352098 0.000651139232291 0.000742749410601 0.000791693633471 0.000976926010998 0.000561365342749 0.000694568839184 0.000747282137219 0.000693746115546 0.000891230032683 0.000211309402380 0.000323264125146 0.000425419827000 0.000571057720624 0.000599081622783 0.000279938589308 0.000370892885667 0.000432291237876 0.000464416570269 0.000591395299843 0.000451276717755 0.000578461503608 0.000638914395079 0.000722256410476 0.000942161464951 
0.000186774482130 0.000498150358462 0.000792439767627 0.000942800719678 0.001141013110539 0.000285546621812 0.000394747715725 0.000537215719417 0.000791101154830 0.001127233935983 0.000382810328899 0.000557252388499 0.000624934427776 0.000776492952093 0.001324463141659 0.000386545934501 0.000691789277185 0.001337912211982 0.001054219014950 0.001538418817606 0.000609417898525 0.000496077888469 0.000772169711619 0.001123373514180 0.001365523042323 0.000567755253041 0.000754817833515 0.000912055599581 0.001236840990796 0.001512164477619 0.000761546386260 0.001124459255686 0.001515133877151 0.001633508882565 0.001639018812025 0.000999696076036 0.001058955417409 0.001342460319842 0.001328272760208 0.001583222083806 0.001132344519685 0.001385963946061 0.001331097393530 0.001560088251432 0.001931169739214 0.000723120732750 0.001100495709252 0.001765539738559 0.001651032840191 0.000324136963606 0.000865253140847 0.001628474767128 0.001376027361902 0.000705304472363 0.002978895832215 0.001242032998501 0.001234478875908 0.001432950511248 0.001278935523954 0.000324136963606 0.000953384758072 0.001154120871047 0.001548608212595 0.001445378550089 0.000972489955823 0.001186161351285 0.001261469541616 0.001440497465194 0.001189761087588 0.001358255873162 0.001137527903241 0.001316879990411 0.001267207664959 0.001373155978689 0.001980671064474 0.000660564058642 0.000864403085498 0.001546380426020 0.001210900071015 0.002171870329033 0.000920575924931 0.001017238973007 0.000975288938765 0.001186499078588 0.001719072819536 0.000806296675317 0.001047791412991 0.001030988137256 0.001135680538114 0.001577905934590 0.000696600222492 0.000993642245512 0.001136702923899 0.001290553371724 0.001609400355729 0.000770371476750 0.000796626165450 0.001083969456394 0.001261245468151 0.001437954773728 0.000742043924122 0.001106070674557 0.000939204379291 0.001230767173166 0.001474626911759 0.000328089660294 0.000458284948117 0.000589914313913 0.000647886271525 0.000808255876516 0.000798128681950 0.000958501111850 0.001154052621091 0.001254393103400 0.001627761869645 0.000750038136242 0.001121028740429 0.001202193785722 0.001046694901787 0.001414848990548 0.000225352795853 0.000394666783094 0.000569936409934 0.000837015511783 0.000895254080773 0.000339068355657 0.000449506988159 0.000583754893542 0.000641499129072 0.000837079845566 0.000617637103180 0.000847646839178 0.000957705622991 0.001111467494594 0.001565378827503 
0.000134633389367 0.000281768368922 0.000434545524390 0.000473840582017 0.000586231746512 0.000183199247593 0.000260750174254 0.000289847476641 0.000409537471074 0.000559270861006 0.000239490551339 0.000305002014994 0.000361074084004 0.000422936055301 0.000623067327226 0.000248981058682 0.000373818277473 0.000607474613110 0.000548643408866 0.000667399360338 0.000337143277523 0.000308222041640 0.000412493226224 0.000554034259823 0.000668695050995 0.000306287859467 0.000393802873397 0.000468093270179 0.000586115594339 0.000692041319019 0.000414070692763 0.000554029775765 0.000714695015356 0.000700093110211 0.000800989551869 0.000516389404954 0.000534428700767 0.000654367303365 0.000640324639980 0.000785707533756 0.000545437291049 0.000661876970088 0.000631388990742 0.000714738345964 0.000856862310693 0.000375485510609 0.000551267980845 0.000744568334968 0.000804279913033 0.000440859750089 0.000512040690807 0.000780649786879 0.000688259017122 0.000463661098858 0.001167965348382 0.000593321206800 0.000593480560913 0.000694874111015 0.000656511537356 0.000440859750089 0.000479109797742 0.000553683670645 0.000720017211031 0.000663356749394 0.000508669348454 0.000563536391325 0.000603574163237 0.000654232746498 0.000600658423221 0.000623706835967 0.000543989370513 0.000632989414148 0.000616113561478 0.000661696338001 0.000862183219096 0.000372235305776 0.000461002370260 0.000714244101861 0.000620907352353 0.000920575924931 0.000472274544673 0.000533470386490 0.000535975872209 0.000549559974607 0.000778194011285 0.000429380977175 0.000529173870194 0.000521094082734 0.000560326815747 0.000737356082485 0.000372561047700 0.000494122997548 0.000555060281201 0.000618848874534 0.000733914460687 0.000423245214532 0.000451098322426 0.000527092609023 0.000584507234612 0.000667447813528 0.000351770792682 0.000523345293800 0.000465214501402 0.000584252067683 0.000685217754760 0.000216837928379 0.000285044259706 0.000343039310929 0.000378427720045 0.000439622125503 0.000430106026657 0.000495277922364 0.000564885670152 0.000602079778147 0.000742850903630 0.000427085944451 0.000528191757017 0.000568282876355 0.000527655075296 0.000677773457088 0.000160833322333 0.000245984268740 0.000323656921759 0.000434369680190 0.000455664882230 0.000213019474451 0.000282230880648 0.000328879029761 0.000353301874351 0.000449875516328 0.000343312778004 0.000440001566867 0.000485958348794 0.000549313153698 0.000716421504885 
0.000156613315703 0.000321340703728 0.000494124597140 0.000534090262994 0.000662295249454 0.000211226111174 0.000301340957478 0.000329069161724 0.000463034686375 0.000629516943350 0.000275558341263 0.000346756946540 0.000412588893217 0.000480610276602 0.000697212225498 0.000287163455743 0.000424466375500 0.000676971335156 0.000620646978872 0.000739644460521 0.000383691418069 0.000354436883049 0.000467853404189 0.000623221395799 0.000751621890252 0.000347730141169 0.000445597653265 0.000528769492892 0.000656407051036 0.000771931847834 0.000470456271952 0.000623150733138 0.000799989537505 0.000774694879463 0.000900122381777 0.000583713278076 0.000602645832985 0.000735145986722 0.000718493482161 0.000884418978043 0.000611968423125 0.000741898684534 0.000707186758420 0.000797349213035 0.000952252407094 0.000424666576861 0.000621144671240 0.000822215737722 0.000903503442928 0.000530062313917 0.000586350834803 0.000875402770569 0.000775376923503 0.000535636806063 0.001277217244673 0.000665076973975 0.000665728348504 0.000780210325490 0.000741625915390 0.000530062313917 0.000540023482756 0.000620941582992 0.000804616866072 0.000740182084482 0.000575721561644 0.000631301714356 0.000676691375416 0.000729102436733 0.000677355017721 0.000695983950848 0.000609853063914 0.000710033650087 0.000691976619500 0.000742441187061 0.000955917556596 0.000424364830648 0.000522787410552 0.000797554761080 0.000701326405107 0.001017238973007 0.000533470386490 0.000603951653341 0.000609588768386 0.000613861209586 0.000866911904662 0.000486856973159 0.000596765303089 0.000587701723996 0.000630326844172 0.000824472153174 0.000422611016055 0.000556323171705 0.000623701337404 0.000693986704399 0.000818294889470 0.000481362503403 0.000514505161573 0.000592002886439 0.000652939707140 0.000745726146237 0.000393974297233 0.000586007585040 0.000523554226700 0.000654448376876 0.000765676736251 0.000250603691974 0.000327813113270 0.000392209201952 0.000432842921974 0.000499504158104 0.000488250224946 0.000559868851933 0.000634907891691 0.000675252892693 0.000828332814761 0.000487368279849 0.000591151727832 0.000636256851849 0.000594937990088 0.000759980911484 0.000186956835725 0.000282941522938 0.000369248284454 0.000491233785416 0.000514285695006 0.000245186349300 0.000324832611437 0.000374928933095 0.000401908776976 0.000510556467370 0.000390888492308 0.000497616205483 0.000548300574668 0.000618050574784 0.000799130019546 
0.000166715247919 0.000329173980596 0.000503203872165 0.000534225163984 0.000665615316494 0.000221076258840 0.000316809450831 0.000334052089626 0.000466098887036 0.000627882887843 0.000287253347552 0.000352999424193 0.000424292542146 0.000488798756625 0.000686874315862 0.000300740689050 0.000431024605257 0.000661110654706 0.000625445874632 0.000713716303563 0.000391405451885 0.000369065791890 0.000473997188399 0.000620772026442 0.000747466933845 0.000352987239464 0.000449274820975 0.000531298708797 0.000647808063209 0.000755352018720 0.000478308098805 0.000620565536409 0.000788640514604 0.000745048746554 0.000894730863430 0.000587305262034 0.000603343625649 0.000730311309504 0.000711948315309 0.000882173517662 0.000606281040862 0.000733522210237 0.000698082511273 0.000780432950730 0.000924420644814 0.000427749277556 0.000620850251941 0.000787180000644 0.000897434490403 0.000598809380027 0.000605549670334 0.000866292237644 0.000774754158791 0.000562724263099 0.001196277840233 0.000657614751450 0.000659242830387 0.000774159557087 0.000745203393995 0.000598809380027 0.000540147490915 0.000614590420247 0.000790429811817 0.000724799185041 0.000580781142866 0.000623410230388 0.000669351656283 0.000712070029480 0.000678192225180 0.000681611096724 0.000603164647783 0.000703089073777 0.000687024240248 0.000735609282038 0.000923258812134 0.000434406234214 0.000529476723922 0.000782217208052 0.000704545553043 0.000975288938765 0.000535975872209 0.000609588768386 0.000621050327336 0.000602473308975 0.000845952957037 0.000492940373309 0.000597549506441 0.000588573823547 0.000627905729635 0.000810935430480 0.000428261556666 0.000555162791480 0.000619851650562 0.000686813663960 0.000799999675694 0.000490386951535 0.000527156295613 0.000587783690246 0.000640915072315 0.000732275567450 0.000388847504196 0.000578119851215 0.000522003278519 0.000646142427156 0.000752068016051 0.000263489466961 0.000341402592259 0.000403800551011 0.000445987949848 0.000507875735755 0.000495526320058 0.000563354251315 0.000631333963928 0.000668421856742 0.000809968095339 0.000499864995985 0.000582605880279 0.000627549234926 0.000595482852572 0.000751949463787 0.000198747724997 0.000294770411359 0.000378527806255 0.000494738628735 0.000515827757835 0.000255766088742 0.000338815886819 0.000383784587861 0.000409636038820 0.000517885861768 0.000399107583253 0.000501193928694 0.000549581185873 0.000615911604692 0.000781973322947 
0.000133558925423 0.000312277107308 0.000488983591059 0.000557237622425 0.000681648776652 0.000191326254519 0.000268751838081 0.000328799582428 0.000474361863634 0.000662117750302 0.000253023523745 0.000343531755745 0.000396069966172 0.000477515269610 0.000758610655621 0.000259558175086 0.000423730879656 0.000753856245318 0.000633778519542 0.000849149666690 0.000377730433121 0.000326678658183 0.000470259914237 0.000657962614962 0.000797082400349 0.000347470196373 0.000454338175470 0.000544581447330 0.000710849307871 0.000855136238269 0.000467911998487 0.000658291660020 0.000868917960975 0.000896771817909 0.000955797381454 0.000598795791261 0.000627146362415 0.000781895940470 0.000769582043878 0.000930071370262 0.000655816484330 0.000799450262491 0.000765366282332 0.000882671986040 0.001076776778121 0.000434247282054 0.000649403395916 0.000962371762771 0.000961336575886 0.000349549030029 0.000555264404835 0.000941017389794 0.000811409347408 0.000478919172056 0.001573570249058 0.000716530173746 0.000714313654980 0.000832553675804 0.000763713636543 0.000349549030029 0.000563464735992 0.000667153834025 0.000882166051052 0.000818436930197 0.000586099276797 0.000682538861549 0.000728293332765 0.000811760737615 0.000704735928177 0.000769294660100 0.000656576626850 0.000761933755764 0.000737172353556 0.000795435955199 0.001094918897986 0.000413294811398 0.000525998023277 0.000878204619340 0.000722700067505 0.001186499078588 0.000549559974607 0.000613861209586 0.000602473308975 0.000674698745338 0.000967291007359 0.000490280410021 0.000620750298487 0.000611026442750 0.000665297539210 0.000900968047380 0.000424485652654 0.000584292169615 0.000662616637349 0.000745856874329 0.000908630689167 0.000475821431137 0.000499669651443 0.000630616491212 0.000717388531884 0.000818494741190 0.000426548705030 0.000635236643542 0.000551236786058 0.000707935215050 0.000839793930028 0.000223437190221 0.000301963712994 0.000375124805041 0.000412942275490 0.000496699148440 0.000488197913994 0.000574216189167 0.000673499457401 0.000725282827572 0.000919317308075 0.000471794292402 0.000642559353240 0.000690132870448 0.000619552234390 0.000817306469184 0.000160231318004 0.000260335167389 0.000358007751343 0.000502497415376 0.000532386674454 0.000224620011230 0.000297683922493 0.000365195915554 0.000396711744406 0.000511329543742 0.000383746970601 0.000508945089270 0.000568676618580 0.000651643267391 0.000885244362129 
0.000181315546786 0.000436922192402 0.000686781853846 0.000791044402722 0.000965061180044 0.000263539593568 0.000368845855027 0.000462724908704 0.000670969621298 0.000941406182235 0.000349618798908 0.000482605384080 0.000552706303788 0.000671232031232 0.001085563917938 0.000357348434772 0.000596210865073 0.001083356193030 0.000895879559833 0.001226932507946 0.000529949655085 0.000451779811406 0.000662612784607 0.000936177398438 0.001135099869743 0.000489007584645 0.000642036203043 0.000771106074963 0.001016322997784 0.001227743099345 0.000657874388148 0.000936756288780 0.001243007772203 0.001297603577734 0.001361457451963 0.000847204437479 0.000889836519619 0.001114097495848 0.001098021343154 0.001322344508924 0.000935793638791 0.001141933926955 0.001094140736775 0.001267114546739 0.001551678865076 0.000614000486342 0.000922252729159 0.001395174095838 0.001369879086407 0.000439738376128 0.000772562720250 0.001343532002520 0.001152535757497 0.000657680797525 0.002300697971289 0.001023453589900 0.001019503276360 0.001187020622087 0.001081363582709 0.000439738376128 0.000799894499306 0.000952436153397 0.001264151447734 0.001174653642584 0.000827971064814 0.000975546441361 0.001040053939529 0.001166531636889 0.000999882037661 0.001104051618383 0.000937696228142 0.001087490964940 0.001050696609562 0.001134964076891 0.001581406909126 0.000578529012858 0.000741299990398 0.001259473371302 0.001023428026920 0.001719072819536 0.000778194011285 0.000866911904662 0.000845952957037 0.000967291007359 0.001390580142262 0.000691087169146 0.000880684436859 0.000866806396855 0.000946568144454 0.001290311264142 0.000598029054555 0.000830521306196 0.000943936856256 0.001064853227454 0.001305104410740 0.000668139565259 0.000699015853575 0.000898807581069 0.001028424868805 0.001173146381754 0.000609822527615 0.000908384568986 0.000783911145794 0.001011944599559 0.001203516636056 0.000306633275307 0.000417544937425 0.000523061130078 0.000575475748400 0.000698318338511 0.000687149485631 0.000812394452891 0.000959161264111 0.001035361288109 0.001320334237263 0.000659565959128 0.000919322513292 0.000986999542414 0.000879180306892 0.001167002043544 0.000217795329124 0.000359889612773 0.000500660148515 0.000710553511628 0.000754604105271 0.000310209343482 0.000411144673651 0.000511214399065 0.000556888079099 0.000719947493989 0.000538076409298 0.000719647852237 0.000806342921283 0.000926950004794 0.001270964515258 
0.000128553116300 0.000260327993587 0.000399514597780 0.000429246948123 0.000533125735539 0.000172374453518 0.000246291733571 0.000265778691993 0.000372925729927 0.000505462953940 0.000224565746764 0.000280329019954 0.000334689917894 0.000388416529445 0.000557543797736 0.000234393911896 0.000342862854367 0.000539804814506 0.000500050304282 0.000587486055579 0.000310403100534 0.000288737315858 0.000377619450362 0.000500186237432 0.000602917889577 0.000280848330369 0.000359076270730 0.000425609526215 0.000525215264682 0.000615926153582 0.000380166688744 0.000500093228760 0.000639869091234 0.000614662126070 0.000721927581147 0.000470047417650 0.000484490373033 0.000589496092852 0.000575657491896 0.000710146835661 0.000490279507116 0.000593978247765 0.000565888621321 0.000636262592503 0.000757836537930 0.000342096898528 0.000499091994833 0.000651414031263 0.000724464047300 0.000444307253658 0.000476329025795 0.000701070383642 0.000622950101905 0.000437677423365 0.001004825452836 0.000532485824259 0.000533269752991 0.000625386845139 0.000596946886589 0.000444307253658 0.000434012156820 0.000497313592846 0.000642830913733 0.000590730283978 0.000464016408783 0.000505228537264 0.000541852174854 0.000581386460550 0.000544566095992 0.000555480692452 0.000488312588225 0.000568752403492 0.000554772504627 0.000594826120186 0.000759494717000 0.000343710132217 0.000421911547527 0.000636848782538 0.000564465431455 0.000806296675317 0.000429380977175 0.000486856973159 0.000492940373309 0.000490280410021 0.000691087169146 0.000392875185990 0.000479787646371 0.000472527321943 0.000505903924019 0.000658960647137 0.000341129771985 0.000446768559470 0.000500198500452 0.000555795669947 0.000652727432406 0.000389243974958 0.000416845563997 0.000474626133762 0.000521515261744 0.000595700963958 0.000315242377823 0.000468829814919 0.000420330295779 0.000523719361835 0.000611691684496 0.000204828991875 0.000267064462964 0.000318282238234 0.000351351046209 0.000403649047896 0.000394312909277 0.000450856897140 0.000509277962594 0.000540831821048 0.000660775675034 0.000394996371268 0.000472788298742 0.000508992990659 0.000478255336067 0.000608601678978 0.000153388486153 0.000230534796547 0.000299213644299 0.000395704881947 0.000413706660289 0.000199860485988 0.000264774258633 0.000303665748537 0.000325046644798 0.000412253089200 0.000316321572628 0.000400853421757 0.000440972315858 0.000496113586739 0.000637629583793 
0.000147585627307 0.000313508915113 0.000484540945415 0.000531756789740 0.000656787441874 0.000202180026421 0.000287261455822 0.000323568653963 0.000458567885884 0.000628253299001 0.000264714953969 0.000340138481299 0.000401168343475 0.000471821461337 0.000702883982440 0.000274711106321 0.000417262855215 0.000687306611321 0.000614086209880 0.000758066705214 0.000375699146583 0.000340832681678 0.000460813056446 0.000622659973667 0.000751940594057 0.000341924676364 0.000440695129496 0.000524472854171 0.000660806677800 0.000782468421162 0.000461988836819 0.000622702229135 0.000806072165379 0.000796054167442 0.000900848700701 0.000578306876538 0.000599560460231 0.000736096829352 0.000720931882428 0.000882601995423 0.000614138677477 0.000745758195949 0.000711794107127 0.000808059020403 0.000971368697113 0.000420344033756 0.000618805064155 0.000847846263210 0.000904777407064 0.000470854337686 0.000567992704142 0.000879315615111 0.000772668022201 0.000510948606130 0.001339017149489 0.000668497963590 0.000668336773099 0.000781982065458 0.000735574683339 0.000470854337686 0.000537674361536 0.000623624900246 0.000813033460936 0.000749858264962 0.000569131512727 0.000635219127900 0.000679962477101 0.000740192429442 0.000673843283712 0.000705006478275 0.000612862146216 0.000712838419088 0.000693204625851 0.000745017728912 0.000979020997425 0.000414273584001 0.000515066220462 0.000806954692570 0.000695739921664 0.001047791412991 0.000529173870194 0.000596765303089 0.000597549506441 0.000620750298487 0.000880684436859 0.000479787646371 0.000593632741870 0.000584533982871 0.000629712437920 0.000832266920964 0.000416167843426 0.000554971228185 0.000624299022364 0.000697047658700 0.000830060957980 0.000471877398151 0.000501875050264 0.000593038811840 0.000660194205920 0.000753777040097 0.000396586501550 0.000590110295834 0.000522662437675 0.000658613172125 0.000773775769430 0.000238876755186 0.000315181522594 0.000380966540020 0.000420142972528 0.000490484931956 0.000480186153975 0.000554650011256 0.000635230309953 0.000678108192292 0.000840114761335 0.000474979086831 0.000595778730104 0.000640830368119 0.000592011484460 0.000763479121294 0.000176402494352 0.000271956413090 0.000360018032886 0.000486284318771 0.000510867822787 0.000235394045796 0.000311886893763 0.000366026510639 0.000393829759735 0.000502355416460 0.000382447504645 0.000492579760405 0.000544958001437 0.000617253287097 0.000810031780704 
0.000145493525209 0.000308830979358 0.000477259060349 0.000523596681059 0.000646762772803 0.000199245584732 0.000283117418644 0.000318687396805 0.000451581480737 0.000618581625688 0.000260852259656 0.000335024489535 0.000395211249073 0.000464719535381 0.000691917396724 0.000270727266441 0.000410970428172 0.000676484379318 0.000604742374427 0.000745985577512 0.000370064549930 0.000335851925281 0.000453845026470 0.000613060168587 0.000740327078188 0.000336766359876 0.000433993586761 0.000516465634076 0.000650515811049 0.000770173124268 0.000455032064675 0.000613099444961 0.000793504301181 0.000783326143643 0.000886928241092 0.000569491543181 0.000590369228638 0.000724714851578 0.000709753337401 0.000869015600149 0.000604614116969 0.000734167148142 0.000700711918450 0.000795365137507 0.000955980739912 0.000413944679031 0.000609301405458 0.000834230762138 0.000890785018969 0.000464806298835 0.000559603469079 0.000865661877129 0.000760796946044 0.000503570343361 0.001317074617298 0.000658108540430 0.000657966582132 0.000769874887817 0.000724345053124 0.000464806298835 0.000529423231717 0.000613943338094 0.000800310047527 0.000738084067778 0.000560482200946 0.000625333167038 0.000669399176463 0.000728538300398 0.000663514208876 0.000693938082335 0.000603340004989 0.000701777255142 0.000682479020407 0.000733464548362 0.000963432758463 0.000408086805036 0.000507274768840 0.000794304847926 0.000685115603680 0.001030988137256 0.000521094082734 0.000587701723996 0.000588573823547 0.000611026442750 0.000866806396855 0.000472527321943 0.000584533982871 0.000575576397169 0.000620004862875 0.000819259433663 0.000409876650930 0.000546432555815 0.000614650031890 0.000686224961732 0.000817005687600 0.000464788956801 0.000494388372742 0.000583863323138 0.000649853964577 0.000741975844078 0.000390410967544 0.000580916816201 0.000514613001378 0.000648361003346 0.000761664881219 0.000235431105881 0.000310576675239 0.000375317614850 0.000413919349767 0.000483099664773 0.000472940176308 0.000546195980109 0.000625418256481 0.000667582082572 0.000826903973344 0.000467902610704 0.000586486948796 0.000630844272271 0.000582933505107 0.000751621978570 0.000173897034200 0.000267984860072 0.000354651000111 0.000478880029028 0.000503052501605 0.000231962289690 0.000307339375305 0.000360559975667 0.000387917086614 0.000494770056914 0.000376717986830 0.000485080086594 0.000536614912908 0.000607741799929 0.000797303490816 
0.000151021484262 0.000328418945689 0.000509276117515 0.000564392844040 0.000695335601741 0.000209114945949 0.000296291790732 0.000340689733642 0.000485065351807 0.000667813553639 0.000274466209875 0.000357575276349 0.000419308802319 0.000496271786821 0.000751897207870 0.000284025863013 0.000439267632482 0.000738446626180 0.000649181492101 0.000819183313866 0.000394501464719 0.000353627485423 0.000485728367433 0.000662331588505 0.000800517749535 0.000360021787551 0.000465750733688 0.000555323357480 0.000706260117848 0.000839864104292 0.000486022357035 0.000662452317088 0.000861997899981 0.000861584479734 0.000959276796704 0.000611875352700 0.000636053073614 0.000784079038865 0.000768936695729 0.000938150230769 0.000655094866063 0.000796313194212 0.000760666316411 0.000867216861081 0.001046670096790 0.000444479797066 0.000657035777276 0.000919573259859 0.000963825597899 0.000461416890264 0.000592208643800 0.000938496544599 0.000820547143627 0.000527248819105 0.001466600865615 0.000713789536893 0.000713072839480 0.000833466252689 0.000778825707213 0.000461416890264 0.000570680524404 0.000665535431367 0.000870972760951 0.000804579300393 0.000601315753653 0.000678703316353 0.000725890867488 0.000795240285848 0.000714827582001 0.000756404207474 0.000654298989748 0.000760568468825 0.000738614038724 0.000794664373940 0.001057489506436 0.000434148758584 0.000543014219919 0.000865162726100 0.000736740645847 0.001135680538114 0.000560326815747 0.000630326844172 0.000627905729635 0.000665297539210 0.000946568144454 0.000505903924019 0.000629712437920 0.000620004862875 0.000669802107029 0.000891026103506 0.000438612299191 0.000589758885270 0.000664853687696 0.000743933949200 0.000891342552114 0.000495864189346 0.000525681287199 0.000631876891768 0.000707523550055 0.000807659739463 0.000423846660319 0.000630817486415 0.000555680768611 0.000703767984742 0.000828977043816 0.000246373386887 0.000326979006260 0.000397927001224 0.000438645509343 0.000515981075480 0.000505660701717 0.000586822756517 0.000676303381317 0.000723638362430 0.000902053648732 0.000497217057254 0.000637202243676 0.000685115631431 0.000628125144477 0.000814931502028 0.000180667583627 0.000282078345569 0.000376981227625 0.000514240636643 0.000541432830409 0.000243964597169 0.000323261729598 0.000383596095210 0.000413740006660 0.000529163949507 0.000401382825971 0.000520882635993 0.000577766139477 0.000656418915300 0.000869445284788 
0.000182013995446 0.000420889499132 0.000658110871304 0.000746943955087 0.000914645365497 0.000259368855935 0.000364813841306 0.000442190426509 0.000636728566545 0.000886997419337 0.000342613054524 0.000462310497707 0.000534350612674 0.000642474921317 0.001013752337288 0.000351930080330 0.000569900542651 0.001005741871795 0.000850920117334 0.001130484650602 0.000508585735946 0.000442208163901 0.000632143705441 0.000881186220456 0.001067152247462 0.000467297242239 0.000610071216805 0.000730690056910 0.000950250199592 0.001141281152487 0.000629503159890 0.000881586981994 0.001161304962910 0.001193213316372 0.001279522155829 0.000803672443140 0.000840814380326 0.001046595215537 0.001029582798914 0.001245972789224 0.000877349366810 0.001069074146368 0.001023173216926 0.001178089440239 0.001435024416997 0.000582965717343 0.000870352769831 0.001279543127965 0.001286745823392 0.000488911876000 0.000749952609544 0.001258608625275 0.001087403127997 0.000649961243382 0.002085161603508 0.000958201767998 0.000955520461294 0.001114134628647 0.001024718883681 0.000488911876000 0.000755287353803 0.000892348750123 0.001178220659423 0.001092445498004 0.000787089653123 0.000912513572680 0.000974005068814 0.001083007768635 0.000944854361217 0.001026876263477 0.000878071377156 0.001019212825156 0.000986614207844 0.001064151542759 0.001457910086438 0.000556945312422 0.000707015109479 0.001172569694282 0.000969639308890 0.001577905934590 0.000737356082485 0.000824472153174 0.000810935430480 0.000900968047380 0.001290311264142 0.000658960647137 0.000832266920964 0.000819259433663 0.000891026103506 0.001203615128259 0.000570643037645 0.000782822905961 0.000887009056752 0.000997596122075 0.001212474743086 0.000640452463024 0.000673493384282 0.000844007478136 0.000957999281023 0.001093096024269 0.000570212222970 0.000849112265379 0.000738400674958 0.000946431142099 0.001121597895925 0.000303309582473 0.000408772773804 0.000506243068171 0.000557393177745 0.000668242693279 0.000656523033288 0.000770695102090 0.000901677827292 0.000970120733679 0.001226778141947 0.000636084328106 0.000858732230808 0.000922450317808 0.000830590095580 0.001093110368709 0.000218265707204 0.000352453057223 0.000482614320072 0.000674571258123 0.000714051818650 0.000304211133896 0.000403153057999 0.000492123411811 0.000534031617103 0.000687543755326 0.000516799892271 0.000683235132202 0.000762616194593 0.000872808014108 0.001181466071163 
0.000112142902044 0.000226284749043 0.000347080697514 0.000372292406369 0.000462590725678 0.000150132742358 0.000214602018657 0.000230828871170 0.000323633612067 0.000438280445981 0.000195516591352 0.000243529271041 0.000291027290495 0.000337398131436 0.000482890353960 0.000204161513259 0.000297784852125 0.000467150378130 0.000433999639341 0.000507856868978 0.000269706973345 0.000251360885491 0.000327902430611 0.000433651561748 0.000522640562824 0.000243916318945 0.000311661451311 0.000369291612672 0.000454963769400 0.000533123803111 0.000330221443267 0.000433562163809 0.000554225667992 0.000531187520355 0.000625777578560 0.000407900696477 0.000420240939656 0.000510956208120 0.000498844095797 0.000615762448568 0.000424851340771 0.000514615865949 0.000490207086661 0.000550739866605 0.000655478613655 0.000296897109908 0.000432841066630 0.000562715780793 0.000627933892539 0.000389765028209 0.000414352026929 0.000607449149769 0.000540241475744 0.000381336823762 0.000866276716370 0.000461342569029 0.000462085256238 0.000542005899022 0.000517959039492 0.000389765028209 0.000376424547798 0.000430909295501 0.000556611992344 0.000511348498694 0.000402764380548 0.000437674864093 0.000469473833531 0.000503138604828 0.000472353276696 0.000480841637176 0.000423081088030 0.000492829670141 0.000480833046751 0.000515450517725 0.000656606430200 0.000298743615975 0.000366351815858 0.000551349757326 0.000489764999576 0.000696600222492 0.000372561047700 0.000422611016055 0.000428261556666 0.000424485652654 0.000598029054555 0.000341129771985 0.000416167843426 0.000409876650930 0.000438612299191 0.000570643037645 0.000296223405505 0.000387405542173 0.000433572174707 0.000481577672506 0.000564931090877 0.000338169512968 0.000362341383283 0.000411369634040 0.000451534549576 0.000515783768380 0.000273078551670 0.000406106675108 0.000364450659560 0.000453685218975 0.000529642273935 0.000178475553786 0.000232497306247 0.000276789772425 0.000305570066286 0.000350620989461 0.000342453377406 0.000391250001859 0.000441464474689 0.000468621587664 0.000571906823172 0.000343381760452 0.000409497539969 0.000440887288696 0.000414823491764 0.000527320875638 0.000133791072830 0.000200702125340 0.000260103054915 0.000343418184576 0.000358904855059 0.000174018144541 0.000230536339596 0.000263937093395 0.000282408096532 0.000358016232308 0.000274872503411 0.000347888172690 0.000382535413906 0.000430139326890 0.000551909994440 
0.000134752518489 0.000290678657155 0.000450240208193 0.000497309616485 0.000613215431000 0.000185896668103 0.000263646712056 0.000301014362023 0.000427903371525 0.000588138232667 0.000243785879979 0.000316102614726 0.000371408272636 0.000438633288863 0.000660770603556 0.000252523291034 0.000388134569738 0.000647996805737 0.000572796011229 0.000717452393128 0.000348884111580 0.000314025011268 0.000429001942986 0.000583171884685 0.000704642958632 0.000318093648640 0.000410987627580 0.000489718409293 0.000620850174036 0.000737235723783 0.000429546274595 0.000583255571294 0.000757611542588 0.000754191082162 0.000844319164575 0.000539723943120 0.000560543535147 0.000690045259824 0.000676417620751 0.000826230017860 0.000576254751047 0.000700233193987 0.000668703134231 0.000761280069419 0.000917573256565 0.000392146489863 0.000578865685003 0.000804384818550 0.000848213964821 0.000418037802755 0.000525002424074 0.000825388471305 0.000722880864853 0.000469083908383 0.001278704011253 0.000627674228199 0.000627205885906 0.000733357256305 0.000686821639990 0.000418037802755 0.000502847878322 0.000585343070978 0.000765045260417 0.000706346173824 0.000530665005241 0.000596688024937 0.000638357184292 0.000697842039108 0.000629975117771 0.000664067762082 0.000575386299370 0.000668977653889 0.000649966344026 0.000699038408709 0.000926299990399 0.000384206125040 0.000479567683927 0.000759733863416 0.000649680598950 0.000993642245512 0.000494122997548 0.000556323171705 0.000555162791480 0.000584292169615 0.000830521306196 0.000446768559470 0.000554971228185 0.000546432555815 0.000589758885270 0.000782822905961 0.000387405542173 0.000519443307196 0.000585160211473 0.000654282801744 0.000782306910788 0.000438413787417 0.000465291432459 0.000556042604776 0.000621391194104 0.000709383110283 0.000372595368188 0.000554496400001 0.000489351808279 0.000618703299754 0.000728139393267 0.000219232162317 0.000290371392737 0.000352549989271 0.000388686619822 0.000456029745356 0.000446753473802 0.000517632273268 0.000595294608136 0.000636457466057 0.000791732858797 0.000440185779104 0.000560012090049 0.000602201602000 0.000553532684902 0.000716695433453 0.000161155834660 0.000250515302688 0.000333708499591 0.000453683344612 0.000477314566631 0.000216724594562 0.000287161873094 0.000339466066667 0.000365837419093 0.000467471110952 0.000355031646169 0.000459547789944 0.000509284209904 0.000578014069058 0.000763203375591 
0.000147257464402 0.000323749101026 0.000502797625075 0.000559682218444 0.000688747661455 0.000204932133717 0.000289989175894 0.000336627131141 0.000480283540663 0.000662685858627 0.000269282990553 0.000353059473925 0.000412923135701 0.000490122615619 0.000748237512047 0.000278295282593 0.000433996319953 0.000736271998898 0.000642608217585 0.000818843577305 0.000389313657803 0.000347058553366 0.000480175118397 0.000657452104139 0.000794917336506 0.000355730791305 0.000460976525994 0.000550092384058 0.000702546113831 0.000837027903565 0.000480041853180 0.000657605614777 0.000857677290131 0.000861818090795 0.000952668314998 0.000605911409851 0.000630608605544 0.000778783909821 0.000764192477102 0.000930934346212 0.000651080699325 0.000791797585524 0.000756627119427 0.000864237667001 0.001044918655657 0.000440029713552 0.000651664206983 0.000920666807046 0.000957347909804 0.000440494633054 0.000582525994213 0.000932985247650 0.000813902234086 0.000516142454734 0.001474578247444 0.000709730404850 0.000708776724049 0.000828064318243 0.000771481869294 0.000440494633054 0.000565920502586 0.000661599837812 0.000867283642723 0.000801737805434 0.000595074301469 0.000675041705156 0.000721700984164 0.000792886442445 0.000708695641788 0.000753710720206 0.000650540392104 0.000755992936714 0.000733724948557 0.000789778268866 0.001056848956396 0.000428053542573 0.000536850565944 0.000861807903255 0.000729834685887 0.001136702923899 0.000555060281201 0.000623701337404 0.000619851650562 0.000662616637349 0.000943936856256 0.000500198500452 0.000624299022364 0.000614650031890 0.000664853687696 0.000887009056752 0.000433572174707 0.000585160211473 0.000660301585117 0.000739553088700 0.000888506398687 0.000489510476725 0.000518178465953 0.000627689968083 0.000704651091350 0.000804312116961 0.000421609399124 0.000627551768124 0.000551461637881 0.000700001749370 0.000825492099095 0.000241126806360 0.000320889431244 0.000391746454538 0.000431741106282 0.000509623035730 0.000499660650679 0.000581092931666 0.000671587810282 0.000719340627466 0.000899146020605 0.000489988522855 0.000634047299274 0.000681603867758 0.000622784410727 0.000810175791231 0.000176237817518 0.000276798746444 0.000371549246517 0.000509107457356 0.000536562487907 0.000239311527382 0.000317105015626 0.000378214720047 0.000408389481621 0.000522955872720 0.000396012377733 0.000515676288608 0.000572659733421 0.000651511227283 0.000866507423957 
0.000159526531906 0.000357812613417 0.000557221837412 0.000625181335005 0.000767795744769 0.000224081842048 0.000316332413737 0.000373604950927 0.000535036654839 0.000741124018945 0.000295061465476 0.000391341152641 0.000455524501987 0.000543501278735 0.000840990250613 0.000304201294239 0.000481603871437 0.000830346599783 0.000715521861958 0.000927556127808 0.000431116731552 0.000380501401515 0.000533396810158 0.000735679219133 0.000890089350192 0.000394811357087 0.000513165572764 0.000613287295523 0.000789088634138 0.000943260509491 0.000532405598462 0.000735917697575 0.000963749316659 0.000977398568177 0.001066930358216 0.000675121295240 0.000704139010949 0.000872401134772 0.000856943886594 0.001041098795435 0.000730158268739 0.000888686001579 0.000849754293185 0.000973823756569 0.001181054224024 0.000490058049561 0.000728150550838 0.001045799218837 0.001072492240142 0.000458194532705 0.000641299683094 0.001046775520623 0.000909556362017 0.000563249109699 0.001687238024596 0.000796553945580 0.000795006873497 0.000928054368711 0.000860095153788 0.000458194532705 0.000632155793448 0.000742237051693 0.000975880631690 0.000903245972152 0.000662290884260 0.000758013228292 0.000809866440622 0.000894171157638 0.000791305032624 0.000849094498840 0.000730048333379 0.000847980758504 0.000822121652685 0.000885668409499 0.001196762599863 0.000473247154971 0.000596442640160 0.000970330797940 0.000813745800370 0.001290553371724 0.000618848874534 0.000693986704399 0.000686813663960 0.000745856874329 0.001064853227454 0.000555795669947 0.000697047658700 0.000686224961732 0.000743933949200 0.000997596122075 0.000481577672506 0.000654282801744 0.000739553088700 0.000829727684314 0.001001615562083 0.000542405164724 0.000572643022302 0.000703303312905 0.000793129590421 0.000905168919885 0.000473528409130 0.000704958091423 0.000616829119836 0.000786101688449 0.000928908082933 0.000263019604050 0.000351779222517 0.000431922396869 0.000475836132483 0.000565195837723 0.000554606625211 0.000647447945374 0.000752025479630 0.000806978711763 0.001013535871527 0.000541226836587 0.000712539114943 0.000765746617436 0.000695473646203 0.000909047024455 0.000191068952470 0.000303391651994 0.000410499222510 0.000567019928879 0.000598659221644 0.000262128908452 0.000347357266432 0.000418154576210 0.000452420726183 0.000580604550607 0.000438351120109 0.000574322344181 0.000639114123662 0.000728889304675 0.000976477983050 
0.000173375221638 0.000413665798982 0.000649418595872 0.000745431415069 0.000910201982225 0.000250791718176 0.000351424205841 0.000437267880368 0.000633016886302 0.000886674979056 0.000332364427305 0.000456315665091 0.000523735065888 0.000634543641388 0.001020340916559 0.000340118005343 0.000563444460734 0.001016881599758 0.000845381690136 0.001149659182486 0.000501295402205 0.000429362878670 0.000625911219939 0.000881544341945 0.001068562259315 0.000462102390563 0.000605906103439 0.000727241454055 0.000955529689339 0.001152757194233 0.000621872732553 0.000882055912923 0.001168447115830 0.001215323881188 0.001281549274892 0.000799213976893 0.000838663350135 0.001048602092621 0.001033026509054 0.001245478860145 0.000880374223636 0.001073947886210 0.001028730850622 0.001189772735033 0.001455190961785 0.000579339735252 0.000868961258108 0.001305918423294 0.001289315795398 0.000431529112389 0.000732776301545 0.001263729596017 0.001085873978297 0.000626493280047 0.002147727927904 0.000962532655823 0.000959054166871 0.001117013592959 0.001019857508418 0.000431529112389 0.000753768103094 0.000895890653295 0.001187662078775 0.001103030090706 0.000781456898808 0.000917282773429 0.000978205681751 0.001094964892199 0.000942393578162 0.001036754306981 0.000881917076059 0.001023004050030 0.000988830321556 0.001067765891850 0.001481998314719 0.000547652645358 0.000700194048651 0.001182966678124 0.000965175611880 0.001609400355729 0.000733914460687 0.000818294889470 0.000799999675694 0.000908630689167 0.001305104410740 0.000652727432406 0.000830060957980 0.000817005687600 0.000891342552114 0.001212474743086 0.000564931090877 0.000782306910788 0.000888506398687 0.001001615562083 0.001225226108140 0.000631838357888 0.000661838502766 0.000845889013951 0.000966077876422 0.001102092288736 0.000573353024612 0.000853997366917 0.000738288836148 0.000951477112591 0.001130670561962 0.000292156678108 0.000396843968000 0.000495772506178 0.000545550515019 0.000660112669864 0.000649314775608 0.000766386065210 0.000902921147204 0.000973910830243 0.001239559753090 0.000624626480460 0.000864139819507 0.000927871199994 0.000828583861492 0.001097655614532 0.000208171680989 0.000342076000132 0.000474086914930 0.000670426640147 0.000711445235722 0.000294950595012 0.000390911354513 0.000483926303878 0.000526682665977 0.000680233505893 0.000509079315984 0.000679014395574 0.000760133216906 0.000872926912640 0.001193340509454 
0.000131607697166 0.000259910698499 0.000397335275210 0.000421873546810 0.000525616917006 0.000174537389648 0.000250111546326 0.000263775961898 0.000368061251831 0.000495842547269 0.000226788561664 0.000278732782067 0.000335007489719 0.000385963727511 0.000542467553553 0.000237430809208 0.000340347318165 0.000522147446196 0.000493888596208 0.000563735888116 0.000309055035816 0.000291381886224 0.000374284387571 0.000490230879353 0.000590288840283 0.000278727672065 0.000354772588563 0.000419551580105 0.000511609223149 0.000596572536290 0.000377680864314 0.000490068437480 0.000622836294023 0.000588495941325 0.000706587877558 0.000463774727200 0.000476453372386 0.000576744266994 0.000562250961567 0.000696657016366 0.000478802268903 0.000579296113005 0.000551312944013 0.000616380327025 0.000730136463583 0.000337776727987 0.000490282785683 0.000621791400609 0.000708726016405 0.000472561099996 0.000478110752573 0.000684147108223 0.000611821211295 0.000444255681653 0.000945063524360 0.000519348296150 0.000520629507103 0.000611376513814 0.000588465929485 0.000472561099996 0.000426550420049 0.000485367171732 0.000624262286258 0.000572439679776 0.000458615952045 0.000492339172248 0.000528616293194 0.000562395101118 0.000535560190022 0.000538329699983 0.000476345857284 0.000555256704656 0.000542561286717 0.000580937187322 0.000729241075292 0.000343001818752 0.000418093720693 0.000617782114370 0.000556360335708 0.000770371476750 0.000423245214532 0.000481362503403 0.000490386951535 0.000475821431137 0.000668139565259 0.000389243974958 0.000471877398151 0.000464788956801 0.000495864189346 0.000640452463024 0.000338169512968 0.000438413787417 0.000489510476725 0.000542405164724 0.000631838357888 0.000387214086758 0.000416233993355 0.000464188307443 0.000506181559277 0.000578334882330 0.000307093841115 0.000456573634910 0.000412229722485 0.000510292539241 0.000593965575419 0.000208016925805 0.000269541195698 0.000318825610796 0.000352133612885 0.000401027856391 0.000391280618888 0.000444861256662 0.000498576722750 0.000527879707159 0.000639710672830 0.000394682937258 0.000460119236715 0.000495611454617 0.000470246470905 0.000593846416290 0.000156895803614 0.000232724125377 0.000298878473558 0.000390675853264 0.000407338790289 0.000201928383550 0.000267496687851 0.000303031661021 0.000323451552100 0.000408937560620 0.000315135046521 0.000395773228256 0.000433994851820 0.000486391214298 0.000617597850009 
0.000145167962755 0.000280323013087 0.000427018567833 0.000448394859271 0.000560316555969 0.000190656921451 0.000273921955526 0.000282932696736 0.000392748080123 0.000526071905338 0.000247153626070 0.000299489193779 0.000362162152850 0.000414465919766 0.000571046113217 0.000259452268376 0.000365132742378 0.000546549646251 0.000527376106170 0.000585454895692 0.000332485912867 0.000317338622346 0.000400979780973 0.000519679934182 0.000625114955521 0.000298965924505 0.000378948378710 0.000447185577078 0.000539166884774 0.000625263075129 0.000405486822940 0.000519435927287 0.000655922410593 0.000609813462963 0.000748055811359 0.000494739913555 0.000506692515919 0.000610363962787 0.000594063062712 0.000739155633759 0.000505833130173 0.000611214509608 0.000581094404820 0.000646135961765 0.000761287984969 0.000360574514364 0.000520867569356 0.000642364106967 0.000749971999368 0.000538317622729 0.000518176521471 0.000722253636440 0.000649853598206 0.000486344469072 0.000961781182706 0.000547988573933 0.000549863393626 0.000646528481976 0.000627241320281 0.000538317622729 0.000453359236370 0.000512460804545 0.000655946360042 0.000600246162022 0.000490028951249 0.000519060458853 0.000557902029545 0.000588704960097 0.000569578449165 0.000564528372990 0.000502696641990 0.000586420384738 0.000573975939869 0.000613770180886 0.000757799770985 0.000369784159260 0.000447822537767 0.000648455284709 0.000592934475085 0.000796626165450 0.000451098322426 0.000514505161573 0.000527156295613 0.000499669651443 0.000699015853575 0.000416845563997 0.000501875050264 0.000494388372742 0.000525681287199 0.000673493384282 0.000362341383283 0.000465291432459 0.000518178465953 0.000572643022302 0.000661838502766 0.000416233993355 0.000448979280250 0.000491074474398 0.000531598665812 0.000607526456787 0.000323653614484 0.000481054482328 0.000437260439780 0.000537921646148 0.000624054048491 0.000227830831050 0.000293582331375 0.000344906694393 0.000381119518085 0.000430570753847 0.000419636688295 0.000474584603018 0.000527958060549 0.000557386585790 0.000670167865445 0.000425995876635 0.000484476531041 0.000522109009045 0.000500016088969 0.000626858399806 0.000172929155096 0.000253531692874 0.000322494004488 0.000417012128222 0.000433688304790 0.000220148679135 0.000291616586798 0.000326684834839 0.000347792006434 0.000438428686193 0.000339212543893 0.000422467395923 0.000461878236208 0.000515762653461 0.000647303466804 
0.000138927359099 0.000306821829952 0.000476806456591 0.000531712332996 0.000654023554528 0.000193745388046 0.000274011790711 0.000319331520396 0.000455997174645 0.000629741431577 0.000254703884866 0.000334821553791 0.000391168179528 0.000464850503865 0.000711859210401 0.000263084447586 0.000411685040011 0.000701024098562 0.000610046194560 0.000780442191542 0.000369122851449 0.000328311460165 0.000455597121905 0.000624847752549 0.000755610928411 0.000337454481696 0.000437595446365 0.000522370576034 0.000668282427900 0.000796816478068 0.000455305761393 0.000625006696578 0.000815929854189 0.000821628694264 0.000905601309731 0.000575298855989 0.000599041557810 0.000740348951501 0.000726651368408 0.000884649523465 0.000619106935779 0.000753054206623 0.000719710750751 0.000822699528744 0.000995408133569 0.000417752295441 0.000619141109313 0.000878057701802 0.000910112495565 0.000411860226914 0.000551576188443 0.000887260161538 0.000773306801657 0.000487747685308 0.001408728240865 0.000674998205428 0.000673997952620 0.000787285037870 0.000732600249273 0.000411860226914 0.000537640057210 0.000629164655309 0.000825330103652 0.000763173715585 0.000564861516111 0.000642083657674 0.000686359022071 0.000754923595980 0.000673214594952 0.000717448221738 0.000618690173998 0.000718899931697 0.000697552098598 0.000750986773549 0.001007208094401 0.000405703137013 0.000509388935336 0.000820238857931 0.000693067961603 0.001083969456394 0.000527092609023 0.000592002886439 0.000587783690246 0.000630616491212 0.000898807581069 0.000474626133762 0.000593038811840 0.000583863323138 0.000631876891768 0.000844007478136 0.000411369634040 0.000556042604776 0.000627689968083 0.000703303312905 0.000845889013951 0.000464188307443 0.000491074474398 0.000596742986454 0.000670612685416 0.000765433051641 0.000401043960548 0.000596965544615 0.000524064992760 0.000665836892364 0.000785570319207 0.000227839282071 0.000303549780520 0.000371060133905 0.000408907136793 0.000483359190997 0.000474000106943 0.000551730374684 0.000638385832450 0.000684067502464 0.000856003876844 0.000464307551193 0.000603200094765 0.000648396752951 0.000591622943093 0.000770481116332 0.000166297193783 0.000261831304904 0.000352094794476 0.000483338795339 0.000509611733722 0.000226337111162 0.000299916417229 0.000358468203506 0.000387244536492 0.000496126560500 0.000375438245265 0.000489572474958 0.000543931092421 0.000619173690343 0.000824879099799 
0.000142193369791 0.000332230601569 0.000520180641619 0.000592637320299 0.000724998901834 0.000203626536044 0.000286054063137 0.000349760230363 0.000504540588998 0.000704153480888 0.000269270483175 0.000365446984622 0.000421403866554 0.000507970557472 0.000806646444794 0.000276248245246 0.000450745336772 0.000801507841195 0.000674109762224 0.000902704835605 0.000401839978202 0.000347648105614 0.000500223892252 0.000699722265241 0.000847654049534 0.000369620946808 0.000483254046532 0.000579212806895 0.000755877002923 0.000909210794335 0.000497752243589 0.000700070191344 0.000923945812614 0.000953296791216 0.001016432764082 0.000636886849867 0.000666995284534 0.000831492778441 0.000818371208543 0.000989119358309 0.000697391624614 0.000850109512222 0.000813849569005 0.000938490703519 0.001144763295673 0.000461878063601 0.000690651399275 0.001022983679946 0.001022313747666 0.000372776538726 0.000590822420155 0.001000658558110 0.000862943652077 0.000509744849391 0.001672324613551 0.000761935651926 0.000759592865047 0.000885350376101 0.000812280639983 0.000372776538726 0.000599259839906 0.000709439285806 0.000937993239208 0.000870198027138 0.000623405645435 0.000725778704987 0.000774447870913 0.000863073195391 0.000749515686415 0.000817949096514 0.000698185159102 0.000810231131269 0.000783926440876 0.000845863184561 0.001163986043279 0.000439698160940 0.000559510798950 0.000933763044515 0.000768656413207 0.001261245468151 0.000584507234612 0.000652939707140 0.000640915072315 0.000717388531884 0.001028424868805 0.000521515261744 0.000660194205920 0.000649853964577 0.000707523550055 0.000957999281023 0.000451534549576 0.000621391194104 0.000704651091350 0.000793129590421 0.000966077876422 0.000506181559277 0.000531598665812 0.000670612685416 0.000762780649253 0.000870288262590 0.000453568292189 0.000675471739783 0.000586230205021 0.000752782156973 0.000892938097622 0.000237822439975 0.000321347714047 0.000399126524262 0.000439369411309 0.000528375788066 0.000519318225045 0.000610744279200 0.000716229329526 0.000771253696845 0.000977442312677 0.000501950268403 0.000683249821266 0.000733842968291 0.000658916475294 0.000869105141717 0.000170585217369 0.000277048580208 0.000380887736208 0.000534469966363 0.000566228690808 0.000239046085110 0.000316801915745 0.000388526210892 0.000422027245863 0.000543920050216 0.000408246222304 0.000541328303567 0.000604820009336 0.000693006109129 0.000941222908413 
0.000162823230036 0.000379679325234 0.000594320163433 0.000676616786206 0.000827885140017 0.000232949082540 0.000327324118274 0.000399556809380 0.000576177045680 0.000803849701370 0.000307982383944 0.000417526369869 0.000481672535849 0.000580337488158 0.000920450039272 0.000316038648748 0.000514926032990 0.000914319847473 0.000769855877027 0.001029375529444 0.000459146229663 0.000397605599446 0.000571395620352 0.000798751713032 0.000967563142988 0.000422244746181 0.000551903575651 0.000661404330382 0.000862569842950 0.001037249331517 0.000568655241593 0.000799142458061 0.001054321761369 0.001086958674229 0.001160197760045 0.000727301129750 0.000761537666866 0.000949079492013 0.000934017073181 0.001129164306109 0.000795936356200 0.000970165129619 0.000928732656961 0.001070661971575 0.001305641353890 0.000527470387818 0.000788498369864 0.001166262635719 0.001166879723521 0.000428876440822 0.000675454226829 0.001142011020504 0.000985187700869 0.000583264817300 0.001905421180514 0.000869541197633 0.000866913048939 0.001010510359800 0.000927546439317 0.000428876440822 0.000684177156065 0.000809659428616 0.001070224224524 0.000992765800379 0.000711979738349 0.000828240556547 0.000883832164776 0.000984552729591 0.000855757348718 0.000933161707742 0.000796794572346 0.000924704542481 0.000894767684317 0.000965390811886 0.001327357560198 0.000502479715920 0.000639109139830 0.001065339749583 0.000877723835148 0.001437954773728 0.000667447813528 0.000745726146237 0.000732275567450 0.000818494741190 0.001173146381754 0.000595700963958 0.000753777040097 0.000741975844078 0.000807659739463 0.001093096024269 0.000515783768380 0.000709383110283 0.000804312116961 0.000905168919885 0.001102092288736 0.000578334882330 0.000607526456787 0.000765433051641 0.000870288262590 0.000992961008653 0.000517591515422 0.000770805585517 0.000669221394086 0.000859050456779 0.001018812640133 0.000272135157316 0.000367529016582 0.000456233274825 0.000502252451998 0.000603642748491 0.000593249521802 0.000697449234145 0.000817544075521 0.000880209664289 0.001115063679104 0.000573669698521 0.000779654375629 0.000837408539897 0.000752306844515 0.000991868782421 0.000195318602845 0.000316868976291 0.000435299871210 0.000610368252208 0.000646533350602 0.000273422169190 0.000362357894084 0.000444000448530 0.000482194538941 0.000621339815705 0.000466484294024 0.000618201850176 0.000690580346130 0.000791098727789 0.001073769842321 
0.000088983960717 0.000202245907598 0.000315516972251 0.000355799943511 0.000436398379674 0.000125770980849 0.000177268432329 0.000211745194576 0.000303968607723 0.000422106271315 0.000165838525719 0.000221613997742 0.000257165071025 0.000307867574285 0.000480505949665 0.000170703037006 0.000272930728345 0.000475438225668 0.000406381386659 0.000532570308178 0.000243988579571 0.000213940959129 0.000302483163022 0.000419153517668 0.000507342365508 0.000223765739844 0.000291410709911 0.000348601146209 0.000450654202686 0.000539832501887 0.000301612785977 0.000419313600236 0.000550555975533 0.000561604881529 0.000608213736013 0.000383603644233 0.000400638061415 0.000497396919603 0.000488906037264 0.000592947573067 0.000416591774888 0.000507300497227 0.000485272858463 0.000557287997396 0.000677190917287 0.000278365561472 0.000414482200939 0.000601501621675 0.000611500753842 0.000248457731352 0.000361555890561 0.000597409301599 0.000517788815932 0.000315718828443 0.000974808559963 0.000454699306306 0.000453643676955 0.000529290177304 0.000488884759145 0.000248457731352 0.000359771433683 0.000423585461687 0.000557969370490 0.000516843498058 0.000376038053892 0.000432840683039 0.000462254196165 0.000511974266924 0.000450223910627 0.000485841913455 0.000416708674589 0.000483876249666 0.000468801279808 0.000505306106977 0.000686996796762 0.000267549995276 0.000338268111347 0.000555016929852 0.000462569106708 0.000742043924122 0.000351770792682 0.000393974297233 0.000388847504196 0.000426548705030 0.000609822527615 0.000315242377823 0.000396586501550 0.000390410967544 0.000423846660319 0.000570212222970 0.000273078551670 0.000372595368188 0.000421609399124 0.000473528409130 0.000573353024612 0.000307093841115 0.000323653614484 0.000401043960548 0.000453568292189 0.000517591515422 0.000270429493646 0.000402643495196 0.000351348497745 0.000448901634997 0.000531131094852 0.000147388302655 0.000197779984746 0.000243751984505 0.000268467089286 0.000320182281361 0.000314351797235 0.000367872369955 0.000428658664449 0.000460519436273 0.000580149971432 0.000305800667948 0.000407076250623 0.000437388488280 0.000395733556961 0.000518827186247 0.000106633635268 0.000170555677338 0.000231973385027 0.000322092998906 0.000340452508316 0.000147294796445 0.000195192611511 0.000236406448948 0.000256111450561 0.000329139051078 0.000248015508072 0.000326236127718 0.000363524430577 0.000415233364503 0.000558841765748 
0.000131964835770 0.000300606371484 0.000469105337013 0.000529446231222 0.000649240166492 0.000186717372365 0.000263099156880 0.000314868521776 0.000452187878348 0.000628192715426 0.000246258388688 0.000329497953234 0.000382157527550 0.000457762135275 0.000715481700251 0.000253413463342 0.000405846380935 0.000708185963222 0.000604507335843 0.000793649266120 0.000362727335023 0.000317707433279 0.000449840635099 0.000623835056388 0.000755141262633 0.000332743653314 0.000433473722182 0.000518627610469 0.000670983211279 0.000804040559367 0.000448469580907 0.000624079303218 0.000819765370610 0.000837019669620 0.000905299007149 0.000570666269471 0.000596143105169 0.000740372023242 0.000727813055762 0.000882442253492 0.000620166873664 0.000755266500396 0.000722520348779 0.000830030357497 0.001008938204829 0.000414088147168 0.000616788116106 0.000896627907996 0.000910220386995 0.000366666324125 0.000537164522225 0.000889386560165 0.000770529306977 0.000468605700486 0.001454170882402 0.000676952073902 0.000675337842469 0.000787885179195 0.000727331695500 0.000366666324125 0.000535356537055 0.000630603398609 0.000830923037929 0.000769778332697 0.000559343007392 0.000644444166423 0.000688188773005 0.000762605896103 0.000669923708542 0.000723601194775 0.000620385298408 0.000720346165819 0.000697825179358 0.000752230107625 0.001023744395290 0.000397684779302 0.000503066606593 0.000826580735211 0.000688188303088 0.001106070674557 0.000523345293800 0.000586007585040 0.000578119851215 0.000635236643542 0.000908384568986 0.000468829814919 0.000590110295834 0.000580916816201 0.000630817486415 0.000849112265379 0.000406106675108 0.000554496400001 0.000627551768124 0.000704958091423 0.000853997366917 0.000456573634910 0.000481054482328 0.000596965544615 0.000675471739783 0.000770805585517 0.000402643495196 0.000599508724933 0.000522897099441 0.000668362264467 0.000790960338814 0.000218750420971 0.000293705084818 0.000362203017809 0.000398911593582 0.000476079043591 0.000467451590860 0.000547261899703 0.000638029258425 0.000685584745289 0.000864114730084 0.000454495058589 0.000606134174565 0.000651247837243 0.000588851694450 0.000772403595649 0.000158153606592 0.000253271853059 0.000344778439126 0.000479138512942 0.000506545789673 0.000218713723280 0.000289837419778 0.000351393941439 0.000380766325864 0.000489453567284 0.000368697215497 0.000485300506047 0.000540889845593 0.000617987837653 0.000832353141736 
0.000126128252113 0.000273172546477 0.000423364646737 0.000468402364805 0.000577322903857 0.000174320421256 0.000247110938777 0.000283131816690 0.000402798695788 0.000554092396818 0.000228700859318 0.000297244310192 0.000348906952958 0.000412502204194 0.000623188804667 0.000236782569890 0.000365065952057 0.000611591511922 0.000539135807973 0.000677802951862 0.000328005294537 0.000294627978396 0.000403591277118 0.000549478733663 0.000664025731625 0.000299197136446 0.000386817657710 0.000461063979926 0.000585451252859 0.000695701667268 0.000403969671472 0.000549568238084 0.000714482216429 0.000712699259988 0.000795683154422 0.000508080326536 0.000527917755212 0.000650329694287 0.000637628402797 0.000778397710951 0.000543218140955 0.000660204150726 0.000630563401705 0.000718375348256 0.000866445289913 0.000369118046728 0.000545253299790 0.000760400242244 0.000799404912246 0.000388341540686 0.000492987003157 0.000778144883847 0.000680926160621 0.000439697380305 0.001210768209872 0.000591789401765 0.000591271471838 0.000691220631170 0.000646631913675 0.000388341540686 0.000473619677253 0.000551830570478 0.000721707153725 0.000666512865669 0.000499432365345 0.000562637435126 0.000601841981827 0.000658632577306 0.000593303987692 0.000626611658094 0.000542478865682 0.000630652148949 0.000612588856923 0.000658957335604 0.000875044508282 0.000361091881267 0.000451175951477 0.000716794847514 0.000611677164414 0.000939204379291 0.000465214501402 0.000523554226700 0.000522003278519 0.000551236786058 0.000783911145794 0.000420330295779 0.000522662437675 0.000514613001378 0.000555680768611 0.000738400674958 0.000364450659560 0.000489351808279 0.000551461637881 0.000616829119836 0.000738288836148 0.000412229722485 0.000437260439780 0.000524064992760 0.000586230205021 0.000669221394086 0.000351348497745 0.000522897099441 0.000461039515763 0.000583406082294 0.000686900260686 0.000205480224963 0.000272430509055 0.000331153278388 0.000365067985681 0.000428873425686 0.000420222301609 0.000487280695039 0.000560985482135 0.000600012649275 0.000747172545993 0.000413625716406 0.000528144044513 0.000567894815501 0.000521326302373 0.000675682705807 0.000150864571111 0.000235028735036 0.000313588376919 0.000427046050227 0.000449458496947 0.000203299692069 0.000269376516222 0.000319044725030 0.000343972473978 0.000439731929846 0.000333755906724 0.000432564005677 0.000479591072664 0.000544596210178 0.000720205804957 
0.000148130201367 0.000336135958069 0.000524282236643 0.000590858446796 0.000724816610997 0.000209211011289 0.000294929878987 0.000351809118626 0.000504890045191 0.000700905912133 0.000275814368475 0.000368242525652 0.000427474681784 0.000511547605129 0.000797575929964 0.000283959689321 0.000453472119074 0.000788963275544 0.000675022114327 0.000883479634676 0.000405451022275 0.000355799588361 0.000502533124629 0.000695973382543 0.000842361974566 0.000371780630562 0.000484057834572 0.000578989290180 0.000748065125025 0.000895872972696 0.000501148678694 0.000696234375706 0.000913867344229 0.000931562812836 0.001009828332158 0.000637153556173 0.000665338249322 0.000825821976595 0.000811660705649 0.000984589047871 0.000691603752497 0.000842141849626 0.000805536032079 0.000924848167626 0.001123573688049 0.000462373405183 0.000688292908152 0.000997624445989 0.001015262700556 0.000415049921747 0.000601097051099 0.000991753445540 0.000859835715988 0.000525259863904 0.001615913246343 0.000754823115935 0.000753104944124 0.000878741635803 0.000811986482373 0.000415049921747 0.000597453251505 0.000703194030063 0.000926077040106 0.000857739340428 0.000624642230991 0.000718508620337 0.000767373396252 0.000849594483592 0.000747687190923 0.000806293073847 0.000691762169615 0.000803293818816 0.000778330873901 0.000838884996973 0.001139685472902 0.000444660946100 0.000561978302719 0.000921133073034 0.000768273021066 0.001230767173166 0.000584252067683 0.000654448376876 0.000646142427156 0.000707935215050 0.001011944599559 0.000523719361835 0.000658613172125 0.000648361003346 0.000703767984742 0.000946431142099 0.000453685218975 0.000618703299754 0.000700001749370 0.000786101688449 0.000951477112591 0.000510292539241 0.000537921646148 0.000665836892364 0.000752782156973 0.000859050456779 0.000448901634997 0.000668362264467 0.000583406082294 0.000745165204533 0.000881529106987 0.000245217772007 0.000328925037693 0.000405196442423 0.000446294621649 0.000532004363389 0.000522282980858 0.000611025858305 0.000711717839374 0.000764510740853 0.000962761876940 0.000508268919901 0.000675699973393 0.000726031747818 0.000657188204811 0.000861295774575 0.000177500109799 0.000283652608906 0.000385554023300 0.000535003752451 0.000565422166211 0.000244980227628 0.000324642404791 0.000392900600961 0.000425583151056 0.000546841105012 0.000412156295610 0.000541886574674 0.000603726867615 0.000689474514330 0.000927419831665 
0.000167481221676 0.000390005907444 0.000610376267831 0.000694548981357 0.000849933746005 0.000239456555266 0.000336523376637 0.000410313048120 0.000591547698113 0.000825092843984 0.000316540727932 0.000428801599986 0.000494833259337 0.000595992788653 0.000944486368597 0.000324874515775 0.000528792706710 0.000938005775055 0.000790417276989 0.001055767303507 0.000471574304255 0.000408638455694 0.000586744403026 0.000819832029075 0.000993058225566 0.000433611455164 0.000566651942802 0.000679014951491 0.000885131768605 0.001064167914992 0.000583989551344 0.000820228504158 0.001081870734073 0.001114749620970 0.001190754791133 0.000746693922108 0.000781739080238 0.000974061697322 0.000958541966115 0.001159006157602 0.000816831865652 0.000995585468067 0.000953030431810 0.001098454403591 0.001339288260725 0.000541551140828 0.000809380361087 0.001195971372193 0.001197590741994 0.000442579847267 0.000694004490917 0.001171959593960 0.001011269986722 0.000599640937609 0.001953152217729 0.000892326527601 0.000889661987339 0.001037078842579 0.000952244427387 0.000442579847267 0.000702309299632 0.000830895951040 0.001098097951057 0.001018546489951 0.000731016527971 0.000849916976240 0.000907000317077 0.001010059662378 0.000878459947145 0.000957397508877 0.000817678749232 0.000948969096529 0.000918306840581 0.000990737222187 0.001361415564321 0.000516135168154 0.000656270624408 0.001093044898220 0.000901089529693 0.001474626911759 0.000685217754760 0.000765676736251 0.000752068016051 0.000839793930028 0.001203516636056 0.000611691684496 0.000773775769430 0.000761664881219 0.000828977043816 0.001121597895925 0.000529642273935 0.000728139393267 0.000825492099095 0.000928908082933 0.001130670561962 0.000593965575419 0.000624054048491 0.000785570319207 0.000892938097622 0.001018812640133 0.000531131094852 0.000790960338814 0.000686900260686 0.000881529106987 0.001045343852510 0.000279784224782 0.000377729586549 0.000468716138652 0.000516007519565 0.000619921775991 0.000609215884370 0.000716047444433 0.000839084036857 0.000903299148864 0.001143983275884 0.000589294967434 0.000800021186041 0.000859300095592 0.000772258473265 0.001017875923280 0.000200895076616 0.000325667335869 0.000447149397847 0.000626659831082 0.000663716351634 0.000281026847582 0.000372434853757 0.000456066078211 0.000495233750588 0.000638052271384 0.000479123988034 0.000634703468245 0.000708921515159 0.000811986835673 0.001101636436749 
0.000080773041479 0.000142170099479 0.000213194951755 0.000212752860715 0.000269583837103 0.000102042559540 0.000148164135911 0.000140036767279 0.000189833564013 0.000247489311960 0.000131010433080 0.000149376008848 0.000185548589612 0.000206190083733 0.000258519907483 0.000139067274786 0.000180872369456 0.000240374752609 0.000255714851021 0.000246915397371 0.000166760606883 0.000167756043209 0.000197378100183 0.000243494608196 0.000291466629858 0.000147962670373 0.000184015693365 0.000215010876148 0.000245461637726 0.000276844009068 0.000201534802868 0.000243218298820 0.000297565849797 0.000254067664257 0.000348293170646 0.000238814137321 0.000241058632255 0.000283669083500 0.000273917773559 0.000347793734991 0.000233100486480 0.000279884046290 0.000264742860799 0.000286342435027 0.000328030444746 0.000174601283773 0.000246605994710 0.000263127206285 0.000348400585609 0.000336523404118 0.000268381569831 0.000331661957414 0.000307372675716 0.000262617902612 0.000360286794917 0.000250988448976 0.000253032327203 0.000299377364326 0.000301618659016 0.000336523404118 0.000215093694070 0.000235457861166 0.000294221133200 0.000266398381149 0.000238316057234 0.000236765410815 0.000255833489172 0.000258975856310 0.000271039024982 0.000250658247931 0.000230429654522 0.000269821905179 0.000266277577683 0.000282922250529 0.000320668534311 0.000187196678103 0.000220232333501 0.000289308953352 0.000284929331081 0.000328089660294 0.000216837928379 0.000250603691974 0.000263489466961 0.000223437190221 0.000306633275307 0.000204828991875 0.000238876755186 0.000235431105881 0.000246373386887 0.000303309582473 0.000178475553786 0.000219232162317 0.000241126806360 0.000263019604050 0.000292156678108 0.000208016925805 0.000227830831050 0.000227839282071 0.000237822439975 0.000272135157316 0.000147388302655 0.000218750420971 0.000205480224963 0.000245217772007 0.000279784224782 0.000123257219495 0.000155263528977 0.000177234619075 0.000196241152156 0.000214042240135 0.000207562725586 0.000229132045092 0.000246089610482 0.000256190642247 0.000296023609457 0.000216751316442 0.000219594642947 0.000237245686093 0.000237712353979 0.000287709146288 0.000095932451488 0.000134192727616 0.000163874479553 0.000201858729628 0.000207444195322 0.000116887983535 0.000154797206592 0.000165360201828 0.000174033187029 0.000216535431195 0.000170547090413 0.000204531368616 0.000220500452839 0.000242004401882 0.000286611651489 
0.000100769181592 0.000183236230422 0.000276350921592 0.000281045414719 0.000354260329260 0.000129022657267 0.000186650524924 0.000182099488286 0.000249031796428 0.000327989060157 0.000166211135108 0.000193696729844 0.000238271062288 0.000267620622576 0.000347701258836 0.000175746370810 0.000235128697533 0.000326984161493 0.000335061528112 0.000341568241062 0.000215799736985 0.000213034156886 0.000257183449305 0.000323191752437 0.000387587071490 0.000192410724868 0.000240982490841 0.000282616044848 0.000329420215188 0.000375597921897 0.000261667959884 0.000322906806393 0.000399892079330 0.000353213244708 0.000463405675059 0.000313441726820 0.000318115583835 0.000377684783270 0.000365809176388 0.000460889042276 0.000311368245137 0.000374773598016 0.000355196011554 0.000388347398400 0.000449874589388 0.000228893415887 0.000326031265448 0.000368364999387 0.000463947407952 0.000404099456442 0.000343300593623 0.000443624539020 0.000406520250231 0.000331029072521 0.000523839413168 0.000336052292730 0.000338176593024 0.000399158912865 0.000396438233566 0.000404099456442 0.000284144947851 0.000314874947057 0.000397147382014 0.000361089007016 0.000311917454378 0.000317511746610 0.000342382081265 0.000352254595156 0.000357648466751 0.000339694389763 0.000308429866039 0.000360632740574 0.000354773650776 0.000377876635752 0.000442995506397 0.000241429794687 0.000287060371723 0.000391335564351 0.000374596947789 0.000458284948117 0.000285044259706 0.000327813113270 0.000341402592259 0.000301963712994 0.000417544937425 0.000267064462964 0.000315181522594 0.000310576675239 0.000326979006260 0.000408772773804 0.000232497306247 0.000290371392737 0.000320889431244 0.000351779222517 0.000396843968000 0.000269541195698 0.000293582331375 0.000303549780520 0.000321347714047 0.000367529016582 0.000197779984746 0.000293705084818 0.000272430509055 0.000328925037693 0.000377729586549 0.000155263528977 0.000197140371566 0.000227351515073 0.000251549230923 0.000277888160545 0.000269972846774 0.000300711013086 0.000327284383201 0.000342553805132 0.000401994630912 0.000279033336638 0.000295209009377 0.000318628020748 0.000313784169628 0.000384909819644 0.000119803591873 0.000170337107786 0.000211062201316 0.000264661425166 0.000273200251010 0.000148208360197 0.000196291782700 0.000213275540213 0.000225401692004 0.000281797646164 0.000220505011675 0.000268149956217 0.000290606684223 0.000321039453201 0.000388845028638 
0.000113577156140 0.000215322199224 0.000327025041166 0.000340176693362 0.000426165927122 0.000147996629891 0.000213081656049 0.000216325561355 0.000298969014797 0.000398492865152 0.000191484123159 0.000229315896761 0.000278726947518 0.000317198125401 0.000429627122615 0.000201457918327 0.000279218036100 0.000409153801284 0.000401685391424 0.000435217415234 0.000254849593648 0.000245727874406 0.000306267909283 0.000393364990256 0.000472758712930 0.000228581487367 0.000288711168966 0.000340079420323 0.000406040657073 0.000468615671519 0.000310271719650 0.000393133378965 0.000493663849564 0.000452421266931 0.000565592145164 0.000376515810465 0.000384591239905 0.000461336530872 0.000448385636359 0.000559918398292 0.000381752491613 0.000460768683287 0.000437671784368 0.000484333601151 0.000567943862598 0.000274570051631 0.000395003921807 0.000475266712496 0.000566813657418 0.000431886717418 0.000399638873679 0.000544746146323 0.000492733983026 0.000378194405756 0.000701839383368 0.000413121691641 0.000414878350239 0.000488352673552 0.000477019953204 0.000431886717418 0.000343938697239 0.000386552584101 0.000492710018388 0.000450048996987 0.000373444941763 0.000391031215278 0.000420683512227 0.000440729463242 0.000432341192801 0.000423301153336 0.000379030460174 0.000442451479412 0.000433694037985 0.000463236290900 0.000563644679119 0.000283939327354 0.000341987380474 0.000486633619052 0.000450873727366 0.000589914313913 0.000343039310929 0.000392209201952 0.000403800551011 0.000375124805041 0.000523061130078 0.000318282238234 0.000380966540020 0.000375317614850 0.000397927001224 0.000506243068171 0.000276789772425 0.000352549989271 0.000391746454538 0.000431922396869 0.000495772506178 0.000318825610796 0.000344906694393 0.000371060133905 0.000399126524262 0.000456233274825 0.000243751984505 0.000362203017809 0.000331153278388 0.000405196442423 0.000468716138652 0.000177234619075 0.000227351515073 0.000265599335937 0.000293600739272 0.000329477176939 0.000320807935515 0.000361190469831 0.000399259223259 0.000420466740740 0.000502066949832 0.000327419717708 0.000364573419681 0.000393064179327 0.000379474450651 0.000472753544350 0.000135213895237 0.000196368067174 0.000247806383199 0.000317525455172 0.000329502956953 0.000170617518279 0.000225995268446 0.000250840172570 0.000266464580872 0.000335080883919 0.000260125065314 0.000321688516081 0.000350796920670 0.000390499840702 0.000485136867184 
0.000125872104267 0.000237925509616 0.000361178592305 0.000375123278825 0.000470142727665 0.000163810963301 0.000235930936652 0.000238854191963 0.000329865980035 0.000439318567257 0.000211879915879 0.000253257250376 0.000308083637163 0.000350286848969 0.000473107777190 0.000222995443899 0.000308304325287 0.000450187356121 0.000443240106140 0.000478300109734 0.000281505167729 0.000271877764634 0.000338106539266 0.000433613190855 0.000521054771614 0.000252385970279 0.000318592813334 0.000375165310709 0.000447207270036 0.000515711472921 0.000342628068348 0.000433349322305 0.000543658410553 0.000497039068344 0.000623345645862 0.000415410203262 0.000424134562630 0.000508417079978 0.000494029395304 0.000617285341106 0.000420606115886 0.000507570065355 0.000482055597613 0.000533022749601 0.000624539656608 0.000302962251490 0.000435554820499 0.000521894813200 0.000624650373879 0.000480530721401 0.000441881294669 0.000600126742749 0.000543301867771 0.000418726240284 0.000768875564075 0.000455086451078 0.000457084430545 0.000538132113206 0.000526235815987 0.000480530721401 0.000379270983708 0.000425857817020 0.000542429652229 0.000495312523778 0.000412115448807 0.000430700384907 0.000463432554299 0.000484932964735 0.000476797413362 0.000465880497676 0.000417542096990 0.000487460860240 0.000477928199116 0.000510387421263 0.000619497939046 0.000313727711595 0.000377528629034 0.000535657432107 0.000497381873526 0.000647886271525 0.000378427720045 0.000432842921974 0.000445987949848 0.000412942275490 0.000575475748400 0.000351351046209 0.000420142972528 0.000413919349767 0.000438645509343 0.000557393177745 0.000305570066286 0.000388686619822 0.000431741106282 0.000475836132483 0.000545550515019 0.000352133612885 0.000381119518085 0.000408907136793 0.000439369411309 0.000502252451998 0.000268467089286 0.000398911593582 0.000365067985681 0.000446294621649 0.000516007519565 0.000196241152156 0.000251549230923 0.000293600739272 0.000324574931918 0.000363838449176 0.000354210517120 0.000398504212819 0.000440042675846 0.000463225237590 0.000552487101585 0.000361826896078 0.000401484413739 0.000432891257213 0.000418482712794 0.000520807356914 0.000149836378885 0.000217273818157 0.000273836192246 0.000350355753325 0.000363441028436 0.000188800644811 0.000250078244519 0.000277155140001 0.000294313908187 0.000369952705822 0.000287353954178 0.000354950929763 0.000386905706547 0.000430473128044 0.000533893523770 
0.000135081295218 0.000268874611363 0.000411541554156 0.000438607592833 0.000545918749352 0.000179759940445 0.000257360470147 0.000273388333358 0.000382149157200 0.000515821911643 0.000233766275202 0.000288720557861 0.000346282325773 0.000399872985440 0.000565810241252 0.000244504426138 0.000352727692565 0.000545641941889 0.000512673352074 0.000590630421501 0.000319991742699 0.000300415914213 0.000388084757691 0.000510128907767 0.000614457477663 0.000288886342615 0.000368226214278 0.000435777653779 0.000533424230103 0.000623148182059 0.000391319569354 0.000509983598028 0.000649546918467 0.000617019558305 0.000735590804739 0.000481572877445 0.000495257675006 0.000600492917254 0.000585720918597 0.000724719204177 0.000498808572163 0.000603761111458 0.000574792775579 0.000643801185927 0.000763971220370 0.000350658472952 0.000509808698110 0.000652573396235 0.000737931501005 0.000479394964137 0.000493768434272 0.000712904409672 0.000636231830676 0.000457198835674 0.000996656936622 0.000541273327208 0.000542435838397 0.000636711968185 0.000611219525789 0.000479394964137 0.000443472130103 0.000505749499545 0.000651522338889 0.000597848900591 0.000475954359445 0.000513265894548 0.000550888192380 0.000587691750345 0.000556688099369 0.000562208639006 0.000496428404001 0.000578518191008 0.000564972573492 0.000605199178325 0.000763878405719 0.000354882828233 0.000433539541556 0.000644984533026 0.000577900867423 0.000808255876516 0.000439622125503 0.000499504158104 0.000507875735755 0.000496699148440 0.000698318338511 0.000403649047896 0.000490484931956 0.000483099664773 0.000515981075480 0.000668242693279 0.000350620989461 0.000456029745356 0.000509623035730 0.000565195837723 0.000660112669864 0.000401027856391 0.000430570753847 0.000483359190997 0.000528375788066 0.000603642748491 0.000320182281361 0.000476079043591 0.000428873425686 0.000532004363389 0.000619921775991 0.000214042240135 0.000277888160545 0.000329477176939 0.000363838449176 0.000415503692403 0.000405559495204 0.000461926641569 0.000519001525253 0.000550034022089 0.000668309754041 0.000408190469041 0.000479879754687 0.000516809867429 0.000488830780046 0.000618829466114 0.000161080619929 0.000239914361873 0.000309139125940 0.000405585533969 0.000423251158778 0.000208112263293 0.000275694064294 0.000313530883181 0.000334957814009 0.000423908543274 0.000326225564528 0.000410872729977 0.000451011437820 0.000506082828663 0.000645108818954 
0.000130680346264 0.000262057296771 0.000401567542224 0.000429487726715 0.000534068701739 0.000174472023007 0.000249573597223 0.000266928504095 0.000373736856245 0.000505380273508 0.000227066063795 0.000281743329409 0.000337246703369 0.000390282011496 0.000555709180301 0.000237283565674 0.000344372720929 0.000536833330613 0.000501278899064 0.000582481922229 0.000312132922037 0.000291868774429 0.000379061929267 0.000499934403728 0.000602368711786 0.000282061628906 0.000360005719181 0.000426337549279 0.000523719772217 0.000612845592374 0.000381959309597 0.000499813605404 0.000637868842944 0.000608912076168 0.000721184946058 0.000471014590742 0.000484873566838 0.000588801411384 0.000574606559792 0.000710040947371 0.000489361371288 0.000592562362212 0.000564310131106 0.000633123414991 0.000752528203241 0.000342896489644 0.000499279777380 0.000644581382720 0.000723584302708 0.000458569906420 0.000480487100170 0.000699557759785 0.000623132343529 0.000443427590069 0.000988792294247 0.000531226133626 0.000532209948745 0.000624461599086 0.000597974132998 0.000458569906420 0.000434253077567 0.000496263370503 0.000640252453973 0.000587881686097 0.000465280350436 0.000503867627939 0.000540622158825 0.000578196300626 0.000545007608044 0.000552820891702 0.000487189008953 0.000567616459882 0.000554036533289 0.000593726142148 0.000753201269673 0.000345931876100 0.000423487455292 0.000634032355826 0.000565403352098 0.000798128681950 0.000430106026657 0.000488250224946 0.000495526320058 0.000488197913994 0.000687149485631 0.000394312909277 0.000480186153975 0.000472940176308 0.000505660701717 0.000656523033288 0.000342453377406 0.000446753473802 0.000499660650679 0.000554606625211 0.000649314775608 0.000391280618888 0.000419636688295 0.000474000106943 0.000519318225045 0.000593249521802 0.000314351797235 0.000467451590860 0.000420222301609 0.000522282980858 0.000609215884370 0.000207562725586 0.000269972846774 0.000320807935515 0.000354210517120 0.000405559495204 0.000395994960916 0.000451792767067 0.000508800948190 0.000539705199364 0.000657352819232 0.000397745101523 0.000471277617856 0.000507467251872 0.000478604195888 0.000607263530961 0.000155873031153 0.000233065424772 0.000301257666643 0.000396617327158 0.000414227139546 0.000202120731835 0.000267761939775 0.000305625405366 0.000326786442237 0.000413954939111 0.000318157494633 0.000401783310555 0.000441452936211 0.000495923130655 0.000634441975361 
0.000142576930204 0.000296428361656 0.000456711221651 0.000496569051158 0.000614816715036 0.000193433111026 0.000275530038153 0.000304473870512 0.000429616689239 0.000585832386125 0.000252694494313 0.000320540624286 0.000380106128062 0.000444413870477 0.000651401348015 0.000262917694829 0.000392701482249 0.000634246056680 0.000575645290222 0.000695556443358 0.000354439479495 0.000325153024631 0.000433168724096 0.000580224462098 0.000700128520755 0.000321742624505 0.000413218509358 0.000490899765740 0.000612935433414 0.000722759411272 0.000435073941446 0.000580199711486 0.000747270977012 0.000729268153473 0.000838580615458 0.000541667358961 0.000560143920280 0.000685013779055 0.000670045615786 0.000823030654964 0.000570737473198 0.000692360481013 0.000660303943479 0.000746494514686 0.000893818281664 0.000393935538027 0.000577643737445 0.000775079183437 0.000841928658478 0.000472136573165 0.000539414212792 0.000816717054795 0.000721151522889 0.000489880620987 0.001211990693463 0.000620654187129 0.000620965365210 0.000727282326877 0.000688502627589 0.000472136573165 0.000502089183138 0.000579281064800 0.000752429268702 0.000692876847116 0.000533793978496 0.000589378580274 0.000631416595663 0.000683072070991 0.000629568247705 0.000651475841975 0.000569072383181 0.000662299889975 0.000644909371342 0.000692399210882 0.000898681603447 0.000391556854658 0.000484083177000 0.000746209642806 0.000651139232291 0.000958501111850 0.000495277922364 0.000559868851933 0.000563354251315 0.000574216189167 0.000812394452891 0.000450856897140 0.000554650011256 0.000546195980109 0.000586822756517 0.000770695102090 0.000391250001859 0.000517632273268 0.000581092931666 0.000647447945374 0.000766386065210 0.000444861256662 0.000474584603018 0.000551730374684 0.000610744279200 0.000697449234145 0.000367872369955 0.000547261899703 0.000487280695039 0.000611025858305 0.000716047444433 0.000229132045092 0.000300711013086 0.000361190469831 0.000398504212819 0.000461926641569 0.000451792767067 0.000519528385299 0.000591429906303 0.000629925687860 0.000775740521516 0.000449398648679 0.000552243472329 0.000594232055559 0.000553023095987 0.000709069733488 0.000170281814870 0.000259519184106 0.000340537904206 0.000455704018912 0.000477730024501 0.000224790162914 0.000297820938958 0.000345947705102 0.000371374421159 0.000472517567226 0.000360979209544 0.000461616569689 0.000509436692036 0.000575322922525 0.000748222843727 
0.000150419703061 0.000329855049563 0.000512098770129 0.000569448639545 0.000700951944102 0.000209085151131 0.000295955975070 0.000342789819593 0.000488838032205 0.000674144088179 0.000274666619094 0.000359582821489 0.000420811746774 0.000499150321841 0.000760675008607 0.000283946852702 0.000441949450301 0.000748175745797 0.000654095082090 0.000831594355797 0.000396555753838 0.000353970974175 0.000488909012614 0.000668771082252 0.000808532717314 0.000362242706646 0.000469230470219 0.000559832550974 0.000714289315774 0.000850646069470 0.000488873975187 0.000668919273393 0.000871963427779 0.000875099287339 0.000968961406917 0.000616687387849 0.000641644818511 0.000792077977500 0.000777131436777 0.000947033696476 0.000662097967480 0.000805110053095 0.000769283520005 0.000878310449949 0.001061499158811 0.000447883438490 0.000663009129286 0.000934656792604 0.000973682713857 0.000452222083080 0.000593812995230 0.000948716214526 0.000828056568682 0.000526736406976 0.001495523775413 0.000721665790940 0.000720752979957 0.000842146036327 0.000785143838607 0.000452222083080 0.000575795051599 0.000672761438713 0.000881570201263 0.000814811124468 0.000605747722853 0.000686346997386 0.000733852297985 0.000805708325860 0.000721101568102 0.000766006111678 0.000661489309379 0.000768765418270 0.000746226450383 0.000803146455933 0.001073353311968 0.000436108108333 0.000546604754079 0.000875931259047 0.000742749410601 0.001154052621091 0.000564885670152 0.000634907891691 0.000631333963928 0.000673499457401 0.000959161264111 0.000509277962594 0.000635230309953 0.000625418256481 0.000676303381317 0.000901677827292 0.000441464474689 0.000595294608136 0.000671587810282 0.000752025479630 0.000902921147204 0.000498576722750 0.000527958060549 0.000638385832450 0.000716229329526 0.000817544075521 0.000428658664449 0.000638029258425 0.000560985482135 0.000711717839374 0.000839084036857 0.000246089610482 0.000327284383201 0.000399259223259 0.000440042675846 0.000519001525253 0.000508800948190 0.000591429906303 0.000683087053013 0.000731480732548 0.000913742187163 0.000499267514152 0.000644599301305 0.000692975530997 0.000633675200083 0.000823829008107 0.000180004778200 0.000282321299386 0.000378573765976 0.000518190455870 0.000546008637864 0.000244106925927 0.000323457165996 0.000385330504261 0.000415964957688 0.000532505477607 0.000403401003366 0.000524878110018 0.000582719874458 0.000662744894754 0.000880605627610 
0.000155442301437 0.000348277910450 0.000542294758764 0.000608180209592 0.000746995935007 0.000218235398472 0.000308118518572 0.000363568815925 0.000520561288350 0.000720924711433 0.000287330952550 0.000380854372424 0.000443429716263 0.000528924923034 0.000817855120135 0.000296269656866 0.000468669967472 0.000807361676005 0.000696181166577 0.000901673248798 0.000419585196483 0.000370520975641 0.000519043718743 0.000715607443046 0.000865774700616 0.000384205336603 0.000499300545634 0.000596670069002 0.000767409052629 0.000917186262261 0.000518122547118 0.000715836009230 0.000937249717000 0.000950066233328 0.001037774559426 0.000656849028758 0.000685004484923 0.000848550449492 0.000833470486993 0.001012724947399 0.000710154990712 0.000864303048283 0.000826411901495 0.000946909723372 0.001148228348620 0.000476806538639 0.000708337901180 0.001016470495515 0.001043168075714 0.000447465856329 0.000624340974046 0.001018074120474 0.000884801310225 0.000548612290266 0.001639304811811 0.000774699983593 0.000773219625024 0.000902659279576 0.000836791352174 0.000447465856329 0.000614964692542 0.000721888496906 0.000948979488111 0.000878290283061 0.000644404611966 0.000737196722174 0.000787653477128 0.000869420694226 0.000769803163481 0.000825637169859 0.000710022797738 0.000824741076399 0.000799635568142 0.000861406489432 0.001163387722060 0.000460628399883 0.000580388502135 0.000943551588704 0.000791693633471 0.001254393103400 0.000602079778147 0.000675252892693 0.000668421856742 0.000725282827572 0.001035361288109 0.000540831821048 0.000678108192292 0.000667582082572 0.000723638362430 0.000970120733679 0.000468621587664 0.000636457466057 0.000719340627466 0.000806978711763 0.000973910830243 0.000527879707159 0.000557386585790 0.000684067502464 0.000771253696845 0.000880209664289 0.000460519436273 0.000685584745289 0.000600012649275 0.000764510740853 0.000903299148864 0.000256190642247 0.000342553805132 0.000420466740740 0.000463225237590 0.000550034022089 0.000539705199364 0.000629925687860 0.000731480732548 0.000784857122485 0.000985505161931 0.000526821005318 0.000692942971122 0.000744699183869 0.000676570955331 0.000884118966670 0.000186169386952 0.000295437940120 0.000399567954630 0.000551685751789 0.000582414971582 0.000255266010836 0.000338262055610 0.000407004397011 0.000440310069876 0.000564997342308 0.000426635552755 0.000558791384274 0.000621762932181 0.000709010038668 0.000949485692446 
0.000175733901741 0.000418869934643 0.000657504839877 0.000754445351817 0.000921290513352 0.000254079617343 0.000356074775799 0.000442683098599 0.000640748272821 0.000897350147178 0.000336686369592 0.000461993916133 0.000530370431528 0.000642426892253 0.001032405172515 0.000344582672663 0.000570425854859 0.001028760256820 0.000855725205062 0.001162880687714 0.000507555658858 0.000434933676252 0.000633636892880 0.000892136266795 0.001081370364223 0.000467824934656 0.000613325746038 0.000736097854641 0.000966855810140 0.001166259528725 0.000629594058725 0.000892650485163 0.001182275285776 0.001229242313631 0.001296899673093 0.000808968016477 0.000848818885479 0.001061151232011 0.001045342845834 0.001260475163150 0.000890867703590 0.001086711183621 0.001040928638328 0.001203713737012 0.001472056031569 0.000586422779240 0.000879457188273 0.001320791602657 0.001304742434777 0.000438535050416 0.000742133595173 0.001278767774470 0.001098983299073 0.000634771253234 0.002171581411614 0.000973973020663 0.000970477913686 0.001130357997709 0.001032278205674 0.000438535050416 0.000762882526217 0.000906554407159 0.001201648622551 0.001115962509179 0.000791034507795 0.000928165003214 0.000989838684114 0.001107756877717 0.000953806585391 0.001048911911266 0.000892403143560 0.001035188841486 0.001000653903517 0.001080494676789 0.001499061749615 0.000554533839213 0.000708831820265 0.001196866513085 0.000976926010998 0.001627761869645 0.000742850903630 0.000828332814761 0.000809968095339 0.000919317308075 0.001320334237263 0.000660775675034 0.000840114761335 0.000826903973344 0.000902053648732 0.001226778141947 0.000571906823172 0.000791732858797 0.000899146020605 0.001013535871527 0.001239559753090 0.000639710672830 0.000670167865445 0.000856003876844 0.000977442312677 0.001115063679104 0.000580149971432 0.000864114730084 0.000747172545993 0.000962761876940 0.001143983275884 0.000296023609457 0.000401994630912 0.000502066949832 0.000552487101585 0.000668309754041 0.000657352819232 0.000775740521516 0.000913742187163 0.000985505161931 0.001254064846838 0.000632502021460 0.000874362646008 0.000938860169836 0.000838613579205 0.001110714462524 0.000210994936018 0.000346518816943 0.000480059045360 0.000678621690238 0.000720084998700 0.000298791260715 0.000396000559196 0.000490006332920 0.000533250136333 0.000688646668236 0.000515446809996 0.000687315147831 0.000769354690475 0.000883422755240 0.001207318377352 
0.000138278984353 0.000265967270397 0.000404892981388 0.000424313922184 0.000530509148862 0.000181301024774 0.000260598832797 0.000268179635863 0.000371921365962 0.000497657677660 0.000234928456491 0.000283960129468 0.000343758136899 0.000392934463205 0.000539430268507 0.000246736042018 0.000346105006017 0.000515751901835 0.000499472038764 0.000551658635260 0.000315316603350 0.000301606911300 0.000379988533312 0.000491535619779 0.000591151577734 0.000283376097484 0.000358918436858 0.000423385578727 0.000509420818133 0.000590171043570 0.000384407464910 0.000491292472519 0.000619654801610 0.000574373017683 0.000707375053542 0.000468480589900 0.000479529906889 0.000577131874513 0.000561552570423 0.000699236866552 0.000478140769430 0.000577617257868 0.000549049919902 0.000609892044981 0.000717872178867 0.000341478215474 0.000492853812619 0.000604688524012 0.000709127178131 0.000515593625236 0.000492065606716 0.000682623831753 0.000614879561894 0.000462655486337 0.000902802309912 0.000517871034853 0.000519733213431 0.000611243516971 0.000593861136795 0.000515593625236 0.000429010571392 0.000484352454832 0.000619421480290 0.000566606296887 0.000464155130427 0.000490458563775 0.000527262871247 0.000555536443774 0.000539049434759 0.000532898796065 0.000475082519737 0.000554284522192 0.000542688432516 0.000580174924696 0.000714136010501 0.000350820667752 0.000424363545563 0.000612229142268 0.000561365342749 0.000750038136242 0.000427085944451 0.000487368279849 0.000499864995985 0.000471794292402 0.000659565959128 0.000394996371268 0.000474979086831 0.000467902610704 0.000497217057254 0.000636084328106 0.000343381760452 0.000440185779104 0.000489988522855 0.000541226836587 0.000624626480460 0.000394682937258 0.000425995876635 0.000464307551193 0.000501950268403 0.000573669698521 0.000305800667948 0.000454495058589 0.000413625716406 0.000508268919901 0.000589294967434 0.000216751316442 0.000279033336638 0.000327419717708 0.000361826896078 0.000408190469041 0.000397745101523 0.000449398648679 0.000499267514152 0.000526821005318 0.000632502021460 0.000404233486676 0.000457673873795 0.000493269696271 0.000473198423049 0.000592451692832 0.000164700855315 0.000240975893550 0.000306002782554 0.000394921405768 0.000410524501494 0.000209273941978 0.000277208734770 0.000309930199820 0.000329801464664 0.000415532177264 0.000321727354748 0.000400090125206 0.000437176152181 0.000487856819271 0.000610975131142 
0.000132241746758 0.000302751992630 0.000472767505000 0.000534588700289 0.000655231339919 0.000187552611707 0.000264117497887 0.000317437507696 0.000456285624015 0.000634473360458 0.000247489335830 0.000332083698131 0.000384711045495 0.000461402743703 0.000723481071557 0.000254526236155 0.000409144120354 0.000716665478256 0.000609915292947 0.000803965822662 0.000365489812730 0.000319341362311 0.000453608169099 0.000630154636233 0.000762909771915 0.000335459350339 0.000437328046556 0.000523425762878 0.000678375690149 0.000813525313594 0.000452053294372 0.000630414817679 0.000828881205490 0.000848129649550 0.000914653218370 0.000575865124519 0.000601878913141 0.000748064543057 0.000735553984905 0.000891259889875 0.000626773896666 0.000763457551786 0.000730465141005 0.000839801786702 0.001021541306972 0.000417813017952 0.000622823998702 0.000908856275472 0.000919690134675 0.000363375847412 0.000540479506246 0.000898956981290 0.000778095145127 0.000470465722230 0.001476410147710 0.000684289226424 0.000682561796468 0.000796161768974 0.000734057660973 0.000363375847412 0.000540557649891 0.000637378303796 0.000840430775699 0.000778809971534 0.000564285121126 0.000651507587386 0.000695623126161 0.000771732313989 0.000676364103756 0.000732082338370 0.000627094355246 0.000728054242259 0.000705115110201 0.000760237436053 0.001036973435284 0.000400555405055 0.000507298027979 0.000836161009987 0.000694568839184 0.001121028740429 0.000528191757017 0.000591151727832 0.000582605880279 0.000642559353240 0.000919322513292 0.000472788298742 0.000595778730104 0.000586486948796 0.000637202243676 0.000858732230808 0.000409497539969 0.000560012090049 0.000634047299274 0.000712539114943 0.000864139819507 0.000460119236715 0.000484476531041 0.000603200094765 0.000683249821266 0.000779654375629 0.000407076250623 0.000606134174565 0.000528144044513 0.000675699973393 0.000800021186041 0.000219594642947 0.000295209009377 0.000364573419681 0.000401484413739 0.000479879754687 0.000471277617856 0.000552243472329 0.000644599301305 0.000692942971122 0.000874362646008 0.000457673873795 0.000612889827234 0.000658458967704 0.000594531759090 0.000780727099188 0.000158516989073 0.000254557737858 0.000347209882936 0.000483454735615 0.000511324806470 0.000219787738430 0.000291264377381 0.000353932112762 0.000383703153372 0.000493488537767 0.000371467423492 0.000489669462693 0.000546029410627 0.000624219496286 0.000842171187225 
0.000143065776258 0.000326262713397 0.000509219329933 0.000574966050595 0.000704982688393 0.000202532196327 0.000285344813260 0.000341820491823 0.000490993579336 0.000682246031371 0.000267147821881 0.000357677160293 0.000414731695704 0.000496922479626 0.000777252055846 0.000274872323545 0.000440582534779 0.000769463351393 0.000656367646324 0.000862519886590 0.000393727892048 0.000344668867172 0.000488369605230 0.000677533522025 0.000820171249116 0.000361225902493 0.000470655423521 0.000563158977682 0.000728885178121 0.000873577256442 0.000486839117264 0.000677802073725 0.000890526889693 0.000909709822582 0.000983270007757 0.000619646198509 0.000647383995260 0.000804148647682 0.000790551435667 0.000958371447694 0.000673628702607 0.000820409941071 0.000784865896726 0.000901809905447 0.001096366206560 0.000449617488724 0.000669828250440 0.000974574424159 0.000988631018242 0.000396520972611 0.000582884260421 0.000966079831937 0.000836796477213 0.000508238694987 0.001581172906721 0.000735339607216 0.000733562822400 0.000855776683388 0.000789782459461 0.000396520972611 0.000581384804151 0.000684978731935 0.000902712954378 0.000836339963893 0.000607313635819 0.000700047030718 0.000747539485769 0.000828590946709 0.000727505046812 0.000786167832307 0.000673890257612 0.000782452239397 0.000757946383615 0.000817074900977 0.001112562883518 0.000431634452232 0.000546158808156 0.000898025274903 0.000747282137219 0.001202193785722 0.000568282876355 0.000636256851849 0.000627549234926 0.000690132870448 0.000986999542414 0.000508992990659 0.000640830368119 0.000630844272271 0.000685115631431 0.000922450317808 0.000440887288696 0.000602201602000 0.000681603867758 0.000765746617436 0.000927871199994 0.000495611454617 0.000522109009045 0.000648396752951 0.000733842968291 0.000837408539897 0.000437388488280 0.000651247837243 0.000567894815501 0.000726031747818 0.000859300095592 0.000237245686093 0.000318628020748 0.000393064179327 0.000432891257213 0.000516809867429 0.000507467251872 0.000594232055559 0.000692975530997 0.000744699183869 0.000938860169836 0.000493269696271 0.000658458967704 0.000707455549992 0.000639469370891 0.000839012133730 0.000171465239695 0.000274761064718 0.000374197625969 0.000520250777996 0.000550062343870 0.000237261926001 0.000314418225405 0.000381392255902 0.000413317598321 0.000531359716353 0.000400198792442 0.000526940821798 0.000587365746599 0.000671175994634 0.000904338256862 
0.000146779028643 0.000312350501888 0.000482873881221 0.000530327638365 0.000654893811429 0.000201237519493 0.000285862316374 0.000322499408560 0.000457215364695 0.000626637853566 0.000263529879334 0.000338973569991 0.000399617594220 0.000470224734515 0.000701423256032 0.000273422602384 0.000415878599902 0.000686112543334 0.000612246666493 0.000757093261957 0.000374379090317 0.000339324315555 0.000459329086681 0.000621092712452 0.000750096685694 0.000340795119417 0.000439365491121 0.000522965678585 0.000659387773912 0.000781048871677 0.000460432147152 0.000621140387313 0.000804376361010 0.000795130462143 0.000898656492768 0.000576612284044 0.000597926852400 0.000734323025427 0.000719268350855 0.000880330493566 0.000612726120869 0.000744102790472 0.000710259276347 0.000806584661573 0.000969901724481 0.000419093094602 0.000617160348113 0.000847003425924 0.000902602274183 0.000466793526797 0.000565690026941 0.000877332540029 0.000770624747624 0.000508477331930 0.001338729063975 0.000667012165310 0.000666811623229 0.000780134948206 0.000733459633271 0.000466793526797 0.000536229810909 0.000622213983574 0.000811434618037 0.000748477268316 0.000567401706965 0.000633839910738 0.000678440995410 0.000738904498628 0.000672005122047 0.000703704420797 0.000611493781354 0.000711212824655 0.000691550450183 0.000743301392444 0.000977730150235 0.000412755455082 0.000513414779817 0.000805418986311 0.000693746115546 0.001046694901787 0.000527655075296 0.000594937990088 0.000595482852572 0.000619552234390 0.000879180306892 0.000478255336067 0.000592011484460 0.000582933505107 0.000628125144477 0.000830590095580 0.000414823491764 0.000553532684902 0.000622784410727 0.000695473646203 0.000828583861492 0.000470246470905 0.000500016088969 0.000591622943093 0.000658916475294 0.000752306844515 0.000395733556961 0.000588851694450 0.000521326302373 0.000657188204811 0.000772258473265 0.000237712353979 0.000313784169628 0.000379474450651 0.000418482712794 0.000488830780046 0.000478604195888 0.000553023095987 0.000633675200083 0.000676570955331 0.000838613579205 0.000473198423049 0.000594531759090 0.000639469370891 0.000590404316430 0.000761762218483 0.000175449950523 0.000270746497824 0.000358676193716 0.000484839644939 0.000509437280281 0.000234332898221 0.000310482321288 0.000364685850109 0.000392460624115 0.000500711934281 0.000381088809206 0.000491115263430 0.000543446839765 0.000615687857854 0.000808561933635 
0.000174432701897 0.000391690921112 0.000610074034345 0.000684780681320 0.000840896177320 0.000245150116224 0.000346027281580 0.000409074283352 0.000585954024537 0.000811830092902 0.000322841491748 0.000428463668928 0.000498602455959 0.000595072083464 0.000921478182709 0.000332796285165 0.000527322370889 0.000909985295202 0.000783594302327 0.001016764261920 0.000471987263226 0.000416339157490 0.000584065552461 0.000805890631209 0.000975072991166 0.000432294244527 0.000561979433196 0.000671680938443 0.000864576270680 0.001033685715589 0.000582928654618 0.000806155916096 0.001055971124131 0.001071469988456 0.001168810682047 0.000739378204480 0.000771249136729 0.000955718790606 0.000938839142561 0.001140422115529 0.000799940361813 0.000973662359947 0.000931040799359 0.001067172876382 0.001294487345989 0.000536686705313 0.000797579617468 0.001146553318493 0.001174923122542 0.000499817576994 0.000701864412886 0.001146845777956 0.000996290092387 0.000616136268088 0.001850521095010 0.000872719241874 0.000870995405741 0.001016714322838 0.000941987491327 0.000499817576994 0.000692420395454 0.000813190600921 0.001069344061073 0.000989820412511 0.000725280590210 0.000830517002885 0.000887297249239 0.000979929857579 0.000866721193836 0.000930475990139 0.000799849944222 0.000929033459316 0.000900649302516 0.000970310790085 0.001311837977146 0.000518064560805 0.000653105682470 0.001063299596488 0.000891230032683 0.001414848990548 0.000677773457088 0.000759980911484 0.000751949463787 0.000817306469184 0.001167002043544 0.000608601678978 0.000763479121294 0.000751621978570 0.000814931502028 0.001093110368709 0.000527320875638 0.000716695433453 0.000810175791231 0.000909047024455 0.001097655614532 0.000593846416290 0.000626858399806 0.000770481116332 0.000869105141717 0.000991868782421 0.000518827186247 0.000772403595649 0.000675682705807 0.000861295774575 0.001017875923280 0.000287709146288 0.000384909819644 0.000472753544350 0.000520807356914 0.000618829466114 0.000607263530961 0.000709069733488 0.000823829008107 0.000884118966670 0.001110714462524 0.000592451692832 0.000780727099188 0.000839012133730 0.000761762218483 0.000995954217485 0.000208931691941 0.000331961847451 0.000449357212829 0.000620973307249 0.000655687839529 0.000286802640526 0.000380054482962 0.000457755113167 0.000495321936601 0.000635738443107 0.000479896226754 0.000628969734430 0.000700007456471 0.000798444079529 0.001070087356156 
0.000063518790874 0.000107886476923 0.000160734487302 0.000156889128188 0.000200036800941 0.000079099070549 0.000115309458778 0.000105192273816 0.000141146230445 0.000181799909957 0.000101179377684 0.000112572538965 0.000141386932891 0.000155220162290 0.000186506566770 0.000107859303007 0.000135915105347 0.000170957298484 0.000190394828168 0.000171817514285 0.000125967059093 0.000129421756680 0.000147919636693 0.000178534302734 0.000213226948250 0.000111142931259 0.000137098635054 0.000159495802904 0.000177564575895 0.000197558542309 0.000151655939202 0.000178277168639 0.000214892395307 0.000175627024174 0.000254631475597 0.000177461148482 0.000177976917985 0.000207211334889 0.000199349866062 0.000255501225113 0.000169597914552 0.000203027463274 0.000191579396556 0.000204428161736 0.000230864446195 0.000129924656802 0.000181675875058 0.000180184771640 0.000254444100246 0.000275127386339 0.000205398548133 0.000240907994674 0.000226342342399 0.000204253757798 0.000233746050651 0.000182086099883 0.000183977112157 0.000218312572192 0.000223753351404 0.000275127386339 0.000158610445397 0.000171074525302 0.000211310036925 0.000190329260362 0.000177671451234 0.000171432327456 0.000185705944430 0.000184208508540 0.000200132565286 0.000179123466695 0.000167235154555 0.000196173334216 0.000194344441348 0.000205874912897 0.000223538095064 0.000141947796597 0.000164981858050 0.000207236199827 0.000211309402380 0.000225352795853 0.000160833322333 0.000186956835725 0.000198747724997 0.000160231318004 0.000217795329124 0.000153388486153 0.000176402494352 0.000173897034200 0.000180667583627 0.000218265707204 0.000133791072830 0.000161155834660 0.000176237817518 0.000191068952470 0.000208171680989 0.000156895803614 0.000172929155096 0.000166297193783 0.000170585217369 0.000195318602845 0.000106633635268 0.000158153606592 0.000150864571111 0.000177500109799 0.000200895076616 0.000095932451488 0.000119803591873 0.000135213895237 0.000149836378885 0.000161080619929 0.000155873031153 0.000170281814870 0.000180004778200 0.000186169386952 0.000210994936018 0.000164700855315 0.000158516989073 0.000171465239695 0.000175449950523 0.000208931691941 0.000075358502065 0.000103577965380 0.000124455471955 0.000150184264941 0.000153529408371 0.000090329825061 0.000119614783020 0.000125383924423 0.000131333426892 0.000162508455961 0.000128957090806 0.000152183144056 0.000163051275539 0.000177557897087 0.000204532014476 
0.000087124768178 0.000158237940273 0.000238600615986 0.000242491801681 0.000305719240678 0.000111497726616 0.000161319801816 0.000157206386770 0.000214922227271 0.000282963848172 0.000143617250209 0.000167235057596 0.000205791585035 0.000231052144756 0.000299816775869 0.000151877885862 0.000202988685708 0.000281843463858 0.000289180616475 0.000294247504890 0.000186332006020 0.000184068968925 0.000222010413188 0.000278810153786 0.000334340844836 0.000166107929390 0.000207988104209 0.000243889598034 0.000284074635690 0.000323775200653 0.000225910119974 0.000278561880084 0.000344829644323 0.000304228746418 0.000399736036921 0.000270505296675 0.000274486417999 0.000325784925854 0.000315508047776 0.000397620680084 0.000268551025963 0.000323210048063 0.000306305308470 0.000334769612776 0.000387661639372 0.000197546917243 0.000281298495138 0.000317205887259 0.000400191387002 0.000349886159174 0.000296545814225 0.000382602404710 0.000350739522273 0.000286098276032 0.000450533655563 0.000289817116133 0.000291667381244 0.000344291409882 0.000342115433049 0.000349886159174 0.000245165922559 0.000271564830497 0.000342410946899 0.000311278047305 0.000269216270632 0.000273812463395 0.000295280716129 0.000303626235207 0.000308598352503 0.000292836498259 0.000265997930511 0.000311034643425 0.000306014826278 0.000325914892183 0.000381640324814 0.000208487376730 0.000247798299646 0.000337375952084 0.000323264125146 0.000394666783094 0.000245984268740 0.000282941522938 0.000294770411359 0.000260335167389 0.000359889612773 0.000230534796547 0.000271956413090 0.000267984860072 0.000282078345569 0.000352453057223 0.000200702125340 0.000250515302688 0.000276798746444 0.000303391651994 0.000342076000132 0.000232724125377 0.000253531692874 0.000261831304904 0.000277048580208 0.000316868976291 0.000170555677338 0.000253271853059 0.000235028735036 0.000283652608906 0.000325667335869 0.000134192727616 0.000170337107786 0.000196368067174 0.000217273818157 0.000239914361873 0.000233065424772 0.000259519184106 0.000282321299386 0.000295437940120 0.000346518816943 0.000240975893550 0.000254557737858 0.000274761064718 0.000270746497824 0.000331961847451 0.000103577965380 0.000147179573730 0.000182272280638 0.000228415507790 0.000235747957611 0.000128064376727 0.000169611947664 0.000184174428178 0.000194616925067 0.000243268954539 0.000190400768186 0.000231426752611 0.000250761783839 0.000276958651390 0.000335194692576 
0.000104483180837 0.000201348836065 0.000306616080802 0.000321634324867 0.000402026840223 0.000137103138543 0.000197026119069 0.000203120427137 0.000281822483340 0.000377289113197 0.000177692639330 0.000215040579658 0.000260187519628 0.000297580830408 0.000409242393848 0.000186580584835 0.000262137215559 0.000391476938550 0.000378450997430 0.000419029020679 0.000238760615842 0.000228138954300 0.000287835386700 0.000372675517019 0.000448243080114 0.000214630565203 0.000271945654269 0.000320851180036 0.000386436908909 0.000447912060445 0.000291128357734 0.000372495712951 0.000470087810566 0.000436370355163 0.000536383926223 0.000354998877168 0.000363470516409 0.000437638405237 0.000425885720328 0.000530110627523 0.000362629375391 0.000438123849461 0.000416493358424 0.000462872153274 0.000545085512443 0.000258745326660 0.000373603235448 0.000459528963129 0.000537734549831 0.000388549755565 0.000372358990945 0.000517745377429 0.000466112192058 0.000349803769346 0.000687028469890 0.000392804632574 0.000394183796626 0.000463536090281 0.000450040427408 0.000388549755565 0.000325194844314 0.000367359986067 0.000470005111370 0.000430009778082 0.000351671395187 0.000372039650390 0.000399919775851 0.000421673327724 0.000408582933976 0.000404425277233 0.000360344371723 0.000420389640249 0.000411533463236 0.000440011366882 0.000542413573678 0.000265596217030 0.000321454471141 0.000464591341651 0.000425419827000 0.000569936409934 0.000323656921759 0.000369248284454 0.000378527806255 0.000358007751343 0.000500660148515 0.000299213644299 0.000360018032886 0.000354651000111 0.000376981227625 0.000482614320072 0.000260103054915 0.000333708499591 0.000371549246517 0.000410499222510 0.000474086914930 0.000298878473558 0.000322494004488 0.000352094794476 0.000380887736208 0.000435299871210 0.000231973385027 0.000344778439126 0.000313588376919 0.000385554023300 0.000447149397847 0.000163874479553 0.000211062201316 0.000247806383199 0.000273836192246 0.000309139125940 0.000301257666643 0.000340537904206 0.000378573765976 0.000399567954630 0.000480059045360 0.000306002782554 0.000347209882936 0.000374197625969 0.000358676193716 0.000449357212829 0.000124455471955 0.000182272280638 0.000231648604039 0.000299242372995 0.000311134968132 0.000158282985898 0.000209666049258 0.000234639731733 0.000249740003862 0.000314738872528 0.000243603341754 0.000303157952019 0.000331346149811 0.000369876610766 0.000463701132554 
0.000125766958551 0.000260462951133 0.000401068139358 0.000435318603243 0.000539224036157 0.000170329672642 0.000242731973557 0.000267295958119 0.000376852070932 0.000513433178356 0.000222422437320 0.000281477775158 0.000334116187051 0.000390219154522 0.000570241396328 0.000231529657716 0.000344760638383 0.000554776369772 0.000504999232528 0.000607746164328 0.000311308137448 0.000286168273928 0.000380203527359 0.000508454182065 0.000613434278032 0.000282455451879 0.000362524204265 0.000430533480201 0.000536655134911 0.000632314494602 0.000382005499068 0.000508422004044 0.000654205735962 0.000637012029410 0.000734710362593 0.000475119970413 0.000491093786118 0.000600131766341 0.000586878212739 0.000721321532866 0.000499887731633 0.000606298822804 0.000578140887226 0.000653095479533 0.000781401897727 0.000345574268597 0.000506358119324 0.000676755554515 0.000737593090533 0.000419194638058 0.000474349062475 0.000715257100926 0.000632136263596 0.000431535053167 0.001056223989226 0.000543509355674 0.000543857509702 0.000637091879934 0.000603839308917 0.000419194638058 0.000440156885650 0.000507326095954 0.000658508667189 0.000606210848925 0.000468331159368 0.000516059042756 0.000552953477378 0.000597488389946 0.000551964113085 0.000569995351668 0.000498350818088 0.000580057243971 0.000564965887179 0.000606451958239 0.000785292775553 0.000344025993648 0.000424878847727 0.000652967569747 0.000571057720624 0.000837015511783 0.000434369680190 0.000491233785416 0.000494738628735 0.000502497415376 0.000710553511628 0.000395704881947 0.000486284318771 0.000478880029028 0.000514240636643 0.000674571258123 0.000343418184576 0.000453683344612 0.000509107457356 0.000567019928879 0.000670426640147 0.000390675853264 0.000417012128222 0.000483338795339 0.000534469966363 0.000610368252208 0.000322092998906 0.000479138512942 0.000427046050227 0.000535003752451 0.000626659831082 0.000201858729628 0.000264661425166 0.000317525455172 0.000350355753325 0.000405585533969 0.000396617327158 0.000455704018912 0.000518190455870 0.000551685751789 0.000678621690238 0.000394921405768 0.000483454735615 0.000520250777996 0.000484839644939 0.000620973307249 0.000150184264941 0.000228415507790 0.000299242372995 0.000399755053579 0.000418912295261 0.000197874557252 0.000262158280952 0.000303952069343 0.000326154865627 0.000414789457621 0.000317080044138 0.000404943806916 0.000446687192162 0.000504181288214 0.000654592035004 
0.000128484377599 0.000270903983324 0.000418242445471 0.000457534164128 0.000565582631009 0.000175418932137 0.000249458136404 0.000279134743258 0.000394999951436 0.000540294618313 0.000229497598014 0.000293578693817 0.000346900952161 0.000407166174892 0.000603209393562 0.000238378401753 0.000359982152419 0.000588984476249 0.000529063471262 0.000648366001060 0.000324393594240 0.000295424838536 0.000397390253016 0.000535360808146 0.000646337564582 0.000294968766288 0.000379713830129 0.000451623745519 0.000567265781616 0.000670752911156 0.000398656227028 0.000535376937238 0.000691840099027 0.000680496074162 0.000774271305742 0.000498099842302 0.000515955058273 0.000632604650727 0.000619302282462 0.000759040661206 0.000527547047266 0.000640389691133 0.000611059217316 0.000692720507153 0.000831603761827 0.000362115584479 0.000532365017446 0.000724254477355 0.000777550614510 0.000415352172841 0.000491549809404 0.000755190804445 0.000664697071789 0.000443644818643 0.001140013410089 0.000574052508618 0.000574059269321 0.000671902396543 0.000633408103455 0.000415352172841 0.000462623915446 0.000535609977456 0.000697406847791 0.000642873954324 0.000490424070163 0.000545356067282 0.000583934614563 0.000634312004733 0.000579887438161 0.000604434686630 0.000526299673336 0.000612279332549 0.000595683434799 0.000639982616318 0.000837468853771 0.000357928934205 0.000444149947080 0.000692005456952 0.000599081622783 0.000895254080773 0.000455664882230 0.000514285695006 0.000515827757835 0.000532386674454 0.000754604105271 0.000413706660289 0.000510867822787 0.000503052501605 0.000541432830409 0.000714051818650 0.000358904855059 0.000477314566631 0.000536562487907 0.000598659221644 0.000711445235722 0.000407338790289 0.000433688304790 0.000509611733722 0.000566228690808 0.000646533350602 0.000340452508316 0.000506545789673 0.000449458496947 0.000565422166211 0.000663716351634 0.000207444195322 0.000273200251010 0.000329502956953 0.000363441028436 0.000423251158778 0.000414227139546 0.000477730024501 0.000546008637864 0.000582414971582 0.000720084998700 0.000410524501494 0.000511324806470 0.000550062343870 0.000509437280281 0.000655687839529 0.000153529408371 0.000235747957611 0.000311134968132 0.000418912295261 0.000439771216622 0.000204104330421 0.000270424253285 0.000316241435181 0.000339994820881 0.000433309115394 0.000330274972061 0.000424339634092 0.000469062865323 0.000530755214441 0.000694382030675 
0.000075991915349 0.000137398745064 0.000207017058823 0.000209857466702 0.000264761401008 0.000097069149009 0.000140515597302 0.000136338116225 0.000186171671453 0.000244777271933 0.000124973696388 0.000145091017787 0.000178779134864 0.000200432218482 0.000258848787824 0.000132233247789 0.000176050385213 0.000242969511094 0.000250536201008 0.000253110672543 0.000161703989676 0.000160152989718 0.000192487143760 0.000241134678206 0.000289089788744 0.000144057558615 0.000180207078227 0.000211208169473 0.000245328179584 0.000279214366728 0.000195962536766 0.000240911822525 0.000297742816368 0.000261529267240 0.000345609154725 0.000234303693629 0.000237578390848 0.000281645551021 0.000272651285720 0.000343963907175 0.000232065776297 0.000279208609493 0.000264536570699 0.000288708978391 0.000333837997395 0.000171136374951 0.000243415022919 0.000272441989807 0.000345963296707 0.000306837705270 0.000257758360292 0.000330562799253 0.000303489116012 0.000249181960970 0.000385117735695 0.000250364628888 0.000252023371027 0.000297589193263 0.000296273398631 0.000306837705270 0.000212170977303 0.000234634778747 0.000295482495411 0.000268469998781 0.000233274652628 0.000236489102015 0.000255099980852 0.000261751027213 0.000267106666857 0.000252570410843 0.000229797379722 0.000268756522737 0.000264529807498 0.000281640351169 0.000328342830944 0.000181014105985 0.000214835814815 0.000291057486609 0.000279938589308 0.000339068355657 0.000213019474451 0.000245186349300 0.000255766088742 0.000224620011230 0.000310209343482 0.000199860485988 0.000235394045796 0.000231962289690 0.000243964597169 0.000304211133896 0.000174018144541 0.000216724594562 0.000239311527382 0.000262128908452 0.000294950595012 0.000201928383550 0.000220148679135 0.000226337111162 0.000239046085110 0.000273422169190 0.000147294796445 0.000218713723280 0.000203299692069 0.000244980227628 0.000281026847582 0.000116887983535 0.000148208360197 0.000170617518279 0.000188800644811 0.000208112263293 0.000202120731835 0.000224790162914 0.000244106925927 0.000255266010836 0.000298791260715 0.000209273941978 0.000219787738430 0.000237261926001 0.000234332898221 0.000286802640526 0.000090329825061 0.000128064376727 0.000158282985898 0.000197874557252 0.000204104330421 0.000111448716355 0.000147604016659 0.000159904108658 0.000168874439359 0.000210953885287 0.000165254804598 0.000200484746559 0.000217081712914 0.000239550697942 0.000289062671663 
0.000100627432811 0.000182003521714 0.000274238736537 0.000278055389510 0.000350782869268 0.000128555767078 0.000186087881539 0.000180615160527 0.000246654853289 0.000324333824956 0.000165517665151 0.000192205059800 0.000236808550151 0.000265519274761 0.000343030001003 0.000175125208516 0.000233223613789 0.000322023170140 0.000331926022420 0.000335519826827 0.000214208106286 0.000212111954947 0.000255004395143 0.000319512321739 0.000383061852367 0.000190841609442 0.000238748263556 0.000279830803202 0.000325105175207 0.000370051024380 0.000259599053554 0.000319217850793 0.000394569682741 0.000346696371705 0.000457956030745 0.000310425508966 0.000314781613178 0.000373202454378 0.000361295434949 0.000455757411402 0.000307515492587 0.000369994622419 0.000350558844256 0.000382633161091 0.000442492945462 0.000226733330203 0.000322520912233 0.000361187515970 0.000458429288260 0.000406143977657 0.000341409596961 0.000438042076505 0.000402119620277 0.000329999167742 0.000510753144825 0.000331771592958 0.000333963580070 0.000394334634518 0.000392533992096 0.000406143977657 0.000281120801230 0.000310923306780 0.000391591684570 0.000355807873925 0.000309053328193 0.000313389399469 0.000338045094220 0.000346915202431 0.000353905053236 0.000334735289763 0.000304515872385 0.000356137340621 0.000350525197882 0.000373207439390 0.000435240678822 0.000239779717175 0.000284612613460 0.000385735492712 0.000370892885667 0.000449506988159 0.000282230880648 0.000324832611437 0.000338815886819 0.000297683922493 0.000411144673651 0.000264774258633 0.000311886893763 0.000307339375305 0.000323261729598 0.000403153057999 0.000230536339596 0.000287161873094 0.000317105015626 0.000347357266432 0.000390911354513 0.000267496687851 0.000291616586798 0.000299916417229 0.000316801915745 0.000362357894084 0.000195192611511 0.000289837419778 0.000269376516222 0.000324642404791 0.000372434853757 0.000154797206592 0.000196291782700 0.000225995268446 0.000250078244519 0.000275694064294 0.000267761939775 0.000297820938958 0.000323457165996 0.000338262055610 0.000396000559196 0.000277208734770 0.000291264377381 0.000314418225405 0.000310482321288 0.000380054482962 0.000119614783020 0.000169611947664 0.000209666049258 0.000262158280952 0.000270424253285 0.000147604016659 0.000195488700422 0.000211816518802 0.000223708704274 0.000279465342776 0.000218909849413 0.000265616286879 0.000287620533357 0.000317411739759 0.000383103225854 
0.000105242375288 0.000203971902843 0.000310894617908 0.000327058607320 0.000408492693336 0.000138438929896 0.000198814800521 0.000206057652085 0.000286281605321 0.000383830708872 0.000179530710152 0.000218053744529 0.000263419434198 0.000301795433071 0.000417192066157 0.000188381244570 0.000265915139561 0.000399676930213 0.000384370810745 0.000428698645799 0.000242028077163 0.000230537361575 0.000292089102766 0.000379220407076 0.000456235621591 0.000217735049740 0.000276176674356 0.000326023486444 0.000393827631797 0.000457137882365 0.000295267438706 0.000379051106407 0.000479166987713 0.000446703880000 0.000545989923993 0.000360642536036 0.000369545979777 0.000445519432600 0.000433738602025 0.000539296873712 0.000369327280037 0.000446366234553 0.000424442611905 0.000472384444614 0.000557076127897 0.000262812448439 0.000379948941222 0.000470791414907 0.000547430928582 0.000388264069278 0.000376739999682 0.000527407082047 0.000474054646149 0.000353016876769 0.000706714186133 0.000400189665622 0.000401494759978 0.000471976214426 0.000457292359255 0.000388264069278 0.000330680409058 0.000374204054282 0.000479365868817 0.000438813588641 0.000357112464475 0.000379116420214 0.000407412886827 0.000430500668965 0.000415407192638 0.000412695830595 0.000367103457299 0.000428189426967 0.000418984881561 0.000448131655314 0.000554840311403 0.000269085315644 0.000326222176228 0.000473975286384 0.000432291237876 0.000583754893542 0.000328879029761 0.000374928933095 0.000383784587861 0.000365195915554 0.000511214399065 0.000303665748537 0.000366026510639 0.000360559975667 0.000383596095210 0.000492123411811 0.000263937093395 0.000339466066667 0.000378214720047 0.000418154576210 0.000483926303878 0.000303031661021 0.000326684834839 0.000358468203506 0.000388526210892 0.000444000448530 0.000236406448948 0.000351393941439 0.000319044725030 0.000392900600961 0.000456066078211 0.000165360201828 0.000213275540213 0.000250840172570 0.000277155140001 0.000313530883181 0.000305625405366 0.000345947705102 0.000385330504261 0.000407004397011 0.000490006332920 0.000309930199820 0.000353932112762 0.000381392255902 0.000364685850109 0.000457755113167 0.000125383924423 0.000184174428178 0.000234639731733 0.000303952069343 0.000316241435181 0.000159904108658 0.000211816518802 0.000237723692674 0.000253191770020 0.000319329217767 0.000246902318008 0.000307926580568 0.000336820387815 0.000376343231187 0.000473251412654 
0.000110172520098 0.000217170950137 0.000331899993542 0.000352077403727 0.000438763169406 0.000145990851155 0.000209249970083 0.000220300799081 0.000307267117260 0.000413748423476 0.000189658920289 0.000232825326561 0.000279972880577 0.000322379946322 0.000452366320463 0.000198603686619 0.000284256111413 0.000435222460654 0.000412334177909 0.000469591238401 0.000258180146894 0.000243663720460 0.000312564212967 0.000409037800002 0.000492483388258 0.000232787912042 0.000296197738322 0.000350220164978 0.000426672125951 0.000497309425648 0.000315456190642 0.000408897665308 0.000519403712654 0.000490129561249 0.000589498680086 0.000387162167346 0.000397645713544 0.000481156952230 0.000469004078654 0.000581316759189 0.000399391166532 0.000483167432399 0.000459789708056 0.000513828619207 0.000608396126095 0.000281993912518 0.000409153614734 0.000517734836110 0.000591260265088 0.000396686737009 0.000399651282859 0.000570645712087 0.000510571971035 0.000371663057941 0.000785975997509 0.000433168980973 0.000434271068548 0.000510018242443 0.000491222218854 0.000396686737009 0.000355980102953 0.000404847548880 0.000520498292083 0.000477209714600 0.000382906305059 0.000410614184505 0.000440907671733 0.000468771559530 0.000446977759764 0.000448777348460 0.000397307501497 0.000463153612910 0.000452625724320 0.000484588946518 0.000607486494785 0.000286588594584 0.000349143467680 0.000515051585883 0.000464416570269 0.000641499129072 0.000353301874351 0.000401908776976 0.000409636038820 0.000396711744406 0.000556888079099 0.000325046644798 0.000393829759735 0.000387917086614 0.000413740006660 0.000534031617103 0.000282408096532 0.000365837419093 0.000408389481621 0.000452420726183 0.000526682665977 0.000323451552100 0.000347792006434 0.000387244536492 0.000422027245863 0.000482194538941 0.000256111450561 0.000380766325864 0.000343972473978 0.000425583151056 0.000495233750588 0.000174033187029 0.000225401692004 0.000266464580872 0.000294313908187 0.000334957814009 0.000326786442237 0.000371374421159 0.000415964957688 0.000440310069876 0.000533250136333 0.000329801464664 0.000383703153372 0.000413317598321 0.000392460624115 0.000495321936601 0.000131333426892 0.000194616925067 0.000249740003862 0.000326154865627 0.000339994820881 0.000168874439359 0.000223708704274 0.000253191770020 0.000270195146457 0.000341523764766 0.000263271186342 0.000330411311164 0.000362231733705 0.000405843865437 0.000514836609443 
0.000136232795321 0.000273795905590 0.000419697562246 0.000449343886415 0.000558606594326 0.000182061968649 0.000260363619785 0.000279030986299 0.000390872248259 0.000528832283068 0.000236998648065 0.000294469716710 0.000352274442777 0.000407933417407 0.000581911981369 0.000247597164074 0.000359980206077 0.000562431704905 0.000524228441349 0.000610680938663 0.000326193199577 0.000304655664836 0.000396293853961 0.000523174198580 0.000630428764487 0.000294850648809 0.000376476276633 0.000445931602589 0.000548358592709 0.000641994308281 0.000399242180708 0.000523054417968 0.000667920483522 0.000638514199222 0.000754800073794 0.000492623169079 0.000507263811833 0.000616267060857 0.000601498902411 0.000742987722773 0.000512269631940 0.000620374158771 0.000590850720037 0.000663226287183 0.000788683988169 0.000358604693330 0.000522384517382 0.000676095179293 0.000757343333461 0.000476434917006 0.000501774906819 0.000732353514442 0.000651980915981 0.000462617920199 0.001038456945164 0.000556156831424 0.000557138655243 0.000653635571820 0.000625454973726 0.000476434917006 0.000454330152309 0.000519523106097 0.000670552323991 0.000615817686342 0.000486552375774 0.000527553936139 0.000565981442500 0.000605764580282 0.000570172121297 0.000579086307667 0.000510045476576 0.000594204948563 0.000579900118270 0.000621516659057 0.000789622884355 0.000361442106020 0.000442747422745 0.000664100502719 0.000591395299843 0.000837079845566 0.000449875516328 0.000510556467370 0.000517885861768 0.000511329543742 0.000719947493989 0.000412253089200 0.000502355416460 0.000494770056914 0.000529163949507 0.000687543755326 0.000358016232308 0.000467471110952 0.000522955872720 0.000580604550607 0.000680233505893 0.000408937560620 0.000438428686193 0.000496126560500 0.000543920050216 0.000621339815705 0.000329139051078 0.000489453567284 0.000439731929846 0.000546841105012 0.000638052271384 0.000216535431195 0.000281797646164 0.000335080883919 0.000369952705822 0.000423908543274 0.000413954939111 0.000472517567226 0.000532505477607 0.000564997342308 0.000688646668236 0.000415532177264 0.000493488537767 0.000531359716353 0.000500711934281 0.000635738443107 0.000162508455961 0.000243268954539 0.000314738872528 0.000414789457621 0.000433309115394 0.000210953885287 0.000279465342776 0.000319329217767 0.000341523764766 0.000432742929216 0.000332471836018 0.000420190811023 0.000461806748712 0.000518962321763 0.000664617518255 
0.000108205023508 0.000211805516747 0.000323343994395 0.000341832151721 0.000426383450586 0.000142948374521 0.000205055384704 0.000214493232209 0.000298688561532 0.000401487893009 0.000185570790048 0.000226807776579 0.000273253469328 0.000313991757624 0.000437908670240 0.000194486569498 0.000276778401365 0.000420584582404 0.000400906834305 0.000452712211003 0.000251604754669 0.000238362729208 0.000304210395199 0.000396814194180 0.000477617650773 0.000226650141628 0.000288017280296 0.000340323811431 0.000413177454403 0.000480773388333 0.000307228360218 0.000396661422106 0.000502867671211 0.000472194188179 0.000571653042299 0.000376319918307 0.000386141598271 0.000466537660823 0.000454528422295 0.000564096910613 0.000387050092614 0.000468053508507 0.000445267568611 0.000496769684947 0.000587237053386 0.000274154262374 0.000397191931144 0.000498331344083 0.000573279883554 0.000393588179838 0.000390366392067 0.000552891723020 0.000495613864130 0.000364165104069 0.000753102945509 0.000419624896378 0.000420815104803 0.000494408028433 0.000477345187194 0.000393588179838 0.000345619759503 0.000392265721349 0.000503580954780 0.000461406870640 0.000372368777160 0.000397674648813 0.000427153112105 0.000453011586725 0.000434052946479 0.000433927558933 0.000384903921155 0.000448799306087 0.000438823530841 0.000469623743632 0.000585759680624 0.000279471717235 0.000339790649536 0.000498151362618 0.000451276717755 0.000617637103180 0.000343312778004 0.000390888492308 0.000399107583253 0.000383746970601 0.000538076409298 0.000316321572628 0.000382447504645 0.000376717986830 0.000401382825971 0.000516799892271 0.000274872503411 0.000355031646169 0.000396012377733 0.000438351120109 0.000509079315984 0.000315135046521 0.000339212543893 0.000375438245265 0.000408246222304 0.000466484294024 0.000248015508072 0.000368697215497 0.000333755906724 0.000412156295610 0.000479123988034 0.000170547090413 0.000220505011675 0.000260125065314 0.000287353954178 0.000326225564528 0.000318157494633 0.000360979209544 0.000403401003366 0.000426635552755 0.000515446809996 0.000321727354748 0.000371467423492 0.000400198792442 0.000381088809206 0.000479896226754 0.000128957090806 0.000190400768186 0.000243603341754 0.000317080044138 0.000330274972061 0.000165254804598 0.000218909849413 0.000246902318008 0.000263271186342 0.000332471836018 0.000256609585655 0.000321221401062 0.000351831566905 0.000393751565486 0.000497718695611 
0.000127441933201 0.000263869950417 0.000406300232941 0.000440951561404 0.000546216419676 0.000172580026707 0.000245945655216 0.000270777891535 0.000381742413648 0.000520068451025 0.000225355508600 0.000285149152457 0.000338494436121 0.000395306668844 0.000577570531489 0.000234589459257 0.000349252286443 0.000561879305611 0.000511555792907 0.000615486853640 0.000315372427743 0.000289939982422 0.000385151790091 0.000515021180464 0.000621351486996 0.000286134820726 0.000367232065072 0.000436115844814 0.000543557938132 0.000640417249186 0.000386985150537 0.000514987944039 0.000662616454568 0.000645113796468 0.000744190843065 0.000481284236120 0.000497451046027 0.000607873649138 0.000594440530235 0.000730643655289 0.000506328587492 0.000614103754846 0.000585578060733 0.000661465516176 0.000791380413507 0.000350060014460 0.000512908184771 0.000685346061342 0.000747107666538 0.000424943316388 0.000480577129412 0.000724468307327 0.000640312143193 0.000437246466389 0.001069507213072 0.000550506215086 0.000550863490669 0.000645306218362 0.000611668926644 0.000424943316388 0.000445852391888 0.000513860054474 0.000666961643055 0.000613981522481 0.000474414526326 0.000522698710229 0.000560073107578 0.000605138411524 0.000559109595860 0.000577302229723 0.000504767056752 0.000587529421077 0.000572252223837 0.000614266172978 0.000795298815267 0.000348524601988 0.000430407715818 0.000661343414200 0.000578461503608 0.000847646839178 0.000440001566867 0.000497616205483 0.000501193928694 0.000508945089270 0.000719647852237 0.000400853421757 0.000492579760405 0.000485080086594 0.000520882635993 0.000683235132202 0.000347888172690 0.000459547789944 0.000515676288608 0.000574322344181 0.000679014395574 0.000395773228256 0.000422467395923 0.000489572474958 0.000541328303567 0.000618201850176 0.000326236127718 0.000485300506047 0.000432564005677 0.000541886574674 0.000634703468245 0.000204531368616 0.000268149956217 0.000321688516081 0.000354950929763 0.000410872729977 0.000401783310555 0.000461616569689 0.000524878110018 0.000558791384274 0.000687315147831 0.000400090125206 0.000489669462693 0.000526940821798 0.000491115263430 0.000628969734430 0.000152183144056 0.000231426752611 0.000303157952019 0.000404943806916 0.000424339634092 0.000200484746559 0.000265616286879 0.000307926580568 0.000330411311164 0.000420190811023 0.000321221401062 0.000410200038863 0.000452472657438 0.000510694469556 0.000662980298098 
0.000136438282643 0.000288517197002 0.000445623723566 0.000488100901706 0.000603170483895 0.000186525042923 0.000265160387730 0.000297476364398 0.000421204457963 0.000576502610003 0.000244102116211 0.000312806722138 0.000369350526499 0.000433863017233 0.000644166427150 0.000253458596281 0.000383627898338 0.000629336537870 0.000564118347547 0.000693316328892 0.000345588767259 0.000314251403208 0.000423561769373 0.000571290116454 0.000689789743983 0.000314351353962 0.000404858465952 0.000481645673998 0.000605712023189 0.000716614235822 0.000424805451767 0.000571315823648 0.000738783245316 0.000727826202313 0.000826350171543 0.000531161073157 0.000550390604239 0.000675181652214 0.000661097384573 0.000809904839363 0.000563156832355 0.000683708586178 0.000652463619003 0.000740070892916 0.000888918267162 0.000386121402413 0.000567959269365 0.000774846093398 0.000829891018153 0.000438806215081 0.000523196630007 0.000806227337516 0.000709155094392 0.000471596659618 0.001221261247356 0.000612881139738 0.000612827228758 0.000717181613966 0.000675512352470 0.000438806215081 0.000493531462454 0.000571800116223 0.000744899605468 0.000686797334244 0.000522880515631 0.000582293893656 0.000623415960907 0.000677766452189 0.000618586604833 0.000645726113902 0.000561888747453 0.000653630114561 0.000635800504915 0.000683177646960 0.000895477378791 0.000381219490061 0.000473412086989 0.000739209261021 0.000638914395079 0.000957705622991 0.000485958348794 0.000548300574668 0.000549581185873 0.000568676618580 0.000806342921283 0.000440972315858 0.000544958001437 0.000536614912908 0.000577766139477 0.000762616194593 0.000382535413906 0.000509284209904 0.000572659733421 0.000639114123662 0.000760133216906 0.000433994851820 0.000461878236208 0.000543931092421 0.000604820009336 0.000690580346130 0.000363524430577 0.000540889845593 0.000479591072664 0.000603726867615 0.000708921515159 0.000220500452839 0.000290606684223 0.000350796920670 0.000386905706547 0.000451011437820 0.000441452936211 0.000509436692036 0.000582719874458 0.000621762932181 0.000769354690475 0.000437176152181 0.000546029410627 0.000587365746599 0.000543446839765 0.000700007456471 0.000163051275539 0.000250761783839 0.000331346149811 0.000446687192162 0.000469062865323 0.000217081712914 0.000287620533357 0.000336820387815 0.000362231733705 0.000461806748712 0.000351831566905 0.000452472657438 0.000500328319850 0.000566357324123 0.000741858496117 
0.000148431953859 0.000322219453360 0.000499539313746 0.000553203241766 0.000681676713456 0.000205362980828 0.000291036463704 0.000334132270736 0.000475566998134 0.000654501442661 0.000269492124806 0.000350733509032 0.000411462036709 0.000486757124142 0.000736567392333 0.000278937815597 0.000430818146939 0.000723161615629 0.000636497537781 0.000801892175165 0.000386986398237 0.000347201127065 0.000476340649989 0.000649095442649 0.000784472051426 0.000353091883931 0.000456660134415 0.000544409895484 0.000691905435671 0.000822538518436 0.000476697464941 0.000649208316777 0.000844443537225 0.000843302843495 0.000940032325491 0.000599882871761 0.000623464679614 0.000768332088929 0.000753421346877 0.000919451275454 0.000641872108607 0.000780181206754 0.000745212149576 0.000849335195780 0.001024790122109 0.000435787222551 0.000643991297338 0.000899924744603 0.000944463668590 0.000455027816232 0.000581233598015 0.000919514770293 0.000804246132703 0.000517879377566 0.001434256622111 0.000699331198405 0.000698667976841 0.000816690799535 0.000763521096347 0.000455027816232 0.000559365764879 0.000652078898445 0.000853126299160 0.000788001718921 0.000589591719640 0.000664923676578 0.000711197417000 0.000778781644664 0.000700682258714 0.000740822803916 0.000641051781176 0.000745203053360 0.000723764179474 0.000778627177469 0.001035200896919 0.000425940818834 0.000532512136068 0.000847385263710 0.000722256410476 0.001111467494594 0.000549313153698 0.000618050574784 0.000615911604692 0.000651643267391 0.000926950004794 0.000496113586739 0.000617253287097 0.000607741799929 0.000656418915300 0.000872808014108 0.000430139326890 0.000578014069058 0.000651511227283 0.000728889304675 0.000872926912640 0.000486391214298 0.000515762653461 0.000619173690343 0.000693006109129 0.000791098727789 0.000415233364503 0.000617987837653 0.000544596210178 0.000689474514330 0.000811986835673 0.000242004401882 0.000321039453201 0.000390499840702 0.000430473128044 0.000506082828663 0.000495923130655 0.000575322922525 0.000662744894754 0.000709010038668 0.000883422755240 0.000487856819271 0.000624219496286 0.000671175994634 0.000615687857854 0.000798444079529 0.000177557897087 0.000276958651390 0.000369876610766 0.000504181288214 0.000530755214441 0.000239550697942 0.000317411739759 0.000376343231187 0.000405843865437 0.000518962321763 0.000393751565486 0.000510694469556 0.000566357324123 0.000643312527247 0.000851509753007 
0.000170377575259 0.000404572203799 0.000634758441261 0.000727376392053 0.000888532575491 0.000245887258579 0.000344750566356 0.000427261996948 0.000618036607850 0.000864984780332 0.000325702577198 0.000445998310195 0.000512434944644 0.000620137799685 0.000994371743547 0.000333492783841 0.000550567712955 0.000990337290558 0.000825460148876 0.001118694722167 0.000490063217953 0.000420699628512 0.000611470668578 0.000859881236238 0.001042161854700 0.000451527171655 0.000591656199731 0.000709913100185 0.000931339197371 0.001122833109505 0.000607733894561 0.000860364198003 0.001138766828510 0.001182323901043 0.001249837981460 0.000780267642901 0.000818415318519 0.001022604465363 0.001007202370527 0.001215017403660 0.000858353112123 0.001046913192474 0.001002705490092 0.001158911156586 0.001416592502126 0.000565662932548 0.000847860334883 0.001270079096398 0.001257335388002 0.000429270938050 0.000717302853523 0.001232006528720 0.001059475369325 0.000614537699261 0.002086003629800 0.000938308037745 0.000935030420256 0.001089212391241 0.000995560493117 0.000429270938050 0.000735509678157 0.000873414179870 0.001157177327716 0.001074454337550 0.000763116160214 0.000894103904396 0.000953615727951 0.001066387833865 0.000919647502173 0.001009905766978 0.000859739114663 0.000997375221848 0.000964267666698 0.001041065369166 0.001442174003406 0.000535574356595 0.000684017790608 0.001152458473284 0.000942161464951 0.001565378827503 0.000716421504885 0.000799130019546 0.000781973322947 0.000885244362129 0.001270964515258 0.000637629583793 0.000810031780704 0.000797303490816 0.000869445284788 0.001181466071163 0.000551909994440 0.000763203375591 0.000866507423957 0.000976477983050 0.001193340509454 0.000617597850009 0.000647303466804 0.000824879099799 0.000941222908413 0.001073769842321 0.000558841765748 0.000832353141736 0.000720205804957 0.000927419831665 0.001101636436749 0.000286611651489 0.000388845028638 0.000485136867184 0.000533893523770 0.000645108818954 0.000634441975361 0.000748222843727 0.000880605627610 0.000949485692446 0.001207318377352 0.000610975131142 0.000842171187225 0.000904338256862 0.000808561933635 0.001070087356156 0.000204532014476 0.000335194692576 0.000463701132554 0.000654592035004 0.000694382030675 0.000289062671663 0.000383103225854 0.000473251412654 0.000514836609443 0.000664617518255 0.000497718695611 0.000662980298098 0.000741858496117 0.000851509753007 0.001162363749679 
