NaN NaN NaN NaN NaN NaN NaN NaN NaN NaN NaN NaN NaN NaN NaN NaN NaN NaN NaN NaN NaN NaN NaN NaN NaN NaN NaN NaN NaN NaN NaN NaN NaN NaN NaN NaN NaN NaN NaN NaN NaN NaN NaN NaN NaN NaN NaN NaN NaN NaN NaN NaN NaN NaN NaN NaN NaN NaN NaN NaN NaN NaN NaN NaN NaN NaN NaN NaN NaN NaN NaN NaN NaN NaN NaN NaN NaN NaN NaN NaN NaN NaN NaN NaN NaN NaN NaN NaN NaN NaN NaN NaN NaN NaN NaN NaN NaN NaN 
NaN 1.000000000000000 0.943052300733449 0.951540456451636 0.876874196413309 0.891256903448181 0.629240852062061 0.561006135067676 0.571370181279679 0.514500675204412 0.597623475196727 0.577057431495574 0.617603006728037 0.578185487658411 NaN 0.959117053999742 0.924431578515085 0.857343047559913 0.860439376516158 0.693912982481092 0.611421876322488 0.565842503895937 0.547873180702272 0.502147006666005 0.567552344092485 0.555349177447862 0.556254417200445 0.482005839867706 NaN 0.917577566020218 0.834000903641114 0.780935312131755 0.727227539212208 0.750718978334024 0.542591375240717 0.511260797068529 0.553253290936969 0.475032398597884 0.497003979513578 0.498420176998008 0.492853813993367 0.444285507259762 NaN 0.842180660562182 0.836400332317616 0.800425320963565 0.713408712281778 0.856861618037105 0.537343814343895 0.578059643273828 0.597561238655236 0.247361975706826 0.517598357194108 0.507612916354351 0.520708801204318 0.524114658424126 NaN 0.818033158671917 0.837137305893006 0.849992740028762 0.780273417621054 0.787328809324771 0.430617263879505 0.466388336070670 0.522135841206299 0.480355475357268 0.466215982631171 0.514766633283318 0.519432650445451 0.467829204690409 NaN 0.957023165680217 0.892334034931791 0.857071241684791 0.821394380364383 0.684898301825142 0.548680411080460 0.565701150789325 0.452279442487760 0.509103668318052 0.583639002545664 0.486541268794246 0.537496074337088 0.521641745003728 NaN 0.959506068907856 0.915872417861229 0.874464621170426 0.837209551314708 0.767186373521170 0.567328921953530 0.530696188667406 0.511474150113345 0.452437365747741 0.569722866610825 0.539280572401942 0.544828392538594 0.512598965381536 
NaN 0.943052300733449 1.000000000000000 0.995333857316197 0.985355623686976 0.986587540953016 0.678285345678524 0.703599072740075 0.706203621454812 0.689522624136716 0.705969044831893 0.706711794559329 0.695799500519947 0.706102688679317 NaN 0.996594508141528 0.997234512663209 0.978039385675471 0.976107147513589 0.886093919150367 0.700250257741493 0.705060914957464 0.701078823345434 0.684155537866815 0.705669782178914 0.703004740646048 0.703144688260532 0.674403504055212 NaN 0.993906473565360 0.965383330495235 0.941582076149773 0.903980431127870 0.919714697900711 0.699580019654927 0.688167050617147 0.702361839726478 0.670818198591177 0.681785618548025 0.682447990419027 0.679807811080036 0.653598752018502 NaN 0.967391209946890 0.965724742081155 0.951021573463121 0.904152008723861 0.697870235939911 0.697937289415980 0.705919303145061 0.704153774223292 0.509130643040620 0.690778380699276 0.686597965522531 0.692010741150541 0.693320039294715 NaN 0.955267352392575 0.967673725125225 0.974214711638972 0.941520105636211 0.914279832979664 0.645240503529133 0.666166640355495 0.692569820416045 0.673593218984247 0.666054916823800 0.689635454316391 0.691520960056761 0.666929405306601 NaN 0.996946443271033 0.988201590003371 0.978708609222113 0.963343602861503 0.881862173040802 0.701233991111309 0.704846287176889 0.658220725283090 0.687243689533691 0.706315453697938 0.676718573547893 0.698004742022951 0.692384522225537 NaN 0.997000502286169 0.995710874569128 0.983266903979257 0.964170406663182 0.931232595465707 0.705343849118102 0.695798719469673 0.688267536278864 0.658287601833428 0.705991490738569 0.698653548192436 0.700291201238650 0.688734543830890 
NaN 0.951540456451636 0.995333857316197 1.000000000000000 0.976975367047371 0.971364050693556 0.697829289460508 0.719014729624927 0.722304450340664 0.704198876579905 0.722711240428776 0.722749782835202 0.714497192832300 0.723432904628562 NaN 0.993008167342668 0.988972309028851 0.969220177742103 0.957203098359866 0.856444378182464 0.718557634357771 0.721450626723792 0.717134032724088 0.698403178676479 0.721409752979402 0.719116176509723 0.719492502798159 0.687819649343973 NaN 0.983106824337398 0.945842060701082 0.922251902143195 0.874506479488178 0.889547718822699 0.715447124762761 0.702844202341213 0.718757694392742 0.684075708473761 0.695853776460285 0.696570515061482 0.693700813321412 0.664971684235192 NaN 0.948765037561767 0.946758239562834 0.934820475474776 0.882185826735525 0.739840423886013 0.713667667142482 0.723384602623250 0.722529647918821 0.514072528636184 0.705502267437630 0.701129096345975 0.706850985891691 0.708516573991700 NaN 0.931281652060957 0.949019710759271 0.958631032604455 0.919786779793335 0.877743975932286 0.656796619104449 0.679073013958180 0.707675197982355 0.687051606968078 0.678923466152789 0.704382865665094 0.706471991555349 0.679848797159943 NaN 0.994780189698537 0.974224859369365 0.966174658601458 0.948358262598726 0.855445199181701 0.717432647277756 0.721675765478436 0.670597632629783 0.701837410520890 0.723759753172344 0.690375843513015 0.713691493231592 0.707433448505026 NaN 0.993559454343105 0.986374959789918 0.968510255662153 0.941849551537145 0.905257942385530 0.721857892672490 0.710908790085330 0.702747706971693 0.670593158082982 0.722031019300123 0.714148967261457 0.716056774148627 0.703285742906585 
NaN 0.876874196413309 0.985355623686976 0.976975367047371 1.000000000000000 0.990287709825468 0.641991693413820 0.722230054113387 0.719034545135388 0.728774106225409 0.702887948162548 0.716584881623100 0.675536372921314 0.715008608623047 NaN 0.975190733247882 0.992260877100925 0.999074427093110 0.989645370590411 0.946494265608080 0.686171213959358 0.721140647703405 0.725888984368327 0.728173704777474 0.720701976193340 0.724359229006606 0.723921580061814 0.725721664700663 NaN 0.990121229415734 0.991062459697847 0.983428399939754 0.956338804631643 0.962055841449896 0.726823840400102 0.728646455710931 0.724499418599751 0.724510620225826 0.727709697410200 0.727848931454507 0.727257940445013 0.716744092496758 NaN 0.991501994493996 0.991442567632424 0.988914103750650 0.961260595274902 0.582683429689919 0.727510541508149 0.714748226745632 0.700192366180854 0.618883876180238 0.728823992682916 0.728498368203415 0.728802758228811 0.728600260865711 NaN 0.983291473944671 0.992375590203512 0.996099002422477 0.981546418806569 0.937416237178716 0.712919378719485 0.722739718146345 0.728666889047604 0.725457225932656 0.722701362147914 0.728755865583925 0.728757635390977 0.723049795859934 NaN 0.976382289770600 0.994420197176323 0.994662092498528 0.993751999575591 0.946058433790707 0.725580269765366 0.720716126661850 0.719335292198843 0.728567256278232 0.712069065973293 0.726423112228023 0.727543330820897 0.728706592401904 NaN 0.975157447016842 0.993963459957391 0.996511951751237 0.986288452763174 0.973411553745294 0.720493710640764 0.728356771997806 0.728703563126623 0.719349542132788 0.719738638809632 0.727459954813423 0.726596573183426 0.728737941884756 
NaN 0.891256903448181 0.986587540953016 0.971364050693556 0.990287709825468 1.000000000000000 0.645639315772429 0.687400996104965 0.688735212349800 0.682031720324984 0.682620422220453 0.687796061513344 0.667845271893238 0.688086055685974 NaN 0.981089247804249 0.994507541307092 0.985530113458348 0.997734620957806 0.936278864584313 0.674074586882654 0.688946880973359 0.688497918141375 0.678472532413514 0.688663497652084 0.688904460575395 0.689098115121680 0.671367807316471 NaN 0.997609217692109 0.990321288391514 0.971193139964989 0.950677208670173 0.966943537928776 0.687887910018391 0.681283060229414 0.689002460555858 0.668809827993078 0.676832717497709 0.677301438890351 0.675401249171879 0.654797148713314 NaN 0.990145832464631 0.989520781392131 0.974455680475510 0.943274410115256 0.600773094989097 0.687161025625885 0.688055405650095 0.682128897098693 0.530370581808176 0.682756071765909 0.680228636579645 0.683523476516299 0.684570431464902 NaN 0.986975512265727 0.991459024796022 0.992709775076503 0.974379371789787 0.963384212276917 0.648592314912037 0.665227954060169 0.684100718747060 0.670894113439113 0.665101679686810 0.682173062744468 0.683401067304074 0.665761462065407 NaN 0.982097376513306 0.998883456749313 0.992984499438866 0.984014514366039 0.928098375252801 0.688632210683893 0.689220779017316 0.659025420123276 0.680668201937438 0.687088582926068 0.673163938656493 0.687152593258935 0.683949064766375 NaN 0.981298434224639 0.996427851399123 0.997053386023257 0.992281773108648 0.971078590130316 0.689073555578168 0.685721828087598 0.681141527198292 0.658992429010135 0.688829610690082 0.687264469190420 0.688042487983831 0.681469487932441 
NaN 0.629240852062061 0.678285345678524 0.697829289460508 0.641991693413820 0.645639315772429 1.000000000000000 0.931456105464264 0.945866120374384 0.876670953821539 0.973678122705247 0.951395228079258 0.994115648004678 0.955638567881334 NaN 0.645872785676292 0.648298420565615 0.641157962146386 0.637580271958512 0.489252066732910 0.988725419027339 0.939998381275641 0.919350253927510 0.860597472456812 0.940655080930248 0.927795504486039 0.929525122273559 0.833564123534161 NaN 0.641019526954416 0.586552972881055 0.579884058498633 0.488270373302037 0.559253723617068 0.912860435734499 0.872832639203703 0.926326976612553 0.824488379356585 0.853866301312010 0.855742126958408 0.848287915305394 0.781070157074864 NaN 0.570000689919001 0.575870790538733 0.581211797542080 0.569851093517851 0.723338778043715 0.906468026994543 0.955849864325192 0.977106364123051 0.498022050603802 0.880446843576836 0.868040613129706 0.884439135851326 0.889556140264110 NaN 0.566833470967044 0.598345216605382 0.610614294042670 0.592566917545171 0.477310166524416 0.763360095116131 0.812722902345722 0.886994172591202 0.831686057873644 0.812350665283673 0.877210484733980 0.883327711523021 0.814498300302352 NaN 0.657412661446822 0.626434905255484 0.685670275477656 0.625580247351422 0.493129816830316 0.920678429047049 0.941115920559580 0.793389339765716 0.870002495770612 0.961459434344371 0.839893494468271 0.906507973455380 0.886235670111016 NaN 0.648280932750055 0.647292204643062 0.620474138022142 0.583397290504505 0.555807151812134 0.942148354788979 0.897089703494648 0.872537261467732 0.793371803351483 0.943926334367624 0.908080629042491 0.915100394946413 0.874059074704883 
NaN 0.561006135067676 0.703599072740075 0.719014729624927 0.722230054113387 0.687400996104965 0.931456105464264 1.000000000000000 0.997829178366504 0.989365774781947 0.989417790802540 0.997856956527871 0.965160174832099 0.995334949177236 NaN 0.656228998799467 0.687334581055867 0.735011505839436 0.696662438043715 0.643444980576983 0.975339538250802 0.998854543272773 0.997300173492982 0.984430415583544 0.998945280253807 0.998601010978450 0.998022439827711 0.975005168547363 NaN 0.674629166733944 0.676548969904560 0.705734708644760 0.627085733440453 0.667069311821446 0.996511431831308 0.987881220422474 0.997321435645712 0.971092289538244 0.982137082156078 0.982766761617157 0.980263723861471 0.951710636727657 NaN 0.659236259708671 0.667863854255065 0.703758694326129 0.722790471256971 0.534705206475430 0.995363198769334 0.994725388660090 0.984939125505074 0.776418939932694 0.990605743696886 0.986493049507558 0.991658074370549 0.992135778775022 NaN 0.656824927775986 0.686093572602872 0.696062297104160 0.709794509208224 0.538656613528839 0.943226879487462 0.966241096877084 0.991566631100871 0.973947598861790 0.966205441098213 0.989318126334363 0.990848974122625 0.967160395387415 NaN 0.665971913058858 0.679921423488576 0.754893317604683 0.729086820355132 0.660880972986432 0.997007288099776 0.997452926397586 0.957676917200820 0.987064404212518 0.994129314471867 0.977182859185506 0.995550174805748 0.991518418824922 NaN 0.657040095706916 0.690260263863786 0.689196261501217 0.660944054582470 0.672490997853548 0.998185985710672 0.994440532507196 0.988303763495199 0.957832857767215 0.998102061364619 0.996374314368585 0.997324489627762 0.988725349894221 
NaN 0.571370181279679 0.706203621454812 0.722304450340664 0.719034545135388 0.688735212349800 0.945866120374384 0.997829178366504 1.000000000000000 0.985034360322223 0.994459479118170 0.999586004670448 0.975408660374866 0.999185841139684 NaN 0.658994990831442 0.687958117668988 0.730307122944309 0.695718106606298 0.631819478179052 0.983515466169881 0.999632687605347 0.996957331775394 0.978950870442085 0.999776702575831 0.998447081012420 0.998606684939938 0.967385061721547 NaN 0.676416494348424 0.672172546283436 0.697617301630411 0.617040276466724 0.660841880449641 0.995607396907785 0.983581974617139 0.998028855705607 0.963121470501034 0.976205703667050 0.976977828862309 0.973869883251223 0.941334544216799 NaN 0.655014080639876 0.663241082335292 0.696202375708372 0.711995149524832 0.560467161389510 0.994048700858116 0.998995017559069 0.992609013549593 0.751994602020880 0.986380800930404 0.981800110359124 0.987734283022344 0.989271441514102 NaN 0.652367477862115 0.682193459483822 0.692588361249580 0.702343352524610 0.536137832912691 0.931280592787826 0.957430884467444 0.988459585407564 0.966480230197142 0.957268689749052 0.985195846111500 0.987289980236930 0.958332557940261 NaN 0.670531183991927 0.679674201965539 0.753740418925141 0.723871089970595 0.647888215564369 0.997109010646550 0.999557237105488 0.947601296205915 0.982536295495537 0.998436325543114 0.970206630644526 0.994099393156842 0.988241112842131 NaN 0.660984559927007 0.691003498555835 0.687292450891132 0.657861120920066 0.665218848861067 0.999806346574290 0.991724315123073 0.983581046954176 0.947628918331574 0.999980728869140 0.994627228132703 0.996195250680467 0.984122599020141 
NaN 0.514500675204412 0.689522624136716 0.704198876579905 0.728774106225409 0.682031720324984 0.876670953821539 0.989365774781947 0.985034360322223 1.000000000000000 0.961809727415635 0.981334648075474 0.923502963782682 0.979409996233230 NaN 0.637291589473731 0.678941344850443 0.745915911195241 0.696525125483501 0.679923686916944 0.938344390794131 0.988049825863288 0.995227835280693 0.999470947591081 0.987340626475481 0.992824141652815 0.992283179974112 0.996522409352925 NaN 0.666090815937313 0.688506008916458 0.729781951380807 0.658508763149975 0.686129731348432 0.996666117361266 0.999947002415212 0.993216575625758 0.995041937286985 0.998961163775439 0.999118703123498 0.998423144972837 0.984973003737330 NaN 0.671820604029208 0.680892710390944 0.727039155516372 0.756458578778682 0.450788438793870 0.997767314700971 0.979104273691115 0.958435452101646 0.853653157754381 0.999958013071585 0.999826149601827 0.999850623776683 0.999583738163744 NaN 0.669338980110681 0.697206870653113 0.706192925208708 0.730026044086809 0.544123390886581 0.979980450453491 0.992792130626923 0.999727638733313 0.996235768543582 0.992719943400209 0.999993745141759 0.999889312282363 0.993157313197876 NaN 0.648529797408701 0.678450234794237 0.757417019305638 0.744734303780237 0.701727018591416 0.994825731375171 0.987629217424983 0.988386679768557 0.999885657033208 0.975144729373494 0.997420943792631 0.997788289893510 0.999777718886381 NaN 0.638783404814642 0.684162788636596 0.692926297460355 0.668885422908781 0.694402025423495 0.987188750611397 0.999006539010020 0.999960792256805 0.988377738802947 0.986044727943704 0.997559936732138 0.996226510143881 0.999983767660627 
NaN 0.597623475196727 0.705969044831893 0.722711240428776 0.702887948162548 0.682620422220453 0.973678122705247 0.989417790802540 0.994459479118170 0.961809727415635 1.000000000000000 0.996407720131691 0.992500652578183 0.996437274130968 NaN 0.662945837975661 0.683590364825826 0.710537173267423 0.685190565431620 0.593927468939562 0.996643465890821 0.992358340066805 0.983478738983680 0.952458243076771 0.992977071206574 0.987494525671877 0.987887873838653 0.935967752803016 NaN 0.672767500762939 0.652675116300321 0.668320788240964 0.583312730733336 0.636099135520263 0.980458253943658 0.959431458935330 0.986268517628755 0.930013799587633 0.948398837882719 0.949527260801181 0.945039440842647 0.901360922626820 NaN 0.635405077882181 0.643070474470911 0.667639557982992 0.675093947359458 0.617509310457041 0.977271433731215 0.996194999100153 0.998397181351864 0.680492128672055 0.964034541748203 0.956687654250675 0.966248797719566 0.968638046580669 NaN 0.632735949027382 0.663282290062764 0.674332314800433 0.675767961220204 0.523656845462843 0.888659457774321 0.922366683826856 0.967274002368128 0.934613699418317 0.922186972795947 0.962014600398184 0.965373890169546 0.923620551312248 NaN 0.673885119853904 0.670496116416703 0.740496764667816 0.700840042692771 0.606349074960327 0.983859287472917 0.992099213242572 0.909449461254291 0.957814344132760 0.997909232238447 0.939832379234075 0.977384082367171 0.966932537063123 NaN 0.664775877193844 0.685112216032581 0.673936665520323 0.641715667214325 0.638130463591555 0.992940816896926 0.973036998095857 0.959547240858928 0.909537985189614 0.993848598256223 0.978493009307882 0.981793456280264 0.960393122408812 
NaN 0.577057431495574 0.706711794559329 0.722749782835202 0.716584881623100 0.687796061513344 0.951395228079258 0.997856956527871 0.999586004670448 0.981334648075474 0.996407720131691 1.000000000000000 0.979110239179076 0.999037351603937 NaN 0.660520094827587 0.687768169839717 0.727272208247013 0.694192066434011 0.625383898041759 0.986693643795497 0.999094324503374 0.994928146270267 0.974627776894461 0.999400537261607 0.997108381738449 0.997110350998465 0.962246819075622 NaN 0.676043740017094 0.669009815198226 0.692760424985424 0.611320367416399 0.656679721228151 0.993255658473632 0.979595838530965 0.996185758323318 0.957583550474533 0.971629006070375 0.972464552555362 0.969128951683100 0.934516625256892 NaN 0.651739784628732 0.659939245822449 0.691387061907787 0.705744440019058 0.570413161272214 0.991339780031752 0.998702360432549 0.993792615704679 0.739797973752403 0.982911117225692 0.977647938158951 0.984425983962151 0.985892243019527 NaN 0.649166047272414 0.679076610993426 0.689552312603192 0.698092854947538 0.534223028038660 0.924099646933434 0.951563952523311 0.984991011644392 0.961160118263969 0.951434692216149 0.981444327871672 0.983743029233602 0.952575899609592 NaN 0.671374253104300 0.678313335859788 0.751582411167739 0.720019553431487 0.640826584532420 0.995011191254505 0.998556403855169 0.941193904149966 0.978449896623334 0.998801206610484 0.965183504079405 0.991450620654129 0.984788051283575 NaN 0.662144627106009 0.690328376788376 0.685219772177950 0.655267316710166 0.660694738172936 0.999138829008382 0.988881865722375 0.979763010789741 0.941280594893757 0.999481888025985 0.992247988986518 0.994136385096072 0.980356758217988 
NaN 0.617603006728037 0.695799500519947 0.714497192832300 0.675536372921314 0.667845271893238 0.994115648004678 0.965160174832099 0.975408660374866 0.923502963782682 0.992500652578183 0.979110239179076 1.000000000000000 0.981774624298234 NaN 0.658221069753264 0.669455173321932 0.678743135172703 0.664749211600397 0.542794441820331 0.999098945940597 0.971399231165036 0.956421870019706 0.910564803291146 0.971853278413388 0.962697995481183 0.963879918395655 0.888374330200859 NaN 0.660625693609185 0.622269393745518 0.626246548404170 0.537191733823101 0.599955488493264 0.951560934373108 0.920392019691101 0.961489223040652 0.880778272402852 0.905075225345745 0.906605753730879 0.900516200637175 0.843974063374129 NaN 0.605292814784785 0.612035944928027 0.626656425780310 0.624229279318410 0.677683963315522 0.946693565816779 0.981827948865303 0.994111256236889 0.588883606968184 0.926531576469093 0.916547335342494 0.929697290296080 0.933632923522619 NaN 0.602260951902030 0.633598680997796 0.645384744680958 0.636454033836190 0.502765189532750 0.828690021224717 0.870893195658964 0.931620549831840 0.886778696997296 0.870599399738141 0.923911026256432 0.928757257843085 0.872416113197620 NaN 0.669756732060468 0.651801206241502 0.716704676179809 0.665981174384634 0.550791504394595 0.957350225874658 0.972051071578698 0.854504069080715 0.918124685456457 0.985500390774485 0.893593419282375 0.946748254053591 0.931041789535967 NaN 0.660400935199447 0.669746727413178 0.650309223621259 0.615340404555253 0.599087491400088 0.972864027666936 0.939586607009903 0.920215089819306 0.854511186130578 0.974090493798493 0.948015672080750 0.953308814135868 0.921430237945054 
NaN 0.578185487658411 0.706102688679317 0.723432904628562 0.715008608623047 0.688086055685974 0.955638567881334 0.995334949177236 0.999185841139684 0.979409996233230 0.996437274130969 0.999037351603937 0.981774624298234 1.000000000000000 NaN 0.660464881601957 0.687071723696605 0.725115788643259 0.693467120442807 0.621089918080269 0.988502465676452 0.998508526495565 0.994433638958147 0.972362814038778 0.998278032178181 0.996382553700083 0.996880654798699 0.959183424387288 NaN 0.676329241901788 0.667170723361891 0.689597562744372 0.607590245916540 0.654295440967230 0.992603468816457 0.977829564668131 0.996192163826795 0.954520143071145 0.969236849917606 0.970119737880179 0.966557502692254 0.930131142046128 NaN 0.650064883506277 0.658040847306561 0.688522484054306 0.701728032544407 0.579411363071362 0.990628862491271 0.999970756265757 0.996272656199817 0.730940717577081 0.980929376473306 0.975742129933220 0.982536068773580 0.984634665481361 NaN 0.647167579057882 0.677471842069316 0.688136188239295 0.695006207644690 0.533002681123888 0.919629703108149 0.948197892384085 0.983643732601106 0.958272766011826 0.947978319435364 0.979663648795370 0.982176458992980 0.949140865272937 NaN 0.672470175309136 0.677761961868905 0.750976150521984 0.717977067974906 0.636043720677748 0.994801235130801 0.998940264097527 0.937384585581137 0.976603516809188 0.999772404526668 0.962425642483413 0.990633164237158 0.983336744458137 NaN 0.662538132842672 0.689953894164141 0.684102507724353 0.653854592280819 0.657880630587477 0.998979997047790 0.987336305112455 0.977635675567704 0.937345083289578 0.998980025368591 0.991063273487752 0.993190155722308 0.978290732806679 
NaN NaN NaN NaN NaN NaN NaN NaN NaN NaN NaN NaN NaN NaN NaN NaN NaN NaN NaN NaN NaN NaN NaN NaN NaN NaN NaN NaN NaN NaN NaN NaN NaN NaN NaN NaN NaN NaN NaN NaN NaN NaN NaN NaN NaN NaN NaN NaN NaN NaN NaN NaN NaN NaN NaN NaN NaN NaN NaN NaN NaN NaN NaN NaN NaN NaN NaN NaN NaN NaN NaN NaN NaN NaN NaN NaN NaN NaN NaN NaN NaN NaN NaN NaN NaN NaN NaN NaN NaN NaN NaN NaN NaN NaN NaN NaN NaN NaN 
NaN 0.959117053999742 0.996594508141528 0.993008167342668 0.975190733247882 0.981089247804249 0.645872785676292 0.656228998799467 0.658994990831442 0.637291589473731 0.662945837975661 0.660520094827587 0.658221069753264 0.660464881601957 NaN 1.000000000000000 0.994267807921894 0.965149419593677 0.967332642832604 0.866954574383576 0.661034127113631 0.657875975897770 0.651753350122806 0.631042325772781 0.658118751550599 0.654550789703428 0.654722181398547 0.620065530208464 NaN 0.991704105721635 0.955194630832135 0.924462253907389 0.888589403185858 0.904022038151615 0.649713080281682 0.635657093605564 0.653578531233242 0.616063396445778 0.628319436631236 0.629074364365161 0.626089377289300 0.596701648619384 NaN 0.959036452133135 0.956280229944377 0.935414309440347 0.880386971627285 0.715901862784100 0.647558811095630 0.660250881143260 0.661812555497228 0.450243666193608 0.638817522615001 0.633827497607306 0.640303988173807 0.641799910930065 NaN 0.945232490099979 0.957011381280692 0.963764410430493 0.924406077264021 0.912613918493234 0.588540962561230 0.610958161883688 0.640880373692779 0.619121191865515 0.610866100790894 0.637402628250552 0.639642881417258 0.611831301890351 NaN 0.999058088564842 0.982832543970102 0.964932428104714 0.947880165077046 0.860400664415023 0.651961403661663 0.657538911967661 0.602371247585784 0.634581279558870 0.661524882133330 0.622607086263915 0.647655950735989 0.640670215754294 NaN 0.999692787367811 0.991607875532485 0.975461547951091 0.955713810986248 0.915917024773724 0.658142211653811 0.644767093421973 0.635775689556406 0.602446642987379 0.658598003267132 0.648434901784932 0.650669980598572 0.636347854471337 
NaN 0.924431578515085 0.997234512663209 0.988972309028851 0.992260877100925 0.994507541307092 0.648298420565615 0.687334581055867 0.687958117668988 0.678941344850443 0.683590364825826 0.687768169839717 0.669455173321932 0.687071723696605 NaN 0.994267807921894 1.000000000000000 0.986164574286172 0.987441678242933 0.913036103824394 0.675451738668773 0.687989041848649 0.686364061073798 0.674981774766362 0.688069931506558 0.687357926427174 0.687315132377070 0.667437738479176 NaN 0.998809627387850 0.980409442559371 0.959168919297661 0.929518850716357 0.942371527444964 0.685541775315802 0.677935011428752 0.686895581461442 0.664572843511039 0.673177115632232 0.673682567681665 0.671661296709370 0.650033715636332 NaN 0.982263936691305 0.980825262640656 0.966646473949908 0.925272826153770 0.652083958857803 0.684551905323321 0.686858000691723 0.681798893492449 0.522457914463419 0.679854272939086 0.676785438458355 0.680726690957304 0.681571034909934 NaN 0.972741178964978 0.981898790070915 0.986406300747893 0.959411128996504 0.938316370536055 0.643429725243045 0.660811268418108 0.681054217959392 0.666783357755641 0.660730777638042 0.679009685536252 0.680343994877370 0.661444505753197 NaN 0.994330394433185 0.996339330572053 0.986536150203889 0.976185666595910 0.907830937486819 0.686378963622797 0.687678140704395 0.654298298668210 0.677261481451829 0.686470694643808 0.669250688814256 0.684614801149431 0.680938786037370 NaN 0.994200681696918 0.999674272564665 0.993089554379743 0.979754260148545 0.952259999370596 0.687941852339050 0.683229586057480 0.678017311760405 0.654345507653818 0.688003607284773 0.685037100409533 0.685996055546744 0.678366814052444 
NaN 0.857343047559913 0.978039385675471 0.969220177742103 0.999074427093110 0.985530113458348 0.641157962146386 0.735011505839436 0.730307122944309 0.745915911195241 0.710537173267422 0.727272208247013 0.678743135172703 0.725115788643259 NaN 0.965149419593677 0.986164574286172 1.000000000000000 0.987316967456672 0.954778963782347 0.690926732312917 0.733074846446087 0.739716581481333 0.746368218555347 0.732564671576168 0.737468585631999 0.736832879566669 0.745560868382510 NaN 0.983600533756104 0.991273060771528 0.988415728306039 0.962187526705623 0.965952317855220 0.741205348486522 0.746021987423619 0.737666487800214 0.744836992045543 0.746325616996794 0.746346941515490 0.746218535060251 0.739280542274474 NaN 0.991001804284198 0.991513369035867 0.992992270218148 0.970580280918821 0.556737937348963 0.742400314555503 0.724788524861058 0.707160150517631 0.650758317096141 0.745714304702809 0.746195138949593 0.745411994357314 0.744793670450509 NaN 0.983604182654937 0.992541589853691 0.995891862132082 0.986076266797457 0.934022792256146 0.736296081125956 0.743710902160670 0.745053165952336 0.745382485317750 0.743695970021603 0.745848501234996 0.745415289920315 0.743931236420845 NaN 0.966489695499792 0.990271119645543 0.994382641583739 0.996425150143717 0.955907549970513 0.739263659408076 0.732448234699487 0.741292956137932 0.746131919215917 0.721468726188881 0.745883772288287 0.742441632803327 0.745155796937672 NaN 0.965026883260204 0.988505272670012 0.994214655679406 0.985209823655394 0.977510564697309 0.732173389500336 0.744031882551928 0.746132654803547 0.741316307642760 0.731226149109156 0.742269053706660 0.740821403494236 0.746063364665127 
NaN 0.860439376516158 0.976107147513589 0.957203098359865 0.989645370590411 0.997734620957806 0.637580271958512 0.696662438043715 0.695718106606298 0.696525125483501 0.685190565431620 0.694192066434012 0.664749211600397 0.693467120442807 NaN 0.967332642832604 0.987441678242933 0.987316967456672 1.000000000000000 0.955472256667638 0.672966028689214 0.696816472738572 0.698651392895000 0.694342334187170 0.696496527939339 0.698228724308556 0.698083692080749 0.689440356842641 NaN 0.991311045755633 0.995630844042279 0.982209874260604 0.966655052923042 0.981353451170415 0.698743483003137 0.696039929799731 0.698261650148196 0.687500813545041 0.693247863107772 0.693562882252637 0.692281960838291 0.676477475505129 NaN 0.994099205156081 0.994349769125243 0.982974971108487 0.960772857142288 0.551489972673453 0.698654540964273 0.693302107670149 0.683496503691043 0.565439867392269 0.696955608624436 0.695409945985999 0.697358208068173 0.697772261060241 NaN 0.994146187849225 0.996393947400874 0.995922329487304 0.985959520204163 0.971398459559843 0.671424717288081 0.684778269447655 0.697549840922909 0.689043320730375 0.684705498844771 0.696578124769817 0.697232677163070 0.685221178871417 NaN 0.968044335568396 0.996602128460428 0.995236055284197 0.990551944680288 0.947798496130808 0.698556832811274 0.696675219129170 0.679918343587429 0.695676481490520 0.691624315767846 0.690702137926784 0.698676683918703 0.697496207084399 NaN 0.967195768150447 0.990592046205504 0.997310712598043 0.997205429711448 0.983808149345405 0.696547663652191 0.698322719818905 0.696024382432296 0.679920813338290 0.696093241325988 0.698737874203288 0.698761991958477 0.696214306906351 
NaN 0.693912982481092 0.886093919150367 0.856444378182464 0.946494265608080 0.936278864584313 0.489252066732910 0.643444980576983 0.631819478179052 0.679923686916944 0.593927468939562 0.625383898041759 0.542794441820331 0.621089918080269 NaN 0.866954574383576 0.913036103824393 0.954778963782347 0.955472256667638 1.000000000000000 0.561437333040716 0.637821246751632 0.655015463737033 0.686759229899524 0.636811245344238 0.648588721586738 0.647136057687875 0.696065889865675 NaN 0.917989641732168 0.974879488587893 0.988638300563330 0.998244253941330 0.990464620921056 0.659563720315479 0.681598463629306 0.649572994852319 0.698618772492614 0.689307698116932 0.688613417749074 0.691306483910718 0.707774230263568 NaN 0.971913395037659 0.974419102204974 0.982705004095087 0.993294797824759 0.295117611215713 0.663688856009806 0.620616740522737 0.588365686754058 0.696086080796674 0.678161378898189 0.683682072351460 0.676201589507096 0.673475274555138 NaN 0.979397227520253 0.972963753307197 0.966731459550860 0.988694340850407 0.956121342229068 0.710527994070902 0.701616345131927 0.674816201602598 0.696588015796593 0.701723072349229 0.679647278503011 0.676703722966749 0.701210008029305 NaN 0.866646056213216 0.941176098332013 0.950462455946583 0.974253201961034 0.998373179299170 0.653929839323271 0.636708809561793 0.705770713471699 0.682839723481246 0.613814808091712 0.694093720561482 0.663709434829850 0.675233313564062 NaN 0.866010620894429 0.921060115719551 0.953883691882204 0.971097477031352 0.992854586903740 0.635837080976225 0.669442759491111 0.681801363148045 0.705787377201224 0.633817882122507 0.662795808186851 0.658108087575458 0.681121189357163 
NaN 0.611421876322488 0.700250257741493 0.718557634357771 0.686171213959358 0.674074586882654 0.988725419027339 0.975339538250802 0.983515466169881 0.938344390794131 0.996643465890822 0.986693643795497 0.999098945940597 0.988502465676452 NaN 0.661034127113632 0.675451738668773 0.690926732312917 0.672966028689214 0.561437333040716 1.000000000000000 0.980347001291514 0.967410424885194 0.926628344750039 0.980717352756883 0.972947013489522 0.973824944387842 0.906378452002905 NaN 0.665946917532879 0.633863463198309 0.641897690055002 0.554085535748300 0.613492809483524 0.963171743974360 0.935469381253868 0.971683642205853 0.899330918791993 0.921617796194199 0.923013128462787 0.917470929174496 0.865093034757108 NaN 0.616740159154160 0.623824637651528 0.641917898427973 0.642917336701051 0.657918386015186 0.958874868760769 0.988438104007471 0.997249182559509 0.621647889862177 0.941115478407628 0.932000042927071 0.943960861065113 0.947333646577097 NaN 0.613793078242367 0.644949359359087 0.656498165641816 0.651183688560123 0.510863135578688 0.850875289642868 0.890194093378369 0.945535480900777 0.904851508519607 0.889952581503199 0.938674564023694 0.943014845978498 0.891644806400200 NaN 0.672256422704920 0.659328825930546 0.726147200332171 0.679178157103025 0.570983360425082 0.968134998687405 0.980638874220608 0.874989629646531 0.933425759907815 0.991473168736268 0.911124719875737 0.958957022195893 0.945044440140043 NaN 0.662934429378733 0.676146209591880 0.659557200591304 0.625505854398172 0.613631223620320 0.981451272945739 0.952739630190782 0.935397616677900 0.875027994425525 0.982448124909100 0.960169268792665 0.964796947140197 0.936492716889295 
NaN 0.565842503895937 0.705060914957464 0.721450626723792 0.721140647703405 0.688946880973359 0.939998381275641 0.998854543272772 0.999632687605347 0.988049825863288 0.992358340066805 0.999094324503374 0.971399231165036 0.998508526495565 NaN 0.657875975897770 0.687989041848649 0.733074846446087 0.696816472738572 0.637821246751632 0.980347001291514 1.000000000000000 0.998196437207264 0.982527425626111 0.999817568453137 0.999379299691257 0.999380538402352 0.971884279869432 NaN 0.676283454555818 0.674865598576038 0.702038295542431 0.622310415378186 0.664439691432633 0.997129067853204 0.986691269946547 0.998891794014775 0.967866839167030 0.980007104266141 0.980714681628940 0.977865859632860 0.946927867664789 NaN 0.657696117671740 0.666054079282164 0.700442768596912 0.717718315646470 0.549487932206407 0.995820004698580 0.998247069517232 0.990320194768333 0.763919539511220 0.989281303187672 0.985084975792989 0.990486536772700 0.991739851808978 NaN 0.655009074182332 0.684734531919333 0.694978712839743 0.706348987941144 0.537774821310925 0.937781383782995 0.962542485722100 0.991032790343045 0.971000167964869 0.962404106682552 0.988168650632807 0.990023350875415 0.963407631998872 NaN 0.669046974396706 0.680416060765563 0.755154281546882 0.727084329725306 0.654526851614504 0.998242919619081 0.999702350725437 0.953276721742539 0.985748692172011 0.997436692431138 0.974476283977799 0.995888590382966 0.990858280651843 NaN 0.659451833805983 0.691190163148957 0.688801671278646 0.659936734727240 0.669252539181767 0.999916691399796 0.993898379129261 0.986732620094430 0.953307719641496 0.999743280595455 0.996370393307303 0.997664697536949 0.987229986721175 
NaN 0.547873180702272 0.701078823345434 0.717134032724088 0.725888984368327 0.688497918141375 0.919350253927510 0.997300173492983 0.996957331775394 0.995227835280693 0.983478738983680 0.994928146270267 0.956421870019706 0.994433638958147 NaN 0.651753350122806 0.686364061073798 0.739716581481333 0.698651392895000 0.655015463737033 0.967410424885194 0.998196437207263 1.000000000000000 0.991550233140221 0.997705190708295 0.999671625672914 0.999641742290479 0.983637980406764 NaN 0.674487419209537 0.681761848030014 0.714141840887214 0.637315321134336 0.674304438223441 0.999867464172336 0.994444891536972 0.999807878542956 0.980619101976868 0.989774184185536 0.990283238616611 0.988197801359122 0.963576540286226 NaN 0.664791569824374 0.673376766745221 0.712196248154404 0.733931257991604 0.515297725204929 0.999493337766024 0.994268984111820 0.981697165159104 0.798767370560735 0.995936238322809 0.993372774095454 0.996656584665910 0.997544940692261 NaN 0.662090198662064 0.691284388425509 0.701130885010384 0.716875119667256 0.541562867875819 0.955893669322385 0.976386465647499 0.997139367135153 0.983055091771320 0.976241707842359 0.995350948118438 0.996512510806802 0.977031602106729 NaN 0.663455760358945 0.681630503694433 0.758235105438098 0.735666156786069 0.673621119279433 0.999974577418432 0.998214933476775 0.968862469870732 0.993820671759915 0.992090194730569 0.985677735420075 0.999503337851857 0.997015013710175 NaN 0.653551370146685 0.690496245453114 0.692249026139462 0.665086335284532 0.680351201044453 0.997987266115837 0.998534876075374 0.994348102400544 0.968836017746562 0.997383823253007 0.999580159567388 0.999911463133461 0.994676955541318 
NaN 0.502147006666005 0.684155537866815 0.698403178676479 0.728173704777474 0.678472532413514 0.860597472456812 0.984430415583544 0.978950870442085 0.999470947591081 0.952458243076771 0.974627776894461 0.910564803291146 0.972362814038778 NaN 0.631042325772781 0.674981774766362 0.746368218555347 0.694342334187170 0.686759229899524 0.926628344750039 0.982527425626111 0.991550233140221 1.000000000000000 0.981718979637460 0.988417895200130 0.987741987301704 0.998691122900366 NaN 0.661898700159238 0.689293279622083 0.733430922782349 0.664158975939327 0.688621708862283 0.993509717906055 0.999685107511149 0.988962652586225 0.997745994922589 0.999912756339405 0.999954071734770 0.999718254567909 0.990007727686681 NaN 0.672750789175322 0.681953242758761 0.730445338961452 0.762347880106580 0.428488005907631 0.995114137126044 0.972037478079136 0.948735322788925 0.870042795033875 0.999169453799089 0.999879214331408 0.998787721208186 0.998176974373215 NaN 0.670330039322223 0.697712438123624 0.706402643178280 0.732826077138340 0.543812984369618 0.985911114598420 0.996148153096869 0.998496742893601 0.998523170192817 0.996098238663676 0.999432751833609 0.998914102427436 0.996417590484077 NaN 0.642204893383776 0.675962563110336 0.755572131947750 0.746187955409918 0.709575750352751 0.991043689336086 0.982048592694790 0.992789881593094 0.999811661727538 0.967448186916843 0.999220434270153 0.995129995898795 0.998598524073451 NaN 0.632479629976413 0.680594775523121 0.691684785510743 0.668736962647704 0.697605106768845 0.981488316604722 0.997038847681708 0.999705372246457 0.992779333409447 0.980148702977594 0.994766194843147 0.992881701221757 0.999627719524757 
NaN 0.567552344092485 0.705669782178914 0.721409752979402 0.720701976193340 0.688663497652084 0.940655080930248 0.998945280253807 0.999776702575831 0.987340626475481 0.992977071206573 0.999400537261607 0.971853278413388 0.998278032178181 NaN 0.658118751550599 0.688069931506558 0.732564671576168 0.696496527939339 0.636811245344238 0.980717352756883 0.999817568453137 0.997705190708295 0.981718979637460 1.000000000000000 0.999045820770908 0.998976536017278 0.970980609673879 NaN 0.676117171676787 0.674309456578777 0.701244577497785 0.621400828779334 0.663727163911318 0.996587250883194 0.985910287229581 0.998396156998046 0.966881246721562 0.979159895406816 0.979876050819816 0.976999991215963 0.946156401984872 NaN 0.657108220851048 0.665477299186181 0.699633625987237 0.716710676264481 0.550693516521560 0.995209577909475 0.997961752835260 0.990231613583839 0.762097105703590 0.988621573435875 0.984282317658966 0.989849737755535 0.991038206188051 NaN 0.654554884863551 0.684168761585944 0.694411066957783 0.705669837390055 0.537438804556429 0.936586236517928 0.961520365382061 0.990323191003334 0.970044932289801 0.961393325438000 0.987437028843676 0.989314194704362 0.962409358407012 NaN 0.669164081022860 0.680213870600240 0.754688491235725 0.726399813130024 0.653428355105533 0.997714909117668 0.999343677070406 0.952180859568171 0.984953568604586 0.997307692806396 0.973571302815682 0.995298756212275 0.990159884197811 NaN 0.659817783274391 0.691132617509321 0.688481307633500 0.659491192835089 0.668507705129942 0.999736950095298 0.993394331015636 0.986040233994508 0.952246738639941 0.999865964240669 0.995906602221260 0.997218161825451 0.986531483980526 
NaN 0.555349177447862 0.703004740646048 0.719116176509723 0.724359229006606 0.688904460575395 0.927795504486039 0.998601010978450 0.998447081012420 0.992824141652815 0.987494525671877 0.997108381738449 0.962697995481183 0.996382553700084 NaN 0.654550789703428 0.687357926427174 0.737468585631999 0.698228724308556 0.648588721586738 0.972947013489522 0.999379299691257 0.999671625672914 0.988417895200130 0.999045820770908 1.000000000000000 0.999923617110216 0.979455320411427 NaN 0.675450496068580 0.679352626414033 0.709728188379101 0.631729137844363 0.670718830043499 0.999166417759180 0.991783848671875 0.999792239112777 0.976020944067850 0.986344174142375 0.986931355313729 0.984553128659423 0.957460440886651 NaN 0.662272554637953 0.670792370088538 0.707893183196342 0.727911265821959 0.528692621382206 0.998411208295552 0.996143125708146 0.985364416470481 0.785561520820747 0.993759714088336 0.990504749952306 0.994672281553317 0.995638735740230 NaN 0.659603907327073 0.688994832482122 0.698989652700608 0.713111420933762 0.540324542770066 0.949213230257945 0.971362314758670 0.995114952029137 0.978726656661632 0.971233436955693 0.992928677326497 0.994356242303226 0.972111420713777 NaN 0.665889884535276 0.681428048233094 0.757300804050660 0.732596620029261 0.666465955815806 0.999643003286421 0.999158136801084 0.963163618843607 0.991036681532170 0.994568341580876 0.981689690678285 0.998458166828302 0.994982161553939 NaN 0.656177422512543 0.691068438945627 0.691187474729961 0.663345525148828 0.676302383237226 0.999167261902201 0.997140369811099 0.991782598274686 0.963175412340247 0.998755096392622 0.998740684630106 0.999448910571474 0.992176003513366 
NaN 0.556254417200445 0.703144688260532 0.719492502798159 0.723921580061814 0.689098115121680 0.929525122273559 0.998022439827711 0.998606684939938 0.992283179974112 0.987887873838653 0.997110350998465 0.963879918395655 0.996880654798699 NaN 0.654722181398547 0.687315132377070 0.736832879566669 0.698083692080749 0.647136057687875 0.973824944387842 0.999380538402352 0.999641742290478 0.987741987301704 0.998976536017278 0.999923617110216 1.000000000000000 0.978501893657890 NaN 0.675662244809970 0.678794144422585 0.708698003598566 0.630476046074038 0.669950334694882 0.999077767159134 0.991278792920267 0.999923818779817 0.975048030415752 0.985621843409045 0.986225265284472 0.983767214710420 0.956136122871557 NaN 0.661760938652408 0.670211016927513 0.706957461679612 0.726565732619015 0.531980962411400 0.998286977131626 0.996729206572228 0.986377204327247 0.782500690140142 0.993205806403250 0.989949938618043 0.994151124822376 0.995314789785813 NaN 0.659021021917953 0.688515518356039 0.698572297169610 0.712127499628428 0.539981109381092 0.947739177321812 0.970290751984988 0.994765173130668 0.977820176218990 0.970129234304760 0.992430749959055 0.993930439297682 0.971014453343200 NaN 0.666432104033176 0.681371619451477 0.757180884112372 0.731961722587630 0.664840812824820 0.999699825271382 0.999435878292743 0.961926651308701 0.990501364007768 0.995085598276005 0.980838146629364 0.998302517566879 0.994599522479563 NaN 0.656550969081504 0.691103542667425 0.690923886924655 0.662948811708869 0.675389770687998 0.999314296158607 0.996770710980132 0.991180965632257 0.961903074778630 0.998876941053294 0.998495648359879 0.999281834580340 0.991591844703795 
NaN 0.482005839867706 0.674403504055212 0.687819649343973 0.725721664700663 0.671367807316471 0.833564123534161 0.975005168547364 0.967385061721547 0.996522409352924 0.935967752803016 0.962246819075622 0.888374330200859 0.959183424387288 NaN 0.620065530208464 0.667437738479176 0.745560868382510 0.689440356842641 0.696065889865675 0.906378452002904 0.971884279869432 0.983637980406764 0.998691122900366 0.970980609673879 0.979455320411427 0.978501893657890 1.000000000000000 NaN 0.653884703556415 0.689064426690973 0.737625975603039 0.671640442201431 0.691053767950426 0.986410331553870 0.997105250665494 0.980099158443186 0.999854457457020 0.999269352486537 0.999125172205222 0.999620653485326 0.995817713538351 NaN 0.672757120190731 0.682169897305420 0.734231429861206 0.769990621507585 0.392305755921815 0.988769987406953 0.958772550151177 0.931345612279074 0.894082687589740 0.995831722114155 0.997797579871529 0.995017155193928 0.993787432705255 NaN 0.670472197667718 0.697003844551328 0.705190640301820 0.735729371766684 0.542192259872286 0.993158501276710 0.999314788665593 0.994399472453072 0.999978646607195 0.999300961074247 0.996411624129083 0.995227958953727 0.999432434614580 NaN 0.630878092479262 0.670606470707113 0.751007496329590 0.746862165725599 0.720435264642329 0.982927891916947 0.971133092089439 0.997605417145652 0.997524987825224 0.953296314491295 0.999923897241216 0.988795292755255 0.994594418464420 NaN 0.621313709218073 0.673571672811204 0.688267004426079 0.667077286934629 0.701159876048349 0.970490904928928 0.991855545773850 0.997198602321327 0.997606171695723 0.968884933990408 0.988290877013251 0.985544522771954 0.996960505863713 
NaN NaN NaN NaN NaN NaN NaN NaN NaN NaN NaN NaN NaN NaN NaN NaN NaN NaN NaN NaN NaN NaN NaN NaN NaN NaN NaN NaN NaN NaN NaN NaN NaN NaN NaN NaN NaN NaN NaN NaN NaN NaN NaN NaN NaN NaN NaN NaN NaN NaN NaN NaN NaN NaN NaN NaN NaN NaN NaN NaN NaN NaN NaN NaN NaN NaN NaN NaN NaN NaN NaN NaN NaN NaN NaN NaN NaN NaN NaN NaN NaN NaN NaN NaN NaN NaN NaN NaN NaN NaN NaN NaN NaN NaN NaN NaN NaN NaN 
NaN 0.917577566020218 0.993906473565360 0.983106824337398 0.990121229415734 0.997609217692109 0.641019526954416 0.674629166733944 0.676416494348424 0.666090815937313 0.672767500762939 0.676043740017094 0.660625693609185 0.676329241901788 NaN 0.991704105721635 0.998809627387850 0.983600533756104 0.991311045755633 0.917989641732168 0.665946917532879 0.676283454555818 0.674487419209537 0.661898700159238 0.676117171676787 0.675450496068579 0.675662244809970 0.653884703556415 NaN 1.000000000000000 0.983255999750122 0.960394376296778 0.934902510014169 0.949672842339590 0.673533126014099 0.665143624410116 0.675328025841393 0.651000565074377 0.660006857957109 0.660542879660189 0.658386562811414 0.635770717529415 NaN 0.984814629990613 0.983343473739838 0.966576095833708 0.926767556490858 0.639985708656996 0.672467647995788 0.676269999822091 0.672235425575153 0.506787387698524 0.666998337688945 0.663905257376628 0.667934918408139 0.669112815780517 NaN 0.977479486387888 0.984549591933977 0.987791692633975 0.961954691712749 0.950303207000415 0.629123229890154 0.647068294017505 0.668535534800104 0.653310532596332 0.646945948847112 0.666230712486479 0.667701670390096 0.647674384490462 NaN 0.992348534954726 0.997975440934108 0.987334584723066 0.976532026533226 0.910616608414834 0.674652496100183 0.676456289175576 0.640320922867084 0.664419245314591 0.675830572016008 0.655860506279686 0.672479132706489 0.668365776097749 NaN 0.991880984696249 0.999236889909877 0.994388466838400 0.984401238401294 0.957046485653906 0.676466978595206 0.670676753605374 0.665049084615856 0.640308248094196 0.676387951235488 0.672734034656274 0.673864277690363 0.665435178016892 
NaN 0.834000903641114 0.965383330495235 0.945842060701082 0.991062459697847 0.990321288391514 0.586552972881055 0.676548969904560 0.672172546283436 0.688506008916458 0.652675116300321 0.669009815198226 0.622269393745517 0.667170723361891 NaN 0.955194630832135 0.980409442559371 0.991273060771528 0.995630844042279 0.974879488587893 0.633863463198309 0.674865598576038 0.681761848030014 0.689293279622083 0.674309456578777 0.679352626414033 0.678794144422585 0.689064426690973 NaN 0.983255999750122 1.000000000000000 0.993670546579776 0.983467221507554 0.988244160515192 0.683316931183281 0.688740880160124 0.679725419021059 0.688613782428190 0.689398898740206 0.689381492672500 0.689407743869628 0.684248495241058 NaN 0.999455820515611 0.999813895533267 0.994426125469279 0.977053718183446 0.495576599356632 0.684616096344617 0.666915666419028 0.649787804412398 0.606191142214953 0.688209822259750 0.689002875800787 0.687836622226520 0.687235690674458 NaN 0.998732504185912 0.999877206883996 0.998891081140724 0.994552816836439 0.972280063109884 0.681771650416933 0.687775041966177 0.687525614238268 0.688978516048871 0.687759283969215 0.688455574482196 0.687929009071458 0.687935030506279 NaN 0.955429067057429 0.992783134198337 0.991370175896314 0.996182377472919 0.970117514961913 0.681350782831572 0.674440016701672 0.685889537737938 0.688905162639982 0.663544068901700 0.689266030935944 0.684633971165034 0.687623855925110 NaN 0.954850751842165 0.984327131872472 0.996654266168482 0.998807574852154 0.993541677884376 0.674049535760299 0.686264559763664 0.688785072337544 0.685893013999938 0.673076606821935 0.684361319444026 0.682839356134250 0.688689335539532 
NaN 0.780935312131755 0.941582076149773 0.922251902143195 0.983428399939754 0.971193139964989 0.579884058498633 0.705734708644760 0.697617301630411 0.729781951380807 0.668320788240964 0.692760424985424 0.626246548404170 0.689597562744372 NaN 0.924462253907389 0.959168919297661 0.988415728306039 0.982209874260604 0.988638300563330 0.641897690055002 0.702038295542431 0.714141840887214 0.733430922782349 0.701244577497785 0.709728188379101 0.708698003598566 0.737625975603039 NaN 0.960394376296778 0.993670546579776 1.000000000000000 0.990929131187014 0.989678491825236 0.717188057043048 0.730691366529369 0.710377131909041 0.738534392517793 0.734676915477513 0.734343742199289 0.735613652712126 0.740168798223298 NaN 0.991615823900343 0.993337774812974 0.999017405088380 0.994296108903919 0.430049518592341 0.719881418929067 0.689212356182113 0.663922847871291 0.687863396301955 0.728792036520708 0.731818096928063 0.727658062751788 0.726008219300147 NaN 0.992005782229878 0.993490366381383 0.992025647668617 0.999049001796540 0.954002897038972 0.739966343395119 0.739424182401908 0.726805416090664 0.737808147261227 0.739469022803130 0.729617722352888 0.727931211937125 0.739337651088884 NaN 0.925265884018001 0.975738053443305 0.984147635881153 0.996853239931145 0.988612738542362 0.713379893902066 0.701227917484738 0.740225652122640 0.731367727860228 0.684047456857258 0.736823037936197 0.719906354785442 0.727062074260996 NaN 0.923988538764070 0.964579032592011 0.984392670065008 0.988559256159745 0.996424366529454 0.700608163501838 0.723567167701253 0.730825513210443 0.740240686933613 0.699090829485986 0.719332777939503 0.716239465855724 0.730451451637938 
NaN 0.727227539212208 0.903980431127870 0.874506479488178 0.956338804631643 0.950677208670174 0.488270373302037 0.627085733440453 0.617040276466724 0.658508763149974 0.583312730733336 0.611320367416399 0.537191733823101 0.607590245916540 NaN 0.888589403185858 0.929518850716357 0.962187526705623 0.966655052923042 0.998244253941330 0.554085535748300 0.622310415378186 0.637315321134336 0.664158975939327 0.621400828779334 0.631729137844363 0.630476046074038 0.671640442201431 NaN 0.934902510014169 0.983467221507554 0.990929131187014 1.000000000000000 0.993704008051728 0.641238269434380 0.659904900879538 0.632600268917057 0.673636445957508 0.666236013999322 0.665672282715169 0.667851736701199 0.680343426694587 NaN 0.981698336253361 0.983369812810679 0.986360870058206 0.989541900101223 0.330657275675331 0.644780653366158 0.607173737704699 0.578400811473706 0.658521170096430 0.657034421061410 0.661629890115656 0.655391020902028 0.653103125613919 NaN 0.987887117202370 0.981482566701280 0.975726883384623 0.991308417222370 0.969471024428101 0.682173495142636 0.675924995729947 0.654232276855948 0.672053409966564 0.676007006987182 0.658280122145020 0.655819075857195 0.675619699819360 NaN 0.887835719449405 0.955197951186265 0.958538734153508 0.979235812489806 0.994615794710438 0.636378017746967 0.621363934661409 0.678982785377135 0.660933883786774 0.601131218419567 0.670082020596943 0.644797822343099 0.654583147980283 NaN 0.887732205650629 0.936703322747568 0.965568705101181 0.981250838808364 0.996243267478237 0.620586759081098 0.649681396388949 0.660068909293201 0.678994450533198 0.618797687480574 0.644008456530273 0.639978861736196 0.659504250264765 
NaN 0.750718978334024 0.919714697900711 0.889547718822699 0.962055841449896 0.966943537928776 0.559253723617068 0.667069311821446 0.660841880449641 0.686129731348431 0.636099135520263 0.656679721228151 0.599955488493264 0.654295440967230 NaN 0.904022038151615 0.942371527444964 0.965952317855220 0.981353451170415 0.990464620921056 0.613492809483524 0.664439691432633 0.674304438223441 0.688621708862283 0.663727163911318 0.670718830043499 0.669950334694882 0.691053767950426 NaN 0.949672842339590 0.988244160515192 0.989678491825236 0.993704008051728 1.000000000000000 0.676704116823792 0.686793468500011 0.671337442718286 0.691465629249605 0.689416196680551 0.689209198527013 0.689979354682850 0.690886009009006 NaN 0.984376657175777 0.986400541769039 0.983824895553314 0.985586975345306 0.383039681433430 0.678809980998183 0.654007147531112 0.632646953761730 0.631392479332484 0.685407707614459 0.687565189714607 0.684587549856572 0.683436389939910 NaN 0.993180711507548 0.987334178738381 0.981433493524815 0.994061989701999 0.979073714162626 0.689869387436687 0.691697981532796 0.684018934726178 0.691159251984991 0.691709409299989 0.686028070091900 0.684828258030664 0.691689794924419 NaN 0.904256121821780 0.966609776696888 0.973138293871836 0.983481146022888 0.983410270890536 0.673726710102083 0.663910474299834 0.691504049962012 0.687259522437408 0.649620941255088 0.690660343471776 0.678818498810757 0.684198928592798 NaN 0.903430176121616 0.949367874754411 0.974272860958815 0.989315034492734 0.997935468673555 0.663334878202069 0.681563706623335 0.686850632608766 0.691500781573378 0.662049598312189 0.678329997080684 0.675918882315541 0.686591899486849 
NaN 0.542591375240717 0.699580019654927 0.715447124762761 0.726823840400102 0.687887910018390 0.912860435734499 0.996511431831308 0.995607396907785 0.996666117361266 0.980458253943658 0.993255658473632 0.951560934373108 0.992603468816457 NaN 0.649713080281682 0.685541775315802 0.741205348486522 0.698743483003137 0.659563720315479 0.963171743974360 0.997129067853204 0.999867464172335 0.993509717906055 0.996587250883194 0.999166417759180 0.999077767159134 0.986410331553870 NaN 0.673533126014099 0.683316931183280 0.717188057043048 0.641238269434380 0.676704116823792 1.000000000000000 0.996016114432925 0.999386345219590 0.983653335575416 0.991946840018075 0.992397230271762 0.990538625278167 0.967754545051500 NaN 0.666394807844637 0.675057885554323 0.715119404180654 0.738137910572774 0.504988088661604 0.999875512302641 0.992429729749598 0.978509726626066 0.808366922717086 0.997239197936837 0.995100527222110 0.997820529890953 0.998545619433997 NaN 0.663716062171592 0.692718344856299 0.702432079005010 0.719495723711148 0.542327850513017 0.960510040282531 0.979750447936155 0.998233693589094 0.985887390452244 0.979609497586359 0.996774886936172 0.997727931360281 0.980338432225547 NaN 0.661413869047447 0.681543837447373 0.758603606328288 0.737653150203850 0.678709943247126 0.999792692949059 0.997119026838068 0.972733523382668 0.995483666241823 0.989924340153947 0.988271800991553 0.999881289909593 0.998133134757225 NaN 0.651499097901697 0.689881960167008 0.692806392200535 0.666145367889372 0.683117951607433 0.996832076145034 0.999254957318180 0.995921417102440 0.972702281733124 0.996129751949818 0.999888959168903 0.999943643433770 0.996200171207077 
NaN 0.511260797068529 0.688167050617147 0.702844202341213 0.728646455710931 0.681283060229414 0.872832639203703 0.987881220422474 0.983581974617139 0.999947002415212 0.959431458935330 0.979595838530966 0.920392019691101 0.977829564668131 NaN 0.635657093605564 0.677935011428752 0.746021987423619 0.696039929799731 0.681598463629306 0.935469381253868 0.986691269946547 0.994444891536972 0.999685107511149 0.985910287229581 0.991783848671875 0.991278792920267 0.997105250665494 NaN 0.665143624410116 0.688740880160124 0.730691366529369 0.659904900879538 0.686793468500011 0.996016114432925 1.000000000000000 0.992337419215993 0.995786685706755 0.999282308632251 0.999412450002028 0.998820044892445 0.986264701862524 NaN 0.672117055221028 0.681197335140437 0.727920806980875 0.757922200875538 0.445642161693151 0.997261403303225 0.977566064760855 0.956283440975304 0.857568212961800 0.999818501387687 0.999952398312237 0.999642748971628 0.999370405607736 NaN 0.669616265846052 0.697396455098728 0.706326544583055 0.730691015623516 0.544064145894851 0.981473201478164 0.993683872566529 0.999552375981287 0.996882087942573 0.993605346572358 0.999953579192920 0.999758001664694 0.994011048420695 NaN 0.647072712646300 0.677906625316635 0.757077000741834 0.745161023036992 0.703640299168523 0.994055533095077 0.986406445133496 0.989524765647794 0.999983147174555 0.973368061816544 0.997940040647190 0.997264243241107 0.999602002562766 NaN 0.637237179581863 0.683325473862960 0.692673517481666 0.668900070336544 0.695217478899141 0.985853067199989 0.998587241156225 0.999962377952148 0.989498133561100 0.984631294408131 0.996942943127239 0.995475659140201 0.999962861219490 
NaN 0.553253290936969 0.702361839726478 0.718757694392742 0.724499418599751 0.689002460555858 0.926326976612554 0.997321435645712 0.998028855705607 0.993216575625758 0.986268517628755 0.996185758323318 0.961489223040652 0.996192163826795 NaN 0.653578531233242 0.686895581461442 0.737666487800214 0.698261650148196 0.649572994852319 0.971683642205853 0.998891794014775 0.999807878542956 0.988962652586225 0.998396156998046 0.999792239112777 0.999923818779817 0.980099158443186 NaN 0.675328025841393 0.679725419021059 0.710377131909041 0.632600268917057 0.671337442718286 0.999386345219590 0.992337419215993 1.000000000000000 0.976826243734041 0.986954725355283 0.987530341042989 0.985178075759077 0.958476361104987 NaN 0.662747386149611 0.671208350462688 0.708613619440188 0.728859749594203 0.527052762908985 0.998757423309970 0.996099849549281 0.985088589343933 0.787446645435117 0.994043414324303 0.991084839635139 0.994916281508361 0.996095393935205 NaN 0.659975544457639 0.689412937307871 0.699424655155258 0.713537624546382 0.540452299954176 0.950281082981952 0.972214048366049 0.995581779239324 0.979494723014176 0.972045407094110 0.993383482377250 0.994791087633756 0.972898031841437 NaN 0.665542588812195 0.681473307512584 0.757588838251664 0.733157599356801 0.667548826145123 0.999889899931376 0.999138620251809 0.964106751783598 0.991607396876555 0.994175481801545 0.982375406912041 0.998749118915317 0.995412426533881 NaN 0.655529564220666 0.690889901015716 0.691343505472751 0.663629265303311 0.676938875605707 0.998869583526455 0.997310641585366 0.992168622410855 0.964060777835769 0.998339134869618 0.998825061245814 0.999468428714388 0.992556338044951 
NaN 0.475032398597884 0.670818198591177 0.684075708473761 0.724510620225826 0.668809827993078 0.824488379356585 0.971092289538244 0.963121470501034 0.995041937286985 0.930013799587633 0.957583550474533 0.880778272402852 0.954520143071144 NaN 0.616063396445778 0.664572843511039 0.744836992045543 0.687500813545041 0.698618772492614 0.899330918791993 0.967866839167030 0.980619101976868 0.997745994922589 0.966881246721562 0.976020944067850 0.975048030415752 0.999854457457020 NaN 0.651000565074377 0.688613782428190 0.738534392517793 0.673636445957508 0.691465629249605 0.983653335575416 0.995786685706755 0.976826243734041 1.000000000000000 0.998537984333857 0.998336399858309 0.999055912667830 0.997123491985841 NaN 0.672417055678049 0.681867075749004 0.735043958966163 0.771988149305992 0.380811747058417 0.986277850370865 0.954132632250991 0.925438543843772 0.901117808438865 0.994206250096767 0.996633784752864 0.993254241470767 0.991907280193046 NaN 0.670142223179296 0.696417543194476 0.704456776916171 0.736188231984361 0.541358722034513 0.994905213894869 0.999778999347301 0.992602846991508 0.999916695154500 0.999768920499648 0.994929495274696 0.993546482043786 0.999839275324241 NaN 0.626959159623291 0.668548567842042 0.749202630509672 0.746692546755372 0.723459929283773 0.979883804160206 0.967191961154051 0.998591963915043 0.996299474849806 0.948288617888011 0.999611013280346 0.986288947772277 0.992814599834230 NaN 0.617352165250351 0.670946432157630 0.686803255704525 0.666190048314527 0.701900851336558 0.966431880263743 0.989647967758690 0.995846292531396 0.998580258251365 0.964708718333887 0.985675472565694 0.982656319465640 0.995559415741819 
NaN 0.497003979513578 0.681785618548025 0.695853776460285 0.727709697410200 0.676832717497709 0.853866301312011 0.982137082156078 0.976205703667050 0.998961163775439 0.948398837882720 0.971629006070375 0.905075225345745 0.969236849917606 NaN 0.628319436631236 0.673177115632232 0.746325616996793 0.693247863107772 0.689307698116932 0.921617796194199 0.980007104266141 0.989774184185536 0.999912756339405 0.979159895406816 0.986344174142375 0.985621843409045 0.999269352486537 NaN 0.660006857957109 0.689398898740206 0.734676915477513 0.666236013999322 0.689416196680551 0.991946840018075 0.999282308632251 0.986954725355283 0.998537984333857 1.000000000000000 0.999993180551384 0.999942613363488 0.991745113000694 NaN 0.672923924060617 0.682174417014302 0.731595854773179 0.764490397623825 0.419367255931138 0.993750837799860 0.968903774634756 0.944541349209784 0.876400425160420 0.998549170132515 0.999603681306276 0.998054469791108 0.997311604736749 NaN 0.670525746723711 0.697705552651647 0.706272462361389 0.733726548671810 0.543520486507234 0.988013143421677 0.997213643084464 0.997708472059556 0.999149995008477 0.997165695775986 0.998911202633348 0.998222839923451 0.997434299741521 NaN 0.639460735935818 0.674753804655222 0.754599462542162 0.746550058275363 0.712526267094074 0.989228063868241 0.979502463237290 0.994272906502794 0.999483094964011 0.964056846843367 0.999652740054148 0.993763279455406 0.997829356792738 NaN 0.629744667275109 0.678949226996032 0.690974388016420 0.668473472735487 0.698683843362378 0.978897050531523 0.995948366219715 0.999305263506488 0.994258052694089 0.977479901452623 0.993344886009822 0.991238200938503 0.999186878672589 
NaN 0.498420176998008 0.682447990419027 0.696570515061482 0.727848931454507 0.677301438890351 0.855742126958408 0.982766761617157 0.976977828862309 0.999118703123498 0.949527260801181 0.972464552555362 0.906605753730879 0.970119737880179 NaN 0.629074364365161 0.673682567681665 0.746346941515490 0.693562882252637 0.688613417749074 0.923013128462787 0.980714681628940 0.990283238616611 0.999954071734770 0.979876050819816 0.986931355313729 0.986225265284472 0.999125172205222 NaN 0.660542879660189 0.689381492672500 0.734343742199289 0.665672282715169 0.689209198527013 0.992397230271762 0.999412450002028 0.987530341042989 0.998336399858309 0.999993180551384 1.000000000000000 0.999897525469399 0.991281218388117 NaN 0.672889012369680 0.682125061640342 0.731290764286853 0.763910308189910 0.421908506072304 0.994147477320177 0.969791491479026 0.945723451316752 0.874650235140968 0.998736635116207 0.999698460572044 0.998272425957589 0.997570272295269 NaN 0.670482917961635 0.697720679422927 0.706322558594165 0.733486782098861 0.543609741756886 0.987447160391053 0.996935391716351 0.997945310878556 0.998994086481909 0.996886520535223 0.999072901127584 0.998432337969591 0.997169106002908 NaN 0.640232301881416 0.675100517859295 0.754884328289823 0.746463953518236 0.711720708227736 0.989750134548039 0.980225700739400 0.993879025125647 0.999592723799224 0.965011000517062 0.999550202020610 0.994159950449753 0.998060242831946 NaN 0.630508829674056 0.679414983082444 0.691182852169912 0.668558254097255 0.698397246131434 0.979628164567652 0.996265462012598 0.999431784349823 0.993864563119872 0.978231013319651 0.993753524997454 0.991708173221559 0.999324690255890 
NaN 0.492853813993367 0.679807811080036 0.693700813321412 0.727257940445013 0.675401249171879 0.848287915305394 0.980263723861471 0.973869883251223 0.998423144972837 0.945039440842647 0.969128951683100 0.900516200637175 0.966557502692254 NaN 0.626089377289300 0.671661296709370 0.746218535060251 0.692281960838292 0.691306483910718 0.917470929174496 0.977865859632860 0.988197801359122 0.999718254567909 0.976999991215963 0.984553128659423 0.983767214710420 0.999620653485326 NaN 0.658386562811414 0.689407743869628 0.735613652712126 0.667851736701199 0.689979354682850 0.990538625278167 0.998820044892445 0.985178075759077 0.999055912667830 0.999942613363488 0.999897525469399 1.000000000000000 0.993034408158198 NaN 0.672977562213631 0.682274270380857 0.732445231172499 0.766148043432100 0.411839899111245 0.992500728726217 0.966204793013069 0.940980702410693 0.881487821522897 0.997933070897590 0.999245418997727 0.997349104041907 0.996471596260345 NaN 0.670609840842977 0.697612644916631 0.706075174481546 0.734396356589750 0.543227594685004 0.989601914840444 0.997948702625705 0.996927168410573 0.999530362091441 0.997911511161322 0.998356856249731 0.997530401500010 0.998142254094398 NaN 0.637146349131913 0.673689833297686 0.753705163930604 0.746749019507058 0.714851187756391 0.987606805747046 0.977299827730301 0.995354441602482 0.999082675597789 0.961177516830373 0.999875527246669 0.992516300248582 0.997068667104570 NaN 0.627467364104480 0.677538724005358 0.690316490990785 0.668180899354987 0.699482764762069 0.976679118671071 0.994944823094491 0.998860151857170 0.995344033506176 0.975206967108376 0.992070732182900 0.989784220795163 0.998708278624157 
NaN 0.444285507259762 0.653598752018502 0.664971684235192 0.716744092496758 0.654797148713314 0.781070157074864 0.951710636727657 0.941334544216799 0.984973003737330 0.901360922626820 0.934516625256892 0.843974063374129 0.930131142046128 NaN 0.596701648619384 0.650033715636332 0.739280542274474 0.676477475505129 0.707774230263568 0.865093034757108 0.946927867664789 0.963576540286226 0.990007727686681 0.946156401984872 0.957460440886651 0.956136122871557 0.995817713538351 NaN 0.635770717529415 0.684248495241058 0.740168798223298 0.680343426694587 0.690886009009006 0.967754545051500 0.986264701862524 0.958476361104987 0.997123491985841 0.991745113000694 0.991281218388117 0.993034408158198 1.000000000000000 NaN 0.668498271415621 0.678178236479370 0.736134591884383 0.778345138026912 0.327118281307676 0.971455372329732 0.929652687452459 0.895263737098419 0.930012556139050 0.983575471225673 0.987815273240084 0.982011646614461 0.979834867645390 NaN 0.666531918301973 0.691334476419596 0.698617752590032 0.735971912566188 0.535867118339067 0.999364679756632 0.998401658538984 0.980937489051148 0.996109628473423 0.998439046955143 0.984769792865432 0.982453523875067 0.998240530377455 NaN 0.607285810803179 0.657123737564234 0.738329370856874 0.743285182578875 0.734677385014358 0.962577608410394 0.945961619099478 0.999571301794992 0.987192598304764 0.922528110164661 0.994726684649114 0.971470162174336 0.981273699557472 NaN 0.598071691958245 0.657138322794418 0.678000670953382 0.659957116215653 0.702854993836829 0.945120441330756 0.976497656571591 0.986427075190228 0.999584865869746 0.943320747667673 0.970675666545385 0.966409623299044 0.985899494847864 
NaN NaN NaN NaN NaN NaN NaN NaN NaN NaN NaN NaN NaN NaN NaN NaN NaN NaN NaN NaN NaN NaN NaN NaN NaN NaN NaN NaN NaN NaN NaN NaN NaN NaN NaN NaN NaN NaN NaN NaN NaN NaN NaN NaN NaN NaN NaN NaN NaN NaN NaN NaN NaN NaN NaN NaN NaN NaN NaN NaN NaN NaN NaN NaN NaN NaN NaN NaN NaN NaN NaN NaN NaN NaN NaN NaN NaN NaN NaN NaN NaN NaN NaN NaN NaN NaN NaN NaN NaN NaN NaN NaN NaN NaN NaN NaN NaN NaN 
NaN 0.842180660562182 0.967391209946890 0.948765037561767 0.991501994493996 0.990145832464631 0.570000689919001 0.659236259708671 0.655014080639876 0.671820604029208 0.635405077882181 0.651739784628732 0.605292814784785 0.650064883506277 NaN 0.959036452133135 0.982263936691305 0.991001804284198 0.994099205156081 0.971913395037659 0.616740159154160 0.657696117671740 0.664791569824374 0.672750789175322 0.657108220851048 0.662272554637953 0.661760938652408 0.672757120190731 NaN 0.984814629990613 0.999455820515611 0.991615823900343 0.981698336253360 0.984376657175777 0.666394807844637 0.672117055221028 0.662747386149611 0.672417055678049 0.672923924060617 0.672889012369680 0.672977562213631 0.668498271415622 NaN 1.000000000000000 0.999863401681591 0.993470226568632 0.972750709798037 0.501400319137300 0.667750277214783 0.649844991501940 0.632749017913514 0.593946223637820 0.671471495200666 0.672418062589411 0.671062465554481 0.670483212135907 NaN 0.997774360088793 0.999130194493653 0.998573658826362 0.991588510450671 0.971941516551001 0.666205369006206 0.671697953015450 0.670795073796125 0.672715123922196 0.671671551826337 0.671781477740908 0.671209428272112 0.671820511968120 NaN 0.959106910713248 0.993561971203007 0.988849355243440 0.994398071018383 0.967186790404749 0.664402801479296 0.657371472934478 0.670004564384747 0.672303418537986 0.646397865298685 0.672918856328212 0.667754266041371 0.670888309888644 NaN 0.958759850073362 0.985804130904800 0.996915284135614 0.998095880973992 0.990974343471975 0.656918677905206 0.669405133669622 0.672125424165656 0.669992705091321 0.655921119592150 0.667427331223489 0.665858895892798 0.672017998742934 
NaN 0.836400332317617 0.965724742081155 0.946758239562834 0.991442567632424 0.989520781392131 0.575870790538733 0.667863854255065 0.663241082335292 0.680892710390944 0.643070474470911 0.659939245822449 0.612035944928027 0.658040847306561 NaN 0.956280229944377 0.980825262640656 0.991513369035867 0.994349769125242 0.974419102204974 0.623824637651528 0.666054079282164 0.673376766745221 0.681953242758761 0.665477299186181 0.670792370088538 0.670211016927513 0.682169897305420 NaN 0.983343473739838 0.999813895533267 0.993337774812974 0.983369812810679 0.986400541769039 0.675057885554323 0.681197335140437 0.671208350462688 0.681867075749004 0.682174417014303 0.682125061640342 0.682274270380857 0.678178236479370 NaN 0.999863401681591 1.000000000000000 0.994679170189894 0.975967719859239 0.495358338747282 0.676476671867833 0.657784464184652 0.640131204551141 0.604021695654995 0.680525067218265 0.681541326212649 0.680080277125180 0.679399948206083 NaN 0.998249955163301 0.999552247493995 0.998809925520589 0.993526063612582 0.971418560956679 0.675969865175988 0.681219887533632 0.679738503101238 0.682118149015014 0.681204852118352 0.680835525758400 0.680201463530045 0.681344641258181 NaN 0.956396747989789 0.992751255827289 0.989843757063012 0.995650012378784 0.969989014590335 0.672944745762121 0.665619228151998 0.679632008585973 0.681409228131480 0.654274385497808 0.682272947770144 0.676491582707153 0.679848009504835 NaN 0.955943536619855 0.984577064236307 0.996603452032040 0.998253044271912 0.992641867596670 0.665201076388585 0.678287537402915 0.681241622696392 0.679631936228587 0.664186411740524 0.676184046061255 0.674530004174943 0.681119766928793 
NaN 0.800425320963565 0.951021573463121 0.934820475474776 0.988914103750650 0.974455680475510 0.581211797542080 0.703758694326129 0.696202375708372 0.727039155516372 0.667639557982992 0.691387061907787 0.626656425780310 0.688522484054306 NaN 0.935414309440347 0.966646473949908 0.992992270218148 0.982974971108487 0.982705004095087 0.641917898427973 0.700442768596912 0.712196248154404 0.730445338961452 0.699633625987237 0.707893183196342 0.706957461679612 0.734231429861206 NaN 0.966576095833708 0.994426125469279 0.999017405088380 0.986360870058206 0.983824895553314 0.715119404180654 0.727920806980875 0.708613619440188 0.735043958966163 0.731595854773179 0.731290764286853 0.732445231172499 0.736134591884383 NaN 0.993470226568632 0.994679170189894 1.000000000000000 0.990066449776621 0.456780001817103 0.717708271060125 0.688184106424537 0.663607162528394 0.681381897001680 0.726090679174972 0.728969763988992 0.725020660411215 0.723522654622034 NaN 0.990994855439775 0.994408009865019 0.994335970852603 0.996772921897319 0.949292291334989 0.735717727231243 0.735775061479688 0.724273641487964 0.734416410854586 0.735804104707381 0.726900616848946 0.725321693562321 0.735696864255876 NaN 0.936294582571907 0.980064529439140 0.986085079774411 0.997942987100929 0.983570496106431 0.711494025682727 0.699778927710084 0.736331797060667 0.728551344176326 0.683106067864136 0.733537032028641 0.717719470999955 0.724506281940750 NaN 0.935069766840536 0.971261790314181 0.987842823533727 0.988462532617875 0.992915829179643 0.699115918573570 0.721156432737253 0.728006959901060 0.736331894642274 0.697622598034571 0.717126415635598 0.714168666354952 0.727658543259144 
NaN 0.713408712281778 0.904152008723861 0.882185826735525 0.961260595274902 0.943274410115256 0.569851093517851 0.722790471256971 0.711995149524832 0.756458578778682 0.675093947359458 0.705744440019058 0.624229279318410 0.701728032544407 NaN 0.880386971627285 0.925272826153770 0.970580280918821 0.960772857142288 0.993294797824759 0.642917336701051 0.717718315646470 0.733931257991604 0.762347880106580 0.716710676264481 0.727911265821959 0.726565732619015 0.769990621507585 NaN 0.926767556490858 0.977053718183446 0.994296108903919 0.989541900101223 0.985586975345306 0.738137910572774 0.757922200875538 0.728859749594203 0.771988149305992 0.764490397623825 0.763910308189910 0.766148043432100 0.778345138026912 NaN 0.972750709798037 0.975967719859239 0.990066449776621 1.000000000000000 0.351749007218607 0.741926483434856 0.701275206917045 0.669751466660578 0.746764642945946 0.754909980306498 0.759721882518195 0.753181084786659 0.750770210356182 NaN 0.976875045828702 0.976746297942920 0.973571484726169 0.993364790277170 0.934417660241819 0.779934150305990 0.774234084544673 0.751961110983557 0.770407327826540 0.774316230352145 0.756220026373927 0.753635083110969 0.773939841271893 NaN 0.881818861362983 0.948008405698899 0.966275966136929 0.985159676164939 0.995810553748550 0.732924770936419 0.716711921771294 0.777148251000680 0.758996989711645 0.694673587181584 0.768418016301329 0.741944803434537 0.752331568599186 NaN 0.879839840420428 0.932623433758569 0.960914493126532 0.970038759325337 0.990810215877040 0.715859435713806 0.747138465659356 0.758090199582861 0.777159292638455 0.713903208666382 0.741096712371157 0.736785189416353 0.757500217974802 
NaN 0.856861618037105 0.697870235939910 0.739840423886013 0.582683429689919 0.600773094989097 0.723338778043715 0.534705206475430 0.560467161389510 0.450788438793870 0.617509310457041 0.570413161272214 0.677683963315522 0.579411363071362 NaN 0.715901862784100 0.652083958857802 0.556737937348963 0.551489972673453 0.295117611215713 0.657918386015186 0.549487932206407 0.515297725204929 0.428488005907631 0.550693516521560 0.528692621382206 0.531980962411400 0.392305755921815 NaN 0.639985708656996 0.495576599356632 0.430049518592341 0.330657275675331 0.383039681433430 0.504988088661604 0.445642161693151 0.527052762908985 0.380811747058418 0.419367255931138 0.421908506072304 0.411839899111245 0.327118281307677 NaN 0.501400319137300 0.495358338747282 0.456780001817103 0.351749007218607 1.000000000000000 0.495190719930443 0.580240985658374 0.626932014106153 0.029039590304461 0.456040563887516 0.438922950059739 0.461783220718162 0.469716537825940 NaN 0.466227805132680 0.504820057680173 0.528351878055312 0.431184508494039 0.408556575360822 0.305849411645078 0.365824773018156 0.465929841793890 0.390082157300911 0.365295229715464 0.451683413201159 0.460501879196008 0.367980901001355 NaN 0.722047264341519 0.592955360095963 0.572236708956269 0.499441187965812 0.290083305200079 0.517728710583629 0.552329578220517 0.341865778394032 0.441673741312640 0.590818973188791 0.400721088657931 0.495129750490732 0.464738132553488 NaN 0.719040211432650 0.638516846318874 0.564291059705346 0.497970730801898 0.400553498094175 0.553624234018483 0.480428735470861 0.444887755618762 0.341749045324821 0.556871009017605 0.497172842469001 0.508183352219982 0.447039556898322 
NaN 0.537343814343895 0.697937289415980 0.713667667142482 0.727510541508149 0.687161025625885 0.906468026994543 0.995363198769334 0.994048700858116 0.997767314700971 0.977271433731216 0.991339780031752 0.946693565816779 0.990628862491271 NaN 0.647558811095630 0.684551905323322 0.742400314555503 0.698654540964273 0.663688856009806 0.958874868760769 0.995820004698580 0.999493337766023 0.995114137126044 0.995209577909475 0.998411208295552 0.998286977131626 0.988769987406953 NaN 0.672467647995788 0.684616096344617 0.719881418929067 0.644780653366158 0.678809980998183 0.999875512302641 0.997261403303225 0.998757423309970 0.986277850370865 0.993750837799860 0.994147477320177 0.992500728726217 0.971455372329732 NaN 0.667750277214783 0.676476671867833 0.717708271060125 0.741926483434856 0.495190719930443 1.000000000000000 0.990466351434195 0.975290458379969 0.817185864802878 0.998209226802750 0.996492607016169 0.998660266278540 0.999256286622476 NaN 0.665082575438091 0.693905852422346 0.703499185791663 0.721772951783529 0.542907015415988 0.964618616200225 0.982672135135985 0.999024065083902 0.988317663915902 0.982537841422554 0.997869758276876 0.998632423585521 0.983211030405400 NaN 0.659323076258608 0.681293313894103 0.758780828535511 0.739352788074055 0.683337930237148 0.999385249467219 0.995848992019302 0.976140655427175 0.996817249007957 0.987621958957048 0.990469441710016 0.999996165603725 0.998942516486738 NaN 0.649364443991327 0.689115844181820 0.693156922479539 0.666980422437397 0.685560561810753 0.995467376443139 0.999669528097113 0.997146337449850 0.976101756132108 0.994657991848447 0.999913278093276 0.999706514567717 0.997378527080035 
NaN 0.578059643273828 0.705919303145061 0.723384602623250 0.714748226745632 0.688055405650095 0.955849864325192 0.994725388660090 0.998995017559069 0.979104273691115 0.996194999100153 0.998702360432549 0.981827948865303 0.999970756265757 NaN 0.660250881143260 0.686858000691723 0.724788524861058 0.693302107670149 0.620616740522737 0.988438104007471 0.998247069517232 0.994268984111820 0.972037478079136 0.997961752835260 0.996143125708146 0.996729206572228 0.958772550151177 NaN 0.676269999822091 0.666915666419028 0.689212356182113 0.607173737704699 0.654007147531112 0.992429729749598 0.977566064760855 0.996099849549281 0.954132632250991 0.968903774634756 0.969791491479026 0.966204793013069 0.929652687452459 NaN 0.649844991501940 0.657784464184652 0.688184106424537 0.701275206917045 0.580240985658374 0.990466351434195 1.000000000000000 0.996423423165213 0.730002267585447 0.980603681748890 0.975464998553763 0.982216305085916 0.984420989020327 NaN 0.646905489675074 0.677250099520521 0.687939299020209 0.694600206104952 0.532807334351044 0.919105116731254 0.947776499328843 0.983418364121465 0.957900687589526 0.947542419518973 0.979383934903597 0.981921578725325 0.948704969046706 NaN 0.672493391309448 0.677632389899874 0.750852168866735 0.717714677881972 0.635521050687919 0.994686603127740 0.998865130953556 0.936923536400797 0.976332995375939 0.999717925099861 0.962057306863650 0.990450146332998 0.983093916234819 NaN 0.662449517463639 0.689816675128124 0.683914064168918 0.653644986475769 0.657541295488363 0.998805731540417 0.987054523310689 0.977306969453312 0.936863161821534 0.998775270365970 0.990810972558683 0.992955297217220 0.977967446052479 
NaN 0.597561238655236 0.704153774223292 0.722529647918821 0.700192366180854 0.682128897098693 0.977106364123051 0.984939125505074 0.992609013549593 0.958435452101646 0.998397181351864 0.993792615704679 0.994111256236889 0.996272656199816 NaN 0.661812555497228 0.681798893492449 0.707160150517631 0.683496503691043 0.588365686754058 0.997249182559510 0.990320194768333 0.981697165159104 0.948735322788925 0.990231613583839 0.985364416470481 0.986377204327247 0.931345612279074 NaN 0.672235425575153 0.649787804412398 0.663922847871291 0.578400811473706 0.632646953761730 0.978509726626066 0.956283440975304 0.985088589343933 0.925438543843772 0.944541349209784 0.945723451316752 0.940980702410693 0.895263737098419 NaN 0.632749017913514 0.640131204551141 0.663607162528394 0.669751466660578 0.626932014106153 0.975290458379969 0.996423423165213 1.000000000000000 0.669657359247809 0.960574269061297 0.953384800029671 0.962886205379169 0.966055736076933 NaN 0.629670860562814 0.660663040231771 0.671926302573606 0.671403739956431 0.521599650954942 0.882536534750538 0.917442982496095 0.964582260187496 0.930227027552526 0.917157374265296 0.958821563449092 0.962427806005161 0.918612380888791 NaN 0.674235620176103 0.669008880923490 0.738925444371604 0.697690910516494 0.600219765885782 0.982433739019923 0.991310295405479 0.904049440266125 0.954580093833007 0.997712991739567 0.935569799766169 0.975266898715915 0.964112847176307 NaN 0.664228510563043 0.683748972478272 0.671807728120898 0.639316272994569 0.634173916413303 0.991437779597572 0.970018323926403 0.955933588688450 0.903979332480526 0.991881397567957 0.975891053918752 0.979457028847492 0.956850735361986 
NaN 0.247361975706826 0.509130643040620 0.514072528636184 0.618883876180238 0.530370581808176 0.498022050603802 0.776418939932694 0.751994602020880 0.853653157754381 0.680492128672056 0.739797973752403 0.588883606968184 0.730940717577081 NaN 0.450243666193608 0.522457914463419 0.650758317096141 0.565439867392269 0.696086080796674 0.621647889862177 0.763919539511220 0.798767370560735 0.870042795033875 0.762097105703590 0.785561520820747 0.782500690140142 0.894082687589740 NaN 0.506787387698524 0.606191142214953 0.687863396301955 0.658521170096430 0.631392479332484 0.808366922717086 0.857568212961800 0.787446645435117 0.901117808438865 0.876400425160420 0.874650235140968 0.881487821522897 0.930012556139050 NaN 0.593946223637820 0.604021695654995 0.681381897001680 0.746764642945946 0.029039590304461 0.817185864802878 0.730002267585447 0.669657359247808 1.000000000000000 0.849560141454568 0.862545990275264 0.845045348760225 0.838779692527124 NaN 0.593009119004537 0.609046663777526 0.611911843404697 0.674704981815493 0.464247736776997 0.940233076499561 0.909852858961802 0.841841001740938 0.895481091227785 0.910148638019050 0.852990322105703 0.846146895921266 0.908616603174395 NaN 0.457380879399084 0.544873949493281 0.622953357309922 0.665220041083572 0.731212728777040 0.796482509782790 0.761438595500701 0.922841023334247 0.860519542645970 0.717075444701117 0.888774600931356 0.817234460931333 0.842791782878916 NaN 0.450009702177281 0.532713652763910 0.577452897917082 0.574225068920135 0.650101313038529 0.759819968219985 0.829828647703469 0.858092759652838 0.922893968603776 0.755940662912641 0.815325940249353 0.805327596120065 0.856480613759824 
NaN 0.517598357194108 0.690778380699276 0.705502267437630 0.728823992682916 0.682756071765909 0.880446843576836 0.990605743696886 0.986380800930404 0.999958013071585 0.964034541748203 0.982911117225692 0.926531576469093 0.980929376473306 NaN 0.638817522615001 0.679854272939086 0.745714304702809 0.696955608624436 0.678161378898189 0.941115478407628 0.989281303187673 0.995936238322809 0.999169453799089 0.988621573435875 0.993759714088336 0.993205806403250 0.995831722114155 NaN 0.666998337688945 0.688209822259750 0.728792036520708 0.657034421061410 0.685407707614459 0.997239197936836 0.999818501387687 0.994043414324303 0.994206250096767 0.998549170132515 0.998736635116207 0.997933070897590 0.983575471225673 NaN 0.671471495200666 0.680525067218265 0.726090679174972 0.754909980306498 0.456040563887516 0.998209226802750 0.980603681748890 0.960574269061297 0.849560141454568 1.000000000000000 0.999621987340214 0.999962274168043 0.999730650493179 NaN 0.668996829202490 0.696962155958041 0.706012400480943 0.729267869293011 0.544127520992751 0.978370102101409 0.991790961077048 0.999826315019445 0.995496563597668 0.991728106208918 0.999946972187311 0.999942763184865 0.992199590945217 NaN 0.649954291869830 0.678944742457252 0.757717834613173 0.744246246629277 0.699717784590774 0.995536752027689 0.988798815680794 0.987141297662249 0.999713663204076 0.976849771123972 0.996802868936570 0.998241986000299 0.999872687951556 NaN 0.640257396039864 0.684937039031331 0.693119775189190 0.668814530532167 0.693515997672935 0.988428764156217 0.999326947873318 0.999858788343219 0.987146403786050 0.987348201468044 0.998079082379358 0.996881094876018 0.999905398769331 
NaN 0.507612916354351 0.686597965522531 0.701129096345975 0.728498368203415 0.680228636579645 0.868040613129706 0.986493049507558 0.981800110359124 0.999826149601827 0.956687654250675 0.977647938158951 0.916547335342494 0.975742129933220 NaN 0.633827497607306 0.676785438458355 0.746195138949593 0.695409945985999 0.683682072351460 0.932000042927071 0.985084975792989 0.993372774095454 0.999879214331408 0.984282317658966 0.990504749952306 0.989949938618043 0.997797579871529 NaN 0.663905257376628 0.689002875800786 0.731818096928063 0.661629890115656 0.687565189714607 0.995100527222110 0.999952398312237 0.991084839635139 0.996633784752864 0.999603681306276 0.999698460572044 0.999245418997727 0.987815273240084 NaN 0.672418062589411 0.681541326212649 0.728969763988992 0.759721882518195 0.438922950059739 0.996492607016169 0.975464998553764 0.953384800029671 0.862545990275264 0.999621987340214 1.000000000000000 0.999363410528081 0.998976658544918 NaN 0.669940296565781 0.697571468763278 0.706410144603727 0.731568193488003 0.543994120541480 0.983295902868439 0.994731296201969 0.999213935539080 0.997604505389840 0.994659468441121 0.999820027478515 0.999497728352609 0.995029406621072 NaN 0.645192115828095 0.677182438189153 0.756542133755867 0.745622302613349 0.706030601509850 0.992946400832417 0.984757239348372 0.990886199951764 0.999991749731790 0.971090386330523 0.998518108068855 0.996496326855324 0.999280766743823 NaN 0.635377402979439 0.682282360898796 0.692326393044447 0.668879488005218 0.696206681816242 0.984182518457022 0.998036720878525 0.999925489150944 0.990860937243811 0.982907203394929 0.996144234313545 0.994511242711920 0.999895379169884 
NaN 0.520708801204318 0.692010741150541 0.706850985891691 0.728802758228811 0.683523476516299 0.884439135851326 0.991658074370549 0.987734283022344 0.999850623776683 0.966248797719566 0.984425983962151 0.929697290296080 0.982536068773580 NaN 0.640303988173807 0.680726690957304 0.745411994357314 0.697358208068173 0.676201589507096 0.943960861065113 0.990486536772700 0.996656584665910 0.998787721208186 0.989849737755536 0.994672281553317 0.994151124822376 0.995017155193928 NaN 0.667934918408139 0.687836622226520 0.727658062751788 0.655391020902028 0.684587549856572 0.997820529890953 0.999642748971628 0.994916281508361 0.993254241470767 0.998054469791108 0.998272425957589 0.997349104041907 0.982011646614461 NaN 0.671062465554481 0.680080277125180 0.725020660411215 0.753181084786659 0.461783220718162 0.998660266278540 0.982216305085916 0.962886205379169 0.845045348760225 0.999962274168043 0.999363410528081 1.000000000000000 0.999856270840055 NaN 0.668572887148483 0.696658547641321 0.705785753297231 0.728357847436573 0.544076503501215 0.976571745830909 0.990662528616529 0.999902112804965 0.994651846126005 0.990597667959660 0.999848319959736 0.999953839774275 0.991101703096019 NaN 0.651454041031154 0.679431420587573 0.758017715011175 0.743682333697138 0.697486623629294 0.996283845139496 0.990023740787311 0.985742395950729 0.999489472793618 0.978630077670434 0.996083694051534 0.998694859985578 0.999935681220592 NaN 0.641752083054335 0.685704774080549 0.693275608748237 0.668690151217403 0.692506699737052 0.989681152375055 0.999597515374298 0.999679949644871 0.985749613269403 0.988650073633353 0.998565665025175 0.997513043854065 0.999753323088828 
NaN 0.524114658424126 0.693320039294715 0.708516573991700 0.728600260865711 0.684570431464902 0.889556140264110 0.992135778775022 0.989271441514102 0.999583738163744 0.968638046580670 0.985892243019527 0.933632923522619 0.984634665481361 NaN 0.641799910930065 0.681571034909934 0.744793670450509 0.697772261060241 0.673475274555138 0.947333646577097 0.991739851808978 0.997544940692261 0.998176974373215 0.991038206188051 0.995638735740230 0.995314789785813 0.993787432705255 NaN 0.669112815780517 0.687235690674458 0.726008219300147 0.653103125613919 0.683436389939910 0.998545619433997 0.999370405607736 0.996095393935205 0.991907280193046 0.997311604736749 0.997570272295269 0.996471596260345 0.979834867645390 NaN 0.670483212135907 0.679399948206083 0.723522654622034 0.750770210356182 0.469716537825940 0.999256286622476 0.984420989020327 0.966055736076934 0.838779692527124 0.999730650493179 0.998976658544918 0.999856270840055 1.000000000000000 NaN 0.667900768852861 0.696200492745275 0.705455863953969 0.726915350453626 0.543882301573197 0.974057660098150 0.989077379111269 0.999980494207798 0.993455050485498 0.988974800073225 0.999636461423987 0.999901930241493 0.989510323336785 NaN 0.653391557300755 0.679995933463375 0.758414387949867 0.742885778497208 0.694384224017192 0.997290438306669 0.991611524023077 0.983780030460230 0.999149254537368 0.980868620248726 0.995036934660362 0.999255955161491 0.999967570587865 NaN 0.643488197840878 0.686570036889926 0.693379899203044 0.668438226032145 0.691062824026745 0.991136003368738 0.999787403445834 0.999293804459484 0.983748553728148 0.990109813248450 0.999046822474925 0.998183268035046 0.999405535639164 
NaN NaN NaN NaN NaN NaN NaN NaN NaN NaN NaN NaN NaN NaN NaN NaN NaN NaN NaN NaN NaN NaN NaN NaN NaN NaN NaN NaN NaN NaN NaN NaN NaN NaN NaN NaN NaN NaN NaN NaN NaN NaN NaN NaN NaN NaN NaN NaN NaN NaN NaN NaN NaN NaN NaN NaN NaN NaN NaN NaN NaN NaN NaN NaN NaN NaN NaN NaN NaN NaN NaN NaN NaN NaN NaN NaN NaN NaN NaN NaN NaN NaN NaN NaN NaN NaN NaN NaN NaN NaN NaN NaN NaN NaN NaN NaN NaN NaN 
NaN 0.818033158671917 0.955267352392575 0.931281652060957 0.983291473944671 0.986975512265727 0.566833470967044 0.656824927775986 0.652367477862115 0.669338980110681 0.632735949027382 0.649166047272414 0.602260951902030 0.647167579057882 NaN 0.945232490099979 0.972741178964978 0.983604182654937 0.994146187849225 0.979397227520253 0.613793078242367 0.655009074182332 0.662090198662064 0.670330039322223 0.654554884863551 0.659603907327073 0.659021021917953 0.670472197667718 NaN 0.977479486387888 0.998732504185912 0.992005782229878 0.987887117202370 0.993180711507548 0.663716062171592 0.669616265846052 0.659975544457639 0.670142223179296 0.670525746723711 0.670482917961635 0.670609840842977 0.666531918301973 NaN 0.997774360088793 0.998249955163301 0.990994855439775 0.976875045828702 0.466227805132680 0.665082575438091 0.646905489675074 0.629670860562814 0.593009119004537 0.668996829202490 0.669940296565781 0.668572887148483 0.667900768852861 NaN 1.000000000000000 0.998121897184073 0.995383851487951 0.994236072135303 0.981691763556397 0.664200650270242 0.669475937166173 0.668225087478642 0.670407350557040 0.669464295645242 0.669279079413254 0.668673805545248 0.669608591389820 NaN 0.945015901074215 0.988503531014187 0.986099593289199 0.992120764714644 0.972642848335767 0.661661046662572 0.654549773586411 0.667868835600604 0.669816301350845 0.643505611678286 0.670584139742587 0.665101703037448 0.668333701748982 NaN 0.944823448184660 0.977344854240038 0.992648877049115 0.999259025300810 0.995891434606627 0.654185261388412 0.666871666594005 0.669680082400270 0.667878330667470 0.653284941508416 0.664833646519286 0.663224423895908 0.669560714713370 
NaN 0.837137305893006 0.967673725125225 0.949019710759271 0.992375590203512 0.991459024796022 0.598345216605382 0.686093572602872 0.682193459483822 0.697206870653113 0.663282290062764 0.679076610993426 0.633598680997796 0.677471842069316 NaN 0.957011381280692 0.981898790070915 0.992541589853691 0.996393947400873 0.972963753307197 0.644949359359087 0.684734531919333 0.691284388425509 0.697712438123624 0.684168761585944 0.688994832482122 0.688515518356039 0.697003844551328 NaN 0.984549591933977 0.999877206883996 0.993490366381383 0.981482566701280 0.987334178738381 0.692718344856299 0.697396455098728 0.689412937307871 0.696417543194476 0.697705552651647 0.697720679422927 0.697612644916631 0.691334476419596 NaN 0.999130194493653 0.999552247493995 0.994408009865019 0.976746297942920 0.504820057680173 0.693905852422346 0.677250099520521 0.660663040231772 0.609046663777526 0.696962155958041 0.697571468763278 0.696658547641321 0.696200492745276 NaN 0.998121897184073 1.000000000000000 0.999356598190751 0.994443126730122 0.969909228334697 0.688565960887323 0.695382502693084 0.696444243876793 0.696906550742275 0.695349709084197 0.697178611640146 0.696766795550835 0.695557450624788 NaN 0.957616202548973 0.993625715127728 0.993246119852760 0.996931011722984 0.968435516546337 0.690923567331934 0.684417596525163 0.693172828743639 0.697508776436792 0.673954869398248 0.697329666035279 0.693913705344313 0.696519952264327 NaN 0.956802381832132 0.985761791256002 0.997322363952597 0.998533988334133 0.992700264317537 0.684002560021729 0.695328868044815 0.697404637779259 0.693163940497658 0.683052839757058 0.693636783527648 0.692249908732036 0.697337056016892 
NaN 0.849992740028762 0.974214711638972 0.958631032604455 0.996099002422477 0.992709775076503 0.610614294042669 0.696062297104160 0.692588361249580 0.706192925208708 0.674332314800433 0.689552312603192 0.645384744680958 0.688136188239295 NaN 0.963764410430493 0.986406300747893 0.995891862132082 0.995922329487304 0.966731459550859 0.656498165641816 0.694978712839743 0.701130885010384 0.706402643178280 0.694411066957783 0.698989652700608 0.698572297169610 0.705190640301820 NaN 0.987791692633975 0.998891081140724 0.992025647668617 0.975726883384624 0.981433493524815 0.702432079005010 0.706326544583055 0.699424655155258 0.704456776916171 0.706272462361389 0.706322558594165 0.706075174481546 0.698617752590032 NaN 0.998573658826362 0.998809925520589 0.994335970852603 0.973571484726169 0.528351878055312 0.703499185791663 0.687939299020209 0.671926302573606 0.611911843404697 0.706012400480943 0.706410144603727 0.705785753297231 0.705455863953969 NaN 0.995383851487951 0.999356598190751 1.000000000000000 0.992080461047709 0.962126932815380 0.695544907293632 0.703208351866138 0.705646278147706 0.705073478280212 0.703166391142585 0.706182865474381 0.705892391334456 0.703411219621192 NaN 0.964715032586450 0.995462117385367 0.995079662425977 0.997487200005607 0.963353202797849 0.700812715494352 0.694746074384534 0.700663965130411 0.706385578795316 0.684748727733269 0.705639075016774 0.703501360015718 0.705702557188111 NaN 0.963699372027441 0.989702034621690 0.998659026459820 0.996559920547355 0.988581915099881 0.694319458289701 0.704703933319769 0.706307999578001 0.700648984205066 0.693399838485854 0.703231683424270 0.701988722220267 0.706270004593866 
NaN 0.780273417621054 0.941520105636211 0.919786779793335 0.981546418806569 0.974379371789787 0.592566917545171 0.709794509208224 0.702343352524610 0.730026044086809 0.675767961220204 0.698092854947538 0.636454033836190 0.695006207644690 NaN 0.924406077264021 0.959411128996504 0.986076266797457 0.985959520204163 0.988694340850407 0.651183688560123 0.706348987941144 0.716875119667256 0.732826077138340 0.705669837390055 0.713111420933762 0.712127499628428 0.735729371766684 NaN 0.961954691712749 0.994552816836440 0.999049001796540 0.991308417222370 0.994061989701999 0.719495723711148 0.730691015623516 0.713537624546381 0.736188231984361 0.733726548671810 0.733486782098861 0.734396356589750 0.735971912566188 NaN 0.991588510450671 0.993526063612582 0.996772921897319 0.993364790277170 0.431184508494039 0.721772951783529 0.694600206104952 0.671403739956431 0.674704981815493 0.729267869293011 0.731568193488003 0.728357847436573 0.726915350453627 NaN 0.994236072135303 0.994443126730122 0.992080461047709 1.000000000000000 0.961254244695167 0.735064797435458 0.736554861293692 0.727568658194295 0.735789321467624 0.736598754925981 0.729870364391050 0.728510503823231 0.736567358530074 NaN 0.925012589308788 0.977058275777494 0.986101405311473 0.996324070756779 0.986754319790374 0.716164519907635 0.705471835155367 0.736532401645400 0.731219742489473 0.690010967119033 0.735197927088020 0.721816555723897 0.727795962636971 NaN 0.923809913914039 0.965019386472543 0.985098020769286 0.991198966204688 0.998207144907690 0.705009227947351 0.724975661868237 0.730860814439910 0.736566123135334 0.703670361335328 0.721397604540552 0.718745560305157 0.730565938386384 
NaN 0.787328809324771 0.914279832979664 0.877743975932286 0.937416237178716 0.963384212276917 0.477310166524416 0.538656613528839 0.536137832912691 0.544123390886581 0.523656845462843 0.534223028038660 0.502765189532750 0.533002681123888 NaN 0.912613918493234 0.938316370536055 0.934022792256146 0.971398459559844 0.956121342229068 0.510863135578688 0.537774821310925 0.541562867875819 0.543812984369618 0.537438804556429 0.540324542770066 0.539981109381092 0.542192259872286 NaN 0.950303207000415 0.972280063109884 0.954002897038972 0.969471024428101 0.979073714162626 0.542327850513017 0.544064145894851 0.540452299954176 0.541358722034513 0.543520486507234 0.543609741756886 0.543227594685004 0.535867118339067 NaN 0.971941516551001 0.971418560956679 0.949292291334989 0.934417660241819 0.408556575360822 0.542907015415988 0.532807334351044 0.521599650954942 0.464247736776997 0.544127520992751 0.543994120541480 0.544076503501215 0.543882301573197 NaN 0.981691763556397 0.969909228334697 0.962126932815379 0.961254244695167 1.000000000000000 0.533118225701544 0.540118245178191 0.543953384707951 0.542011179139790 0.540093474700706 0.544106104218539 0.544054796717866 0.540338906181957 NaN 0.910142875297274 0.960976595893027 0.945624582656379 0.950425834033430 0.939526682436809 0.541319687995763 0.537456001135306 0.537712368090037 0.544029568017312 0.530723347635769 0.542668583572950 0.542930521835084 0.543989597489119 NaN 0.911682804049768 0.943608121667342 0.962066451262095 0.981131527853522 0.973159324030084 0.537272352907511 0.543627169318900 0.544106302746751 0.537723227537667 0.536687177582327 0.542849609193216 0.542133154748271 0.544118814242990 
NaN 0.430617263879505 0.645240503529134 0.656796619104449 0.712919378719485 0.648592314912037 0.763360095116131 0.943226879487462 0.931280592787826 0.979980450453491 0.888659457774321 0.924099646933434 0.828690021224717 0.919629703108149 NaN 0.588540962561230 0.643429725243045 0.736296081125956 0.671424717288081 0.710527994070902 0.850875289642867 0.937781383782995 0.955893669322385 0.985911114598420 0.936586236517928 0.949213230257945 0.947739177321812 0.993158501276710 NaN 0.629123229890154 0.681771650416933 0.739966343395119 0.682173495142636 0.689869387436687 0.960510040282531 0.981473201478164 0.950281082981952 0.994905213894869 0.988013143421677 0.987447160391053 0.989601914840444 0.999364679756632 NaN 0.666205369006206 0.675969865175988 0.735717727231243 0.779934150305990 0.305849411645078 0.964618616200225 0.919105116731254 0.882536534750538 0.940233076499561 0.978370102101409 0.983295902868439 0.976571745830909 0.974057660098149 NaN 0.664200650270242 0.688565960887323 0.695544907293632 0.735064797435458 0.533118225701544 1.000000000000000 0.996768481038892 0.975319493537147 0.993531325518772 0.996825665741584 0.979737846631264 0.977058724816823 0.996523145097446 NaN 0.598756693390507 0.651759562734213 0.733256654355992 0.741111947775802 0.738204856236728 0.954784737899081 0.936666424689972 0.998851952115398 0.982561125294827 0.911511110973183 0.991734199676502 0.964638591010158 0.975706380554206 NaN 0.589500276173093 0.650818055668501 0.673671196539491 0.656729609861799 0.702415441856507 0.935698683382262 0.970206064799634 0.981644349910413 0.998853659553599 0.933445355092844 0.963715712763410 0.959020033642002 0.981044129759884 
NaN 0.466388336070670 0.666166640355495 0.679073013958180 0.722739718146345 0.665227954060169 0.812722902345722 0.966241096877084 0.957430884467444 0.992792130626923 0.922366683826856 0.951563952523311 0.870893195658964 0.948197892384085 NaN 0.610958161883688 0.660811268418108 0.743710902160670 0.684778269447655 0.701616345131927 0.890194093378369 0.962542485722100 0.976386465647498 0.996148153096869 0.961520365382061 0.971362314758670 0.970290751984988 0.999314788665593 NaN 0.647068294017505 0.687775041966177 0.739424182401908 0.675924995729947 0.691697981532795 0.979750447936155 0.993683872566529 0.972214048366049 0.999778999347301 0.997213643084464 0.996935391716351 0.997948702625705 0.998401658538984 NaN 0.671697953015450 0.681219887533632 0.735775061479688 0.774234084544673 0.365824773018156 0.982672135135985 0.947776499328842 0.917442982496095 0.909852858961802 0.991790961077047 0.994731296201969 0.990662528616529 0.989077379111269 NaN 0.669475937166173 0.695382502693084 0.703208351866138 0.736554861293691 0.540118245178191 0.996768481038892 1.000000000000000 0.989899513621594 0.999437366068600 0.999993760384874 0.992652484559081 0.990998444528672 0.999983673496231 NaN 0.621720658936694 0.665668548416043 0.746556587276530 0.746162867833901 0.727057087070213 0.975573620632154 0.961755183493812 0.999469893270781 0.994311963215550 0.941573540317125 0.998832486481011 0.982684952065596 0.990145954439525 NaN 0.612184673628229 0.667392367553786 0.684685577451749 0.664801813269633 0.702574622819812 0.960967032292831 0.986501412599069 0.993772760401545 0.999457118159045 0.959139367477412 0.982014943974555 0.978650990493737 0.993421356648117 
NaN 0.522135841206299 0.692569820416045 0.707675197982355 0.728666889047604 0.684100718747060 0.886994172591202 0.991566631100871 0.988459585407564 0.999727638733313 0.967274002368128 0.984991011644392 0.931620549831840 0.983643732601106 NaN 0.640880373692779 0.681054217959392 0.745053165952336 0.697549840922909 0.674816201602598 0.945535480900777 0.991032790343045 0.997139367135153 0.998496742893601 0.990323191003334 0.995114952029137 0.994765173130668 0.994399472453072 NaN 0.668535534800104 0.687525614238268 0.726805416090664 0.654232276855948 0.684018934726178 0.998233693589094 0.999552375981287 0.995581779239324 0.992602846991508 0.997708472059556 0.997945310878556 0.996927168410573 0.980937489051148 NaN 0.670795073796125 0.679738503101238 0.724273641487964 0.751961110983557 0.465929841793890 0.999024065083902 0.983418364121465 0.964582260187496 0.841841001740938 0.999826315019445 0.999213935539080 0.999902112804965 0.999980494207798 NaN 0.668225087478642 0.696444243876793 0.705646278147706 0.727568658194295 0.543953384707951 0.975319493537147 0.989899513621594 1.000000000000000 0.994082327164494 0.989794111383970 0.999772664888274 0.999961304279837 0.990306099263093 NaN 0.652442667295229 0.679717747958079 0.758259159153268 0.743305190648994 0.695907131912995 0.996862952787049 0.990864754228424 0.984776127362282 0.999361983976135 0.979765170594873 0.995584764105894 0.999024170932546 0.999996187805879 NaN 0.642554210152782 0.686112565683320 0.693323180927519 0.668563072949038 0.691774076297222 0.990386863411551 0.999684067986706 0.999486309903142 0.984742867666906 0.989332929105433 0.998801986529870 0.997842347300006 0.999580148772412 
NaN 0.480355475357268 0.673593218984247 0.687051606968078 0.725457225932656 0.670894113439113 0.831686057873644 0.973947598861790 0.966480230197142 0.996235768543582 0.934613699418317 0.961160118263969 0.886778696997296 0.958272766011826 NaN 0.619121191865515 0.666783357755641 0.745382485317750 0.689043320730375 0.696588015796593 0.904851508519607 0.971000167964869 0.983055091771320 0.998523170192817 0.970044932289801 0.978726656661632 0.977820176218990 0.999978646607195 NaN 0.653310532596332 0.688978516048871 0.737808147261227 0.672053409966564 0.691159251984991 0.985887390452244 0.996882087942573 0.979494723014176 0.999916695154500 0.999149995008477 0.998994086481909 0.999530362091441 0.996109628473423 NaN 0.672715123922196 0.682118149015014 0.734416410854586 0.770407327826540 0.390082157300911 0.988317663915902 0.957900687589526 0.930227027552526 0.895481091227785 0.995496563597668 0.997604505389840 0.994651846126005 0.993455050485498 NaN 0.670407350557040 0.696906550742275 0.705073478280211 0.735789321467624 0.542011179139790 0.993531325518772 0.999437366068600 0.994082327164494 1.000000000000000 0.999414593878969 0.996139772006477 0.994920636662813 0.999530556955492 NaN 0.630094286674590 0.670197263921433 0.750683167615415 0.746855748770159 0.721049961964891 0.982367658627870 0.970372711405858 0.997830585476831 0.997320194518467 0.952285083414882 0.999886795675519 0.988327573032878 0.994271096945632 NaN 0.620452689074386 0.673021048976366 0.687973174945014 0.666906092091134 0.701318801502889 0.969645837293238 0.991404440919745 0.996930118184370 0.997815584798858 0.967993608565565 0.987756903215169 0.984953453110117 0.996683224160693 
NaN 0.466215982631171 0.666054916823800 0.678923466152789 0.722701362147914 0.665101679686810 0.812350665283673 0.966205441098213 0.957268689749052 0.992719943400209 0.922186972795947 0.951434692216149 0.870599399738141 0.947978319435364 NaN 0.610866100790894 0.660730777638042 0.743695970021602 0.684705498844771 0.701723072349229 0.889952581503199 0.962404106682552 0.976241707842359 0.996098238663676 0.961393325438000 0.971233436955693 0.970129234304760 0.999300961074246 NaN 0.646945948847112 0.687759283969215 0.739469022803130 0.676007006987182 0.691709409299989 0.979609497586359 0.993605346572358 0.972045407094110 0.999768920499648 0.997165695775986 0.996886520535223 0.997911511161322 0.998439046955144 NaN 0.671671551826337 0.681204852118351 0.735804104707381 0.774316230352145 0.365295229715464 0.982537841422554 0.947542419518973 0.917157374265296 0.910148638019050 0.991728106208918 0.994659468441121 0.990597667959660 0.988974800073225 NaN 0.669464295645242 0.695349709084197 0.703166391142585 0.736598754925981 0.540093474700706 0.996825665741584 0.999993760384874 0.989794111383970 0.999414593878969 1.000000000000000 0.992572124939298 0.990910733499796 0.999992222575477 NaN 0.621552923208186 0.665581924160095 0.746464422149489 0.746143197404114 0.727184558301126 0.975412559031099 0.961573820238025 0.999493483002734 0.994239246366283 0.941359106025213 0.998799910832082 0.982557247458390 0.990047524312522 NaN 0.612048768512469 0.667293682043507 0.684625450272493 0.664764036267450 0.702605607462605 0.960804868973993 0.986408004527472 0.993710145084588 0.999490305579029 0.958981493438614 0.981902766491479 0.978528812342068 0.993356398659332 
NaN 0.514766633283318 0.689635454316391 0.704382865665094 0.728755865583925 0.682173062744468 0.877210484733980 0.989318126334363 0.985195846111500 0.999993745141759 0.962014600398184 0.981444327871672 0.923911026256432 0.979663648795370 NaN 0.637402628250552 0.679009685536252 0.745848501234996 0.696578124769817 0.679647278503011 0.938674564023694 0.988168650632807 0.995350948118437 0.999432751833609 0.987437028843676 0.992928677326497 0.992430749959055 0.996411624129083 NaN 0.666230712486479 0.688455574482196 0.729617722352888 0.658280122145020 0.686028070091900 0.996774886936172 0.999953579192920 0.993383482377250 0.994929495274696 0.998911202633348 0.999072901127584 0.998356856249731 0.984769792865432 NaN 0.671781477740908 0.680835525758400 0.726900616848946 0.756220026373927 0.451683413201159 0.997869758276876 0.979383934903597 0.958821563449092 0.852990322105703 0.999946972187311 0.999820027478515 0.999848319959736 0.999636461423986 NaN 0.669279079413254 0.697178611640146 0.706182865474381 0.729870364391050 0.544106104218539 0.979737846631264 0.992652484559081 0.999772664888274 0.996139772006477 0.992572124939298 1.000000000000000 0.999914553961621 0.993011506110800 NaN 0.648750097986768 0.678524232637343 0.757489211549632 0.744673796530430 0.701409747028841 0.994973401347514 0.987830538694100 0.988205543137556 0.999884825455037 0.975399858190217 0.997337466841160 0.997881611447764 0.999813669531742 NaN 0.638952154188413 0.684257285596495 0.692949528010013 0.668873005946581 0.694263665879598 0.987349411955015 0.999041309250943 0.999938528086735 0.988186759420037 0.986195918489098 0.997625462068654 0.996311331508828 0.999966092586827 
NaN 0.519432650445451 0.691520960056761 0.706471991555349 0.728757635390977 0.683401067304074 0.883327711523021 0.990848974122625 0.987289980236930 0.999889312282363 0.965373890169546 0.983743029233602 0.928757257843085 0.982176458992980 NaN 0.639642881417258 0.680343994877370 0.745415289920315 0.697232677163070 0.676703722966749 0.943014845978498 0.990023350875415 0.996512510806802 0.998914102427436 0.989314194704362 0.994356242303226 0.993930439297682 0.995227958953727 NaN 0.667701670390096 0.687929009071458 0.727931211937125 0.655819075857195 0.684828258030664 0.997727931360281 0.999758001664694 0.994791087633756 0.993546482043786 0.998222839923452 0.998432337969591 0.997530401500010 0.982453523875067 NaN 0.671209428272112 0.680201463530045 0.725321693562321 0.753635083110969 0.460501879196008 0.998632423585521 0.981921578725325 0.962427806005161 0.846146895921266 0.999942763184865 0.999497728352609 0.999953839774274 0.999901930241493 NaN 0.668673805545248 0.696766795550835 0.705892391334456 0.728510503823231 0.544054796717866 0.977058724816823 0.990998444528672 0.999961304279837 0.994920636662813 0.990910733499796 0.999914553961621 1.000000000000000 0.991398339366188 NaN 0.651077044064633 0.679308840453310 0.758007400079073 0.743869800857492 0.698052580276504 0.996188488576645 0.989764554737943 0.986138095278927 0.999615308368418 0.978162668755655 0.996307196007033 0.998641300505841 0.999978413641260 NaN 0.641242442673993 0.685458453841204 0.693228553520783 0.668726486592064 0.692770383835757 0.989298919921432 0.999504702578550 0.999721347094840 0.986116736646105 0.988212398667424 0.998417882323661 0.997323852146483 0.999789697378180 
NaN 0.467829204690409 0.666929405306601 0.679848797159943 0.723049795859934 0.665761462065408 0.814498300302352 0.967160395387415 0.958332557940261 0.993157313197876 0.923620551312248 0.952575899609592 0.872416113197620 0.949140865272937 NaN 0.611831301890351 0.661444505753197 0.743931236420845 0.685221178871417 0.701210008029305 0.891644806400200 0.963407631998872 0.977031602106729 0.996417590484076 0.962409358407012 0.972111420713777 0.971014453343200 0.999432434614580 NaN 0.647674384490462 0.687935030506279 0.739337651088884 0.675619699819360 0.691689794924419 0.980338432225547 0.994011048420695 0.972898031841437 0.999839275324241 0.997434299741521 0.997169106002908 0.998142254094398 0.998240530377455 NaN 0.671820511968120 0.681344641258181 0.735696864255876 0.773939841271893 0.367980901001355 0.983211030405399 0.948704969046706 0.918612380888790 0.908616603174395 0.992199590945216 0.995029406621072 0.991101703096019 0.989510323336785 NaN 0.669608591389820 0.695557450624788 0.703411219621192 0.736567358530074 0.540338906181957 0.996523145097446 0.999983673496231 0.990306099263093 0.999530556955492 0.999992222575477 0.993011506110800 0.991398339366188 1.000000000000000 NaN 0.622514653090917 0.666122551696515 0.746959909243716 0.746260708234487 0.726565243356699 0.976210982837297 0.962578733455569 0.999367037750454 0.994624625956415 0.942598320324590 0.998970467140742 0.983232597018672 0.990555306142134 NaN 0.613009946225222 0.667960053080409 0.685030678162850 0.665036660648850 0.702509445316948 0.961825022386089 0.987009443260769 0.994117400893472 0.999367063228228 0.960024154496301 0.982596075927174 0.979284336068813 0.993775073529063 
NaN NaN NaN NaN NaN NaN NaN NaN NaN NaN NaN NaN NaN NaN NaN NaN NaN NaN NaN NaN NaN NaN NaN NaN NaN NaN NaN NaN NaN NaN NaN NaN NaN NaN NaN NaN NaN NaN NaN NaN NaN NaN NaN NaN NaN NaN NaN NaN NaN NaN NaN NaN NaN NaN NaN NaN NaN NaN NaN NaN NaN NaN NaN NaN NaN NaN NaN NaN NaN NaN NaN NaN NaN NaN NaN NaN NaN NaN NaN NaN NaN NaN NaN NaN NaN NaN NaN NaN NaN NaN NaN NaN NaN NaN NaN NaN NaN NaN 
NaN 0.957023165680217 0.996946443271033 0.994780189698537 0.976382289770600 0.982097376513306 0.657412661446822 0.665971913058858 0.670531183991927 0.648529797408701 0.673885119853904 0.671374253104300 0.669756732060468 0.672470175309136 NaN 0.999058088564842 0.994330394433185 0.966489695499792 0.968044335568396 0.866646056213216 0.672256422704920 0.669046974396706 0.663455760358945 0.642204893383776 0.669164081022860 0.665889884535276 0.666432104033176 0.630878092479262 NaN 0.992348534954726 0.955429067057429 0.925265884018001 0.887835719449405 0.904256121821780 0.661413869047447 0.647072712646300 0.665542588812195 0.626959159623291 0.639460735935818 0.640232301881416 0.637146349131913 0.607285810803179 NaN 0.959106910713248 0.956396747989790 0.936294582571907 0.881818861362983 0.722047264341519 0.659323076258608 0.672493391309448 0.674235620176103 0.457380879399084 0.649954291869831 0.645192115828095 0.651454041031153 0.653391557300755 NaN 0.945015901074215 0.957616202548973 0.964715032586450 0.925012589308789 0.910142875297274 0.598756693390507 0.621720658936694 0.652442667295229 0.630094286674590 0.621552923208186 0.648750097986768 0.651077044064633 0.622514653090917 NaN 1.000000000000000 0.983389427086526 0.967339886703915 0.949487301509275 0.860423037857525 0.663868354693495 0.669466954888649 0.612922658036365 0.645967499468572 0.673349355842764 0.633606139282812 0.659332851948253 0.652158371812148 NaN 0.999643496466547 0.992183122894501 0.976016113308328 0.955662689588063 0.916071809825785 0.669684453314159 0.656077123582029 0.646931844441604 0.612909065446175 0.670089645569454 0.659835593367975 0.662103713312893 0.647520067934924 
NaN 0.892334034931791 0.988201590003371 0.974224859369365 0.994420197176323 0.998883456749314 0.626434905255484 0.679921423488576 0.679674201965539 0.678450234794237 0.670496116416703 0.678313335859788 0.651801206241502 0.677761961868905 NaN 0.982832543970102 0.996339330572053 0.990271119645543 0.996602128460428 0.941176098332013 0.659328825930546 0.680416060765563 0.681630503694433 0.675962563110336 0.680213870600240 0.681428048233094 0.681371619451477 0.670606470707113 NaN 0.997975440934108 0.992783134198337 0.975738053443305 0.955197951186265 0.966609776696888 0.681543837447373 0.677906625316635 0.681473307512584 0.668548567842042 0.674753804655222 0.675100517859295 0.673689833297686 0.657123737564234 NaN 0.993561971203007 0.992751255827289 0.980064529439140 0.948008405698899 0.592955360095963 0.681293313894103 0.677632389899874 0.669008880923490 0.544873949493281 0.678944742457252 0.677182438189153 0.679431420587573 0.679995933463375 NaN 0.988503531014187 0.993625715127728 0.995462117385367 0.977058275777494 0.960976595893027 0.651759562734213 0.665668548416043 0.679717747958079 0.670197263921433 0.665581924160095 0.678524232637343 0.679308840453310 0.666122551696515 NaN 0.983389427086526 1.000000000000000 0.992772823898282 0.987277741893628 0.934790184692587 0.681595006390209 0.680375827642395 0.660567621974550 0.677486589694409 0.676171306222372 0.671977428225546 0.681307547379045 0.679640407028959 NaN 0.982921159792408 0.997980998724262 0.999018971000968 0.993052107611955 0.973334023562476 0.680272637492298 0.680712665138994 0.677870029427248 0.660565391267623 0.679965799834390 0.681396614073906 0.681601434230852 0.678086951819367 
NaN 0.857071241684791 0.978708609222113 0.966174658601458 0.994662092498528 0.992984499438866 0.685670275477656 0.754893317604683 0.753740418925141 0.757417019305638 0.740496764667816 0.751582411167739 0.716704676179809 0.750976150521984 NaN 0.964932428104714 0.986536150203889 0.994382641583739 0.995236055284197 0.950462455946583 0.726147200332171 0.755154281546882 0.758235105438098 0.755572131947749 0.754688491235724 0.757300804050660 0.757180884112372 0.751007496329590 NaN 0.987334584723066 0.991370175896314 0.984147635881152 0.958538734153508 0.973138293871836 0.758603606328288 0.757077000741833 0.757588838251664 0.749202630509672 0.754599462542162 0.754884328289823 0.753705163930604 0.738329370856874 NaN 0.988849355243440 0.989843757063012 0.986085079774410 0.966275966136929 0.572236708956269 0.758780828535511 0.750852168866735 0.738925444371604 0.622953357309922 0.757717834613173 0.756542133755867 0.758017715011175 0.758414387949867 NaN 0.986099593289199 0.993246119852760 0.995079662425977 0.986101405311473 0.945624582656379 0.733256654355992 0.746556587276530 0.758259159153268 0.750683167615415 0.746464422149489 0.757489211549632 0.758007400079073 0.746959909243716 NaN 0.967339886703915 0.992772823898282 1.000000000000000 0.994625003312154 0.947464711541242 0.758136395196871 0.755177286772095 0.741767001969989 0.756770632918627 0.748594577706310 0.752238166163741 0.758777545471615 0.758206305876952 NaN 0.965219672565987 0.989618796951895 0.994988075783025 0.989172030056453 0.978689774419247 0.754865659464211 0.758640871060046 0.756989415016941 0.741740727713502 0.754231507350338 0.758693315397912 0.758449057112039 0.757149425778857 
NaN 0.821394380364383 0.963343602861503 0.948358262598726 0.993751999575591 0.984014514366039 0.625580247351422 0.729086820355132 0.723871089970595 0.744734303780237 0.700840042692771 0.720019553431487 0.665981174384634 0.717977067974906 NaN 0.947880165077046 0.976185666595910 0.996425150143717 0.990551944680288 0.974253201961034 0.679178157103025 0.727084329725306 0.735666156786069 0.746187955409918 0.726399813130024 0.732596620029261 0.731961722587630 0.746862165725599 NaN 0.976532026533225 0.996182377472919 0.996853239931145 0.979235812489806 0.983481146022888 0.737653150203850 0.745161023036992 0.733157599356801 0.746692546755372 0.746550058275363 0.746463953518236 0.746749019507058 0.743285182578875 NaN 0.994398071018383 0.995650012378784 0.997942987100929 0.985159676164939 0.499441187965812 0.739352788074055 0.717714677881972 0.697690910516494 0.665220041083572 0.744246246629277 0.745622302613349 0.743682333697138 0.742885778497208 NaN 0.992120764714644 0.996931011722984 0.997487200005607 0.996324070756778 0.950425834033430 0.741111947775802 0.746162867833901 0.743305190648994 0.746855748770159 0.746143197404113 0.744673796530430 0.743869800857491 0.746260708234487 NaN 0.949487301509275 0.987277741893628 0.994625003312153 1.000000000000000 0.973729051606295 0.735185075835754 0.726666153904753 0.744706441604519 0.745443071681906 0.713656976272228 0.746888025393717 0.739358605681280 0.743431841889672 NaN 0.947806611940890 0.980368786008387 0.993158280060638 0.991587604094477 0.991019975218084 0.726134863640551 0.741479675945342 0.745184621496397 0.744695339132230 0.724954056885814 0.738954591935667 0.736993980297530 0.745024706810367 
NaN 0.684898301825142 0.881862173040802 0.855445199181701 0.946058433790707 0.928098375252801 0.493129816830316 0.660880972986432 0.647888215564369 0.701727018591416 0.606349074960327 0.640826584532420 0.550791504394595 0.636043720677748 NaN 0.860400664415023 0.907830937486819 0.955907549970513 0.947798496130808 0.998373179299169 0.570983360425082 0.654526851614504 0.673621119279433 0.709575750352751 0.653428355105533 0.666465955815806 0.664840812824820 0.720435264642329 NaN 0.910616608414834 0.970117514961913 0.988612738542362 0.994615794710438 0.983410270890536 0.678709943247126 0.703640299168523 0.667548826145123 0.723459929283773 0.712526267094074 0.711720708227736 0.714851187756391 0.734677385014358 NaN 0.967186790404749 0.969989014590335 0.983570496106431 0.995810553748550 0.290083305200079 0.683337930237148 0.635521050687919 0.600219765885782 0.731212728777040 0.699717784590774 0.706030601509850 0.697486623629294 0.694384224017192 NaN 0.972642848335767 0.968435516546337 0.963353202797849 0.986754319790374 0.939526682436809 0.738204856236728 0.727057087070213 0.695907131912995 0.721049961964891 0.727184558301126 0.701409747028841 0.698052580276504 0.726565243356699 NaN 0.860423037857524 0.934790184692587 0.947464711541242 0.973729051606295 1.000000000000000 0.672407210731491 0.653271084781192 0.732135137294237 0.705063100779123 0.628054783122233 0.718112003535590 0.683361438807158 0.696381081417663 NaN 0.859462036522810 0.915783002610987 0.949000505568425 0.963587312000461 0.988560653494657 0.652316759725403 0.689826532674160 0.703876449387592 0.732155940543357 0.650096506906450 0.682340489171893 0.677084534522402 0.703097430670006 
NaN 0.548680411080460 0.701233991111309 0.717432647277756 0.725580269765366 0.688632210683894 0.920678429047049 0.997007288099775 0.997109010646550 0.994825731375171 0.983859287472917 0.995011191254505 0.957350225874658 0.994801235130801 NaN 0.651961403661663 0.686378963622797 0.739263659408076 0.698556832811274 0.653929839323271 0.968134998687405 0.998242919619081 0.999974577418432 0.991043689336086 0.997714909117668 0.999643003286421 0.999699825271382 0.982927891916947 NaN 0.674652496100183 0.681350782831572 0.713379893902066 0.636378017746967 0.673726710102083 0.999792692949060 0.994055533095077 0.999889899931376 0.979883804160206 0.989228063868241 0.989750134548039 0.987606805747046 0.962577608410394 NaN 0.664402801479296 0.672944745762121 0.711494025682727 0.732924770936420 0.517728710583629 0.999385249467219 0.994686603127740 0.982433739019923 0.796482509782790 0.995536752027689 0.992946400832417 0.996283845139496 0.997290438306669 NaN 0.661661046662573 0.690923567331934 0.700812715494353 0.716164519907635 0.541319687995763 0.954784737899082 0.975573620632155 0.996862952787049 0.982367658627870 0.975412559031099 0.994973401347514 0.996188488576645 0.976210982837297 NaN 0.663868354693495 0.681595006390209 0.758136395196871 0.735185075835754 0.672407210731491 1.000000000000000 0.998419400534507 0.967929599855665 0.993409545900915 0.992489360190825 0.985034089346632 0.999378242646246 0.996719304545976 NaN 0.653870803239118 0.690542184370564 0.692059856543993 0.664794249480434 0.679671303666573 0.998120753516864 0.998270526658047 0.993904326196118 0.967884723873418 0.997508683975160 0.999408896754596 0.999799983904741 0.994245877279413 
NaN 0.565701150789325 0.704846287176889 0.721675765478436 0.720716126661850 0.689220779017316 0.941115920559580 0.997452926397586 0.999557237105488 0.987629217424983 0.992099213242572 0.998556403855169 0.972051071578698 0.998940264097527 NaN 0.657538911967661 0.687678140704395 0.732448234699487 0.696675219129170 0.636708809561794 0.980638874220608 0.999702350725437 0.998214933476775 0.982048592694790 0.999343677070406 0.999158136801084 0.999435878292743 0.971133092089439 NaN 0.676456289175576 0.674440016701672 0.701227917484738 0.621363934661409 0.663910474299834 0.997119026838068 0.986406445133496 0.999138620251809 0.967191961154051 0.979502463237290 0.980225700739400 0.977299827730301 0.945961619099478 NaN 0.657371472934478 0.665619228151998 0.699778927710084 0.716711921771294 0.552329578220517 0.995848992019302 0.998865130953556 0.991310295405479 0.761438595500701 0.988798815680794 0.984757239348372 0.990023740787311 0.991611524023077 NaN 0.654549773586412 0.684417596525163 0.694746074384534 0.705471835155367 0.537456001135306 0.936666424689972 0.961755183493812 0.990864754228424 0.970372711405858 0.961573820238025 0.987830538694100 0.989764554737943 0.962578733455569 NaN 0.669466954888649 0.680375827642395 0.755177286772095 0.726666153904753 0.653271084781192 0.998419400534507 1.000000000000000 0.952365773662131 0.985442605532141 0.997786230876705 0.973858943331511 0.995852791903134 0.990635507323280 NaN 0.659510454458802 0.691125847350928 0.688584580078197 0.659641834383520 0.668566782471199 0.999895969288682 0.993550598164373 0.986239675977611 0.952331860498442 0.999623624669770 0.996112973616292 0.997461063481742 0.986754213322377 
NaN 0.452279442487760 0.658220725283090 0.670597632629783 0.719335292198843 0.659025420123276 0.793389339765715 0.957676917200820 0.947601296205915 0.988386679768557 0.909449461254291 0.941193904149966 0.854504069080715 0.937384585581137 NaN 0.602371247585784 0.654298298668210 0.741292956137932 0.679918343587429 0.705770713471699 0.874989629646531 0.953276721742538 0.968862469870732 0.992789881593094 0.952180859568171 0.963163618843607 0.961926651308701 0.997605417145652 NaN 0.640320922867084 0.685889537737938 0.740225652122640 0.678982785377135 0.691504049962012 0.972733523382668 0.989524765647794 0.964106751783598 0.998591963915043 0.994272906502794 0.993879025125646 0.995354441602482 0.999571301794992 NaN 0.670004564384747 0.679632008585973 0.736331797060667 0.777148251000680 0.341865778394032 0.976140655427175 0.936923536400797 0.904049440266126 0.922841023334247 0.987141297662249 0.990886199951764 0.985742395950728 0.983780030460230 NaN 0.667868835600604 0.693172828743639 0.700663965130411 0.736532401645400 0.537712368090037 0.998851952115398 0.999469893270782 0.984776127362282 0.997830585476831 0.999493483002734 0.988205543137556 0.986138095278927 0.999367037750454 NaN 0.612922658036365 0.660567621974550 0.741767001969989 0.744706441604519 0.732135137294237 0.967929599855665 0.952365773662131 1.000000000000000 0.990340300665292 0.930152071824666 0.996740940192421 0.976156414000848 0.985080055852847 NaN 0.603489080494490 0.661212955179212 0.680769265949005 0.662060606405130 0.703063197244081 0.951498031054358 0.980682024643729 0.989644211255153 0.999994676908742 0.949494688798278 0.975380612677363 0.971475731284718 0.989192091462756 
NaN 0.509103668318052 0.687243689533691 0.701837410520890 0.728567256278232 0.680668201937438 0.870002495770612 0.987064404212518 0.982536295495537 0.999885657033208 0.957814344132760 0.978449896623334 0.918124685456457 0.976603516809188 NaN 0.634581279558870 0.677261481451829 0.746131919215917 0.695676481490520 0.682839723481246 0.933425759907815 0.985748692172011 0.993820671759915 0.999811661727538 0.984953568604586 0.991036681532170 0.990501364007768 0.997524987825224 NaN 0.664419245314591 0.688905162639982 0.731367727860228 0.660933883786774 0.687259522437408 0.995483666241823 0.999983147174555 0.991607396876554 0.996299474849806 0.999483094964011 0.999592723799224 0.999082675597788 0.987192598304764 NaN 0.672303418537986 0.681409228131480 0.728551344176326 0.758996989711645 0.441673741312640 0.996817249007957 0.976332995375938 0.954580093833007 0.860519542645970 0.999713663204076 0.999991749731790 0.999489472793618 0.999149254537368 NaN 0.669816301350845 0.697508776436792 0.706385578795316 0.731219742489473 0.544029568017312 0.982561125294827 0.994311963215550 0.999361983976136 0.997320194518467 0.994239246366283 0.999884825455037 0.999615308368418 0.994624625956415 NaN 0.645967499468572 0.677486589694409 0.756770632918628 0.745443071681906 0.705063100779123 0.993409545900915 0.985442605532141 0.990340300665292 1.000000000000000 0.972029941874017 0.998291775404373 0.996820629256711 0.999422016282264 NaN 0.636142797717559 0.682715862794800 0.692476451334870 0.668896398855112 0.695811861773591 0.984873810072412 0.998271470313339 0.999950653027785 0.990315189326564 0.983619406640067 0.996479787198128 0.994914519242748 0.999933107625822 
NaN 0.583639002545664 0.706315453697938 0.723759753172344 0.712069065973293 0.687088582926068 0.961459434344371 0.994129314471867 0.998436325543114 0.975144729373494 0.997909232238447 0.998801206610484 0.985500390774485 0.999772404526668 NaN 0.661524882133330 0.686470694643808 0.721468726188881 0.691624315767846 0.613814808091712 0.991473168736268 0.997436692431138 0.992090194730569 0.967448186916843 0.997307692806396 0.994568341580876 0.995085598276005 0.953296314491295 NaN 0.675830572016008 0.663544068901700 0.684047456857258 0.601131218419567 0.649620941255088 0.989924340153947 0.973368061816544 0.994175481801545 0.948288617888011 0.964056846843367 0.965011000517062 0.961177516830373 0.922528110164661 NaN 0.646397865298685 0.654274385497808 0.683106067864136 0.694673587181583 0.590818973188791 0.987621958957048 0.999717925099861 0.997712991739567 0.717075444701117 0.976849771123972 0.971090386330523 0.978630077670434 0.980868620248726 NaN 0.643505611678286 0.673954869398248 0.684748727733269 0.690010967119033 0.530723347635769 0.911511110973183 0.941573540317125 0.979765170594873 0.952285083414883 0.941359106025213 0.975399858190217 0.978162668755655 0.942598320324590 NaN 0.673349355842764 0.676171306222372 0.748594577706310 0.713656976272228 0.628054783122233 0.992489360190825 0.997786230876705 0.930152071824666 0.972029941874017 1.000000000000000 0.956735610741231 0.987644854884333 0.979439093171428 NaN 0.663528252587363 0.689024903114479 0.681691570878783 0.650881791082405 0.652749803638360 0.997966161836228 0.983972793187334 0.973213400353114 0.930132360473684 0.998114687593778 0.988208179974841 0.990679591308404 0.973928709130447 
NaN 0.486541268794246 0.676718573547893 0.690375843513015 0.726423112228023 0.673163938656493 0.839893494468271 0.977182859185506 0.970206630644526 0.997420943792631 0.939832379234075 0.965183504079405 0.893593419282375 0.962425642483413 NaN 0.622607086263915 0.669250688814256 0.745883772288287 0.690702137926784 0.694093720561482 0.911124719875737 0.974476283977799 0.985677735420075 0.999220434270153 0.973571302815682 0.981689690678285 0.980838146629364 0.999923897241216 NaN 0.655860506279686 0.689266030935944 0.736823037936197 0.670082020596943 0.690660343471776 0.988271800991553 0.997940040647190 0.982375406912041 0.999611013280346 0.999652740054148 0.999550202020610 0.999875527246669 0.994726684649114 NaN 0.672918856328212 0.682272947770144 0.733537032028641 0.768418016301329 0.400721088657931 0.990469441710016 0.962057306863650 0.935569799766169 0.888774600931356 0.996802868936570 0.998518108068855 0.996083694051534 0.995036934660362 NaN 0.670584139742587 0.697329666035279 0.705639075016774 0.735197927088020 0.542668583572950 0.991734199676502 0.998832486481011 0.995584764105894 0.999886795675520 0.998799910832082 0.997337466841160 0.996307196007033 0.998970467140742 NaN 0.633606139282812 0.671977428225546 0.752238166163741 0.746888025393717 0.718112003535590 0.985034089346632 0.973858943331511 0.996740940192421 0.998291775404373 0.956735610741232 1.000000000000000 0.990483365470650 0.995751037766744 NaN 0.623955518917397 0.675306057502246 0.689196220703832 0.667604126831565 0.700503508235086 0.973195980758113 0.993250885685920 0.997990791128667 0.996728123869582 0.971635880190510 0.989981134630448 0.987429366040029 0.997789870111643 
NaN 0.537496074337088 0.698004742022951 0.713691493231592 0.727543330820897 0.687152593258935 0.906507973455380 0.995550174805748 0.994099393156842 0.997788289893510 0.977384082367171 0.991450620654129 0.946748254053591 0.990633164237158 NaN 0.647655950735989 0.684614801149431 0.742441632803327 0.698676683918703 0.663709434829850 0.958957022195893 0.995888590382966 0.999503337851857 0.995129995898795 0.995298756212275 0.998458166828302 0.998302517566879 0.988795292755255 NaN 0.672479132706489 0.684633971165034 0.719906354785442 0.644797822343099 0.678818498810757 0.999881289909593 0.997264243241107 0.998749118915317 0.986288947772277 0.993763279455406 0.994159950449753 0.992516300248582 0.971470162174336 NaN 0.667754266041371 0.676491582707153 0.717719470999955 0.741944803434537 0.495129750490732 0.999996165603725 0.990450146332998 0.975266898715915 0.817234460931333 0.998241986000299 0.996496326855324 0.998694859985578 0.999255955161491 NaN 0.665101703037448 0.693913705344313 0.703501360015718 0.721816555723897 0.542930521835084 0.964638591010158 0.982684952065596 0.999024170932545 0.988327573032878 0.982557247458390 0.997881611447764 0.998641300505841 0.983232597018672 NaN 0.659332851948253 0.681307547379045 0.758777545471615 0.739358605681280 0.683361438807158 0.999378242646246 0.995852791903134 0.976156414000848 0.996820629256711 0.987644854884333 0.990483365470649 1.000000000000000 0.998948592952063 NaN 0.649415165808421 0.689145561965043 0.693175157468711 0.666995073452070 0.685577594234499 0.995507187319659 0.999700207035349 0.997172235577942 0.976125838036330 0.994710980437372 0.999943449206119 0.999737552733694 0.997403778399083 
NaN 0.521641745003728 0.692384522225536 0.707433448505026 0.728706592401904 0.683949064766375 0.886235670111016 0.991518418824922 0.988241112842132 0.999777718886381 0.966932537063122 0.984788051283575 0.931041789535967 0.983336744458137 NaN 0.640670215754294 0.680938786037370 0.745155796937672 0.697496207084399 0.675233313564062 0.945044440140043 0.990858280651844 0.997015013710175 0.998598524073451 0.990159884197811 0.994982161553939 0.994599522479563 0.994594418464420 NaN 0.668365776097749 0.687623855925110 0.727062074260996 0.654583147980283 0.684198928592798 0.998133134757225 0.999602002562766 0.995412426533881 0.992814599834230 0.997829356792738 0.998060242831946 0.997068667104570 0.981273699557472 NaN 0.670888309888644 0.679848009504835 0.724506281940750 0.752331568599186 0.464738132553488 0.998942516486738 0.983093916234819 0.964112847176307 0.842791782878916 0.999872687951556 0.999280766743823 0.999935681220592 0.999967570587865 NaN 0.668333701748982 0.696519952264327 0.705702557188111 0.727795962636971 0.543989597489119 0.975706380554206 0.990145954439525 0.999996187805879 0.994271096945632 0.990047524312522 0.999813669531741 0.999978413641260 0.990555306142134 NaN 0.652158371812148 0.679640407028959 0.758206305876952 0.743431841889672 0.696381081417663 0.996719304545976 0.990635507323280 0.985080055852847 0.999422016282264 0.979439093171428 0.995751037766744 0.998948592952063 1.000000000000000 NaN 0.642303402894773 0.685991246342935 0.693315293759123 0.668608269552927 0.691998703574284 0.990179909674777 0.999666441594397 0.999554731157284 0.985053652952133 0.989126145371180 0.998740387745056 0.997752470536643 0.999642779086656 
NaN NaN NaN NaN NaN NaN NaN NaN NaN NaN NaN NaN NaN NaN NaN NaN NaN NaN NaN NaN NaN NaN NaN NaN NaN NaN NaN NaN NaN NaN NaN NaN NaN NaN NaN NaN NaN NaN NaN NaN NaN NaN NaN NaN NaN NaN NaN NaN NaN NaN NaN NaN NaN NaN NaN NaN NaN NaN NaN NaN NaN NaN NaN NaN NaN NaN NaN NaN NaN NaN NaN NaN NaN NaN NaN NaN NaN NaN NaN NaN NaN NaN NaN NaN NaN NaN NaN NaN NaN NaN NaN NaN NaN NaN NaN NaN NaN NaN 
NaN 0.959506068907856 0.997000502286169 0.993559454343105 0.975157447016842 0.981298434224639 0.648280932750055 0.657040095706916 0.660984559927007 0.638783404814642 0.664775877193844 0.662144627106009 0.660400935199447 0.662538132842672 NaN 0.999692787367811 0.994200681696918 0.965026883260204 0.967195768150447 0.866010620894429 0.662934429378733 0.659451833805983 0.653551370146685 0.632479629976413 0.659817783274391 0.656177422512543 0.656550969081504 0.621313709218073 NaN 0.991880984696249 0.954850751842165 0.923988538764070 0.887732205650629 0.903430176121616 0.651499097901697 0.637237179581863 0.655529564220666 0.617352165250351 0.629744667275109 0.630508829674056 0.627467364104480 0.598071691958245 NaN 0.958759850073362 0.955943536619855 0.935069766840536 0.879839840420428 0.719040211432650 0.649364443991327 0.662449517463639 0.664228510563043 0.450009702177281 0.640257396039864 0.635377402979439 0.641752083054335 0.643488197840878 NaN 0.944823448184660 0.956802381832132 0.963699372027441 0.923809913914039 0.911682804049768 0.589500276173093 0.612184673628229 0.642554210152782 0.620452689074386 0.612048768512469 0.638952154188413 0.641242442673993 0.613009946225222 NaN 0.999643496466547 0.982921159792408 0.965219672565987 0.947806611940890 0.859462036522809 0.653870803239118 0.659510454458802 0.603489080494490 0.636142797717559 0.663528252587363 0.623955518917397 0.649415165808421 0.642303402894773 NaN 1.000000000000000 0.991749883853494 0.975408065532199 0.955378110040284 0.915312898057043 0.659960019593918 0.646356957788808 0.637235975244291 0.603524726450723 0.660550428686879 0.650079688335801 0.652327299400562 0.637810288568309 
NaN 0.915872417861229 0.995710874569128 0.986374959789918 0.993963459957391 0.996427851399123 0.647292204643062 0.690260263863786 0.691003498555835 0.684162788636596 0.685112216032581 0.690328376788376 0.669746727413178 0.689953894164141 NaN 0.991607875532484 0.999674272564665 0.988505272670012 0.990592046205504 0.921060115719551 0.676146209591880 0.691190163148957 0.690496245453114 0.680594775523121 0.691132617509321 0.691068438945627 0.691103542667425 0.673571672811204 NaN 0.999236889909877 0.984327131872472 0.964579032592011 0.936703322747568 0.949367874754411 0.689881960167008 0.683325473862960 0.690889901015716 0.670946432157630 0.678949226996032 0.679414983082444 0.677538724005358 0.657138322794418 NaN 0.985804130904800 0.984577064236307 0.971261790314181 0.932623433758569 0.638516846318874 0.689115844181820 0.689816675128124 0.683748972478273 0.532713652763910 0.684937039031331 0.682282360898796 0.685704774080548 0.686570036889926 NaN 0.977344854240038 0.985761791256002 0.989702034621691 0.965019386472542 0.943608121667342 0.650818055668501 0.667392367553786 0.686112565683320 0.673021048976366 0.667293682043507 0.684257285596495 0.685458453841204 0.667960053080409 NaN 0.992183122894501 0.997980998724262 0.989618796951896 0.980368786008387 0.915783002610987 0.690542184370564 0.691125847350928 0.661212955179212 0.682715862794800 0.689024903114479 0.675306057502246 0.689145561965043 0.685991246342935 NaN 0.991749883853494 1.000000000000000 0.995410845811977 0.983725041221824 0.958491583721714 0.691191250755016 0.687899225076877 0.683313312718303 0.661225223847755 0.691111527041840 0.689407219257804 0.690162977804571 0.683630763807130 
NaN 0.874464621170425 0.983266903979257 0.968510255662153 0.996511951751237 0.997053386023257 0.620474138022142 0.689196261501217 0.687292450891132 0.692926297460355 0.673936665520323 0.685219772177950 0.650309223621259 0.684102507724354 NaN 0.975461547951091 0.993089554379743 0.994214655679406 0.997310712598043 0.953883691882204 0.659557200591304 0.688801671278646 0.692249026139462 0.691684785510743 0.688481307633500 0.691187474729961 0.690923886924655 0.688267004426079 NaN 0.994388466838400 0.996654266168482 0.984392670065008 0.965568705101181 0.974272860958816 0.692806392200535 0.692673517481666 0.691343505472751 0.686803255704525 0.690974388016420 0.691182852169912 0.690316490990785 0.678000670953381 NaN 0.996915284135614 0.996603452032040 0.987842823533727 0.960914493126531 0.564291059705346 0.693156922479539 0.683914064168918 0.671807728120898 0.577452897917082 0.693119775189190 0.692326393044447 0.693275608748237 0.693379899203044 NaN 0.992648877049115 0.997322363952597 0.998659026459820 0.985098020769286 0.962066451262095 0.673671196539491 0.684685577451749 0.693323180927519 0.687973174945014 0.684625450272493 0.692949528010013 0.693228553520784 0.685030678162850 NaN 0.976016113308328 0.999018971000968 0.994988075783025 0.993158280060638 0.949000505568425 0.692059856543993 0.688584580078197 0.680769265949005 0.692476451334870 0.681691570878783 0.689196220703832 0.693175157468711 0.693315293759123 NaN 0.975408065532199 0.995410845811977 1.000000000000000 0.995636907033584 0.981326852533747 0.688384745037932 0.693459209558559 0.692678000904106 0.680771812447927 0.687829914992488 0.693135294013007 0.692662749629823 0.692774374439479 
NaN 0.837209551314708 0.964170406663182 0.941849551537145 0.986288452763174 0.992281773108648 0.583397290504505 0.660944054582470 0.657861120920066 0.668885422908781 0.641715667214325 0.655267316710166 0.615340404555253 0.653854592280819 NaN 0.955713810986248 0.979754260148545 0.985209823655395 0.997205429711448 0.971097477031352 0.625505854398172 0.659936734727240 0.665086335284531 0.668736962647704 0.659491192835089 0.663345525148828 0.662948811708869 0.667077286934629 NaN 0.984401238401294 0.998807574852154 0.988559256159745 0.981250838808364 0.989315034492734 0.666145367889372 0.668900070336544 0.663629265303311 0.666190048314528 0.668473472735487 0.668558254097255 0.668180899354987 0.659957116215653 NaN 0.998095880973992 0.998253044271912 0.988462532617875 0.970038759325336 0.497970730801898 0.666980422437397 0.653644986475769 0.639316272994569 0.574225068920135 0.668814530532167 0.668879488005218 0.668690151217403 0.668438226032145 NaN 0.999259025300810 0.998533988334133 0.996559920547355 0.991198966204688 0.981131527853522 0.656729609861799 0.664801813269633 0.668563072949038 0.666906092091134 0.664764036267450 0.668873005946581 0.668726486592064 0.665036660648850 NaN 0.955662689588063 0.993052107611955 0.989172030056453 0.991587604094477 0.963587312000461 0.664794249480434 0.659641834383520 0.662060606405131 0.668896398855112 0.650881791082405 0.667604126831565 0.666995073452070 0.668608269552927 NaN 0.955378110040284 0.983725041221824 0.995636907033584 1.000000000000000 0.992082469279193 0.659335161288674 0.667957716369154 0.668916175945045 0.662060182134867 0.658571475905107 0.666825423798797 0.665823531256188 0.668910308049436 
NaN 0.767186373521170 0.931232595465707 0.905257942385530 0.973411553745294 0.971078590130316 0.555807151812134 0.672490997853548 0.665218848861067 0.694402025423495 0.638130463591555 0.660694738172936 0.599087491400088 0.657880630587477 NaN 0.915917024773724 0.952259999370596 0.977510564697309 0.983808149345405 0.992854586903740 0.613631223620320 0.669252539181767 0.680351201044453 0.697605106768845 0.668507705129942 0.676302383237226 0.675389770687998 0.701159876048349 NaN 0.957046485653906 0.993541677884376 0.996424366529454 0.996243267478237 0.997935468673555 0.683117951607433 0.695217478899141 0.676938875605707 0.701900851336558 0.698683843362378 0.698397246131434 0.699482764762069 0.702854993836829 NaN 0.990974343471975 0.992641867596670 0.992915829179643 0.990810215877040 0.400553498094175 0.685560561810753 0.657541295488363 0.634173916413303 0.650101313038529 0.693515997672935 0.696206681816242 0.692506699737052 0.691062824026745 NaN 0.995891434606627 0.992700264317537 0.988581915099881 0.998207144907690 0.973159324030084 0.702415441856507 0.702574622819812 0.691774076297222 0.701318801502889 0.702605607462605 0.694263665879598 0.692770383835757 0.702509445316948 NaN 0.916071809825785 0.973334023562476 0.978689774419247 0.991019975218084 0.988560653494657 0.679671303666573 0.668566782471199 0.703063197244081 0.695811861773591 0.652749803638360 0.700503508235086 0.685577594234499 0.691998703574284 NaN 0.915312898057043 0.958491583721715 0.981326852533747 0.992082469279193 1.000000000000000 0.667970577264548 0.688854193758901 0.695319191374529 0.703069915680700 0.666569153632313 0.685039744331274 0.682238377289025 0.694989881424403 
NaN 0.567328921953530 0.705343849118102 0.721857892672490 0.720493710640764 0.689073555578168 0.942148354788979 0.998185985710672 0.999806346574290 0.987188750611398 0.992940816896926 0.999138829008382 0.972864027666935 0.998979997047790 NaN 0.658142211653812 0.687941852339050 0.732173389500336 0.696547663652191 0.635837080976225 0.981451272945739 0.999916691399796 0.997987266115837 0.981488316604722 0.999736950095298 0.999167261902201 0.999314296158607 0.970490904928928 NaN 0.676466978595206 0.674049535760299 0.700608163501838 0.620586759081098 0.663334878202069 0.996832076145034 0.985853067199990 0.998869583526455 0.966431880263743 0.978897050531523 0.979628164567652 0.976679118671071 0.945120441330756 NaN 0.656918677905206 0.665201076388585 0.699115918573570 0.715859435713806 0.553624234018483 0.995467376443139 0.998805731540417 0.991437779597572 0.759819968219985 0.988428764156217 0.984182518457022 0.989681152375055 0.991136003368738 NaN 0.654185261388412 0.684002560021729 0.694319458289701 0.705009227947351 0.537272352907511 0.935698683382262 0.960967032292831 0.990386863411552 0.969645837293238 0.960804868973993 0.987349411955015 0.989298919921431 0.961825022386089 NaN 0.669684453314159 0.680272637492298 0.754865659464211 0.726134863640551 0.652316759725403 0.998120753516864 0.999895969288682 0.951498031054358 0.984873810072412 0.997966161836228 0.973195980758113 0.995507187319659 0.990179909674777 NaN 0.659960019593918 0.691191250755016 0.688384745037931 0.659335161288674 0.667970577264548 1.000000000000000 0.993291338482225 0.985805254523317 0.951502565511240 0.999866902006416 0.995918330738612 0.997310075735441 0.986321992132704 
NaN 0.530696188667406 0.695798719469673 0.710908790085330 0.728356771997805 0.685721828087598 0.897089703494648 0.994440532507196 0.991724315123073 0.999006539010020 0.973036998095857 0.988881865722375 0.939586607009903 0.987336305112455 NaN 0.644767093421973 0.683229586057480 0.744031882551928 0.698322719818905 0.669442759491111 0.952739630190782 0.993898379129261 0.998534876075374 0.997038847681708 0.993394331015636 0.997140369811099 0.996770710980132 0.991855545773850 NaN 0.670676753605374 0.686264559763664 0.723567167701253 0.649681396388949 0.681563706623335 0.999254957318180 0.998587241156225 0.997310641585366 0.989647967758690 0.995948366219715 0.996265462012598 0.994944823094491 0.976497656571591 NaN 0.669405133669622 0.678287537402915 0.721156432737253 0.747138465659356 0.480428735470861 0.999669528097113 0.987054523310689 0.970018323926403 0.829828647703469 0.999326947873318 0.998036720878525 0.999597515374298 0.999787403445834 NaN 0.666871666594005 0.695328868044815 0.704703933319769 0.724975661868237 0.543627169318900 0.970206064799634 0.986501412599069 0.999684067986706 0.991404440919745 0.986408004527472 0.999041309250943 0.999504702578550 0.987009443260769 NaN 0.656077123582029 0.680712665138994 0.758640871060046 0.741479675945342 0.689826532674160 0.998270526658047 0.993550598164373 0.980682024643729 0.998271470313339 0.983972793187334 0.993250885685920 0.999700207035349 0.999666441594397 NaN 0.646356957788809 0.687899225076877 0.693459209558559 0.667957716369154 0.688854193758901 0.993291338482225 1.000000000000000 0.998601235667746 0.980683973155222 0.992472747415264 0.999670416939945 0.999085436416934 0.998758944356652 
NaN 0.511474150113345 0.688267536278864 0.702747706971693 0.728703563126623 0.681141527198292 0.872537261467732 0.988303763495199 0.983581046954176 0.999960792256805 0.959547240858928 0.979763010789741 0.920215089819306 0.977635675567704 NaN 0.635775689556406 0.678017311760405 0.746132654803547 0.696024382432296 0.681801363148045 0.935397616677900 0.986732620094430 0.994348102400544 0.999705372246457 0.986040233994508 0.991782598274686 0.991180965632257 0.997198602321327 NaN 0.665049084615856 0.688785072337544 0.730825513210443 0.660068909293201 0.686850632608766 0.995921417102440 0.999962377952148 0.992168622410855 0.995846292531396 0.999305263506488 0.999431784349823 0.998860151857170 0.986427075190228 NaN 0.672125424165656 0.681241622696392 0.728006959901060 0.758090199582861 0.444887755618762 0.997146337449850 0.977306969453312 0.955933588688450 0.858092759652838 0.999858788343220 0.999925489150944 0.999679949644871 0.999293804459484 NaN 0.669680082400270 0.697404637779259 0.706307999578001 0.730860814439910 0.544106302746751 0.981644349910413 0.993772760401545 0.999486309903142 0.996930118184370 0.993710145084588 0.999938528086735 0.999721347094840 0.994117400893472 NaN 0.646931844441604 0.677870029427248 0.756989415016941 0.745184621496397 0.703876449387592 0.993904326196118 0.986239675977611 0.989644211255153 0.999950653027784 0.973213400353114 0.997990791128667 0.997172235577942 0.999554731157284 NaN 0.637235975244291 0.683313312718303 0.692678000904106 0.668916175945045 0.695319191374529 0.985805254523317 0.998601235667746 1.000000000000000 0.989642221303191 0.984642037483518 0.996934443421910 0.995453697449754 0.999994826917986 
NaN 0.452437365747741 0.658287601833428 0.670593158082982 0.719349542132788 0.658992429010135 0.793371803351483 0.957832857767215 0.947628918331574 0.988377738802947 0.909537985189614 0.941280594893757 0.854511186130578 0.937345083289578 NaN 0.602446642987379 0.654345507653818 0.741316307642760 0.679920813338290 0.705787377201224 0.875027994425525 0.953307719641496 0.968836017746562 0.992779333409447 0.952246738639941 0.963175412340247 0.961903074778630 0.997606171695723 NaN 0.640308248094196 0.685893013999938 0.740240686933613 0.678994450533198 0.691500781573379 0.972702281733124 0.989498133561100 0.964060777835769 0.998580258251365 0.994258052694090 0.993864563119872 0.995344033506176 0.999584865869746 NaN 0.669992705091321 0.679631936228587 0.736331894642274 0.777159292638455 0.341749045324821 0.976101756132108 0.936863161821534 0.903979332480526 0.922893968603776 0.987146403786050 0.990860937243811 0.985749613269403 0.983748553728148 NaN 0.667878330667470 0.693163940497658 0.700648984205066 0.736566123135334 0.537723227537667 0.998853659553599 0.999457118159045 0.984742867666906 0.997815584798858 0.999490305579029 0.988186759420037 0.986116736646105 0.999367063228228 NaN 0.612909065446175 0.660565391267623 0.741740727713502 0.744695339132229 0.732155940543357 0.967884723873418 0.952331860498442 0.999994676908742 0.990315189326564 0.930132360473684 0.996728123869582 0.976125838036331 0.985053652952133 NaN 0.603524726450723 0.661225223847755 0.680771812447927 0.662060182134867 0.703069915680700 0.951502565511240 0.980683973155222 0.989642221303191 1.000000000000000 0.949523980400947 0.975378680797821 0.971472492649654 0.989188728619553 
NaN 0.569722866610825 0.705991490738569 0.722031019300123 0.719738638809632 0.688829610690082 0.943926334367624 0.998102061364619 0.999980728869140 0.986044727943704 0.993848598256223 0.999481888025985 0.974090493798493 0.998980025368591 NaN 0.658598003267132 0.688003607284773 0.731226149109156 0.696093241325988 0.633817882122507 0.982448124909100 0.999743280595455 0.997383823253007 0.980148702977594 0.999865964240669 0.998755096392622 0.998876941053294 0.968884933990408 NaN 0.676387951235488 0.673076606821935 0.699090829485986 0.618797687480574 0.662049598312189 0.996129751949818 0.984631294408131 0.998339134869618 0.964708718333887 0.977479901452623 0.978231013319651 0.975206967108376 0.943320747667673 NaN 0.655921119592149 0.664186411740524 0.697622598034571 0.713903208666382 0.556871009017604 0.994657991848447 0.998775270365971 0.991881397567957 0.755940662912641 0.987348201468044 0.982907203394929 0.988650073633354 0.990109813248450 NaN 0.653284941508416 0.683052839757058 0.693399838485854 0.703670361335328 0.536687177582327 0.933445355092844 0.959139367477412 0.989332929105433 0.967993608565565 0.958981493438614 0.986195918489098 0.988212398667424 0.960024154496301 NaN 0.670089645569454 0.679965799834389 0.754231507350338 0.724954056885814 0.650096506906450 0.997508683975160 0.999623624669770 0.949494688798278 0.983619406640067 0.998114687593778 0.971635880190510 0.994710980437372 0.989126145371180 NaN 0.660550428686879 0.691111527041840 0.687829914992488 0.658571475905107 0.666569153632313 0.999866902006416 0.992472747415264 0.984642037483518 0.949523980400947 1.000000000000000 0.995225530633979 0.996693182409262 0.985165307302211 
NaN 0.539280572401942 0.698653548192436 0.714148967261457 0.727459954813423 0.687264469190420 0.908080629042491 0.996374314368585 0.994627228132703 0.997559936732138 0.978493009307882 0.992247988986518 0.948015672080750 0.991063273487752 NaN 0.648434901784932 0.685037100409533 0.742269053706660 0.698737874203288 0.662795808186851 0.960169268792665 0.996370393307303 0.999580159567388 0.994766194843147 0.995906602221260 0.998740684630106 0.998495648359879 0.988290877013251 NaN 0.672734034656274 0.684361319444026 0.719332777939502 0.644008456530273 0.678329997080684 0.999888959168903 0.996942943127239 0.998825061245814 0.985675472565694 0.993344886009822 0.993753524997454 0.992070732182900 0.970675666545385 NaN 0.667427331223489 0.676184046061255 0.717126415635598 0.741096712371157 0.497172842469001 0.999913278093276 0.990810972558683 0.975891053918752 0.815325940249353 0.998079082379358 0.996144234313545 0.998565665025175 0.999046822474925 NaN 0.664833646519286 0.693636783527648 0.703231683424270 0.721397604540552 0.542849609193216 0.963715712763411 0.982014943974555 0.998801986529870 0.987756903215169 0.981902766491479 0.997625462068654 0.998417882323661 0.982596075927174 NaN 0.659835593367975 0.681396614073906 0.758693315397912 0.738954591935667 0.682340489171893 0.999408896754596 0.996112973616292 0.975380612677363 0.996479787198128 0.988208179974841 0.989981134630448 0.999943449206119 0.998740387745056 NaN 0.650079688335801 0.689407219257804 0.693135294013007 0.666825423798797 0.685039744331274 0.995918330738612 0.999670416939945 0.996934443421910 0.975378680797822 0.995225530633979 1.000000000000000 0.999852802619362 0.997172761829591 
NaN 0.544828392538594 0.700291201238650 0.716056774148627 0.726596573183426 0.688042487983831 0.915100394946413 0.997324489627762 0.996195250680467 0.996226510143881 0.981793456280264 0.994136385096072 0.953308814135868 0.993190155722308 NaN 0.650669980598572 0.685996055546744 0.740821403494236 0.698761991958477 0.658108087575458 0.964796947140197 0.997664697536949 0.999911463133461 0.992881701221757 0.997218161825451 0.999448910571474 0.999281834580340 0.985544522771954 NaN 0.673864277690363 0.682839356134250 0.716239465855724 0.639978861736196 0.675918882315541 0.999943643433770 0.995475659140201 0.999468428714388 0.982656319465640 0.991238200938503 0.991708173221559 0.989784220795163 0.966409623299044 NaN 0.665858895892798 0.674530004174943 0.714168666354952 0.736785189416353 0.508183352219982 0.999706514567717 0.992955297217220 0.979457028847492 0.805327596120065 0.996881094876018 0.994511242711920 0.997513043854065 0.998183268035046 NaN 0.663224423895908 0.692249908732036 0.701988722220267 0.718745560305157 0.542133154748271 0.959020033642002 0.978650990493737 0.997842347300006 0.984953453110117 0.978528812342068 0.996311331508828 0.997323852146483 0.979284336068813 NaN 0.662103713312893 0.681601434230852 0.758449057112039 0.736993980297530 0.677084534522402 0.999799983904742 0.997461063481742 0.971475731284718 0.994914519242748 0.990679591308404 0.987429366040029 0.999737552733694 0.997752470536643 NaN 0.652327299400562 0.690162977804571 0.692662749629823 0.665823531256188 0.682238377289025 0.997310075735441 0.999085436416934 0.995453697449754 0.971472492649654 0.996693182409262 0.999852802619362 1.000000000000000 0.995746313465121 
NaN 0.512598965381536 0.688734543830890 0.703285742906585 0.728737941884756 0.681469487932441 0.874059074704883 0.988725349894221 0.984122599020141 0.999983767660627 0.960393122408812 0.980356758217988 0.921430237945054 0.978290732806679 NaN 0.636347854471337 0.678366814052444 0.746063364665127 0.696214306906351 0.681121189357163 0.936492716889295 0.987229986721175 0.994676955541319 0.999627719524757 0.986531483980526 0.992176003513366 0.991591844703795 0.996960505863713 NaN 0.665435178016892 0.688689335539532 0.730451451637938 0.659504250264765 0.686591899486849 0.996200171207077 0.999962861219490 0.992556338044951 0.995559415741819 0.999186878672589 0.999324690255890 0.998708278624157 0.985899494847864 NaN 0.672017998742934 0.681119766928793 0.727658543259144 0.757500217974802 0.447039556898322 0.997378527080035 0.977967446052478 0.956850735361986 0.856480613759824 0.999905398769331 0.999895379169884 0.999753323088828 0.999405535639165 NaN 0.669560714713370 0.697337056016892 0.706270004593866 0.730565938386384 0.544118814242990 0.981044129759884 0.993421356648117 0.999580148772412 0.996683224160693 0.993356398659331 0.999966092586827 0.999789697378180 0.993775073529063 NaN 0.647520067934924 0.678086951819367 0.757149425778857 0.745024706810367 0.703097430670006 0.994245877279413 0.986754213322377 0.989192091462756 0.999933107625822 0.973928709130447 0.997789870111643 0.997403778399083 0.999642779086656 NaN 0.637810288568309 0.683630763807130 0.692774374439479 0.668910308049436 0.694989881424403 0.986321992132704 0.998758944356652 0.999994826917986 0.989188728619553 0.985165307302211 0.997172761829591 0.995746313465121 1.000000000000000 
