0.000055668792054 0.000091528774269 0.000134677299141 0.000131330859517 0.000167181678919 0.000067450113167 0.000097868501075 0.000088955643087 0.000118600856097 0.000151898738897 0.000086316049147 0.000095137954745 0.000118956987510 0.000130058190574 0.000155715043405 0.000091746185929 0.000114557203011 0.000142229597526 0.000159416051608 0.000142622527706 0.000106250382330 0.000109019642392 0.000124290094671 0.000149125252388 0.000177989381613 0.000093741782475 0.000115254539760 0.000133532066069 0.000148075977217 0.000164401455569 0.000127171881719 0.000149056102768 0.000179248778446 0.000145684601188 0.000212385552338 0.000148380285135 0.000148677321762 0.000172824827089 0.000166208006057 0.000213209855599 0.000141680048705 0.000169353801279 0.000159736620311 0.000170709778183 0.000191849187080 0.000108787194867 0.000151765404642 0.000149314959741 0.000212207951948 0.000231810718125 0.000172073895199 0.000200819888440 0.000188934726290 0.000171376602750 0.000192591223685 0.000152003244675 0.000153666311328 0.000182052355856 0.000186890185277 0.000231810718125 0.000132982799901 0.000142688481936 0.000176129993755 0.000158974562316 0.000148801282727 0.000143630826741 0.000155208936073 0.000153259047829 0.000167096800339 0.000149079850153 0.000139609610866 0.000163665995218 0.000162272566578 0.000171646163681 0.000185578458378 0.000119416464626 0.000138375859583 0.000172521131740 0.000176498262155 0.000186802987117 0.000134843350859 0.000156383624153 0.000166426169152 0.000133404672421 0.000181155275126 0.000128800027672 0.000147468552123 0.000145237078183 0.000150848106828 0.000182000326284 0.000112639336527 0.000134954542922 0.000147285030702 0.000159472887122 0.000173304550595 0.000131255083479 0.000145369728655 0.000138808763529 0.000142032740514 0.000162795627947 0.000089408587140 0.000132019188787 0.000126328947064 0.000148360560466 0.000167440205803 0.000081883609722 0.000101047690109 0.000113771394844 0.000126106242922 0.000134965817538 0.000130774985718 0.000142641839707 0.000150436183970 0.000155410623197 0.000175659634607 0.000138493353407 0.000132205853562 0.000142977000658 0.000146645557327 0.000174257951175 0.000064866214783 0.000088212179812 0.000104753676679 0.000125926165951 0.000128560949040 0.000076746545910 0.000101392619474 0.000105586925668 0.000110272271285 0.000136156037072 0.000108786901644 0.000127687939763 0.000136505709405 0.000148379924838 0.000170290781083 
0.000091528774269 0.000175465456452 0.000266581745519 0.000280151151390 0.000349859698886 0.000119388328558 0.000171290644985 0.000177034751385 0.000245500013863 0.000328607063028 0.000154807124543 0.000187340416061 0.000226197433129 0.000258764611107 0.000356914791100 0.000162359657550 0.000228292609876 0.000341563912843 0.000329374267677 0.000366027335021 0.000207869355158 0.000198138736200 0.000250557456652 0.000324619496373 0.000390465141864 0.000186955268515 0.000236878073668 0.000279331615557 0.000336873820105 0.000390720648623 0.000253209197312 0.000324538105744 0.000409870593253 0.000381301352607 0.000467195368682 0.000308923423575 0.000316418239690 0.000381211310684 0.000371062055316 0.000461582910581 0.000316082755252 0.000381864305241 0.000363052262385 0.000404028659342 0.000475852482013 0.000225205743890 0.000325300904054 0.000401717652262 0.000468403708139 0.000334934384235 0.000323233696728 0.000451152407658 0.000405800547722 0.000303225705264 0.000601970677755 0.000342415176173 0.000343593920890 0.000403813737686 0.000391599553412 0.000334934384235 0.000283350224786 0.000320140587674 0.000409917338902 0.000375338370384 0.000306046292382 0.000324602219549 0.000348685303174 0.000367909540245 0.000355646927132 0.000352757085121 0.000314111841831 0.000366352671191 0.000358579347141 0.000383372764836 0.000473756438044 0.000231005513709 0.000279718538594 0.000405181942113 0.000370187698680 0.000498162858980 0.000281864199429 0.000321235513780 0.000329041133587 0.000312206794644 0.000436848806807 0.000260440670378 0.000313455727648 0.000308713853338 0.000328339904868 0.000420882477794 0.000226511614245 0.000290769147902 0.000323761857548 0.000357787970670 0.000413633152776 0.000259749607520 0.000280413911240 0.000306768371421 0.000332157925387 0.000379666389751 0.000202440863924 0.000300631588968 0.000273264607103 0.000336244274806 0.000389986781707 0.000142675803743 0.000183364919285 0.000215411445003 0.000238033937582 0.000268822124594 0.000262101772311 0.000296457826203 0.000329862384561 0.000348260868326 0.000418835682645 0.000266064325259 0.000302736375519 0.000326223180120 0.000312289846288 0.000391610332184 0.000108495131944 0.000158733552897 0.000201473445955 0.000260537188396 0.000270938812649 0.000137743765932 0.000182355671311 0.000204130368122 0.000217217342451 0.000273761582684 0.000212070582190 0.000263983539216 0.000288547967118 0.000322195608651 0.000404532222391 
0.000134677299141 0.000266581745519 0.000407737711698 0.000433209851124 0.000539661013371 0.000178866068319 0.000256287640096 0.000270668494807 0.000377829193017 0.000509236202100 0.000232428733620 0.000285982008004 0.000343628034669 0.000396087405333 0.000557374951858 0.000243311635525 0.000349252519534 0.000536708315866 0.000507019234079 0.000579733027295 0.000317084530797 0.000298739616735 0.000384136373542 0.000503500002982 0.000606307505062 0.000286024107553 0.000364167224020 0.000430753379894 0.000525650599448 0.000613159395934 0.000387586357924 0.000503324957140 0.000639952855044 0.000605276798011 0.000725784295110 0.000476143103775 0.000489257242320 0.000592427177850 0.000577597418719 0.000715486929040 0.000491859133167 0.000595151639812 0.000566440289552 0.000633459414576 0.000750674078102 0.000346764052824 0.000503488327096 0.000639638184826 0.000728001347703 0.000483120594154 0.000490381475432 0.000702856807807 0.000628316563182 0.000455367087549 0.000973061050065 0.000533555191117 0.000534836595429 0.000628030203672 0.000604199125533 0.000483120594154 0.000437993581926 0.000498633264819 0.000641509214715 0.000588307005482 0.000470787023313 0.000505801763418 0.000543058859615 0.000578076944275 0.000549955719957 0.000553278602608 0.000489372450165 0.000570420929726 0.000557316154372 0.000596795864243 0.000749906335080 0.000351886283370 0.000429110663768 0.000634901126811 0.000571240749835 0.000792436927056 0.000434535457048 0.000494139532792 0.000503221961342 0.000488993238772 0.000686791343105 0.000399499960179 0.000484549750817 0.000477275259875 0.000509287814369 0.000658112241677 0.000347048993571 0.000450226836358 0.000502795328680 0.000557225259293 0.000649422634702 0.000397356470981 0.000427008610236 0.000476815586972 0.000520191111529 0.000594322380424 0.000315496187327 0.000469104259330 0.000423355558306 0.000524256991504 0.000610379187873 0.000213117605528 0.000276332853475 0.000327013658353 0.000361157977666 0.000411550452461 0.000401557928684 0.000456709517159 0.000512097861758 0.000542297088470 0.000657509080179 0.000404883347386 0.000472771400364 0.000509226478069 0.000482883243918 0.000610084488050 0.000160651702609 0.000238526450648 0.000306600258890 0.000401057043150 0.000418238517032 0.000206977221169 0.000274185315529 0.000310874865147 0.000331895829309 0.000419701216259 0.000323304618786 0.000406282690813 0.000445621417521 0.000499543983602 0.000634763862403 
0.000131330859517 0.000280151151390 0.000433209851124 0.000476403438550 0.000588070539534 0.000180281043988 0.000255896456773 0.000289492609977 0.000410534369838 0.000563006931176 0.000236077121035 0.000304172203497 0.000358294612914 0.000421904110236 0.000630706507459 0.000244833844768 0.000373240006448 0.000617291830586 0.000549698135758 0.000681672120511 0.000335895546797 0.000303956509133 0.000412287713249 0.000558073660216 0.000674053098159 0.000305886577092 0.000394489370286 0.000469638607069 0.000592847970556 0.000702611904471 0.000413139885517 0.000558122080175 0.000723266171074 0.000716069175439 0.000807560526832 0.000517740478696 0.000537060985394 0.000659912942434 0.000646495615070 0.000790904338568 0.000550771771027 0.000668931651335 0.000638572254847 0.000725537674142 0.000872946607302 0.000376291497229 0.000554402493357 0.000762997077483 0.000811146782394 0.000415047641122 0.000506951454611 0.000788637281726 0.000692262165959 0.000455073469798 0.001207534977093 0.000599639184029 0.000599404818936 0.000701138987043 0.000658615831536 0.000415047641122 0.000481693420487 0.000559312472281 0.000729777628682 0.000673344332849 0.000509398194458 0.000569928356798 0.000609917995352 0.000664786006520 0.000603584948326 0.000632999626318 0.000549719527054 0.000639298308905 0.000621520868340 0.000668101320908 0.000880276535822 0.000370195110954 0.000460782210518 0.000724426140800 0.000622966123977 0.000942799748204 0.000473874232820 0.000534076713381 0.000534207503618 0.000557224697911 0.000791030058045 0.000429270540310 0.000531753838041 0.000523577664846 0.000564382435452 0.000746948829141 0.000372324792111 0.000497318636971 0.000559681439843 0.000625178612775 0.000745425838854 0.000421845733007 0.000448431549053 0.000531706974513 0.000592624290400 0.000676619065157 0.000355852737089 0.000529458403350 0.000468433157988 0.000590818550237 0.000694549947351 0.000212787681380 0.000281059626094 0.000340193268661 0.000375108327184 0.000438606895723 0.000429473896207 0.000496587073827 0.000569451304101 0.000608178535398 0.000754439241919 0.000424351874933 0.000534590565421 0.000574962714893 0.000530322635581 0.000684768913261 0.000156988710721 0.000242537500017 0.000321655794281 0.000435321430052 0.000457545177583 0.000209951978325 0.000278082167542 0.000327091459984 0.000352092262646 0.000449329590499 0.000341856557178 0.000440956825550 0.000488115657925 0.000553206376848 0.000727371039817 
0.000167181678919 0.000349859698886 0.000539661013371 0.000588070539534 0.000727733618053 0.000227575031226 0.000324067753072 0.000359780336183 0.000508341663286 0.000694065593734 0.000297493836332 0.000378660636834 0.000448514878032 0.000525215610039 0.000772908152799 0.000309373831005 0.000464090804131 0.000753382210833 0.000681096334374 0.000827379194397 0.000418616666411 0.000383030255718 0.000512111843750 0.000687538742279 0.000829796719344 0.000380228759435 0.000488820847031 0.000581035318252 0.000727131400762 0.000858320405055 0.000514182893278 0.000687513158523 0.000886601925350 0.000867817140932 0.000993972989402 0.000641050695887 0.000663337568206 0.000812007198205 0.000794512734073 0.000975124884106 0.000676725987841 0.000821171609004 0.000783308785379 0.000886431329567 0.001062466517852 0.000466125338743 0.000684195423231 0.000922815379245 0.000998031163442 0.000549806215232 0.000636265434768 0.000968584615964 0.000854231581329 0.000576514948166 0.001446583285847 0.000736099026082 0.000736325311119 0.000862237727270 0.000814990063123 0.000549806215232 0.000594592934569 0.000686969505820 0.000893106150833 0.000822668947323 0.000631492017974 0.000699026271614 0.000748799772822 0.000811372220564 0.000745559459555 0.000773588898341 0.000674901515146 0.000785372838606 0.000764491197814 0.000821028037085 0.001068887971306 0.000462301708311 0.000572387747710 0.000885924971371 0.000770783456436 0.001141010629019 0.000586192261436 0.000662327021214 0.000665655734463 0.000681671964200 0.000965085816736 0.000533087039349 0.000656801590983 0.000646800139685 0.000695359578078 0.000914644549176 0.000462520520806 0.000613189185203 0.000688745015926 0.000767802977021 0.000910212534148 0.000525669385485 0.000560276638724 0.000654038899157 0.000725022804944 0.000827887110155 0.000436325391425 0.000649227992754 0.000577285634717 0.000724810937408 0.000849937848789 0.000269445681039 0.000354222671583 0.000426136343095 0.000470124434523 0.000545931668649 0.000534065125115 0.000614800669605 0.000700948806967 0.000747000614671 0.000921301717597 0.000530466911023 0.000655234192734 0.000704993865826 0.000654910887389 0.000840921227411 0.000199841451484 0.000305578252288 0.000401986401317 0.000539205131171 0.000565568800800 0.000264631997987 0.000350685809935 0.000408438716629 0.000438744761918 0.000558621896762 0.000426308066493 0.000546186799724 0.000603155756498 0.000681680797098 0.000888544751026 
0.000067450113167 0.000119388328558 0.000178866068319 0.000180281043988 0.000227575031226 0.000085356524344 0.000123058955854 0.000118325764493 0.000160321555508 0.000209886422636 0.000109363001962 0.000125779615155 0.000155213029487 0.000173115594604 0.000220813156445 0.000115719372011 0.000152393077257 0.000206415360064 0.000215744669073 0.000213840889512 0.000140250598145 0.000139605433473 0.000166346122444 0.000206642022538 0.000247525641347 0.000124825705438 0.000155423898836 0.000181710635201 0.000209430896256 0.000237402983101 0.000169317166032 0.000206448954080 0.000254116451481 0.000220593222656 0.000295748015492 0.000201512398665 0.000203924626739 0.000240961763775 0.000233031951954 0.000294731885224 0.000198547027793 0.000238528743935 0.000225824000546 0.000245447133100 0.000282838113164 0.000147352510023 0.000208830208146 0.000229271603815 0.000295966696597 0.000271802118807 0.000223500507994 0.000282380976390 0.000260232479560 0.000217144501726 0.000320149197122 0.000213982776072 0.000215572433140 0.000254482774407 0.000254559330755 0.000271802118807 0.000182242399707 0.000200509964523 0.000251790937048 0.000228777513010 0.000200967670100 0.000202439586009 0.000218198497722 0.000222380595775 0.000229207056071 0.000214826413971 0.000196424538482 0.000229735489145 0.000226415917346 0.000240706009001 0.000277515547032 0.000156909951900 0.000185269173580 0.000247718606071 0.000240509626468 0.000285548195835 0.000183413337609 0.000211113066007 0.000220932323574 0.000191229853347 0.000263435611516 0.000172542867736 0.000202141755407 0.000199098768929 0.000209027561982 0.000259392738141 0.000150392980434 0.000185980321557 0.000204933383531 0.000224058095820 0.000250750408784 0.000174329216606 0.000190887596925 0.000193692703349 0.000203527708562 0.000232956456913 0.000126118539170 0.000186788284034 0.000174515890527 0.000209049583759 0.000239454821778 0.000102428811383 0.000129147153343 0.000148117660320 0.000163777722307 0.000179734201977 0.000174418105739 0.000193538524029 0.000209102217712 0.000218220263868 0.000254034819463 0.000181537646483 0.000187553634662 0.000202496045974 0.000201186559276 0.000245058163700 0.000079862871514 0.000111937486214 0.000137262652571 0.000170373197382 0.000175490389133 0.000097698376884 0.000128838156933 0.000138672439902 0.000146084692880 0.000181972578778 0.000143182702383 0.000172652901660 0.000186613562086 0.000205369023435 0.000245843787599 
0.000097868501075 0.000171290644985 0.000256287640096 0.000255896456773 0.000324067753072 0.000123058955854 0.000178406598601 0.000168718808010 0.000228412672067 0.000297594643799 0.000157946275935 0.000179888171235 0.000223177245605 0.000247880487178 0.000310969616318 0.000167534747058 0.000217729102770 0.000289094198195 0.000307486950532 0.000297040974276 0.000200747455987 0.000201751762416 0.000237475880871 0.000292790139592 0.000350451639731 0.000178159582123 0.000221443022373 0.000258569510688 0.000295189073523 0.000332933260370 0.000242330885405 0.000292506126574 0.000357888210220 0.000305670678984 0.000418715915809 0.000287093562823 0.000289798897620 0.000341032070095 0.000329325209553 0.000418087519059 0.000280375054596 0.000336571064267 0.000318360560700 0.000344516599411 0.000394561114245 0.000209956858967 0.000296489510600 0.000316605936101 0.000418851064900 0.000403907084671 0.000322446982494 0.000398760464286 0.000369491812107 0.000315454213885 0.000433806402784 0.000301872995818 0.000304345081821 0.000359924530395 0.000362530585359 0.000403907084671 0.000258770164334 0.000283126193636 0.000353875878796 0.000320613969234 0.000286567973023 0.000285011601818 0.000307774171104 0.000311466452429 0.000325801327542 0.000301435944347 0.000277144775753 0.000324458475378 0.000320210958268 0.000340151804079 0.000385752636537 0.000225184048458 0.000264835066722 0.000347906935479 0.000342475629673 0.000394756064517 0.000260850880230 0.000301252724989 0.000316697852655 0.000268688980915 0.000368779660808 0.000246395174101 0.000287220226532 0.000283015277779 0.000296225004098 0.000364813826648 0.000214795230894 0.000263720139971 0.000289997668361 0.000316312270193 0.000351395711292 0.000249969760224 0.000274022744000 0.000273967741222 0.000285989105666 0.000327317167661 0.000177457381670 0.000263128358622 0.000247205827616 0.000294968712706 0.000336510785689 0.000148559894762 0.000186755854639 0.000213161287716 0.000235994725703 0.000257321951632 0.000249592353026 0.000275568205492 0.000295963934472 0.000308104780395 0.000356044605532 0.000260704772716 0.000264107503261 0.000285312589790 0.000285813874535 0.000345958754027 0.000115840003685 0.000161718664904 0.000197135437242 0.000242787455732 0.000249493700224 0.000140852038652 0.000186365403810 0.000198959285924 0.000209296885484 0.000260325247232 0.000205268604154 0.000246031896519 0.000265196398198 0.000291022275831 0.000344716954509 
0.000088955643087 0.000177034751385 0.000270668494807 0.000289492609977 0.000359780336183 0.000118325764493 0.000168718808010 0.000180475217790 0.000251956422865 0.000340485734556 0.000153624853067 0.000190276740710 0.000227572691847 0.000263069031449 0.000374273108329 0.000160428767516 0.000232478391086 0.000361446611227 0.000337866847663 0.000392106809041 0.000210786454864 0.000197034939484 0.000255758025042 0.000336796839830 0.000405743653443 0.000190533474622 0.000242835043992 0.000287364125887 0.000352738149768 0.000412626336499 0.000257527661963 0.000336726626276 0.000429661480437 0.000409877982569 0.000485670584479 0.000317339560826 0.000326623247920 0.000396520155107 0.000386946458334 0.000478188855852 0.000329729004680 0.000399114692313 0.000380056296562 0.000426229389103 0.000506614509319 0.000231120114147 0.000336339073056 0.000433855974294 0.000487281427171 0.000309359149377 0.000323760817345 0.000471081618720 0.000419679936853 0.000298869849621 0.000665333690110 0.000357880286745 0.000358586121344 0.000420526872400 0.000402756687172 0.000309359149377 0.000292681853121 0.000334236107362 0.000431219151589 0.000396203817305 0.000313621438854 0.000339808223358 0.000364329893683 0.000389298823872 0.000367070950772 0.000372215508347 0.000328214115518 0.000382317599699 0.000373233600612 0.000399821383530 0.000507028307057 0.000233400734348 0.000285409568869 0.000426906601060 0.000380823050649 0.000537216640287 0.000290032254334 0.000328971727849 0.000333927662972 0.000328716328343 0.000462634853100 0.000265925023041 0.000323535856698 0.000318560624751 0.000340614645688 0.000442211274535 0.000231053677750 0.000301086729508 0.000336628200814 0.000373584384043 0.000437232029022 0.000263594486424 0.000283131973419 0.000319286849776 0.000349674489596 0.000399562998954 0.000212048227333 0.000314930904953 0.000283301359201 0.000351667319920 0.000410311303242 0.000140370305195 0.000182207042783 0.000216430936959 0.000238824745946 0.000273366019405 0.000266881121385 0.000304565534957 0.000342804954103 0.000363555771332 0.000442644217378 0.000268385740538 0.000317438494568 0.000341789196500 0.000322454796927 0.000408994584984 0.000105853103487 0.000157585556805 0.000203259219805 0.000267332796004 0.000279196904982 0.000136883713829 0.000180858254409 0.000206259261137 0.000220382217254 0.000278953871060 0.000214695211487 0.000270840641424 0.000297553437931 0.000334137905849 0.000427224413208 
0.000118600856097 0.000245500013863 0.000377829193017 0.000410534369838 0.000508341663286 0.000160321555508 0.000228412672067 0.000251956422865 0.000355368689019 0.000484248752559 0.000209504864875 0.000265312450804 0.000314629528270 0.000367639076333 0.000538251740522 0.000217975414190 0.000324948949021 0.000523832907638 0.000476032661987 0.000574217996480 0.000293339030538 0.000269277247970 0.000358330296430 0.000479586483151 0.000578648635567 0.000266218405498 0.000341804623778 0.000405910341754 0.000506440927557 0.000596978592208 0.000359920146239 0.000479601332308 0.000617419328248 0.000601976340310 0.000693047269896 0.000447885769035 0.000463069631509 0.000566120026553 0.000553696482444 0.000680285110934 0.000471663114313 0.000572105193956 0.000545580203227 0.000616768085320 0.000738053004236 0.000325762685132 0.000477510317132 0.000639686804007 0.000695795069152 0.000392299444546 0.000446466950972 0.000674866253982 0.000596117816431 0.000405753506443 0.000999512266047 0.000512868876221 0.000513160344728 0.000601025113047 0.000569249163093 0.000392299444546 0.000415163116932 0.000478681734320 0.000621595731158 0.000572379985452 0.000441443737807 0.000487066505839 0.000521790793521 0.000564161036609 0.000520453174210 0.000538116927993 0.000470249630703 0.000547296716400 0.000532987242797 0.000572166548222 0.000741931180738 0.000324061516771 0.000400451455397 0.000616400312050 0.000538353826535 0.000791108501662 0.000409551557648 0.000462993378280 0.000466046897877 0.000474338632727 0.000670946040571 0.000372960270955 0.000458543013272 0.000451539874442 0.000485034871183 0.000636719213276 0.000323719173699 0.000427941840632 0.000480291248758 0.000535026395381 0.000633005349564 0.000368004963821 0.000392755663410 0.000455975308212 0.000504516297309 0.000576167414799 0.000304016600692 0.000452188746065 0.000402814567834 0.000504990001451 0.000591536140611 0.000190065851586 0.000249085257693 0.000298999036851 0.000329940429261 0.000382121985317 0.000373775865961 0.000429612655340 0.000488839099629 0.000520553911071 0.000640736474831 0.000371931883624 0.000456275703464 0.000490976639672 0.000457188349637 0.000585923430232 0.000141362245534 0.000215136623545 0.000281866312238 0.000376888774795 0.000395006566584 0.000186252461041 0.000246813149215 0.000286330536182 0.000307276119466 0.000390869969242 0.000298803502574 0.000381797422102 0.000421204927275 0.000475551000864 0.000618020994673 
0.000151898738897 0.000328607063028 0.000509236202100 0.000563006931176 0.000694065593734 0.000209886422636 0.000297594643799 0.000340485734556 0.000484248752559 0.000665941067831 0.000275295288386 0.000357493267223 0.000419830163654 0.000496143558603 0.000748633032260 0.000285094140906 0.000439031853229 0.000734491106026 0.000648216344305 0.000813672689527 0.000394534730723 0.000354707497323 0.000485336654027 0.000660363344970 0.000797980281135 0.000359813648661 0.000465068351634 0.000554284483369 0.000703357449717 0.000835561391111 0.000485870387866 0.000660456285728 0.000858336701953 0.000855468597520 0.000956186203054 0.000610846340796 0.000634576599704 0.000781495469472 0.000766160075238 0.000935535381245 0.000652704214985 0.000793217483440 0.000757562029757 0.000862762018547 0.001040342276258 0.000443792033091 0.000655372685293 0.000912588448486 0.000960632565123 0.000469537458113 0.000593334896703 0.000934956549392 0.000818441168566 0.000529597909934 0.001452085995268 0.000711016661331 0.000710431333459 0.000830597141308 0.000777387732959 0.000469537458113 0.000569262994845 0.000663037249935 0.000866908920205 0.000800503658478 0.000600502475951 0.000675939042344 0.000723098040602 0.000790987129138 0.000713178646996 0.000752604366900 0.000651778325333 0.000757754386537 0.000736119417366 0.000791785730209 0.001050484845639 0.000434406620975 0.000542554518538 0.000860965026708 0.000735358373912 0.001127231919361 0.000559264940954 0.000629527397646 0.000627895624871 0.000662124295148 0.000941412632058 0.000505453034336 0.000628259603479 0.000618592769336 0.000667821656836 0.000886998696234 0.000438258350686 0.000588128697125 0.000662684125641 0.000741126465105 0.000886677795520 0.000495857348023 0.000526066317440 0.000629747700600 0.000704160640716 0.000803851514358 0.000422092538861 0.000628192181936 0.000554086847170 0.000700885764049 0.000825095140339 0.000247433458794 0.000327976201021 0.000398484980298 0.000439302706791 0.000515828460340 0.000505372617364 0.000585831838118 0.000674143491867 0.000720926387452 0.000897353088388 0.000497652000124 0.000634476209100 0.000682251063304 0.000626644646496 0.000811837456765 0.000181742740914 0.000282910980384 0.000377278063818 0.000513425105913 0.000540292142074 0.000244751561855 0.000324295481327 0.000383817461016 0.000413745844253 0.000528834280791 0.000401459808757 0.000520055657695 0.000576501447042 0.000654504967148 0.000864988597728 
0.000086316049147 0.000154807124543 0.000232428733620 0.000236077121035 0.000297493836332 0.000109363001962 0.000157946275935 0.000153624853067 0.000209504864875 0.000275295288386 0.000140837873879 0.000163378185594 0.000200790176323 0.000225071820459 0.000291552513976 0.000148799658023 0.000198127158435 0.000273746999387 0.000281587082640 0.000285556112978 0.000181935360659 0.000179712378594 0.000216462046896 0.000271221889543 0.000325165601586 0.000162174587467 0.000202795283116 0.000237466799135 0.000276160832488 0.000314507500567 0.000220122316110 0.000271058820511 0.000335245466989 0.000295171012449 0.000388663481913 0.000263271441182 0.000267045497210 0.000316753014446 0.000306714377737 0.000386684076299 0.000261232984344 0.000314240612346 0.000297757224721 0.000325501035321 0.000376364930941 0.000192358864707 0.000273665605229 0.000307656171166 0.000389089547666 0.000342017456657 0.000288916536048 0.000371909746587 0.000341133882404 0.000278956988210 0.000436196349466 0.000281845506183 0.000283702363867 0.000334722221975 0.000332842221248 0.000342017456657 0.000238791537876 0.000264025286261 0.000332798343788 0.000302726373400 0.000262175158324 0.000266591021236 0.000287271377318 0.000294907063044 0.000300179523689 0.000284469212509 0.000258684222342 0.000302426969244 0.000297637283244 0.000316829498557 0.000370386340769 0.000203392845491 0.000241437390323 0.000327768191330 0.000314501554950 0.000382825758905 0.000239622105551 0.000275425775352 0.000287086759318 0.000252932321527 0.000349523875771 0.000224713109340 0.000264648831296 0.000260702162953 0.000274365631038 0.000342608305302 0.000195804383539 0.000243898676738 0.000269298005212 0.000295030869721 0.000332323163984 0.000226582015078 0.000247283141653 0.000254635212531 0.000269175374616 0.000307968486592 0.000166095375706 0.000246293305925 0.000228825282349 0.000275925068987 0.000316518900630 0.000131633457299 0.000166371230025 0.000191598800767 0.000212002513653 0.000233702288962 0.000227112007942 0.000252738965821 0.000274677201413 0.000287309800507 0.000336642856418 0.000235064655352 0.000247469709321 0.000267096491998 0.000263453999586 0.000322740440832 0.000101957246288 0.000144234086537 0.000177851202427 0.000222511307843 0.000229545148141 0.000125433789085 0.000165952982788 0.000179735541159 0.000189720315742 0.000236949637005 0.000185899992870 0.000225493766825 0.000244146160168 0.000269464901835 0.000325652441219 
0.000095137954745 0.000187340416061 0.000285982008004 0.000304172203497 0.000378660636834 0.000125779615155 0.000179888171235 0.000190276740710 0.000265312450804 0.000357493267223 0.000163378185594 0.000200928469664 0.000241078525609 0.000277836837390 0.000391548020905 0.000170878492278 0.000245303054448 0.000377083820763 0.000355826808275 0.000407551790633 0.000222691008326 0.000209485510389 0.000269694044930 0.000353479965561 0.000425652497520 0.000200951623500 0.000255748951955 0.000302360234702 0.000369172491317 0.000430748426401 0.000271928479028 0.000353406384692 0.000449508178916 0.000425579766097 0.000509468455469 0.000334096121356 0.000343358664586 0.000415872311431 0.000405512687480 0.000502154761293 0.000345456632023 0.000417946119160 0.000397799834243 0.000445149864661 0.000527561001703 0.000243368272798 0.000353388020555 0.000449840208926 0.000511043106760 0.000337116866929 0.000343598247561 0.000493485302597 0.000440944294917 0.000318812680500 0.000685096458458 0.000374744123929 0.000375642824945 0.000440889988193 0.000423896644140 0.000337116866929 0.000307583451243 0.000350131118326 0.000450660149582 0.000413548263984 0.000330392620535 0.000355536272504 0.000381496216093 0.000406148829951 0.000385911875845 0.000388664930037 0.000343707260463 0.000400546075013 0.000391328862890 0.000418993295174 0.000527154657300 0.000246928931747 0.000301109216022 0.000445972175382 0.000400781114998 0.000557258938640 0.000305109251776 0.000346674318806 0.000352894744593 0.000343470484369 0.000482540509409 0.000280431246863 0.000340102072322 0.000334926379394 0.000357512477340 0.000462314243517 0.000243712584412 0.000316171462879 0.000353065784337 0.000391322556747 0.000456288278614 0.000278595688946 0.000299599094292 0.000334780919164 0.000365383694481 0.000417522374154 0.000221807315084 0.000329530532989 0.000297344486106 0.000368245434917 0.000428792031866 0.000149730517185 0.000193793244928 0.000229393147435 0.000253298485182 0.000288687999888 0.000281748303285 0.000320585058108 0.000359591282773 0.000380843922200 0.000461964747746 0.000284074940247 0.000332076411657 0.000357647689052 0.000338929773199 0.000428398889451 0.000113089004675 0.000167599412254 0.000215145666614 0.000281524975551 0.000293615904356 0.000145436572668 0.000192452603583 0.000218196071176 0.000232874248385 0.000294427328066 0.000227002694387 0.000285223640079 0.000312846932232 0.000350723959820 0.000445966832906 
0.000118956987510 0.000226197433129 0.000343628034669 0.000358294612914 0.000448514878032 0.000155213029487 0.000223177245605 0.000227572691847 0.000314629528270 0.000419830163654 0.000200790176323 0.000241078525609 0.000292596345653 0.000333360601719 0.000453367294830 0.000211100247222 0.000293609939793 0.000432278088273 0.000422653478894 0.000460612016299 0.000267851362857 0.000257588490907 0.000322111167994 0.000414497336940 0.000498247256955 0.000240413219080 0.000303814607049 0.000357973208833 0.000428379523684 0.000494957262927 0.000326116815918 0.000414266191738 0.000520916889942 0.000479057097056 0.000596091550206 0.000396212279846 0.000404963303639 0.000486253954716 0.000472766452082 0.000589838726241 0.000402578328786 0.000485995901989 0.000461729473892 0.000511508067983 0.000600551308109 0.000288921980173 0.000416022758680 0.000503589936987 0.000597437740076 0.000448739829870 0.000419160977080 0.000574468960559 0.000518948068099 0.000395884149143 0.000746244491175 0.000435759834370 0.000437535020824 0.000514811316938 0.000502025446742 0.000448739829870 0.000362245505376 0.000407650158706 0.000520155037571 0.000475416447400 0.000392889527722 0.000412644243039 0.000443749265664 0.000465634450770 0.000455219347377 0.000447041957034 0.000399786671366 0.000466577743091 0.000457194051901 0.000488430817687 0.000596449286499 0.000298227924515 0.000359589225623 0.000513822494333 0.000474524568842 0.000624934105368 0.000361132618778 0.000412560763776 0.000424256528087 0.000396045024956 0.000552679178515 0.000334734129628 0.000401159824710 0.000395173740904 0.000419287045041 0.000534357964216 0.000291092934354 0.000371428360174 0.000412922829861 0.000455518680412 0.000523724402980 0.000334953759591 0.000362225676756 0.000391155568721 0.000421378360960 0.000481675309555 0.000257258762707 0.000382177519920 0.000348960378645 0.000427421652842 0.000494833628218 0.000185637056268 0.000238301575221 0.000278758403948 0.000308068103360 0.000346277425283 0.000337228356513 0.000380136001193 0.000420816432669 0.000443425940023 0.000530358819240 0.000343823451793 0.000384712311489 0.000414723180830 0.000399605561964 0.000498579155898 0.000141582142261 0.000205896426866 0.000260228697517 0.000334125348425 0.000346920373561 0.000178948645446 0.000236874485782 0.000263480644017 0.000279998501088 0.000352249765694 0.000273309240160 0.000338510323828 0.000369375293774 0.000411465113159 0.000512424051869 
0.000130058190574 0.000258764611107 0.000396087405333 0.000421904110236 0.000525215610039 0.000173115594604 0.000247880487178 0.000263069031449 0.000367639076333 0.000496143558603 0.000225071820459 0.000277836837390 0.000333360601719 0.000384841384978 0.000544005494834 0.000235456186534 0.000339421994023 0.000524496416424 0.000493263549982 0.000567531291281 0.000307963026420 0.000289313693707 0.000373439825370 0.000490648186008 0.000590965481596 0.000277989336837 0.000354267448393 0.000419241590722 0.000512912046064 0.000599034217921 0.000376601867204 0.000490493763004 0.000624544605543 0.000592827112667 0.000707463005458 0.000463324300128 0.000476421247593 0.000577521297161 0.000563270680833 0.000697080252630 0.000479677473895 0.000580575744632 0.000552694318092 0.000618843430387 0.000734228378927 0.000337378924610 0.000490393414956 0.000626898503799 0.000709698450605 0.000462787134731 0.000475433492243 0.000685552065004 0.000612001190699 0.000440445206562 0.000956790172754 0.000520484853865 0.000521623995986 0.000612332591973 0.000588039656301 0.000462787134731 0.000426564530691 0.000486345607503 0.000626378917034 0.000574706594243 0.000457946617094 0.000493514004700 0.000529730470872 0.000564918172276 0.000535519506404 0.000540466713673 0.000477367016755 0.000556328750067 0.000543342926531 0.000582000716168 0.000734023541530 0.000341590443684 0.000417172503995 0.000620069274714 0.000555981368369 0.000776490246892 0.000422931488216 0.000480621601454 0.000488812199737 0.000477522112785 0.000671238486309 0.000388406704906 0.000471828869215 0.000464731312762 0.000496280768312 0.000642476631994 0.000337374552184 0.000438622771536 0.000490120500599 0.000543503894387 0.000634546401851 0.000385978619833 0.000414461632477 0.000464858012725 0.000507978174168 0.000580339658780 0.000307856472878 0.000457762899710 0.000412498280569 0.000511520420429 0.000595995392200 0.000206126971087 0.000267606744270 0.000317190356241 0.000350266922533 0.000399880724586 0.000390271877150 0.000444414665311 0.000499149841364 0.000528926742187 0.000642429765881 0.000392930819502 0.000461406543724 0.000496928496536 0.000470232308824 0.000595079595123 0.000155160584274 0.000230993106258 0.000297569892580 0.000390209915506 0.000407164121072 0.000200409480430 0.000265475984736 0.000301782433327 0.000322378333567 0.000407934880196 0.000313960482307 0.000395292052330 0.000433862904003 0.000486761632907 0.000620141818933 
0.000155715043405 0.000356914791100 0.000557374951858 0.000630706507459 0.000772908152799 0.000220813156445 0.000310969616318 0.000374273108329 0.000538251740522 0.000748633032260 0.000291552513976 0.000391548020905 0.000453367294830 0.000544005494834 0.000854071498716 0.000299763933185 0.000482434620252 0.000846236827366 0.000719370705218 0.000949681506080 0.000430868675084 0.000376105864321 0.000534889001710 0.000743574709856 0.000900279498660 0.000395531057645 0.000515824087528 0.000617429316475 0.000800739264309 0.000960547575348 0.000532987040370 0.000743910070402 0.000978429112348 0.001001951348727 0.001079367918393 0.000679257172823 0.000710077253920 0.000882797249278 0.000868112592095 0.001051629074942 0.000739725794219 0.000901111397127 0.000862219017425 0.000991680408038 0.001206466754576 0.000492801633067 0.000734831928454 0.001073836681969 0.001085340486908 0.000425685988045 0.000636821385774 0.001061012427699 0.000918041095871 0.000553867795898 0.001745476079321 0.000807663648780 0.000805580854130 0.000939597340447 0.000865901135078 0.000425685988045 0.000637792582580 0.000752271459658 0.000992181537861 0.000919522120930 0.000665525737569 0.000768992795606 0.000821025565209 0.000911257130542 0.000797952561103 0.000864362017266 0.000740149230655 0.000859278391078 0.000832124932354 0.000897247345003 0.001224887508348 0.000472144410387 0.000598260936701 0.000987198581638 0.000819326202356 0.001324467990931 0.000623048662142 0.000697201933380 0.000686862307252 0.000758608695910 0.001085563162970 0.000557543192535 0.000702873378399 0.000691910969560 0.000751889565017 0.001013744356821 0.000482908339827 0.000660782868556 0.000748242041408 0.000840987315997 0.001020339667910 0.000542460997778 0.000571022737046 0.000711851471401 0.000806643705378 0.000920443673889 0.000480488022798 0.000715472127050 0.000623172631795 0.000797656899602 0.000944480106162 0.000258609617729 0.000347716733402 0.000429629203037 0.000473156805802 0.000565796880995 0.000555739338031 0.000651385472765 0.000760673636443 0.000817852671973 0.001032404181334 0.000539406625887 0.000723473951717 0.000777245248188 0.000701413362429 0.000921472413124 0.000186537828423 0.000299889438610 0.000409247264018 0.000570257206242 0.000603204356789 0.000258816328489 0.000343088928228 0.000417190978579 0.000452358818125 0.000581921501242 0.000437947481326 0.000577593937911 0.000644155210201 0.000736556827956 0.000994368181135 
0.000091746185929 0.000162359657550 0.000243311635525 0.000244833844768 0.000309373831005 0.000115719372011 0.000167534747058 0.000160428767516 0.000217975414190 0.000285094140906 0.000148799658023 0.000170878492278 0.000211100247222 0.000235456186534 0.000299763933185 0.000157558414325 0.000207003520073 0.000279953758676 0.000293208096919 0.000289682587003 0.000190502306544 0.000189975514461 0.000225952142873 0.000280668598078 0.000336198007007 0.000169395599979 0.000211157830649 0.000246882042976 0.000284258886950 0.000322051620319 0.000230222390439 0.000280449059845 0.000344836413891 0.000298724319265 0.000401768089678 0.000273941240179 0.000277137883586 0.000327321848547 0.000316481693115 0.000400502854863 0.000269478935001 0.000323808065640 0.000306535529889 0.000333314734327 0.000383392437610 0.000200247469338 0.000283750714501 0.000310325036230 0.000402040372928 0.000371951855494 0.000304466619956 0.000383459161924 0.000353662941750 0.000296110378470 0.000432151253087 0.000290420935113 0.000292582517230 0.000345655000531 0.000346116672317 0.000371951855494 0.000247626177879 0.000272240629982 0.000341594011183 0.000310041318190 0.000273139751199 0.000274406542418 0.000296050618483 0.000301606743291 0.000311551718313 0.000291449075732 0.000266595447589 0.000311915462522 0.000307434992163 0.000326901157974 0.000375983389986 0.000213380272694 0.000252033927676 0.000336116220998 0.000327003234102 0.000386558866673 0.000249080190217 0.000287057693777 0.000300607836182 0.000259486501383 0.000357274011306 0.000234509151644 0.000274657363115 0.000270608607396 0.000283945754424 0.000351924663709 0.000204389995155 0.000252614020053 0.000278308002727 0.000304176771333 0.000340085423194 0.000237267781853 0.000259548645545 0.000263029429183 0.000276173426178 0.000316026443946 0.000170900831894 0.000253439066125 0.000236876803645 0.000284060624931 0.000324856111048 0.000139572916046 0.000175874715181 0.000201548251654 0.000223101469047 0.000244451755391 0.000237325773781 0.000262949107469 0.000283954888500 0.000296252655581 0.000344548388841 0.000246837847240 0.000254509638287 0.000274831021544 0.000273361285144 0.000332715939635 0.000108473911204 0.000152374908891 0.000186705867190 0.000231602459978 0.000238414624435 0.000132585879378 0.000175476879185 0.000188541464387 0.000198650419665 0.000247560934820 0.000194752095729 0.000234702265163 0.000253490833304 0.000278914451122 0.000333452814222 
0.000114557203011 0.000228292609876 0.000349252519534 0.000373240006448 0.000464090804131 0.000152393077257 0.000217729102770 0.000232478391086 0.000324948949021 0.000439031853229 0.000198127158435 0.000245303054448 0.000293609939793 0.000339421994023 0.000482434620252 0.000207003520073 0.000299720554622 0.000465765371909 0.000435762521999 0.000505050074749 0.000271757252595 0.000254293218059 0.000329768920497 0.000434262208656 0.000523163749515 0.000245548606747 0.000313101898104 0.000370572720440 0.000454681012407 0.000531763851624 0.000332222776442 0.000434175425175 0.000553781844491 0.000527873902784 0.000626276241924 0.000409342594577 0.000421258417555 0.000511301526055 0.000498908598257 0.000616709546165 0.000425010266175 0.000514497164683 0.000489912679382 0.000549410022168 0.000652693704986 0.000298076804140 0.000433750206139 0.000558661201511 0.000628335987463 0.000400831316547 0.000418086404667 0.000607357711733 0.000541279982634 0.000386184556819 0.000856006873033 0.000461293005908 0.000462205921677 0.000542233901361 0.000519571086550 0.000400831316547 0.000377394656311 0.000430894882397 0.000555732800535 0.000510366620959 0.000404500008468 0.000437741233461 0.000469536846890 0.000501655820707 0.000473465997563 0.000479701218287 0.000423058405220 0.000492874556439 0.000481180418009 0.000515506962308 0.000653101913169 0.000301095033947 0.000368231847888 0.000550214164840 0.000491267993818 0.000691793016300 0.000373929151793 0.000424394181631 0.000430932996877 0.000423673960572 0.000596150102001 0.000342960054978 0.000417233870807 0.000410881334530 0.000439212336609 0.000569908827022 0.000297947750258 0.000388191246919 0.000434000000251 0.000481588036744 0.000563419508682 0.000340221487854 0.000365249691084 0.000411650231873 0.000450686413647 0.000514925758329 0.000273121648124 0.000405881798995 0.000365168525525 0.000453434483177 0.000528787172402 0.000181156022731 0.000235211493795 0.000279289857984 0.000308317555806 0.000352703822734 0.000344361369778 0.000392752201961 0.000441958486681 0.000468659443377 0.000570399060568 0.000346226539263 0.000409140258152 0.000440557382926 0.000415842178250 0.000527264912597 0.000136378555715 0.000203291536583 0.000262233490728 0.000344796276874 0.000360020174400 0.000176394331284 0.000233427063648 0.000266049337887 0.000284305675185 0.000359935114756 0.000276939648386 0.000349310357007 0.000383671852496 0.000430814758618 0.000550540074493 
0.000142229597526 0.000341563912843 0.000536708315866 0.000617291830586 0.000753382210833 0.000206415360064 0.000289094198195 0.000361446611227 0.000523832907638 0.000734491106026 0.000273746999387 0.000377083820763 0.000432278088273 0.000524496416424 0.000846236827366 0.000279953758676 0.000465765371909 0.000844060942832 0.000699504746194 0.000955236276285 0.000414155625703 0.000353771657519 0.000517562756061 0.000730341394093 0.000885428873593 0.000381996410405 0.000501296080961 0.000601942410732 0.000792361592444 0.000956671104716 0.000514034904912 0.000730774946445 0.000969011796513 0.001010066142558 0.001061975944559 0.000661430895756 0.000694456401267 0.000868993441058 0.000856301020614 0.001031723473300 0.000729754311107 0.000890400163138 0.000853045430910 0.000987352482764 0.001208493803962 0.000479398307952 0.000719664533831 0.001085742841136 0.001068489777372 0.000349058969314 0.000604536539543 0.001047670020973 0.000899353419388 0.000515566744454 0.001788445138095 0.000798012005718 0.000795007788219 0.000925795626891 0.000844169326597 0.000349058969314 0.000624191417256 0.000742702502592 0.000985272471082 0.000915296104148 0.000646527909935 0.000760542905411 0.000810961852722 0.000908869159617 0.000780351188842 0.000860335088428 0.000731160606512 0.000848039920363 0.000819489698639 0.000885105438696 0.001231277119311 0.000452286717730 0.000579039971526 0.000981539729200 0.000798929406361 0.001337909762514 0.000607453050682 0.000676985035405 0.000661126071986 0.000753868096393 0.001083367582930 0.000539785413595 0.000687313810245 0.000676502089343 0.000738458620884 0.001005738366702 0.000467119342468 0.000647986143441 0.000736271055300 0.000830349145364 0.001016885313268 0.000522170383799 0.000546523191685 0.000701034390776 0.000801521514025 0.000914319030876 0.000475407582765 0.000708181860191 0.000611573930695 0.000788969374858 0.000938005714343 0.000240320349657 0.000326970142113 0.000409141093120 0.000450184137849 0.000545647680480 0.000536835785479 0.000634236329973 0.000748173416522 0.000807363563345 0.001028764414350 0.000515727583617 0.000716669219755 0.000769471859303 0.000686120389775 0.000909994048832 0.000170870159077 0.000281784347802 0.000391461110586 0.000554771490301 0.000588976766386 0.000242905095669 0.000321983845023 0.000399653081657 0.000435215560426 0.000562441675948 0.000420554041118 0.000561868821616 0.000629328605386 0.000723162799244 0.000990341909134 
0.000159416051608 0.000329374267677 0.000507019234079 0.000549698135758 0.000681096334374 0.000215744669073 0.000307486950532 0.000337866847663 0.000476032661987 0.000648216344305 0.000281587082640 0.000355826808275 0.000422653478894 0.000493263549982 0.000719370705218 0.000293208096919 0.000435762521999 0.000699504746194 0.000637984076300 0.000765744131434 0.000393602083777 0.000362299996454 0.000480498575736 0.000641875856354 0.000774323505091 0.000357019348927 0.000457999415666 0.000543808922471 0.000677090743721 0.000797365078035 0.000482873933641 0.000641816764278 0.000825348180691 0.000802460009131 0.000927376169047 0.000600170111056 0.000620154051169 0.000757479629566 0.000740634701359 0.000910671461503 0.000630855564098 0.000765043925896 0.000729441227820 0.000823529262608 0.000984897577023 0.000436564683131 0.000639365672074 0.000852298567794 0.000930972829118 0.000533719793474 0.000600193347004 0.000902575092962 0.000798162479022 0.000546638359094 0.001328515889011 0.000685821172271 0.000686326045105 0.000804071296100 0.000762699033865 0.000533719793474 0.000555786630492 0.000640199355187 0.000830598835811 0.000764498034718 0.000591697260233 0.000651148070529 0.000697759719268 0.000753362876963 0.000697021724358 0.000718815566548 0.000628849258927 0.000732000274146 0.000713074043503 0.000765332213025 0.000989501078441 0.000435054983651 0.000536913646927 0.000823523604261 0.000721283457145 0.001054216720565 0.000548657655272 0.000620648547123 0.000625447189358 0.000633776986289 0.000895877172796 0.000500054649125 0.000614090197525 0.000604741471581 0.000649182721261 0.000850923986243 0.000433998335852 0.000572792526608 0.000642606177022 0.000715522515376 0.000845381044700 0.000493886486891 0.000527392253820 0.000610048590595 0.000674108916532 0.000769858901937 0.000406398731551 0.000604513597969 0.000539148481607 0.000674981339849 0.000790419996009 0.000255684174155 0.000335058114248 0.000401687568424 0.000443217160023 0.000512678989134 0.000501264155688 0.000575655065802 0.000654095925855 0.000696181708617 0.000855724371446 0.000499488299525 0.000609919029179 0.000656370430332 0.000612250199623 0.000783594205026 0.000190400308048 0.000289159194070 0.000378453117178 0.000504993846149 0.000529067450448 0.000250567071532 0.000331906918598 0.000384377941745 0.000412340420675 0.000524221936472 0.000400895578403 0.000511547271307 0.000564125669663 0.000636502443416 0.000825460509264 
0.000142622527706 0.000366027335021 0.000579733027295 0.000681672120511 0.000827379194397 0.000213840889512 0.000297040974276 0.000392106809041 0.000574217996480 0.000813672689527 0.000285556112978 0.000407551790633 0.000460612016299 0.000567531291281 0.000949681506080 0.000289682587003 0.000505050074749 0.000955236276285 0.000765744131434 0.001092581926416 0.000446373634936 0.000369667946363 0.000562849892017 0.000810266214931 0.000984035472415 0.000414397728427 0.000548445124212 0.000661255738829 0.000887650984849 0.001080664433261 0.000556468596349 0.000810947799729 0.001086755978782 0.001158516400964 0.001180823489623 0.000725421191861 0.000766076742018 0.000966853422605 0.000955304465490 0.001142863160395 0.000814301941783 0.000995623590340 0.000955410413630 0.001115058522492 0.001375075148002 0.000525090000005 0.000795356768664 0.001249893290847 0.001188996999939 0.000286266536534 0.000640023801322 0.001170391641039 0.000994302771840 0.000530352702800 0.002092385496618 0.000892259305510 0.000887534289231 0.001031352702928 0.000927284313371 0.000286266536534 0.000689316251619 0.000829549458432 0.001108812953008 0.001033270210731 0.000706855085026 0.000851527367415 0.000906397848425 0.001028513389399 0.000860747838915 0.000971066430787 0.000817295389177 0.000946763227479 0.000912356007504 0.000987535306218 0.001407214099114 0.000485114574103 0.000629952028687 0.001106338897631 0.000877829193044 0.001538418368797 0.000667391080118 0.000739648359344 0.000713720727732 0.000849153442322 0.001226936245094 0.000587479594781 0.000758068380186 0.000745991023431 0.000819186764847 0.001130483050671 0.000507847716549 0.000717449667088 0.000818843545248 0.000927556802445 0.001149660369420 0.000563743137263 0.000585444810034 0.000780445000799 0.000902709130244 0.001029374895460 0.000532558836379 0.000793647219791 0.000677796060066 0.000883486720157 0.001055766934571 0.000246903004745 0.000341564487736 0.000435213280793 0.000478302073002 0.000590631461757 0.000582484581957 0.000695552234974 0.000831593506748 0.000901673790602 0.001162882034973 0.000551649124060 0.000803966532541 0.000862522176167 0.000757095232212 0.001016766874344 0.000171790750621 0.000294232524492 0.000419023976818 0.000607745468231 0.000648363138772 0.000253087276886 0.000335510446381 0.000428690619821 0.000469588403586 0.000610684775996 0.000452704532381 0.000615484798664 0.000693312984055 0.000801891891680 0.001118696052930 
0.000106250382330 0.000207869355158 0.000317084530797 0.000335895546797 0.000418616666411 0.000140250598145 0.000200747455987 0.000210786454864 0.000293339030538 0.000394534730723 0.000181935360659 0.000222691008326 0.000267851362857 0.000307963026420 0.000430868675084 0.000190502306544 0.000271757252595 0.000414155625703 0.000393602083777 0.000446373634936 0.000246961639025 0.000233385691102 0.000298665540979 0.000389988098134 0.000469447405905 0.000222619680831 0.000282888594547 0.000334237647021 0.000406446500644 0.000473315929515 0.000301387108735 0.000389863756784 0.000494766244513 0.000465754298483 0.000561833792003 0.000369441675369 0.000379260881025 0.000458555213593 0.000446872627527 0.000554203806842 0.000380664177693 0.000460337622448 0.000437988442454 0.000489056527641 0.000578628394822 0.000269175204414 0.000390194253561 0.000491780661661 0.000563476532169 0.000382028556688 0.000382152996764 0.000543655375630 0.000486838520851 0.000355900659893 0.000745057143305 0.000412755887626 0.000413885795207 0.000486009465868 0.000468610736622 0.000382028556688 0.000339618774707 0.000385739912485 0.000495636997235 0.000454469232467 0.000365552879832 0.000391463152179 0.000420222309735 0.000446084909634 0.000426274725967 0.000427157098893 0.000378592650751 0.000441326314801 0.000431428473013 0.000461718347739 0.000577495217264 0.000274065901355 0.000333409087707 0.000490303300624 0.000443032935767 0.000609420529012 0.000337263127575 0.000383621163957 0.000391316410994 0.000377672859611 0.000529888043779 0.000310502293248 0.000375672867461 0.000369975691892 0.000394447241898 0.000508597101933 0.000269866725193 0.000348937679206 0.000389315974247 0.000431101714889 0.000501270614294 0.000308929935598 0.000332613991431 0.000369089033563 0.000401780668351 0.000459148387965 0.000244187367055 0.000362765826139 0.000328114991852 0.000405383781939 0.000471571128158 0.000167019527419 0.000215878522230 0.000254921726670 0.000281502565956 0.000319971906143 0.000312111555201 0.000354496180027 0.000396565370128 0.000419575380511 0.000507528900032 0.000315448072295 0.000365487894198 0.000393704133295 0.000374345569363 0.000471931050691 0.000126428368935 0.000186616603962 0.000238856393331 0.000311339250999 0.000324434028550 0.000162063974567 0.000214395125558 0.000242165441748 0.000258232875571 0.000326143743369 0.000251756415956 0.000315423524264 0.000345637110314 0.000386986301531 0.000490036347591 
0.000109019642392 0.000198138736200 0.000298739616735 0.000303956509133 0.000383030255718 0.000139605433473 0.000201751762416 0.000197034939484 0.000269277247970 0.000354707497323 0.000179712378594 0.000209485510389 0.000257588490907 0.000289313693707 0.000376105864321 0.000189975514461 0.000254293218059 0.000353771657519 0.000362299996454 0.000369667946363 0.000233385691102 0.000230266442055 0.000278132678616 0.000349526035288 0.000419167910087 0.000208139114300 0.000260613445570 0.000305617448483 0.000356331171776 0.000406342192012 0.000282901241279 0.000349214045149 0.000432585048021 0.000382306981134 0.000501139379693 0.000338897575320 0.000343980769067 0.000408446141880 0.000395627158727 0.000498377460019 0.000336806531715 0.000405370255549 0.000384203600615 0.000420071684429 0.000486800574241 0.000247506543791 0.000352558677265 0.000398758067705 0.000501733914121 0.000436052796530 0.000370959868835 0.000479800732306 0.000439573579177 0.000357592728226 0.000567463370819 0.000363510347443 0.000365805033734 0.000431680947703 0.000428612910840 0.000436052796530 0.000307285091571 0.000340566357547 0.000429646491947 0.000390752079096 0.000337269093612 0.000343574176615 0.000370388959210 0.000381112667716 0.000386709148728 0.000367491381295 0.000333629634405 0.000390059879890 0.000383712143932 0.000408679225757 0.000479423486066 0.000261019207820 0.000310333121048 0.000423343652103 0.000405003353043 0.000496075927335 0.000308281490555 0.000354413308547 0.000369034883631 0.000326656019021 0.000451754553199 0.000288778950064 0.000340827813596 0.000335818660782 0.000353609476524 0.000442216860027 0.000251417477202 0.000314040656256 0.000347057086244 0.000380496642189 0.000429353025350 0.000291332717425 0.000317403404622 0.000328302508314 0.000347625261160 0.000397609653385 0.000214034925244 0.000317729356426 0.000294682634034 0.000355727427154 0.000408640176043 0.000167815493215 0.000213058914709 0.000245757186376 0.000271850360794 0.000300414967225 0.000291843719862 0.000325185142465 0.000353975747614 0.000370518072705 0.000434922879696 0.000301674404975 0.000319344907457 0.000344663252741 0.000339315610769 0.000416318442669 0.000129596457524 0.000184147701500 0.000228176911843 0.000286172844128 0.000295444371039 0.000160320252279 0.000212157723070 0.000230595163692 0.000243690150309 0.000304630427680 0.000238404789162 0.000289948772705 0.000314277704493 0.000347206949459 0.000420690257294 
0.000124290094671 0.000250557456652 0.000384136373542 0.000412287713249 0.000512111843750 0.000166346122444 0.000237475880871 0.000255758025042 0.000358330296430 0.000485336654027 0.000216462046896 0.000269694044930 0.000322111167994 0.000373439825370 0.000534889001710 0.000225952142873 0.000329768920497 0.000517562756061 0.000480498575736 0.000562849892017 0.000298665540979 0.000278132678616 0.000363092806789 0.000480222700343 0.000578770549600 0.000270178344665 0.000345125714704 0.000408901386502 0.000503940529282 0.000590616334555 0.000365532343796 0.000480126277625 0.000613928637396 0.000588762119400 0.000692946254712 0.000451566803917 0.000465280613613 0.000565812365445 0.000552440068067 0.000681788216970 0.000470587234367 0.000569983335664 0.000542963878936 0.000610073538734 0.000726329474526 0.000328714605112 0.000479262320659 0.000623785719090 0.000695348640886 0.000430000394983 0.000458328705280 0.000672739115606 0.000598145461469 0.000421605817337 0.000960890696359 0.000511013240947 0.000511830535072 0.000600215367911 0.000573376385995 0.000430000394983 0.000416842340488 0.000477246148688 0.000616621660637 0.000566657352816 0.000445908386341 0.000484983574247 0.000520068676336 0.000557434822953 0.000522948964843 0.000532682668745 0.000468629400122 0.000545828070760 0.000532523282742 0.000570832272048 0.000727683537259 0.000330684503658 0.000405512918692 0.000610768532596 0.000542172238166 0.000772168712430 0.000412581605750 0.000467812004452 0.000473943848239 0.000470222876351 0.000662572251178 0.000377685658091 0.000460801138975 0.000453789444424 0.000485696524643 0.000632154998876 0.000327999362169 0.000429031413681 0.000480174416354 0.000533388234414 0.000625895238199 0.000374204029969 0.000401075554109 0.000455579254221 0.000500186103593 0.000571399997291 0.000302625264922 0.000449871532752 0.000403672308453 0.000502447819469 0.000586745144437 0.000197505488470 0.000257228246323 0.000306315092457 0.000338080520441 0.000388078271070 0.000379032787928 0.000433214237442 0.000488916137713 0.000519038359950 0.000633619484902 0.000380087662680 0.000453610765859 0.000488357605646 0.000459311617216 0.000584030807538 0.000148210063318 0.000222162795290 0.000287897097152 0.000380216334274 0.000397419608351 0.000192742188651 0.000255098963129 0.000292180759754 0.000312603229589 0.000396256665081 0.000304291649632 0.000385174160549 0.000423599547286 0.000476345975667 0.000611454534708 
0.000149125252388 0.000324619496373 0.000503500002982 0.000558073660216 0.000687538742279 0.000206642022538 0.000292790139592 0.000336796839830 0.000479586483151 0.000660363344970 0.000271221889543 0.000353479965561 0.000414497336940 0.000490648186008 0.000743574709856 0.000280668598078 0.000434262208656 0.000730341394093 0.000641875856354 0.000810266214931 0.000389988098134 0.000349526035288 0.000480222700343 0.000654950875399 0.000791611323423 0.000355919003810 0.000460483891873 0.000549086737797 0.000698445365220 0.000830633565149 0.000480511582015 0.000655062700617 0.000852464349611 0.000852226935112 0.000948614644684 0.000605006325954 0.000628941601866 0.000775367626370 0.000760409503921 0.000927696154785 0.000647818234856 0.000787490492992 0.000752249735070 0.000857647610752 0.001035230238923 0.000439479180696 0.000649697399902 0.000909616232827 0.000953118646540 0.000455658164081 0.000585426428885 0.000928098902212 0.000811390904581 0.000521121509092 0.001450942073649 0.000705875455491 0.000705155481766 0.000824214271405 0.000770098962067 0.000455658164081 0.000564277803218 0.000658157287004 0.000861365860754 0.000795706190513 0.000594542654576 0.000671160497216 0.000717832400778 0.000786511083541 0.000706839012704 0.000748086056889 0.000647043065310 0.000752132652257 0.000730402482761 0.000785852462287 0.001045971727259 0.000429183578363 0.000536868734512 0.000855638635758 0.000728486544523 0.001123371875558 0.000554025580724 0.000623233149065 0.000620786834834 0.000657970075715 0.000936185111133 0.000500174601939 0.000622666261342 0.000613072856449 0.000662340382555 0.000881187598380 0.000433626529823 0.000583161465031 0.000657450463619 0.000735682019509 0.000881547863645 0.000490248110697 0.000519672236868 0.000624853841651 0.000699729957245 0.000798753533478 0.000419134437205 0.000623833101723 0.000549470254831 0.000695956139627 0.000819834492205 0.000243435204547 0.000323177159392 0.000393355556799 0.000433598366638 0.000510135312104 0.000499927563449 0.000580222558693 0.000668770466406 0.000715609303835 0.000892139934131 0.000491527323000 0.000630156692697 0.000677538022763 0.000621099694204 0.000805899518028 0.000178468122351 0.000278753039276 0.000372662151519 0.000508445197434 0.000535357579011 0.000241101019528 0.000319471284740 0.000379203874691 0.000409033441986 0.000523177087994 0.000396783608186 0.000515007620368 0.000571287733724 0.000649098704738 0.000859885686552 
0.000177989381613 0.000390465141864 0.000606307505062 0.000674053098159 0.000829796719344 0.000247525641347 0.000350451639731 0.000405743653443 0.000578648635567 0.000797980281135 0.000325165601586 0.000425652497520 0.000498247256955 0.000590965481596 0.000900279498660 0.000336198007007 0.000523163749515 0.000885428873593 0.000774323505091 0.000984035472415 0.000469447405905 0.000419167910087 0.000578770549600 0.000791611323423 0.000957037370072 0.000428796174380 0.000555439434936 0.000662708788475 0.000845410297563 0.001006722551240 0.000578785382509 0.000791773991101 0.001032010705668 0.001035482144043 0.001146942667889 0.000730047701009 0.000759553541501 0.000937560862867 0.000919843461971 0.001121030637958 0.000783652983341 0.000952923223210 0.000910506282097 0.001039427135708 0.001256161862255 0.000530202574765 0.000784826575973 0.001105908542286 0.001152521849938 0.000536310521235 0.000703203699758 0.001122921819398 0.000980208717288 0.000623910493768 0.001769182730726 0.000854147135683 0.000853075025432 0.000996812480823 0.000929475114597 0.000536310521235 0.000681551754291 0.000796287798797 0.001043345742490 0.000964258867394 0.000717099170121 0.000812275915290 0.000868555484127 0.000953515520290 0.000853621902667 0.000906561202701 0.000782924183726 0.000909920700812 0.000883262015799 0.000950634853307 0.001270126394030 0.000516327804157 0.000647104474070 0.001036671280075 0.000879282888424 0.001365521805187 0.000668670242195 0.000751644096124 0.000747496042541 0.000797097605703 0.001135116520364 0.000602892553908 0.000751950121092 0.000740352299789 0.000800533767276 0.001067153355398 0.000522592024364 0.000704624295562 0.000794915319460 0.000890094668880 0.001068569943829 0.000590324840068 0.000625092169068 0.000755620107526 0.000847668999118 0.000967565387724 0.000507292335135 0.000755132685910 0.000664001120535 0.000842351977007 0.000993062008336 0.000291366880840 0.000387559680581 0.000472738324744 0.000521038811547 0.000614466593277 0.000602363619426 0.000700119161096 0.000808531093200 0.000865778077664 0.001081378415711 0.000591125987918 0.000762910735168 0.000820177383715 0.000750108376873 0.000975091339970 0.000213092877011 0.000334241020970 0.000448214428522 0.000613419234135 0.000646328991984 0.000289005348828 0.000382992211424 0.000456198588257 0.000492470391023 0.000630437582007 0.000477563777042 0.000621329421819 0.000689780629310 0.000784475426676 0.001042170634523 
0.000093741782475 0.000186955268515 0.000286024107553 0.000305886577092 0.000380228759435 0.000124825705438 0.000178159582123 0.000190533474622 0.000266218405498 0.000359813648661 0.000162174587467 0.000200951623500 0.000240413219080 0.000277989336837 0.000395531057645 0.000169395599979 0.000245548606747 0.000381996410405 0.000357019348927 0.000414397728427 0.000222619680831 0.000208139114300 0.000270178344665 0.000355919003810 0.000428796174380 0.000201207652161 0.000256540511491 0.000303646188330 0.000372774325065 0.000436089608929 0.000272111497665 0.000355840310013 0.000454050799180 0.000433178280059 0.000513296598028 0.000335366110519 0.000345185613038 0.000419073637049 0.000408954616073 0.000505390908026 0.000348422857102 0.000421785683181 0.000401650860265 0.000450479887620 0.000535419247981 0.000244219696296 0.000355446922755 0.000458518723711 0.000514998723254 0.000326994259364 0.000342185428500 0.000497874427380 0.000443551325514 0.000315880128574 0.000703140536228 0.000378184306196 0.000378919882532 0.000444445668560 0.000425670626647 0.000326994259364 0.000309262687763 0.000353229860056 0.000455704081916 0.000418611694313 0.000331394601462 0.000358969855502 0.000384962413423 0.000411431500060 0.000387951317811 0.000393381430198 0.000346835595721 0.000404036162906 0.000394421482121 0.000422561756128 0.000535854937457 0.000246574222005 0.000301602801236 0.000451182391475 0.000402487601273 0.000567755727422 0.000306424680536 0.000347658341462 0.000352895383286 0.000347408868131 0.000488941127948 0.000280956054647 0.000341900808244 0.000336672948766 0.000359966569505 0.000467312517119 0.000244082067418 0.000318146786793 0.000355731430995 0.000394796174244 0.000462075850787 0.000278594073551 0.000299113066565 0.000337421880025 0.000369558063732 0.000422249385829 0.000223989880260 0.000332789953637 0.000299322732192 0.000371675492303 0.000433610220356 0.000148206953451 0.000192490094460 0.000228659133132 0.000252363182336 0.000288870299710 0.000282026163122 0.000321810578879 0.000362253723662 0.000384195671174 0.000467796166391 0.000283528231488 0.000335460553719 0.000361203385921 0.000340762629034 0.000432235311784 0.000111630161133 0.000166386405968 0.000214732988994 0.000282482738675 0.000295014595618 0.000144461166319 0.000191020355030 0.000217884141040 0.000232848387909 0.000294793602232 0.000226798508934 0.000286180840854 0.000314408413253 0.000353096223340 0.000451499418187 
0.000115254539760 0.000236878073668 0.000364167224020 0.000394489370286 0.000488820847031 0.000155423898836 0.000221443022373 0.000242835043992 0.000341804623778 0.000465068351634 0.000202795283116 0.000255748951955 0.000303814607049 0.000354267448393 0.000515824087528 0.000211157830649 0.000313101898104 0.000501296080961 0.000457999415666 0.000548445124212 0.000282888594547 0.000260613445570 0.000345125714704 0.000460483891873 0.000555439434936 0.000256540511491 0.000328900194251 0.000390341843459 0.000485509498624 0.000571480151233 0.000346824183787 0.000460465724956 0.000591803630584 0.000574649489777 0.000665175444367 0.000430776419283 0.000444996433800 0.000543299590097 0.000531149838145 0.000653307111354 0.000452484085047 0.000548626833175 0.000523046245472 0.000590347015348 0.000705612358477 0.000313397481017 0.000458751110006 0.000610206157691 0.000667730786607 0.000385491131752 0.000431345571015 0.000647244057458 0.000572647199877 0.000393216580917 0.000950176515424 0.000491844231395 0.000492255052848 0.000576682805985 0.000547356069819 0.000385491131752 0.000398896628959 0.000459114500346 0.000595455715631 0.000548079708175 0.000424799968783 0.000467079021871 0.000500457602745 0.000539895683864 0.000500133813932 0.000515203974639 0.000450991125716 0.000524969051407 0.000511480853534 0.000548859266648 0.000708734921019 0.000312658444183 0.000385569887675 0.000590295118148 0.000517629185813 0.000754821705726 0.000393866421501 0.000445548417011 0.000449212479353 0.000454301676315 0.000641997560006 0.000359137286020 0.000440673337920 0.000433935158154 0.000465713289622 0.000610073366134 0.000311770427836 0.000411027729459 0.000460980450738 0.000513154511525 0.000605889790405 0.000354690921199 0.000379013550221 0.000437571166140 0.000483216287285 0.000551901098727 0.000291525514409 0.000433492985896 0.000386877037923 0.000484060998706 0.000566646153053 0.000184226279932 0.000241040351366 0.000288757367597 0.000318618475489 0.000368206682373 0.000360009366420 0.000413244773131 0.000469235588792 0.000499293075669 0.000613308376091 0.000358986574536 0.000437323563382 0.000470637728190 0.000439339274935 0.000561940846506 0.000137402177151 0.000208204634060 0.000272008439464 0.000362552638257 0.000379736001976 0.000180412250756 0.000238896830610 0.000276261451571 0.000296226804852 0.000376451359314 0.000288132925266 0.000367276939549 0.000404882297232 0.000456654338723 0.000591637412896 
0.000133532066069 0.000279331615557 0.000430753379894 0.000469638607069 0.000581035318252 0.000181710635201 0.000258569510688 0.000287364125887 0.000405910341754 0.000554284483369 0.000237466799135 0.000302360234702 0.000357973208833 0.000419241590722 0.000617429316475 0.000246882042976 0.000370572720440 0.000601942410732 0.000543808922471 0.000661255738829 0.000334237647021 0.000305617448483 0.000408901386502 0.000549086737797 0.000662708788475 0.000303646188330 0.000390341843459 0.000463959042664 0.000580833411673 0.000685747550417 0.000410458876892 0.000549074362050 0.000708250926683 0.000693629888252 0.000793806314205 0.000511820073436 0.000529674737073 0.000648496844231 0.000634566476638 0.000778684034711 0.000540549551755 0.000655921162456 0.000625697524022 0.000708195750656 0.000849014288669 0.000372177063748 0.000546358204371 0.000737667219995 0.000797062281535 0.000437440833281 0.000507620776069 0.000773621358130 0.000682119330373 0.000459733633491 0.001156946229116 0.000587990057042 0.000588158301842 0.000688633124960 0.000650683590452 0.000437440833281 0.000474844117001 0.000548704796438 0.000713502360446 0.000657363414944 0.000504191331162 0.000558500530634 0.000598163849332 0.000648275675102 0.000595309918091 0.000618038585170 0.000539103495152 0.000627301703886 0.000610594928311 0.000655745501463 0.000854250968051 0.000369018583008 0.000456942090648 0.000707762048316 0.000615395509220 0.000912053666681 0.000468114389327 0.000528764985382 0.000531292142339 0.000544575526246 0.000771098932511 0.000425621569140 0.000524474064929 0.000516457601683 0.000555320113914 0.000730694027047 0.000369303888311 0.000489720189107 0.000550090942199 0.000613286500505 0.000727238723694 0.000419538614096 0.000447208698588 0.000522370329014 0.000579207195268 0.000661406747882 0.000348633184405 0.000518636505398 0.000461083602290 0.000578950249284 0.000679016632683 0.000215008137398 0.000282620037249 0.000340087619951 0.000375146558256 0.000435780500201 0.000426323748067 0.000490912499422 0.000559834166404 0.000596669698278 0.000736094810111 0.000423410119720 0.000523428821030 0.000563159432301 0.000522965452856 0.000671675892624 0.000159539170784 0.000243895936199 0.000320861498900 0.000430531578224 0.000451630434685 0.000211263608430 0.000279830824711 0.000326040625755 0.000350229842066 0.000445922495988 0.000340327353723 0.000436113308703 0.000481655811968 0.000544414004536 0.000709911085505 
0.000148075977217 0.000336873820105 0.000525650599448 0.000592847970556 0.000727131400762 0.000209430896256 0.000295189073523 0.000352738149768 0.000506440927557 0.000703357449717 0.000276160832488 0.000369172491317 0.000428379523684 0.000512912046064 0.000800739264309 0.000284258886950 0.000454681012407 0.000792361592444 0.000677090743721 0.000887650984849 0.000406446500644 0.000356331171776 0.000503940529282 0.000698445365220 0.000845410297563 0.000372774325065 0.000485509498624 0.000580833411673 0.000750992910795 0.000899667147837 0.000502488151913 0.000698706286622 0.000917477490124 0.000936064592892 0.001013508350088 0.000639155936285 0.000667568807010 0.000828850737785 0.000814717948024 0.000988042007012 0.000694200762198 0.000845378629936 0.000808682817398 0.000928729280473 0.001128647758595 0.000463799961381 0.000690644499250 0.001002592703700 0.001018991610235 0.000413379161614 0.000602282993053 0.000995538976444 0.000862791652561 0.000525834154649 0.001625045755969 0.000757716849394 0.000755946663525 0.000882005080016 0.000814590573950 0.000413379161614 0.000599455761887 0.000705870036707 0.000929858184563 0.000861322975835 0.000626526068379 0.000721272282689 0.000770295881562 0.000853251955070 0.000750195629619 0.000809683194193 0.000694408227150 0.000806334962749 0.000781193967612 0.000842047801046 0.001145030778222 0.000445696904162 0.000563571670138 0.000924957611899 0.000770744599271 0.001236839377615 0.000586105692966 0.000656417424329 0.000647820685430 0.000710856615509 0.001016330334459 0.000525203562009 0.000660812319844 0.000650527679403 0.000706268295225 0.000950250224780 0.000454941205476 0.000620841215837 0.000702544826112 0.000789090950801 0.000955532683492 0.000511625320457 0.000539156330718 0.000668288581428 0.000755885024103 0.000862570856472 0.000450635560435 0.000670981114931 0.000585442275569 0.000748055241064 0.000885133346405 0.000245411809804 0.000329407991912 0.000406031867716 0.000447196920316 0.000533429700206 0.000523715908811 0.000612932162524 0.000714288322506 0.000767410645076 0.000966858997864 0.000509410175082 0.000678378013110 0.000728890136466 0.000659394117404 0.000864583711046 0.000177503864138 0.000284025447152 0.000386425009151 0.000536648569283 0.000567262024747 0.000245293124165 0.000325070525070 0.000393812260807 0.000426668056198 0.000548362522976 0.000413151428087 0.000543547022691 0.000605708826031 0.000691907783443 0.000931342986322 
0.000164401455569 0.000390720648623 0.000613159395934 0.000702611904471 0.000858320405055 0.000237402983101 0.000332933260370 0.000412626336499 0.000596978592208 0.000835561391111 0.000314507500567 0.000430748426401 0.000494957262927 0.000599034217921 0.000960547575348 0.000322051620319 0.000531763851624 0.000956671104716 0.000797365078035 0.001080664433261 0.000473315929515 0.000406342192012 0.000590616334555 0.000830633565149 0.001006722551240 0.000436089608929 0.000571480151233 0.000685747550417 0.000899667147837 0.001084663855073 0.000587040294714 0.000831092847295 0.001100031768570 0.001142130258579 0.001207354183399 0.000753731473560 0.000790587180004 0.000987844227765 0.000972965416395 0.001173717743542 0.000829143423800 0.001011310649845 0.000968610001938 0.001119499471546 0.001368436330413 0.000546409901625 0.000819027437054 0.001226901990156 0.001214596628789 0.000414692025555 0.000692923615271 0.001190127788942 0.001023462082339 0.000593652199659 0.002015084487516 0.000906385501133 0.000903213024596 0.001052187963670 0.000961721364681 0.000414692025555 0.000710462802886 0.000843716093932 0.001117820729940 0.001037863711506 0.000737139711632 0.000863621738941 0.000921152073687 0.001030136146898 0.000888387621839 0.000975575497166 0.000830490141819 0.000963458263942 0.000931467868237 0.001005677317481 0.001393147698584 0.000517309417137 0.000660735677921 0.001113282304701 0.000910136921547 0.001512163047862 0.000692011764902 0.000771951667699 0.000755376831171 0.000855151839463 0.001227759517226 0.000615899772350 0.000782476816365 0.000770197516812 0.000839879510696 0.001141278856727 0.000533079280617 0.000737220034551 0.000837026734013 0.000943264796954 0.001152763813229 0.000596606523780 0.000625231467071 0.000796826691279 0.000909227151424 0.001037249442332 0.000539782332243 0.000804031688190 0.000695674687188 0.000895881030222 0.001064169406126 0.000276764618748 0.000375575387174 0.000468596353288 0.000515706346837 0.000623155181267 0.000612847797547 0.000722746194092 0.000850643585078 0.000917189104672 0.001166266651575 0.000590138733427 0.000813527002312 0.000873584792387 0.000781059101988 0.001033701081769 0.000197432422493 0.000323690969636 0.000447886294230 0.000632304662086 0.000670742710548 0.000279122673409 0.000369994385320 0.000457101837839 0.000497296610445 0.000642006436976 0.000480728621478 0.000640400994597 0.000716602755352 0.000822539827131 0.001122840585987 
0.000127171881719 0.000253209197312 0.000387586357924 0.000413139885517 0.000514182893278 0.000169317166032 0.000242330885405 0.000257527661963 0.000359920146239 0.000485870387866 0.000220122316110 0.000271928479028 0.000326116815918 0.000376601867204 0.000532987040370 0.000230222390439 0.000332222776442 0.000514034904912 0.000482873933641 0.000556468596349 0.000301387108735 0.000282901241279 0.000365532343796 0.000480511582015 0.000578785382509 0.000272111497665 0.000346824183787 0.000410458876892 0.000502488151913 0.000587040294714 0.000368552847662 0.000480367150354 0.000611884538319 0.000581346567881 0.000692880644715 0.000453576162440 0.000466481310555 0.000565630304407 0.000551726857123 0.000682621746294 0.000469874919061 0.000568736954863 0.000541454404049 0.000606444722688 0.000719748169395 0.000330278728443 0.000480194362118 0.000614866230324 0.000695089424286 0.000451123489008 0.000464963608443 0.000671535829649 0.000599268319949 0.000430472947498 0.000939233608923 0.000509880168712 0.000510972148927 0.000599751961118 0.000575681967583 0.000451123489008 0.000417702887481 0.000476405601728 0.000613760425028 0.000563234616176 0.000448285333655 0.000483531172166 0.000518945382355 0.000553649061866 0.000524337098886 0.000529628161106 0.000467635936281 0.000544951922835 0.000532184769546 0.000570075072021 0.000719689315467 0.000334223006746 0.000408303783414 0.000607600645412 0.000544302472493 0.000761544304388 0.000414090302313 0.000470453994064 0.000478304524550 0.000467907416515 0.000657868744371 0.000380176494023 0.000461991120921 0.000455026388742 0.000486020644886 0.000629507527742 0.000330228933791 0.000429546007764 0.000480040103206 0.000532405382655 0.000621870765152 0.000377671459125 0.000405508879407 0.000455306323402 0.000497747967240 0.000568658111488 0.000301640529491 0.000448477810834 0.000403987531527 0.000501106488339 0.000583991831670 0.000201520543429 0.000261669023071 0.000310277958273 0.000342606478346 0.000391323601312 0.000381944188104 0.000435086307134 0.000488875471671 0.000518122525075 0.000629591799155 0.000384430395210 0.000452056542125 0.000486840192876 0.000460433288699 0.000582925494713 0.000151686456243 0.000225905594902 0.000291135833510 0.000382001810291 0.000398662303931 0.000196011429264 0.000259591281931 0.000295281361523 0.000315464851046 0.000399233471023 0.000307226022164 0.000386979958999 0.000424815074809 0.000476702137483 0.000607732781451 
0.000149056102768 0.000324538105744 0.000503324957140 0.000558122080175 0.000687513158523 0.000206448954080 0.000292506126574 0.000336726626276 0.000479601332308 0.000660456285728 0.000271058820511 0.000353406384692 0.000414266191738 0.000490493763004 0.000743910070402 0.000280449059845 0.000434175425175 0.000730774946445 0.000641816764278 0.000810947799729 0.000389863756784 0.000349214045149 0.000480126277625 0.000655062700617 0.000791773991101 0.000355840310013 0.000460465724956 0.000549074362050 0.000698706286622 0.000831092847295 0.000480367150354 0.000655195476351 0.000852806213207 0.000853000879699 0.000948815474645 0.000604968874639 0.000628973698725 0.000775541542805 0.000760623333120 0.000927820056302 0.000648010052041 0.000787753792570 0.000752526570221 0.000858200279091 0.001035974694921 0.000439442670432 0.000649755830036 0.000910524085507 0.000953336039744 0.000454046152000 0.000585009448539 0.000928386732411 0.000811465948462 0.000520509754995 0.001452990209151 0.000706113230842 0.000705371536816 0.000824421106531 0.000770071497278 0.000454046152000 0.000564358046468 0.000658360342084 0.000861775026559 0.000796148957514 0.000594475302881 0.000671420290981 0.000718072751846 0.000786976566109 0.000706871595619 0.000748486385199 0.000647256530599 0.000752358254517 0.000730581212876 0.000786075061679 0.001046832954529 0.000429000099762 0.000536783605284 0.000856069851858 0.000728463950263 0.001124461473247 0.000554019850582 0.000623148253370 0.000620563218776 0.000658291965124 0.000936757410731 0.000500090940373 0.000622698288150 0.000613098745431 0.000662450204416 0.000881583972421 0.000433565654847 0.000583259111385 0.000657607405986 0.000735916979007 0.000882056193395 0.000490068923283 0.000519424724842 0.000625003622841 0.000700069947229 0.000799140087609 0.000419300828951 0.000624074091228 0.000549558996458 0.000696268025003 0.000820226346173 0.000243247840749 0.000322910794432 0.000393132374372 0.000433368897850 0.000509978541635 0.000499825954737 0.000580192179877 0.000668918634991 0.000715835213420 0.000892650892679 0.000491280409781 0.000630411436894 0.000677799163708 0.000621137076796 0.000806155358147 0.000178278647517 0.000278584386364 0.000372494956307 0.000508427185900 0.000535374137951 0.000240890672760 0.000319237038515 0.000379047280119 0.000408893008295 0.000523058998087 0.000396673258573 0.000514995922563 0.000571310217573 0.000649204034667 0.000860363527286 
0.000179248778446 0.000409870593253 0.000639952855044 0.000723266171074 0.000886601925350 0.000254116451481 0.000357888210220 0.000429661480437 0.000617419328248 0.000858336701953 0.000335245466989 0.000449508178916 0.000520916889942 0.000624544605543 0.000978429112348 0.000344836413891 0.000553781844491 0.000969011796513 0.000825348180691 0.001086755978782 0.000494766244513 0.000432585048021 0.000613928637396 0.000852464349611 0.001032010705668 0.000454050799180 0.000591803630584 0.000708250926683 0.000917477490124 0.001100031768570 0.000611884538319 0.000852806213207 0.001121002729029 0.001146370550770 0.001237261536872 0.000779235687042 0.000814323054558 0.001011898541400 0.000994910199451 0.001205727302604 0.000847773235655 0.001032596556713 0.000987932647113 0.001135539135102 0.001381050618290 0.000565382637748 0.000842624633032 0.001228332909270 0.001244051305043 0.000494138993614 0.000731929338513 0.001215888316945 0.001052680444221 0.000637492573754 0.001994510537057 0.000925522229760 0.000923221790080 0.001076926263601 0.000993257441905 0.000494138993614 0.000731330349873 0.000862092857659 0.001136523426265 0.001053115755059 0.000763626706915 0.000881163242047 0.000940862893389 0.001043469453364 0.000915100136940 0.000989926532211 0.000848168259760 0.000984749967259 0.000953789897943 0.001028294550714 0.001401753136349 0.000542289310658 0.000686572444162 0.001130701270798 0.000939817571586 0.001515133513155 0.000714701553140 0.000799992099893 0.000788644652815 0.000868917479943 0.001243007628579 0.000639870690945 0.000806074037644 0.000793505075142 0.000861998871636 0.001161308626685 0.000554221565008 0.000757608228438 0.000857676149565 0.000963750355568 0.001168447935081 0.000622837690251 0.000655932785358 0.000815929672281 0.000923944563702 0.001054324149262 0.000550559429342 0.000819766933493 0.000714486570659 0.000913843631051 0.001081873199441 0.000297541742095 0.000399887045077 0.000493663290355 0.000543644492904 0.000649549891194 0.000637859623066 0.000747276139540 0.000871964352579 0.000937250362759 0.001182275954234 0.000619663644894 0.000828881364647 0.000890526321140 0.000804378321871 0.001055973750952 0.000214885790063 0.000344811269208 0.000470085659008 0.000654200032745 0.000691842226746 0.000297754457442 0.000394554139932 0.000479167186281 0.000519404717335 0.000667916512114 0.000502857237921 0.000662609629285 0.000738786674990 0.000844446335392 0.001138768076969 
0.000145684601188 0.000381301352607 0.000605276798011 0.000716069175439 0.000867817140932 0.000220593222656 0.000305670678984 0.000409877982569 0.000601976340310 0.000855468597520 0.000295171012449 0.000425579766097 0.000479057097056 0.000592827112667 0.001001951348727 0.000298724319265 0.000527873902784 0.001010066142558 0.000802460009131 0.001158516400964 0.000465754298483 0.000382306981134 0.000588762119400 0.000852226935112 0.001035482144043 0.000433178280059 0.000574649489777 0.000693629888252 0.000936064592892 0.001142130258579 0.000581346567881 0.000853000879699 0.001146370550770 0.001229320504220 0.001242723351925 0.000760595146195 0.000804501129170 0.001017710365762 0.001006285293542 0.001201543591295 0.000857808019249 0.001049401854852 0.001007456777858 0.001178406434516 0.001456072132570 0.000550352687011 0.000835671806024 0.001327544194164 0.001251590074765 0.000272298685437 0.000664424699613 0.001233302348211 0.001044804510262 0.000545948588264 0.002231595263447 0.000940438077578 0.000935071472943 0.001085971963829 0.000972662656607 0.000272298685437 0.000724105988233 0.000874096611144 0.001170715026072 0.001091856911889 0.000740488040101 0.000897835799920 0.000955243813460 0.001087530620457 0.000903897015990 0.001026081248702 0.000861365243694 0.000997479819686 0.000960511574931 0.001040263425011 0.001491831695973 0.000505485525334 0.000659024211221 0.001168588244260 0.000920856450571 0.001633508896600 0.000700089066021 0.000774695553615 0.000745049324044 0.000896773074775 0.001297604798824 0.000614659775468 0.000796054212729 0.000783327663899 0.000861585297713 0.001193212093959 0.000531185535681 0.000754190989279 0.000861818338845 0.000977398572253 0.001215324121764 0.000588497949338 0.000609808172258 0.000821629470660 0.000953298310538 0.001086957985093 0.000561600272892 0.000837018575488 0.000712696040996 0.000931570252651 0.001114749008757 0.000254069132612 0.000353213073248 0.000452420042608 0.000497042756931 0.000617019176457 0.000608914911146 0.000729265693625 0.000875098845681 0.000950066322482 0.001229242633615 0.000574368135308 0.000848129705551 0.000909710504120 0.000795130603580 0.001071470332083 0.000175620145885 0.000304228154685 0.000436369125936 0.000637012957993 0.000680494724504 0.000261519269675 0.000346696806304 0.000446701210181 0.000490128329790 0.000638516220968 0.000472194077079 0.000645114607042 0.000727824375603 0.000843302119040 0.001182324077252 
0.000212385552338 0.000467195368682 0.000725784295110 0.000807560526832 0.000993972989402 0.000295748015492 0.000418715915809 0.000485670584479 0.000693047269896 0.000956186203054 0.000388663481913 0.000509468455469 0.000596091550206 0.000707463005458 0.001079367918393 0.000401768089678 0.000626276241924 0.001061975944559 0.000927376169047 0.001180823489623 0.000561833792003 0.000501139379693 0.000692946254712 0.000948614644684 0.001146942667889 0.000513296598028 0.000665175444367 0.000793806314205 0.001013508350088 0.001207354183399 0.000692880644715 0.000948815474645 0.001237261536872 0.001242723351925 0.001374578595156 0.000874435967635 0.000909995540565 0.001123669764812 0.001102561082840 0.001343312914504 0.000939290892479 0.001142306566629 0.001091540525081 0.001246566233268 0.001507003094668 0.000635016098931 0.000940341482444 0.001327480490404 0.001381310489697 0.000637784540590 0.000841199742444 0.001346056994969 0.001174473788724 0.000745644242073 0.002125378860070 0.001023882307806 0.001022522952893 0.001194746616147 0.001113395820825 0.000637784540590 0.000816547232290 0.000954500810564 0.001251045468717 0.001156322605463 0.000858794346397 0.000973678183471 0.001041114802838 0.001143634930926 0.001022703092913 0.001087192709403 0.000938496011445 0.001090685098077 0.001058596212717 0.001139473578398 0.001524071440318 0.000617871788955 0.000774830145710 0.001243150299351 0.001053282795546 0.001639016657818 0.000800926237035 0.000900167477462 0.000894788962064 0.000955831306915 0.001361494114467 0.000721869929421 0.000900866932480 0.000886982378139 0.000959310488716 0.001279519596883 0.000625676953494 0.000844282884396 0.000952665474079 0.001066940586764 0.001281565004438 0.000706664801668 0.000747991754591 0.000905621551509 0.001016467141540 0.001160199412521 0.000608099269720 0.000905277999692 0.000795623211281 0.001009839106300 0.001190759711924 0.000348108005264 0.000463352571066 0.000565548242104 0.000623329873019 0.000735606632160 0.000721186472656 0.000838553015281 0.000968956595917 0.001037781097936 0.001296916410974 0.000707306884908 0.000914655016766 0.000983284109585 0.000898679360081 0.001168847307242 0.000254347072963 0.000399542832877 0.000536324075957 0.000734685208680 0.000774249618523 0.000345408203274 0.000457824946092 0.000545908503105 0.000589468758334 0.000754824804506 0.000571549458808 0.000744151902671 0.000826325478573 0.000940035847593 0.001249855507066 
0.000148380285135 0.000308923423575 0.000476143103775 0.000517740478696 0.000641050695887 0.000201512398665 0.000287093562823 0.000317339560826 0.000447885769035 0.000610846340796 0.000263271441182 0.000334096121356 0.000396212279846 0.000463324300128 0.000679257172823 0.000273941240179 0.000409342594577 0.000661430895756 0.000600170111056 0.000725421191861 0.000369441675369 0.000338897575320 0.000451566803917 0.000605006325954 0.000730047701009 0.000335366110519 0.000430776419283 0.000511820073436 0.000639155936285 0.000753731473560 0.000453576162440 0.000604968874639 0.000779235687042 0.000760595146195 0.000874435967635 0.000564770951161 0.000584058443690 0.000714304637902 0.000698707238929 0.000858203258959 0.000595120014903 0.000721971247591 0.000688553719665 0.000778438539454 0.000932164374216 0.000410718678453 0.000602308227180 0.000808395756582 0.000877931015328 0.000491902549486 0.000562342280395 0.000851659246386 0.000751960073449 0.000510644465106 0.001264241276496 0.000647184885080 0.000647497420382 0.000758386209961 0.000717894095964 0.000491902549486 0.000523480371471 0.000604055193616 0.000784635318279 0.000722501350893 0.000556530593297 0.000614516019679 0.000658386101476 0.000712348881194 0.000656456617019 0.000679390045445 0.000593396919895 0.000690619130451 0.000672466218302 0.000722017401256 0.000937264455598 0.000408158961458 0.000504680503589 0.000778175810364 0.000678935572541 0.000999693949424 0.000516363577703 0.000583736477178 0.000587334765081 0.000598812101577 0.000847221697399 0.000470020643251 0.000578317669147 0.000569518204061 0.000611892770142 0.000803672798286 0.000407849951891 0.000539704434948 0.000605909158943 0.000675126651671 0.000799221518432 0.000463811825262 0.000494714534280 0.000575310153717 0.000636903564668 0.000727303139936 0.000383554328234 0.000570658634226 0.000508055762475 0.000637141703694 0.000746697420871 0.000238709186538 0.000313413844023 0.000376495008249 0.000415392793461 0.000481583054098 0.000471009136408 0.000541657729470 0.000616685433557 0.000656852506225 0.000808975980165 0.000468453645576 0.000575867573818 0.000619654354554 0.000576624982663 0.000739396370172 0.000177321690063 0.000270399957646 0.000354970140002 0.000475105029030 0.000498090757010 0.000234216539249 0.000310352097441 0.000360604790729 0.000387149876799 0.000492632887414 0.000376263518699 0.000481261282132 0.000531151895412 0.000599886737658 0.000780276525904 
0.000148677321762 0.000316418239690 0.000489257242320 0.000537060985394 0.000663337568206 0.000203924626739 0.000289798897620 0.000326623247920 0.000463069631509 0.000634576599704 0.000267045497210 0.000343358664586 0.000404963303639 0.000476421247593 0.000710077253920 0.000277137883586 0.000421258417555 0.000694456401267 0.000620154051169 0.000766076742018 0.000379260881025 0.000343980769067 0.000465280613613 0.000628941601866 0.000759553541501 0.000345185613038 0.000444996433800 0.000529674737073 0.000667568807010 0.000790587180004 0.000466481310555 0.000628973698725 0.000814323054558 0.000804501129170 0.000909995540565 0.000584058443690 0.000605574399971 0.000743576846027 0.000728284354435 0.000891519085712 0.000620366655723 0.000753369704294 0.000719079622865 0.000816400626394 0.000981553859120 0.000424500314370 0.000625022958946 0.000856893786416 0.000913973717922 0.000474586978636 0.000573428012768 0.000888299874545 0.000780454040532 0.000515693585355 0.001353681109761 0.000675305015839 0.000675120393747 0.000789941832010 0.000742926521796 0.000474586978636 0.000543023530837 0.000629985114238 0.000821401482407 0.000757555830659 0.000574742176586 0.000641626468639 0.000686859363640 0.000747891499213 0.000680613398100 0.000712313279771 0.000619101180207 0.000720099385786 0.000700228866932 0.000752616829166 0.000989354097649 0.000418222562348 0.000520107743009 0.000815301612732 0.000702695698833 0.001058952842899 0.000534397021581 0.000602671146788 0.000603375156168 0.000627165171214 0.000889856073856 0.000484459336200 0.000599572286165 0.000590399247734 0.000636072685946 0.000840813116238 0.000420184997261 0.000560522703240 0.000630606430746 0.000704144614029 0.000838671407323 0.000476494671059 0.000506659298317 0.000599055046307 0.000667015082008 0.000761538924129 0.000400581990101 0.000596134356054 0.000527888715453 0.000665333195522 0.000781741951253 0.000240948584717 0.000318086153661 0.000384568069479 0.000424119795230 0.000495268319719 0.000484870795774 0.000560131128408 0.000641642164702 0.000685008189004 0.000848827491462 0.000479495995824 0.000601882151370 0.000647394080428 0.000597940670684 0.000771268359432 0.000177821754003 0.000274373651771 0.000363439210641 0.000491079279005 0.000515943921663 0.000237475689730 0.000314704047393 0.000369503491287 0.000397631881839 0.000507276492982 0.000386081611963 0.000497427640727 0.000550379046909 0.000623468131605 0.000818424806124 
0.000172824827089 0.000381211310684 0.000592427177850 0.000659912942434 0.000812007198205 0.000240961763775 0.000341032070095 0.000396520155107 0.000566120026553 0.000781495469472 0.000316753014446 0.000415872311431 0.000486253954716 0.000577521297161 0.000882797249278 0.000327321848547 0.000511301526055 0.000868993441058 0.000757479629566 0.000966853422605 0.000458555213593 0.000408446141880 0.000565812365445 0.000775367626370 0.000937560862867 0.000419073637049 0.000543299590097 0.000648496844231 0.000828850737785 0.000987844227765 0.000565630304407 0.000775541542805 0.001011898541400 0.001017710365762 0.001123669764812 0.000714304637902 0.000743576846027 0.000918593066091 0.000901469537487 0.001097888220283 0.000767988073778 0.000934084328737 0.000892653315645 0.001019911885066 0.001233539284374 0.000518696921379 0.000768447913124 0.001087368313376 0.001129220859224 0.000516112585808 0.000685995051806 0.001100637860966 0.000959799696745 0.000607329637004 0.001742776400792 0.000837244294406 0.000836061494850 0.000976764811690 0.000909576179282 0.000516112585808 0.000667257040930 0.000780465120517 0.001023371897564 0.000946057919297 0.000701414530869 0.000796253120721 0.000851318507697 0.000935810322913 0.000835667926003 0.000889488162228 0.000767412675326 0.000891795495726 0.000865425939970 0.000931654721740 0.001247842374829 0.000504175019256 0.000632682248543 0.001017004732017 0.000860480813404 0.001342457952843 0.000654317288936 0.000735181332363 0.000730356056956 0.000781922992229 0.001114126220753 0.000589450432980 0.000736111775122 0.000724757645597 0.000784106055166 0.001046592373887 0.000510877239747 0.000690016887730 0.000778781608193 0.000872408964875 0.001048614022081 0.000576804264451 0.000610311814348 0.000740366292137 0.000831520773952 0.000949080405020 0.000497309198141 0.000740356531444 0.000650283307882 0.000825830345916 0.000974065078945 0.000283523986337 0.000377643855086 0.000461302444685 0.000508404697140 0.000600505766484 0.000588802916041 0.000684991962781 0.000792073940109 0.000848555537462 0.001061163993224 0.000577077696406 0.000748067142616 0.000804161206171 0.000734341315646 0.000955746641433 0.000206988552111 0.000325632980175 0.000437592428396 0.000600112881080 0.000632587393258 0.000281487875678 0.000373099526499 0.000445456173519 0.000481134440889 0.000616287107237 0.000466456596385 0.000607843415415 0.000675162363828 0.000768335012834 0.001022617951125 
0.000166208006057 0.000371062055316 0.000577597418719 0.000646495615070 0.000794512734073 0.000233031951954 0.000329325209553 0.000386946458334 0.000553696482444 0.000766160075238 0.000306714377737 0.000405512687480 0.000472766452082 0.000563270680833 0.000868112592095 0.000316481693115 0.000498908598257 0.000856301020614 0.000740634701359 0.000955304465490 0.000446872627527 0.000395627158727 0.000552440068067 0.000760409503921 0.000919843461971 0.000408954616073 0.000531149838145 0.000634566476638 0.000814717948024 0.000972965416395 0.000551726857123 0.000760623333120 0.000994910199451 0.001006285293542 0.001102561082840 0.000698707238929 0.000728284354435 0.000901469537487 0.000885224607224 0.001076324902599 0.000754187228365 0.000917749002462 0.000877383548928 0.001004490924915 0.001217174372780 0.000507225209874 0.000752959873336 0.001076205248909 0.001108210080716 0.000484290184116 0.000666121196735 0.001081151548374 0.000940532124856 0.000586600028844 0.001732585087850 0.000822589956876 0.000821128547169 0.000958839591453 0.000890022087685 0.000484290184116 0.000653695517724 0.000766614486936 0.001007031979087 0.000931662903396 0.000685625621802 0.000782571211923 0.000836343378896 0.000922127125743 0.000818463706018 0.000875917993066 0.000753933421816 0.000875872544312 0.000849419886120 0.000914886833581 0.001232687058959 0.000490840721752 0.000617780361280 0.001001148715726 0.000842033492952 0.001328270723355 0.000640279246127 0.000718525436295 0.000711988862914 0.000769606489371 0.001098047364374 0.000575616169927 0.000720945280480 0.000709792026169 0.000768961054252 0.001029580262598 0.000498772682846 0.000676391995766 0.000764190429520 0.000856950981499 0.001033037352799 0.000562305310455 0.000594015873833 0.000726666864629 0.000818396439815 0.000934017900360 0.000488826220237 0.000727798848420 0.000637586203241 0.000811668836007 0.000958545040803 0.000273786916415 0.000365772121060 0.000448354730433 0.000494018502313 0.000585732422681 0.000574608088754 0.000670025764247 0.000777127798005 0.000833475091250 0.001045354440294 0.000561503407451 0.000735556162484 0.000790562603630 0.000719284816741 0.000938864431097 0.000199148240937 0.000315370932028 0.000425843993087 0.000586861116794 0.000619286641318 0.000272508233822 0.000361202592767 0.000433681220621 0.000468983529731 0.000601517053729 0.000454455227477 0.000594413261392 0.000661079826685 0.000753423907236 0.001007214592511 
0.000213209855599 0.000461582910581 0.000715486929040 0.000790904338568 0.000975124884106 0.000294731885224 0.000418087519059 0.000478188855852 0.000680285110934 0.000935535381245 0.000386684076299 0.000502154761293 0.000589838726241 0.000697080252630 0.001051629074942 0.000400502854863 0.000616709546165 0.001031723473300 0.000910671461503 0.001142863160395 0.000554203806842 0.000498377460019 0.000681788216970 0.000927696154785 0.001121030637958 0.000505390908026 0.000653307111354 0.000778684034711 0.000988042007012 0.001173717743542 0.000682621746294 0.000927820056302 0.001205727302604 0.001201543591295 0.001343312914504 0.000858203258959 0.000891519085712 0.001097888220283 0.001076324902599 0.001314334439132 0.000916874560414 0.001114289621274 0.001064196064484 0.001211937000791 0.001461298319220 0.000623471366655 0.000920718835797 0.001281736888142 0.001349552320407 0.000660418126723 0.000833793378611 0.001313442880477 0.001149835825682 0.000744327732197 0.002039189330763 0.000998790855549 0.000997967398227 0.001166859828424 0.001092212241400 0.000660418126723 0.000799697269008 0.000931428756471 0.001217747469529 0.001124352021715 0.000843645469388 0.000949388721187 0.001015725896786 0.001111081078100 0.001001968163293 0.001057194248581 0.000915575965508 0.001064483429940 0.001034095548865 0.001112323790216 0.001475497277889 0.000610301280641 0.000762269100868 0.001209420329982 0.001033156588331 0.001583219659142 0.000785639267906 0.000884467840218 0.000882236406465 0.000930108093462 0.001322384148303 0.000710084495477 0.000882621860106 0.000869074215436 0.000938186773663 0.001245970059682 0.000615653466267 0.000826190659072 0.000930931222637 0.001041109873522 0.001245495852924 0.000696740221405 0.000739086524174 0.000884671581064 0.000989156612866 0.001129166137740 0.000592824156689 0.000882419710244 0.000778333125019 0.000984599804645 0.001159011515410 0.000347592580816 0.000460831512207 0.000559870939991 0.000617267760354 0.000724736485892 0.000710042290122 0.000823000981470 0.000947028496601 0.001012732027898 0.001260493245637 0.000699163392313 0.000891261983341 0.000958386856528 0.000880355341413 0.001140461718281 0.000255193409885 0.000397410988814 0.000530045936949 0.000721294219261 0.000759017258146 0.000343747020812 0.000455615056957 0.000539208903105 0.000581284553542 0.000743014396265 0.000563984511948 0.000730601325109 0.000809878273772 0.000919455208922 0.001215036372404 
0.000141680048705 0.000316082755252 0.000491859133167 0.000550771771027 0.000676725987841 0.000198547027793 0.000280375054596 0.000329729004680 0.000471663114313 0.000652704214985 0.000261232984344 0.000345456632023 0.000402578328786 0.000479677473895 0.000739725794219 0.000269478935001 0.000425010266175 0.000729754311107 0.000630855564098 0.000814301941783 0.000380664177693 0.000336806531715 0.000470587234367 0.000647818234856 0.000783652983341 0.000348422857102 0.000452484085047 0.000540549551755 0.000694200762198 0.000829143423800 0.000469874919061 0.000648010052041 0.000847773235655 0.000857808019249 0.000939290892479 0.000595120014903 0.000620366655723 0.000767988073778 0.000754187228365 0.000916874560414 0.000642615151755 0.000781962599978 0.000747585656604 0.000855998349535 0.001037406173647 0.000432048780041 0.000641414352289 0.000917481893331 0.000944117423779 0.000411036954847 0.000566998388900 0.000921135855888 0.000801172908455 0.000499093399369 0.001477586743065 0.000700908997106 0.000699655969024 0.000816882572490 0.000758053711718 0.000411036954847 0.000556902471547 0.000653167539666 0.000858150791291 0.000794068810656 0.000583991876693 0.000666954671784 0.000712663757871 0.000785852133242 0.000697160924661 0.000746429158992 0.000642404972675 0.000746258170738 0.000723699125716 0.000779460126769 0.001050723498642 0.000418007873419 0.000526142088084 0.000853123968161 0.000717185775006 0.001132343739202 0.000545462156064 0.000611960148115 0.000606270513293 0.000655807629318 0.000935783935415 0.000490295888341 0.000614137329582 0.000604601575376 0.000655088184575 0.000877353848527 0.000424871781712 0.000576259724973 0.000651079786485 0.000730156779735 0.000880370736358 0.000478784054960 0.000505861277222 0.000619103278896 0.000697382474223 0.000795938690327 0.000416628459747 0.000620175587509 0.000543240344336 0.000691568993996 0.000816833340911 0.000233115854702 0.000311376144172 0.000381763444684 0.000420591375171 0.000498809120006 0.000489348984361 0.000570751325573 0.000662100048513 0.000710154094762 0.000890863807918 0.000478169224043 0.000626775241053 0.000673626314907 0.000612723445055 0.000799933300684 0.000169662806063 0.000268575655756 0.000362643102733 0.000499887769242 0.000527555156609 0.000232133293090 0.000307528327274 0.000369349498447 0.000399401529934 0.000512258677330 0.000387063053002 0.000506329850666 0.000563167906275 0.000641875151461 0.000858349919994 
0.000169353801279 0.000381864305241 0.000595151639812 0.000668931651335 0.000821171609004 0.000238528743935 0.000336571064267 0.000399114692313 0.000572105193956 0.000793217483440 0.000314240612346 0.000417946119160 0.000485995901989 0.000580575744632 0.000901111397127 0.000323808065640 0.000514497164683 0.000890400163138 0.000765043925896 0.000995623590340 0.000460337622448 0.000405370255549 0.000569983335664 0.000787490492992 0.000952923223210 0.000421785683181 0.000548626833175 0.000655921162456 0.000845378629936 0.001011310649845 0.000568736954863 0.000787753792570 0.001032596556713 0.001049401854852 0.001142306566629 0.000721971247591 0.000753369704294 0.000934084328737 0.000917749002462 0.001114289621274 0.000781962599978 0.000951925169092 0.000910355697376 0.001044023590589 0.001267105690646 0.000523998541821 0.000779179907879 0.001123238656141 0.001148338997880 0.000482070935904 0.000683921219549 0.001121183579820 0.000973337268968 0.000599458953294 0.001815093024058 0.000853224157497 0.000851448609853 0.000993781272342 0.000919911803840 0.000482070935904 0.000676384545963 0.000794979226548 0.001045919028298 0.000968314837271 0.000708055050809 0.000812002441791 0.000867443213003 0.000958834581617 0.000846629418852 0.000910285382724 0.000781968301091 0.000908197938612 0.000880285467754 0.000948519724822 0.001284491955422 0.000505156271290 0.000637393031604 0.001040128180419 0.000870357745407 0.001385962758206 0.000661863348613 0.000741912656398 0.000733540290116 0.000799459551071 0.001141943915816 0.000593963113208 0.000745764716738 0.000734182709524 0.000796323389411 0.001069075228236 0.000514585624115 0.000700221220231 0.000791796064552 0.000888689348465 0.001073952494898 0.000579317961761 0.000611202182831 0.000753060471588 0.000850118778013 0.000970166837022 0.000507272228090 0.000755262214641 0.000660190659730 0.000842130246937 0.000995588070724 0.000279818372188 0.000374756290942 0.000460756445016 0.000507557191568 0.000603767528730 0.000592557303632 0.000692355952263 0.000805109150373 0.000864305220503 0.001086715999975 0.000577603517084 0.000763458796690 0.000820414296974 0.000744110481742 0.000973673572156 0.000202945268052 0.000323145374386 0.000438106583971 0.000606288867003 0.000640384888030 0.000279160381490 0.000369948950358 0.000446344270036 0.000483160335161 0.000620378891248 0.000468018696911 0.000614089022703 0.000683703932206 0.000780183979093 0.001046918639540 
0.000159736620311 0.000363052262385 0.000566440289552 0.000638572254847 0.000783308785379 0.000225824000546 0.000318360560700 0.000380056296562 0.000545580203227 0.000757562029757 0.000297757224721 0.000397799834243 0.000461729473892 0.000552694318092 0.000862219017425 0.000306535529889 0.000489912679382 0.000853045430910 0.000729441227820 0.000955410413630 0.000437988442454 0.000384203600615 0.000542963878936 0.000752249735070 0.000910506282097 0.000401650860265 0.000523046245472 0.000625697524022 0.000808682817398 0.000968610001938 0.000541454404049 0.000752526570221 0.000987932647113 0.001007456777858 0.001091540525081 0.000688553719665 0.000719079622865 0.000892653315645 0.000877383548928 0.001064196064484 0.000747585656604 0.000910355697376 0.000870810059167 0.000999906010655 0.001214945416712 0.000499652762141 0.000743907455880 0.001078969623955 0.001097428169843 0.000447152405054 0.000649266452991 0.001072082217578 0.000929326821977 0.000567135416304 0.001748178208626 0.000815954169270 0.000814072444674 0.000949874677127 0.000877524666017 0.000447152405054 0.000645690044579 0.000760142052700 0.001001191269279 0.000927325861823 0.000674985407061 0.000776672966933 0.000829502081132 0.000918600038596 0.000808086026264 0.000871745629814 0.000747782890579 0.000868339442120 0.000841312260237 0.000906813671322 0.001232460305884 0.000480337424487 0.000607220907036 0.000995885096635 0.000830285803900 0.001331095951761 0.000631370899318 0.000707202328036 0.000698102211208 0.000765377425699 0.001094152481333 0.000565870277895 0.000711801320982 0.000700729995183 0.000760678104771 0.001023173140439 0.000490172913206 0.000668690160755 0.000756625674842 0.000849757844947 0.001028735898048 0.000551338032038 0.000581076259101 0.000719718503961 0.000813861066878 0.000928733820210 0.000485239147289 0.000722515076529 0.000630546382879 0.000805529807589 0.000953032597206 0.000264673455654 0.000355177471426 0.000437657699619 0.000482044848809 0.000574799473254 0.000564307152632 0.000660296983531 0.000769282109924 0.000826414242336 0.001040933986051 0.000549030885059 0.000730466836951 0.000784871540251 0.000710267763167 0.000931052909048 0.000191485213160 0.000306235152229 0.000416474027537 0.000578131200569 0.000611052864326 0.000264476397299 0.000350510134989 0.000424416951232 0.000459781306912 0.000590857662329 0.000445230072926 0.000585562997609 0.000652457113277 0.000745214564584 0.001002711421865 
0.000170709778183 0.000404028659342 0.000633459414576 0.000725537674142 0.000886431329567 0.000245447133100 0.000344516599411 0.000426229389103 0.000616768085320 0.000862762018547 0.000325501035321 0.000445149864661 0.000511508067983 0.000618843430387 0.000991680408038 0.000333314734327 0.000549410022168 0.000987352482764 0.000823529262608 0.001115058522492 0.000489056527641 0.000420071684429 0.000610073538734 0.000857647610752 0.001039427135708 0.000450479887620 0.000590347015348 0.000708195750656 0.000928729280473 0.001119499471546 0.000606444722688 0.000858200279091 0.001135539135102 0.001178406434516 0.001246566233268 0.000778438539454 0.000816400626394 0.001019911885066 0.001004490924915 0.001211937000791 0.000855998349535 0.001044023590589 0.000999906010655 0.001155880536266 0.001412156650479 0.000564330771709 0.000845735400221 0.001265765875071 0.001254022435810 0.000430508410282 0.000716166202207 0.001228652869235 0.001056830145160 0.000613915940202 0.002078136962579 0.000935703181985 0.000932458025588 0.001086314701243 0.000993217679200 0.000430508410282 0.000733800315238 0.000871028627158 0.001153814453228 0.001071199793069 0.000761351323377 0.000891519127957 0.000950951570224 0.001063174526303 0.000917398275973 0.001006925712666 0.000857356245421 0.000994657098208 0.000961688397553 0.001038260511335 0.001437514578744 0.000534570524890 0.000682656261795 0.001149092449516 0.000939936960296 0.001560103906752 0.000714659746650 0.000797320646282 0.000780399130815 0.000882672046316 0.001267118524865 0.000636248801016 0.000808025794184 0.000795352731379 0.000867196833128 0.001178058840293 0.000550785628558 0.000761317404297 0.000864253098080 0.000973814787072 0.001189770378302 0.000616370753658 0.000646037305529 0.000822678333817 0.000938489361347 0.001070638901902 0.000557206700510 0.000829994106061 0.000718307950877 0.000925139220522 0.001098432123814 0.000286628583041 0.000388394271507 0.000484333441687 0.000533194453286 0.000643757388085 0.000633231793743 0.000746432529892 0.000878304030197 0.000946902252054 0.001203712565707 0.000609793590409 0.000839779112924 0.000901791243394 0.000806554471604 0.001067157315820 0.000204488667994 0.000334992724182 0.000462880220028 0.000653149061065 0.000692697999818 0.000288556454779 0.000382819216839 0.000472366976956 0.000513798266760 0.000663265880326 0.000496889569910 0.000661542422757 0.000740026462699 0.000849298429325 0.001158901149238 
0.000191849187080 0.000475852482013 0.000750674078102 0.000872946607302 0.001062466517852 0.000282838113164 0.000394561114245 0.000506614509319 0.000738053004236 0.001040342276258 0.000376364930941 0.000527561001703 0.000600551308109 0.000734228378927 0.001206466754576 0.000383392437610 0.000652693704986 0.001208493803962 0.000984897577023 0.001375075148002 0.000578628394822 0.000486800574241 0.000726329474526 0.001035230238923 0.001256161862255 0.000535419247981 0.000705612358477 0.000849014288669 0.001128647758595 0.001368436330413 0.000719748169395 0.001035974694921 0.001381050618290 0.001456072132570 0.001507003094668 0.000932164374216 0.000981553859120 0.001233539284374 0.001217174372780 0.001461298319220 0.001037406173647 0.001267105690646 0.001214945416712 0.001412156650479 0.001735036357976 0.000675175228174 0.001018129008825 0.001568105976860 0.001516844086933 0.000429943752035 0.000837213715566 0.001490214865938 0.001272568832702 0.000704058472677 0.002604536795809 0.001135591905764 0.001130440183508 0.001315005639143 0.001190632018160 0.000429943752035 0.000882721443474 0.001056327044291 0.001406677567646 0.001308827411770 0.000909736710414 0.001083016500492 0.001153799760903 0.001301239348718 0.001102906962599 0.001230138113868 0.001040318360721 0.001205863186504 0.001163641400576 0.001258179585593 0.001771737998250 0.000630391804701 0.000812768676219 0.001402456047570 0.001126975769865 0.001931169219594 0.000856839850452 0.000952266498551 0.000924438672778 0.001076787965618 0.001551690919113 0.000757817282551 0.000971374084792 0.000955998225598 0.001046680802138 0.001435022708250 0.000655446762169 0.000917562306961 0.001044918036804 0.001181057319503 0.001455195947990 0.000730161309517 0.000761264456268 0.000995414633510 0.001144774754006 0.001305641302238 0.000677152253277 0.001008930788471 0.000866424405025 0.001123583510396 0.001339289270696 0.000327976324296 0.000449858430489 0.000567929585951 0.000624538200818 0.000763975545839 0.000752531116027 0.000893807876650 0.001061497371784 0.001148230391145 0.001472061383013 0.000717847582343 0.001021541698005 0.001096370781139 0.000969908632840 0.001294498752016 0.000230773233003 0.000387603382807 0.000545066358518 0.000781395054561 0.000831596119723 0.000333769046162 0.000442454132824 0.000557049307639 0.000608385926220 0.000788693067059 0.000587205936062 0.000791369429352 0.000888909250348 0.001024790508038 0.001416597944275 
0.000108787194867 0.000225205743890 0.000346764052824 0.000376291497229 0.000466125338743 0.000147352510023 0.000209956858967 0.000231120114147 0.000325762685132 0.000443792033091 0.000192358864707 0.000243368272798 0.000288921980173 0.000337378924610 0.000492801633067 0.000200247469338 0.000298076804140 0.000479398307952 0.000436564683131 0.000525090000005 0.000269175204414 0.000247506543791 0.000328714605112 0.000439479180696 0.000530202574765 0.000244219696296 0.000313397481017 0.000372177063748 0.000463799961381 0.000546409901625 0.000330278728443 0.000439442670432 0.000565382637748 0.000550352687011 0.000635016098931 0.000410718678453 0.000424500314370 0.000518696921379 0.000507225209874 0.000623471366655 0.000432048780041 0.000523998541821 0.000499652762141 0.000564330771709 0.000675175228174 0.000298745621725 0.000437685753683 0.000584655547756 0.000637501776179 0.000362957603501 0.000410193225026 0.000618170026076 0.000546401587537 0.000373260823816 0.000912246380778 0.000469736079100 0.000470047145220 0.000550632933852 0.000521975031559 0.000362957603501 0.000380458620135 0.000438467592784 0.000569076420856 0.000523872000660 0.000404866340770 0.000446017136160 0.000477905265920 0.000516308548663 0.000477114262877 0.000492562037606 0.000430711265355 0.000501329889391 0.000488303437134 0.000524141771894 0.000678493613836 0.000297469698377 0.000367310435657 0.000564273876625 0.000493638662024 0.000723118049899 0.000375496459032 0.000424666246793 0.000427746994352 0.000434245969312 0.000613997681888 0.000342100920107 0.000420347303723 0.000413942993745 0.000444480648286 0.000582967012985 0.000296899209538 0.000392145384504 0.000440028293009 0.000490057848062 0.000579338110007 0.000337772232912 0.000360584145143 0.000417755875372 0.000461878169075 0.000527471715456 0.000278384551100 0.000414094808562 0.000369129583523 0.000462345118764 0.000541551994258 0.000174586362641 0.000228893952276 0.000274573531535 0.000302947111664 0.000350662541158 0.000342886911790 0.000393942763803 0.000447883743478 0.000476806638406 0.000586421064049 0.000341490243675 0.000417817527001 0.000449621489293 0.000419095339153 0.000536684009845 0.000129937583357 0.000197537523513 0.000258750320266 0.000345572752975 0.000362118556880 0.000171163465229 0.000226724111287 0.000262820765775 0.000282000711595 0.000358600654603 0.000274150054856 0.000350055937028 0.000386127301345 0.000435790750123 0.000565662197615 
0.000151765404642 0.000325300904054 0.000503488327096 0.000554402493357 0.000684195423231 0.000208830208146 0.000296489510600 0.000336339073056 0.000477510317132 0.000655372685293 0.000273665605229 0.000353388020555 0.000416022758680 0.000490393414956 0.000734831928454 0.000283750714501 0.000433750206139 0.000719664533831 0.000639365672074 0.000795356768664 0.000390194253561 0.000352558677265 0.000479262320659 0.000649697399902 0.000784826575973 0.000355446922755 0.000458751110006 0.000546358204371 0.000690644499250 0.000819027437054 0.000480194362118 0.000649755830036 0.000842624633032 0.000835671806024 0.000940341482444 0.000602308227180 0.000625022958946 0.000768447913124 0.000752959873336 0.000920718835797 0.000641414352289 0.000779179907879 0.000743907455880 0.000845735400221 0.001018129008825 0.000437685753683 0.000645274292495 0.000890698378080 0.000944566456141 0.000477922261020 0.000588605560507 0.000918593759998 0.000805781280923 0.000527628230820 0.001411551167205 0.000698436400682 0.000698077212646 0.000816523407250 0.000766308355322 0.000477922261020 0.000560560306640 0.000651452684455 0.000850425701378 0.000784738545362 0.000592441780170 0.000663762348631 0.000710348603513 0.000775030694057 0.000702459760134 0.000737839070166 0.000640280222473 0.000744583967211 0.000723726284645 0.000778128651328 0.001027023985753 0.000430000427535 0.000535754294388 0.000844323559601 0.000724839907251 0.001100493523455 0.000551243956788 0.000621165703042 0.000620876647694 0.000649418473098 0.000922268472328 0.000499067315816 0.000618815070968 0.000609325822006 0.000657051851504 0.000870352590255 0.000432794952282 0.000578848088041 0.000651662179988 0.000728155311969 0.000868967940220 0.000490316431125 0.000520843162289 0.000619151997029 0.000690667111894 0.000788499937657 0.000414437840069 0.000616781457803 0.000545230919340 0.000688283216542 0.000809383246315 0.000246511482849 0.000326006350937 0.000394985104665 0.000435539609854 0.000509818006114 0.000499275369308 0.000577634633141 0.000663007198333 0.000708341035257 0.000879464278846 0.000492828520459 0.000622826688063 0.000669836302370 0.000617171974874 0.000797595722147 0.000181549096714 0.000281203132700 0.000373577496782 0.000506345091882 0.000532356527332 0.000243334909211 0.000322454643413 0.000379914725169 0.000409142723449 0.000522393830719 0.000397141058667 0.000512887693931 0.000567950758613 0.000643994750595 0.000847868277537 
0.000149314959741 0.000401717652262 0.000639638184826 0.000762997077483 0.000922815379245 0.000229271603815 0.000316605936101 0.000433855974294 0.000639686804007 0.000912588448486 0.000307656171166 0.000449840208926 0.000503589936987 0.000626898503799 0.001073836681969 0.000310325036230 0.000558661201511 0.001085742841136 0.000852298567794 0.001249893290847 0.000491780661661 0.000398758067705 0.000623785719090 0.000909616232827 0.001105908542286 0.000458518723711 0.000610206157691 0.000737667219995 0.001002592703700 0.001226901990156 0.000614866230324 0.000910524085507 0.001228332909270 0.001327544194164 0.001327480490404 0.000808395756582 0.000856893786416 0.001087368313376 0.001076205248909 0.001281736888142 0.000917481893331 0.001123238656141 0.001078969623955 0.001265765875071 0.001568105976860 0.000584655547756 0.000890698378080 0.001435403737656 0.001337329907238 0.000249506334084 0.000696676527767 0.001319640186782 0.001113748294710 0.000565756290154 0.002425946329684 0.001006584557309 0.001000289682736 0.001160829860439 0.001034388649757 0.000249506334084 0.000771570960864 0.000935226770864 0.001255952554970 0.001172635525440 0.000786107127532 0.000961454365971 0.001022294159692 0.001168984325669 0.000962729156160 0.001101930697004 0.000921862246567 0.001067060738959 0.001026490290478 0.001112583159208 0.001609068458038 0.000532736471205 0.000698330634902 0.001254361445296 0.000979393148675 0.001765540806037 0.000744570229371 0.000822212014143 0.000787175814868 0.000962369318247 0.001395171909670 0.000651417540790 0.000847843673129 0.000834226722845 0.000919570117229 0.001279542908070 0.000562723619956 0.000804388287303 0.000920667491357 0.001045798420696 0.001305917621127 0.000621786468180 0.000642366448287 0.000878054802263 0.001022980788928 0.001166262090201 0.000601505057657 0.000896627487510 0.000760401601696 0.000997632603182 0.001195970705526 0.000263147664395 0.000368369298519 0.000475269240790 0.000521900970077 0.000652570784063 0.000644584339479 0.000775079168573 0.000934657062274 0.001016469988598 0.001320790745492 0.000604690317513 0.000908854702344 0.000974571990847 0.000847000841072 0.001146551093864 0.000180204857990 0.000317225295332 0.000459532348285 0.000676758218319 0.000724255325096 0.000272450187556 0.000361201512702 0.000470795666669 0.000517735187433 0.000676094356906 0.000498341513434 0.000685350637814 0.000774846258383 0.000899923297212 0.001270077851303 
0.000212207951948 0.000468403708139 0.000728001347703 0.000811146782394 0.000998031163442 0.000295966696597 0.000418851064900 0.000487281427171 0.000695795069152 0.000960632565123 0.000389089547666 0.000511043106760 0.000597437740076 0.000709698450605 0.001085340486908 0.000402040372928 0.000628335987463 0.001068489777372 0.000930972829118 0.001188996999939 0.000563476532169 0.000501733914121 0.000695348640886 0.000953118646540 0.001152521849938 0.000514998723254 0.000667730786607 0.000797062281535 0.001018991610235 0.001214596628789 0.000695089424286 0.000953336039744 0.001244051305043 0.001251590074765 0.001381310489697 0.000877931015328 0.000913973717922 0.001129220859224 0.001108210080716 0.001349552320407 0.000944117423779 0.001148338997880 0.001097428169843 0.001254022435810 0.001516844086933 0.000637501776179 0.000944566456141 0.001337329907238 0.001388148428755 0.000632910663189 0.000842794241728 0.001353079255473 0.001179778619404 0.000745927457487 0.002143937143198 0.001029284838770 0.001027810088810 0.001200751003604 0.001117956847331 0.000632910663189 0.000820175207770 0.000959468533489 0.001258215020787 0.001163206356675 0.000862056017973 0.000978908035233 0.001046581375805 0.001150644286974 0.001027167544433 0.001093651837999 0.000943431007452 0.001096326667300 0.001063871518024 0.001145319288715 0.001534530286697 0.000619501706041 0.000777534612554 0.001250412871471 0.001057616161149 0.001651030743897 0.000804217661415 0.000903547730476 0.000897491561322 0.000961369900733 0.001369915109836 0.000724407402668 0.000904795288517 0.000890838194830 0.000963858678145 0.001286743301584 0.000627835060710 0.000848178344692 0.000957345129613 0.001072502286492 0.001289331253863 0.000708801591854 0.000749909028315 0.000910132347687 0.001022347507132 0.001166881337707 0.000611388209741 0.000910199709601 0.000799345966177 0.001015273473694 0.001197595569151 0.000348218849667 0.000463895253477 0.000566770517932 0.000624634988346 0.000737947016415 0.000723585868089 0.000841901503760 0.000973677986720 0.001043174497390 0.001304758884101 0.000709060149853 0.000919691869601 0.000988644839213 0.000902624716242 0.001174959108862 0.000254164720453 0.000400001719541 0.000537675738758 0.000737568399407 0.000777529296062 0.000345765766239 0.000458300620532 0.000547350913624 0.000591230833734 0.000757367647021 0.000573178190976 0.000747069453107 0.000829866727628 0.000944467102768 0.001257352603968 
0.000231810718125 0.000334934384235 0.000483120594154 0.000415047641122 0.000549806215232 0.000271802118807 0.000403907084671 0.000309359149377 0.000392299444546 0.000469537458113 0.000342017456657 0.000337116866929 0.000448739829870 0.000462787134731 0.000425685988045 0.000371951855494 0.000400831316547 0.000349058969314 0.000533719793474 0.000286266536534 0.000382028556688 0.000436052796530 0.000430000394983 0.000455658164081 0.000536310521235 0.000326994259364 0.000385491131752 0.000437440833281 0.000413379161614 0.000414692025555 0.000451123489008 0.000454046152000 0.000494138993614 0.000272298685437 0.000637784540590 0.000491902549486 0.000474586978636 0.000516112585808 0.000484290184116 0.000660418126723 0.000411036954847 0.000482070935904 0.000447152405054 0.000430508410282 0.000429943752035 0.000362957603501 0.000477922261020 0.000249506334084 0.000632910663189 0.001171156824214 0.000666663976348 0.000577486374251 0.000593865677267 0.000714619282486 0.000094273619535 0.000432587627255 0.000443857001135 0.000537578169849 0.000614192220392 0.001171156824214 0.000419467953854 0.000410794411102 0.000466358823062 0.000402917323639 0.000501802045918 0.000401282904943 0.000442810451959 0.000376484563356 0.000534072237011 0.000380261624033 0.000398371772714 0.000473227506760 0.000481223756796 0.000499672976366 0.000379393414697 0.000439468095432 0.000478821602044 0.000448284033109 0.000578996793176 0.000324128446205 0.000440679764726 0.000530196155044 0.000598980351108 0.000349648875635 0.000439845184575 0.000444139124240 0.000470911034576 0.000464965952648 0.000461517749331 0.000488905299224 0.000389467494797 0.000417928998160 0.000440485132383 0.000458224778413 0.000431574610820 0.000472786026066 0.000538134505971 0.000411923238619 0.000372878701708 0.000428882314912 0.000248132339583 0.000366609113646 0.000388172182222 0.000415060357467 0.000442595066460 0.000335961549193 0.000403942060009 0.000431759033799 0.000480472364110 0.000479445048689 0.000458567108266 0.000472060113587 0.000452208107694 0.000447485179015 0.000438583474350 0.000515400428154 0.000363384584986 0.000396565856367 0.000466863054952 0.000499924367914 0.000274291369432 0.000349304516725 0.000388375840990 0.000419118594109 0.000415290051752 0.000306261267340 0.000405747375128 0.000388028305286 0.000396602984689 0.000476505422202 0.000393276906821 0.000424824509333 0.000438737389071 0.000455041023658 0.000429322469442 
0.000172073895199 0.000323233696728 0.000490381475432 0.000506951454611 0.000636265434768 0.000223500507994 0.000322446982494 0.000323760817345 0.000446466950972 0.000593334896703 0.000288916536048 0.000343598247561 0.000419160977080 0.000475433492243 0.000636821385774 0.000304466619956 0.000418086404667 0.000604536539543 0.000600193347004 0.000640023801322 0.000382152996764 0.000370959868835 0.000458328705280 0.000585426428885 0.000703203699758 0.000342185428500 0.000431345571015 0.000507620776069 0.000602282993053 0.000692923615271 0.000464963608443 0.000585009448539 0.000731929338513 0.000664424699613 0.000841199742444 0.000562342280395 0.000573428012768 0.000685995051806 0.000666121196735 0.000833793378611 0.000566998388900 0.000683921219549 0.000649266452991 0.000716166202207 0.000837213715566 0.000410193225026 0.000588605560507 0.000696676527767 0.000842794241728 0.000666663976348 0.000602058217098 0.000808887423738 0.000734197403006 0.000572728239624 0.001019053563069 0.000613175757105 0.000616100982782 0.000725856014150 0.000712179313967 0.000666663976348 0.000512528042131 0.000574000428487 0.000729574478050 0.000665457320643 0.000558185628314 0.000579925495972 0.000624426610203 0.000651207695296 0.000644671357301 0.000626120445562 0.000562630994195 0.000657102713846 0.000644689482319 0.000688159940446 0.000829194920433 0.000426371758411 0.000511851301015 0.000720193368637 0.000673088940388 0.000865247531339 0.000511956890688 0.000586411609946 0.000605625158983 0.000555311194938 0.000772611424526 0.000476250941119 0.000568020071213 0.000559677146960 0.000592256127957 0.000749947050330 0.000414216499080 0.000524953338551 0.000582521584892 0.000641312881604 0.000732795929334 0.000478212418492 0.000518086850679 0.000551608786844 0.000590871879809 0.000675455658775 0.000361412309804 0.000537140797953 0.000492910847493 0.000601104099488 0.000694009935035 0.000268127981342 0.000343231133738 0.000399581538015 0.000441856088269 0.000493792114708 0.000480487592615 0.000539378314791 0.000593805830257 0.000624349651541 0.000742154681033 0.000491974610856 0.000540486567897 0.000582908706169 0.000565722481906 0.000701910617599 0.000205018363543 0.000296281155570 0.000372282320157 0.000474317131783 0.000491520575184 0.000257493761271 0.000341229848611 0.000376633888660 0.000399615420479 0.000501809205769 0.000390225860852 0.000480524403247 0.000523165045946 0.000581239751219 0.000717325574383 
0.000200819888440 0.000451152407658 0.000702856807807 0.000788637281726 0.000968584615964 0.000282380976390 0.000398760464286 0.000471081618720 0.000674866253982 0.000934956549392 0.000371909746587 0.000493485302597 0.000574468960559 0.000685552065004 0.001061012427699 0.000383459161924 0.000607357711733 0.001047670020973 0.000902575092962 0.001170391641039 0.000543655375630 0.000479800732306 0.000672739115606 0.000928098902212 0.001122921819398 0.000497874427380 0.000647244057458 0.000773621358130 0.000995538976444 0.001190127788942 0.000671535829649 0.000928386732411 0.001215888316945 0.001233302348211 0.001346056994969 0.000851659246386 0.000888299874545 0.001100637860966 0.001081151548374 0.001313442880477 0.000921135855888 0.001121183579820 0.001072082217578 0.001228652869235 0.001490214865938 0.000618170026076 0.000918593759998 0.001319640186782 0.001353079255473 0.000577486374251 0.000808887423738 0.001320659075218 0.001147475681279 0.000710353752977 0.002129237856469 0.001004923202589 0.001002951994319 0.001170858804432 0.001085045672795 0.000577486374251 0.000797423273614 0.000936422343787 0.001231224338882 0.001139516773808 0.000835418906203 0.000956192448659 0.001021679031017 0.001128198032788 0.000998281916675 0.001071312684850 0.000921019299569 0.001069821434245 0.001037167078863 0.001117391966964 0.001510072482392 0.000596839440529 0.000752339216705 0.001224268319707 0.001026573852329 0.001628472370478 0.000780596778579 0.000875439970938 0.000866339396233 0.000941045902389 0.001343562327940 0.000701022186062 0.000879331229456 0.000865706966038 0.000938524942220 0.001258605582559 0.000607365985040 0.000825358662825 0.000932982874022 0.001046783765718 0.001263742204157 0.000684210408904 0.000722198415488 0.000887278284884 0.001000688023054 0.001142011934361 0.000597316323595 0.000889370022815 0.000778095670807 0.000991763252498 0.001171963121958 0.000331509814418 0.000443581456801 0.000544710151146 0.000600114243617 0.000712917791860 0.000699559684188 0.000816693839877 0.000948711949215 0.001018079479347 0.001278781261457 0.000682566382859 0.000898959566994 0.000966092918622 0.000877351715825 0.001146875173688 0.000240673148345 0.000382442862680 0.000517696820407 0.000715237294077 0.000755172535100 0.000330395923249 0.000437934095744 0.000527340233802 0.000570621790643 0.000732374750330 0.000552806582932 0.000724436638219 0.000806206830416 0.000919517720947 0.001232020743168 
0.000188934726290 0.000405800547722 0.000628316563182 0.000692262165959 0.000854231581329 0.000260232479560 0.000369491812107 0.000419679936853 0.000596117816431 0.000818441168566 0.000341133882404 0.000440944294917 0.000518948068099 0.000612001190699 0.000918041095871 0.000353662941750 0.000541279982634 0.000899353419388 0.000798162479022 0.000994302771840 0.000486838520851 0.000439573579177 0.000598145461469 0.000811390904581 0.000980208717288 0.000443551325514 0.000572647199877 0.000682119330373 0.000862791652561 0.001023462082339 0.000599268319949 0.000811465948462 0.001052680444221 0.001044804510262 0.001174473788724 0.000751960073449 0.000780454040532 0.000959799696745 0.000940532124856 0.001149835825682 0.000801172908455 0.000973337268968 0.000929326821977 0.001056830145160 0.001272568832702 0.000546401587537 0.000805781280923 0.001113748294710 0.001179778619404 0.000593865677267 0.000734197403006 0.001147475681279 0.001006240059018 0.000657716284634 0.001766119101218 0.000872459198143 0.000871962625176 0.001019885425252 0.000956768373209 0.000593865677267 0.000699952843639 0.000813759700098 0.001062548100129 0.000980529022052 0.000739553021743 0.000829117886402 0.000887309123382 0.000968541747293 0.000877155550622 0.000921984443124 0.000799807775287 0.000930076662493 0.000903936853263 0.000971973685267 0.001283882247276 0.000536474807843 0.000668708586242 0.001054997493234 0.000905000695292 0.001376023489922 0.000688198603864 0.000775419686639 0.000774807197024 0.000811442592190 0.001152570350142 0.000622894483179 0.000772687119343 0.000760849099351 0.000820580657829 0.001087398715698 0.000540145892889 0.000722846537495 0.000813899275564 0.000909565592256 0.001085887822690 0.000611893179708 0.000649788583728 0.000773329850712 0.000862978852674 0.000985188397333 0.000517686247918 0.000770512165237 0.000680871419429 0.000859844159943 0.001011273526995 0.000307196263267 0.000406471618692 0.000492693341878 0.000543286005395 0.000636248163400 0.000623134008137 0.000721125300486 0.000828051370533 0.000884807416530 0.001098998197022 0.000614813746034 0.000778100035893 0.000836813786958 0.000770647460510 0.000996322572428 0.000226073573584 0.000350554437241 0.000466058010561 0.000632114355017 0.000664676030992 0.000303299609282 0.000401994300948 0.000473979245760 0.000510546289268 0.000652005786617 0.000495515659151 0.000640275685592 0.000709132169209 0.000804250078319 0.001059491335024 
0.000171376602750 0.000303225705264 0.000455367087549 0.000455073469798 0.000576514948166 0.000217144501726 0.000315454213885 0.000298869849621 0.000405753506443 0.000529597909934 0.000278956988210 0.000318812680500 0.000395884149143 0.000440445206562 0.000553867795898 0.000296110378470 0.000386184556819 0.000515566744454 0.000546638359094 0.000530352702800 0.000355900659893 0.000357592728226 0.000421605817337 0.000521121509092 0.000623910493768 0.000315880128574 0.000393216580917 0.000459733633491 0.000525834154649 0.000593652199659 0.000430472947498 0.000520509754995 0.000637492573754 0.000545948588264 0.000745644242073 0.000510644465106 0.000515693585355 0.000607329637004 0.000586600028844 0.000744327732197 0.000499093399369 0.000599458953294 0.000567135416304 0.000613915940202 0.000704058472677 0.000373260823816 0.000527628230820 0.000565756290154 0.000745927457487 0.000714619282486 0.000572728239624 0.000710353752977 0.000657716284634 0.000559776652042 0.000777259226130 0.000537522939439 0.000541797226616 0.000641035181452 0.000645071206381 0.000714619282486 0.000460050293941 0.000504267652082 0.000630576396423 0.000570991995458 0.000509383051809 0.000506919707052 0.000547811974805 0.000555459423501 0.000579859703022 0.000537450080329 0.000493485790305 0.000577823308781 0.000570052665218 0.000605888937923 0.000688686280202 0.000399537858502 0.000470573238018 0.000620225151110 0.000609391660074 0.000705296906062 0.000463567534793 0.000535704659309 0.000562807107623 0.000478972111219 0.000657734994236 0.000437589695557 0.000510980464573 0.000503653122101 0.000527302918888 0.000649953725867 0.000381185436993 0.000469029123114 0.000516137319201 0.000563263524452 0.000626514432001 0.000444368420982 0.000486241685353 0.000487786778941 0.000509801832697 0.000583265857658 0.000315563017265 0.000468581253631 0.000439614044188 0.000525265861329 0.000599646273563 0.000262333837611 0.000330952696378 0.000378131144195 0.000418697123080 0.000457226266717 0.000443428056201 0.000489840679610 0.000526727986698 0.000548621913171 0.000634794096847 0.000462553384963 0.000470475867059 0.000508268745707 0.000508514314188 0.000616186271951 0.000203830176033 0.000285801269303 0.000349720025253 0.000431500674800 0.000443611928097 0.000248887882750 0.000329797562252 0.000352899815012 0.000371624997636 0.000462657082423 0.000364008099685 0.000437187814835 0.000471561868556 0.000517886743274 0.000614562609329 
0.000192591223685 0.000601970677755 0.000973061050065 0.001207534977093 0.001446583285847 0.000320149197122 0.000433806402784 0.000665333690110 0.000999512266047 0.001452085995268 0.000436196349466 0.000685096458458 0.000746244491175 0.000956790172754 0.001745476079321 0.000432151253087 0.000856006873033 0.001788445138095 0.001328515889011 0.002092385496618 0.000745057143305 0.000567463370819 0.000960890696359 0.001450942073649 0.001769182730726 0.000703140536228 0.000950176515424 0.001156946229116 0.001625045755969 0.002015084487516 0.000939233608923 0.001452990209151 0.001994510537057 0.002231595263447 0.002125378860070 0.001264241276496 0.001353681109761 0.001742776400792 0.001732585087850 0.002039189330763 0.001477586743065 0.001815093024058 0.001748178208626 0.002078136962579 0.002604536795809 0.000912246380778 0.001411551167205 0.002425946329684 0.002143937143198 0.000094273619535 0.001019053563069 0.002129237856469 0.001766119101218 0.000777259226130 0.004195094133538 0.001626417273333 0.001612189128988 0.001864407605304 0.001622089182167 0.000094273619535 0.001221174887561 0.001508542866033 0.002050648668407 0.001924049776362 0.001222573019016 0.001556954465289 0.001650792690115 0.001925368468604 0.001520622699805 0.001807562236211 0.001488887806022 0.001719880330223 0.001646944318970 0.001791436558088 0.002690509193490 0.000799666979441 0.001076465798813 0.002053126622794 0.001536584878756 0.002978900162611 0.001168020917633 0.001277171907097 0.001196220919668 0.001573537001717 0.002300663154934 0.001004880377734 0.001338996183816 0.001317021231833 0.001466566113363 0.002085163137160 0.000866376743734 0.001278741634891 0.001474582193583 0.001687227855144 0.002147713322597 0.000944989633253 0.000961838443645 0.001408704899335 0.001672289917417 0.001905418529988 0.000974909024555 0.001454186764611 0.001210819758508 0.001615924378657 0.001953146643258 0.000360485489978 0.000523892586054 0.000701880853269 0.000768903193039 0.000996637854002 0.000988798232952 0.001212012878393 0.001495528302687 0.001639298322169 0.002171565861120 0.000902861541251 0.001476404874296 0.001581155641137 0.001338704382365 0.001850486220115 0.000234023745861 0.000450736281265 0.000687084852381 0.001056250695178 0.001140032924134 0.000385299399645 0.000510892632707 0.000706790040934 0.000786000928243 0.001038435033564 0.000753211003549 0.001069549660856 0.001221281524171 0.001434250273213 0.002085986502833 
0.000152003244675 0.000342415176173 0.000533555191117 0.000599639184029 0.000736099026082 0.000213982776072 0.000301872995818 0.000357880286745 0.000512868876221 0.000711016661331 0.000281845506183 0.000374744123929 0.000435759834370 0.000520484853865 0.000807663648780 0.000290420935113 0.000461293005908 0.000798012005718 0.000685821172271 0.000892259305510 0.000412755887626 0.000363510347443 0.000511013240947 0.000705875455491 0.000854147135683 0.000378184306196 0.000491844231395 0.000587990057042 0.000757716849394 0.000906385501133 0.000509880168712 0.000706113230842 0.000925522229760 0.000940438077578 0.001023882307806 0.000647184885080 0.000675305015839 0.000837244294406 0.000822589956876 0.000998790855549 0.000700908997106 0.000853224157497 0.000815954169270 0.000935703181985 0.001135591905764 0.000469736079100 0.000698436400682 0.001006584557309 0.001029284838770 0.000432587627255 0.000613175757105 0.001004923202589 0.000872459198143 0.000537522939439 0.001626417273333 0.000764768424202 0.000763188804558 0.000890745778719 0.000824598501208 0.000432587627255 0.000606318502466 0.000712552491421 0.000937440453535 0.000867908517167 0.000634740234387 0.000727866931525 0.000777531904942 0.000859346273573 0.000758892835318 0.000815845497935 0.000700900743043 0.000814037629135 0.000789038590427 0.000850169687079 0.001151142347798 0.000452922029947 0.000571403289250 0.000932225288634 0.000780178286854 0.001242032313473 0.000593334912696 0.000665075037302 0.000657612596486 0.000716526382368 0.001023449529722 0.000532493369622 0.000668498602612 0.000658103925418 0.000713787496663 0.000958205488856 0.000461348610310 0.000627674429313 0.000709729381983 0.000796553875857 0.000962531598281 0.000519341466276 0.000548005463867 0.000674996958152 0.000761931401101 0.000869543392918 0.000454716791964 0.000676956770477 0.000591801056571 0.000754795546341 0.000892328392502 0.000250981291631 0.000336052852792 0.000413125973461 0.000455072629773 0.000541275288099 0.000531215948055 0.000620662723671 0.000721667130447 0.000774699967294 0.000973971719401 0.000517887547642 0.000684290104560 0.000735338606451 0.000667012196290 0.000872717635377 0.000182108997510 0.000289816786172 0.000392809291830 0.000543506306735 0.000574056983856 0.000250398786543 0.000331768086935 0.000400198950969 0.000433173981239 0.000556150284840 0.000419624368956 0.000550502973838 0.000612887625900 0.000699334059602 0.000938307378100 
0.000153666311328 0.000343593920890 0.000534836595429 0.000599404818936 0.000736325311119 0.000215572433140 0.000304345081821 0.000358586121344 0.000513160344728 0.000710431333459 0.000283702363867 0.000375642824945 0.000437535020824 0.000521623995986 0.000805580854130 0.000292582517230 0.000462205921677 0.000795007788219 0.000686326045105 0.000887534289231 0.000413885795207 0.000365805033734 0.000511830535072 0.000705155481766 0.000853075025432 0.000378919882532 0.000492255052848 0.000588158301842 0.000755946663525 0.000903213024596 0.000510972148927 0.000705371536816 0.000923221790080 0.000935071472943 0.001022522952893 0.000647497420382 0.000675120393747 0.000836061494850 0.000821128547169 0.000997967398227 0.000699655969024 0.000851448609853 0.000814072444674 0.000932458025588 0.001130440183508 0.000470047145220 0.000698077212646 0.001000289682736 0.001027810088810 0.000443857001135 0.000616100982782 0.001002951994319 0.000871962625176 0.000541797226616 0.001612189128988 0.000763188804558 0.000761776495477 0.000889336183076 0.000824824350020 0.000443857001135 0.000606078529261 0.000711175909120 0.000934659723742 0.000864974092235 0.000635311064139 0.000726252469592 0.000775973616513 0.000856118936092 0.000758690938298 0.000813081805314 0.000699478052398 0.000812517772222 0.000787865757617 0.000848648054887 0.001145178861021 0.000454410990921 0.000572269220715 0.000929248267476 0.000780364114663 0.001234478606156 0.000593505342928 0.000665720925459 0.000659234087129 0.000714305033462 0.001019494259662 0.000533285209033 0.000668335413753 0.000657954751859 0.000713066262502 0.000955525594729 0.000462103761954 0.000627209882706 0.000708775701043 0.000795005773036 0.000959051303229 0.000520613617922 0.000549892560190 0.000673993394167 0.000759583759830 0.000866915933247 0.000453676432720 0.000675345296792 0.000591292487658 0.000753069270136 0.000889664154675 0.000253042486537 0.000338182790043 0.000414887972852 0.000457068469676 0.000542436725913 0.000532196930903 0.000620979077536 0.000720755022424 0.000773218902778 0.000970474629026 0.000519760999881 0.000682562498014 0.000733559832035 0.000666809594486 0.000870989766187 0.000184036298563 0.000291687811859 0.000394195376647 0.000543856531947 0.000574067164205 0.000252087910184 0.000333973357456 0.000401515464009 0.000434280377562 0.000557127303300 0.000420825575334 0.000550863425447 0.000612837907113 0.000698671052484 0.000935027775459 
0.000182052355856 0.000403813737686 0.000628030203672 0.000701138987043 0.000862237727270 0.000254482774407 0.000359924530395 0.000420526872400 0.000601025113047 0.000830597141308 0.000334722221975 0.000440889988193 0.000514811316938 0.000612332591973 0.000939597340447 0.000345655000531 0.000542233901361 0.000925795626891 0.000804071296100 0.001031352702928 0.000486009465868 0.000431680947703 0.000600215367911 0.000824214271405 0.000996812480823 0.000444445668560 0.000576682805985 0.000688633124960 0.000882005080016 0.001052187963670 0.000599751961118 0.000824421106531 0.001076926263601 0.001085971963829 0.001194746616147 0.000758386209961 0.000789941832010 0.000976764811690 0.000958839591453 0.001166859828424 0.000816882572490 0.000993781272342 0.000949874677127 0.001086314701243 0.001315005639143 0.000550632933852 0.000816523407250 0.001160829860439 0.001200751003604 0.000537578169849 0.000725856014150 0.001170858804432 0.001019885425252 0.000641035181452 0.001864407605304 0.000890745778719 0.000889336183076 0.001038763293934 0.000965864006181 0.000537578169849 0.000708944624191 0.000830242190374 0.001089561847360 0.001007605979970 0.000744461754518 0.000847263842972 0.000905681623190 0.000996972420053 0.000887766266281 0.000947338150660 0.000816427698878 0.000948624327065 0.000920294617845 0.000990956383170 0.001330960569697 0.000534113456496 0.000671177363886 0.001082975935511 0.000913756157100 0.001432948270177 0.000694822627549 0.000780246695934 0.000774205813902 0.000832581412308 0.001187050211100 0.000625339933127 0.000781997249008 0.000769918849603 0.000833493892684 0.001114131892392 0.000541924649445 0.000733328062912 0.000828061983118 0.000928062472659 0.001117025981830 0.000611438370505 0.000646475191487 0.000787302482416 0.000885378927223 0.001010511377978 0.000529199224842 0.000787868929310 0.000691172633612 0.000878750573463 0.001037082428542 0.000299228228012 0.000399116626732 0.000488317482881 0.000538119540132 0.000636725038257 0.000624463176881 0.000727259844757 0.000842141941943 0.000902664526132 0.001130371233381 0.000611187818858 0.000796164107516 0.000855789198546 0.000780153656347 0.001016743215491 0.000218083186759 0.000344135300982 0.000463488501258 0.000637072265855 0.000671884669303 0.000297426703307 0.000394228874400 0.000471910902076 0.000509994778537 0.000653656080097 0.000494324638945 0.000645275084351 0.000717161686778 0.000816693729430 0.001089226335582 
0.000186890185277 0.000391599553412 0.000604199125533 0.000658615831536 0.000814990063123 0.000254559330755 0.000362530585359 0.000402756687172 0.000569249163093 0.000777387732959 0.000332842221248 0.000423896644140 0.000502025446742 0.000588039656301 0.000865901135078 0.000346116672317 0.000519571086550 0.000844169326597 0.000762699033865 0.000927284313371 0.000468610736622 0.000428612910840 0.000573376385995 0.000770098962067 0.000929475114597 0.000425670626647 0.000547356069819 0.000650683590452 0.000814590573950 0.000961721364681 0.000575681967583 0.000770071497278 0.000993257441905 0.000972662656607 0.001113395820825 0.000717894095964 0.000742926521796 0.000909576179282 0.000890022087685 0.001092212241400 0.000758053711718 0.000919911803840 0.000877524666017 0.000993217679200 0.001190632018160 0.000521975031559 0.000766308355322 0.001034388649757 0.001117956847331 0.000614192220392 0.000712179313967 0.001085045672795 0.000956768373209 0.000645071206381 0.001622089182167 0.000824598501208 0.000824824350020 0.000965864006181 0.000912722258002 0.000614192220392 0.000665922928855 0.000769559653893 0.001000611546574 0.000921713513844 0.000707137607553 0.000783040382137 0.000838804999873 0.000909145670110 0.000835020372156 0.000866769283443 0.000756038764614 0.000879783530555 0.000856343618590 0.000919726392144 0.001197937561344 0.000517506562635 0.000640908989639 0.000992609582697 0.000863216855438 0.001278932940407 0.000656443451413 0.000741675035054 0.000745266513260 0.000763750496966 0.001081403293942 0.000596884421046 0.000735594829847 0.000724403908405 0.000778862502465 0.001024716207584 0.000517849558833 0.000686781996448 0.000771478656607 0.000860106282305 0.001019874509123 0.000588549342103 0.000627172320728 0.000732622625582 0.000812318101352 0.000927548345929 0.000488761673847 0.000727309385593 0.000646567571117 0.000811995827668 0.000952249854325 0.000301415607292 0.000396380416837 0.000476972424795 0.000526217357102 0.000611237111148 0.000597974984516 0.000688473169381 0.000785138631981 0.000836798463000 0.001032296297238 0.000593787896668 0.000734059998994 0.000789798157927 0.000733484725336 0.000942027171110 0.000223444461447 0.000341904075558 0.000449975651811 0.000603811758175 0.000633384730402 0.000296056731215 0.000392390373789 0.000457204327671 0.000491190189825 0.000625481592085 0.000477231934409 0.000611626154088 0.000675485951369 0.000763525238589 0.000995579528313 
0.000231810718125 0.000334934384235 0.000483120594154 0.000415047641122 0.000549806215232 0.000271802118807 0.000403907084671 0.000309359149377 0.000392299444546 0.000469537458113 0.000342017456657 0.000337116866929 0.000448739829870 0.000462787134731 0.000425685988045 0.000371951855494 0.000400831316547 0.000349058969314 0.000533719793474 0.000286266536534 0.000382028556688 0.000436052796530 0.000430000394983 0.000455658164081 0.000536310521235 0.000326994259364 0.000385491131752 0.000437440833281 0.000413379161614 0.000414692025555 0.000451123489008 0.000454046152000 0.000494138993614 0.000272298685437 0.000637784540590 0.000491902549486 0.000474586978636 0.000516112585808 0.000484290184116 0.000660418126723 0.000411036954847 0.000482070935904 0.000447152405054 0.000430508410282 0.000429943752035 0.000362957603501 0.000477922261020 0.000249506334084 0.000632910663189 0.001171156824214 0.000666663976348 0.000577486374251 0.000593865677267 0.000714619282486 0.000094273619535 0.000432587627255 0.000443857001135 0.000537578169849 0.000614192220392 0.001171156824214 0.000419467953854 0.000410794411102 0.000466358823062 0.000402917323639 0.000501802045918 0.000401282904943 0.000442810451959 0.000376484563356 0.000534072237011 0.000380261624033 0.000398371772714 0.000473227506760 0.000481223756796 0.000499672976366 0.000379393414697 0.000439468095432 0.000478821602044 0.000448284033109 0.000578996793176 0.000324128446205 0.000440679764726 0.000530196155044 0.000598980351108 0.000349648875635 0.000439845184575 0.000444139124240 0.000470911034576 0.000464965952648 0.000461517749331 0.000488905299224 0.000389467494797 0.000417928998160 0.000440485132383 0.000458224778413 0.000431574610820 0.000472786026066 0.000538134505971 0.000411923238619 0.000372878701708 0.000428882314912 0.000248132339583 0.000366609113646 0.000388172182222 0.000415060357467 0.000442595066460 0.000335961549193 0.000403942060009 0.000431759033799 0.000480472364110 0.000479445048689 0.000458567108266 0.000472060113587 0.000452208107694 0.000447485179015 0.000438583474350 0.000515400428154 0.000363384584986 0.000396565856367 0.000466863054952 0.000499924367914 0.000274291369432 0.000349304516725 0.000388375840990 0.000419118594109 0.000415290051752 0.000306261267340 0.000405747375128 0.000388028305286 0.000396602984689 0.000476505422202 0.000393276906821 0.000424824509333 0.000438737389071 0.000455041023658 0.000429322469442 
0.000132982799901 0.000283350224786 0.000437993581926 0.000481693420487 0.000594592934569 0.000182242399707 0.000258770164334 0.000292681853121 0.000415163116932 0.000569262994845 0.000238791537876 0.000307583451243 0.000362245505376 0.000426564530691 0.000637792582580 0.000247626177879 0.000377394656311 0.000624191417256 0.000555786630492 0.000689316251619 0.000339618774707 0.000307285091571 0.000416842340488 0.000564277803218 0.000681551754291 0.000309262687763 0.000398896628959 0.000474844117001 0.000599455761887 0.000710462802886 0.000417702887481 0.000564358046468 0.000731330349873 0.000724105988233 0.000816547232290 0.000523480371471 0.000543023530837 0.000667257040930 0.000653695517724 0.000799697269008 0.000556902471547 0.000676384545963 0.000645690044579 0.000733800315238 0.000882721443474 0.000380458620135 0.000560560306640 0.000771570960864 0.000820175207770 0.000419467953854 0.000512528042131 0.000797423273614 0.000699952843639 0.000460050293941 0.001221174887561 0.000606318502466 0.000606078529261 0.000708944624191 0.000665922928855 0.000419467953854 0.000487100356809 0.000565541999877 0.000737922126982 0.000680860467157 0.000515040065892 0.000576273451112 0.000616709109541 0.000672215902792 0.000610287034476 0.000640071250591 0.000555841475877 0.000646417653692 0.000628437079019 0.000675542020437 0.000890146751801 0.000374296097019 0.000465933939178 0.000732515623405 0.000629877282545 0.000953390353859 0.000479125366203 0.000539992090696 0.000540108491646 0.000563445989148 0.000799875653518 0.000434040312962 0.000537655835650 0.000529390592767 0.000570656843107 0.000755281966616 0.000376490164078 0.000502876399969 0.000565925875537 0.000632148249629 0.000753759372336 0.000426506969077 0.000453371598985 0.000537622581542 0.000599240086840 0.000684171008461 0.000359811557996 0.000535358113177 0.000473635172512 0.000597518311814 0.000702301662315 0.000215263294737 0.000284184525937 0.000343962064889 0.000379321459490 0.000443452578027 0.000434278516070 0.000502089103021 0.000575796268462 0.000614959223877 0.000762873506069 0.000429023926790 0.000540550167802 0.000581371399957 0.000536209898674 0.000692397537912 0.000158778350038 0.000245325132632 0.000325228305910 0.000440182989437 0.000462630354083 0.000212242436943 0.000281237228369 0.000330719861970 0.000355988118714 0.000454325839586 0.000345704874494 0.000445891967044 0.000493533894473 0.000559354727662 0.000735497968095 
0.000142688481936 0.000320140587674 0.000498633264819 0.000559312472281 0.000686969505820 0.000200509964523 0.000283126193636 0.000334236107362 0.000478681734320 0.000663037249935 0.000264025286261 0.000350131118326 0.000407650158706 0.000486345607503 0.000752271459658 0.000272240629982 0.000430894882397 0.000742702502592 0.000640199355187 0.000829549458432 0.000385739912485 0.000340566357547 0.000477246148688 0.000658157287004 0.000796287798797 0.000353229860056 0.000459114500346 0.000548704796438 0.000705870036707 0.000843716093932 0.000476405601728 0.000658360342084 0.000862092857659 0.000874096611144 0.000954500810564 0.000604055193616 0.000629985114238 0.000780465120517 0.000766614486936 0.000931428756471 0.000653167539666 0.000794979226548 0.000760142052700 0.000871028627158 0.001056327044291 0.000438467592784 0.000651452684455 0.000935226770864 0.000959468533489 0.000410794411102 0.000574000428487 0.000936422343787 0.000813759700098 0.000504267652082 0.001508542866033 0.000712552491421 0.000711175909120 0.000830242190374 0.000769559653893 0.000410794411102 0.000565541999877 0.000663984498194 0.000872915039380 0.000807880602233 0.000592576089330 0.000678018167741 0.000724448804266 0.000799790882893 0.000707980023318 0.000759494496490 0.000653063045722 0.000758579917169 0.000735462310452 0.000792310353668 0.001070321147021 0.000423483757340 0.000533682097396 0.000867950935996 0.000728087066916 0.001154119016080 0.000553662998334 0.000620958234782 0.000614610999988 0.000667166303676 0.000952449012882 0.000497292872611 0.000623632887472 0.000613963167942 0.000665548456449 0.000892347717723 0.000430872674306 0.000585329263514 0.000661598274368 0.000742240680593 0.000895895849213 0.000485394526429 0.000512438703796 0.000629173828163 0.000709452647400 0.000809660234260 0.000423548916456 0.000630597816487 0.000551811724971 0.000703192081094 0.000830897799427 0.000235384604571 0.000314855807912 0.000386537209714 0.000425847470543 0.000505756743206 0.000496261284476 0.000579272873816 0.000672759517110 0.000721890868253 0.000906559973204 0.000484329927548 0.000637380804756 0.000684985838287 0.000622223345190 0.000813203062433 0.000170972565470 0.000271490171906 0.000367339430205 0.000507316784442 0.000535602530051 0.000234568239663 0.000310872628350 0.000374176284009 0.000404838708012 0.000519531389468 0.000392225920895 0.000513844685895 0.000571792571560 0.000652081228948 0.000873420363121 
0.000176129993755 0.000409917338902 0.000641509214715 0.000729777628682 0.000893106150833 0.000251790937048 0.000353875878796 0.000431219151589 0.000621595731158 0.000866908920205 0.000332798343788 0.000450660149582 0.000520155037571 0.000626378917034 0.000992181537861 0.000341594011183 0.000555732800535 0.000985272471082 0.000830598835811 0.001108812953008 0.000495636997235 0.000429646491947 0.000616621660637 0.000861365860754 0.001043345742490 0.000455704081916 0.000595455715631 0.000713502360446 0.000929858184563 0.001117820729940 0.000613760425028 0.000861775026559 0.001136523426265 0.001170715026072 0.001251045468717 0.000784635318279 0.000821401482407 0.001023371897564 0.001007031979087 0.001217747469529 0.000858150791291 0.001045919028298 0.001001191269279 0.001153814453228 0.001406677567646 0.000569076420856 0.000850425701378 0.001255952554970 0.001258215020787 0.000466358823062 0.000729574478050 0.001231224338882 0.001062548100129 0.000630576396423 0.002050648668407 0.000937440453535 0.000934659723742 0.001089561847360 0.001000611546574 0.000466358823062 0.000737922126982 0.000872915039380 0.001153518424705 0.001069908833253 0.000768192071163 0.000892872286912 0.000952860892656 0.001060957787754 0.000923030690249 0.001005677845848 0.000859020701888 0.000996965591868 0.000964787246425 0.001040854596487 0.001429834111078 0.000542502921479 0.000689676294671 0.001148186170802 0.000946854451920 0.001548607607941 0.000720019817399 0.000804620388191 0.000790434689874 0.000882167043125 0.001264152615777 0.000642829938742 0.000813035764662 0.000800312661848 0.000870974903978 0.001178223041736 0.000556605324165 0.000765041508839 0.000867282648720 0.000975881708151 0.001187663101734 0.000624265919824 0.000655951276169 0.000825331224597 0.000937993882639 0.001070225952921 0.000557968743689 0.000830923856221 0.000721708589178 0.000926059364005 0.001098099817713 0.000294196381507 0.000397141958776 0.000492708181135 0.000542418519696 0.000651525314070 0.000640245616482 0.000752432156686 0.000881570636719 0.000948980204246 0.001201649581652 0.000619425538781 0.000840431402863 0.000902713576122 0.000811437041115 0.001069347016432 0.000211295167243 0.000342390057784 0.000470001734519 0.000658503762442 0.000697407609553 0.000295484250250 0.000391575221784 0.000479363380310 0.000520498359909 0.000670550418369 0.000503569464357 0.000666955202927 0.000744901372534 0.000853128608923 0.001157178795110 
0.000158974562316 0.000375338370384 0.000588307005482 0.000673344332849 0.000822668947323 0.000228777513010 0.000320613969234 0.000396203817305 0.000572379985452 0.000800503658478 0.000302726373400 0.000413548263984 0.000475416447400 0.000574706594243 0.000919522120930 0.000310041318190 0.000510366620959 0.000915296104148 0.000764498034718 0.001033270210731 0.000454469232467 0.000390752079096 0.000566657352816 0.000795706190513 0.000964258867394 0.000418611694313 0.000548079708175 0.000657363414944 0.000861322975835 0.001037863711506 0.000563234616176 0.000796148957514 0.001053115755059 0.001091856911889 0.001156322605463 0.000722501350893 0.000757555830659 0.000946057919297 0.000931662903396 0.001124352021715 0.000794068810656 0.000968314837271 0.000927325861823 0.001071199793069 0.001308827411770 0.000523872000660 0.000784738545362 0.001172635525440 0.001163206356675 0.000402917323639 0.000665457320643 0.001139516773808 0.000980529022052 0.000570991995458 0.001924049776362 0.000867908517167 0.000864974092235 0.001007605979970 0.000921713513844 0.000402917323639 0.000680860467157 0.000807880602233 0.001069908833253 0.000993390160153 0.000706819649205 0.000827153538460 0.000882150846410 0.000985588553802 0.000851232189570 0.000933525847078 0.000795245182400 0.000922578388987 0.000892125120982 0.000962980789065 0.001332108695304 0.000496691958959 0.000633700994142 0.001065384894665 0.000872263403821 0.001445379733592 0.000663455883200 0.000740130477784 0.000724734190568 0.000818392112478 0.001174605736657 0.000590808818985 0.000749840248393 0.000738016312347 0.000804538799520 0.001092457802848 0.000511467863319 0.000706384392114 0.000801738374133 0.000903235312931 0.001103011516730 0.000572343443957 0.000600355034261 0.000763148380488 0.000870151132137 0.000992769671331 0.000517002920658 0.000769810637175 0.000666602725715 0.000857662073697 0.001018546244962 0.000266574032070 0.000361145053650 0.000450104704105 0.000495295818753 0.000597836738518 0.000587855403815 0.000692926217304 0.000814819574450 0.000878283477386 0.001115942265298 0.000566717525157 0.000778809183755 0.000836321587828 0.000748453213307 0.000989779152553 0.000190680268592 0.000311478907913 0.000430082475896 0.000606229018513 0.000642907491215 0.000268761323668 0.000355936131303 0.000438920164334 0.000477252056562 0.000615775663535 0.000461513377441 0.000614014053428 0.000686838545780 0.000788004771788 0.001074434720040 
0.000148801282727 0.000306046292382 0.000470787023313 0.000509398194458 0.000631492017974 0.000200967670100 0.000286567973023 0.000313621438854 0.000441443737807 0.000600502475951 0.000262175158324 0.000330392620535 0.000392889527722 0.000457946617094 0.000665525737569 0.000273139751199 0.000404500008468 0.000646527909935 0.000591697260233 0.000706855085026 0.000365552879832 0.000337269093612 0.000445908386341 0.000594542654576 0.000717099170121 0.000331394601462 0.000424799968783 0.000504191331162 0.000626526068379 0.000737139711632 0.000448285333655 0.000594475302881 0.000763626706915 0.000740488040101 0.000858794346397 0.000556530593297 0.000574742176586 0.000701414530869 0.000685625621802 0.000843645469388 0.000583991876693 0.000708055050809 0.000674985407061 0.000761351323377 0.000909736710414 0.000404866340770 0.000592441780170 0.000786107127532 0.000862056017973 0.000501802045918 0.000558185628314 0.000835418906203 0.000739553021743 0.000509383051809 0.001222573019016 0.000634740234387 0.000635311064139 0.000744461754518 0.000707137607553 0.000501802045918 0.000515040065892 0.000592576089330 0.000768192071163 0.000706819649205 0.000548840342044 0.000602576835232 0.000645819182410 0.000696311087832 0.000645985414232 0.000664583798633 0.000582024140700 0.000677583521111 0.000660257809600 0.000708481532258 0.000913496853258 0.000404206659781 0.000498239149374 0.000761509372445 0.000668719205782 0.000972489543154 0.000508686857548 0.000575721654522 0.000580782736832 0.000586095149249 0.000827967268074 0.000464024774384 0.000569132991975 0.000560478303357 0.000601314169112 0.000787096284526 0.000402766973797 0.000530662700726 0.000595072597467 0.000662291706644 0.000781456809548 0.000458610965067 0.000490053232960 0.000564859205988 0.000623400132220 0.000711983740068 0.000376055071198 0.000559347728704 0.000499445722262 0.000624600017999 0.000731020350492 0.000238291965238 0.000311913838860 0.000373448209560 0.000412092791620 0.000475957994609 0.000465264180531 0.000533805629991 0.000605749799696 0.000644405044869 0.000791034058103 0.000464177105240 0.000564285202132 0.000607311256592 0.000567402906828 0.000725281633454 0.000177687280323 0.000269202965062 0.000351673424630 0.000468323677116 0.000490429872740 0.000233314342099 0.000309039025798 0.000357120686946 0.000382910931903 0.000486543068580 0.000372360614108 0.000474406433219 0.000522888865197 0.000589596239294 0.000763116639385 
0.000143630826741 0.000324602219549 0.000505801763418 0.000569928356798 0.000699026271614 0.000202439586009 0.000285011601818 0.000339808223358 0.000487066505839 0.000675939042344 0.000266591021236 0.000355536272504 0.000412644243039 0.000493514004700 0.000768992795606 0.000274406542418 0.000437741233461 0.000760542905411 0.000651148070529 0.000851527367415 0.000391463152179 0.000343574176615 0.000484983574247 0.000671160497216 0.000812275915290 0.000358969855502 0.000467079021871 0.000558500530634 0.000721272282689 0.000863621738941 0.000483531172166 0.000671420290981 0.000881163242047 0.000897835799920 0.000973678183471 0.000614516019679 0.000641626468639 0.000796253120721 0.000782571211923 0.000949388721187 0.000666954671784 0.000812002441791 0.000776672966933 0.000891519127957 0.001083016500492 0.000446017136160 0.000663762348631 0.000961454365971 0.000978908035233 0.000401282904943 0.000579925495972 0.000956192448659 0.000829117886402 0.000506919707052 0.001556954465289 0.000727866931525 0.000726252469592 0.000847263842972 0.000783040382137 0.000401282904943 0.000576273451112 0.000678018167741 0.000892872286912 0.000827153538460 0.000602576835232 0.000693111552234 0.000740060662460 0.000818991160854 0.000720996701968 0.000777274993749 0.000667056721406 0.000774556886096 0.000750553553118 0.000808818788738 0.001098478072166 0.000429183923038 0.000542112811834 0.000887999056062 0.000740883541424 0.001186163816791 0.000563674404472 0.000631230407311 0.000623321454806 0.000682476231468 0.000975480140153 0.000505337904118 0.000635193462737 0.000625238972703 0.000678646544650 0.000912531818972 0.000437840001262 0.000596740657545 0.000675042533268 0.000757998758336 0.000917257601651 0.000492206417174 0.000519214069366 0.000642046739728 0.000725712429907 0.000828246505709 0.000433059006855 0.000644487735549 0.000562761274779 0.000718400669053 0.000849917348303 0.000237007292611 0.000317588224274 0.000391107889552 0.000430676634859 0.000513248652682 0.000503830435374 0.000589447389916 0.000686359069074 0.000737187346546 0.000928137461212 0.000490613865365 0.000651505021864 0.000700019693202 0.000633806256752 0.000830461087724 0.000171917575664 0.000274090210621 0.000372139006628 0.000516082893802 0.000545402911522 0.000236893099984 0.000313566432410 0.000379263253237 0.000410671667735 0.000527494758961 0.000397821392654 0.000522743060427 0.000582351016253 0.000664927831136 0.000894077122885 
0.000155208936073 0.000348685303174 0.000543058859615 0.000609917995352 0.000748799772822 0.000218198497722 0.000307774171104 0.000364329893683 0.000521790793521 0.000723098040602 0.000287271377318 0.000381496216093 0.000443749265664 0.000529730470872 0.000821025565209 0.000296050618483 0.000469536846890 0.000810961852722 0.000697759719268 0.000906397848425 0.000420222309735 0.000370388959210 0.000520068676336 0.000717832400778 0.000868555484127 0.000384962413423 0.000500457602745 0.000598163849332 0.000770295881562 0.000921152073687 0.000518945382355 0.000718072751846 0.000940862893389 0.000955243813460 0.001041114802838 0.000658386101476 0.000686859363640 0.000851318507697 0.000836343378896 0.001015725896786 0.000712663757871 0.000867443213003 0.000829502081132 0.000950951570224 0.001153799760903 0.000477905265920 0.000710348603513 0.001022294159692 0.001046581375805 0.000442810451959 0.000624426610203 0.001021679031017 0.000887309123382 0.000547811974805 0.001650792690115 0.000777531904942 0.000775973616513 0.000905681623190 0.000838804999873 0.000442810451959 0.000616709109541 0.000724448804266 0.000952860892656 0.000882150846410 0.000645819182410 0.000740060662460 0.000790543987808 0.000873293708557 0.000771866591887 0.000829159724111 0.000712604037419 0.000827646150130 0.000802313882469 0.000864381459939 0.001169414937341 0.000461133797199 0.000581454960004 0.000947484099744 0.000793613317568 0.001261469571748 0.000603627200834 0.000676667758862 0.000669322186017 0.000728271176418 0.001040030285868 0.000541891665288 0.000679955193556 0.000669366558895 0.000725871892283 0.000974013251493 0.000469529658398 0.000638373715698 0.000721700450758 0.000809861828767 0.000978196933627 0.000528569815078 0.000557961787927 0.000686347097547 0.000774424432481 0.000883835532203 0.000462335812328 0.000688206153482 0.000601889401581 0.000767319175106 0.000907001672866 0.000255903327938 0.000342406503109 0.000420710659065 0.000463414814923 0.000550884447428 0.000540603071897 0.000631444317375 0.000733856965205 0.000787650536895 0.000989829030405 0.000527323264695 0.000695623378401 0.000747530734943 0.000678430678747 0.000887278382890 0.000185873970456 0.000295366637470 0.000399954456723 0.000552958882934 0.000583952441342 0.000255251087342 0.000338097441652 0.000407465667637 0.000440929594762 0.000565958362789 0.000427198372638 0.000560084562047 0.000623438595935 0.000711200904477 0.000953606826251 
0.000153259047829 0.000367909540245 0.000578076944275 0.000664786006520 0.000811372220564 0.000222380595775 0.000311466452429 0.000389298823872 0.000564161036609 0.000790987129138 0.000294907063044 0.000406148829951 0.000465634450770 0.000564918172276 0.000911257130542 0.000301606743291 0.000501655820707 0.000908869159617 0.000753362876963 0.001028513389399 0.000446084909634 0.000381112667716 0.000557434822953 0.000786511083541 0.000953515520290 0.000411431500060 0.000539895683864 0.000648275675102 0.000853251955070 0.001030136146898 0.000553649061866 0.000786976566109 0.001043469453364 0.001087530620457 0.001143634930926 0.000712348881194 0.000747891499213 0.000935810322913 0.000922127125743 0.001111081078100 0.000785852133242 0.000958834581617 0.000918600038596 0.001063174526303 0.001301239348718 0.000516308548663 0.000775030694057 0.001168984325669 0.001150644286974 0.000376484563356 0.000651207695296 0.001128198032788 0.000968541747293 0.000555459423501 0.001925368468604 0.000859346273573 0.000856118936092 0.000996972420053 0.000909145670110 0.000376484563356 0.000672215902792 0.000799790882893 0.001060957787754 0.000985588553802 0.000696311087832 0.000818991160854 0.000873293708557 0.000978654093786 0.000840395717923 0.000926406629825 0.000787358648850 0.000913227537654 0.000882496950566 0.000953145272839 0.001325735094651 0.000487168740768 0.000623645205670 0.001056928567784 0.000860422792922 0.001440494472109 0.000654209886607 0.000729116811625 0.000712085714058 0.000811773457689 0.001166543579956 0.000581365811474 0.000740200392551 0.000728557106395 0.000795253250222 0.001083003572461 0.000503105980049 0.000697830890878 0.000792885404620 0.000894173712311 0.001094968539753 0.000562418982107 0.000588676001222 0.000754935314026 0.000863088194767 0.000984551636111 0.000511943365188 0.000762602199562 0.000658614507256 0.000849600822413 0.001010059304013 0.000258918785008 0.000352240316258 0.000440716331831 0.000484929565258 0.000587698049649 0.000578199061530 0.000683061755442 0.000805705715983 0.000869422652237 0.001107761016948 0.000555510469235 0.000771736981837 0.000828600812036 0.000738912961117 0.000979938509135 0.000184117166355 0.000303563881881 0.000421657302028 0.000597483784982 0.000634303754903 0.000261683348129 0.000346873819975 0.000430475996567 0.000468764907566 0.000605775451430 0.000452979614812 0.000605127586985 0.000677758172937 0.000778782990003 0.001066392523899 
0.000167096800339 0.000355646927132 0.000549955719957 0.000603584948326 0.000745559459555 0.000229207056071 0.000325801327542 0.000367070950772 0.000520453174210 0.000713178646996 0.000300179523689 0.000385911875845 0.000455219347377 0.000535519506404 0.000797952561103 0.000311551718313 0.000473465997563 0.000780351188842 0.000697021724358 0.000860747838915 0.000426274725967 0.000386709148728 0.000522948964843 0.000706839012704 0.000853621902667 0.000387951317811 0.000500133813932 0.000595309918091 0.000750195629619 0.000888387621839 0.000524337098886 0.000706871595619 0.000915100136940 0.000903897015990 0.001022703092913 0.000656456617019 0.000680613398100 0.000835667926003 0.000818463706018 0.001001968163293 0.000697160924661 0.000846629418852 0.000808086026264 0.000917398275973 0.001102906962599 0.000477114262877 0.000702459760134 0.000962729156160 0.001027167544433 0.000534072237011 0.000644671357301 0.000998281916675 0.000877155550622 0.000579859703022 0.001520622699805 0.000758892835318 0.000758690938298 0.000887766266281 0.000835020372156 0.000534072237011 0.000610287034476 0.000707980023318 0.000923030690249 0.000851232189570 0.000645985414232 0.000720996701968 0.000771866591887 0.000840395717923 0.000764958071274 0.000800436420687 0.000695733796003 0.000809251398413 0.000786932972565 0.000845808452755 0.001111626507116 0.000470105890841 0.000584604508772 0.000916176562944 0.000789800357434 0.001189757902431 0.000600602457747 0.000677394870692 0.000678242157665 0.000704766599577 0.000999914261850 0.000544514605663 0.000673860676690 0.000663562565009 0.000714858424408 0.000944850808446 0.000472264275121 0.000629943071190 0.000708692923578 0.000791313756358 0.000942406730147 0.000535627419290 0.000569519206607 0.000673235136684 0.000749547802062 0.000855758258467 0.000450127161089 0.000669907147364 0.000593252668044 0.000747694887410 0.000878463564496 0.000270874469855 0.000357602692591 0.000432303133250 0.000476782528308 0.000556703060777 0.000545008883337 0.000629543986442 0.000721096902820 0.000769808874592 0.000953820691210 0.000538988684539 0.000676367914689 0.000727520219714 0.000672026064297 0.000866752005735 0.000199882076949 0.000308426116047 0.000408531867040 0.000551943136145 0.000579868024007 0.000266930375313 0.000353788308365 0.000415336618356 0.000446953260278 0.000570194835513 0.000433961303801 0.000559075398668 0.000618565243045 0.000700685857004 0.000919662540739 
0.000149079850153 0.000352757085121 0.000553278602608 0.000632999626318 0.000773588898341 0.000214826413971 0.000301435944347 0.000372215508347 0.000538116927993 0.000752604366900 0.000284469212509 0.000388664930037 0.000447041957034 0.000540466713673 0.000864362017266 0.000291449075732 0.000479701218287 0.000860335088428 0.000718815566548 0.000971066430787 0.000427157098893 0.000367491381295 0.000532682668745 0.000748086056889 0.000906561202701 0.000393381430198 0.000515203974639 0.000618038585170 0.000809683194193 0.000975575497166 0.000529628161106 0.000748486385199 0.000989926532211 0.001026081248702 0.001087192709403 0.000679390045445 0.000712313279771 0.000889488162228 0.000875917993066 0.001057194248581 0.000746429158992 0.000910285382724 0.000871745629814 0.001006925712666 0.001230138113868 0.000492562037606 0.000737839070166 0.001101930697004 0.001093651837999 0.000380261624033 0.000626120445562 0.001071312684850 0.000921984443124 0.000537450080329 0.001807562236211 0.000815845497935 0.000813081805314 0.000947338150660 0.000866769283443 0.000380261624033 0.000640071250591 0.000759494496490 0.001005677845848 0.000933525847078 0.000664583798633 0.000777274993749 0.000829159724111 0.000926406629825 0.000800436420687 0.000877510847998 0.000747545622165 0.000867313479119 0.000838685921223 0.000905360612797 0.001251933158318 0.000467018018967 0.000595908484517 0.001001478392838 0.000820261472235 0.001358254644347 0.000623678886089 0.000696002840626 0.000681634916390 0.000769309403140 0.001104067237148 0.000555455712565 0.000705014357870 0.000693961225590 0.000756418754508 0.001026874296568 0.000480799245923 0.000664052775744 0.000753709607845 0.000849098629306 0.001036760695083 0.000538362112375 0.000564498833491 0.000717457638268 0.000817964429220 0.000933161922046 0.000485793829697 0.000723592580181 0.000626585929207 0.000806300439618 0.000957399056039 0.000250582386886 0.000339672745888 0.000423282703349 0.000465875440758 0.000562215248249 0.000552822805375 0.000651463374296 0.000766003814620 0.000825639885743 0.001048918768297 0.000532868327656 0.000732083707361 0.000786174690384 0.000703714105634 0.000930490816066 0.000179003356235 0.000292756220414 0.000404400549127 0.000569985754902 0.000604425063804 0.000252483371079 0.000334681238869 0.000412661431249 0.000448764981389 0.000579097660206 0.000433884803597 0.000577286618080 0.000645715225090 0.000740824053564 0.001009912946647 
0.000139609610866 0.000314111841831 0.000489372450165 0.000549719527054 0.000674901515146 0.000196424538482 0.000277144775753 0.000328214115518 0.000470249630703 0.000651778325333 0.000258684222342 0.000343707260463 0.000399786671366 0.000477367016755 0.000740149230655 0.000266595447589 0.000423058405220 0.000731160606512 0.000628849258927 0.000817295389177 0.000378592650751 0.000333629634405 0.000468629400122 0.000647043065310 0.000782924183726 0.000346835595721 0.000450991125716 0.000539103495152 0.000694408227150 0.000830490141819 0.000467635936281 0.000647256530599 0.000848168259760 0.000861365243694 0.000938496011445 0.000593396919895 0.000619101180207 0.000767412675326 0.000753933421816 0.000915575965508 0.000642404972675 0.000781968301091 0.000747782890579 0.000857356245421 0.001040318360721 0.000430711265355 0.000640280222473 0.000921862246567 0.000943431007452 0.000398371772714 0.000562630994195 0.000921019299569 0.000799807775287 0.000493485790305 0.001488887806022 0.000700900743043 0.000699478052398 0.000816427698878 0.000756038764614 0.000398371772714 0.000555841475877 0.000653063045722 0.000859020701888 0.000795245182400 0.000582024140700 0.000667056721406 0.000712604037419 0.000787358648850 0.000695733796003 0.000747545622165 0.000642372614199 0.000746082727795 0.000723215853487 0.000779209504667 0.001054446858702 0.000415476519423 0.000524005821923 0.000854211622885 0.000715308872569 0.001137526347631 0.000544000976001 0.000609851427976 0.000603161736190 0.000656574011836 0.000937692723408 0.000488318307253 0.000612863720749 0.000603336561405 0.000654298099183 0.000878073424459 0.000423086039013 0.000575386427809 0.000650539346681 0.000730048036375 0.000881915610448 0.000476339863141 0.000502708745845 0.000618691163868 0.000698183101937 0.000796796023897 0.000416726479916 0.000620390695058 0.000542489934821 0.000691737688623 0.000817679787916 0.000230422608980 0.000308431226607 0.000379034486081 0.000417529677085 0.000496430916914 0.000487180446245 0.000569079593194 0.000661490017553 0.000710022746086 0.000892401527295 0.000475095708271 0.000627096925723 0.000673891686266 0.000611494568210 0.000799847390039 0.000167254814623 0.000265996323935 0.000360349562411 0.000498349385475 0.000526303156042 0.000229826835058 0.000304512140467 0.000367112418805 0.000397313254683 0.000510040625871 0.000384903356792 0.000504764465782 0.000561894489792 0.000641054536569 0.000859738210177 
0.000163665995218 0.000366352671191 0.000570420929726 0.000639298308905 0.000785372838606 0.000229735489145 0.000324458475378 0.000382317599699 0.000547296716400 0.000757754386537 0.000302426969244 0.000400546075013 0.000466577743091 0.000556328750067 0.000859278391078 0.000311915462522 0.000492874556439 0.000848039920363 0.000732000274146 0.000946763227479 0.000441326314801 0.000390059879890 0.000545828070760 0.000752132652257 0.000909920700812 0.000404036162906 0.000524969051407 0.000627301703886 0.000806334962749 0.000963458263942 0.000544951922835 0.000752358254517 0.000984749967259 0.000997479819686 0.001090685098077 0.000690619130451 0.000720099385786 0.000891795495726 0.000875872544312 0.001064483429940 0.000746258170738 0.000908197938612 0.000868339442120 0.000994657098208 0.001205863186504 0.000501329889391 0.000744583967211 0.001067060738959 0.001096326667300 0.000473227506760 0.000657102713846 0.001069821434245 0.000930076662493 0.000577823308781 0.001719880330223 0.000814037629135 0.000812517772222 0.000948624327065 0.000879783530555 0.000473227506760 0.000646417653692 0.000758579917169 0.000996965591868 0.000922578388987 0.000677583521111 0.000774556886096 0.000827646150130 0.000913227537654 0.000809251398413 0.000867313479119 0.000746082727795 0.000866670690528 0.000840356976065 0.000905226963221 0.001221598730088 0.000484585907062 0.000610352804935 0.000991224900694 0.000832361598694 0.001316878231393 0.000632972757473 0.000710049185227 0.000703108529389 0.000761944697031 0.001087502337611 0.000568734649784 0.000712846019425 0.000701795089751 0.000760580340157 0.001019212983844 0.000492795777089 0.000668964534752 0.000755991313957 0.000847984294902 0.001023008908289 0.000555281161605 0.000586403620148 0.000718908078119 0.000810242552257 0.000924705896099 0.000483844969437 0.000720341732697 0.000630636607374 0.000803283856281 0.000948971394765 0.000269750566180 0.000360614223864 0.000442437857175 0.000487448130178 0.000578525378608 0.000567612190619 0.000662293901934 0.000768764083048 0.000824743428990 0.001035193984833 0.000554267165602 0.000728056440579 0.000782458290120 0.000711221549755 0.000929045269072 0.000196080845828 0.000310963282095 0.000420370932330 0.000580047272797 0.000612273400192 0.000268699950108 0.000356087426348 0.000428164798232 0.000463146038734 0.000594211327319 0.000448761239512 0.000587513805389 0.000653624391707 0.000745205929448 0.000997381074512 
0.000162272566578 0.000358579347141 0.000557316154372 0.000621520868340 0.000764491197814 0.000226415917346 0.000320210958268 0.000373233600612 0.000532987242797 0.000736119417366 0.000297637283244 0.000391328862890 0.000457194051901 0.000543342926531 0.000832124932354 0.000307434992163 0.000481180418009 0.000819489698639 0.000713074043503 0.000912356007504 0.000431428473013 0.000383712143932 0.000532523282742 0.000730402482761 0.000883262015799 0.000394421482121 0.000511480853534 0.000610594928311 0.000781193967612 0.000931467868237 0.000532184769546 0.000730581212876 0.000953789897943 0.000960511574931 0.001058596212717 0.000672466218302 0.000700228866932 0.000865425939970 0.000849419886120 0.001034095548865 0.000723699125716 0.000880285467754 0.000841312260237 0.000961688397553 0.001163641400576 0.000488303437134 0.000723726284645 0.001026490290478 0.001063871518024 0.000481223756796 0.000644689482319 0.001037167078863 0.000903936853263 0.000570052665218 0.001646944318970 0.000789038590427 0.000787865757617 0.000920294617845 0.000856343618590 0.000481223756796 0.000628437079019 0.000735462310452 0.000964787246425 0.000892125120982 0.000660257809600 0.000750553553118 0.000802313882469 0.000882496950566 0.000786932972565 0.000838685921223 0.000723215853487 0.000840356976065 0.000815396165751 0.000877866967439 0.001177450123573 0.000474186092655 0.000595397115349 0.000958842661212 0.000810133273283 0.001267206738538 0.000616111124703 0.000691985188633 0.000687035736447 0.000737176752712 0.001050701501944 0.000554765757873 0.000693209230749 0.000682487323449 0.000738619812301 0.000986616897875 0.000480815322281 0.000649958191036 0.000733723415461 0.000822123960313 0.000988833070131 0.000542573321615 0.000573976216937 0.000697555306401 0.000783930578437 0.000894770055922 0.000468789540374 0.000697824125088 0.000612585111965 0.000778309824717 0.000918309695072 0.000266229012609 0.000354761932791 0.000433687517355 0.000477912698767 0.000564977881962 0.000554028149336 0.000644910390761 0.000746226453730 0.000799637041369 0.001000656669826 0.000542686937372 0.000705116154161 0.000757948610606 0.000691555808759 0.000900656414732 0.000194299142824 0.000305970573013 0.000411523529576 0.000564957574648 0.000595682306731 0.000264513226085 0.000350492382129 0.000418974345658 0.000452623079705 0.000579899972436 0.000438799475443 0.000572240512219 0.000635800375073 0.000723767371320 0.000964271128264 
0.000171646163681 0.000383372764836 0.000596795864243 0.000668101320908 0.000821028037085 0.000240706009001 0.000340151804079 0.000399821383530 0.000572166548222 0.000791785730209 0.000316829498557 0.000418993295174 0.000488430817687 0.000582000716168 0.000897247345003 0.000326901157974 0.000515506962308 0.000885105438696 0.000765332213025 0.000987535306218 0.000461718347739 0.000408679225757 0.000570832272048 0.000785852462287 0.000950634853307 0.000422561756128 0.000548859266648 0.000655745501463 0.000842047801046 0.001005677317481 0.000570075072021 0.000786075061679 0.001028294550714 0.001040263425011 0.001139473578398 0.000722017401256 0.000752616829166 0.000931654721740 0.000914886833581 0.001112323790216 0.000779460126769 0.000948519724822 0.000906813671322 0.001038260511335 0.001258179585593 0.000524141771894 0.000778128651328 0.001112583159208 0.001145319288715 0.000499672976366 0.000688159940446 0.001117391966964 0.000971973685267 0.000605888937923 0.001791436558088 0.000850169687079 0.000848648054887 0.000990956383170 0.000919726392144 0.000499672976366 0.000675542020437 0.000792310353668 0.001040854596487 0.000962980789065 0.000708481532258 0.000808818788738 0.000864381459939 0.000953145272839 0.000845808452755 0.000905360612797 0.000779209504667 0.000905226963221 0.000877866967439 0.000945543774107 0.001274267099273 0.000507128589093 0.000638349757508 0.001034788050892 0.000870138148325 0.001373153867894 0.000661649587777 0.000742474082278 0.000735651006296 0.000795461132904 0.001134990866821 0.000594783565742 0.000745031534451 0.000733504386695 0.000794689463706 0.001064148909962 0.000515376997518 0.000699012031502 0.000789776160508 0.000885675708944 0.001067777046688 0.000580993133962 0.000613721545726 0.000751002758635 0.000845889184621 0.000965391652854 0.000505223969829 0.000752215499153 0.000658913897057 0.000838893391801 0.000990740375046 0.000282787554844 0.000377838505811 0.000463204479318 0.000510376221691 0.000605211028237 0.000593727733122 0.000692378763193 0.000803142703017 0.000861411227974 0.001080506605580 0.000580124283741 0.000760239702722 0.000817086431136 0.000743318350320 0.000970336804826 0.000205667340591 0.000325773735201 0.000439968428829 0.000606434381107 0.000639966505198 0.000281493056226 0.000373111867778 0.000448072590319 0.000484567809109 0.000621535364912 0.000469548400614 0.000614238112181 0.000683159567876 0.000778629813745 0.001041077945578 
0.000185578458378 0.000473756438044 0.000749906335080 0.000880276535822 0.001068887971306 0.000277515547032 0.000385752636537 0.000507028307057 0.000741931180738 0.001050484845639 0.000370386340769 0.000527154657300 0.000596449286499 0.000734023541530 0.001224887508348 0.000375983389986 0.000653101913169 0.001231277119311 0.000989501078441 0.001407214099114 0.000577495217264 0.000479423486066 0.000727683537259 0.001045971727259 0.001270126394030 0.000535854937457 0.000708734921019 0.000854250968051 0.001145030778222 0.001393147698584 0.000719689315467 0.001046832954529 0.001401753136349 0.001491831695973 0.001524071440318 0.000937264455598 0.000989354097649 0.001247842374829 0.001232687058959 0.001475497277889 0.001050723498642 0.001284491955422 0.001232460305884 0.001437514578744 0.001771737998250 0.000678493613836 0.001027023985753 0.001609068458038 0.001534530286697 0.000379393414697 0.000829194920433 0.001510072482392 0.001283882247276 0.000688686280202 0.002690509193490 0.001151142347798 0.001145178861021 0.001330960569697 0.001197937561344 0.000379393414697 0.000890146751801 0.001070321147021 0.001429834111078 0.001332108695304 0.000913496853258 0.001098478072166 0.001169414937341 0.001325735094651 0.001111626507116 0.001251933158318 0.001054446858702 0.001221598730088 0.001177450123573 0.001274267099273 0.001812558122692 0.000627854624429 0.000814417832648 0.001426477071089 0.001134022034287 0.001980671491438 0.000862169412893 0.000955925271607 0.000923269298982 0.001094925018980 0.001581413932455 0.000759483737450 0.000979023147356 0.000963442403894 0.001057494947479 0.001457909265730 0.000656588796845 0.000926294206277 0.001056848871390 0.001196764391518 0.001482001449872 0.000729255502502 0.000757786184769 0.001007210458398 0.001163991875849 0.001327357478678 0.000686971840344 0.001023738875784 0.000875031047855 0.001139695394126 0.001361416174932 0.000320641468196 0.000442986342827 0.000563636187471 0.000619499570973 0.000763879947677 0.000753204280220 0.000898674835236 0.001073352375116 0.001163388871345 0.001499065082482 0.000714120926352 0.001036972469204 0.001112564161046 0.000977733440162 0.001311844958329 0.000223486411207 0.000381610355756 0.000542401942210 0.000785288993987 0.000837464301650 0.000328300961663 0.000435221085107 0.000554824174543 0.000607479481927 0.000789628201762 0.000585743401376 0.000795293367031 0.000895471481528 0.001035200466908 0.001442177182621 
0.000119416464626 0.000231005513709 0.000351886283370 0.000370195110954 0.000462301708311 0.000156909951900 0.000225184048458 0.000233400734348 0.000324061516771 0.000434406620975 0.000203392845491 0.000246928931747 0.000298227924515 0.000341590443684 0.000472144410387 0.000213380272694 0.000301095033947 0.000452286717730 0.000435054983651 0.000485114574103 0.000274065901355 0.000261019207820 0.000330684503658 0.000429183578363 0.000516327804157 0.000246574222005 0.000312658444183 0.000369018583008 0.000445696904162 0.000517309417137 0.000334223006746 0.000429000099762 0.000542289310658 0.000505485525334 0.000617871788955 0.000408158961458 0.000418222562348 0.000504175019256 0.000490840721752 0.000610301280641 0.000418007873419 0.000505156271290 0.000480337424487 0.000534570524890 0.000630391804701 0.000297469698377 0.000430000427535 0.000532736471205 0.000619501706041 0.000439468095432 0.000426371758411 0.000596839440529 0.000536474807843 0.000399537858502 0.000799666979441 0.000452922029947 0.000454410990921 0.000534113456496 0.000517506562635 0.000439468095432 0.000374296097019 0.000423483757340 0.000542502921479 0.000496691958959 0.000404206659781 0.000429183923038 0.000461133797199 0.000487168740768 0.000470105890841 0.000467018018967 0.000415476519423 0.000484585907062 0.000474186092655 0.000507128589093 0.000627854624429 0.000304637252661 0.000369236037547 0.000536365901264 0.000489215085359 0.000660565081437 0.000372290090310 0.000424331634616 0.000434363755953 0.000413268057021 0.000578500147847 0.000343756489015 0.000414261174454 0.000408045211131 0.000434123484145 0.000556949952240 0.000298818938902 0.000384231704370 0.000428054821419 0.000473239914653 0.000547640797109 0.000342942450884 0.000369841967372 0.000405687890566 0.000439670669053 0.000502480190124 0.000267643656210 0.000397703064667 0.000361142754889 0.000444632594659 0.000516133097059 0.000187321717263 0.000241467605905 0.000283973519287 0.000313728680161 0.000354873084186 0.000345923263556 0.000391582652479 0.000436112560081 0.000460623614266 0.000554521095938 0.000350881126905 0.000400554694800 0.000431623641443 0.000412739286195 0.000518037608540 0.000142164625195 0.000208623138246 0.000265641886435 0.000344041377681 0.000357947601660 0.000181181033037 0.000239869459141 0.000269149557439 0.000286613351054 0.000361419830046 0.000279544213530 0.000348549641628 0.000381241734811 0.000425940472140 0.000535561531385 
0.000138375859583 0.000279718538594 0.000429110663768 0.000460782210518 0.000572387747710 0.000185269173580 0.000264835066722 0.000285409568869 0.000400451455397 0.000542554518538 0.000241437390323 0.000301109216022 0.000359589225623 0.000417172503995 0.000598260936701 0.000252033927676 0.000368231847888 0.000579039971526 0.000536913646927 0.000629952028687 0.000333409087707 0.000310333121048 0.000405512918692 0.000536868734512 0.000647104474070 0.000301602801236 0.000385569887675 0.000456942090648 0.000563571670138 0.000660735677921 0.000408303783414 0.000536783605284 0.000686572444162 0.000659024211221 0.000774830145710 0.000504680503589 0.000520107743009 0.000632682248543 0.000617780361280 0.000762269100868 0.000526142088084 0.000637393031604 0.000607220907036 0.000682656261795 0.000812768676219 0.000367310435657 0.000535754294388 0.000698330634902 0.000777534612554 0.000478821602044 0.000511851301015 0.000752339216705 0.000668708586242 0.000470573238018 0.001076465798813 0.000571403289250 0.000572269220715 0.000671177363886 0.000640908989639 0.000478821602044 0.000465933939178 0.000533682097396 0.000689676294671 0.000633700994142 0.000498239149374 0.000542112811834 0.000581454960004 0.000623645205670 0.000584604508772 0.000595908484517 0.000524005821923 0.000610352804935 0.000595397115349 0.000638349757508 0.000814417832648 0.000369236037547 0.000453122603901 0.000683229389821 0.000606030812332 0.000864406759184 0.000460983071116 0.000522780328058 0.000529468139466 0.000525998098771 0.000741300905957 0.000421908155608 0.000515058195253 0.000507271730339 0.000543009399368 0.000707007389474 0.000366363128355 0.000479576816642 0.000536854361547 0.000596440382516 0.000700193347902 0.000418091190178 0.000447797932705 0.000509384060225 0.000559510676399 0.000639103376377 0.000338248802079 0.000503057970880 0.000451159636648 0.000562049622918 0.000656265027236 0.000220302774397 0.000287072155174 0.000341987517759 0.000377570912416 0.000433528874760 0.000423514210209 0.000484067927238 0.000546603130293 0.000580386520711 0.000708831419802 0.000424339283445 0.000507292749546 0.000546154574747 0.000513407425358 0.000653101594648 0.000164996712896 0.000247853146568 0.000321456799444 0.000424892281234 0.000444144399572 0.000214798513371 0.000284658463117 0.000326218179986 0.000349136304933 0.000442757303401 0.000339820223151 0.000430426757222 0.000473401228823 0.000532503140892 0.000684015241883 
0.000172521131740 0.000405181942113 0.000634901126811 0.000724426140800 0.000885924971371 0.000247718606071 0.000347906935479 0.000426906601060 0.000616400312050 0.000860965026708 0.000327768191330 0.000445972175382 0.000513822494333 0.000620069274714 0.000987198581638 0.000336116220998 0.000550214164840 0.000981539729200 0.000823523604261 0.001106338897631 0.000490303300624 0.000423343652103 0.000610768532596 0.000855638635758 0.001036671280075 0.000451182391475 0.000590295118148 0.000707762048316 0.000924957611899 0.001113282304701 0.000607600645412 0.000856069851858 0.001130701270798 0.001168588244260 0.001243150299351 0.000778175810364 0.000815301612732 0.001017004732017 0.001001148715726 0.001209420329982 0.000853123968161 0.001040128180419 0.000995885096635 0.001149092449516 0.001402456047570 0.000564273876625 0.000844323559601 0.001254361445296 0.001250412871471 0.000448284033109 0.000720193368637 0.001224268319707 0.001054997493234 0.000620225151110 0.002053126622794 0.000932225288634 0.000929248267476 0.001082975935511 0.000992609582697 0.000448284033109 0.000732515623405 0.000867950935996 0.001148186170802 0.001065384894665 0.000761509372445 0.000887999056062 0.000947484099744 0.001056928567784 0.000916176562944 0.001001478392838 0.000854211622885 0.000991224900694 0.000958842661212 0.001034788050892 0.001426477071089 0.000536365901264 0.000683229389821 0.001143162640453 0.000939318426322 0.001546378524418 0.000714210332504 0.000797577599080 0.000782245550450 0.000878222661127 0.001259492192838 0.000636818415645 0.000806964637299 0.000794332989002 0.000865180657688 0.001172566906877 0.000551298485162 0.000759715746964 0.000861806487858 0.000970335690485 0.001182974158520 0.000617821051415 0.000648418751404 0.000820251100104 0.000933782137947 0.001065339836164 0.000554960248568 0.000826570976212 0.000716764297155 0.000921141327522 0.001093046537498 0.000289216901369 0.000391309765360 0.000486611555157 0.000535650975620 0.000644992845590 0.000634034620920 0.000746194628264 0.000875928349552 0.000943554852630 0.001196874580388 0.000612192170774 0.000836163386780 0.000898034444068 0.000805430936565 0.001063317018110 0.000207091286931 0.000337278389952 0.000464562038124 0.000652956363322 0.000691993749116 0.000290952732187 0.000385669830561 0.000473934156881 0.000515037270882 0.000664114492228 0.000498099625572 0.000661324596916 0.000739196257115 0.000847386938460 0.001152467008613 
0.000176498262155 0.000370187698680 0.000571240749835 0.000622966123977 0.000770783456436 0.000240509626468 0.000342475629673 0.000380823050649 0.000538353826535 0.000735358373912 0.000314501554950 0.000400781114998 0.000474524568842 0.000555981368369 0.000819326202356 0.000327003234102 0.000491267993818 0.000798929406361 0.000721283457145 0.000877829193044 0.000443032935767 0.000405003353043 0.000542172238166 0.000728486544523 0.000879282888424 0.000402487601273 0.000517629185813 0.000615395509220 0.000770744599271 0.000910136921547 0.000544302472493 0.000728463950263 0.000939817571586 0.000920856450571 0.001053282795546 0.000678935572541 0.000702695698833 0.000860480813404 0.000842033492952 0.001033156588331 0.000717185775006 0.000870357745407 0.000830285803900 0.000939936960296 0.001126975769865 0.000493638662024 0.000724839907251 0.000979393148675 0.001057616161149 0.000578996793176 0.000673088940388 0.001026573852329 0.000905000695292 0.000609391660074 0.001536584878756 0.000780178286854 0.000780364114663 0.000913756157100 0.000863216855438 0.000578996793176 0.000629877282545 0.000728087066916 0.000946854451920 0.000872263403821 0.000668719205782 0.000740883541424 0.000793613317568 0.000860422792922 0.000789800357434 0.000820261472235 0.000715308872569 0.000832361598694 0.000810133273283 0.000870138148325 0.001134022034287 0.000489215085359 0.000606030812332 0.000939318426322 0.000816402521505 0.001210896885654 0.000620844276955 0.000701371631321 0.000704602738308 0.000722734535203 0.001023464561646 0.000564407390858 0.000695759255799 0.000685170205982 0.000736775239912 0.000969635881356 0.000489664090971 0.000649644164773 0.000729831631297 0.000813755828358 0.000965190790950 0.000556436764812 0.000592868744603 0.000693090304802 0.000768692128599 0.000877725154265 0.000462458218451 0.000688168936711 0.000611618686913 0.000768281358366 0.000901093978975 0.000284742312872 0.000374544521969 0.000450830364517 0.000497364755971 0.000577917600914 0.000565404432124 0.000651111941130 0.000742744308710 0.000791700139894 0.000976942242171 0.000561297113361 0.000694572404380 0.000747298368267 0.000693769659577 0.000891265556082 0.000211025223091 0.000323068855849 0.000425361301203 0.000571033307111 0.000599059818770 0.000279739062828 0.000370760371576 0.000432210881256 0.000464388216113 0.000591420554237 0.000451172554416 0.000578422427810 0.000638890199988 0.000722260437230 0.000942178695932 
0.000186802987117 0.000498162858980 0.000792436927056 0.000942799748204 0.001141010629019 0.000285548195835 0.000394756064517 0.000537216640287 0.000791108501662 0.001127231919361 0.000382825758905 0.000557258938640 0.000624934105368 0.000776490246892 0.001324467990931 0.000386558866673 0.000691793016300 0.001337909762514 0.001054216720565 0.001538418368797 0.000609420529012 0.000496075927335 0.000772168712430 0.001123371875558 0.001365521805187 0.000567755727422 0.000754821705726 0.000912053666681 0.001236839377615 0.001512163047862 0.000761544304388 0.001124461473247 0.001515133513155 0.001633508896600 0.001639016657818 0.000999693949424 0.001058952842899 0.001342457952843 0.001328270723355 0.001583219659142 0.001132343739202 0.001385962758206 0.001331095951761 0.001560103906752 0.001931169219594 0.000723118049899 0.001100493523455 0.001765540806037 0.001651030743897 0.000324128446205 0.000865247531339 0.001628472370478 0.001376023489922 0.000705296906062 0.002978900162611 0.001242032313473 0.001234478606156 0.001432948270177 0.001278932940407 0.000324128446205 0.000953390353859 0.001154119016080 0.001548607607941 0.001445379733592 0.000972489543154 0.001186163816791 0.001261469571748 0.001440494472109 0.001189757902431 0.001358254644347 0.001137526347631 0.001316878231393 0.001267206738538 0.001373153867894 0.001980671491438 0.000660565081437 0.000864406759184 0.001546378524418 0.001210896885654 0.002171871508322 0.000920575509407 0.001017236450801 0.000975286417821 0.001186497602527 0.001719071768382 0.000806298414371 0.001047789103604 0.001030985619541 0.001135678223654 0.001577905568671 0.000696605293908 0.000993644836539 0.001136703616317 0.001290552855297 0.001609400067096 0.000770368860345 0.000796626253554 0.001083966861395 0.001261243480197 0.001437954196957 0.000742043175793 0.001106069287079 0.000939203467164 0.001230777318189 0.001474626329193 0.000328106151539 0.000458287813397 0.000589915464284 0.000647892914847 0.000808253440139 0.000798132254326 0.000958499933037 0.001154052738775 0.001254392778086 0.001627761558147 0.000750037396475 0.001121026944723 0.001202191486448 0.001046692795039 0.001414847894209 0.000225364672146 0.000394681692117 0.000569937904410 0.000837017612663 0.000895254173636 0.000339069629242 0.000449518088125 0.000583756510548 0.000641498282504 0.000837079907474 0.000617644814421 0.000847650631732 0.000957704778431 0.001111465923706 0.001565378088144 
0.000134843350859 0.000281864199429 0.000434535457048 0.000473874232820 0.000586192261436 0.000183413337609 0.000260850880230 0.000290032254334 0.000409551557648 0.000559264940954 0.000239622105551 0.000305109251776 0.000361132618778 0.000422931488216 0.000623048662142 0.000249080190217 0.000373929151793 0.000607453050682 0.000548657655272 0.000667391080118 0.000337263127575 0.000308281490555 0.000412581605750 0.000554025580724 0.000668670242195 0.000306424680536 0.000393866421501 0.000468114389327 0.000586105692966 0.000692011764902 0.000414090302313 0.000554019850582 0.000714701553140 0.000700089066021 0.000800926237035 0.000516363577703 0.000534397021581 0.000654317288936 0.000640279246127 0.000785639267906 0.000545462156064 0.000661863348613 0.000631370899318 0.000714659746650 0.000856839850452 0.000375496459032 0.000551243956788 0.000744570229371 0.000804217661415 0.000440679764726 0.000511956890688 0.000780596778579 0.000688198603864 0.000463567534793 0.001168020917633 0.000593334912696 0.000593505342928 0.000694822627549 0.000656443451413 0.000440679764726 0.000479125366203 0.000553662998334 0.000720019817399 0.000663455883200 0.000508686857548 0.000563674404472 0.000603627200834 0.000654209886607 0.000600602457747 0.000623678886089 0.000544000976001 0.000632972757473 0.000616111124703 0.000661649587777 0.000862169412893 0.000372290090310 0.000460983071116 0.000714210332504 0.000620844276955 0.000920575509407 0.000472340207325 0.000533441608014 0.000535939538676 0.000549533111302 0.000778165045422 0.000429428858297 0.000529165625454 0.000521054428065 0.000560303999568 0.000737365739595 0.000372628989018 0.000494142870219 0.000555059423881 0.000618843199321 0.000733903540478 0.000423188808565 0.000451171251164 0.000527078877656 0.000584479406015 0.000667451986067 0.000351871939195 0.000523367183155 0.000465273485612 0.000584183574293 0.000685219414347 0.000216920734052 0.000285074242313 0.000343072490467 0.000378404532716 0.000439618330001 0.000430082093219 0.000495312164790 0.000564891100352 0.000602076173999 0.000742838897238 0.000427159755488 0.000528193100880 0.000568273434761 0.000527643248699 0.000677749976299 0.000161038370123 0.000246087324119 0.000323699618551 0.000434376701015 0.000455686607117 0.000213205379252 0.000282293462853 0.000328944410945 0.000353329597267 0.000449847231328 0.000343367347204 0.000440015138506 0.000485986350241 0.000549317740067 0.000716410520309 
0.000156383624153 0.000321235513780 0.000494139532792 0.000534076713381 0.000662327021214 0.000211113066007 0.000301252724989 0.000328971727849 0.000462993378280 0.000629527397646 0.000275425775352 0.000346674318806 0.000412560763776 0.000480621601454 0.000697201933380 0.000287057693777 0.000424394181631 0.000676985035405 0.000620648547123 0.000739648359344 0.000383621163957 0.000354413308547 0.000467812004452 0.000623233149065 0.000751644096124 0.000347658341462 0.000445548417011 0.000528764985382 0.000656417424329 0.000771951667699 0.000470453994064 0.000623148253370 0.000799992099893 0.000774695553615 0.000900167477462 0.000583736477178 0.000602671146788 0.000735181332363 0.000718525436295 0.000884467840218 0.000611960148115 0.000741912656398 0.000707202328036 0.000797320646282 0.000952266498551 0.000424666246793 0.000621165703042 0.000822212014143 0.000903547730476 0.000530196155044 0.000586411609946 0.000875439970938 0.000775419686639 0.000535704659309 0.001277171907097 0.000665075037302 0.000665720925459 0.000780246695934 0.000741675035054 0.000530196155044 0.000539992090696 0.000620958234782 0.000804620388191 0.000740130477784 0.000575721654522 0.000631230407311 0.000676667758862 0.000729116811625 0.000677394870692 0.000696002840626 0.000609851427976 0.000710049185227 0.000691985188633 0.000742474082278 0.000955925271607 0.000424331634616 0.000522780328058 0.000797577599080 0.000701371631321 0.001017236450801 0.000533441608014 0.000603977455128 0.000609621402444 0.000613879447308 0.000866931091107 0.000486827101548 0.000596777460685 0.000587731451254 0.000630346352436 0.000824472368582 0.000422554560943 0.000556301482422 0.000623698813138 0.000693992620365 0.000818303184971 0.000481403686995 0.000514476536429 0.000592015786388 0.000652958528876 0.000745728302093 0.000393919940116 0.000585999325985 0.000523527070920 0.000654435099403 0.000765680525982 0.000250486921162 0.000327782255735 0.000392186146265 0.000432823508926 0.000499515586463 0.000488244197824 0.000559858123258 0.000634905660215 0.000675256749793 0.000828341588654 0.000487338182567 0.000591154726596 0.000636266265894 0.000594952201419 0.000760000920061 0.000186801784093 0.000282824218207 0.000369216541514 0.000491217345590 0.000514275541560 0.000245089457835 0.000324750895768 0.000374887098930 0.000401895333665 0.000510567409774 0.000390825775217 0.000497590727040 0.000548290398700 0.000618054920754 0.000799139842258 
0.000166426169152 0.000329041133587 0.000503221961342 0.000534207503618 0.000665655734463 0.000220932323574 0.000316697852655 0.000333927662972 0.000466046897877 0.000627895624871 0.000287086759318 0.000352894744593 0.000424256528087 0.000488812199737 0.000686862307252 0.000300607836182 0.000430932996877 0.000661126071986 0.000625447189358 0.000713720727732 0.000391316410994 0.000369034883631 0.000473943848239 0.000620786834834 0.000747496042541 0.000352895383286 0.000449212479353 0.000531292142339 0.000647820685430 0.000755376831171 0.000478304524550 0.000620563218776 0.000788644652815 0.000745049324044 0.000894788962064 0.000587334765081 0.000603375156168 0.000730356056956 0.000711988862914 0.000882236406465 0.000606270513293 0.000733540290116 0.000698102211208 0.000780399130815 0.000924438672778 0.000427746994352 0.000620876647694 0.000787175814868 0.000897491561322 0.000598980351108 0.000605625158983 0.000866339396233 0.000774807197024 0.000562807107623 0.001196220919668 0.000657612596486 0.000659234087129 0.000774205813902 0.000745266513260 0.000598980351108 0.000540108491646 0.000614610999988 0.000790434689874 0.000724734190568 0.000580782736832 0.000623321454806 0.000669322186017 0.000712085714058 0.000678242157665 0.000681634916390 0.000603161736190 0.000703108529389 0.000687035736447 0.000735651006296 0.000923269298982 0.000434363755953 0.000529468139466 0.000782245550450 0.000704602738308 0.000975286417821 0.000535939538676 0.000609621402444 0.000621092348155 0.000602496001000 0.000845977303535 0.000492902902099 0.000597564217455 0.000588611141307 0.000627929838656 0.000810936399763 0.000428190197232 0.000555135327092 0.000619848562160 0.000686821314966 0.000800010559630 0.000490439423610 0.000527121550391 0.000587798607173 0.000640937952756 0.000732278596011 0.000388776493692 0.000578108368425 0.000521968108570 0.000646126470027 0.000752073205303 0.000263342151349 0.000341362951374 0.000403771014009 0.000445963824232 0.000507889693664 0.000495518688393 0.000563340651659 0.000631331364557 0.000668426752903 0.000809979550383 0.000499827262766 0.000582608510352 0.000627559715446 0.000595500449465 0.000751975588891 0.000198551159451 0.000294622766756 0.000378486708961 0.000494717160970 0.000515815064728 0.000255642991204 0.000338712970372 0.000383730983629 0.000409618034261 0.000517899223266 0.000399028273321 0.000501161568705 0.000549568100992 0.000615916861211 0.000781985983215 
0.000133404672421 0.000312206794644 0.000488993238772 0.000557224697911 0.000681671964200 0.000191229853347 0.000268688980915 0.000328716328343 0.000474338632727 0.000662124295148 0.000252932321527 0.000343470484369 0.000396045024956 0.000477522112785 0.000758608695910 0.000259486501383 0.000423673960572 0.000753868096393 0.000633776986289 0.000849153442322 0.000377672859611 0.000326656019021 0.000470222876351 0.000657970075715 0.000797097605703 0.000347408868131 0.000454301676315 0.000544575526246 0.000710856615509 0.000855151839463 0.000467907416515 0.000658291965124 0.000868917479943 0.000896773074775 0.000955831306915 0.000598812101577 0.000627165171214 0.000781922992229 0.000769606489371 0.000930108093462 0.000655807629318 0.000799459551071 0.000765377425699 0.000882672046316 0.001076787965618 0.000434245969312 0.000649418473098 0.000962369318247 0.000961369900733 0.000349648875635 0.000555311194938 0.000941045902389 0.000811442592190 0.000478972111219 0.001573537001717 0.000716526382368 0.000714305033462 0.000832581412308 0.000763750496966 0.000349648875635 0.000563445989148 0.000667166303676 0.000882167043125 0.000818392112478 0.000586095149249 0.000682476231468 0.000728271176418 0.000811773457689 0.000704766599577 0.000769309403140 0.000656574011836 0.000761944697031 0.000737176752712 0.000795461132904 0.001094925018980 0.000413268057021 0.000525998098771 0.000878222661127 0.000722734535203 0.001186497602527 0.000549533111302 0.000613879447308 0.000602496001000 0.000674713104668 0.000967306020376 0.000490256230591 0.000620758202865 0.000611048873906 0.000665311811203 0.000900965905706 0.000424444727317 0.000584277686606 0.000662615505105 0.000745860797278 0.000908636688313 0.000475852521816 0.000499640714172 0.000630626159581 0.000717403684769 0.000818494853096 0.000426503387595 0.000635228807707 0.000551212410148 0.000707941624196 0.000839795287037 0.000223363572736 0.000301943050961 0.000375107180816 0.000412937023152 0.000496705773229 0.000488199632192 0.000574204263186 0.000673497161552 0.000725285435529 0.000919323771447 0.000471764916785 0.000642561172885 0.000690140081701 0.000619561757779 0.000817320442186 0.000160115651830 0.000260257233599 0.000357984300200 0.000502488378883 0.000532377369290 0.000224536548004 0.000297631438926 0.000365163072126 0.000396700272355 0.000511340630958 0.000383705611135 0.000508930009094 0.000568666267551 0.000651644614166 0.000885251196417 
0.000181155275126 0.000436848806807 0.000686791343105 0.000791030058045 0.000965085816736 0.000263435611516 0.000368779660808 0.000462634853100 0.000670946040571 0.000941412632058 0.000349523875771 0.000482540509409 0.000552679178515 0.000671238486309 0.001085563162970 0.000357274011306 0.000596150102001 0.001083367582930 0.000895877172796 0.001226936245094 0.000529888043779 0.000451754553199 0.000662572251178 0.000936185111133 0.001135116520364 0.000488941127948 0.000641997560006 0.000771098932511 0.001016330334459 0.001227759517226 0.000657868744371 0.000936757410731 0.001243007628579 0.001297604798824 0.001361494114467 0.000847221697399 0.000889856073856 0.001114126220753 0.001098047364374 0.001322384148303 0.000935783935415 0.001141943915816 0.001094152481333 0.001267118524865 0.001551690919113 0.000613997681888 0.000922268472328 0.001395171909670 0.001369915109836 0.000439845184575 0.000772611424526 0.001343562327940 0.001152570350142 0.000657734994236 0.002300663154934 0.001023449529722 0.001019494259662 0.001187050211100 0.001081403293942 0.000439845184575 0.000799875653518 0.000952449012882 0.001264152615777 0.001174605736657 0.000827967268074 0.000975480140153 0.001040030285868 0.001166543579956 0.000999914261850 0.001104067237148 0.000937692723408 0.001087502337611 0.001050701501944 0.001134990866821 0.001581413932455 0.000578500147847 0.000741300905957 0.001259492192838 0.001023464561646 0.001719071768382 0.000778165045422 0.000866931091107 0.000845977303535 0.000967306020376 0.001390596158723 0.000691061596139 0.000880692210150 0.000866829961134 0.000946582822193 0.001290309234531 0.000597985918931 0.000830506166704 0.000943935810563 0.001064857441264 0.001305111010233 0.000668172758111 0.000698985425914 0.000898816844789 0.001028440376431 0.001173146546998 0.000609772498187 0.000908375378608 0.000783884335706 0.001011953712679 0.001203518186991 0.000306557147182 0.000417522899411 0.000523042173848 0.000575471481886 0.000698324793389 0.000687151964649 0.000812381387749 0.000959158921719 0.001035364056301 0.001320341315978 0.000659534362847 0.000919323583687 0.000987006199599 0.000879189999701 0.001167017292494 0.000217672719821 0.000359808721661 0.000500634700023 0.000710543824383 0.000754594174825 0.000310119439072 0.000411090352754 0.000511178984789 0.000556875085569 0.000719959206854 0.000538033265460 0.000719632223255 0.000806331520946 0.000926951057405 0.001270971857795 
0.000128800027672 0.000260440670378 0.000399499960179 0.000429270540310 0.000533087039349 0.000172542867736 0.000246395174101 0.000265925023041 0.000372960270955 0.000505453034336 0.000224713109340 0.000280431246863 0.000334734129628 0.000388406704906 0.000557543192535 0.000234509151644 0.000342960054978 0.000539785413595 0.000500054649125 0.000587479594781 0.000310502293248 0.000288778950064 0.000377685658091 0.000500174601939 0.000602892553908 0.000280956054647 0.000359137286020 0.000425621569140 0.000525203562009 0.000615899772350 0.000380176494023 0.000500090940373 0.000639870690945 0.000614659775468 0.000721869929421 0.000470020643251 0.000484459336200 0.000589450432980 0.000575616169927 0.000710084495477 0.000490295888341 0.000593963113208 0.000565870277895 0.000636248801016 0.000757817282551 0.000342100920107 0.000499067315816 0.000651417540790 0.000724407402668 0.000444139124240 0.000476250941119 0.000701022186062 0.000622894483179 0.000437589695557 0.001004880377734 0.000532493369622 0.000533285209033 0.000625339933127 0.000596884421046 0.000444139124240 0.000434040312962 0.000497292872611 0.000642829938742 0.000590808818985 0.000464024774384 0.000505337904118 0.000541891665288 0.000581365811474 0.000544514605663 0.000555455712565 0.000488318307253 0.000568734649784 0.000554765757873 0.000594783565742 0.000759483737450 0.000343756489015 0.000421908155608 0.000636818415645 0.000564407390858 0.000806298414371 0.000429428858297 0.000486827101548 0.000492902902099 0.000490256230591 0.000691061596139 0.000392916624296 0.000479775561166 0.000472489882190 0.000505880652325 0.000658965113742 0.000341197392144 0.000446791748705 0.000500199924400 0.000555789284534 0.000652717240673 0.000389191330272 0.000416897286586 0.000474610967410 0.000521489846376 0.000595701403255 0.000315322659434 0.000468844683768 0.000420373988353 0.000523698274801 0.000611689958122 0.000204944045792 0.000267098059471 0.000318312330906 0.000351354333819 0.000403639361232 0.000394306483712 0.000450879116581 0.000509282087246 0.000540827503384 0.000660764666417 0.000395049418407 0.000472786251427 0.000508981732935 0.000478240187487 0.000608578306309 0.000153581797499 0.000230658955181 0.000299253489266 0.000395718503545 0.000413723174219 0.000200006774290 0.000264856711876 0.000303722023034 0.000325067341615 0.000412233264884 0.000316387515545 0.000400876471410 0.000440991401174 0.000496112623557 0.000637618284314 
0.000147468552123 0.000313455727648 0.000484549750817 0.000531753838041 0.000656801590983 0.000202141755407 0.000287220226532 0.000323535856698 0.000458543013272 0.000628259603479 0.000264648831296 0.000340102072322 0.000401159824710 0.000471828869215 0.000702873378399 0.000274657363115 0.000417233870807 0.000687313810245 0.000614090197525 0.000758068380186 0.000375672867461 0.000340827813596 0.000460801138975 0.000622666261342 0.000751950121092 0.000341900808244 0.000440673337920 0.000524474064929 0.000660812319844 0.000782476816365 0.000461991120921 0.000622698288150 0.000806074037644 0.000796054212729 0.000900866932480 0.000578317669147 0.000599572286165 0.000736111775122 0.000720945280480 0.000882621860106 0.000614137329582 0.000745764716738 0.000711801320982 0.000808025794184 0.000971374084792 0.000420347303723 0.000618815070968 0.000847843673129 0.000904795288517 0.000470911034576 0.000568020071213 0.000879331229456 0.000772687119343 0.000510980464573 0.001338996183816 0.000668498602612 0.000668335413753 0.000781997249008 0.000735594829847 0.000470911034576 0.000537655835650 0.000623632887472 0.000813035764662 0.000749840248393 0.000569132991975 0.000635193462737 0.000679955193556 0.000740200392551 0.000673860676690 0.000705014357870 0.000612863720749 0.000712846019425 0.000693209230749 0.000745031534451 0.000979023147356 0.000414261174454 0.000515058195253 0.000806964637299 0.000695759255799 0.001047789103604 0.000529165625454 0.000596777460685 0.000597564217455 0.000620758202865 0.000880692210150 0.000479775561166 0.000593639935783 0.000584547220828 0.000629721975951 0.000832267948373 0.000416141972333 0.000554960328292 0.000624297146569 0.000697050442447 0.000830064245891 0.000471894868008 0.000501866761037 0.000593046263535 0.000660202868326 0.000753778838757 0.000396569327947 0.000590109343282 0.000522654963971 0.000658592896032 0.000773778143479 0.000238813730155 0.000315166829843 0.000380957172840 0.000420126267328 0.000490492224116 0.000480178446301 0.000554648520214 0.000635229501555 0.000678110101916 0.000840118218803 0.000474970946760 0.000595781975248 0.000640836311388 0.000592019213799 0.000763487621374 0.000176334878772 0.000271895994739 0.000360005066440 0.000486275419454 0.000510864540770 0.000235361237283 0.000311843412594 0.000366010433417 0.000393826376559 0.000502358440757 0.000382415466160 0.000492565500954 0.000544956041120 0.000617257052283 0.000810036189667 
0.000145237078183 0.000308713853338 0.000477275259875 0.000523577664846 0.000646800139685 0.000199098768929 0.000283015277779 0.000318560624751 0.000451539874442 0.000618592769336 0.000260702162953 0.000334926379394 0.000395173740904 0.000464731312762 0.000691910969560 0.000270608607396 0.000410881334530 0.000676502089343 0.000604741471581 0.000745991023431 0.000369975691892 0.000335818660782 0.000453789444424 0.000613072856449 0.000740352299789 0.000336672948766 0.000433935158154 0.000516457601683 0.000650527679403 0.000770197516812 0.000455026388742 0.000613098745431 0.000793505075142 0.000783327663899 0.000886982378139 0.000569518204061 0.000590399247734 0.000724757645597 0.000709792026169 0.000869074215436 0.000604601575376 0.000734182709524 0.000700729995183 0.000795352731379 0.000955998225598 0.000413942993745 0.000609325822006 0.000834226722845 0.000890838194830 0.000464965952648 0.000559677146960 0.000865706966038 0.000760849099351 0.000503653122101 0.001317021231833 0.000658103925418 0.000657954751859 0.000769918849603 0.000724403908405 0.000464965952648 0.000529390592767 0.000613963167942 0.000800312661848 0.000738016312347 0.000560478303357 0.000625238972703 0.000669366558895 0.000728557106395 0.000663562565009 0.000693961225590 0.000603336561405 0.000701795089751 0.000682487323449 0.000733504386695 0.000963442403894 0.000408045211131 0.000507271730339 0.000794332989002 0.000685170205982 0.001030985619541 0.000521054428065 0.000587731451254 0.000588611141307 0.000611048873906 0.000866829961134 0.000472489882190 0.000584547220828 0.000575612029055 0.000620027750528 0.000819257476814 0.000409810589461 0.000546408389780 0.000614647788012 0.000686231541019 0.000817015428925 0.000464838438739 0.000494346886740 0.000583878560141 0.000649877383902 0.000741976956721 0.000390341169181 0.000580905174568 0.000514576440593 0.000648361595883 0.000761667978241 0.000235305485202 0.000310542199369 0.000375289678539 0.000413905494810 0.000483111322830 0.000472939203938 0.000546179281135 0.000625414994430 0.000667586389002 0.000826914387659 0.000467859883228 0.000586489962227 0.000630855501219 0.000582949315881 0.000751644963314 0.000173712203639 0.000267854747384 0.000354613297250 0.000478863591016 0.000503038696343 0.000231835640448 0.000307250560758 0.000360508428533 0.000387899509787 0.000494785952742 0.000376648679956 0.000485053643129 0.000536600008957 0.000607745054761 0.000797314728198 
0.000150848106828 0.000328339904868 0.000509287814369 0.000564382435452 0.000695359578078 0.000209027561982 0.000296225004098 0.000340614645688 0.000485034871183 0.000667821656836 0.000274365631038 0.000357512477340 0.000419287045041 0.000496280768312 0.000751889565017 0.000283945754424 0.000439212336609 0.000738458620884 0.000649182721261 0.000819186764847 0.000394447241898 0.000353609476524 0.000485696524643 0.000662340382555 0.000800533767276 0.000359966569505 0.000465713289622 0.000555320113914 0.000706268295225 0.000839879510696 0.000486020644886 0.000662450204416 0.000861998871636 0.000861585297713 0.000959310488716 0.000611892770142 0.000636072685946 0.000784106055166 0.000768961054252 0.000938186773663 0.000655088184575 0.000796323389411 0.000760678104771 0.000867196833128 0.001046680802138 0.000444480648286 0.000657051851504 0.000919570117229 0.000963858678145 0.000461517749331 0.000592256127957 0.000938524942220 0.000820580657829 0.000527302918888 0.001466566113363 0.000713787496663 0.000713066262502 0.000833493892684 0.000778862502465 0.000461517749331 0.000570656843107 0.000665548456449 0.000870974903978 0.000804538799520 0.000601314169112 0.000678646544650 0.000725871892283 0.000795253250222 0.000714858424408 0.000756418754508 0.000654298099183 0.000760580340157 0.000738619812301 0.000794689463706 0.001057494947479 0.000434123484145 0.000543009399368 0.000865180657688 0.000736775239912 0.001135678223654 0.000560303999568 0.000630346352436 0.000627929838656 0.000665311811203 0.000946582822193 0.000505880652325 0.000629721975951 0.000620027750528 0.000669817316354 0.000891025436795 0.000438569425509 0.000589742641289 0.000664851809382 0.000743938267380 0.000891348578798 0.000495895372767 0.000525657300298 0.000631887682353 0.000707538696528 0.000807660944922 0.000423806029844 0.000630811637457 0.000555659992455 0.000703759825295 0.000828979434554 0.000246286230511 0.000326956269511 0.000397909619334 0.000438631854456 0.000515989828031 0.000505657077724 0.000586813991240 0.000676301431264 0.000723641250232 0.000902060079793 0.000497192817893 0.000637205254899 0.000685123805311 0.000628136064453 0.000814946047278 0.000180549726606 0.000281989937190 0.000376957715567 0.000514229065594 0.000541424722054 0.000243889388248 0.000323200465492 0.000383564427278 0.000413730217502 0.000529173068553 0.000401335859154 0.000520863917986 0.000577758101379 0.000656422097001 0.000869452533924 
0.000182000326284 0.000420882477794 0.000658112241677 0.000746948829141 0.000914644549176 0.000259392738141 0.000364813826648 0.000442211274535 0.000636719213276 0.000886998696234 0.000342608305302 0.000462314243517 0.000534357964216 0.000642476631994 0.001013744356821 0.000351924663709 0.000569908827022 0.001005738366702 0.000850923986243 0.001130483050671 0.000508597101933 0.000442216860027 0.000632154998876 0.000881187598380 0.001067153355398 0.000467312517119 0.000610073366134 0.000730694027047 0.000950250224780 0.001141278856727 0.000629507527742 0.000881583972421 0.001161308626685 0.001193212093959 0.001279519596883 0.000803672798286 0.000840813116238 0.001046592373887 0.001029580262598 0.001245970059682 0.000877353848527 0.001069075228236 0.001023173140439 0.001178058840293 0.001435022708250 0.000582967012985 0.000870352590255 0.001279542908070 0.001286743301584 0.000488905299224 0.000749947050330 0.001258605582559 0.001087398715698 0.000649953725867 0.002085163137160 0.000958205488856 0.000955525594729 0.001114131892392 0.001024716207584 0.000488905299224 0.000755281966616 0.000892347717723 0.001178223041736 0.001092457802848 0.000787096284526 0.000912531818972 0.000974013251493 0.001083003572461 0.000944850808446 0.001026874296568 0.000878073424459 0.001019212983844 0.000986616897875 0.001064148909962 0.001457909265730 0.000556949952240 0.000707007389474 0.001172566906877 0.000969635881356 0.001577905568671 0.000737365739595 0.000824472368582 0.000810936399763 0.000900965905706 0.001290309234531 0.000658965113742 0.000832267948373 0.000819257476814 0.000891025436795 0.001203618741046 0.000570644138129 0.000782821508964 0.000887008061205 0.000997596591418 0.001212474675794 0.000640449834842 0.000673506608281 0.000844006511568 0.000957996457695 0.001093098235721 0.000570221873185 0.000849115060511 0.000738408168850 0.000946407110158 0.001121599999887 0.000303295269837 0.000408770642903 0.000506244828824 0.000557380214568 0.000668244896026 0.000656513884731 0.000770701597531 0.000901678943820 0.000970121035303 0.001226777880762 0.000636096455432 0.000858732500526 0.000922449289056 0.000830590921695 0.001093110936069 0.000218273842015 0.000352444732623 0.000482615430515 0.000674567051013 0.000714054994352 0.000304232957375 0.000403144388477 0.000492127891277 0.000534034311717 0.000687538667815 0.000516794923167 0.000683230430962 0.000762620869162 0.000872810629493 0.001181466361796 
0.000112639336527 0.000226511614245 0.000347048993571 0.000372324792111 0.000462520520806 0.000150392980434 0.000214795230894 0.000231053677750 0.000323719173699 0.000438258350686 0.000195804383539 0.000243712584412 0.000291092934354 0.000337374552184 0.000482908339827 0.000204389995155 0.000297947750258 0.000467119342468 0.000433998335852 0.000507847716549 0.000269866725193 0.000251417477202 0.000327999362169 0.000433626529823 0.000522592024364 0.000244082067418 0.000311770427836 0.000369303888311 0.000454941205476 0.000533079280617 0.000330228933791 0.000433565654847 0.000554221565008 0.000531185535681 0.000625676953494 0.000407849951891 0.000420184997261 0.000510877239747 0.000498772682846 0.000615653466267 0.000424871781712 0.000514585624115 0.000490172913206 0.000550785628558 0.000655446762169 0.000296899209538 0.000432794952282 0.000562723619956 0.000627835060710 0.000389467494797 0.000414216499080 0.000607365985040 0.000540145892889 0.000381185436993 0.000866376743734 0.000461348610310 0.000462103761954 0.000541924649445 0.000517849558833 0.000389467494797 0.000376490164078 0.000430872674306 0.000556605324165 0.000511467863319 0.000402766973797 0.000437840001262 0.000469529658398 0.000503105980049 0.000472264275121 0.000480799245923 0.000423086039013 0.000492795777089 0.000480815322281 0.000515376997518 0.000656588796845 0.000298818938902 0.000366363128355 0.000551298485162 0.000489664090971 0.000696605293908 0.000372628989018 0.000422554560943 0.000428190197232 0.000424444727317 0.000597985918931 0.000341197392144 0.000416141972333 0.000409810589461 0.000438569425509 0.000570644138129 0.000296347914222 0.000387452536470 0.000433577114737 0.000481564852126 0.000564912703156 0.000338077636483 0.000362410266391 0.000411341443432 0.000451492185313 0.000515780033625 0.000273203639329 0.000406126658675 0.000364514341036 0.000453702466347 0.000529634862345 0.000178724262981 0.000232564131813 0.000276841329646 0.000305605643841 0.000350597224476 0.000342461772502 0.000391276951108 0.000441469837056 0.000468613420062 0.000571887299358 0.000343453848095 0.000409491550395 0.000440866666906 0.000414792855368 0.000527276962311 0.000134136070836 0.000200954941887 0.000260173576870 0.000343452271993 0.000358928661283 0.000174242375659 0.000230711117790 0.000264031266143 0.000282439303549 0.000357989781148 0.000275007474843 0.000347941696305 0.000382560209241 0.000430131233762 0.000551888513040 
0.000134954542922 0.000290769147902 0.000450226836358 0.000497318636971 0.000613189185203 0.000185980321557 0.000263720139971 0.000301086729508 0.000427941840632 0.000588128697125 0.000243898676738 0.000316171462879 0.000371428360174 0.000438622771536 0.000660782868556 0.000252614020053 0.000388191246919 0.000647986143441 0.000572792526608 0.000717449667088 0.000348937679206 0.000314040656256 0.000429031413681 0.000583161465031 0.000704624295562 0.000318146786793 0.000411027729459 0.000489720189107 0.000620841215837 0.000737220034551 0.000429546007764 0.000583259111385 0.000757608228438 0.000754190989279 0.000844282884396 0.000539704434948 0.000560522703240 0.000690016887730 0.000676391995766 0.000826190659072 0.000576259724973 0.000700221220231 0.000668690160755 0.000761317404297 0.000917562306961 0.000392145384504 0.000578848088041 0.000804388287303 0.000848178344692 0.000417928998160 0.000524953338551 0.000825358662825 0.000722846537495 0.000469029123114 0.001278741634891 0.000627674429313 0.000627209882706 0.000733328062912 0.000686781996448 0.000417928998160 0.000502876399969 0.000585329263514 0.000765041508839 0.000706384392114 0.000530662700726 0.000596740657545 0.000638373715698 0.000697830890878 0.000629943071190 0.000664052775744 0.000575386427809 0.000668964534752 0.000649958191036 0.000699012031502 0.000926294206277 0.000384231704370 0.000479576816642 0.000759715746964 0.000649644164773 0.000993644836539 0.000494142870219 0.000556301482422 0.000555135327092 0.000584277686606 0.000830506166704 0.000446791748705 0.000554960328292 0.000546408389780 0.000589742641289 0.000782821508964 0.000387452536470 0.000519462988822 0.000585162718285 0.000654277687142 0.000782300163678 0.000438380364358 0.000465310242563 0.000556031719363 0.000621376220381 0.000709380469423 0.000372636054307 0.000554501799255 0.000489370998444 0.000618724258166 0.000728135464314 0.000219337653091 0.000290397615535 0.000352568313143 0.000388708194546 0.000456018954898 0.000446762116639 0.000517638456028 0.000595296087627 0.000636455228049 0.000791725776628 0.000440206034397 0.000560008967962 0.000602193533422 0.000553520164777 0.000716678767628 0.000161285652794 0.000250618366778 0.000333734134207 0.000453698332393 0.000477321749960 0.000216796124391 0.000287233513130 0.000339498668010 0.000365847026193 0.000467463819974 0.000355086984851 0.000459570815107 0.000509290645706 0.000578009234856 0.000763195152244 
0.000147285030702 0.000323761857548 0.000502795328680 0.000559681439843 0.000688745015926 0.000204933383531 0.000289997668361 0.000336628200814 0.000480291248758 0.000662684125641 0.000269298005212 0.000353065784337 0.000412922829861 0.000490120500599 0.000748242041408 0.000278308002727 0.000434000000251 0.000736271055300 0.000642606177022 0.000818843545248 0.000389315974247 0.000347057086244 0.000480174416354 0.000657450463619 0.000794915319460 0.000355731430995 0.000460980450738 0.000550090942199 0.000702544826112 0.000837026734013 0.000480040103206 0.000657607405986 0.000857676149565 0.000861818338845 0.000952665474079 0.000605909158943 0.000630606430746 0.000778781608193 0.000764190429520 0.000930931222637 0.000651079786485 0.000791796064552 0.000756625674842 0.000864253098080 0.001044918036804 0.000440028293009 0.000651662179988 0.000920667491357 0.000957345129613 0.000440485132383 0.000582521584892 0.000932982874022 0.000813899275564 0.000516137319201 0.001474582193583 0.000709729381983 0.000708775701043 0.000828061983118 0.000771478656607 0.000440485132383 0.000565925875537 0.000661598274368 0.000867282648720 0.000801738374133 0.000595072597467 0.000675042533268 0.000721700450758 0.000792885404620 0.000708692923578 0.000753709607845 0.000650539346681 0.000755991313957 0.000733723415461 0.000789776160508 0.001056848871390 0.000428054821419 0.000536854361547 0.000861806487858 0.000729831631297 0.001136703616317 0.000555059423881 0.000623698813138 0.000619848562160 0.000662615505105 0.000943935810563 0.000500199924400 0.000624297146569 0.000614647788012 0.000664851809382 0.000887008061205 0.000433577114737 0.000585162718285 0.000660302273767 0.000739552439540 0.000888505827531 0.000489507618266 0.000518177002920 0.000627688425887 0.000704649840974 0.000804311225237 0.000421609976384 0.000627551042811 0.000551461031827 0.000700012106791 0.000825491136584 0.000241143436722 0.000320892862092 0.000391747886184 0.000431748089077 0.000509620853241 0.000499664657561 0.000581091515402 0.000671587762577 0.000719340066082 0.000899145457980 0.000489987143270 0.000634046306852 0.000681602599696 0.000622782503670 0.000810174080476 0.000176249027719 0.000276813307091 0.000371551457708 0.000509110217416 0.000536562386093 0.000239312305648 0.000317116197844 0.000378216685739 0.000408389264385 0.000522956525594 0.000396020172388 0.000515680411842 0.000572658880419 0.000651509735100 0.000866506498292 
0.000159472887122 0.000357787970670 0.000557225259293 0.000625178612775 0.000767802977021 0.000224058095820 0.000316312270193 0.000373584384043 0.000535026395381 0.000741126465105 0.000295030869721 0.000391322556747 0.000455518680412 0.000543503894387 0.000840987315997 0.000304176771333 0.000481588036744 0.000830349145364 0.000715522515376 0.000927556802445 0.000431101714889 0.000380496642189 0.000533388234414 0.000735682019509 0.000890094668880 0.000394796174244 0.000513154511525 0.000613286500505 0.000789090950801 0.000943264796954 0.000532405382655 0.000735916979007 0.000963750355568 0.000977398572253 0.001066940586764 0.000675126651671 0.000704144614029 0.000872408964875 0.000856950981499 0.001041109873522 0.000730156779735 0.000888689348465 0.000849757844947 0.000973814787072 0.001181057319503 0.000490057848062 0.000728155311969 0.001045798420696 0.001072502286492 0.000458224778413 0.000641312881604 0.001046783765718 0.000909565592256 0.000563263524452 0.001687227855144 0.000796553875857 0.000795005773036 0.000928062472659 0.000860106282305 0.000458224778413 0.000632148249629 0.000742240680593 0.000975881708151 0.000903235312931 0.000662291706644 0.000757998758336 0.000809861828767 0.000894173712311 0.000791313756358 0.000849098629306 0.000730048036375 0.000847984294902 0.000822123960313 0.000885675708944 0.001196764391518 0.000473239914653 0.000596440382516 0.000970335690485 0.000813755828358 0.001290552855297 0.000618843199321 0.000693992620365 0.000686821314966 0.000745860797278 0.001064857441264 0.000555789284534 0.000697050442447 0.000686231541019 0.000743938267380 0.000997596591418 0.000481564852126 0.000654277687142 0.000739552439540 0.000829729105719 0.001001617507331 0.000542414421434 0.000572637890005 0.000703305975305 0.000793133520143 0.000905169659876 0.000473516524303 0.000704956304732 0.000616823483355 0.000786096503031 0.000928909200117 0.000262991616375 0.000351771890303 0.000431917232579 0.000475830593565 0.000565198592422 0.000554604434868 0.000647446066161 0.000752025097972 0.000806979600550 0.001013537904291 0.000541221086851 0.000712539672638 0.000765748491104 0.000695476935082 0.000909051763512 0.000191034073590 0.000303364145365 0.000410491932094 0.000567015714354 0.000598657208270 0.000262108611284 0.000347337832676 0.000418145346323 0.000452417768815 0.000580606527751 0.000438336326153 0.000574316071985 0.000639112189141 0.000728890501190 0.000976480286972 
0.000173304550595 0.000413633152776 0.000649422634702 0.000745425838854 0.000910212534148 0.000250750408784 0.000351395711292 0.000437232029022 0.000633005349564 0.000886677795520 0.000332323163984 0.000456288278614 0.000523724402980 0.000634546401851 0.001020339667910 0.000340085423194 0.000563419508682 0.001016885313268 0.000845381044700 0.001149660369420 0.000501270614294 0.000429353025350 0.000625895238199 0.000881547863645 0.001068569943829 0.000462075850787 0.000605889790405 0.000727238723694 0.000955532683492 0.001152763813229 0.000621870765152 0.000882056193395 0.001168447935081 0.001215324121764 0.001281565004438 0.000799221518432 0.000838671407323 0.001048614022081 0.001033037352799 0.001245495852924 0.000880370736358 0.001073952494898 0.001028735898048 0.001189770378302 0.001455195947990 0.000579338110007 0.000868967940220 0.001305917621127 0.001289331253863 0.000431574610820 0.000732795929334 0.001263742204157 0.001085887822690 0.000626514432001 0.002147713322597 0.000962531598281 0.000959051303229 0.001117025981830 0.001019874509123 0.000431574610820 0.000753759372336 0.000895895849213 0.001187663101734 0.001103011516730 0.000781456809548 0.000917257601651 0.000978196933627 0.001094968539753 0.000942406730147 0.001036760695083 0.000881915610448 0.001023008908289 0.000988833070131 0.001067777046688 0.001482001449872 0.000547640797109 0.000700193347902 0.001182974158520 0.000965190790950 0.001609400067096 0.000733903540478 0.000818303184971 0.000800010559630 0.000908636688313 0.001305111010233 0.000652717240673 0.000830064245891 0.000817015428925 0.000891348578798 0.001212474675794 0.000564912703156 0.000782300163678 0.000888505827531 0.001001617507331 0.001225229069390 0.000631852351166 0.000661827985432 0.000845892385756 0.000966083794296 0.001102092810187 0.000573332273409 0.000853993512299 0.000738278208822 0.000951477452798 0.001130671694101 0.000292121771473 0.000396833934936 0.000495764505112 0.000545546772677 0.000660115631000 0.000649314392213 0.000766381456862 0.000902920393487 0.000973912078886 0.001239562878451 0.000624614918844 0.000864139934709 0.000927873425643 0.000828588035733 0.001097662541778 0.000208120035368 0.000342040096557 0.000474075824170 0.000670421573868 0.000711441516605 0.000294915149232 0.000390886720481 0.000483911536815 0.000526677166595 0.000680237585998 0.000509059963939 0.000679006873997 0.000760128980141 0.000872927701909 0.001193343795715 
0.000131255083479 0.000259749607520 0.000397356470981 0.000421845733007 0.000525669385485 0.000174329216606 0.000249969760224 0.000263594486424 0.000368004963821 0.000495857348023 0.000226582015078 0.000278595688946 0.000334953759591 0.000385978619833 0.000542460997778 0.000237267781853 0.000340221487854 0.000522170383799 0.000493886486891 0.000563743137263 0.000308929935598 0.000291332717425 0.000374204029969 0.000490248110697 0.000590324840068 0.000278594073551 0.000354690921199 0.000419538614096 0.000511625320457 0.000596606523780 0.000377671459125 0.000490068923283 0.000622837690251 0.000588497949338 0.000706664801668 0.000463811825262 0.000476494671059 0.000576804264451 0.000562305310455 0.000696740221405 0.000478784054960 0.000579317961761 0.000551338032038 0.000616370753658 0.000730161309517 0.000337772232912 0.000490316431125 0.000621786468180 0.000708801591854 0.000472786026066 0.000478212418492 0.000684210408904 0.000611893179708 0.000444368420982 0.000944989633253 0.000519341466276 0.000520613617922 0.000611438370505 0.000588549342103 0.000472786026066 0.000426506969077 0.000485394526429 0.000624265919824 0.000572343443957 0.000458610965067 0.000492206417174 0.000528569815078 0.000562418982107 0.000535627419290 0.000538362112375 0.000476339863141 0.000555281161605 0.000542573321615 0.000580993133962 0.000729255502502 0.000342942450884 0.000418091190178 0.000617821051415 0.000556436764812 0.000770368860345 0.000423188808565 0.000481403686995 0.000490439423610 0.000475852521816 0.000668172758111 0.000389191330272 0.000471894868008 0.000464838438739 0.000495895372767 0.000640449834842 0.000338077636483 0.000438380364358 0.000489507618266 0.000542414421434 0.000631852351166 0.000387284154654 0.000416175862283 0.000464207915531 0.000506213699595 0.000578336462732 0.000306992213304 0.000456555615455 0.000412176750974 0.000510298610070 0.000593970046004 0.000207845013138 0.000269493006972 0.000318785884750 0.000352116993379 0.000401043242934 0.000391280904408 0.000444836853742 0.000498572117713 0.000527885651764 0.000639725601045 0.000394621534306 0.000460122169895 0.000495625784141 0.000470268124876 0.000593879174334 0.000156637054130 0.000232545625661 0.000298824641387 0.000390653226732 0.000407319143227 0.000201747953691 0.000267375358123 0.000302958727443 0.000323425601155 0.000408959882920 0.000315039692178 0.000395737136550 0.000433973027588 0.000486394959255 0.000617613664774 
0.000145369728655 0.000280413911240 0.000427008610236 0.000448431549053 0.000560276638724 0.000190887596925 0.000274022744000 0.000283131973419 0.000392755663410 0.000526066317440 0.000247283141653 0.000299599094292 0.000362225676756 0.000414461632477 0.000571022737046 0.000259548645545 0.000365249691084 0.000546523191685 0.000527392253820 0.000585444810034 0.000332613991431 0.000317403404622 0.000401075554109 0.000519672236868 0.000625092169068 0.000299113066565 0.000379013550221 0.000447208698588 0.000539156330718 0.000625231467071 0.000405508879407 0.000519424724842 0.000655932785358 0.000609808172258 0.000747991754591 0.000494714534280 0.000506659298317 0.000610311814348 0.000594015873833 0.000739086524174 0.000505861277222 0.000611202182831 0.000581076259101 0.000646037305529 0.000761264456268 0.000360584145143 0.000520843162289 0.000642366448287 0.000749909028315 0.000538134505971 0.000518086850679 0.000722198415488 0.000649788583728 0.000486241685353 0.000961838443645 0.000548005463867 0.000549892560190 0.000646475191487 0.000627172320728 0.000538134505971 0.000453371598985 0.000512438703796 0.000655951276169 0.000600355034261 0.000490053232960 0.000519214069366 0.000557961787927 0.000588676001222 0.000569519206607 0.000564498833491 0.000502708745845 0.000586403620148 0.000573976216937 0.000613721545726 0.000757786184769 0.000369841967372 0.000447797932705 0.000648418751404 0.000592868744603 0.000796626253554 0.000451171251164 0.000514476536429 0.000527121550391 0.000499640714172 0.000698985425914 0.000416897286586 0.000501866761037 0.000494346886740 0.000525657300298 0.000673506608281 0.000362410266391 0.000465310242563 0.000518177002920 0.000572637890005 0.000661827985432 0.000416175862283 0.000449063866300 0.000491058380516 0.000531567529849 0.000607532618495 0.000323759534271 0.000481077309683 0.000437324085389 0.000537836120231 0.000624057723726 0.000227903575699 0.000293610026318 0.000344940848183 0.000381087188206 0.000430567956027 0.000419605873791 0.000474623717061 0.000527964645846 0.000557383192522 0.000670156073475 0.000426079342840 0.000484476646518 0.000522097020892 0.000500004320559 0.000626836293303 0.000173139893907 0.000253629500935 0.000322536517980 0.000417015129988 0.000433712637230 0.000220350479585 0.000291673304095 0.000326752730273 0.000347820553473 0.000438396036494 0.000339263449688 0.000422477329618 0.000461909528666 0.000515768927914 0.000647292972738 
0.000138808763529 0.000306768371421 0.000476815586972 0.000531706974513 0.000654038899157 0.000193692703349 0.000273967741222 0.000319286849776 0.000455975308212 0.000629747700600 0.000254635212531 0.000334780919164 0.000391155568721 0.000464858012725 0.000711851471401 0.000263029429183 0.000411650231873 0.000701034390776 0.000610048590595 0.000780445000799 0.000369089033563 0.000328302508314 0.000455579254221 0.000624853841651 0.000755620107526 0.000337421880025 0.000437571166140 0.000522370329014 0.000668288581428 0.000796826691279 0.000455306323402 0.000625003622841 0.000815929672281 0.000821629470660 0.000905621551509 0.000575310153717 0.000599055046307 0.000740366292137 0.000726666864629 0.000884671581064 0.000619103278896 0.000753060471588 0.000719718503961 0.000822678333817 0.000995414633510 0.000417755875372 0.000619151997029 0.000878054802263 0.000910132347687 0.000411923238619 0.000551608786844 0.000887278284884 0.000773329850712 0.000487786778941 0.001408704899335 0.000674996958152 0.000673993394167 0.000787302482416 0.000732622625582 0.000411923238619 0.000537622581542 0.000629173828163 0.000825331224597 0.000763148380488 0.000564859205988 0.000642046739728 0.000686347097547 0.000754935314026 0.000673235136684 0.000717457638268 0.000618691163868 0.000718908078119 0.000697555306401 0.000751002758635 0.001007210458398 0.000405687890566 0.000509384060225 0.000820251100104 0.000693090304802 0.001083966861395 0.000527078877656 0.000592015786388 0.000587798607173 0.000630626159581 0.000898816844789 0.000474610967410 0.000593046263535 0.000583878560141 0.000631887682353 0.000844006511568 0.000411341443432 0.000556031719363 0.000627688425887 0.000703305975305 0.000845892385756 0.000464207915531 0.000491058380516 0.000596752081359 0.000670623665686 0.000765433714134 0.000401021994254 0.000596963665553 0.000524053634647 0.000665826731936 0.000785571605172 0.000227779098681 0.000303535401523 0.000371049496749 0.000408895584245 0.000483366041646 0.000473996391587 0.000551725591306 0.000638384371718 0.000684069409098 0.000856007538475 0.000464292832630 0.000603203883092 0.000648404156229 0.000591630841817 0.000770489554519 0.000166221282516 0.000261770656450 0.000352080886084 0.000483331572275 0.000509606625189 0.000226291534632 0.000299874080114 0.000358449023291 0.000387239993104 0.000496132555903 0.000375406502408 0.000489559646169 0.000543926800393 0.000619176536437 0.000824883565533 
0.000142032740514 0.000332157925387 0.000520191111529 0.000592624290400 0.000725022804944 0.000203527708562 0.000285989105666 0.000349674489596 0.000504516297309 0.000704160640716 0.000269175374616 0.000365383694481 0.000421378360960 0.000507978174168 0.000806643705378 0.000276173426178 0.000450686413647 0.000801521514025 0.000674108916532 0.000902709130244 0.000401780668351 0.000347625261160 0.000500186103593 0.000699729957245 0.000847668999118 0.000369558063732 0.000483216287285 0.000579207195268 0.000755885024103 0.000909227151424 0.000497747967240 0.000700069947229 0.000923944563702 0.000953298310538 0.001016467141540 0.000636903564668 0.000667015082008 0.000831520773952 0.000818396439815 0.000989156612866 0.000697382474223 0.000850118778013 0.000813861066878 0.000938489361347 0.001144774754006 0.000461878169075 0.000690667111894 0.001022980788928 0.001022347507132 0.000372878701708 0.000590871879809 0.001000688023054 0.000862978852674 0.000509801832697 0.001672289917417 0.000761931401101 0.000759583759830 0.000885378927223 0.000812318101352 0.000372878701708 0.000599240086840 0.000709452647400 0.000937993882639 0.000870151132137 0.000623400132220 0.000725712429907 0.000774424432481 0.000863088194767 0.000749547802062 0.000817964429220 0.000698183101937 0.000810242552257 0.000783930578437 0.000845889184621 0.001163991875849 0.000439670669053 0.000559510676399 0.000933782137947 0.000768692128599 0.001261243480197 0.000584479406015 0.000652958528876 0.000640937952756 0.000717403684769 0.001028440376431 0.000521489846376 0.000660202868326 0.000649877383902 0.000707538696528 0.000957996457695 0.000451492185313 0.000621376220381 0.000704649840974 0.000793133520143 0.000966083794296 0.000506213699595 0.000531567529849 0.000670623665686 0.000762797137265 0.000870288161457 0.000453522730788 0.000675464266210 0.000586205520398 0.000752788589600 0.000892939220322 0.000237746050409 0.000321326844463 0.000399108452109 0.000439363797082 0.000528383048246 0.000519320174612 0.000610731848145 0.000716226704041 0.000771256365986 0.000977448741420 0.000501919291283 0.000683252621088 0.000733851589793 0.000658926730373 0.000869118978175 0.000170465741314 0.000276967539903 0.000380864070743 0.000534461310352 0.000566218863423 0.000238959800882 0.000316747461142 0.000388492811950 0.000422016120207 0.000543931896655 0.000408203522593 0.000541312865639 0.000604809359198 0.000693007616012 0.000941229790390 
0.000162795627947 0.000379666389751 0.000594322380424 0.000676619065157 0.000827887110155 0.000232956456913 0.000327317167661 0.000399562998954 0.000576167414799 0.000803851514358 0.000307968486592 0.000417522374154 0.000481675309555 0.000580339658780 0.000920443673889 0.000316026443946 0.000514925758329 0.000914319030876 0.000769858901937 0.001029374895460 0.000459148387965 0.000397609653385 0.000571399997291 0.000798753533478 0.000967565387724 0.000422249385829 0.000551901098727 0.000661406747882 0.000862570856472 0.001037249442332 0.000568658111488 0.000799140087609 0.001054324149262 0.001086957985093 0.001160199412521 0.000727303139936 0.000761538924129 0.000949080405020 0.000934017900360 0.001129166137740 0.000795938690327 0.000970166837022 0.000928733820210 0.001070638901902 0.001305641302238 0.000527471715456 0.000788499937657 0.001166262090201 0.001166881337707 0.000428882314912 0.000675455658775 0.001142011934361 0.000985188397333 0.000583265857658 0.001905418529988 0.000869543392918 0.000866915933247 0.001010511377978 0.000927548345929 0.000428882314912 0.000684171008461 0.000809660234260 0.001070225952921 0.000992769671331 0.000711983740068 0.000828246505709 0.000883835532203 0.000984551636111 0.000855758258467 0.000933161922046 0.000796796023897 0.000924705896099 0.000894770055922 0.000965391652854 0.001327357478678 0.000502480190124 0.000639103376377 0.001065339836164 0.000877725154265 0.001437954196957 0.000667451986067 0.000745728302093 0.000732278596011 0.000818494853096 0.001173146546998 0.000595701403255 0.000753778838757 0.000741976956721 0.000807660944922 0.001093098235721 0.000515780033625 0.000709380469423 0.000804311225237 0.000905169659876 0.001102092810187 0.000578336462732 0.000607532618495 0.000765433714134 0.000870288161457 0.000992962592474 0.000517593966030 0.000770806955484 0.000669224398779 0.000859033401286 0.001018814262824 0.000272116307237 0.000367525323305 0.000456232637868 0.000502242231447 0.000603645266401 0.000593243033415 0.000697452660413 0.000817544538127 0.000880210170525 0.001115064120109 0.000573675128978 0.000779655100583 0.000837408996688 0.000752308688982 0.000991870546226 0.000195311824534 0.000316854049083 0.000435298251965 0.000610364417360 0.000646534577437 0.000273428998115 0.000362345626834 0.000444000336335 0.000482195510406 0.000621337403541 0.000466476078283 0.000618196759195 0.000690582651656 0.000791100834986 0.001073770750619 
0.000089408587140 0.000202440863924 0.000315496187327 0.000355852737089 0.000436325391425 0.000126118539170 0.000177457381670 0.000212048227333 0.000304016600692 0.000422092538861 0.000166095375706 0.000221807315084 0.000257258762707 0.000307856472878 0.000480488022798 0.000170900831894 0.000273121648124 0.000475407582765 0.000406398731551 0.000532558836379 0.000244187367055 0.000214034925244 0.000302625264922 0.000419134437205 0.000507292335135 0.000223989880260 0.000291525514409 0.000348633184405 0.000450635560435 0.000539782332243 0.000301640529491 0.000419300828951 0.000550559429342 0.000561600272892 0.000608099269720 0.000383554328234 0.000400581990101 0.000497309198141 0.000488826220237 0.000592824156689 0.000416628459747 0.000507272228090 0.000485239147289 0.000557206700510 0.000677152253277 0.000278384551100 0.000414437840069 0.000601505057657 0.000611388209741 0.000248132339583 0.000361412309804 0.000597316323595 0.000517686247918 0.000315563017265 0.000974909024555 0.000454716791964 0.000453676432720 0.000529199224842 0.000488761673847 0.000248132339583 0.000359811557996 0.000423548916456 0.000557968743689 0.000517002920658 0.000376055071198 0.000433059006855 0.000462335812328 0.000511943365188 0.000450127161089 0.000485793829697 0.000416726479916 0.000483844969437 0.000468789540374 0.000505223969829 0.000686971840344 0.000267643656210 0.000338248802079 0.000554960248568 0.000462458218451 0.000742043175793 0.000351871939195 0.000393919940116 0.000388776493692 0.000426503387595 0.000609772498187 0.000315322659434 0.000396569327947 0.000390341169181 0.000423806029844 0.000570221873185 0.000273203639329 0.000372636054307 0.000421609976384 0.000473516524303 0.000573332273409 0.000306992213304 0.000323759534271 0.000401021994254 0.000453522730788 0.000517593966030 0.000270601351181 0.000402679878940 0.000351443333650 0.000448825097612 0.000531128952492 0.000147576197501 0.000197841534327 0.000243811235805 0.000268452140522 0.000320170380922 0.000314326979552 0.000367922422427 0.000428666511607 0.000460512075240 0.000580127629479 0.000305912925761 0.000407078995677 0.000437373956012 0.000395709193256 0.000518781036481 0.000107001674587 0.000170767203996 0.000232052508897 0.000322115532817 0.000340486353246 0.000147596348408 0.000195328843115 0.000236519389317 0.000256158324815 0.000329097902074 0.000248128988868 0.000326272220805 0.000363567032929 0.000415236532217 0.000558820294619 
0.000132019188787 0.000300631588968 0.000469104259330 0.000529458403350 0.000649227992754 0.000186788284034 0.000263128358622 0.000314930904953 0.000452188746065 0.000628192181936 0.000246293305925 0.000329530532989 0.000382177519920 0.000457762899710 0.000715472127050 0.000253439066125 0.000405881798995 0.000708181860191 0.000604513597969 0.000793647219791 0.000362765826139 0.000317729356426 0.000449871532752 0.000623833101723 0.000755132685910 0.000332789953637 0.000433492985896 0.000518636505398 0.000670981114931 0.000804031688190 0.000448477810834 0.000624074091228 0.000819766933493 0.000837018575488 0.000905277999692 0.000570658634226 0.000596134356054 0.000740356531444 0.000727798848420 0.000882419710244 0.000620175587509 0.000755262214641 0.000722515076529 0.000829994106061 0.001008930788471 0.000414094808562 0.000616781457803 0.000896627487510 0.000910199709601 0.000366609113646 0.000537140797953 0.000889370022815 0.000770512165237 0.000468581253631 0.001454186764611 0.000676956770477 0.000675345296792 0.000787868929310 0.000727309385593 0.000366609113646 0.000535358113177 0.000630597816487 0.000830923856221 0.000769810637175 0.000559347728704 0.000644487735549 0.000688206153482 0.000762602199562 0.000669907147364 0.000723592580181 0.000620390695058 0.000720341732697 0.000697824125088 0.000752215499153 0.001023738875784 0.000397703064667 0.000503057970880 0.000826570976212 0.000688168936711 0.001106069287079 0.000523367183155 0.000585999325985 0.000578108368425 0.000635228807707 0.000908375378608 0.000468844683768 0.000590109343282 0.000580905174568 0.000630811637457 0.000849115060511 0.000406126658675 0.000554501799255 0.000627551042811 0.000704956304732 0.000853993512299 0.000456555615455 0.000481077309683 0.000596963665553 0.000675464266210 0.000770806955484 0.000402679878940 0.000599517781036 0.000522917955315 0.000668333351977 0.000790960783320 0.000218769431038 0.000293714142734 0.000362213913369 0.000398900099503 0.000476079420693 0.000467441753282 0.000547273956716 0.000638030862369 0.000685583757636 0.000864110554335 0.000454519872013 0.000606136567007 0.000651247111250 0.000588849057028 0.000772395577456 0.000158216471082 0.000253297933118 0.000344792859654 0.000479140271382 0.000506552881189 0.000218775537268 0.000289852108436 0.000351415414238 0.000380776886941 0.000489444597934 0.000368711446556 0.000485303202684 0.000540899835854 0.000617990417834 0.000832349650114 
0.000126328947064 0.000273264607103 0.000423355558306 0.000468433157988 0.000577285634717 0.000174515890527 0.000247205827616 0.000283301359201 0.000402814567834 0.000554086847170 0.000228825282349 0.000297344486106 0.000348960378645 0.000412498280569 0.000623172631795 0.000236876803645 0.000365168525525 0.000611573930695 0.000539148481607 0.000677796060066 0.000328114991852 0.000294682634034 0.000403672308453 0.000549470254831 0.000664001120535 0.000299322732192 0.000386877037923 0.000461083602290 0.000585442275569 0.000695674687188 0.000403987531527 0.000549558996458 0.000714486570659 0.000712696040996 0.000795623211281 0.000508055762475 0.000527888715453 0.000650283307882 0.000637586203241 0.000778333125019 0.000543240344336 0.000660190659730 0.000630546382879 0.000718307950877 0.000866424405025 0.000369129583523 0.000545230919340 0.000760401601696 0.000799345966177 0.000388172182222 0.000492910847493 0.000778095670807 0.000680871419429 0.000439614044188 0.001210819758508 0.000591801056571 0.000591292487658 0.000691172633612 0.000646567571117 0.000388172182222 0.000473635172512 0.000551811724971 0.000721708589178 0.000666602725715 0.000499445722262 0.000562761274779 0.000601889401581 0.000658614507256 0.000593252668044 0.000626585929207 0.000542489934821 0.000630636607374 0.000612585111965 0.000658913897057 0.000875031047855 0.000361142754889 0.000451159636648 0.000716764297155 0.000611618686913 0.000939203467164 0.000465273485612 0.000523527070920 0.000521968108570 0.000551212410148 0.000783884335706 0.000420373988353 0.000522654963971 0.000514576440593 0.000555659992455 0.000738408168850 0.000364514341036 0.000489370998444 0.000551461031827 0.000616823483355 0.000738278208822 0.000412176750974 0.000437324085389 0.000524053634647 0.000586205520398 0.000669224398779 0.000351443333650 0.000522917955315 0.000461093714270 0.000583347490901 0.000686900839036 0.000205562143843 0.000272459906733 0.000331184477833 0.000365049452511 0.000428869606918 0.000420202303386 0.000487311186269 0.000560990146265 0.000600009161754 0.000747160977612 0.000413691718217 0.000528146222974 0.000567887403018 0.000521315138939 0.000675659680339 0.000151056029398 0.000235127603590 0.000313629244103 0.000427054347595 0.000449477985552 0.000203469302876 0.000269437541886 0.000319105603402 0.000343998709233 0.000439707174879 0.000333808723344 0.000432578254763 0.000479616369709 0.000544600032284 0.000720195163054 
0.000148360560466 0.000336244274806 0.000524256991504 0.000590818550237 0.000724810937408 0.000209049583759 0.000294968712706 0.000351667319920 0.000504990001451 0.000700885764049 0.000275925068987 0.000368245434917 0.000427421652842 0.000511520420429 0.000797656899602 0.000284060624931 0.000453434483177 0.000788969374858 0.000674981339849 0.000883486720157 0.000405383781939 0.000355727427154 0.000502447819469 0.000695956139627 0.000842351977007 0.000371675492303 0.000484060998706 0.000578950249284 0.000748055241064 0.000895881030222 0.000501106488339 0.000696268025003 0.000913843631051 0.000931570252651 0.001009839106300 0.000637141703694 0.000665333195522 0.000825830345916 0.000811668836007 0.000984599804645 0.000691568993996 0.000842130246937 0.000805529807589 0.000925139220522 0.001123583510396 0.000462345118764 0.000688283216542 0.000997632603182 0.001015273473694 0.000415060357467 0.000601104099488 0.000991763252498 0.000859844159943 0.000525265861329 0.001615924378657 0.000754795546341 0.000753069270136 0.000878750573463 0.000811995827668 0.000415060357467 0.000597518311814 0.000703192081094 0.000926059364005 0.000857662073697 0.000624600017999 0.000718400669053 0.000767319175106 0.000849600822413 0.000747694887410 0.000806300439618 0.000691737688623 0.000803283856281 0.000778309824717 0.000838893391801 0.001139695394126 0.000444632594659 0.000562049622918 0.000921141327522 0.000768281358366 0.001230777318189 0.000584183574293 0.000654435099403 0.000646126470027 0.000707941624196 0.001011953712679 0.000523698274801 0.000658592896032 0.000648361595883 0.000703759825295 0.000946407110158 0.000453702466347 0.000618724258166 0.000700012106791 0.000786096503031 0.000951477452798 0.000510298610070 0.000537836120231 0.000665826731936 0.000752788589600 0.000859033401286 0.000448825097612 0.000668333351977 0.000583347490901 0.000745386850735 0.000881513062809 0.000245393881614 0.000328951700641 0.000405188719022 0.000446415974247 0.000531975778771 0.000522362043554 0.000610976424385 0.000711711649879 0.000764506005320 0.000962763308892 0.000508184069417 0.000675685425052 0.000726022708227 0.000657170761075 0.000861289439291 0.000177496730951 0.000283781904776 0.000385550595538 0.000535039907741 0.000565401426678 0.000244837993658 0.000324758482333 0.000392874558192 0.000425557061664 0.000546874636268 0.000412225547433 0.000541936874899 0.000603690307520 0.000689448413589 0.000927415116661 
0.000167440205803 0.000389986781707 0.000610379187873 0.000694549947351 0.000849937848789 0.000239454821778 0.000336510785689 0.000410311303242 0.000591536140611 0.000825095140339 0.000316518900630 0.000428792031866 0.000494833628218 0.000595995392200 0.000944480106162 0.000324856111048 0.000528787172402 0.000938005714343 0.000790419996009 0.001055766934571 0.000471571128158 0.000408640176043 0.000586745144437 0.000819834492205 0.000993062008336 0.000433610220356 0.000566646153053 0.000679016632683 0.000885133346405 0.001064169406126 0.000583991831670 0.000820226346173 0.001081873199441 0.001114749008757 0.001190759711924 0.000746697420871 0.000781741951253 0.000974065078945 0.000958545040803 0.001159011515410 0.000816833340911 0.000995588070724 0.000953032597206 0.001098432123814 0.001339289270696 0.000541551994258 0.000809383246315 0.001195970705526 0.001197595569151 0.000442595066460 0.000694009935035 0.001171963121958 0.001011273526995 0.000599646273563 0.001953146643258 0.000892328392502 0.000889664154675 0.001037082428542 0.000952249854325 0.000442595066460 0.000702301662315 0.000830897799427 0.001098099817713 0.001018546244962 0.000731020350492 0.000849917348303 0.000907001672866 0.001010059304013 0.000878463564496 0.000957399056039 0.000817679787916 0.000948971394765 0.000918309695072 0.000990740375046 0.001361416174932 0.000516133097059 0.000656265027236 0.001093046537498 0.000901093978975 0.001474626329193 0.000685219414347 0.000765680525982 0.000752073205303 0.000839795287037 0.001203518186991 0.000611689958122 0.000773778143479 0.000761667978241 0.000828979434554 0.001121599999887 0.000529634862345 0.000728135464314 0.000825491136584 0.000928909200117 0.001130671694101 0.000593970046004 0.000624057723726 0.000785571605172 0.000892939220322 0.001018814262824 0.000531128952492 0.000790960783320 0.000686900839036 0.000881513062809 0.001045345644440 0.000279759008716 0.000377723952387 0.000468713830738 0.000515997059237 0.000619924771323 0.000609209656684 0.000716049718165 0.000839084321029 0.000903299889570 0.001143984365335 0.000589297679733 0.000800021858531 0.000859300950930 0.000772261093240 0.001017879083587 0.000200877742977 0.000325645647250 0.000447145487891 0.000626655111653 0.000663716733093 0.000281025828582 0.000372418059284 0.000456062839275 0.000495233477666 0.000638050826811 0.000479112123307 0.000634697054992 0.000708922797409 0.000811988988870 0.001101637998069 
0.000081883609722 0.000142675803743 0.000213117605528 0.000212787681380 0.000269445681039 0.000102428811383 0.000148559894762 0.000140370305195 0.000190065851586 0.000247433458794 0.000131633457299 0.000149730517185 0.000185637056268 0.000206126971087 0.000258609617729 0.000139572916046 0.000181156022731 0.000240320349657 0.000255684174155 0.000246903004745 0.000167019527419 0.000167815493215 0.000197505488470 0.000243435204547 0.000291366880840 0.000148206953451 0.000184226279932 0.000215008137398 0.000245411809804 0.000276764618748 0.000201520543429 0.000243247840749 0.000297541742095 0.000254069132612 0.000348108005264 0.000238709186538 0.000240948584717 0.000283523986337 0.000273786916415 0.000347592580816 0.000233115854702 0.000279818372188 0.000264673455654 0.000286628583041 0.000327976324296 0.000174586362641 0.000246511482849 0.000263147664395 0.000348218849667 0.000335961549193 0.000268127981342 0.000331509814418 0.000307196263267 0.000262333837611 0.000360485489978 0.000250981291631 0.000253042486537 0.000299228228012 0.000301415607292 0.000335961549193 0.000215263294737 0.000235384604571 0.000294196381507 0.000266574032070 0.000238291965238 0.000237007292611 0.000255903327938 0.000258918785008 0.000270874469855 0.000250582386886 0.000230422608980 0.000269750566180 0.000266229012609 0.000282787554844 0.000320641468196 0.000187321717263 0.000220302774397 0.000289216901369 0.000284742312872 0.000328106151539 0.000216920734052 0.000250486921162 0.000263342151349 0.000223363572736 0.000306557147182 0.000204944045792 0.000238813730155 0.000235305485202 0.000246286230511 0.000303295269837 0.000178724262981 0.000219337653091 0.000241143436722 0.000262991616375 0.000292121771473 0.000207845013138 0.000227903575699 0.000227779098681 0.000237746050409 0.000272116307237 0.000147576197501 0.000218769431038 0.000205562143843 0.000245393881614 0.000279759008716 0.000123855069009 0.000155408616414 0.000177328261515 0.000196392180336 0.000213977378279 0.000207632845289 0.000229149142339 0.000246095814832 0.000256173663956 0.000295987284235 0.000216831446694 0.000219573546863 0.000237200409461 0.000237641812234 0.000287620789005 0.000096593486280 0.000134764732169 0.000164007252122 0.000201948116990 0.000207475664690 0.000117216221047 0.000155206514945 0.000165522395259 0.000174075282324 0.000216508140028 0.000170853676104 0.000204667157287 0.000220522949518 0.000241971322135 0.000286567437910 
0.000101047690109 0.000183364919285 0.000276332853475 0.000281059626094 0.000354222671583 0.000129147153343 0.000186755854639 0.000182207042783 0.000249085257693 0.000327976201021 0.000166371230025 0.000193793244928 0.000238301575221 0.000267606744270 0.000347716733402 0.000175874715181 0.000235211493795 0.000326970142113 0.000335058114248 0.000341564487736 0.000215878522230 0.000213058914709 0.000257228246323 0.000323177159392 0.000387559680581 0.000192490094460 0.000241040351366 0.000282620037249 0.000329407991912 0.000375575387174 0.000261669023071 0.000322910794432 0.000399887045077 0.000353213073248 0.000463352571066 0.000313413844023 0.000318086153661 0.000377643855086 0.000365772121060 0.000460831512207 0.000311376144172 0.000374756290942 0.000355177471426 0.000388394271507 0.000449858430489 0.000228893952276 0.000326006350937 0.000368369298519 0.000463895253477 0.000403942060009 0.000343231133738 0.000443581456801 0.000406471618692 0.000330952696378 0.000523892586054 0.000336052852792 0.000338182790043 0.000399116626732 0.000396380416837 0.000403942060009 0.000284184525937 0.000314855807912 0.000397141958776 0.000361145053650 0.000311913838860 0.000317588224274 0.000342406503109 0.000352240316258 0.000357602692591 0.000339672745888 0.000308431226607 0.000360614223864 0.000354761932791 0.000377838505811 0.000442986342827 0.000241467605905 0.000287072155174 0.000391309765360 0.000374544521969 0.000458287813397 0.000285074242313 0.000327782255735 0.000341362951374 0.000301943050961 0.000417522899411 0.000267098059471 0.000315166829843 0.000310542199369 0.000326956269511 0.000408770642903 0.000232564131813 0.000290397615535 0.000320892862092 0.000351771890303 0.000396833934936 0.000269493006972 0.000293610026318 0.000303535401523 0.000321326844463 0.000367525323305 0.000197841534327 0.000293714142734 0.000272459906733 0.000328951700641 0.000377723952387 0.000155408616414 0.000197178476153 0.000227378456135 0.000251578061545 0.000277873733170 0.000269984135534 0.000300721002319 0.000327286493953 0.000342548698989 0.000401984125881 0.000279063804379 0.000295205752995 0.000318617781290 0.000313766956712 0.000384885367734 0.000119984051658 0.000170480140375 0.000211100035816 0.000264683191369 0.000273210924472 0.000148314714751 0.000196393247559 0.000213323728529 0.000225416940606 0.000281787083889 0.000220581757637 0.000268182594477 0.000290616864010 0.000321033215123 0.000388833079214 
0.000113771394844 0.000215411445003 0.000327013658353 0.000340193268661 0.000426136343095 0.000148117660320 0.000213161287716 0.000216430936959 0.000298999036851 0.000398484980298 0.000191598800767 0.000229393147435 0.000278758403948 0.000317190356241 0.000429629203037 0.000201548251654 0.000279289857984 0.000409141093120 0.000401687568424 0.000435213280793 0.000254921726670 0.000245757186376 0.000306315092457 0.000393355556799 0.000472738324744 0.000228659133132 0.000288757367597 0.000340087619951 0.000406031867716 0.000468596353288 0.000310277958273 0.000393132374372 0.000493663290355 0.000452420042608 0.000565548242104 0.000376495008249 0.000384568069479 0.000461302444685 0.000448354730433 0.000559870939991 0.000381763444684 0.000460756445016 0.000437657699619 0.000484333441687 0.000567929585951 0.000274573531535 0.000394985104665 0.000475269240790 0.000566770517932 0.000431759033799 0.000399581538015 0.000544710151146 0.000492693341878 0.000378131144195 0.000701880853269 0.000413125973461 0.000414887972852 0.000488317482881 0.000476972424795 0.000431759033799 0.000343962064889 0.000386537209714 0.000492708181135 0.000450104704105 0.000373448209560 0.000391107889552 0.000420710659065 0.000440716331831 0.000432303133250 0.000423282703349 0.000379034486081 0.000442437857175 0.000433687517355 0.000463204479318 0.000563636187471 0.000283973519287 0.000341987517759 0.000486611555157 0.000450830364517 0.000589915464284 0.000343072490467 0.000392186146265 0.000403771014009 0.000375107180816 0.000523042173848 0.000318312330906 0.000380957172840 0.000375289678539 0.000397909619334 0.000506244828824 0.000276841329646 0.000352568313143 0.000391747886184 0.000431917232579 0.000495764505112 0.000318785884750 0.000344940848183 0.000371049496749 0.000399108452109 0.000456232637868 0.000243811235805 0.000362213913369 0.000331184477833 0.000405188719022 0.000468713830738 0.000177328261515 0.000227378456135 0.000265622037066 0.000293607970725 0.000329469128951 0.000320806446271 0.000361205140621 0.000399261889531 0.000420463229886 0.000502058408727 0.000327455861350 0.000364572285330 0.000393056565192 0.000379462649913 0.000472734964256 0.000135359543607 0.000196466296065 0.000247837098817 0.000317537825742 0.000329514416999 0.000170722112936 0.000226061730476 0.000250882121609 0.000266479973268 0.000335067783863 0.000260177614863 0.000321708083402 0.000350809962804 0.000390498239251 0.000485127953233 
0.000126106242922 0.000238033937582 0.000361157977666 0.000375108327184 0.000470124434523 0.000163777722307 0.000235994725703 0.000238824745946 0.000329940429261 0.000439302706791 0.000212002513653 0.000253298485182 0.000308068103360 0.000350266922533 0.000473156805802 0.000223101469047 0.000308317555806 0.000450184137849 0.000443217160023 0.000478302073002 0.000281502565956 0.000271850360794 0.000338080520441 0.000433598366638 0.000521038811547 0.000252363182336 0.000318618475489 0.000375146558256 0.000447196920316 0.000515706346837 0.000342606478346 0.000433368897850 0.000543644492904 0.000497042756931 0.000623329873019 0.000415392793461 0.000424119795230 0.000508404697140 0.000494018502313 0.000617267760354 0.000420591375171 0.000507557191568 0.000482044848809 0.000533194453286 0.000624538200818 0.000302947111664 0.000435539609854 0.000521900970077 0.000624634988346 0.000480472364110 0.000441856088269 0.000600114243617 0.000543286005395 0.000418697123080 0.000768903193039 0.000455072629773 0.000457068469676 0.000538119540132 0.000526217357102 0.000480472364110 0.000379321459490 0.000425847470543 0.000542418519696 0.000495295818753 0.000412092791620 0.000430676634859 0.000463414814923 0.000484929565258 0.000476782528308 0.000465875440758 0.000417529677085 0.000487448130178 0.000477912698767 0.000510376221691 0.000619499570973 0.000313728680161 0.000377570912416 0.000535650975620 0.000497364755971 0.000647892914847 0.000378404532716 0.000432823508926 0.000445963824232 0.000412937023152 0.000575471481886 0.000351354333819 0.000420126267328 0.000413905494810 0.000438631854456 0.000557380214568 0.000305605643841 0.000388708194546 0.000431748089077 0.000475830593565 0.000545546772677 0.000352116993379 0.000381087188206 0.000408895584245 0.000439363797082 0.000502242231447 0.000268452140522 0.000398900099503 0.000365049452511 0.000446415974247 0.000515997059237 0.000196392180336 0.000251578061545 0.000293607970725 0.000324650316503 0.000363817567225 0.000354256410645 0.000398482312329 0.000440040610230 0.000463220821613 0.000552483719135 0.000361795854178 0.000401475108706 0.000432881816659 0.000418466425644 0.000520794411569 0.000149907536409 0.000217399225599 0.000273849785865 0.000350382992005 0.000363434891968 0.000188768400625 0.000250178220365 0.000277161274899 0.000294306387163 0.000369965821817 0.000287421504823 0.000354989986650 0.000386890918500 0.000430457060188 0.000533886317214 
0.000134965817538 0.000268822124594 0.000411550452461 0.000438606895723 0.000545931668649 0.000179734201977 0.000257321951632 0.000273366019405 0.000382121985317 0.000515828460340 0.000233702288962 0.000288687999888 0.000346277425283 0.000399880724586 0.000565796880995 0.000244451755391 0.000352703822734 0.000545647680480 0.000512678989134 0.000590631461757 0.000319971906143 0.000300414967225 0.000388078271070 0.000510135312104 0.000614466593277 0.000288870299710 0.000368206682373 0.000435780500201 0.000533429700206 0.000623155181267 0.000391323601312 0.000509978541635 0.000649549891194 0.000617019176457 0.000735606632160 0.000481583054098 0.000495268319719 0.000600505766484 0.000585732422681 0.000724736485892 0.000498809120006 0.000603767528730 0.000574799473254 0.000643757388085 0.000763975545839 0.000350662541158 0.000509818006114 0.000652570784063 0.000737947016415 0.000479445048689 0.000493792114708 0.000712917791860 0.000636248163400 0.000457226266717 0.000996637854002 0.000541275288099 0.000542436725913 0.000636725038257 0.000611237111148 0.000479445048689 0.000443452578027 0.000505756743206 0.000651525314070 0.000597836738518 0.000475957994609 0.000513248652682 0.000550884447428 0.000587698049649 0.000556703060777 0.000562215248249 0.000496430916914 0.000578525378608 0.000564977881962 0.000605211028237 0.000763879947677 0.000354873084186 0.000433528874760 0.000644992845590 0.000577917600914 0.000808253440139 0.000439618330001 0.000499515586463 0.000507889693664 0.000496705773229 0.000698324793389 0.000403639361232 0.000490492224116 0.000483111322830 0.000515989828031 0.000668244896026 0.000350597224476 0.000456018954898 0.000509620853241 0.000565198592422 0.000660115631000 0.000401043242934 0.000430567956027 0.000483366041646 0.000528383048246 0.000603645266401 0.000320170380922 0.000476079420693 0.000428869606918 0.000531975778771 0.000619924771323 0.000213977378279 0.000277873733170 0.000329469128951 0.000363817567225 0.000415511551966 0.000405548698513 0.000461927808178 0.000519001109858 0.000550035888821 0.000668312806712 0.000408187452605 0.000479883204427 0.000516815409308 0.000488838524883 0.000618837454903 0.000161020568669 0.000239854356275 0.000309127583845 0.000405575799703 0.000423249279118 0.000208090308548 0.000275649904471 0.000313517870673 0.000334955972196 0.000423909433053 0.000326193623727 0.000410857563314 0.000451011477555 0.000506087420256 0.000645112998091 
0.000130774985718 0.000262101772311 0.000401557928684 0.000429473896207 0.000534065125115 0.000174418105739 0.000249592353026 0.000266881121385 0.000373775865961 0.000505372617364 0.000227112007942 0.000281748303285 0.000337228356513 0.000390271877150 0.000555739338031 0.000237325773781 0.000344361369778 0.000536835785479 0.000501264155688 0.000582484581957 0.000312111555201 0.000291843719862 0.000379032787928 0.000499927563449 0.000602363619426 0.000282026163122 0.000360009366420 0.000426323748067 0.000523715908811 0.000612847797547 0.000381944188104 0.000499825954737 0.000637859623066 0.000608914911146 0.000721186472656 0.000471009136408 0.000484870795774 0.000588802916041 0.000574608088754 0.000710042290122 0.000489348984361 0.000592557303632 0.000564307152632 0.000633231793743 0.000752531116027 0.000342886911790 0.000499275369308 0.000644584339479 0.000723585868089 0.000458567108266 0.000480487592615 0.000699559684188 0.000623134008137 0.000443428056201 0.000988798232952 0.000531215948055 0.000532196930903 0.000624463176881 0.000597974984516 0.000458567108266 0.000434278516070 0.000496261284476 0.000640245616482 0.000587855403815 0.000465264180531 0.000503830435374 0.000540603071897 0.000578199061530 0.000545008883337 0.000552822805375 0.000487180446245 0.000567612190619 0.000554028149336 0.000593727733122 0.000753204280220 0.000345923263556 0.000423514210209 0.000634034620920 0.000565404432124 0.000798132254326 0.000430082093219 0.000488244197824 0.000495518688393 0.000488199632192 0.000687151964649 0.000394306483712 0.000480178446301 0.000472939203938 0.000505657077724 0.000656513884731 0.000342461772502 0.000446762116639 0.000499664657561 0.000554604434868 0.000649314392213 0.000391280904408 0.000419605873791 0.000473996391587 0.000519320174612 0.000593243033415 0.000314326979552 0.000467441753282 0.000420202303386 0.000522362043554 0.000609209656684 0.000207632845289 0.000269984135534 0.000320806446271 0.000354256410645 0.000405548698513 0.000396024706414 0.000451774730347 0.000508798748898 0.000539703273241 0.000657352834367 0.000397715048329 0.000471272643305 0.000507464137397 0.000478597333948 0.000607259971703 0.000155878131061 0.000233117820356 0.000301258323982 0.000396631720081 0.000414219961869 0.000202071452341 0.000267807121105 0.000305618164765 0.000326777947981 0.000413967178820 0.000318186033999 0.000401802897630 0.000441439994456 0.000495913438833 0.000634439711317 
0.000142641839707 0.000296457826203 0.000456709517159 0.000496587073827 0.000614800669605 0.000193538524029 0.000275568205492 0.000304565534957 0.000429612655340 0.000585831838118 0.000252738965821 0.000320585058108 0.000380136001193 0.000444414665311 0.000651385472765 0.000262949107469 0.000392752201961 0.000634236329973 0.000575655065802 0.000695552234974 0.000354496180027 0.000325185142465 0.000433214237442 0.000580222558693 0.000700119161096 0.000321810578879 0.000413244773131 0.000490912499422 0.000612932162524 0.000722746194092 0.000435086307134 0.000580192179877 0.000747276139540 0.000729265693625 0.000838553015281 0.000541657729470 0.000560131128408 0.000684991962781 0.000670025764247 0.000823000981470 0.000570751325573 0.000692355952263 0.000660296983531 0.000746432529892 0.000893807876650 0.000393942763803 0.000577634633141 0.000775079168573 0.000841901503760 0.000472060113587 0.000539378314791 0.000816693839877 0.000721125300486 0.000489840679610 0.001212012878393 0.000620662723671 0.000620979077536 0.000727259844757 0.000688473169381 0.000472060113587 0.000502089103021 0.000579272873816 0.000752432156686 0.000692926217304 0.000533805629991 0.000589447389916 0.000631444317375 0.000683061755442 0.000629543986442 0.000651463374296 0.000569079593194 0.000662293901934 0.000644910390761 0.000692378763193 0.000898674835236 0.000391582652479 0.000484067927238 0.000746194628264 0.000651111941130 0.000958499933037 0.000495312164790 0.000559858123258 0.000563340651659 0.000574204263186 0.000812381387749 0.000450879116581 0.000554648520214 0.000546179281135 0.000586813991240 0.000770701597531 0.000391276951108 0.000517638456028 0.000581091515402 0.000647446066161 0.000766381456862 0.000444836853742 0.000474623717061 0.000551725591306 0.000610731848145 0.000697452660413 0.000367922422427 0.000547273956716 0.000487311186269 0.000610976424385 0.000716049718165 0.000229149142339 0.000300721002319 0.000361205140621 0.000398482312329 0.000461927808178 0.000451774730347 0.000519547818903 0.000591432829040 0.000629924514218 0.000775735344298 0.000449438170296 0.000552245368930 0.000594228845106 0.000553019747145 0.000709060553480 0.000170368037444 0.000259549545337 0.000340556139854 0.000455703252360 0.000477741210822 0.000224882918142 0.000297836189256 0.000345977532657 0.000371388533321 0.000472502320145 0.000360995005211 0.000461617353375 0.000509452093537 0.000575327438605 0.000748218714618 
0.000150436183970 0.000329862384561 0.000512097861758 0.000569451304101 0.000700948806967 0.000209102217712 0.000295963934472 0.000342804954103 0.000488839099629 0.000674143491867 0.000274677201413 0.000359591282773 0.000420816432669 0.000499149841364 0.000760673636443 0.000283954888500 0.000441958486681 0.000748173416522 0.000654095925855 0.000831593506748 0.000396565370128 0.000353975747614 0.000488916137713 0.000668770466406 0.000808531093200 0.000362253723662 0.000469235588792 0.000559834166404 0.000714288322506 0.000850643585078 0.000488875471671 0.000668918634991 0.000871964352579 0.000875098845681 0.000968956595917 0.000616685433557 0.000641642164702 0.000792073940109 0.000777127798005 0.000947028496601 0.000662100048513 0.000805109150373 0.000769282109924 0.000878304030197 0.001061497371784 0.000447883743478 0.000663007198333 0.000934657062274 0.000973677986720 0.000452208107694 0.000593805830257 0.000948711949215 0.000828051370533 0.000526727986698 0.001495528302687 0.000721667130447 0.000720755022424 0.000842141941943 0.000785138631981 0.000452208107694 0.000575796268462 0.000672759517110 0.000881570636719 0.000814819574450 0.000605749799696 0.000686359069074 0.000733856965205 0.000805705715983 0.000721096902820 0.000766003814620 0.000661490017553 0.000768764083048 0.000746226453730 0.000803142703017 0.001073352375116 0.000436112560081 0.000546603130293 0.000875928349552 0.000742744308710 0.001154052738775 0.000564891100352 0.000634905660215 0.000631331364557 0.000673497161552 0.000959158921719 0.000509282087246 0.000635229501555 0.000625414994430 0.000676301431264 0.000901678943820 0.000441469837056 0.000595296087627 0.000671587762577 0.000752025097972 0.000902920393487 0.000498572117713 0.000527964645846 0.000638384371718 0.000716226704041 0.000817544538127 0.000428666511607 0.000638030862369 0.000560990146265 0.000711711649879 0.000839084321029 0.000246095814832 0.000327286493953 0.000399261889531 0.000440040610230 0.000519001109858 0.000508798748898 0.000591432829040 0.000683087645233 0.000731480403642 0.000913741329497 0.000499273991233 0.000644599040707 0.000692974275620 0.000633674085980 0.000823827409429 0.000180020893258 0.000282329288702 0.000378576994809 0.000518190587079 0.000546010549106 0.000244122161698 0.000323461881584 0.000385335548981 0.000415966936219 0.000532502988787 0.000403405096065 0.000524878993014 0.000582722214409 0.000662745301136 0.000880604842979 
0.000155410623197 0.000348260868326 0.000542297088470 0.000608178535398 0.000747000614671 0.000218220263868 0.000308104780395 0.000363555771332 0.000520553911071 0.000720926387452 0.000287309800507 0.000380843922200 0.000443425940023 0.000528926742187 0.000817852671973 0.000296252655581 0.000468659443377 0.000807363563345 0.000696181708617 0.000901673790602 0.000419575380511 0.000370518072705 0.000519038359950 0.000715609303835 0.000865778077664 0.000384195671174 0.000499293075669 0.000596669698278 0.000767410645076 0.000917189104672 0.000518122525075 0.000715835213420 0.000937250362759 0.000950066322482 0.001037781097936 0.000656852506225 0.000685008189004 0.000848555537462 0.000833475091250 0.001012732027898 0.000710154094762 0.000864305220503 0.000826414242336 0.000946902252054 0.001148230391145 0.000476806638406 0.000708341035257 0.001016469988598 0.001043174497390 0.000447485179015 0.000624349651541 0.001018079479347 0.000884807416530 0.000548621913171 0.001639298322169 0.000774699967294 0.000773218902778 0.000902664526132 0.000836798463000 0.000447485179015 0.000614959223877 0.000721890868253 0.000948980204246 0.000878283477386 0.000644405044869 0.000737187346546 0.000787650536895 0.000869422652237 0.000769808874592 0.000825639885743 0.000710022746086 0.000824743428990 0.000799637041369 0.000861411227974 0.001163388871345 0.000460623614266 0.000580386520711 0.000943554852630 0.000791700139894 0.001254392778086 0.000602076173999 0.000675256749793 0.000668426752903 0.000725285435529 0.001035364056301 0.000540827503384 0.000678110101916 0.000667586389002 0.000723641250232 0.000970121035303 0.000468613420062 0.000636455228049 0.000719340066082 0.000806979600550 0.000973912078886 0.000527885651764 0.000557383192522 0.000684069409098 0.000771256365986 0.000880210170525 0.000460512075240 0.000685583757636 0.000600009161754 0.000764506005320 0.000903299889570 0.000256173663956 0.000342548698989 0.000420463229886 0.000463220821613 0.000550035888821 0.000539703273241 0.000629924514218 0.000731480403642 0.000784859091156 0.000985506467065 0.000526817334272 0.000692943497107 0.000744700584774 0.000676573157424 0.000884121991699 0.000186151177097 0.000295420910278 0.000399563090551 0.000551682746517 0.000582413608366 0.000255252961736 0.000338248322278 0.000406998310759 0.000440308200325 0.000564998433774 0.000426626655926 0.000558786876781 0.000621761720645 0.000709010888177 0.000949487212692 
0.000175659634607 0.000418835682645 0.000657509080179 0.000754439241919 0.000921301717597 0.000254034819463 0.000356044605532 0.000442644217378 0.000640736474831 0.000897353088388 0.000336642856418 0.000461964747746 0.000530358819240 0.000642429765881 0.001032404181334 0.000344548388841 0.000570399060568 0.001028764414350 0.000855724371446 0.001162882034973 0.000507528900032 0.000434922879696 0.000633619484902 0.000892139934131 0.001081378415711 0.000467796166391 0.000613308376091 0.000736094810111 0.000966858997864 0.001166266651575 0.000629591799155 0.000892650892679 0.001182275954234 0.001229242633615 0.001296916410974 0.000808975980165 0.000848827491462 0.001061163993224 0.001045354440294 0.001260493245637 0.000890863807918 0.001086715999975 0.001040933986051 0.001203712565707 0.001472061383013 0.000586421064049 0.000879464278846 0.001320790745492 0.001304758884101 0.000438583474350 0.000742154681033 0.001278781261457 0.001098998197022 0.000634794096847 0.002171565861120 0.000973971719401 0.000970474629026 0.001130371233381 0.001032296297238 0.000438583474350 0.000762873506069 0.000906559973204 0.001201649581652 0.001115942265298 0.000791034058103 0.000928137461212 0.000989829030405 0.001107761016948 0.000953820691210 0.001048918768297 0.000892401527295 0.001035193984833 0.001000656669826 0.001080506605580 0.001499065082482 0.000554521095938 0.000708831419802 0.001196874580388 0.000976942242171 0.001627761558147 0.000742838897238 0.000828341588654 0.000809979550383 0.000919323771447 0.001320341315978 0.000660764666417 0.000840118218803 0.000826914387659 0.000902060079793 0.001226777880762 0.000571887299358 0.000791725776628 0.000899145457980 0.001013537904291 0.001239562878451 0.000639725601045 0.000670156073475 0.000856007538475 0.000977448741420 0.001115064120109 0.000580127629479 0.000864110554335 0.000747160977612 0.000962763308892 0.001143984365335 0.000295987284235 0.000401984125881 0.000502058408727 0.000552483719135 0.000668312806712 0.000657352834367 0.000775735344298 0.000913741329497 0.000985506467065 0.001254068156248 0.000632489209169 0.000874362796207 0.000938862623812 0.000838617976361 0.001110721743902 0.000210939880452 0.000346481152181 0.000480047281877 0.000678616543655 0.000720080909354 0.000298752742737 0.000395974856627 0.000489990516428 0.000533244224433 0.000688651238123 0.000515426543974 0.000687307403488 0.000769349996721 0.000883423479003 0.001207321835682 
0.000138493353407 0.000266064325259 0.000404883347386 0.000424351874933 0.000530466911023 0.000181537646483 0.000260704772716 0.000268385740538 0.000371931883624 0.000497652000124 0.000235064655352 0.000284074940247 0.000343823451793 0.000392930819502 0.000539406625887 0.000246837847240 0.000346226539263 0.000515727583617 0.000499488299525 0.000551649124060 0.000315448072295 0.000301674404975 0.000380087662680 0.000491527323000 0.000591125987918 0.000283528231488 0.000358986574536 0.000423410119720 0.000509410175082 0.000590138733427 0.000384430395210 0.000491280409781 0.000619663644894 0.000574368135308 0.000707306884908 0.000468453645576 0.000479495995824 0.000577077696406 0.000561503407451 0.000699163392313 0.000478169224043 0.000577603517084 0.000549030885059 0.000609793590409 0.000717847582343 0.000341490243675 0.000492828520459 0.000604690317513 0.000709060149853 0.000515400428154 0.000491974610856 0.000682566382859 0.000614813746034 0.000462553384963 0.000902861541251 0.000517887547642 0.000519760999881 0.000611187818858 0.000593787896668 0.000515400428154 0.000429023926790 0.000484329927548 0.000619425538781 0.000566717525157 0.000464177105240 0.000490613865365 0.000527323264695 0.000555510469235 0.000538988684539 0.000532868327656 0.000475095708271 0.000554267165602 0.000542686937372 0.000580124283741 0.000714120926352 0.000350881126905 0.000424339283445 0.000612192170774 0.000561297113361 0.000750037396475 0.000427159755488 0.000487338182567 0.000499827262766 0.000471764916785 0.000659534362847 0.000395049418407 0.000474970946760 0.000467859883228 0.000497192817893 0.000636096455432 0.000343453848095 0.000440206034397 0.000489987143270 0.000541221086851 0.000624614918844 0.000394621534306 0.000426079342840 0.000464292832630 0.000501919291283 0.000573675128978 0.000305912925761 0.000454519872013 0.000413691718217 0.000508184069417 0.000589297679733 0.000216831446694 0.000279063804379 0.000327455861350 0.000361795854178 0.000408187452605 0.000397715048329 0.000449438170296 0.000499273991233 0.000526817334272 0.000632489209169 0.000404317989710 0.000457675322510 0.000493259038663 0.000473186052062 0.000592427222962 0.000164921064683 0.000241080064280 0.000306048639375 0.000394926306693 0.000410549157430 0.000209481295446 0.000277270079873 0.000310001112541 0.000329832019701 0.000415499891494 0.000321782154687 0.000400102013025 0.000437208186151 0.000487863093290 0.000610963720035 
0.000132205853562 0.000302736375519 0.000472771400364 0.000534590565421 0.000655234192734 0.000187553634662 0.000264107503261 0.000317438494568 0.000456275703464 0.000634476209100 0.000247469709321 0.000332076411657 0.000384712311489 0.000461406543724 0.000723473951717 0.000254509638287 0.000409140258152 0.000716669219755 0.000609919029179 0.000803966532541 0.000365487894198 0.000319344907457 0.000453610765859 0.000630156692697 0.000762910735168 0.000335460553719 0.000437323563382 0.000523428821030 0.000678378013110 0.000813527002312 0.000452056542125 0.000630411436894 0.000828881364647 0.000848129705551 0.000914655016766 0.000575867573818 0.000601882151370 0.000748067142616 0.000735556162484 0.000891261983341 0.000626775241053 0.000763458796690 0.000730466836951 0.000839779112924 0.001021541698005 0.000417817527001 0.000622826688063 0.000908854702344 0.000919691869601 0.000363384584986 0.000540486567897 0.000898959566994 0.000778100035893 0.000470475867059 0.001476404874296 0.000684290104560 0.000682562498014 0.000796164107516 0.000734059998994 0.000363384584986 0.000540550167802 0.000637380804756 0.000840431402863 0.000778809183755 0.000564285202132 0.000651505021864 0.000695623378401 0.000771736981837 0.000676367914689 0.000732083707361 0.000627096925723 0.000728056440579 0.000705116154161 0.000760239702722 0.001036972469204 0.000400554694800 0.000507292749546 0.000836163386780 0.000694572404380 0.001121026944723 0.000528193100880 0.000591154726596 0.000582608510352 0.000642561172885 0.000919323583687 0.000472786251427 0.000595781975248 0.000586489962227 0.000637205254899 0.000858732500526 0.000409491550395 0.000560008967962 0.000634046306852 0.000712539672638 0.000864139934709 0.000460122169895 0.000484476646518 0.000603203883092 0.000683252621088 0.000779655100583 0.000407078995677 0.000606136567007 0.000528146222974 0.000675685425052 0.000800021858531 0.000219573546863 0.000295205752995 0.000364572285330 0.000401475108706 0.000479883204427 0.000471272643305 0.000552245368930 0.000644599040707 0.000692943497107 0.000874362796207 0.000457675322510 0.000612892744754 0.000658462574275 0.000594534704665 0.000780727975562 0.000158504011267 0.000254538904735 0.000347208619582 0.000483452395332 0.000511324799812 0.000219788129079 0.000291250086065 0.000353931033190 0.000383704992696 0.000493488289457 0.000371457898358 0.000489664592382 0.000546030869046 0.000624221694849 0.000842171952782 
0.000142977000658 0.000326223180120 0.000509226478069 0.000574962714893 0.000704993865826 0.000202496045974 0.000285312589790 0.000341789196500 0.000490976639672 0.000682251063304 0.000267096491998 0.000357647689052 0.000414723180830 0.000496928496536 0.000777245248188 0.000274831021544 0.000440557382926 0.000769471859303 0.000656370430332 0.000862522176167 0.000393704133295 0.000344663252741 0.000488357605646 0.000677538022763 0.000820177383715 0.000361203385921 0.000470637728190 0.000563159432301 0.000728890136466 0.000873584792387 0.000486840192876 0.000677799163708 0.000890526321140 0.000909710504120 0.000983284109585 0.000619654354554 0.000647394080428 0.000804161206171 0.000790562603630 0.000958386856528 0.000673626314907 0.000820414296974 0.000784871540251 0.000901791243394 0.001096370781139 0.000449621489293 0.000669836302370 0.000974571990847 0.000988644839213 0.000396565856367 0.000582908706169 0.000966092918622 0.000836813786958 0.000508268745707 0.001581155641137 0.000735338606451 0.000733559832035 0.000855789198546 0.000789798157927 0.000396565856367 0.000581371399957 0.000684985838287 0.000902713576122 0.000836321587828 0.000607311256592 0.000700019693202 0.000747530734943 0.000828600812036 0.000727520219714 0.000786174690384 0.000673891686266 0.000782458290120 0.000757948610606 0.000817086431136 0.001112564161046 0.000431623641443 0.000546154574747 0.000898034444068 0.000747298368267 0.001202191486448 0.000568273434761 0.000636266265894 0.000627559715446 0.000690140081701 0.000987006199599 0.000508981732935 0.000640836311388 0.000630855501219 0.000685123805311 0.000922449289056 0.000440866666906 0.000602193533422 0.000681602599696 0.000765748491104 0.000927873425643 0.000495625784141 0.000522097020892 0.000648404156229 0.000733851589793 0.000837408996688 0.000437373956012 0.000651247111250 0.000567887403018 0.000726022708227 0.000859300950930 0.000237200409461 0.000318617781290 0.000393056565192 0.000432881816659 0.000516815409308 0.000507464137397 0.000594228845106 0.000692974275620 0.000744700584774 0.000938862623812 0.000493259038663 0.000658462574275 0.000707461953547 0.000639475631404 0.000839017830944 0.000171410222243 0.000274715732027 0.000374187941834 0.000520245883471 0.000550058591924 0.000237229834560 0.000314386522325 0.000381379015626 0.000413315078205 0.000531364097715 0.000400175306000 0.000526931259421 0.000587362910001 0.000671178321529 0.000904341386210 
0.000146645557327 0.000312289846288 0.000482883243918 0.000530322635581 0.000654910887389 0.000201186559276 0.000285813874535 0.000322454796927 0.000457188349637 0.000626644646496 0.000263453999586 0.000338929773199 0.000399605561964 0.000470232308824 0.000701413362429 0.000273361285144 0.000415842178250 0.000686120389775 0.000612250199623 0.000757095232212 0.000374345569363 0.000339315610769 0.000459311617216 0.000621099694204 0.000750108376873 0.000340762629034 0.000439339274935 0.000522965452856 0.000659394117404 0.000781059101988 0.000460433288699 0.000621137076796 0.000804378321871 0.000795130603580 0.000898679360081 0.000576624982663 0.000597940670684 0.000734341315646 0.000719284816741 0.000880355341413 0.000612723445055 0.000744110481742 0.000710267763167 0.000806554471604 0.000969908632840 0.000419095339153 0.000617171974874 0.000847000841072 0.000902624716242 0.000466863054952 0.000565722481906 0.000877351715825 0.000770647460510 0.000508514314188 0.001338704382365 0.000667012196290 0.000666809594486 0.000780153656347 0.000733484725336 0.000466863054952 0.000536209898674 0.000622223345190 0.000811437041115 0.000748453213307 0.000567402906828 0.000633806256752 0.000678430678747 0.000738912961117 0.000672026064297 0.000703714105634 0.000611494568210 0.000711221549755 0.000691555808759 0.000743318350320 0.000977733440162 0.000412739286195 0.000513407425358 0.000805430936565 0.000693769659577 0.001046692795039 0.000527643248699 0.000594952201419 0.000595500449465 0.000619561757779 0.000879189999701 0.000478240187487 0.000592019213799 0.000582949315881 0.000628136064453 0.000830590921695 0.000414792855368 0.000553520164777 0.000622782503670 0.000695476935082 0.000828588035733 0.000470268124876 0.000500004320559 0.000591630841817 0.000658926730373 0.000752308688982 0.000395709193256 0.000588849057028 0.000521315138939 0.000657170761075 0.000772261093240 0.000237641812234 0.000313766956712 0.000379462649913 0.000418466425644 0.000488838524883 0.000478597333948 0.000553019747145 0.000633674085980 0.000676573157424 0.000838617976361 0.000473186052062 0.000594534704665 0.000639475631404 0.000590413049267 0.000761772682149 0.000175368183972 0.000270677976378 0.000358659891898 0.000484829794563 0.000509432731168 0.000234288653503 0.000310433591052 0.000364665467857 0.000392455293519 0.000500716305961 0.000381052362707 0.000491099504296 0.000543443228839 0.000615691460682 0.000808567217842 
0.000174257951175 0.000391610332184 0.000610084488050 0.000684768913261 0.000840921227411 0.000245058163700 0.000345958754027 0.000408994584984 0.000585923430232 0.000811837456765 0.000322740440832 0.000428398889451 0.000498579155898 0.000595079595123 0.000921472413124 0.000332715939635 0.000527264912597 0.000909994048832 0.000783594205026 0.001016766874344 0.000471931050691 0.000416318442669 0.000584030807538 0.000805899518028 0.000975091339970 0.000432235311784 0.000561940846506 0.000671675892624 0.000864583711046 0.001033701081769 0.000582925494713 0.000806155358147 0.001055973750952 0.001071470332083 0.001168847307242 0.000739396370172 0.000771268359432 0.000955746641433 0.000938864431097 0.001140461718281 0.000799933300684 0.000973673572156 0.000931052909048 0.001067157315820 0.001294498752016 0.000536684009845 0.000797595722147 0.001146551093864 0.001174959108862 0.000499924367914 0.000701910617599 0.001146875173688 0.000996322572428 0.000616186271951 0.001850486220115 0.000872717635377 0.000870989766187 0.001016743215491 0.000942027171110 0.000499924367914 0.000692397537912 0.000813203062433 0.001069347016432 0.000989779152553 0.000725281633454 0.000830461087724 0.000887278382890 0.000979938509135 0.000866752005735 0.000930490816066 0.000799847390039 0.000929045269072 0.000900656414732 0.000970336804826 0.001311844958329 0.000518037608540 0.000653101594648 0.001063317018110 0.000891265556082 0.001414847894209 0.000677749976299 0.000760000920061 0.000751975588891 0.000817320442186 0.001167017292494 0.000608578306309 0.000763487621374 0.000751644963314 0.000814946047278 0.001093110936069 0.000527276962311 0.000716678767628 0.000810174080476 0.000909051763512 0.001097662541778 0.000593879174334 0.000626836293303 0.000770489554519 0.000869118978175 0.000991870546226 0.000518781036481 0.000772395577456 0.000675659680339 0.000861289439291 0.001017879083587 0.000287620789005 0.000384885367734 0.000472734964256 0.000520794411569 0.000618837454903 0.000607259971703 0.000709060553480 0.000823827409429 0.000884121991699 0.001110721743902 0.000592427222962 0.000780727975562 0.000839017830944 0.000761772682149 0.000995970679121 0.000208809876559 0.000331872724883 0.000449331270587 0.000620960230966 0.000655679740879 0.000286724004413 0.000379992616566 0.000457721215810 0.000495309937783 0.000635746989975 0.000479848197147 0.000628950363146 0.000699998710868 0.000798446836194 0.001070095236327 
0.000064866214783 0.000108495131944 0.000160651702609 0.000156988710721 0.000199841451484 0.000079862871514 0.000115840003685 0.000105853103487 0.000141362245534 0.000181742740914 0.000101957246288 0.000113089004675 0.000141582142261 0.000155160584274 0.000186537828423 0.000108473911204 0.000136378555715 0.000170870159077 0.000190400308048 0.000171790750621 0.000126428368935 0.000129596457524 0.000148210063318 0.000178468122351 0.000213092877011 0.000111630161133 0.000137402177151 0.000159539170784 0.000177503864138 0.000197432422493 0.000151686456243 0.000178278647517 0.000214885790063 0.000175620145885 0.000254347072963 0.000177321690063 0.000177821754003 0.000206988552111 0.000199148240937 0.000255193409885 0.000169662806063 0.000202945268052 0.000191485213160 0.000204488667994 0.000230773233003 0.000129937583357 0.000181549096714 0.000180204857990 0.000254164720453 0.000274291369432 0.000205018363543 0.000240673148345 0.000226073573584 0.000203830176033 0.000234023745861 0.000182108997510 0.000184036298563 0.000218083186759 0.000223444461447 0.000274291369432 0.000158778350038 0.000170972565470 0.000211295167243 0.000190680268592 0.000177687280323 0.000171917575664 0.000185873970456 0.000184117166355 0.000199882076949 0.000179003356235 0.000167254814623 0.000196080845828 0.000194299142824 0.000205667340591 0.000223486411207 0.000142164625195 0.000164996712896 0.000207091286931 0.000211025223091 0.000225364672146 0.000161038370123 0.000186801784093 0.000198551159451 0.000160115651830 0.000217672719821 0.000153581797499 0.000176334878772 0.000173712203639 0.000180549726606 0.000218273842015 0.000134136070836 0.000161285652794 0.000176249027719 0.000191034073590 0.000208120035368 0.000156637054130 0.000173139893907 0.000166221282516 0.000170465741314 0.000195311824534 0.000107001674587 0.000158216471082 0.000151056029398 0.000177496730951 0.000200877742977 0.000096593486280 0.000119984051658 0.000135359543607 0.000149907536409 0.000161020568669 0.000155878131061 0.000170368037444 0.000180020893258 0.000186151177097 0.000210939880452 0.000164921064683 0.000158504011267 0.000171410222243 0.000175368183972 0.000208809876559 0.000076336251941 0.000104259517828 0.000124653449769 0.000150271231386 0.000153600347477 0.000090988462932 0.000120075789138 0.000125652921521 0.000131426710748 0.000162426818155 0.000129321662111 0.000152320956248 0.000163128730240 0.000177541136546 0.000204472939907 
0.000088212179812 0.000158733552897 0.000238526450648 0.000242537500017 0.000305578252288 0.000111937486214 0.000161718664904 0.000157585556805 0.000215136623545 0.000282910980384 0.000144234086537 0.000167599412254 0.000205896426866 0.000230993106258 0.000299889438610 0.000152374908891 0.000203291536583 0.000281784347802 0.000289159194070 0.000294232524492 0.000186616603962 0.000184147701500 0.000222162795290 0.000278753039276 0.000334241020970 0.000166386405968 0.000208204634060 0.000243895936199 0.000284025447152 0.000323690969636 0.000225905594902 0.000278584386364 0.000344811269208 0.000304228154685 0.000399542832877 0.000270399957646 0.000274373651771 0.000325632980175 0.000315370932028 0.000397410988814 0.000268575655756 0.000323145374386 0.000306235152229 0.000334992724182 0.000387603382807 0.000197537523513 0.000281203132700 0.000317225295332 0.000400001719541 0.000349304516725 0.000296281155570 0.000382442862680 0.000350554437241 0.000285801269303 0.000450736281265 0.000289816786172 0.000291687811859 0.000344135300982 0.000341904075558 0.000349304516725 0.000245325132632 0.000271490171906 0.000342390057784 0.000311478907913 0.000269202965062 0.000274090210621 0.000295366637470 0.000303563881881 0.000308426116047 0.000292756220414 0.000265996323935 0.000310963282095 0.000305970573013 0.000325773735201 0.000381610355756 0.000208623138246 0.000247853146568 0.000337278389952 0.000323068855849 0.000394681692117 0.000246087324119 0.000282824218207 0.000294622766756 0.000260257233599 0.000359808721661 0.000230658955181 0.000271895994739 0.000267854747384 0.000281989937190 0.000352444732623 0.000200954941887 0.000250618366778 0.000276813307091 0.000303364145365 0.000342040096557 0.000232545625661 0.000253629500935 0.000261770656450 0.000276967539903 0.000316854049083 0.000170767203996 0.000253297933118 0.000235127603590 0.000283781904776 0.000325645647250 0.000134764732169 0.000170480140375 0.000196466296065 0.000217399225599 0.000239854356275 0.000233117820356 0.000259549545337 0.000282329288702 0.000295420910278 0.000346481152181 0.000241080064280 0.000254538904735 0.000274715732027 0.000270677976378 0.000331872724883 0.000104259517828 0.000147737668978 0.000182409515343 0.000228498524055 0.000235785704644 0.000128440077796 0.000170006940706 0.000184348174162 0.000194666343764 0.000243231859267 0.000190699329167 0.000231554468348 0.000250794088290 0.000276930866447 0.000335150341553 
0.000104753676679 0.000201473445955 0.000306600258890 0.000321655794281 0.000401986401317 0.000137262652571 0.000197135437242 0.000203259219805 0.000281866312238 0.000377278063818 0.000177851202427 0.000215145666614 0.000260228697517 0.000297569892580 0.000409247264018 0.000186705867190 0.000262233490728 0.000391461110586 0.000378453117178 0.000419023976818 0.000238856393331 0.000228176911843 0.000287897097152 0.000372662151519 0.000448214428522 0.000214732988994 0.000272008439464 0.000320861498900 0.000386425009151 0.000447886294230 0.000291135833510 0.000372494956307 0.000470085659008 0.000436369125936 0.000536324075957 0.000354970140002 0.000363439210641 0.000437592428396 0.000425843993087 0.000530045936949 0.000362643102733 0.000438106583971 0.000416474027537 0.000462880220028 0.000545066358518 0.000258750320266 0.000373577496782 0.000459532348285 0.000537675738758 0.000388375840990 0.000372282320157 0.000517696820407 0.000466058010561 0.000349720025253 0.000687084852381 0.000392809291830 0.000394195376647 0.000463488501258 0.000449975651811 0.000388375840990 0.000325228305910 0.000367339430205 0.000470001734519 0.000430082475896 0.000351673424630 0.000372139006628 0.000399954456723 0.000421657302028 0.000408531867040 0.000404400549127 0.000360349562411 0.000420370932330 0.000411523529576 0.000439968428829 0.000542401942210 0.000265641886435 0.000321456799444 0.000464562038124 0.000425361301203 0.000569937904410 0.000323699618551 0.000369216541514 0.000378486708961 0.000357984300200 0.000500634700023 0.000299253489266 0.000360005066440 0.000354613297250 0.000376957715567 0.000482615430515 0.000260173576870 0.000333734134207 0.000371551457708 0.000410491932094 0.000474075824170 0.000298824641387 0.000322536517980 0.000352080886084 0.000380864070743 0.000435298251965 0.000232052508897 0.000344792859654 0.000313629244103 0.000385550595538 0.000447145487891 0.000164007252122 0.000211100035816 0.000247837098817 0.000273849785865 0.000309127583845 0.000301258323982 0.000340556139854 0.000378576994809 0.000399563090551 0.000480047281877 0.000306048639375 0.000347208619582 0.000374187941834 0.000358659891898 0.000449331270587 0.000124653449769 0.000182409515343 0.000231690703972 0.000299260852101 0.000311149687877 0.000158420391388 0.000209759858717 0.000234696228976 0.000249760645733 0.000314722512856 0.000243677014754 0.000303186270412 0.000331362719596 0.000369873693957 0.000463688728202 
0.000125926165951 0.000260537188396 0.000401057043150 0.000435321430052 0.000539205131171 0.000170373197382 0.000242787455732 0.000267332796004 0.000376888774795 0.000513425105913 0.000222511307843 0.000281524975551 0.000334125348425 0.000390209915506 0.000570257206242 0.000231602459978 0.000344796276874 0.000554771490301 0.000504993846149 0.000607745468231 0.000311339250999 0.000286172844128 0.000380216334274 0.000508445197434 0.000613419234135 0.000282482738675 0.000362552638257 0.000430531578224 0.000536648569283 0.000632304662086 0.000382001810291 0.000508427185900 0.000654200032745 0.000637012957993 0.000734685208680 0.000475105029030 0.000491079279005 0.000600112881080 0.000586861116794 0.000721294219261 0.000499887769242 0.000606288867003 0.000578131200569 0.000653149061065 0.000781395054561 0.000345572752975 0.000506345091882 0.000676758218319 0.000737568399407 0.000419118594109 0.000474317131783 0.000715237294077 0.000632114355017 0.000431500674800 0.001056250695178 0.000543506306735 0.000543856531947 0.000637072265855 0.000603811758175 0.000419118594109 0.000440182989437 0.000507316784442 0.000658503762442 0.000606229018513 0.000468323677116 0.000516082893802 0.000552958882934 0.000597483784982 0.000551943136145 0.000569985754902 0.000498349385475 0.000580047272797 0.000564957574648 0.000606434381107 0.000785288993987 0.000344041377681 0.000424892281234 0.000652956363322 0.000571033307111 0.000837017612663 0.000434376701015 0.000491217345590 0.000494717160970 0.000502488378883 0.000710543824383 0.000395718503545 0.000486275419454 0.000478863591016 0.000514229065594 0.000674567051013 0.000343452271993 0.000453698332393 0.000509110217416 0.000567015714354 0.000670421573868 0.000390653226732 0.000417015129988 0.000483331572275 0.000534461310352 0.000610364417360 0.000322115532817 0.000479140271382 0.000427054347595 0.000535039907741 0.000626655111653 0.000201948116990 0.000264683191369 0.000317537825742 0.000350382992005 0.000405575799703 0.000396631720081 0.000455703252360 0.000518190587079 0.000551682746517 0.000678616543655 0.000394926306693 0.000483452395332 0.000520245883471 0.000484829794563 0.000620960230966 0.000150271231386 0.000228498524055 0.000299260852101 0.000399770207180 0.000418915025509 0.000197910064015 0.000262219665009 0.000303973142217 0.000326160081113 0.000414788391907 0.000317124956643 0.000404965218734 0.000446688152986 0.000504175507229 0.000654585568507 
0.000128560949040 0.000270938812649 0.000418238517032 0.000457545177583 0.000565568800800 0.000175490389133 0.000249493700224 0.000279196904982 0.000395006566584 0.000540292142074 0.000229545148141 0.000293615904356 0.000346920373561 0.000407164121072 0.000603204356789 0.000238414624435 0.000360020174400 0.000588976766386 0.000529067450448 0.000648363138772 0.000324434028550 0.000295444371039 0.000397419608351 0.000535357579011 0.000646328991984 0.000295014595618 0.000379736001976 0.000451630434685 0.000567262024747 0.000670742710548 0.000398662303931 0.000535374137951 0.000691842226746 0.000680494724504 0.000774249618523 0.000498090757010 0.000515943921663 0.000632587393258 0.000619286641318 0.000759017258146 0.000527555156609 0.000640384888030 0.000611052864326 0.000692697999818 0.000831596119723 0.000362118556880 0.000532356527332 0.000724255325096 0.000777529296062 0.000415290051752 0.000491520575184 0.000755172535100 0.000664676030992 0.000443611928097 0.001140032924134 0.000574056983856 0.000574067164205 0.000671884669303 0.000633384730402 0.000415290051752 0.000462630354083 0.000535602530051 0.000697407609553 0.000642907491215 0.000490429872740 0.000545402911522 0.000583952441342 0.000634303754903 0.000579868024007 0.000604425063804 0.000526303156042 0.000612273400192 0.000595682306731 0.000639966505198 0.000837464301650 0.000357947601660 0.000444144399572 0.000691993749116 0.000599059818770 0.000895254173636 0.000455686607117 0.000514275541560 0.000515815064728 0.000532377369290 0.000754594174825 0.000413723174219 0.000510864540770 0.000503038696343 0.000541424722054 0.000714054994352 0.000358928661283 0.000477321749960 0.000536562386093 0.000598657208270 0.000711441516605 0.000407319143227 0.000433712637230 0.000509606625189 0.000566218863423 0.000646534577437 0.000340486353246 0.000506552881189 0.000449477985552 0.000565401426678 0.000663716733093 0.000207475664690 0.000273210924472 0.000329514416999 0.000363434891968 0.000423249279118 0.000414219961869 0.000477741210822 0.000546010549106 0.000582413608366 0.000720080909354 0.000410549157430 0.000511324799812 0.000550058591924 0.000509432731168 0.000655679740879 0.000153600347477 0.000235785704644 0.000311149687877 0.000418915025509 0.000439778548337 0.000204166737551 0.000270447664694 0.000316263568461 0.000340003876566 0.000433299743573 0.000330294895014 0.000424345055037 0.000469072066607 0.000530756416551 0.000694378195454 
0.000076746545910 0.000137743765932 0.000206977221169 0.000209951978325 0.000264631997987 0.000097698376884 0.000140852038652 0.000136883713829 0.000186252461041 0.000244751561855 0.000125433789085 0.000145436572668 0.000178948645446 0.000200409480430 0.000258816328489 0.000132585879378 0.000176394331284 0.000242905095669 0.000250567071532 0.000253087276886 0.000162063974567 0.000160320252279 0.000192742188651 0.000241101019528 0.000289005348828 0.000144461166319 0.000180412250756 0.000211263608430 0.000245293124165 0.000279122673409 0.000196011429264 0.000240890672760 0.000297754457442 0.000261519269675 0.000345408203274 0.000234216539249 0.000237475689730 0.000281487875678 0.000272508233822 0.000343747020812 0.000232133293090 0.000279160381490 0.000264476397299 0.000288556454779 0.000333769046162 0.000171163465229 0.000243334909211 0.000272450187556 0.000345765766239 0.000306261267340 0.000257493761271 0.000330395923249 0.000303299609282 0.000248887882750 0.000385299399645 0.000250398786543 0.000252087910184 0.000297426703307 0.000296056731215 0.000306261267340 0.000212242436943 0.000234568239663 0.000295484250250 0.000268761323668 0.000233314342099 0.000236893099984 0.000255251087342 0.000261683348129 0.000266930375313 0.000252483371079 0.000229826835058 0.000268699950108 0.000264513226085 0.000281493056226 0.000328300961663 0.000181181033037 0.000214798513371 0.000290952732187 0.000279739062828 0.000339069629242 0.000213205379252 0.000245089457835 0.000255642991204 0.000224536548004 0.000310119439072 0.000200006774290 0.000235361237283 0.000231835640448 0.000243889388248 0.000304232957375 0.000174242375659 0.000216796124391 0.000239312305648 0.000262108611284 0.000294915149232 0.000201747953691 0.000220350479585 0.000226291534632 0.000238959800882 0.000273428998115 0.000147596348408 0.000218775537268 0.000203469302876 0.000244837993658 0.000281025828582 0.000117216221047 0.000148314714751 0.000170722112936 0.000188768400625 0.000208090308548 0.000202071452341 0.000224882918142 0.000244122161698 0.000255252961736 0.000298752742737 0.000209481295446 0.000219788129079 0.000237229834560 0.000234288653503 0.000286724004413 0.000090988462932 0.000128440077796 0.000158420391388 0.000197910064015 0.000204166737551 0.000111996760455 0.000147845392243 0.000160105042797 0.000168955296826 0.000210875642727 0.000165454277011 0.000200546244857 0.000217159142244 0.000239556638846 0.000289025484538 
0.000101392619474 0.000182355671311 0.000274185315529 0.000278082167542 0.000350685809935 0.000128838156933 0.000186365403810 0.000180858254409 0.000246813149215 0.000324295481327 0.000165952982788 0.000192452603583 0.000236874485782 0.000265475984736 0.000343088928228 0.000175476879185 0.000233427063648 0.000321983845023 0.000331906918598 0.000335510446381 0.000214395125558 0.000212157723070 0.000255098963129 0.000319471284740 0.000382992211424 0.000191020355030 0.000238896830610 0.000279830824711 0.000325070525070 0.000369994385320 0.000259591281931 0.000319237038515 0.000394554139932 0.000346696806304 0.000457824946092 0.000310352097441 0.000314704047393 0.000373099526499 0.000361202592767 0.000455615056957 0.000307528327274 0.000369948950358 0.000350510134989 0.000382819216839 0.000442454132824 0.000226724111287 0.000322454643413 0.000361201512702 0.000458300620532 0.000405747375128 0.000341229848611 0.000437934095744 0.000401994300948 0.000329797562252 0.000510892632707 0.000331768086935 0.000333973357456 0.000394228874400 0.000392390373789 0.000405747375128 0.000281237228369 0.000310872628350 0.000391575221784 0.000355936131303 0.000309039025798 0.000313566432410 0.000338097441652 0.000346873819975 0.000353788308365 0.000334681238869 0.000304512140467 0.000356087426348 0.000350492382129 0.000373111867778 0.000435221085107 0.000239869459141 0.000284658463117 0.000385669830561 0.000370760371576 0.000449518088125 0.000282293462853 0.000324750895768 0.000338712970372 0.000297631438926 0.000411090352754 0.000264856711876 0.000311843412594 0.000307250560758 0.000323200465492 0.000403144388477 0.000230711117790 0.000287233513130 0.000317116197844 0.000347337832676 0.000390886720481 0.000267375358123 0.000291673304095 0.000299874080114 0.000316747461142 0.000362345626834 0.000195328843115 0.000289852108436 0.000269437541886 0.000324758482333 0.000372418059284 0.000155206514945 0.000196393247559 0.000226061730476 0.000250178220365 0.000275649904471 0.000267807121105 0.000297836189256 0.000323461881584 0.000338248322278 0.000395974856627 0.000277270079873 0.000291250086065 0.000314386522325 0.000310433591052 0.000379992616566 0.000120075789138 0.000170006940706 0.000209759858717 0.000262219665009 0.000270447664694 0.000147845392243 0.000195773411568 0.000211932608829 0.000223739785032 0.000279444075024 0.000219120856755 0.000265709871715 0.000287638493242 0.000317389779770 0.000383072261337 
0.000105586925668 0.000204130368122 0.000310874865147 0.000327091459984 0.000408438716629 0.000138672439902 0.000198959285924 0.000206259261137 0.000286330536182 0.000383817461016 0.000179735541159 0.000218196071176 0.000263480644017 0.000301782433327 0.000417190978579 0.000188541464387 0.000266049337887 0.000399653081657 0.000384377941745 0.000428690619821 0.000242165441748 0.000230595163692 0.000292180759754 0.000379203874691 0.000456198588257 0.000217884141040 0.000276261451571 0.000326040625755 0.000393812260807 0.000457101837839 0.000295281361523 0.000379047280119 0.000479167186281 0.000446701210181 0.000545908503105 0.000360604790729 0.000369503491287 0.000445456173519 0.000433681220621 0.000539208903105 0.000369349498447 0.000446344270036 0.000424416951232 0.000472366976956 0.000557049307639 0.000262820765775 0.000379914725169 0.000470795666669 0.000547350913624 0.000388028305286 0.000376633888660 0.000527340233802 0.000473979245760 0.000352899815012 0.000706790040934 0.000400198950969 0.000401515464009 0.000471910902076 0.000457204327671 0.000388028305286 0.000330719861970 0.000374176284009 0.000479363380310 0.000438920164334 0.000357120686946 0.000379263253237 0.000407465667637 0.000430475996567 0.000415336618356 0.000412661431249 0.000367112418805 0.000428164798232 0.000418974345658 0.000448072590319 0.000554824174543 0.000269149557439 0.000326218179986 0.000473934156881 0.000432210881256 0.000583756510548 0.000328944410945 0.000374887098930 0.000383730983629 0.000365163072126 0.000511178984789 0.000303722023034 0.000366010433417 0.000360508428533 0.000383564427278 0.000492127891277 0.000264031266143 0.000339498668010 0.000378216685739 0.000418145346323 0.000483911536815 0.000302958727443 0.000326752730273 0.000358449023291 0.000388492811950 0.000444000336335 0.000236519389317 0.000351415414238 0.000319105603402 0.000392874558192 0.000456062839275 0.000165522395259 0.000213323728529 0.000250882121609 0.000277161274899 0.000313517870673 0.000305618164765 0.000345977532657 0.000385335548981 0.000406998310759 0.000489990516428 0.000310001112541 0.000353931033190 0.000381379015626 0.000364665467857 0.000457721215810 0.000125652921521 0.000184348174162 0.000234696228976 0.000303973142217 0.000316263568461 0.000160105042797 0.000211932608829 0.000237802736815 0.000253221698183 0.000319303006272 0.000246995296189 0.000307959759101 0.000336846394448 0.000376341688824 0.000473235232621 
0.000110272271285 0.000217217342451 0.000331895829309 0.000352092262646 0.000438744761918 0.000146084692880 0.000209296885484 0.000220382217254 0.000307276119466 0.000413745844253 0.000189720315742 0.000232874248385 0.000279998501088 0.000322378333567 0.000452358818125 0.000198650419665 0.000284305675185 0.000435215560426 0.000412340420675 0.000469588403586 0.000258232875571 0.000243690150309 0.000312603229589 0.000409033441986 0.000492470391023 0.000232848387909 0.000296226804852 0.000350229842066 0.000426668056198 0.000497296610445 0.000315464851046 0.000408893008295 0.000519404717335 0.000490128329790 0.000589468758334 0.000387149876799 0.000397631881839 0.000481134440889 0.000468983529731 0.000581284553542 0.000399401529934 0.000483160335161 0.000459781306912 0.000513798266760 0.000608385926220 0.000282000711595 0.000409142723449 0.000517735187433 0.000591230833734 0.000396602984689 0.000399615420479 0.000570621790643 0.000510546289268 0.000371624997636 0.000786000928243 0.000433173981239 0.000434280377562 0.000509994778537 0.000491190189825 0.000396602984689 0.000355988118714 0.000404838708012 0.000520498359909 0.000477252056562 0.000382910931903 0.000410671667735 0.000440929594762 0.000468764907566 0.000446953260278 0.000448764981389 0.000397313254683 0.000463146038734 0.000452623079705 0.000484567809109 0.000607479481927 0.000286613351054 0.000349136304933 0.000515037270882 0.000464388216113 0.000641498282504 0.000353329597267 0.000401895333665 0.000409618034261 0.000396700272355 0.000556875085569 0.000325067341615 0.000393826376559 0.000387899509787 0.000413730217502 0.000534034311717 0.000282439303549 0.000365847026193 0.000408389264385 0.000452417768815 0.000526677166595 0.000323425601155 0.000347820553473 0.000387239993104 0.000422016120207 0.000482195510406 0.000256158324815 0.000380776886941 0.000343998709233 0.000425557061664 0.000495233477666 0.000174075282324 0.000225416940606 0.000266479973268 0.000294306387163 0.000334955972196 0.000326777947981 0.000371388533321 0.000415966936219 0.000440308200325 0.000533244224433 0.000329832019701 0.000383704992696 0.000413315078205 0.000392455293519 0.000495309937783 0.000131426710748 0.000194666343764 0.000249760645733 0.000326160081113 0.000340003876566 0.000168955296826 0.000223739785032 0.000253221698183 0.000270208404928 0.000341512609550 0.000263297922585 0.000330419125320 0.000362243681527 0.000405845530267 0.000514831151595 
0.000136156037072 0.000273761582684 0.000419701216259 0.000449329590499 0.000558621896762 0.000181972578778 0.000260325247232 0.000278953871060 0.000390869969242 0.000528834280791 0.000236949637005 0.000294427328066 0.000352249765694 0.000407934880196 0.000581921501242 0.000247560934820 0.000359935114756 0.000562441675948 0.000524221936472 0.000610684775996 0.000326143743369 0.000304630427680 0.000396256665081 0.000523177087994 0.000630437582007 0.000294793602232 0.000376451359314 0.000445922495988 0.000548362522976 0.000642006436976 0.000399233471023 0.000523058998087 0.000667916512114 0.000638516220968 0.000754824804506 0.000492632887414 0.000507276492982 0.000616287107237 0.000601517053729 0.000743014396265 0.000512258677330 0.000620378891248 0.000590857662329 0.000663265880326 0.000788693067059 0.000358600654603 0.000522393830719 0.000676094356906 0.000757367647021 0.000476505422202 0.000501809205769 0.000732374750330 0.000652005786617 0.000462657082423 0.001038435033564 0.000556150284840 0.000557127303300 0.000653656080097 0.000625481592085 0.000476505422202 0.000454325839586 0.000519531389468 0.000670550418369 0.000615775663535 0.000486543068580 0.000527494758961 0.000565958362789 0.000605775451430 0.000570194835513 0.000579097660206 0.000510040625871 0.000594211327319 0.000579899972436 0.000621535364912 0.000789628201762 0.000361419830046 0.000442757303401 0.000664114492228 0.000591420554237 0.000837079907474 0.000449847231328 0.000510567409774 0.000517899223266 0.000511340630958 0.000719959206854 0.000412233264884 0.000502358440757 0.000494785952742 0.000529173068553 0.000687538667815 0.000357989781148 0.000467463819974 0.000522956525594 0.000580606527751 0.000680237585998 0.000408959882920 0.000438396036494 0.000496132555903 0.000543931896655 0.000621337403541 0.000329097902074 0.000489444597934 0.000439707174879 0.000546874636268 0.000638050826811 0.000216508140028 0.000281787083889 0.000335067783863 0.000369965821817 0.000423909433053 0.000413967178820 0.000472502320145 0.000532502988787 0.000564998433774 0.000688651238123 0.000415499891494 0.000493488289457 0.000531364097715 0.000500716305961 0.000635746989975 0.000162426818155 0.000243231859267 0.000314722512856 0.000414788391907 0.000433299743573 0.000210875642727 0.000279444075024 0.000319303006272 0.000341512609550 0.000432755604904 0.000332452500643 0.000420187225240 0.000461794579916 0.000518959788896 0.000664621549646 
0.000108786901644 0.000212070582190 0.000323304618786 0.000341856557178 0.000426308066493 0.000143182702383 0.000205268604154 0.000214695211487 0.000298803502574 0.000401459808757 0.000185899992870 0.000227002694387 0.000273309240160 0.000313960482307 0.000437947481326 0.000194752095729 0.000276939648386 0.000420554041118 0.000400895578403 0.000452704532381 0.000251756415956 0.000238404789162 0.000304291649632 0.000396783608186 0.000477563777042 0.000226798508934 0.000288132925266 0.000340327353723 0.000413151428087 0.000480728621478 0.000307226022164 0.000396673258573 0.000502857237921 0.000472194077079 0.000571549458808 0.000376263518699 0.000386081611963 0.000466456596385 0.000454455227477 0.000563984511948 0.000387063053002 0.000468018696911 0.000445230072926 0.000496889569910 0.000587205936062 0.000274150054856 0.000397141058667 0.000498341513434 0.000573178190976 0.000393276906821 0.000390225860852 0.000552806582932 0.000495515659151 0.000364008099685 0.000753211003549 0.000419624368956 0.000420825575334 0.000494324638945 0.000477231934409 0.000393276906821 0.000345704874494 0.000392225920895 0.000503569464357 0.000461513377441 0.000372360614108 0.000397821392654 0.000427198372638 0.000452979614812 0.000433961303801 0.000433884803597 0.000384903356792 0.000448761239512 0.000438799475443 0.000469548400614 0.000585743401376 0.000279544213530 0.000339820223151 0.000498099625572 0.000451172554416 0.000617644814421 0.000343367347204 0.000390825775217 0.000399028273321 0.000383705611135 0.000538033265460 0.000316387515545 0.000382415466160 0.000376648679956 0.000401335859154 0.000516794923167 0.000275007474843 0.000355086984851 0.000396020172388 0.000438336326153 0.000509059963939 0.000315039692178 0.000339263449688 0.000375406502408 0.000408203522593 0.000466476078283 0.000248128988868 0.000368711446556 0.000333808723344 0.000412225547433 0.000479112123307 0.000170853676104 0.000220581757637 0.000260177614863 0.000287421504823 0.000326193623727 0.000318186033999 0.000360995005211 0.000403405096065 0.000426626655926 0.000515426543974 0.000321782154687 0.000371457898358 0.000400175306000 0.000381052362707 0.000479848197147 0.000129321662111 0.000190699329167 0.000243677014754 0.000317124956643 0.000330294895014 0.000165454277011 0.000219120856755 0.000246995296189 0.000263297922585 0.000332452500643 0.000256769624545 0.000321289884987 0.000351848651771 0.000393736676971 0.000497694875216 
0.000127687939763 0.000263983539216 0.000406282690813 0.000440956825550 0.000546186799724 0.000172652901660 0.000246031896519 0.000270840641424 0.000381797422102 0.000520055657695 0.000225493766825 0.000285223640079 0.000338510323828 0.000395292052330 0.000577593937911 0.000234702265163 0.000349310357007 0.000561868821616 0.000511547271307 0.000615484798664 0.000315423524264 0.000289948772705 0.000385174160549 0.000515007620368 0.000621329421819 0.000286180840854 0.000367276939549 0.000436113308703 0.000543547022691 0.000640400994597 0.000386979958999 0.000514995922563 0.000662609629285 0.000645114607042 0.000744151902671 0.000481261282132 0.000497427640727 0.000607843415415 0.000594413261392 0.000730601325109 0.000506329850666 0.000614089022703 0.000585562997609 0.000661542422757 0.000791369429352 0.000350055937028 0.000512887693931 0.000685350637814 0.000747069453107 0.000424824509333 0.000480524403247 0.000724436638219 0.000640275685592 0.000437187814835 0.001069549660856 0.000550502973838 0.000550863425447 0.000645275084351 0.000611626154088 0.000424824509333 0.000445891967044 0.000513844685895 0.000666955202927 0.000614014053428 0.000474406433219 0.000522743060427 0.000560084562047 0.000605127586985 0.000559075398668 0.000577286618080 0.000504764465782 0.000587513805389 0.000572240512219 0.000614238112181 0.000795293367031 0.000348549641628 0.000430426757222 0.000661324596916 0.000578422427810 0.000847650631732 0.000440015138506 0.000497590727040 0.000501161568705 0.000508930009094 0.000719632223255 0.000400876471410 0.000492565500954 0.000485053643129 0.000520863917986 0.000683230430962 0.000347941696305 0.000459570815107 0.000515680411842 0.000574316071985 0.000679006873997 0.000395737136550 0.000422477329618 0.000489559646169 0.000541312865639 0.000618196759195 0.000326272220805 0.000485303202684 0.000432578254763 0.000541936874899 0.000634697054992 0.000204667157287 0.000268182594477 0.000321708083402 0.000354989986650 0.000410857563314 0.000401802897630 0.000461617353375 0.000524878993014 0.000558786876781 0.000687307403488 0.000400102013025 0.000489664592382 0.000526931259421 0.000491099504296 0.000628950363146 0.000152320956248 0.000231554468348 0.000303186270412 0.000404965218734 0.000424345055037 0.000200546244857 0.000265709871715 0.000307959759101 0.000330419125320 0.000420187225240 0.000321289884987 0.000410231896383 0.000452475386383 0.000510686039227 0.000662970563683 
0.000136505709405 0.000288547967118 0.000445621417521 0.000488115657925 0.000603155756498 0.000186613562086 0.000265196398198 0.000297553437931 0.000421204927275 0.000576501447042 0.000244146160168 0.000312846932232 0.000369375293774 0.000433862904003 0.000644155210201 0.000253490833304 0.000383671852496 0.000629328605386 0.000564125669663 0.000693312984055 0.000345637110314 0.000314277704493 0.000423599547286 0.000571287733724 0.000689780629310 0.000314408413253 0.000404882297232 0.000481655811968 0.000605708826031 0.000716602755352 0.000424815074809 0.000571310217573 0.000738786674990 0.000727824375603 0.000826325478573 0.000531151895412 0.000550379046909 0.000675162363828 0.000661079826685 0.000809878273772 0.000563167906275 0.000683703932206 0.000652457113277 0.000740026462699 0.000888909250348 0.000386127301345 0.000567950758613 0.000774846258383 0.000829866727628 0.000438737389071 0.000523165045946 0.000806206830416 0.000709132169209 0.000471561868556 0.001221281524171 0.000612887625900 0.000612837907113 0.000717161686778 0.000675485951369 0.000438737389071 0.000493533894473 0.000571792571560 0.000744901372534 0.000686838545780 0.000522888865197 0.000582351016253 0.000623438595935 0.000677758172937 0.000618565243045 0.000645715225090 0.000561894489792 0.000653624391707 0.000635800375073 0.000683159567876 0.000895471481528 0.000381241734811 0.000473401228823 0.000739196257115 0.000638890199988 0.000957704778431 0.000485986350241 0.000548290398700 0.000549568100992 0.000568666267551 0.000806331520946 0.000440991401174 0.000544956041120 0.000536600008957 0.000577758101379 0.000762620869162 0.000382560209241 0.000509290645706 0.000572658880419 0.000639112189141 0.000760128980141 0.000433973027588 0.000461909528666 0.000543926800393 0.000604809359198 0.000690582651656 0.000363567032929 0.000540899835854 0.000479616369709 0.000603690307520 0.000708922797409 0.000220522949518 0.000290616864010 0.000350809962804 0.000386890918500 0.000451011477555 0.000441439994456 0.000509452093537 0.000582722214409 0.000621761720645 0.000769349996721 0.000437208186151 0.000546030869046 0.000587362910001 0.000543443228839 0.000699998710868 0.000163128730240 0.000250794088290 0.000331362719596 0.000446688152986 0.000469072066607 0.000217159142244 0.000287638493242 0.000336846394448 0.000362243681527 0.000461794579916 0.000351848651771 0.000452475386383 0.000500340753389 0.000566360408363 0.000741854528525 
0.000148379924838 0.000322195608651 0.000499543983602 0.000553206376848 0.000681680797098 0.000205369023435 0.000291022275831 0.000334137905849 0.000475551000864 0.000654504967148 0.000269464901835 0.000350723959820 0.000411465113159 0.000486761632907 0.000736556827956 0.000278914451122 0.000430814758618 0.000723162799244 0.000636502443416 0.000801891891680 0.000386986301531 0.000347206949459 0.000476345975667 0.000649098704738 0.000784475426676 0.000353096223340 0.000456654338723 0.000544414004536 0.000691907783443 0.000822539827131 0.000476702137483 0.000649204034667 0.000844446335392 0.000843302119040 0.000940035847593 0.000599886737658 0.000623468131605 0.000768335012834 0.000753423907236 0.000919455208922 0.000641875151461 0.000780183979093 0.000745214564584 0.000849298429325 0.001024790508038 0.000435790750123 0.000643994750595 0.000899923297212 0.000944467102768 0.000455041023658 0.000581239751219 0.000919517720947 0.000804250078319 0.000517886743274 0.001434250273213 0.000699334059602 0.000698671052484 0.000816693729430 0.000763525238589 0.000455041023658 0.000559354727662 0.000652081228948 0.000853128608923 0.000788004771788 0.000589596239294 0.000664927831136 0.000711200904477 0.000778782990003 0.000700685857004 0.000740824053564 0.000641054536569 0.000745205929448 0.000723767371320 0.000778629813745 0.001035200466908 0.000425940472140 0.000532503140892 0.000847386938460 0.000722260437230 0.001111465923706 0.000549317740067 0.000618054920754 0.000615916861211 0.000651644614166 0.000926951057405 0.000496112623557 0.000617257052283 0.000607745054761 0.000656422097001 0.000872810629493 0.000430131233762 0.000578009234856 0.000651509735100 0.000728890501190 0.000872927701909 0.000486394959255 0.000515768927914 0.000619176536437 0.000693007616012 0.000791100834986 0.000415236532217 0.000617990417834 0.000544600032284 0.000689448413589 0.000811988988870 0.000241971322135 0.000321033215123 0.000390498239251 0.000430457060188 0.000506087420256 0.000495913438833 0.000575327438605 0.000662745301136 0.000709010888177 0.000883423479003 0.000487863093290 0.000624221694849 0.000671178321529 0.000615691460682 0.000798446836194 0.000177541136546 0.000276930866447 0.000369873693957 0.000504175507229 0.000530756416551 0.000239556638846 0.000317389779770 0.000376341688824 0.000405845530267 0.000518959788896 0.000393736676971 0.000510686039227 0.000566360408363 0.000643316014730 0.000851511317741 
0.000170290781083 0.000404532222391 0.000634763862403 0.000727371039817 0.000888544751026 0.000245843787599 0.000344716954509 0.000427224413208 0.000618020994673 0.000864988597728 0.000325652441219 0.000445966832906 0.000512424051869 0.000620141818933 0.000994368181135 0.000333452814222 0.000550540074493 0.000990341909134 0.000825460509264 0.001118696052930 0.000490036347591 0.000420690257294 0.000611454534708 0.000859885686552 0.001042170634523 0.000451499418187 0.000591637412896 0.000709911085505 0.000931342986322 0.001122840585987 0.000607732781451 0.000860363527286 0.001138768076969 0.001182324077252 0.001249855507066 0.000780276525904 0.000818424806124 0.001022617951125 0.001007214592511 0.001215036372404 0.000858349919994 0.001046918639540 0.001002711421865 0.001158901149238 0.001416597944275 0.000565662197615 0.000847868277537 0.001270077851303 0.001257352603968 0.000429322469442 0.000717325574383 0.001232020743168 0.001059491335024 0.000614562609329 0.002085986502833 0.000938307378100 0.000935027775459 0.001089226335582 0.000995579528313 0.000429322469442 0.000735497968095 0.000873420363121 0.001157178795110 0.001074434720040 0.000763116639385 0.000894077122885 0.000953606826251 0.001066392523899 0.000919662540739 0.001009912946647 0.000859738210177 0.000997381074512 0.000964271128264 0.001041077945578 0.001442177182621 0.000535561531385 0.000684015241883 0.001152467008613 0.000942178695932 0.001565378088144 0.000716410520309 0.000799139842258 0.000781985983215 0.000885251196417 0.001270971857795 0.000637618284314 0.000810036189667 0.000797314728198 0.000869452533924 0.001181466361796 0.000551888513040 0.000763195152244 0.000866506498292 0.000976480286972 0.001193343795715 0.000617613664774 0.000647292972738 0.000824883565533 0.000941229790390 0.001073770750619 0.000558820294619 0.000832349650114 0.000720195163054 0.000927415116661 0.001101637998069 0.000286567437910 0.000388833079214 0.000485127953233 0.000533886317214 0.000645112998091 0.000634439711317 0.000748218714618 0.000880604842979 0.000949487212692 0.001207321835682 0.000610963720035 0.000842171952782 0.000904341386210 0.000808567217842 0.001070095236327 0.000204472939907 0.000335150341553 0.000463688728202 0.000654585568507 0.000694378195454 0.000289025484538 0.000383072261337 0.000473235232621 0.000514831151595 0.000664621549646 0.000497694875216 0.000662970563683 0.000741854528525 0.000851511317741 0.001162367566074 
