NaN NaN NaN NaN NaN NaN NaN NaN NaN NaN NaN NaN NaN NaN NaN NaN NaN NaN NaN NaN NaN NaN NaN NaN NaN NaN NaN NaN NaN NaN NaN NaN NaN NaN NaN NaN NaN NaN NaN NaN NaN NaN NaN NaN NaN NaN NaN NaN NaN NaN NaN NaN NaN NaN NaN NaN NaN NaN NaN NaN NaN NaN NaN NaN NaN NaN NaN NaN NaN NaN NaN NaN NaN NaN NaN NaN NaN NaN NaN NaN NaN NaN NaN NaN NaN NaN NaN NaN NaN NaN NaN NaN NaN NaN NaN NaN NaN NaN 
NaN 1.000000000000000 0.999983472266563 0.999940512376505 0.999225855715506 0.989099743033459 -0.002375690503527 -0.002339872335627 -0.002387246623062 -0.002373314322659 -0.002230628218591 -0.002144866603816 -0.002175601530972 -0.002222867523861 NaN 0.998161158045084 0.999506624452872 0.999896772825840 0.999976688407311 0.979792039523118 -0.002391792012942 -0.002339600377232 -0.002391909579501 -0.002309161519467 -0.002244758377967 -0.002252275395803 -0.002230696072942 -0.002219464715767 NaN 0.999862970467092 0.993101131404522 0.996065855626009 0.997295746099293 0.994245497193479 -0.002336822811576 -0.002223605800804 -0.002297235407252 -0.002348549750448 -0.002121338625583 -0.002150761751303 -0.002010509916191 -0.002161897101414 NaN 0.997652027718419 0.995504089517972 0.957576613367752 0.984272861451238 0.983275255745178 -0.002351013408878 -0.002294264956528 -0.002535077579735 -0.002264486803046 -0.002086274205747 -0.002087447588676 -0.002019404784311 -0.002116229782006 NaN 0.999146639034810 0.999953025244022 0.996451541381250 0.999639805856649 0.985172204377717 -0.002356210561687 -0.002345569568097 -0.002246840345008 -0.002368678712766 -0.002133964191441 -0.002183852849869 -0.002186775552485 -0.002282757291167 NaN 0.999967604832076 0.999421222699814 0.998963828763577 0.999660951924700 0.980030193626013 -0.002352050770742 -0.002380022407851 -0.002350264723495 -0.002272690256864 -0.002135360014787 -0.002167541307613 -0.002223393571222 -0.002132195380751 NaN 0.999932877065303 0.999961348054948 0.998614732825808 0.988405202692945 0.995261558000167 -0.002337596239226 -0.002327916773049 -0.002294296870506 -0.002187996438057 -0.002210285857656 -0.002219020828878 -0.002210503715751 -0.002222364104087 
NaN 0.999983472266563 1.000000000000000 0.999940271945044 0.999223854806621 0.989165368834911 -0.002212059107502 -0.002178708002045 -0.002222819271516 -0.002209846591805 -0.002076988336259 -0.001997133758924 -0.002025751744066 -0.002069762178040 NaN 0.998128081901905 0.999483961973422 0.999876933515219 0.999972812068006 0.979843671710579 -0.002227051586738 -0.002178454775438 -0.002227161055618 -0.002150112467195 -0.002090145246931 -0.002097144512087 -0.002077051516978 -0.002066593746536 NaN 0.999896916260672 0.993157449807667 0.996150980912825 0.997344637473041 0.994342453935437 -0.002175868521296 -0.002070449604383 -0.002139007794636 -0.002186787739055 -0.001975226326767 -0.002002622863953 -0.001872031211234 -0.002012991240049 NaN 0.997669692732668 0.995592672846843 0.957677282028714 0.984338239539536 0.982988189771093 -0.002189081707086 -0.002136241940849 -0.002360468015574 -0.002108514829293 -0.001942577053163 -0.001943669616521 -0.001880313423923 -0.001970469367076 NaN 0.999177031833771 0.999960333398891 0.996498453741304 0.999634382319095 0.985311987892907 -0.002193920893498 -0.002184012823929 -0.002092083813485 -0.002205530270691 -0.001986982276418 -0.002033434733534 -0.002036156127979 -0.002125526893611 NaN 0.999978548910038 0.999415216655139 0.998932571227392 0.999711070252170 0.980088072270857 -0.002190047618157 -0.002216092641499 -0.002188384589209 -0.002116153250503 -0.001988281959074 -0.002018246687974 -0.002070251992624 -0.001985335296817 NaN 0.999926826594732 0.999952181260403 0.998633282054452 0.988467123228749 0.995302612625408 -0.002176588677257 -0.002167575907588 -0.002136271656675 -0.002037292922122 -0.002058047104348 -0.002066180433423 -0.002058249956944 -0.002069293432513 
NaN 0.999940512376505 0.999940271945043 1.000000000000000 0.999570727580221 0.990556786141340 -0.002286623177694 -0.002252147873448 -0.002297746045228 -0.002284336082536 -0.002146999442005 -0.002064453127235 -0.002094035767185 -0.002139529704504 NaN 0.997472838038362 0.999116370008921 0.999705556323074 0.999987214582486 0.981786073291466 -0.002302121023297 -0.002251886111081 -0.002302234182152 -0.002222588440545 -0.002160599845713 -0.002167835042042 -0.002147064752419 -0.002136254471537 NaN 0.999715809006900 0.994262871743316 0.996919077981131 0.997969699065374 0.995276622917293 -0.002249212679506 -0.002140240302609 -0.002211109451775 -0.002260499962167 -0.002041807239535 -0.002070127258970 -0.001935133623896 -0.002080845132202 NaN 0.996900282639915 0.996408483941003 0.960520065693109 0.986027650007143 0.981549597501192 -0.002262871255253 -0.002208250366611 -0.002440034652017 -0.002179588629807 -0.002008057424485 -0.002009186815960 -0.001943695013343 -0.002036889932286 NaN 0.999521415060254 0.999945516350029 0.997240326732118 0.999796386985721 0.986883199317667 -0.002267873560921 -0.002257631510224 -0.002162603757453 -0.002279874266905 -0.002053959458639 -0.002101977734798 -0.002104790861984 -0.002197174136649 NaN 0.999964525324497 0.999021899943191 0.998434694822710 0.999800178799183 0.982018056482661 -0.002263869725247 -0.002290792674022 -0.002262150638933 -0.002187484526856 -0.002055302950988 -0.002086277730723 -0.002140036029754 -0.002052256962663 NaN 0.999958412677999 0.999951390933171 0.999077524728178 0.989899101030911 0.996197005709700 -0.002249957110478 -0.002240640538443 -0.002208281084098 -0.002105965975175 -0.002127419739205 -0.002135827226470 -0.002127629429554 -0.002139045158507 
NaN 0.999225855715506 0.999223854806621 0.999570727580221 1.000000000000000 0.994112109286478 -0.002323389548272 -0.002288359919280 -0.002334691259209 -0.002321065679154 -0.002181520817405 -0.002097647249230 -0.002127705545297 -0.002173930974790 NaN 0.995019707727507 0.997523222609909 0.998583584170360 0.999429370623174 0.986891601829802 -0.002339136582084 -0.002288093948064 -0.002339251560409 -0.002258325203403 -0.002195339900556 -0.002202691430836 -0.002181587177938 -0.002170603079701 NaN 0.998769634334391 0.996929107594939 0.998716182144303 0.999348930178710 0.997528039039127 -0.002285377530667 -0.002174652998526 -0.002246661645195 -0.002296846300344 -0.002074637240713 -0.002103412614725 -0.001966248431368 -0.002114302819500 NaN 0.994252022011563 0.998336060980244 0.968152168598576 0.990428799640254 0.976047439826679 -0.002299255721200 -0.002243756589106 -0.002479267709354 -0.002214634003287 -0.002040344765981 -0.002041492316821 -0.001974947478484 -0.002069640868604 NaN 0.999954996156314 0.999400366056486 0.998948392823348 0.999793443977487 0.991074153972278 -0.002304338458408 -0.002293931726868 -0.002197376032979 -0.002316532122465 -0.002086984854054 -0.002135775210962 -0.002138633570121 -0.002232502265621 NaN 0.999358702753232 0.997344217371963 0.996418728205168 0.999660288343078 0.987080213939089 -0.002300270245486 -0.002327626085487 -0.002298523518166 -0.002222656857624 -0.002088349948273 -0.002119822768193 -0.002174445441190 -0.002085254983827 NaN 0.999504961695130 0.999401694368811 0.999859689986474 0.993583211485446 0.998299016540321 -0.002286133931265 -0.002276667559061 -0.002243787800495 -0.002139827577831 -0.002161626294649 -0.002170168965006 -0.002161839356586 -0.002173438637829 
NaN 0.989099743033459 0.989165368834911 0.990556786141340 0.994112109286478 1.000000000000000 -0.002041373058444 -0.002010595378083 -0.002051302950845 -0.002039331264027 -0.001916724565795 -0.001843031696463 -0.001869441471707 -0.001910055989601 NaN 0.978399595581142 0.984096365747818 0.986955194624036 0.989946784252920 0.998535111200870 -0.002055208693797 -0.002010361690850 -0.002055309715881 -0.001984206320830 -0.001928866268016 -0.001935325458582 -0.001916782871388 -0.001907132039383 NaN 0.987874110757246 0.999505726376726 0.998150394552942 0.997040705983918 0.998802146104083 -0.002007974996249 -0.001910690373018 -0.001973958502719 -0.002018051669551 -0.001822814677110 -0.001848097253293 -0.001727582263158 -0.001857665588764 NaN 0.977064619770621 0.998308823307401 0.989358797856296 0.999278426215761 0.947713574909772 -0.002020168631309 -0.001971406066672 -0.002178330495766 -0.001945818423771 -0.001792684674125 -0.001793692933532 -0.001735225406956 -0.001818424772103 NaN 0.994226956807872 0.989933299464016 0.997879786606036 0.992279098518741 0.999591643423552 -0.002024634418291 -0.002015490871353 -0.001930655251647 -0.002035347997212 -0.001833663518722 -0.001876531629314 -0.001879043036573 -0.001961517809764 NaN 0.989665785383423 0.983632910167058 0.981410787168326 0.991798438341129 0.998605016872643 -0.002021060011124 -0.002045095358451 -0.002019525304172 -0.001952867452078 -0.001834862915768 -0.001862515517849 -0.001910508009301 -0.001832143622724 NaN 0.990379461023591 0.989900458313704 0.995326651667284 0.999926478030574 0.998697564423639 -0.002008639583814 -0.002000322253991 -0.001971433489577 -0.001880092113847 -0.001899244869893 -0.001906750618177 -0.001899432070055 -0.001909623413235 
NaN -0.002375690503527 -0.002212059107502 -0.002286623177694 -0.002323389548272 -0.002041373058444 1.000000000000000 0.990670235460658 0.999316376678053 0.996942042207179 0.993664916185316 0.996122816242137 0.992870072345020 0.990027521475228 NaN -0.002444045240778 -0.002419611848844 -0.002373538266563 -0.002317377115217 -0.002144515989568 0.999030501287235 0.999631594730290 0.996738821893123 0.993504098343515 0.999352121038721 0.997053695566374 0.996725704029936 0.995181767468890 NaN -0.002221552818982 -0.002120318737572 -0.001930176540532 -0.002244442685624 -0.002063905057009 0.997600711669043 0.966428930010296 0.999718075469038 0.999563235113125 0.995692606397938 0.981304852842103 0.976683806357271 0.982443563173155 NaN -0.002240505637031 -0.002074268739529 -0.001812387187038 -0.002126948417296 -0.003000434591522 0.999425658217050 0.966483282212546 0.995511773094598 0.987126772417250 0.999147392210576 0.985432725851257 0.924984333575312 0.951406375706481 NaN -0.002218346413752 -0.002324976683572 -0.002237361985414 -0.002448520902103 -0.001732839532996 0.993652369722768 0.998203466655195 0.973919014665452 0.995606528719411 0.990394217575884 0.993362945196130 0.988123886080783 0.992527615433985 NaN -0.002258146029151 -0.002333493966505 -0.002439990526900 -0.002139562636020 -0.002067127674788 0.994702262903369 0.999931506257175 0.998796246335069 0.976289787747456 0.995315481438105 0.997082606220917 0.998639871359167 0.994262617156692 NaN -0.002407938750622 -0.002424560018927 -0.002366323879308 -0.002201953075772 -0.002225260105854 0.994918930691616 0.994261773519947 0.988023116269857 0.953707694817569 0.994576763090878 0.995911636500826 0.991865572857337 0.990688700695332 
NaN -0.002339872335627 -0.002178708002045 -0.002252147873448 -0.002288359919280 -0.002010595378083 0.990670235460658 1.000000000000000 0.994819460517357 0.998260443301555 0.999642239868053 0.998624451501041 0.999772298237245 0.999912150753271 NaN -0.002407196491894 -0.002383131480999 -0.002337752547833 -0.002282438135380 -0.002112183228350 0.995635459452739 0.988550182043017 0.998287420470760 0.999717098226418 0.994740369222163 0.998099021898750 0.998378579441893 0.999160122903490 NaN -0.002188058577308 -0.002088350797122 -0.001901075364557 -0.002210603334565 -0.002032787662823 0.997218088157679 0.992281970098679 0.988214326449034 0.993553186512519 0.998679546186167 0.998310207700048 0.996587056348230 0.998535317745112 NaN -0.002206725644658 -0.002042995092616 -0.001785061915304 -0.002094880521494 -0.002955197187991 0.991505933223005 0.992302579448916 0.977545244352773 0.999302165680411 0.994592487869753 0.998935251439882 0.968086547555266 0.984405007488294 NaN -0.002184900514890 -0.002289923125420 -0.002203629389721 -0.002411604673895 -0.001706713597297 0.999644816831402 0.996559185526935 0.995623981274277 0.998871220189472 0.999863563812205 0.999641771844068 0.999651739897258 0.999626740590162 NaN -0.002224100073461 -0.002298311993701 -0.002403202910736 -0.002107304556267 -0.002035961693354 0.999384395352276 0.992022122064513 0.996144922146426 0.996600873260169 0.999046281098727 0.998011501219252 0.996255940396570 0.999106467403425 NaN -0.002371634377500 -0.002388005047767 -0.002330646931536 -0.002168754338454 -0.002191709969599 0.999224718093996 0.999451636179660 0.999638735948800 0.985633314639834 0.999345709942925 0.998806059389982 0.999886694530779 0.999915225567480 
NaN -0.002387246623062 -0.002222819271516 -0.002297746045228 -0.002334691259209 -0.002051302950845 0.999316376678053 0.994819460517357 1.000000000000000 0.998995287983729 0.996990413854545 0.998541996301244 0.996410202688475 0.994345151407752 NaN -0.002455933859649 -0.002431381615871 -0.002385083916928 -0.002328649579753 -0.002154947602223 0.999900641017498 0.998424499731084 0.998942343639929 0.996807226215185 0.999897186043934 0.999101314316934 0.998906821406515 0.998012449837958 NaN -0.002232359163450 -0.002130632647043 -0.001939565537454 -0.002255360373734 -0.002073944552268 0.999291203563609 0.974917222192809 0.998612871543806 0.999761441000738 0.998259279583562 0.987446137626140 0.983626932304599 0.988328334386482 NaN -0.002251404174076 -0.002084358647059 -0.001821203218818 -0.002137294575653 -0.003015029666404 0.999369950074551 0.974778938966160 0.992335527859864 0.991798900445711 0.999709731700592 0.990807970631320 0.937705058623605 0.961497632204794 NaN -0.002229137161238 -0.002336286114844 -0.002248245230731 -0.002460431292024 -0.001741268619508 0.997034427399002 0.999536641057836 0.981206849750711 0.998048334459013 0.994627244788426 0.996778221780680 0.992886831022860 0.996205902212247 NaN -0.002269130374714 -0.002344844828569 -0.002451859422344 -0.002149970153976 -0.002077182845893 0.997572634227186 0.999596577702157 0.999834042813050 0.983118283642234 0.998033191800200 0.999049799025749 0.999756664228205 0.997349692588221 NaN -0.002419651735960 -0.002436353855438 -0.002377834436583 -0.002212664080811 -0.002236084483753 0.997848910164023 0.997420473990209 0.992810598101521 0.963693326542130 0.997602336592575 0.998422388808913 0.995704818583476 0.994848463595656 
NaN -0.002373314322659 -0.002209846591805 -0.002284336082536 -0.002321065679154 -0.002039331264027 0.996942042207179 0.998260443301555 0.998995287983728 1.000000000000000 0.999304187640515 0.999776592164448 0.999047756308410 0.997875391455074 NaN -0.002441600691064 -0.002417191737565 -0.002371164238376 -0.002315059259774 -0.002142371030931 0.999393248873472 0.995526964187574 0.999929474062782 0.999334526881344 0.998962344007586 0.999872038475327 0.999924065177587 0.999685489226235 NaN -0.002219330807614 -0.002118197981181 -0.001928245965585 -0.002242197779664 -0.002061840725943 0.999566784635984 0.983320353096550 0.995358025494863 0.998359772102886 0.999587456310327 0.993210854787094 0.990178194515112 0.993821605510881 NaN -0.002238264668933 -0.002072194042641 -0.001810574425758 -0.002124821029857 -0.002997433537613 0.997057134539297 0.983562467248025 0.987781847071654 0.996335347176583 0.998754253965109 0.995299036239995 0.951687110239471 0.972399053829007 NaN -0.002216127609452 -0.002322651226992 -0.002235124161616 -0.002446071875803 -0.001731106335789 0.999297447429254 0.999457187034993 0.988492045588682 0.999723726209446 0.998029027164584 0.999155703030616 0.996876050722542 0.998739655492684 NaN -0.002255887417020 -0.002331159990884 -0.002437550032736 -0.002137422631758 -0.002065060120439 0.999658364444162 0.997692505414566 0.999561474839391 0.990178520631368 0.999685620787356 0.999856158646630 0.999527675944583 0.999175472731343 NaN -0.002405530314851 -0.002422134958457 -0.002363957066998 -0.002199750668193 -0.002223034386434 0.999588424379983 0.999443053157691 0.996837006618841 0.974021092155652 0.999513530704951 0.999783989546096 0.998669919501075 0.998163643370966 
NaN -0.002230628218591 -0.002076988336259 -0.002146999442005 -0.002181520817405 -0.001916724565795 0.993664916185316 0.999642239868053 0.996990413854545 0.999304187640515 1.000000000000000 0.999655596697049 0.999967166379592 0.999577456213260 NaN -0.002294809140122 -0.002271867678074 -0.002228607399593 -0.002175875510150 -0.002013569475675 0.997525361870492 0.991931036400832 0.999284440169019 0.999907621214754 0.996983702027923 0.999344964202072 0.999487233139641 0.999886967113464 NaN -0.002085902351235 -0.001990849734599 -0.001812317830030 -0.002107394537349 -0.001937880735653 0.998742146188045 0.989090260354218 0.991734335148221 0.996030789708465 0.999680641568408 0.996704640277278 0.994601400669851 0.997116339105558 NaN -0.002103697889289 -0.001947611600276 -0.001701720824501 -0.001997074598760 -0.002817224742849 0.994454730033191 0.988793820276288 0.981604902312458 0.998442585133349 0.996938356378108 0.998128076602488 0.961694737682955 0.979821078512241 NaN -0.002082891732648 -0.002183011040472 -0.002100746192511 -0.002299011512625 -0.001627030438037 0.999955414101026 0.998290433824232 0.993115892213033 0.999590845761205 0.999637139065428 0.999986544597589 0.999087708718676 0.999847276052327 NaN -0.002120261139591 -0.002191008248706 -0.002291002011549 -0.002008918579363 -0.001940906576833 0.999837812600444 0.994754254419900 0.997936700286972 0.994190637986016 0.999836904329745 0.999289304472593 0.998107191793036 0.999816123324582 NaN -0.002260907352117 -0.002276513707429 -0.002221833530788 -0.002067499389984 -0.002089383267078 0.999867090825355 0.999930754630856 0.998996782025677 0.981350944847039 0.999950927981029 0.999735324644218 0.999881956200866 0.999706263288574 
NaN -0.002144866603816 -0.001997133758924 -0.002064453127235 -0.002097647249230 -0.001843031696463 0.996122816242137 0.998624451501040 0.998541996301244 0.999776592164448 0.999655596697049 1.000000000000000 0.999469777306970 0.998501807960702 NaN -0.002206579942707 -0.002184520517753 -0.002142923479836 -0.002092218988752 -0.001936153181800 0.998865853323122 0.994769800663826 0.999691760569076 0.999477387878343 0.998620890661275 0.999915829557648 0.999953592392046 0.999923865536330 NaN -0.002005705054162 -0.001914306953247 -0.001742639116969 -0.002026370923918 -0.001863374468877 0.999578576281613 0.985034866640366 0.994642029608115 0.997910591427527 0.999955305176657 0.994321532717184 0.991729865534933 0.994920287304675 NaN -0.002022816401966 -0.001872731208106 -0.001636294266822 -0.001920292488237 -0.002708910080138 0.996691988823830 0.984659602132716 0.985502029478597 0.996964424317844 0.998633085162453 0.996466336428277 0.954401740363658 0.974414885375555 NaN -0.002002810185708 -0.002099080177255 -0.002019978189936 -0.002210620745367 -0.001564475523465 0.999564027395308 0.999355964699394 0.989835215800761 0.999704813874560 0.998686218943781 0.999607899385050 0.997735756505995 0.999290373265294 NaN -0.002038742840145 -0.002106769914488 -0.002202919187919 -0.001931681099857 -0.001866283974658 0.999695899395479 0.996955865850049 0.999152925745682 0.991144044627942 0.999954348366720 0.999921644300872 0.999339443270177 0.999739784793706 NaN -0.002173981586649 -0.002188987919859 -0.002136410047944 -0.001988009636938 -0.002009052138217 0.999810109279450 0.999711877029063 0.997598863476394 0.976157476020492 0.999847960190165 0.999979873032353 0.999167515603418 0.998761429484685 
NaN -0.002175601530972 -0.002025751744066 -0.002094035767185 -0.002127705545297 -0.001869441471707 0.992870072345020 0.999772298237245 0.996410202688475 0.999047756308410 0.999967166379592 0.999469777306970 1.000000000000000 0.999733336118816 NaN -0.002238199192911 -0.002215823666798 -0.002173630562941 -0.002122199500406 -0.001963897344023 0.997030181384554 0.991040110147071 0.999031106634616 0.999903376556206 0.996436447950094 0.999063459263672 0.999255046682130 0.999757678037712 NaN -0.002034445861924 -0.001941738069316 -0.001767610313883 -0.002055407863849 -0.001890075746459 0.998351085838373 0.990004765837048 0.990810393148464 0.995381553826132 0.999506106532975 0.997228034740338 0.995264364466940 0.997580241000414 NaN -0.002051802407274 -0.001899566563349 -0.001659741592173 -0.001947809374200 -0.002747727484369 0.993658068961826 0.989800444594078 0.980497971175063 0.998741365905495 0.996413513636800 0.998445505055771 0.963533507888804 0.981156052159236 NaN -0.002031509511370 -0.002129159006505 -0.002048923525004 -0.002242297898368 -0.001586893720086 0.999890529223537 0.997841962089471 0.993850112344102 0.999422885686054 0.999795608137484 0.999971028799786 0.999312781062937 0.999824187439492 NaN -0.002067957063803 -0.002136958934047 -0.002234485981233 -0.001959361179255 -0.001893026944085 0.999748879001166 0.994031485857436 0.997481150022338 0.994906557631380 0.999722082953196 0.999032328755838 0.997674886118794 0.999710841998818 NaN -0.002205133717781 -0.002220355084671 -0.002167023796641 -0.002016496877714 -0.002037840908115 0.999717702516668 0.999829785454022 0.999208107777797 0.982566225420759 0.999856269006049 0.999551516023517 0.999954079072834 0.999827922181918 
NaN -0.002222867523861 -0.002069762178040 -0.002139529704504 -0.002173930974790 -0.001910055989601 0.990027521475228 0.999912150753271 0.994345151407752 0.997875391455074 0.999577456213260 0.998501807960702 0.999733336118816 1.000000000000000 NaN -0.002286825150207 -0.002263963504994 -0.002220853735599 -0.002168305308417 -0.002006563961314 0.995099363086643 0.987970018587620 0.997873288393700 0.999524903829452 0.994342082778247 0.997897995850879 0.998145990795756 0.999031048989331 NaN -0.002078645179802 -0.001983923265672 -0.001806012500743 -0.002100062591332 -0.001931138553926 0.997015106400672 0.992877572061993 0.987629782632291 0.993100476932719 0.998644854004349 0.998619156293622 0.997154648904596 0.998849341715772 NaN -0.002096378804474 -0.001940835563392 -0.001695800279013 -0.001990126472584 -0.002807423189621 0.991101889878915 0.992487382662053 0.976073940616661 0.999360903052316 0.994321365772934 0.999292754926343 0.969185364298995 0.985177467022003 NaN -0.002075645035615 -0.002175416013144 -0.002093437377097 -0.002291012902017 -0.001621369751759 0.999526507734459 0.996305885437108 0.996042936252077 0.998653049507862 0.999931108654513 0.999632152776247 0.999864733261622 0.999692112633265 NaN -0.002112884428710 -0.002183385397875 -0.002283031267214 -0.002001929246177 -0.001934153867745 0.999142881975761 0.991409422244820 0.995693754536313 0.996772996488073 0.998932158735388 0.997806254379896 0.995927531593303 0.999190045389863 NaN -0.002253041311677 -0.002268593370106 -0.002214103434114 -0.002060306245251 -0.002082113985009 0.999095418874986 0.999337134526327 0.999781641935707 0.986470527275203 0.999276894267084 0.998675685793555 0.999890015939126 0.999980303225132 
NaN NaN NaN NaN NaN NaN NaN NaN NaN NaN NaN NaN NaN NaN NaN NaN NaN NaN NaN NaN NaN NaN NaN NaN NaN NaN NaN NaN NaN NaN NaN NaN NaN NaN NaN NaN NaN NaN NaN NaN NaN NaN NaN NaN NaN NaN NaN NaN NaN NaN NaN NaN NaN NaN NaN NaN NaN NaN NaN NaN NaN NaN NaN NaN NaN NaN NaN NaN NaN NaN NaN NaN NaN NaN NaN NaN NaN NaN NaN NaN NaN NaN NaN NaN NaN NaN NaN NaN NaN NaN NaN NaN NaN NaN NaN NaN NaN NaN 
NaN 0.998161158045084 0.998128081901905 0.997472838038362 0.995019707727507 0.978399595581141 -0.002444045240778 -0.002407196491894 -0.002455933859649 -0.002441600691064 -0.002294809140122 -0.002206579942707 -0.002238199192911 -0.002286825150207 NaN 1.000000000000000 0.999555261872551 0.998886667022585 0.997772542767903 0.965907461101589 -0.002460610032107 -0.002406916708556 -0.002460730981359 -0.002375602046421 -0.002309345860592 -0.002317079162400 -0.002294878946816 -0.002283324434556 NaN 0.998538434437906 0.984207425437053 0.988957736373256 0.991162276797081 0.986113347133157 -0.002404059225179 -0.002287584669280 -0.002363332789227 -0.002416123578299 -0.002182375003914 -0.002212644708777 -0.002068357466980 -0.002224100451603 NaN 0.999876375135974 0.988094348970399 0.938444855032726 0.971944871714430 0.991422275574355 -0.002418658122530 -0.002360276870982 -0.002608018293863 -0.002329641923295 -0.002146301690369 -0.002147508834548 -0.002077508263375 -0.002177119165744 NaN 0.994857764436713 0.997788313946577 0.989624789729421 0.996396563251162 0.973073442606403 -0.002424004810817 -0.002413057648422 -0.002311487731189 -0.002436831702729 -0.002195363839835 -0.002246687923515 -0.002249694719815 -0.002348438100437 NaN 0.997898927050218 0.999625135516172 0.999881792848766 0.996644626281653 0.966209348727762 -0.002419725331968 -0.002448501785151 -0.002417887895539 -0.002338081411617 -0.002196799824615 -0.002229907056158 -0.002287366333306 -0.002193544135903 NaN 0.997557732449303 0.997796010349763 0.993691243515482 0.977467544926138 0.987596069043963 -0.002404854906336 -0.002394896936975 -0.002360309703207 -0.002250950733412 -0.002273881477045 -0.002282867775897 -0.002274105603480 -0.002286307245748 
NaN 0.999506624452872 0.999483961973422 0.999116370008921 0.997523222609910 0.984096365747818 -0.002419611848844 -0.002383131480999 -0.002431381615871 -0.002417191737565 -0.002271867678074 -0.002184520517753 -0.002215823666798 -0.002263963504994 NaN 0.999555261872551 1.000000000000000 0.999811604912097 0.999291106252696 0.973147911429040 -0.002436011040114 -0.002382854494686 -0.002436130780223 -0.002351852888709 -0.002286259073335 -0.002293915064464 -0.002271936786904 -0.002260497786387 NaN 0.999677388898649 0.988998596065571 0.992908970792333 0.994634161226652 0.990565675356299 -0.002380025577888 -0.002264715431070 -0.002339706288643 -0.002391969322329 -0.002160557558424 -0.002190524653683 -0.002047679867480 -0.002201865872174 NaN 0.999282456252165 0.992185955618541 0.948170582722465 0.978397749063311 0.987646158653962 -0.002394478528440 -0.002336680920753 -0.002581945645091 -0.002306352234042 -0.002124844873804 -0.002126039950028 -0.002056739182346 -0.002155354263452 NaN 0.997396898077123 0.999319749192969 0.993441320554036 0.998477149292280 0.979473354000795 -0.002399771765289 -0.002388934042894 -0.002288379531413 -0.002412470425338 -0.002173416543509 -0.002224227534619 -0.002227204271642 -0.002324960503712 NaN 0.999347416444310 0.999974666056296 0.999878783270006 0.998620866477900 0.973421114103326 -0.002395535068866 -0.002424023840648 -0.002393716001494 -0.002314707351861 -0.002174838172589 -0.002207614427458 -0.002264499277825 -0.002171615031359 NaN 0.999185426866056 0.999318905569190 0.996568379356347 0.983285191161479 0.991808052527521 -0.002380813304531 -0.002370954886097 -0.002336713424750 -0.002228447728731 -0.002251149231172 -0.002260045692995 -0.002251371116990 -0.002263450778084 
NaN 0.999896772825840 0.999876933515219 0.999705556323074 0.998583584170360 0.986955194624036 -0.002373538266563 -0.002337752547833 -0.002385083916928 -0.002371164238376 -0.002228607399593 -0.002142923479836 -0.002173630562941 -0.002220853735599 NaN 0.998886667022585 0.999811604912097 1.000000000000000 0.999796762664131 0.976927092034691 -0.002389625188950 -0.002337480835817 -0.002389742649001 -0.002307069553880 -0.002242724757869 -0.002250234965725 -0.002228675192471 -0.002217454010251 NaN 0.999834546240619 0.991391976772114 0.994734642108352 0.996184957012856 0.992682391178408 -0.002334705786474 -0.002221591343706 -0.002295154246027 -0.002346422101423 -0.002119416816578 -0.002148813286664 -0.002008688511529 -0.002159938548797 NaN 0.998426836621548 0.994110168611335 0.953577306409100 0.981791861302137 0.985670095169059 -0.002348883527922 -0.002292186486359 -0.002532780947381 -0.002262435310146 -0.002084384163060 -0.002085556482972 -0.002017575321418 -0.002114312601315 NaN 0.998491164548587 0.999749662033902 0.995176493529421 0.999167257791135 0.982685193906785 -0.002354075972414 -0.002343444618943 -0.002244804838769 -0.002366532828075 -0.002132030944411 -0.002181874406625 -0.002184794461443 -0.002280689246271 NaN 0.999823400400778 0.999781138213115 0.999488223737785 0.999236647097991 0.977178639254750 -0.002349919949997 -0.002377866246434 -0.002348135520804 -0.002270631332113 -0.002133425503221 -0.002165577641675 -0.002221379306392 -0.002130263736159 NaN 0.999687733442133 0.999766097134203 0.997784616404865 0.986198589699382 0.993811121245768 -0.002335478513443 -0.002325807816297 -0.002292218371424 -0.002186014240964 -0.002208283467649 -0.002217010525497 -0.002208501128378 -0.002220350771894 
NaN 0.999976688407311 0.999972812068007 0.999987214582486 0.999429370623174 0.989946784252920 -0.002317377115217 -0.002282438135380 -0.002328649579753 -0.002315059259774 -0.002175875510150 -0.002092218988752 -0.002122199500406 -0.002168305308417 NaN 0.997772542767903 0.999291106252696 0.999796762664131 1.000000000000000 0.980942249099718 -0.002333083399088 -0.002282172852441 -0.002333198079874 -0.002252481142896 -0.002189658832483 -0.002196991338582 -0.002175941698957 -0.002164986025206 NaN 0.999801834342248 0.993782108868286 0.996582654981902 0.997698618473417 0.994898023132158 -0.002279463464548 -0.002169025463711 -0.002240847767471 -0.002290902555513 -0.002069268525194 -0.002097969434720 -0.001961160202804 -0.002108831457984 NaN 0.997246713369322 0.996071443072703 0.959247483749243 0.985252580214327 0.982202745714861 -0.002293305741305 -0.002237950229043 -0.002472851897103 -0.002208903006220 -0.002035064792020 -0.002036209373245 -0.001969836738655 -0.002064285082623 NaN 0.999386046197404 0.999964895240789 0.996920085621360 0.999745759601751 0.986194470005018 -0.002298375325481 -0.002287995524327 -0.002191689695832 -0.002310537434955 -0.002081584185565 -0.002130248283510 -0.002133099245849 -0.002226725029330 NaN 0.999973007424324 0.999198066687238 0.998664767872217 0.999767116163925 0.981177619095819 -0.002294317640220 -0.002321602689184 -0.002292575433055 -0.002216905099134 -0.002082945747213 -0.002114337122236 -0.002168818443489 -0.002079858791870 NaN 0.999968106516088 0.999973755848429 0.998899095348746 0.989278750048531 0.995811008608387 -0.002280217907744 -0.002270776032477 -0.002237981359664 -0.002134290163724 -0.002156032470145 -0.002164553033906 -0.002156244980724 -0.002167814245519 
NaN 0.979792039523118 0.979843671710579 0.981786073291466 0.986891601829802 0.998535111200870 -0.002144515989568 -0.002112183228350 -0.002154947602223 -0.002142371030931 -0.002013569475675 -0.001936153181800 -0.001963897344023 -0.002006563961314 NaN 0.965907461101589 0.973147911429040 0.976927092034691 0.980942249099718 1.000000000000000 -0.002159050687731 -0.002111937733777 -0.002159156814083 -0.002084460830921 -0.002026324652611 -0.002033110201872 -0.002013630727230 -0.002003492274848 NaN 0.978078890738223 0.996435038251295 0.993409887163610 0.991537649067302 0.994975904846838 -0.002109430448442 -0.002007230397748 -0.002073695228962 -0.002120016258286 -0.001914914672217 -0.001941474682235 -0.001814870521247 -0.001951526469842 NaN 0.964171483470701 0.993859974042493 0.995685116029825 0.999413374982521 0.930051598514427 -0.002122240182189 -0.002071013827886 -0.002288393372986 -0.002044133337272 -0.001883262313086 -0.001884321516062 -0.001822899844461 -0.001910302961760 NaN 0.987045152393347 0.980899491886816 0.992977898765036 0.984214188648937 0.999306154306277 -0.002126931608653 -0.002117326072551 -0.002028204026881 -0.002138186504570 -0.001926311665143 -0.001971345740725 -0.001973984039983 -0.002060625954409 NaN 0.980559292949863 0.972550338290786 0.969722358503013 0.983464075234061 0.999986869474796 -0.002123176600085 -0.002148426363447 -0.002121564350142 -0.002051538526565 -0.001927571663227 -0.001956621447670 -0.002007038819876 -0.001924714974495 NaN 0.981538902264485 0.980884164634584 0.988746903223944 0.998720127510997 0.994544027490715 -0.002110128615126 -0.002101391041795 -0.002071042636367 -0.001975086123199 -0.001995206596239 -0.002003091581858 -0.001995403254924 -0.002006109528485 
NaN -0.002391792012942 -0.002227051586738 -0.002302121023297 -0.002339136582084 -0.002055208693797 0.999030501287235 0.995635459452738 0.999900641017498 0.999393248873472 0.997525361870493 0.998865853323122 0.997030181384554 0.995099363086643 NaN -0.002460610032107 -0.002436011040114 -0.002389625188950 -0.002333083399088 -0.002159050687731 1.000000000000000 0.997980950129481 0.999318096214075 0.997492825235683 0.999842141537435 0.999337330241971 0.999232958337431 0.998418797332306 NaN -0.002236609642915 -0.002134689436139 -0.001943258528987 -0.002259654648200 -0.002077893405515 0.999360360797908 0.976502974014493 0.998021338619327 0.999577166700447 0.998542076790159 0.988629394359145 0.984859254103415 0.989430936174531 NaN -0.002255690915818 -0.002088327329058 -0.001824670844911 -0.002141364049263 -0.003020770374214 0.998829110930092 0.976793460664528 0.992131364851195 0.992866350034353 0.999603440466700 0.991586806678626 0.940495474199603 0.963737562078260 NaN -0.002233381505913 -0.002340734474372 -0.002252525957749 -0.002465116027730 -0.001744584047702 0.997534271572719 0.999562872597012 0.982678960184928 0.998565976868399 0.995357542241658 0.997297832173756 0.993665478472168 0.996669790316291 NaN -0.002273450867679 -0.002349309484147 -0.002456527836950 -0.002154063762272 -0.002081137864949 0.998172384044592 0.999406943512568 0.999965107879719 0.984725461496084 0.998462458831819 0.999328793130748 0.999838587934366 0.997666656325097 NaN -0.002424258826156 -0.002440992746975 -0.002382361905374 -0.002216877060242 -0.002240342056341 0.998230545985982 0.997863586898231 0.993602038360340 0.965641806633178 0.998035013127631 0.998768892501233 0.996363225947095 0.995552009397428 
NaN -0.002339600377232 -0.002178454775438 -0.002251886111081 -0.002288093948064 -0.002010361690850 0.999631594730290 0.988550182043017 0.998424499731084 0.995526964187574 0.991931036400832 0.994769800663826 0.991040110147071 0.987970018587620 NaN -0.002406916708556 -0.002382854494686 -0.002337480835817 -0.002282172852441 -0.002111937733777 0.997980950129481 1.000000000000000 0.995071417441971 0.991592247978638 0.998678311626749 0.995792758857212 0.995365435949077 0.993625623032568 NaN -0.002187804263904 -0.002088108072542 -0.001900854406603 -0.002210346400832 -0.002032551396228 0.996850472941257 0.963220228883137 0.999689172863006 0.999252461452847 0.994469222684592 0.978632499995354 0.973852082133362 0.980129850399636 NaN -0.002206469161621 -0.002042757639633 -0.001784854441347 -0.002094637037978 -0.002954853711695 0.999240890968770 0.962446728827820 0.994621819049789 0.985410210236069 0.998621757886423 0.983401195455326 0.919932996259421 0.947295142390945 NaN -0.002184646568542 -0.002289656972517 -0.002203373266555 -0.002411324378203 -0.001706515229598 0.991906123702077 0.997551323870212 0.971140211252600 0.994278634780367 0.988427659037674 0.991671658858643 0.986147216937547 0.990943029917074 NaN -0.002223841571031 -0.002298044865777 -0.002402923591563 -0.002107059628732 -0.002035725057848 0.993148568699149 0.999532679138108 0.997734669096520 0.973321269000570 0.993832877716549 0.995909557768140 0.997778441936974 0.992928563628107 NaN -0.002371358727470 -0.002387727495009 -0.002330376045391 -0.002168502268741 -0.002191455231802 0.993486534074262 0.992730303439487 0.986124765086244 0.950036086524834 0.993041122396124 0.994567468963352 0.990015132370536 0.988747921224851 
NaN -0.002391909579501 -0.002227161055618 -0.002302234182152 -0.002339251560409 -0.002055309715881 0.996738821893123 0.998287420470760 0.998942343639929 0.999929474062782 0.999284440169019 0.999691760569076 0.999031106634616 0.997873288393700 NaN -0.002460730981359 -0.002436130780223 -0.002389742649001 -0.002333198079874 -0.002159156814083 0.999318096214075 0.995071417441971 1.000000000000000 0.999324614185401 0.998770387676218 0.999784416790455 0.999848765265084 0.999660789286238 NaN -0.002236719581613 -0.002134794365034 -0.001943354048254 -0.002259765719657 -0.002077995542648 0.999346212123008 0.983453402805114 0.995172545836101 0.998087979596653 0.999461692071800 0.993277758683596 0.990263025390762 0.993768865561228 NaN -0.002255801792440 -0.002088429979062 -0.001824760535098 -0.002141469306243 -0.003020918857685 0.996924972004762 0.983879990519063 0.987790702522016 0.996052592138415 0.998512939930394 0.995285069574980 0.952004586707972 0.972550473770460 NaN -0.002233491285935 -0.002340849531240 -0.002252636678800 -0.002465237198470 -0.001744669801289 0.999316858872572 0.999207880103664 0.988475810298784 0.999503758135211 0.998028605998619 0.999124478217181 0.996828591770602 0.998681772921659 NaN -0.002273562617277 -0.002349424962513 -0.002456648585545 -0.002154169643495 -0.002081240161560 0.999538392410364 0.997464118431242 0.999453575378099 0.990204020869042 0.999613501645566 0.999717165951260 0.999351679708268 0.999071304400188 NaN -0.002424377988595 -0.002441112731956 -0.002382479008404 -0.002216986029001 -0.002240452178502 0.999525300800330 0.999398079631496 0.996772218213391 0.974149894408943 0.999459226557005 0.999682059715669 0.998643206910044 0.998145886408745 
NaN -0.002309161519467 -0.002150112467195 -0.002222588440545 -0.002258325203403 -0.001984206320830 0.993504098343514 0.999717098226418 0.996807226215185 0.999334526881344 0.999907621214753 0.999477387878343 0.999903376556206 0.999524903829452 NaN -0.002375602046421 -0.002351852888709 -0.002307069553880 -0.002252481142896 -0.002084460830921 0.997492825235683 0.991592247978638 0.999324614185401 1.000000000000000 0.996778345121653 0.999187991061552 0.999385525951102 0.999752438182857 NaN -0.002159340316191 -0.002060941200269 -0.001876123757096 -0.002181589173588 -0.002006107331912 0.998446040683390 0.989094823125998 0.991326131052943 0.995749538447597 0.999408827897981 0.996727911866509 0.994493083755721 0.997054279724816 NaN -0.002177762378348 -0.002016180789224 -0.001761632983956 -0.002067385222031 -0.002916410235312 0.993918976893289 0.989360044859785 0.982170346391566 0.998506772857851 0.996613797494673 0.997820982132547 0.962136077827192 0.980186402042936 NaN -0.002156223703332 -0.002259867892469 -0.002174706761746 -0.002379952371048 -0.001684312987347 0.999864179898870 0.998016122138535 0.993189456325071 0.999626209732658 0.999531638280899 0.999843818782970 0.998933982364615 0.999616100112730 NaN -0.002194908767835 -0.002268146656883 -0.002371660881001 -0.002079646191392 -0.002009239703303 0.999887752623209 0.994604065336667 0.997888253582384 0.994504855680771 0.999704960846524 0.999137083356841 0.997922616694206 0.999494139844524 NaN -0.002340506684652 -0.002356662489930 -0.002300057198773 -0.002140289445404 -0.002162943783972 0.999704688837271 0.999787129088587 0.998866383175873 0.981432820692301 0.999793027732631 0.999577556066102 0.999801828743269 0.999619312464521 
NaN -0.002244758377967 -0.002090145246931 -0.002160599845713 -0.002195339900556 -0.001928866268016 0.999352121038721 0.994740369222163 0.999897186043934 0.998962344007586 0.996983702027923 0.998620890661275 0.996436447950094 0.994342082778247 NaN -0.002309345860592 -0.002286259073335 -0.002242724757869 -0.002189658832483 -0.002026324652611 0.999842141537435 0.998678311626749 0.998770387676218 0.996778345121653 1.000000000000000 0.999126591295371 0.998938776362495 0.998003654733632 NaN -0.002099115728713 -0.002003460990841 -0.001823798156319 -0.002120744059440 -0.001950156453954 0.999364310535153 0.974807486843837 0.998624732647511 0.999861724817252 0.998374518065852 0.987438625570370 0.983662782311808 0.988399331092594 NaN -0.002117023994557 -0.001959948959808 -0.001712500561915 -0.002009725287087 -0.002835070762317 0.999289239826318 0.974548487609679 0.992178898194466 0.992048763817280 0.999927924408420 0.990837925302203 0.937618884503508 0.961502627973172 NaN -0.002096086039033 -0.002196839563605 -0.002114053599932 -0.002313574853485 -0.001637337040996 0.996920124607160 0.999633741878763 0.981233722499458 0.998172659218945 0.994654098832385 0.996800544755660 0.992930683905315 0.996186358881948 NaN -0.002133692166587 -0.002204887431032 -0.002305514615346 -0.002021644294685 -0.001953201462657 0.997610964568603 0.999656757281685 0.999831816411302 0.983126793306040 0.998114614768801 0.999167280304025 0.999864094212600 0.997437997069018 NaN -0.002275229317989 -0.002290934533472 -0.002235907979249 -0.002080596191883 -0.002102618694800 0.997806229160273 0.997369883731226 0.992810447444403 0.963626284829163 0.997625013836328 0.998482008459853 0.995718624375441 0.994851205100466 
NaN -0.002252275395803 -0.002097144512087 -0.002167835042042 -0.002202691430836 -0.001935325458582 0.997053695566374 0.998099021898750 0.999101314316934 0.999872038475327 0.999344964202072 0.999915829557648 0.999063459263672 0.997897995850879 NaN -0.002317079162400 -0.002293915064464 -0.002250234965725 -0.002196991338582 -0.002033110201872 0.999337330241971 0.995792758857212 0.999784416790455 0.999187991061552 0.999126591295371 1.000000000000000 0.999971017003794 0.999755429585105 NaN -0.002106145033304 -0.002010169976604 -0.001829905505512 -0.002127845790778 -0.001956686938923 0.999784085775402 0.983177600874675 0.995693001820728 0.998547557682290 0.999819195300314 0.993132638836853 0.990266597012912 0.993786652262282 NaN -0.002124113268521 -0.001966512236921 -0.001718235209079 -0.002016455250087 -0.002844564558038 0.997474375034637 0.982852603690033 0.987228059640025 0.996153063656737 0.999065399682761 0.995473879466465 0.951196205266803 0.972022100955738 NaN -0.002103105198108 -0.002204196115804 -0.002121132926941 -0.002321322316913 -0.001642819988230 0.999299942721455 0.999667728636739 0.988306756723164 0.999674049735601 0.998046785693819 0.999253388708029 0.996973454464477 0.998912648104903 NaN -0.002140837257225 -0.002212270933108 -0.002313235087470 -0.002028414170841 -0.001959742144441 0.999525799673797 0.997765560486602 0.999561377300940 0.989728697637265 0.999767909997033 0.999964604872885 0.999657740505105 0.999473578253669 NaN -0.002282848373799 -0.002298606181306 -0.002243395359772 -0.002087563480138 -0.002109659729766 0.999660544063872 0.999486935605936 0.996860851181241 0.973839647212944 0.999616487638648 0.999898893625443 0.998685583249500 0.998196500469547 
NaN -0.002230696072942 -0.002077051516978 -0.002147064752419 -0.002181587177938 -0.001916782871388 0.996725704029936 0.998378579441893 0.998906821406514 0.999924065177587 0.999487233139642 0.999953592392046 0.999255046682130 0.998145990795756 NaN -0.002294878946816 -0.002271936786904 -0.002228675192471 -0.002175941698957 -0.002013630727230 0.999232958337431 0.995365435949077 0.999848765265084 0.999385525951102 0.998938776362495 0.999971017003794 1.000000000000000 0.999841053547219 NaN -0.002085965803113 -0.001990910295034 -0.001812372959633 -0.002107458643005 -0.001937939684803 0.999661814888133 0.983909275161198 0.995250725254319 0.998288861692535 0.999839432720503 0.993626235152439 0.990806202803102 0.994236608870778 NaN -0.002103761882496 -0.001947670845434 -0.001701772589811 -0.001997135348552 -0.002817310441108 0.997086310510283 0.983787291139641 0.986878618210702 0.996528420076922 0.998863456455286 0.995813297819936 0.952533990081466 0.973031610035301 NaN -0.002082955092945 -0.002183077446337 -0.002100810095929 -0.002299081447153 -0.001627079931310 0.999427243510763 0.999509692762393 0.988935602335313 0.999727801933735 0.998322213591344 0.999393867346085 0.997247391568709 0.999016795731581 NaN -0.002120325636642 -0.002191074897841 -0.002291071702434 -0.002008979689441 -0.001940965618027 0.999666840074585 0.997491407316285 0.999459688617465 0.990421931265927 0.999863583636195 0.999965863725452 0.999549642656983 0.999510142560004 NaN -0.002260976127540 -0.002276582957588 -0.002221901117609 -0.002067562282054 -0.002089446824843 0.999721058832543 0.999585884431895 0.997140468126869 0.974740002427196 0.999709638974318 0.999933535530291 0.998896702484288 0.998427238861954 
NaN -0.002219464715767 -0.002066593746536 -0.002136254471537 -0.002170603079701 -0.001907132039383 0.995181767468890 0.999160122903490 0.998012449837958 0.999685489226235 0.999886967113464 0.999923865536330 0.999757678037712 0.999031048989331 NaN -0.002283324434556 -0.002260497786387 -0.002217454010251 -0.002164986025206 -0.002003492274848 0.998418797332306 0.993625623032568 0.999660789286238 0.999752438182857 0.998003654733632 0.999755429585105 0.999841053547219 1.000000000000000 NaN -0.002075463150030 -0.001980886238016 -0.001803247822287 -0.002096847775377 -0.001928182330116 0.999305596708004 0.986844703422533 0.993521832860748 0.997202758058524 0.999899206169185 0.995399837620541 0.992990433583016 0.995909441942506 NaN -0.002093169627730 -0.001937864495215 -0.001693204315532 -0.001987079948941 -0.002803125532541 0.995877108764739 0.986538054928572 0.984003316536977 0.997625578900518 0.997960597805170 0.997244252046606 0.957533617952022 0.976737290517327 NaN -0.002072467598521 -0.002172085844730 -0.002090232703146 -0.002287505775676 -0.001618887727952 0.999845831991734 0.998979861789709 0.991289928515104 0.999710835140378 0.999168764460989 0.999845811439972 0.998372895815896 0.999611726800521 NaN -0.002109649984841 -0.002180043029774 -0.002279536359312 -0.001998864654622 -0.001931193028035 0.999841860022637 0.996121791379462 0.998736538400677 0.992514748148937 0.999975066697054 0.999719306819782 0.998891676862885 0.999831112670647 NaN -0.002249592312972 -0.002265120564013 -0.002210714042256 -0.002057152289070 -0.002078926645124 0.999937111799841 0.999909947236667 0.998275793118264 0.978420967287530 0.999972983902716 0.999950263640350 0.999550557437728 0.999239784968699 
NaN NaN NaN NaN NaN NaN NaN NaN NaN NaN NaN NaN NaN NaN NaN NaN NaN NaN NaN NaN NaN NaN NaN NaN NaN NaN NaN NaN NaN NaN NaN NaN NaN NaN NaN NaN NaN NaN NaN NaN NaN NaN NaN NaN NaN NaN NaN NaN NaN NaN NaN NaN NaN NaN NaN NaN NaN NaN NaN NaN NaN NaN NaN NaN NaN NaN NaN NaN NaN NaN NaN NaN NaN NaN NaN NaN NaN NaN NaN NaN NaN NaN NaN NaN NaN NaN NaN NaN NaN NaN NaN NaN NaN NaN NaN NaN NaN NaN 
NaN 0.999862970467092 0.999896916260672 0.999715809006900 0.998769634334391 0.987874110757246 -0.002221552818982 -0.002188058577308 -0.002232359163450 -0.002219330807614 -0.002085902351235 -0.002005705054162 -0.002034445861924 -0.002078645179802 NaN 0.998538434437906 0.999677388898649 0.999834546240619 0.999801834342248 0.978078890738223 -0.002236609642915 -0.002187804263904 -0.002236719581613 -0.002159340316191 -0.002099115728713 -0.002106145033304 -0.002085965803113 -0.002075463150030 NaN 1.000000000000000 0.992087203415986 0.995408596922246 0.996753504832426 0.993545150798723 -0.002185206910081 -0.002079335556440 -0.002148187984617 -0.002196172990919 -0.001983703599725 -0.002011217717322 -0.001880065591572 -0.002021630592397 NaN 0.998270617131776 0.994857168788545 0.955004761712148 0.982723826754993 0.983435654172318 -0.002198476804198 -0.002145410260344 -0.002370598668151 -0.002117564149617 -0.001950914202025 -0.001952011454445 -0.001888383349848 -0.001978926224123 NaN 0.998749819148308 0.999881138893585 0.995811671798508 0.999456063138314 0.983945523027159 -0.002203336759422 -0.002193386166417 -0.002101062615204 -0.002214995961720 -0.001995510003541 -0.002042161825233 -0.002044894899353 -0.002134649226284 NaN 0.999817673459265 0.999595529425418 0.999192054983263 0.999602262339344 0.978330414599793 -0.002199446860765 -0.002225603664094 -0.002197776694432 -0.002125235353390 -0.001996815264172 -0.002026908595644 -0.002079137096572 -0.001993855955435 NaN 0.999807906067149 0.999855185548911 0.998187585737177 0.987199030294821 0.994448122158027 -0.002185930156805 -0.002176878706147 -0.002145440103704 -0.002046036572388 -0.002066879827378 -0.002075048063061 -0.002067083550576 -0.002078174422514 
NaN 0.993101131404522 0.993157449807668 0.994262871743316 0.996929107594939 0.999505726376726 -0.002120318737572 -0.002088350797122 -0.002130632647043 -0.002118197981181 -0.001990849734599 -0.001914306953247 -0.001941738069316 -0.001983923265672 NaN 0.984207425437053 0.988998596065571 0.991391976772114 0.993782108868286 0.996435038251295 -0.002134689436139 -0.002088108072542 -0.002134794365034 -0.002060941200269 -0.002003460990841 -0.002010169976604 -0.001990910295034 -0.001980886238016 NaN 0.992087203415986 1.000000000000000 0.999465717334627 0.998906843533744 0.999674354730757 -0.002085629077700 -0.001984582182494 -0.002050297070001 -0.002096095444505 -0.001893308084484 -0.001919568409510 -0.001794392763302 -0.001929506779619 NaN 0.983016550227467 0.999536391104163 0.984661821919188 0.998052131070160 0.956776716824599 -0.002098294275171 -0.002047645924021 -0.002262572706980 -0.002021068734482 -0.001862012868928 -0.001863060120583 -0.001802331489123 -0.001888748409413 NaN 0.997042571710289 0.993750000112822 0.999376577941225 0.995530909986309 0.998379238497069 -0.002102932766786 -0.002093435612985 -0.002005319159537 -0.002114060670155 -0.001904576481534 -0.001949102423403 -0.001951710953895 -0.002037375260206 NaN 0.993580561667392 0.988651046563781 0.986778447901042 0.995148702325270 0.996526947289619 -0.002099220127168 -0.002124184989465 -0.002097626068750 -0.002028390368683 -0.001905822262661 -0.001934544269202 -0.001984392766255 -0.001902997806852 NaN 0.994109996821168 0.993739516791558 0.997800952879971 0.999361613791295 0.999778135055158 -0.002086319366749 -0.002077680382220 -0.002047674407447 -0.001952800601958 -0.001972694049339 -0.001980490066172 -0.001972888489062 -0.001983473960353 
NaN 0.996065855626009 0.996150980912825 0.996919077981131 0.998716182144303 0.998150394552942 -0.001930176540532 -0.001901075364557 -0.001939565537454 -0.001928245965585 -0.001812317830030 -0.001742639116969 -0.001767610313883 -0.001806012500743 NaN 0.988957736373256 0.992908970792333 0.994734642108352 0.996582654981902 0.993409887163610 -0.001943258528987 -0.001900854406603 -0.001943354048254 -0.001876123757096 -0.001823798156319 -0.001829905505512 -0.001812372959633 -0.001803247822287 NaN 0.995408596922246 0.999465717334627 1.000000000000000 0.999742560646620 0.999700721884288 -0.001898597718680 -0.001806612328387 -0.001866434152334 -0.001908125501137 -0.001723523347652 -0.001747428745654 -0.001633478379855 -0.001756475880170 NaN 0.988104766914854 0.999889565828852 0.978786050174803 0.995583816351640 0.964014457662657 -0.001910127148951 -0.001864020751138 -0.002059673709841 -0.001839826903839 -0.001695034569137 -0.001695987907209 -0.001640705190650 -0.001719372567066 NaN 0.998824700646056 0.996597256391788 0.999898432354421 0.997851574300561 0.996476288940415 -0.001914349678113 -0.001905704193288 -0.001825489691446 -0.001924479673026 -0.001733781237304 -0.001774314260437 -0.001776688867741 -0.001854671121764 NaN 0.996399356109340 0.992595902824819 0.991058420501563 0.997685713805526 0.993565040085912 -0.001910969974029 -0.001933696081520 -0.001909518864766 -0.001846491961466 -0.001734915301473 -0.001761061626663 -0.001806439898283 -0.001732344132220 NaN 0.996836554529841 0.996552311537636 0.999237487837660 0.997805255339592 0.999870569958735 -0.001899226105207 -0.001891361832267 -0.001864046680278 -0.001777680800271 -0.001795790278230 -0.001802887177641 -0.001795967281331 -0.001805603487433 
NaN 0.997295746099293 0.997344637473042 0.997969699065374 0.999348930178710 0.997040705983918 -0.002244442685624 -0.002210603334565 -0.002255360373734 -0.002242197779664 -0.002107394537349 -0.002026370923918 -0.002055407863849 -0.002100062591332 NaN 0.991162276797081 0.994634161226652 0.996184957012856 0.997698618473418 0.991537649067302 -0.002259654648200 -0.002210346400832 -0.002259765719657 -0.002181589173588 -0.002120744059440 -0.002127845790778 -0.002107458643005 -0.002096847775377 NaN 0.996753504832426 0.998906843533744 0.999742560646620 1.000000000000000 0.999250405101814 -0.002207722285060 -0.002100760081297 -0.002170321933479 -0.002218801355392 -0.002004142776532 -0.002031940387044 -0.001899436929629 -0.002042460551632 NaN 0.990316869622972 0.999663458086237 0.975631771205751 0.994356814314883 0.967867969039351 -0.002221128906112 -0.002167515588802 -0.002395024235218 -0.002139382564456 -0.001971015531839 -0.001972124089847 -0.001907840390291 -0.001999316177032 NaN 0.999424579802672 0.997752378506542 0.999923076348465 0.998763673285775 0.994906000041428 -0.002226038936097 -0.002215985816722 -0.002122711005760 -0.002237818269496 -0.002016070828146 -0.002063203328923 -0.002065964563393 -0.002156643677957 NaN 0.997606871220076 0.994392358104533 0.993041716594652 0.998547903992577 0.991649683157881 -0.002222108957699 -0.002248535268795 -0.002220421582734 -0.002147132808812 -0.002017389537588 -0.002047792937017 -0.002100559576588 -0.002014399737484 NaN 0.997952348511035 0.997739325097418 0.999765766745198 0.996783729231062 0.999654028373521 -0.002208452983789 -0.002199308271112 -0.002167545739654 -0.002067117999705 -0.002088176014084 -0.002096428411541 -0.002088381836353 -0.002099586983576 
NaN 0.994245497193479 0.994342453935437 0.995276622917293 0.997528039039127 0.998802146104083 -0.002063905057009 -0.002032787662823 -0.002073944552268 -0.002061840725943 -0.001937880735653 -0.001863374468877 -0.001890075746459 -0.001931138553926 NaN 0.986113347133157 0.990565675356299 0.992682391178408 0.994898023132158 0.994975904846838 -0.002077893405515 -0.002032551396228 -0.002077995542648 -0.002006107331912 -0.001950156453954 -0.001956686938923 -0.001937939684803 -0.001928182330116 NaN 0.993545150798723 0.999674354730757 0.999700721884288 0.999250405101814 1.000000000000000 -0.002030138358084 -0.001931779939458 -0.001995746401784 -0.002040326254363 -0.001842934300772 -0.001868495937643 -0.001746650743030 -0.001878169885226 NaN 0.985252856274674 0.999896443917116 0.981718313728343 0.996607122123329 0.958756758017008 -0.002042466582442 -0.001993165792795 -0.002202374185087 -0.001967295721980 -0.001812471732810 -0.001813491121050 -0.001754378249313 -0.001838495941450 NaN 0.997788209054274 0.994923881926482 0.999569774655430 0.996507639612872 0.997674656855014 -0.002046981661300 -0.002037737190924 -0.001951965183793 -0.002057813493151 -0.001853902888299 -0.001897244162873 -0.001899783290212 -0.001983168392587 NaN 0.994639476031597 0.990203540255293 0.988458645198821 0.996285615882018 0.995085677159894 -0.002043367801012 -0.002067668442529 -0.002041816154474 -0.001974422555123 -0.001855115523891 -0.001883073346220 -0.001931595562871 -0.001852366216193 NaN 0.995262804908552 0.994912393042896 0.998407653907515 0.998663183509622 0.999738581424388 -0.002030810281146 -0.002022401147396 -0.001993193518384 -0.001900843946853 -0.001920208104666 -0.001927796698910 -0.001920397371082 -0.001930701202926 
NaN -0.002336822811576 -0.002175868521296 -0.002249212679506 -0.002285377530667 -0.002007974996249 0.997600711669043 0.997218088157679 0.999291203563609 0.999566784635984 0.998742146188045 0.999578576281613 0.998351085838373 0.997015106400672 NaN -0.002404059225179 -0.002380025577888 -0.002334705786474 -0.002279463464548 -0.002109430448442 0.999360360797908 0.996850472941257 0.999346212123008 0.998446040683390 0.999364310535153 0.999784085775402 0.999661814888134 0.999305596708004 NaN -0.002185206910081 -0.002085629077700 -0.001898597718680 -0.002207722285060 -0.002030138358084 1.000000000000000 0.981385415038902 0.996546911670749 0.999118316468795 0.999575593539076 0.991718605954772 0.988677975917659 0.992643526936560 NaN -0.002203849648894 -0.002040332484671 -0.001782735468190 -0.002092150291970 -0.002951345719361 0.998271375348928 0.980395941451577 0.987396051920754 0.995423889219913 0.999347540298886 0.994596114795121 0.947754457230137 0.969348842322097 NaN -0.002182052963524 -0.002286938699502 -0.002200757429264 -0.002408461662056 -0.001704489260489 0.998768489910393 0.999951209874893 0.986799526632449 0.999350238152759 0.997217994674603 0.998667419915206 0.996136503943305 0.998462844311686 NaN -0.002221201433839 -0.002295316634684 -0.002400070848802 -0.002104558134667 -0.002033308251944 0.999060685009255 0.998276371931183 0.999535610976687 0.988058885568624 0.999316478639627 0.999759545343082 0.999731047330529 0.999156562479035 NaN -0.002368543458409 -0.002384892793002 -0.002327609430831 -0.002165927830181 -0.002188853543562 0.999356879538794 0.999101948583710 0.996134170976501 0.971616278386082 0.999166919780079 0.999590434470255 0.997970872029455 0.997413023956630 
NaN -0.002223605800804 -0.002070449604383 -0.002140240302609 -0.002174652998526 -0.001910690373018 0.966428930010296 0.992281970098679 0.974917222192809 0.983320353096550 0.989090260354218 0.985034866640366 0.990004765837049 0.992877572061993 NaN -0.002287584669280 -0.002264715431070 -0.002221591343706 -0.002169025463711 -0.002007230397748 0.976502974014493 0.963220228883137 0.983453402805114 0.989094823125998 0.974807486843837 0.983177600874675 0.983909275161198 0.986844703422533 NaN -0.002079335556440 -0.001984582182494 -0.001806612328387 -0.002100760081297 -0.001931779939458 0.981385415038903 1.000000000000000 0.962397660617622 0.972601542767824 0.985724814479592 0.997689866728347 0.998805481449349 0.997310826701594 NaN -0.002097075070949 -0.001941480169574 -0.001696363502072 -0.001990787449665 -0.002808355613973 0.969164809284771 0.998910580653616 0.944159931055479 0.994469525626180 0.974888732246345 0.995653503326665 0.991162162531526 0.998142950429932 NaN -0.002076334415821 -0.002176138530103 -0.002094132666641 -0.002291773811960 -0.001621908254342 0.989143579623486 0.979551992387778 0.999440522243928 0.985798356205419 0.992518578530873 0.989449872087099 0.994339052141084 0.990408293321525 NaN -0.002113586177167 -0.002184110561691 -0.002283789526231 -0.002002594143292 -0.001934796254747 0.987535358512796 0.969085691265594 0.977712572263387 0.998685272351391 0.986501074292587 0.982986715042731 0.978300386860831 0.987932335199539 NaN -0.002253789610185 -0.002269346833891 -0.002214838800256 -0.002060990531012 -0.002082805513736 0.987349827273356 0.988344009342165 0.994455176143630 0.998919246969874 0.987817010257039 0.985587082423880 0.991204433178940 0.992350751638878 
NaN -0.002297235407252 -0.002139007794636 -0.002211109451775 -0.002246661645195 -0.001973958502719 0.999718075469038 0.988214326449034 0.998612871543806 0.995358025494863 0.991734335148222 0.994642029608115 0.990810393148464 0.987629782632291 NaN -0.002363332789227 -0.002339706288643 -0.002295154246027 -0.002240847767471 -0.002073695228962 0.998021338619327 0.999689172863006 0.995172545836101 0.991326131052943 0.998624732647511 0.995693001820728 0.995250725254320 0.993521832860748 NaN -0.002148187984617 -0.002050297070001 -0.001866434152334 -0.002170321933479 -0.001995746401784 0.996546911670749 0.962397660617622 1.000000000000000 0.999080698006300 0.994266450424941 0.978103470522625 0.973324387082860 0.979417415821394 NaN -0.002166514902464 -0.002005767832774 -0.001752534688981 -0.002056707810364 -0.002901347869411 0.999525097464124 0.961819708583286 0.995284888645558 0.984302444214854 0.998535486537415 0.983007949881625 0.918632728000718 0.946120769300926 NaN -0.002145087468109 -0.002248196366744 -0.002163475067186 -0.002367660645760 -0.001675614026480 0.991753479969209 0.997237775855902 0.970168684696070 0.993714691497779 0.988139730404324 0.991460517571059 0.985674395960734 0.990643938672657 NaN -0.002183572736099 -0.002256432373874 -0.002359411978720 -0.002068905455572 -0.001998862595437 0.992716396543325 0.999492242330190 0.997695316822937 0.972413134495440 0.993659007479724 0.995720978304463 0.997659284551863 0.992700371641185 NaN -0.002328418684256 -0.002344491049746 -0.002288178107586 -0.002129235505745 -0.002151772841590 0.993261101241362 0.992498592371376 0.985563902674052 0.948924038469942 0.992848786275822 0.994358818562850 0.989710321435100 0.988410568241849 
NaN -0.002348549750448 -0.002186787739055 -0.002260499962167 -0.002296846300344 -0.002018051669551 0.999563235113125 0.993553186512519 0.999761441000738 0.998359772102886 0.996030789708465 0.997910591427527 0.995381553826132 0.993100476932719 NaN -0.002416123578299 -0.002391969322329 -0.002346422101423 -0.002290902555513 -0.002120016258286 0.999577166700447 0.999252461452847 0.998087979596653 0.995749538447598 0.999861724817252 0.998547557682290 0.998288861692535 0.997202758058524 NaN -0.002196172990919 -0.002096095444505 -0.001908125501137 -0.002218801355392 -0.002040326254363 0.999118316468795 0.972601542767824 0.999080698006300 1.000000000000000 0.997704482816795 0.985669334757144 0.981668752408911 0.986832149036902 NaN -0.002214909285075 -0.002050571538402 -0.001791681816093 -0.002102649384354 -0.002966156534571 0.999628926968596 0.971952391414387 0.992421412415229 0.990871061837090 0.999781463131853 0.989493800193003 0.933878985471309 0.958509547494334 NaN -0.002193003216830 -0.002298415303633 -0.002211801547679 -0.002420548108040 -0.001713042943407 0.996043509405292 0.999461893806794 0.979311435314752 0.997479366443407 0.993458080943808 0.995841108831640 0.991670697570625 0.995306661947930 NaN -0.002232348146935 -0.002306835282025 -0.002412115186949 -0.002115119493652 -0.002043512055784 0.996809326360406 0.999813654951930 0.999496956298487 0.981155684987817 0.997302148358292 0.998588030341748 0.999560382916596 0.996668330441204 NaN -0.002380429581830 -0.002396860962716 -0.002339290133954 -0.002176797162310 -0.002199837924396 0.997113661857831 0.996603708070161 0.991651077115050 0.960972892294237 0.996798106274193 0.997792163843529 0.994640541322730 0.993695430363898 
NaN -0.002121338625583 -0.001975226326767 -0.002041807239535 -0.002074637240713 -0.001822814677110 0.995692606397938 0.998679546186167 0.998259279583562 0.999587456310327 0.999680641568408 0.999955305176657 0.999506106532975 0.998644854004349 NaN -0.002182375003914 -0.002160557558424 -0.002119416816578 -0.002069268525194 -0.001914914672217 0.998542076790159 0.994469222684592 0.999461692071800 0.999408827897981 0.998374518065852 0.999819195300314 0.999839432720503 0.999899206169185 NaN -0.001983703599725 -0.001893308084484 -0.001723523347652 -0.002004142776532 -0.001842934300772 0.999575593539076 0.985724814479592 0.994266450424941 0.997704482816795 1.000000000000000 0.994660423662650 0.992227332262738 0.995316229196711 NaN -0.002000627245684 -0.001852188401843 -0.001618345040597 -0.001899227961527 -0.002679194862749 0.996521731610344 0.984947755337242 0.984241916347120 0.997238904063919 0.998456745152648 0.996877574702421 0.955399223421362 0.975134452949294 NaN -0.001980840486347 -0.002076054450325 -0.001997820167241 -0.002186371481246 -0.001547314108393 0.999597465270393 0.999301697891381 0.990375523523366 0.999637696594549 0.998833701612242 0.999675604187856 0.998013424180588 0.999467377260827 NaN -0.002016378979809 -0.002083659835472 -0.002178754405544 -0.001910491646494 -0.001845811890913 0.999641157520930 0.996584552844522 0.998870932031802 0.991472719009842 0.999924674157405 0.999824291182414 0.999154171222210 0.999880112130049 NaN -0.002150134233457 -0.002164975955647 -0.002112974833364 -0.001966202291259 -0.001987013968153 0.999849535825109 0.999766224321032 0.997895810442149 0.977030163219358 0.999878082426427 0.999955390403822 0.999264909220593 0.998906414214703 
NaN -0.002150761751303 -0.002002622863953 -0.002070127258970 -0.002103412614725 -0.001848097253293 0.981304852842103 0.998310207700048 0.987446137626140 0.993210854787094 0.996704640277278 0.994321532717184 0.997228034740339 0.998619156293622 NaN -0.002212644708777 -0.002190524653683 -0.002148813286664 -0.002097969434720 -0.001941474682235 0.988629394359144 0.978632499995354 0.993277758683596 0.996727911866509 0.987438625570370 0.993132638836853 0.993626235152439 0.995399837620541 NaN -0.002011217717322 -0.001919568409510 -0.001747428745654 -0.002031940387044 -0.001868495937643 0.991718605954772 0.997689866728347 0.978103470522625 0.985669334757144 0.994660423662650 1.000000000000000 0.999669303477956 0.999899376040591 NaN -0.002028376095519 -0.001877878393789 -0.001640791607597 -0.001925570395691 -0.002716355496288 0.982930501370313 0.997259015908455 0.964020774620449 0.998927538022814 0.987473343322246 0.999363929075153 0.980736963397476 0.992755892581509 NaN -0.002008314892347 -0.002104849481141 -0.002025530082687 -0.002216696617548 -0.001568775471040 0.996638344498599 0.990524515911850 0.999252834460319 0.994725618188766 0.998431230958891 0.996885320743639 0.999138023035289 0.997243058231708 NaN -0.002044346307377 -0.002112560353550 -0.002208973892436 -0.001936990308813 -0.001871413440175 0.995773652205759 0.983239119386239 0.989506485578415 0.999445312063559 0.995228064222592 0.993029367745437 0.989880335945201 0.995905180684410 NaN -0.002179956756417 -0.002195004334406 -0.002142281952660 -0.001993473664396 -0.002014574000809 0.995576108497516 0.996160006191912 0.999085645604100 0.993642154028978 0.995951078383964 0.994632333378869 0.997811398697345 0.998356880525589 
NaN -0.002010509916191 -0.001872031211234 -0.001935133623896 -0.001966248431368 -0.001727582263158 0.976683806357271 0.996587056348230 0.983626932304599 0.990178194515112 0.994601400669851 0.991729865534933 0.995264364466940 0.997154648904596 NaN -0.002068357466980 -0.002047679867480 -0.002008688511529 -0.001961160202804 -0.001814870521247 0.984859254103415 0.973852082133362 0.990263025390762 0.994493083755721 0.983662782311808 0.990266597012912 0.990806202803102 0.992990433583016 NaN -0.001880065591572 -0.001794392763302 -0.001633478379855 -0.001899436929629 -0.001746650743030 0.988677975917658 0.998805481449349 0.973324387082860 0.981668752408911 0.992227332262738 0.999669303477956 1.000000000000000 0.999466276593938 NaN -0.001896105066651 -0.001755421366326 -0.001533795082360 -0.001800003358119 -0.002539221119158 0.978812234720090 0.997895892752215 0.957411142178498 0.997673116055680 0.983844450733025 0.998718146587766 0.984553807229078 0.994897292913377 NaN -0.001877352060706 -0.001967591599283 -0.001893444643191 -0.002072145149535 -0.001466475140211 0.994489225258492 0.987264077470335 0.999615819320980 0.992058065797302 0.996922382926408 0.994880850973435 0.998024975584833 0.995425158923344 NaN -0.001911033856083 -0.001974799643331 -0.002064926025701 -0.001810678575195 -0.001749377994324 0.993289182081110 0.978823503651417 0.985905216456448 0.999353625832136 0.992795150123316 0.990143468745301 0.986457290103062 0.993829483479111 NaN -0.002037801106044 -0.002051867426846 -0.002002583087824 -0.001863478633793 -0.001883203010781 0.993203039984552 0.993915673388236 0.997908357678883 0.995768155279294 0.993697863797081 0.992071137420975 0.996034902995434 0.996794636520163 
NaN -0.002161897101414 -0.002012991240049 -0.002080845132202 -0.002114302819500 -0.001857665588764 0.982443563173154 0.998535317745111 0.988328334386482 0.993821605510881 0.997116339105558 0.994920287304675 0.997580241000414 0.998849341715772 NaN -0.002224100451603 -0.002201865872174 -0.002159938548797 -0.002108831457984 -0.001951526469842 0.989430936174531 0.980129850399636 0.993768865561228 0.997054279724816 0.988399331092594 0.993786652262282 0.994236608870778 0.995909441942506 NaN -0.002021630592397 -0.001929506779619 -0.001756475880170 -0.002042460551632 -0.001878169885226 0.992643526936560 0.997310826701594 0.979417415821393 0.986832149036902 0.995316229196711 0.999899376040591 0.999466276593938 1.000000000000000 NaN -0.002038877806351 -0.001887600918084 -0.001649286639182 -0.001935539840473 -0.002730419150460 0.984178046282629 0.996485262529416 0.964928816049476 0.999322885251008 0.988481072107372 0.999638228628960 0.979318775660053 0.991847846901246 NaN -0.002018712738341 -0.002115747125145 -0.002036017058577 -0.002228173338720 -0.001576897646406 0.997064453999387 0.991497438883254 0.999092771986529 0.995335756015340 0.998720101498088 0.997306896879835 0.999406948327446 0.997726475749504 NaN -0.002054930702356 -0.002123497919812 -0.002220410629984 -0.001947018879033 -0.001881102492831 0.996288730357010 0.984364722233301 0.990283208660817 0.999207257342075 0.995758700957666 0.993721503404371 0.990747368705949 0.996495152912301 NaN -0.002191243260696 -0.002206368745989 -0.002153373399476 -0.002003794671442 -0.002025004252699 0.996158063631603 0.996692715787697 0.999408584973855 0.992991312326132 0.996461182938874 0.995238791255515 0.998159007703845 0.998654079957863 
NaN NaN NaN NaN NaN NaN NaN NaN NaN NaN NaN NaN NaN NaN NaN NaN NaN NaN NaN NaN NaN NaN NaN NaN NaN NaN NaN NaN NaN NaN NaN NaN NaN NaN NaN NaN NaN NaN NaN NaN NaN NaN NaN NaN NaN NaN NaN NaN NaN NaN NaN NaN NaN NaN NaN NaN NaN NaN NaN NaN NaN NaN NaN NaN NaN NaN NaN NaN NaN NaN NaN NaN NaN NaN NaN NaN NaN NaN NaN NaN NaN NaN NaN NaN NaN NaN NaN NaN NaN NaN NaN NaN NaN NaN NaN NaN NaN NaN 
NaN 0.997652027718419 0.997669692732668 0.996900282639915 0.994252022011563 0.977064619770621 -0.002240505637031 -0.002206725644658 -0.002251404174076 -0.002238264668933 -0.002103697889289 -0.002022816401966 -0.002051802407274 -0.002096378804474 NaN 0.999876375135974 0.999282456252166 0.998426836621548 0.997246713369322 0.964171483470701 -0.002255690915818 -0.002206469161621 -0.002255801792440 -0.002177762378348 -0.002117023994557 -0.002124113268521 -0.002103761882496 -0.002093169627730 NaN 0.998270617131776 0.983016550227467 0.988104766914854 0.990316869622972 0.985252856274675 -0.002203849648894 -0.002097075070949 -0.002166514902464 -0.002214909285075 -0.002000627245684 -0.002028376095519 -0.001896105066651 -0.002038877806351 NaN 1.000000000000000 0.987244803912394 0.935983038286945 0.970223566968156 0.990949871597303 -0.002217232752964 -0.002163713480486 -0.002390823046720 -0.002135629805176 -0.001967558110548 -0.001968664724000 -0.001904493786534 -0.001995809112676 NaN 0.994163941797280 0.997340289127691 0.988720474239593 0.995858039067870 0.971810254016445 -0.002222134170109 -0.002212098685231 -0.002118987490595 -0.002233892841003 -0.002012534373921 -0.002059584198074 -0.002062340588974 -0.002152860640407 NaN 0.997362267422087 0.999339450270339 0.999634563850225 0.996245373584202 0.964502840008779 -0.002218211085411 -0.002244591041271 -0.002216526670325 -0.002143366454582 -0.002013850770173 -0.002044200838028 -0.002096874917951 -0.002010866214573 NaN 0.997069702382568 0.997314129065005 0.992949976618022 0.976120392096765 0.986554601222660 -0.002204579065881 -0.002195450394237 -0.002163743578450 -0.002063492002007 -0.002084513077851 -0.002092750999513 -0.002084718539080 -0.002095904030996 
NaN 0.995504089517972 0.995592672846843 0.996408483941003 0.998336060980244 0.998308823307401 -0.002074268739529 -0.002042995092616 -0.002084358647059 -0.002072194042641 -0.001947611600276 -0.001872731208106 -0.001899566563349 -0.001940835563392 NaN 0.988094348970399 0.992185955618541 0.994110168611335 0.996071443072703 0.993859974042493 -0.002088327329058 -0.002042757639633 -0.002088429979062 -0.002016180789224 -0.001959948959808 -0.001966512236921 -0.001947670845434 -0.001937864495215 NaN 0.994857168788545 0.999536391104163 0.999889565828852 0.999663458086237 0.999896443917116 -0.002040332484671 -0.001941480169574 -0.002005767832774 -0.002050571538402 -0.001852188401843 -0.001877878393789 -0.001755421366326 -0.001887600918084 NaN 0.987244803912394 1.000000000000000 0.979633607889735 0.995894264168804 0.962252458964793 -0.002052722613913 -0.002003174265528 -0.002213433175794 -0.001977174290869 -0.001821572869295 -0.001822597376286 -0.001763187675471 -0.001847727755765 NaN 0.998540516115329 0.996091421282597 0.999830853058358 0.997451835403842 0.996839741708141 -0.002057260364765 -0.002047969474252 -0.001961766771994 -0.002068146587522 -0.001863212066980 -0.001906770975213 -0.001909322852514 -0.001993126664424 NaN 0.995868347164145 0.991874704794294 0.990273443861590 0.997252458249643 0.993963115684020 -0.002053628357857 -0.002078051022494 -0.002052068919889 -0.001984336910656 -0.001864430791695 -0.001892529001293 -0.001941294867159 -0.001861667678636 NaN 0.996378225902348 0.996076538058477 0.999029037869889 0.998099529702009 0.999846791008039 -0.002041007781724 -0.002032556422392 -0.002003202130338 -0.001910388835130 -0.001929850228029 -0.001937476927601 -0.001930040444826 -0.001940396016280 
NaN 0.957576613367753 0.957677282028714 0.960520065693109 0.968152168598576 0.989358797856296 -0.001812387187038 -0.001785061915304 -0.001821203218818 -0.001810574425758 -0.001701720824501 -0.001636294266822 -0.001659741592173 -0.001695800279013 NaN 0.938444855032726 0.948170582722465 0.953577306409100 0.959247483749243 0.995685116029825 -0.001824670844911 -0.001784854441347 -0.001824760535098 -0.001761632983956 -0.001712500561915 -0.001718235209079 -0.001701772589811 -0.001693204315532 NaN 0.955004761712148 0.984661821919188 0.978786050174803 0.975631771205751 0.981718313728343 -0.001782735468190 -0.001696363502072 -0.001752534688981 -0.001791681816093 -0.001618345040597 -0.001640791607597 -0.001533795082360 -0.001649286639182 NaN 0.935983038286945 0.979633607889735 1.000000000000000 0.993219836117278 0.894717135078665 -0.001793561313008 -0.001750268566007 -0.001933981769443 -0.001727551152377 -0.001591594794663 -0.001592489955116 -0.001540580875790 -0.001614447562106 NaN 0.968395451553997 0.959090248201422 0.978040914899422 0.963876387587553 0.992099502929651 -0.001797526161605 -0.001789408268971 -0.001714088870822 -0.001807037971846 -0.001627976940778 -0.001666036429242 -0.001668266125730 -0.001741489499364 NaN 0.958807309814221 0.947485745541223 0.943610635477616 0.962780120121484 0.995550852153046 -0.001794352704541 -0.001815691947436 -0.001792990149469 -0.001733809473722 -0.001629041798487 -0.001653592539711 -0.001696201594544 -0.001626627535278 NaN 0.960006090714441 0.959074493493157 0.970988223174473 0.989934289746650 0.980874458787158 -0.001783325507322 -0.001775941152984 -0.001750292912816 -0.001669197525407 -0.001686201869377 -0.001692865679288 -0.001686368070833 -0.001695416225810 
NaN 0.984272861451238 0.984338239539536 0.986027650007143 0.990428799640254 0.999278426215761 -0.002126948417296 -0.002094880521494 -0.002137294575653 -0.002124821029857 -0.001997074598760 -0.001920292488237 -0.001947809374200 -0.001990126472584 NaN 0.971944871714430 0.978397749063311 0.981791861302137 0.985252580214327 0.999413374982521 -0.002141364049263 -0.002094637037978 -0.002141469306243 -0.002067385222031 -0.002009725287087 -0.002016455250087 -0.001997135348552 -0.001987079948941 NaN 0.982723826754993 0.998052131070160 0.995583816351640 0.994356814314883 0.996607122123329 -0.002092150291970 -0.001990787449665 -0.002056707810364 -0.002102649384354 -0.001899227961527 -0.001925570395691 -0.001800003358119 -0.001935539840473 NaN 0.970223566968156 0.995894264168804 0.993219836117278 1.000000000000000 0.939098541631221 -0.002104855090186 -0.002054048374947 -0.002269647177499 -0.002027388085517 -0.001867834894053 -0.001868885420189 -0.001807966906251 -0.001894654029551 NaN 0.990515337923899 0.985226314369802 0.995441540572254 0.988042853338331 0.999313596657521 -0.002109508085147 -0.002099981236241 -0.002011589265789 -0.002120670782546 -0.001910531591895 -0.001955196754688 -0.001957813441370 -0.002043745597464 NaN 0.985073829529714 0.977979923779443 0.975413421952343 0.987347991901673 0.999387536794432 -0.002105783837080 -0.002130826757944 -0.002104184794460 -0.002034732612546 -0.001911781268253 -0.001940593080963 -0.001990597441172 -0.001908947981112 NaN 0.985747737798501 0.985208373876346 0.991983273502548 0.999453576625834 0.996650292508274 -0.002092842739371 -0.002084176743007 -0.002054076947433 -0.001958906496476 -0.001978862145441 -0.001986682538371 -0.001979057193126 -0.001989675762405 
NaN 0.983275255745178 0.982988189771093 0.981549597501191 0.976047439826679 0.947713574909772 -0.003000434591522 -0.002955197187991 -0.003015029666404 -0.002997433537613 -0.002817224742849 -0.002708910080138 -0.002747727484369 -0.002807423189621 NaN 0.991422275574355 0.987646158653962 0.985670095169059 0.982202745714861 0.930051598514427 -0.003020770374214 -0.002954853711695 -0.003020918857685 -0.002916410235312 -0.002835070762317 -0.002844564558038 -0.002817310441108 -0.002803125532541 NaN 0.983435654172318 0.956776716824599 0.964014457662657 0.967867969039351 0.958756758017008 -0.002951345719361 -0.002808355613973 -0.002901347869411 -0.002966156534571 -0.002679194862749 -0.002716355496288 -0.002539221119158 -0.002730419150460 NaN 0.990949871597303 0.962252458964793 0.894717135078665 0.939098541631221 1.000000000000000 -0.002969268070339 -0.002897596268312 -0.003201736274627 -0.002859987244053 -0.002634909423188 -0.002636391374951 -0.002550455103531 -0.002672742527746 NaN 0.975361589881158 0.981725133851636 0.965158786387619 0.978200948137284 0.939003192827346 -0.002975831937577 -0.002962392642682 -0.002837700231903 -0.002991578884301 -0.002695140620197 -0.002758148683010 -0.002761839979504 -0.002883062389776 NaN 0.982578446010615 0.988137376294128 0.989837383983753 0.978433350230313 0.930463900810536 -0.002970578231076 -0.003005905672692 -0.002968322500401 -0.002870347990357 -0.002696903508352 -0.002737547634366 -0.002808087573595 -0.002692906658839 NaN 0.981223546456452 0.981879204013149 0.972712707044008 0.945998213645293 0.962038837282910 -0.002952322538131 -0.002940097627056 -0.002897636574826 -0.002763381925856 -0.002791532876280 -0.002802564915080 -0.002791808025323 -0.002806787383693 
NaN -0.002351013408878 -0.002189081707086 -0.002262871255253 -0.002299255721200 -0.002020168631309 0.999425658217051 0.991505933223005 0.999369950074551 0.997057134539297 0.994454730033191 0.996691988823830 0.993658068961826 0.991101889878915 NaN -0.002418658122530 -0.002394478528440 -0.002348883527922 -0.002293305741305 -0.002122240182189 0.998829110930092 0.999240890968770 0.996924972004762 0.993918976893289 0.999289239826318 0.997474375034637 0.997086310510283 0.995877108764739 NaN -0.002198476804198 -0.002098294275171 -0.001910127148951 -0.002221128906112 -0.002042466582442 0.998271375348928 0.969164809284771 0.999525097464124 0.999628926968596 0.996521731610344 0.982930501370313 0.978812234720090 0.984178046282629 NaN -0.002217232752964 -0.002052722613913 -0.001793561313008 -0.002104855090186 -0.002969268070339 1.000000000000000 0.967929821661088 0.992366648113063 0.988169489575115 0.999258315776590 0.987479609200041 0.928289716315244 0.953820561705922 NaN -0.002195303704976 -0.002300826370393 -0.002214121755512 -0.002423087293659 -0.001714839947148 0.994565539970669 0.998672202062084 0.975992008688201 0.995782513788688 0.991557648786542 0.994280033138993 0.989596411097750 0.993804250334479 NaN -0.002234689908411 -0.002309255181449 -0.002414645526326 -0.002117338280786 -0.002045655725809 0.995077940486016 0.999495326741986 0.998638809241879 0.977674221998879 0.995907986669638 0.997427966397650 0.998749907538542 0.995404791528884 NaN -0.002382926682607 -0.002399375300219 -0.002341744078929 -0.002179080650099 -0.002202145582237 0.995800460092717 0.995196263308992 0.989565164204435 0.956820639143191 0.995390371383443 0.996510920662502 0.992835729951145 0.991795917129619 
NaN -0.002294264956528 -0.002136241940849 -0.002208250366611 -0.002243756589106 -0.001971406066672 0.966483282212546 0.992302579448916 0.974778938966160 0.983562467248025 0.988793820276288 0.984659602132716 0.989800444594078 0.992487382662053 NaN -0.002360276870982 -0.002336680920753 -0.002292186486359 -0.002237950229043 -0.002071013827886 0.976793460664529 0.962446728827820 0.983879990519063 0.989360044859785 0.974548487609679 0.982852603690033 0.983787291139641 0.986538054928572 NaN -0.002145410260344 -0.002047645924021 -0.001864020751138 -0.002167515588802 -0.001993165792795 0.980395941451577 0.998910580653616 0.961819708583286 0.971952391414387 0.984947755337242 0.997259015908455 0.997895892752215 0.996485262529416 NaN -0.002163713480486 -0.002003174265528 -0.001750268566007 -0.002054048374947 -0.002897596268312 0.967929821661088 1.000000000000000 0.947461087753357 0.993911033762939 0.974289107479073 0.994322374381890 0.990860372261278 0.997944343214332 NaN -0.002142313752973 -0.002245289326176 -0.002160677575881 -0.002364599131361 -0.001673447366119 0.988772288149341 0.978672368753777 0.998650373887708 0.985704231378114 0.992080451227487 0.988976227424872 0.993470846955310 0.989431289436516 NaN -0.002180749257411 -0.002253514683699 -0.002356361130297 -0.002066230247935 -0.001996277957039 0.987562740697080 0.969051139938263 0.977888319855908 0.998879616434041 0.986232816489885 0.982707582982020 0.978026364011655 0.986866420206978 NaN -0.002325407911854 -0.002341459494899 -0.002285219368446 -0.002126482288061 -0.002148990481901 0.986742979556354 0.987782429061667 0.993516507891547 0.997709066181161 0.987337052141837 0.985155613394754 0.990824481113896 0.991868291680433 
NaN -0.002535077579735 -0.002360468015574 -0.002440034652017 -0.002479267709354 -0.002178330495766 0.995511773094598 0.977545244352773 0.992335527859864 0.987781847071654 0.981604902312458 0.985502029478596 0.980497971175063 0.976073940616661 NaN -0.002608018293863 -0.002581945645091 -0.002532780947381 -0.002472851897103 -0.002288393372986 0.992131364851195 0.994621819049789 0.987790702522016 0.982170346391566 0.992178898194466 0.987228059640025 0.986878618210702 0.984003316536977 NaN -0.002370598668151 -0.002262572706980 -0.002059673709841 -0.002395024235218 -0.002202374185087 0.987396051920754 0.944159931055478 0.995284888645558 0.992421412415229 0.984241916347120 0.964020774620449 0.957411142178498 0.964928816049475 NaN -0.002390823046720 -0.002213433175794 -0.001933981769443 -0.002269647177499 -0.003201736274627 0.992366648113063 0.947461087753357 1.000000000000000 0.971669363893906 0.991406018823058 0.968334787327226 0.896302784093366 0.927346164386859 NaN -0.002367177142494 -0.002480961326899 -0.002387468484869 -0.002612794231074 -0.001849097196312 0.981495612810076 0.988750122566967 0.953922469283935 0.985097419466831 0.976460396812526 0.980890090935813 0.972672376971573 0.978969556710101 NaN -0.002409646947601 -0.002490050041515 -0.002603691545816 -0.002283107694778 -0.002205813011007 0.983665084646750 0.994608526014874 0.991405479292251 0.958333915576746 0.984268074043198 0.987303295483671 0.990397736600055 0.981574063996362 NaN -0.002569489388881 -0.002587225792071 -0.002525082540810 -0.002349683961665 -0.002374554680020 0.983153879631697 0.982147927218400 0.972395418872619 0.928587852483727 0.982779137035044 0.985044089120020 0.978721966944387 0.976867731184585 
NaN -0.002264486803046 -0.002108514829293 -0.002179588629807 -0.002214634003287 -0.001945818423771 0.987126772417250 0.999302165680412 0.991798900445711 0.996335347176583 0.998442585133349 0.996964424317844 0.998741365905495 0.999360903052316 NaN -0.002329641923295 -0.002306352234042 -0.002262435310146 -0.002208903006220 -0.002044133337272 0.992866350034353 0.985410210236069 0.996052592138415 0.998506772857851 0.992048763817280 0.996153063656737 0.996528420076922 0.997625578900518 NaN -0.002117564149617 -0.002021068734482 -0.001839826903839 -0.002139382564456 -0.001967295721980 0.995423889219913 0.994469525626180 0.984302444214854 0.990871061837090 0.997238904063919 0.998927538022814 0.997673116055680 0.999322885251008 NaN -0.002135629805176 -0.001977174290869 -0.001727551152377 -0.002027388085517 -0.002859987244053 0.988169489575115 0.993911033762939 0.971669363893906 1.000000000000000 0.992060150246990 0.999174149124204 0.972904276886274 0.987711186238083 NaN -0.002114507833015 -0.002216146846369 -0.002132633304753 -0.002333908083382 -0.001651727044597 0.998372399967521 0.994586928274014 0.997386538543098 0.997623137620450 0.999304464864984 0.998544488323013 0.999566241282539 0.998761649512996 NaN -0.002152444468154 -0.002224265443792 -0.002325777006525 -0.002039411845257 -0.001970367492239 0.998211239859858 0.988834279417815 0.993564242253972 0.997981003323523 0.997591303494098 0.996205821242171 0.993937271025356 0.997947838127375 NaN -0.002295225541893 -0.002311068785224 -0.002255558621155 -0.002098881850818 -0.002121097902093 0.997873524606009 0.998223694058639 0.999664744774320 0.988914708997229 0.998033800374329 0.997259097314823 0.999097883535868 0.999313048706172 
NaN -0.002086274205747 -0.001942577053163 -0.002008057424485 -0.002040344765981 -0.001792684674125 0.999147392210576 0.994592487869753 0.999709731700591 0.998754253965109 0.996938356378108 0.998633085162453 0.996413513636800 0.994321365772934 NaN -0.002146301690369 -0.002124844873804 -0.002084384163060 -0.002035064792020 -0.001883262313086 0.999603440466700 0.998621757886423 0.998512939930394 0.996613797494673 0.999927924408420 0.999065399682761 0.998863456455286 0.997960597805169 NaN -0.001950914202025 -0.001862012868928 -0.001695034569137 -0.001971015531839 -0.001812471732810 0.999347540298886 0.974888732246345 0.998535486537415 0.999781463131853 0.998456745152648 0.987473343322246 0.983844450733025 0.988481072107372 NaN -0.001967558110548 -0.001821572869295 -0.001591594794663 -0.001867834894053 -0.002634909423188 0.999258315776591 0.974289107479073 0.991406018823058 0.992060150246990 1.000000000000000 0.991020757307130 0.937717927673074 0.961542340978127 NaN -0.001948098414146 -0.002041738549992 -0.001964797431382 -0.002150232108393 -0.001521737959983 0.996804559981623 0.999597464114343 0.981274385136054 0.998035764701741 0.994688887632727 0.996807188555212 0.993002154685281 0.996204105407500 NaN -0.001983049478218 -0.002049218222811 -0.002142740938258 -0.001878912397251 -0.001815301758160 0.997459476744001 0.999468379750253 0.999639194119151 0.983019044223616 0.998120602726020 0.999155388332086 0.999812550311870 0.997555247766731 NaN -0.002114593839973 -0.002129190237644 -0.002078048661858 -0.001933702179399 -0.001954169852104 0.997736233494672 0.997299962981582 0.992826977976027 0.963752209464109 0.997615095780345 0.998461194981210 0.995699997323962 0.994842378910405 
NaN -0.002087447588676 -0.001943669616521 -0.002009186815960 -0.002041492316821 -0.001793692933532 0.985432725851257 0.998935251439882 0.990807970631320 0.995299036239995 0.998128076602488 0.996466336428277 0.998445505055771 0.999292754926342 NaN -0.002147508834548 -0.002126039950028 -0.002085556482972 -0.002036209373245 -0.001884321516062 0.991586806678626 0.983401195455326 0.995285069574980 0.997820982132547 0.990837925302203 0.995473879466465 0.995813297819936 0.997244252046606 NaN -0.001952011454445 -0.001863060120583 -0.001695987907209 -0.001972124089847 -0.001813491121050 0.994596114795121 0.995653503326665 0.983007949881624 0.989493800193003 0.996877574702421 0.999363929075153 0.998718146587766 0.999638228628960 NaN -0.001968664724000 -0.001822597376286 -0.001592489955116 -0.001868885420189 -0.002636391374951 0.987479609200040 0.994322374381889 0.968334787327226 0.999174149124204 0.991020757307130 1.000000000000000 0.974899573816842 0.988775109660653 NaN -0.001949194082883 -0.002042886884737 -0.001965902492144 -0.002151441463157 -0.001522593830865 0.998092150192546 0.993567075844380 0.997811541945359 0.996393107283705 0.999334004685518 0.998327109941777 0.999731302580530 0.998705223754091 NaN -0.001984164804477 -0.002050370764348 -0.002143946079764 -0.001879969153705 -0.001816322738091 0.997242967051955 0.987149628962531 0.992322970042843 0.997885410286723 0.997100312203120 0.995410103164378 0.992891012465055 0.997857499944979 NaN -0.002115783150710 -0.002130387757831 -0.002079217418495 -0.001934789751263 -0.001955268935598 0.997441808534017 0.997856349428354 0.999685138054624 0.990402729774975 0.997690419374461 0.996681078311038 0.998888628387068 0.999227026423681 
NaN -0.002019404784311 -0.001880313423923 -0.001943695013343 -0.001974947478484 -0.001735225406956 0.924984333575312 0.968086547555266 0.937705058623605 0.951687110239471 0.961694737682955 0.954401740363658 0.963533507888804 0.969185364298995 NaN -0.002077508263375 -0.002056739182346 -0.002017575321418 -0.001969836738655 -0.001822899844461 0.940495474199603 0.919932996259421 0.952004586707972 0.962136077827192 0.937618884503508 0.951196205266803 0.952533990081466 0.957533617952022 NaN -0.001888383349848 -0.001802331489123 -0.001640705190650 -0.001907840390291 -0.001754378249313 0.947754457230137 0.991162162531526 0.918632728000718 0.933878985471309 0.955399223421362 0.980736963397476 0.984553807229078 0.979318775660053 NaN -0.001904493786534 -0.001763187675471 -0.001540580875790 -0.001807966906251 -0.002550455103531 0.928289716315244 0.990860372261278 0.896302784093366 0.972904276886274 0.937717927673074 0.974899573816842 1.000000000000000 0.997014295988008 NaN -0.001885657813819 -0.001976296588822 -0.001901821592869 -0.002081312703339 -0.001472963097752 0.961604415262445 0.944835420212860 0.986817905796336 0.956107115469422 0.968317215482602 0.962283780635983 0.972006154524706 0.963779957267009 NaN -0.001919488623695 -0.001983536522592 -0.002074061640765 -0.001818689352463 -0.001757117566473 0.959034936100910 0.928873179608151 0.942451295911945 0.985058734604558 0.957042682860600 0.950937853360570 0.943154316110539 0.959250594922796 NaN -0.002046816715441 -0.002060945268250 -0.002011442886188 -0.001871723008296 -0.001891534649580 0.958165834378445 0.959987074174936 0.972055036802897 0.996120177045785 0.959212883975821 0.955288330807818 0.965692681433863 0.967956397467157 
NaN -0.002116229782006 -0.001970469367076 -0.002036889932286 -0.002069640868604 -0.001818424772103 0.951406375706481 0.984405007488294 0.961497632204794 0.972399053829007 0.979821078512241 0.974414885375555 0.981156052159236 0.985177467022003 NaN -0.002177119165744 -0.002155354263452 -0.002114312601315 -0.002064285082623 -0.001910302961760 0.963737562078260 0.947295142390945 0.972550473770460 0.980186402042936 0.961502627973172 0.972022100955738 0.973031610035301 0.976737290517327 NaN -0.001978926224123 -0.001888748409413 -0.001719372567066 -0.001999316177032 -0.001838495941450 0.969348842322097 0.998142950429932 0.946120769300926 0.958509547494334 0.975134452949294 0.992755892581509 0.994897292913377 0.991847846901246 NaN -0.001995809112676 -0.001847727755765 -0.001614447562106 -0.001894654029551 -0.002672742527746 0.953820561705922 0.997944343214332 0.927346164386859 0.987711186238083 0.961542340978127 0.988775109660653 0.997014295988008 1.000000000000000 NaN -0.001976070006013 -0.002071054665134 -0.001993008794551 -0.002181106018314 -0.001543587694491 0.979717198828814 0.967129507373128 0.996223919643083 0.975828791218679 0.984495811894923 0.980233449486803 0.987061156117003 0.981272528099512 NaN -0.002011522911723 -0.002078641734148 -0.002173507286901 -0.001905890588059 -0.001841366601458 0.977938924990497 0.954543540712702 0.965308134967676 0.995292980168383 0.976390850337246 0.971826887861721 0.965835537491865 0.977958774539365 NaN -0.002144956041095 -0.002159762019799 -0.002107886132402 -0.001961467064254 -0.001982228620154 0.977203348610015 0.978537816991978 0.987074816292965 0.999643701648407 0.977991011614121 0.975105714683559 0.982698981431902 0.984299071312767 
NaN NaN NaN NaN NaN NaN NaN NaN NaN NaN NaN NaN NaN NaN NaN NaN NaN NaN NaN NaN NaN NaN NaN NaN NaN NaN NaN NaN NaN NaN NaN NaN NaN NaN NaN NaN NaN NaN NaN NaN NaN NaN NaN NaN NaN NaN NaN NaN NaN NaN NaN NaN NaN NaN NaN NaN NaN NaN NaN NaN NaN NaN NaN NaN NaN NaN NaN NaN NaN NaN NaN NaN NaN NaN NaN NaN NaN NaN NaN NaN NaN NaN NaN NaN NaN NaN NaN NaN NaN NaN NaN NaN NaN NaN NaN NaN NaN NaN 
NaN 0.999146639034810 0.999177031833771 0.999521415060254 0.999954996156314 0.994226956807873 -0.002218346413752 -0.002184900514890 -0.002229137161238 -0.002216127609452 -0.002082891732648 -0.002002810185708 -0.002031509511370 -0.002075645035615 NaN 0.994857764436712 0.997396898077123 0.998491164548587 0.999386046197404 0.987045152393347 -0.002233381505913 -0.002184646568542 -0.002233491285935 -0.002156223703332 -0.002096086039033 -0.002103105198108 -0.002082955092945 -0.002072467598521 NaN 0.998749819148308 0.997042571710289 0.998824700646056 0.999424579802672 0.997788209054274 -0.002182052963524 -0.002076334415821 -0.002145087468109 -0.002193003216830 -0.001980840486347 -0.002008314892347 -0.001877352060706 -0.002018712738341 NaN 0.994163941797280 0.998540516115329 0.968395451553997 0.990515337923899 0.975361589881158 -0.002195303704976 -0.002142313752973 -0.002367177142494 -0.002114507833015 -0.001948098414146 -0.001949194082883 -0.001885657813819 -0.001976070006013 NaN 1.000000000000000 0.999358674138080 0.999023061108937 0.999757416214015 0.991345861223043 -0.002200156645743 -0.002190220414599 -0.002098030115549 -0.002211799020115 -0.001992629849778 -0.002039214338096 -0.002041943467524 -0.002131568250498 NaN 0.999304514061607 0.997232971536556 0.996271427770216 0.999679156059192 0.987231692317628 -0.002196272361443 -0.002222391412210 -0.002194604605690 -0.002122167964808 -0.001993933226504 -0.002023983123756 -0.002076136242393 -0.001990978188988 NaN 0.999474718694749 0.999361207462661 0.999896348937622 0.993745016079028 0.998370823681151 -0.002182775166374 -0.002173736779829 -0.002142343553260 -0.002043083492762 -0.002063896664325 -0.002072053110654 -0.002064100093486 -0.002075174957779 
NaN 0.999953025244022 0.999960333398891 0.999945516350029 0.999400366056486 0.989933299464016 -0.002324976683572 -0.002289923125420 -0.002336286114844 -0.002322651226992 -0.002183011040472 -0.002099080177255 -0.002129159006505 -0.002175416013144 NaN 0.997788313946577 0.999319749192969 0.999749662033902 0.999964895240789 0.980899491886816 -0.002340734474372 -0.002289656972517 -0.002340849531240 -0.002259867892469 -0.002196839563605 -0.002204196115804 -0.002183077446337 -0.002172085844730 NaN 0.999881138893585 0.993750000112822 0.996597256391788 0.997752378506542 0.994923881926482 -0.002286938699502 -0.002176138530103 -0.002248196366744 -0.002298415303633 -0.002076054450325 -0.002104849481141 -0.001967591599283 -0.002115747125145 NaN 0.997340289127691 0.996091421282597 0.959090248201422 0.985226314369802 0.981725133851636 -0.002300826370393 -0.002245289326176 -0.002480961326899 -0.002216146846369 -0.002041738549992 -0.002042886884737 -0.001976296588822 -0.002071054665134 NaN 0.999358674138080 1.000000000000000 0.996970191367991 0.999815161847449 0.986223490325230 -0.002305912579680 -0.002295498739177 -0.002198877086934 -0.002318114573375 -0.002088410498470 -0.002137234184656 -0.002140094496394 -0.002234027314728 NaN 0.999950360881696 0.999206675237750 0.998661857614533 0.999851824554672 0.981131594538627 -0.002301841587713 -0.002329216114817 -0.002300093667183 -0.002224175181214 -0.002089776525200 -0.002121270844582 -0.002175930830982 -0.002086679446547 NaN 0.999986503416056 0.999991691284612 0.998933216806195 0.989303203970891 0.995821444689767 -0.002287695616807 -0.002278222778009 -0.002245320558886 -0.002141289319745 -0.002163102927528 -0.002171651433486 -0.002163316135011 -0.002174923339862 
NaN 0.996451541381250 0.996498453741304 0.997240326732118 0.998948392823348 0.997879786606036 -0.002237361985414 -0.002203629389721 -0.002248245230731 -0.002235124161616 -0.002100746192511 -0.002019978189936 -0.002048923525004 -0.002093437377097 NaN 0.989624789729421 0.993441320554036 0.995176493529421 0.996920085621360 0.992977898765036 -0.002252525957749 -0.002203373266555 -0.002252636678800 -0.002174706761746 -0.002114053599932 -0.002121132926941 -0.002100810095929 -0.002090232703146 NaN 0.995811671798508 0.999376577941225 0.999898432354421 0.999923076348465 0.999569774655430 -0.002200757429264 -0.002094132666641 -0.002163475067186 -0.002211801547679 -0.001997820167241 -0.002025530082687 -0.001893444643191 -0.002036017058577 NaN 0.988720474239593 0.999830853058358 0.978040914899423 0.995441540572254 0.965158786387619 -0.002214121755512 -0.002160677575881 -0.002387468484869 -0.002132633304753 -0.001964797431382 -0.001965902492144 -0.001901821592869 -0.001993008794551 NaN 0.999023061108937 0.996970191367991 1.000000000000000 0.998191592354192 0.996008308466786 -0.002219016295482 -0.002208994891385 -0.002116014340989 -0.002230758467795 -0.002009710588596 -0.002056694397179 -0.002059446920589 -0.002149839963413 NaN 0.996786299714275 0.993149764171173 0.991670002393615 0.997937749276246 0.993096686861575 -0.002215098715262 -0.002241441657427 -0.002213416663576 -0.002140359098872 -0.002011025137813 -0.002041332621513 -0.002093932794478 -0.002008044769841 NaN 0.997207453216382 0.996951343363159 0.999483585871794 0.997639810223167 0.999892966789112 -0.002201485822807 -0.002192369959595 -0.002160707631614 -0.002060596718075 -0.002081588299265 -0.002089814662307 -0.002081793472212 -0.002092963269774 
NaN 0.999639805856649 0.999634382319095 0.999796386985721 0.999793443977487 0.992279098518741 -0.002448520902103 -0.002411604673895 -0.002460431292024 -0.002446071875803 -0.002299011512625 -0.002210620745367 -0.002242297898368 -0.002291012902017 NaN 0.996396563251162 0.998477149292280 0.999167257791135 0.999745759601751 0.984214188648937 -0.002465116027730 -0.002411324378203 -0.002465237198470 -0.002379952371048 -0.002313574853485 -0.002321322316913 -0.002299081447153 -0.002287505775676 NaN 0.999456063138314 0.995530909986309 0.997851574300561 0.998763673285775 0.996507639612872 -0.002408461662056 -0.002291773811960 -0.002367660645760 -0.002420548108040 -0.002186371481246 -0.002216696617548 -0.002072145149535 -0.002228173338720 NaN 0.995858039067870 0.997451835403842 0.963876387587553 0.988042853338331 0.978200948137284 -0.002423087293659 -0.002364599131361 -0.002612794231074 -0.002333908083382 -0.002150232108393 -0.002151441463157 -0.002081312703339 -0.002181106018314 NaN 0.999757416214015 0.999815161847448 0.998191592354192 1.000000000000000 0.988981561155411 -0.002428443773076 -0.002417476563675 -0.002315720646386 -0.002441294154252 -0.002199384102991 -0.002250802173972 -0.002253814476472 -0.002352738681050 NaN 0.999681992134401 0.998283850266046 0.997533718593565 0.999935457871596 0.984416802036613 -0.002424156457425 -0.002452985607529 -0.002422315656189 -0.002342363026528 -0.002200822717420 -0.002233990576628 -0.002291555076158 -0.002197561066724 NaN 0.999866105718317 0.999808350532652 0.999583364417133 0.991755354983585 0.997273472872223 -0.002409258800305 -0.002399282595399 -0.002364632023710 -0.002255072790145 -0.002278045525736 -0.002287048280760 -0.002278270062602 -0.002290494049145 
NaN 0.985172204377717 0.985311987892907 0.986883199317667 0.991074153972278 0.999591643423552 -0.001732839532996 -0.001706713597297 -0.001741268619508 -0.001731106335789 -0.001627030438037 -0.001564475523465 -0.001586893720086 -0.001621369751759 NaN 0.973073442606403 0.979473354000795 0.982685193906785 0.986194470005018 0.999306154306277 -0.001744584047702 -0.001706515229598 -0.001744669801289 -0.001684312987347 -0.001637337040996 -0.001642819988230 -0.001627079931310 -0.001618887727952 NaN 0.983945523027159 0.998379238497069 0.996476288940415 0.994906000041428 0.997674656855014 -0.001704489260489 -0.001621908254342 -0.001675614026480 -0.001713042943407 -0.001547314108393 -0.001568775471040 -0.001466475140211 -0.001576897646406 NaN 0.971810254016445 0.996839741708141 0.992099502929651 0.999313596657521 0.939003192827346 -0.001714839947148 -0.001673447366119 -0.001849097196312 -0.001651727044597 -0.001521737959983 -0.001522593830865 -0.001472963097752 -0.001543587694491 NaN 0.991345861223042 0.986223490325230 0.996008308466786 0.988981561155411 1.000000000000000 -0.001718630774208 -0.001710869184752 -0.001638855637290 -0.001727725100704 -0.001556523253950 -0.001592912269878 -0.001595044102550 -0.001665053622304 NaN 0.985843756472655 0.978948786700983 0.976410717426333 0.988553380050708 0.999363346308172 -0.001715596603643 -0.001735999243849 -0.001714293852601 -0.001657710681380 -0.001557541373891 -0.001581014556256 -0.001621753453113 -0.001555233075332 NaN 0.986735772685859 0.986161122381583 0.992683587822455 0.999643348335595 0.997098248854207 -0.001705053402159 -0.001697993155201 -0.001673470644320 -0.001595934622078 -0.001612192626810 -0.001618563954822 -0.001612351533503 -0.001621002555070 
NaN -0.002356210561687 -0.002193920893498 -0.002267873560921 -0.002304338458408 -0.002024634418291 0.993652369722768 0.999644816831402 0.997034427399002 0.999297447429254 0.999955414101026 0.999564027395308 0.999890529223537 0.999526507734459 NaN -0.002424004810817 -0.002399771765289 -0.002354075972414 -0.002298375325481 -0.002126931608653 0.997534271572719 0.991906123702077 0.999316858872572 0.999864179898870 0.996920124607160 0.999299942721455 0.999427243510763 0.999845831991734 NaN -0.002203336759422 -0.002102932766786 -0.001914349678113 -0.002226038936097 -0.002046981661300 0.998768489910393 0.989143579623486 0.991753479969209 0.996043509405292 0.999597465270393 0.996638344498599 0.994489225258492 0.997064453999387 NaN -0.002222134170109 -0.002057260364765 -0.001797526161605 -0.002109508085147 -0.002975831937577 0.994565539970669 0.988772288149341 0.981495612810076 0.998372399967521 0.996804559981623 0.998092150192546 0.961604415262445 0.979717198828814 NaN -0.002200156645743 -0.002305912579680 -0.002219016295482 -0.002428443773076 -0.001718630774208 1.000000000000000 0.998302756099473 0.993111723728048 0.999534522321610 0.999567264769317 0.999930211953714 0.999044124139281 0.999868092337334 NaN -0.002239629916362 -0.002314360023475 -0.002419983344364 -0.002122018871102 -0.002050177854591 0.999812942456162 0.994748093963288 0.997910716859144 0.994147336333217 0.999738447463107 0.999191974086881 0.998034516821848 0.999755817057724 NaN -0.002388194382933 -0.002404679361878 -0.002346920740947 -0.002183897728164 -0.002207013647666 0.999901958202276 0.999963818972329 0.999025758945208 0.981375937212076 0.999906349004224 0.999678141741096 0.999833717301764 0.999666013394070 
NaN -0.002345569568097 -0.002184012823929 -0.002257631510224 -0.002293931726868 -0.002015490871353 0.998203466655195 0.996559185526935 0.999536641057836 0.999457187034992 0.998290433824231 0.999355964699394 0.997841962089471 0.996305885437108 NaN -0.002413057648422 -0.002388934042894 -0.002343444618943 -0.002287995524327 -0.002117326072551 0.999562872597012 0.997551323870212 0.999207880103664 0.998016122138535 0.999633741878763 0.999667728636739 0.999509692762393 0.998979861789709 NaN -0.002193386166417 -0.002093435612985 -0.001905704193288 -0.002215985816722 -0.002037737190924 0.999951209874893 0.979551992387778 0.997237775855902 0.999461893806794 0.999301697891380 0.990524515911850 0.987264077470335 0.991497438883254 NaN -0.002212098685231 -0.002047969474252 -0.001789408268971 -0.002099981236241 -0.002962392642682 0.998672202062084 0.978672368753777 0.988750122566967 0.994586928274014 0.999597464114343 0.993567075844380 0.944835420212860 0.967129507373128 NaN -0.002190220414599 -0.002295498739177 -0.002208994891385 -0.002417476563675 -0.001710869184752 0.998302756099472 1.000000000000000 0.985286091514495 0.999137864830824 0.996514392044042 0.998185477068813 0.995291356361167 0.997903623987552 NaN -0.002229515418120 -0.002303908033073 -0.002409054343503 -0.002112435521645 -0.002040918949735 0.998730222809053 0.998779716831848 0.999694993037690 0.986686133194134 0.999015699128494 0.999654428023993 0.999848453798879 0.998744782306308 NaN -0.002377408945700 -0.002393819476054 -0.002336321701554 -0.002174034924684 -0.002197046449292 0.998998457912519 0.998683290794097 0.995275967901519 0.969391088546957 0.998785746788391 0.999345202423349 0.997378790520701 0.996737955059258 
NaN -0.002246840345008 -0.002092083813485 -0.002162603757453 -0.002197376032979 -0.001930655251647 0.973919014665452 0.995623981274277 0.981206849750711 0.988492045588682 0.993115892213033 0.989835215800761 0.993850112344102 0.996042936252077 NaN -0.002311487731189 -0.002288379531413 -0.002244804838769 -0.002191689695832 -0.002028204026881 0.982678960184928 0.971140211252599 0.988475810298784 0.993189456325070 0.981233722499458 0.988306756723164 0.988935602335312 0.991289928515104 NaN -0.002101062615204 -0.002005319159537 -0.001825489691446 -0.002122711005760 -0.001951965183793 0.986799526632449 0.999440522243928 0.970168684696070 0.979311435314752 0.990375523523367 0.999252834460319 0.999615819320980 0.999092771986529 NaN -0.002118987490595 -0.001961766771994 -0.001714088870822 -0.002011589265789 -0.002837700231903 0.975992008688201 0.998650373887708 0.953922469283935 0.997386538543098 0.981274385136054 0.997811541945359 0.986817905796336 0.996223919643083 NaN -0.002098030115549 -0.002198877086934 -0.002116014340989 -0.002315720646386 -0.001638855637290 0.993111723728048 0.985286091514495 1.000000000000000 0.990658988560380 0.995740990878023 0.993384332336449 0.997089543898274 0.994089786262082 NaN -0.002135671122010 -0.002206932418593 -0.002307652932542 -0.002023519328020 -0.001955013016679 0.992010165007786 0.976284201386813 0.983746842455680 0.999714958323212 0.991052730590212 0.988194281994180 0.984238494124046 0.992112780943176 NaN -0.002277339546196 -0.002293059327943 -0.002237981737727 -0.002082525901886 -0.002104568830219 0.991703846375067 0.992501018914484 0.997189069484182 0.997022146612731 0.992090233389776 0.990315938858094 0.994784194491529 0.995646584415246 
NaN -0.002368678712766 -0.002205530270691 -0.002279874266905 -0.002316532122465 -0.002035347997212 0.995606528719411 0.998871220189472 0.998048334459013 0.999723726209446 0.999590845761205 0.999704813874560 0.999422885686054 0.998653049507862 NaN -0.002436831702729 -0.002412470425338 -0.002366532828075 -0.002310537434955 -0.002138186504570 0.998565976868399 0.994278634780367 0.999503758135211 0.999626209732658 0.998172659218945 0.999674049735601 0.999727801933735 0.999710835140378 NaN -0.002214995961720 -0.002114060670155 -0.001924479673026 -0.002237818269496 -0.002057813493151 0.999350238152759 0.985798356205419 0.993714691497778 0.997479366443407 0.999637696594549 0.994725618188766 0.992058065797302 0.995335756015340 NaN -0.002233892841003 -0.002068146587522 -0.001807037971846 -0.002120670782546 -0.002991578884301 0.995782513788688 0.985704231378114 0.985097419466831 0.997623137620450 0.998035764701741 0.996393107283705 0.956107115469422 0.975828791218679 NaN -0.002211799020115 -0.002318114573375 -0.002230758467795 -0.002441294154252 -0.001727725100704 0.999534522321611 0.999137864830824 0.990658988560380 1.000000000000000 0.998642926126949 0.999496566353285 0.997890037812548 0.999258374759361 NaN -0.002251481167949 -0.002326606717762 -0.002432788956237 -0.002133247770720 -0.002061026599455 0.999880904068540 0.996526605639898 0.998912063344929 0.992039393120656 0.999725042543482 0.999651254136061 0.998965458551020 0.999474191913339 NaN -0.002400831779971 -0.002417403991021 -0.002359339733903 -0.002195454066659 -0.002218692306628 0.999721233015856 0.999643083266929 0.997850283076103 0.977305823358186 0.999691306954957 0.999805219197123 0.999194834332138 0.998850688642338 
NaN -0.002133964191441 -0.001986982276418 -0.002053959458639 -0.002086984854054 -0.001833663518722 0.990394217575884 0.999863563812205 0.994627244788426 0.998029027164584 0.999637139065428 0.998686218943781 0.999795608137484 0.999931108654513 NaN -0.002195363839835 -0.002173416543509 -0.002132030944411 -0.002081584185565 -0.001926311665143 0.995357542241658 0.988427659037674 0.998028605998619 0.999531638280899 0.994654098832385 0.998046785693819 0.998322213591345 0.999168764460989 NaN -0.001995510003541 -0.001904576481534 -0.001733781237304 -0.002016070828146 -0.001853902888299 0.997217994674603 0.992518578530873 0.988139730404324 0.993458080943808 0.998833701612242 0.998431230958891 0.996922382926408 0.998720101498088 NaN -0.002012534373921 -0.001863212066980 -0.001627976940778 -0.001910531591895 -0.002695140620197 0.991557648786542 0.992080451227487 0.976460396812526 0.999304464864984 0.994688887632726 0.999334004685518 0.968317215482602 0.984495811894923 NaN -0.001992629849778 -0.002088410498470 -0.002009710588596 -0.002199384102991 -0.001556523253950 0.999567264769317 0.996514392044042 0.995740990878023 0.998642926126949 1.000000000000000 0.999705086004877 0.999806696269625 0.999707037802792 NaN -0.002028379857604 -0.002096061148569 -0.002191721692759 -0.001921862314908 -0.001856797604986 0.999199311649607 0.991772570508261 0.995903115802136 0.996517784075581 0.999102833355916 0.998021892473870 0.996209888393096 0.999306771698092 NaN -0.002162931182064 -0.002177861237695 -0.002125550620462 -0.001977904532580 -0.001998840074280 0.999192387761395 0.999428554066343 0.999727910944472 0.985904301917887 0.999386640870585 0.998811750823202 0.999921784550073 0.999961124608737 
NaN -0.002183852849869 -0.002033434733534 -0.002101977734798 -0.002135775210962 -0.001876531629314 0.993362945196130 0.999641771844068 0.996778221780680 0.999155703030616 0.999986544597589 0.999607899385050 0.999971028799786 0.999632152776247 NaN -0.002246687923515 -0.002224227534619 -0.002181874406625 -0.002130248283510 -0.001971345740725 0.997297832173756 0.991671658858643 0.999124478217181 0.999843818782970 0.996800544755660 0.999253388708029 0.999393867346085 0.999845811439971 NaN -0.002042161825233 -0.001949102423403 -0.001774314260437 -0.002063203328923 -0.001897244162873 0.998667419915206 0.989449872087099 0.991460517571059 0.995841108831640 0.999675604187856 0.996885320743639 0.994880850973435 0.997306896879835 NaN -0.002059584198074 -0.001906770975213 -0.001666036429242 -0.001955196754688 -0.002758148683010 0.994280033138993 0.988976227424872 0.980890090935813 0.998544488323013 0.996807188555212 0.998327109941777 0.962283780635983 0.980233449486803 NaN -0.002039214338096 -0.002137234184656 -0.002056694397179 -0.002250802173972 -0.001592912269878 0.999930211953714 0.998185477068813 0.993384332336449 0.999496566353285 0.999705086004877 1.000000000000000 0.999209806731719 0.999895690644372 NaN -0.002075800123737 -0.002145063694678 -0.002242960628884 -0.001966792371822 -0.001900206553391 0.999762622279421 0.994482089536740 0.997734527260322 0.994360070356610 0.999802936888295 0.999206778596978 0.997962682413946 0.999859794021722 NaN -0.002213497042250 -0.002228776138623 -0.002175242583101 -0.002024144766612 -0.002045569747682 0.999836802085309 0.999912663947629 0.999112796740578 0.981815176432133 0.999936879441720 0.999686530060579 0.999910284698340 0.999758665997402 
NaN -0.002186775552485 -0.002036156127979 -0.002104790861984 -0.002138633570121 -0.001879043036573 0.988123886080783 0.999651739897258 0.992886831022860 0.996876050722542 0.999087708718676 0.997735756505995 0.999312781062937 0.999864733261622 NaN -0.002249694719815 -0.002227204271642 -0.002184794461443 -0.002133099245849 -0.001973984039983 0.993665478472168 0.986147216937547 0.996828591770602 0.998933982364615 0.992930683905315 0.996973454464477 0.997247391568709 0.998372895815896 NaN -0.002044894899353 -0.001951710953895 -0.001776688867741 -0.002065964563393 -0.001899783290212 0.996136503943305 0.994339052141084 0.985674395960734 0.991670697570625 0.998013424180588 0.999138023035289 0.998024975584833 0.999406948327446 NaN -0.002062340588974 -0.001909322852514 -0.001668266125730 -0.001957813441370 -0.002761839979504 0.989596411097750 0.993470846955309 0.972672376971573 0.999566241282538 0.993002154685281 0.999731302580530 0.972006154524706 0.987061156117003 NaN -0.002041943467524 -0.002140094496394 -0.002059446920589 -0.002253814476472 -0.001595044102550 0.999044124139281 0.995291356361167 0.997089543898274 0.997890037812548 0.999806696269625 0.999209806731719 1.000000000000000 0.999440811233031 NaN -0.002078578216799 -0.002147934484837 -0.002245962436857 -0.001969424577197 -0.001902749645369 0.998494981324026 0.989668315357394 0.994342315908394 0.997499832671869 0.998258923752768 0.996892902618337 0.994723571244533 0.998768614736223 NaN -0.002216459418398 -0.002231758963152 -0.002178153762390 -0.002026853728071 -0.002048307382707 0.998530261528359 0.998843814498362 0.999950762491217 0.988492321504613 0.998726704657829 0.997952294124310 0.999609374027891 0.999819667024581 
NaN -0.002282757291167 -0.002125526893611 -0.002197174136649 -0.002232502265621 -0.001961517809764 0.992527615433985 0.999626740590162 0.996205902212247 0.998739655492684 0.999847276052327 0.999290373265294 0.999824187439492 0.999692112633265 NaN -0.002348438100437 -0.002324960503712 -0.002280689246271 -0.002226725029330 -0.002060625954409 0.996669790316291 0.990943029917074 0.998681772921659 0.999616100112730 0.996186358881948 0.998912648104903 0.999016795731582 0.999611726800521 NaN -0.002134649226284 -0.002037375260206 -0.001854671121764 -0.002156643677957 -0.001983168392587 0.998462844311686 0.990408293321525 0.990643938672657 0.995306661947930 0.999467377260827 0.997243058231708 0.995425158923344 0.997726475749504 NaN -0.002152860640407 -0.001993126664424 -0.001741489499364 -0.002043745597464 -0.002883062389776 0.993804250334479 0.989431289436516 0.978969556710101 0.998761649512996 0.996204105407500 0.998705223754091 0.963779957267010 0.981272528099512 NaN -0.002131568250498 -0.002234027314728 -0.002149839963413 -0.002352738681050 -0.001665053622304 0.999868092337334 0.997903623987552 0.994089786262082 0.999258374759361 0.999707037802792 0.999895690644372 0.999440811233031 1.000000000000000 NaN -0.002169810968605 -0.002242211415176 -0.002344542000480 -0.002055866368128 -0.001986264946714 0.999541953366436 0.993729910423773 0.997151902246649 0.994768334590476 0.999508500798081 0.998805752860117 0.997438722261890 0.999813508451937 NaN -0.002313744038420 -0.002329715109296 -0.002273757074305 -0.002115816193677 -0.002138211490024 0.999747212238141 0.999845887097783 0.999413469553175 0.983077051047408 0.999777846561076 0.999436798698088 0.999873803875441 0.999808225645912 
NaN NaN NaN NaN NaN NaN NaN NaN NaN NaN NaN NaN NaN NaN NaN NaN NaN NaN NaN NaN NaN NaN NaN NaN NaN NaN NaN NaN NaN NaN NaN NaN NaN NaN NaN NaN NaN NaN NaN NaN NaN NaN NaN NaN NaN NaN NaN NaN NaN NaN NaN NaN NaN NaN NaN NaN NaN NaN NaN NaN NaN NaN NaN NaN NaN NaN NaN NaN NaN NaN NaN NaN NaN NaN NaN NaN NaN NaN NaN NaN NaN NaN NaN NaN NaN NaN NaN NaN NaN NaN NaN NaN NaN NaN NaN NaN NaN NaN 
NaN 0.999967604832076 0.999978548910038 0.999964525324497 0.999358702753232 0.989665785383423 -0.002258146029151 -0.002224100073461 -0.002269130374714 -0.002255887417020 -0.002120261139591 -0.002038742840145 -0.002067957063803 -0.002112884428710 NaN 0.997898927050218 0.999347416444310 0.999823400400778 0.999973007424324 0.980559292949863 -0.002273450867679 -0.002223841571031 -0.002273562617277 -0.002194908767835 -0.002133692166587 -0.002140837257225 -0.002120325636642 -0.002109649984841 NaN 0.999817673459265 0.993580561667392 0.996399356109340 0.997606871220076 0.994639476031597 -0.002221201433839 -0.002113586177167 -0.002183572736099 -0.002232348146935 -0.002016378979809 -0.002044346307377 -0.001911033856083 -0.002054930702356 NaN 0.997362267422087 0.995868347164145 0.958807309814221 0.985073829529714 0.982578446010615 -0.002234689908411 -0.002180749257411 -0.002409646947601 -0.002152444468154 -0.001983049478218 -0.001984164804477 -0.001919488623695 -0.002011522911723 NaN 0.999304514061607 0.999950360881696 0.996786299714275 0.999681992134401 0.985843756472655 -0.002239629916362 -0.002229515418120 -0.002135671122010 -0.002251481167949 -0.002028379857604 -0.002075800123737 -0.002078578216799 -0.002169810968605 NaN 1.000000000000000 0.999293905973382 0.998768218828172 0.999714519413926 0.980785605868070 -0.002235675943658 -0.002262263599404 -0.002233978266502 -0.002160242031278 -0.002029706618366 -0.002060295644379 -0.002113384448286 -0.002026698564173 NaN 0.999930262288007 0.999950580144290 0.998809382999788 0.989011952014848 0.995644430470808 -0.002221936593816 -0.002212736048509 -0.002180779592348 -0.002079738695365 -0.002100925278501 -0.002109228060598 -0.002101132357408 -0.002112405917152 
NaN 0.999421222699814 0.999415216655139 0.999021899943191 0.997344217371964 0.983632910167058 -0.002333493966505 -0.002298311993701 -0.002344844828569 -0.002331159990884 -0.002191008248706 -0.002106769914488 -0.002136958934047 -0.002183385397875 NaN 0.999625135516172 0.999974666056296 0.999781138213115 0.999198066687238 0.972550338290786 -0.002349309484147 -0.002298044865777 -0.002349424962513 -0.002268146656883 -0.002204887431032 -0.002212270933108 -0.002191074897841 -0.002180043029774 NaN 0.999595529425418 0.988651046563781 0.992595902824819 0.994392358104533 0.990203540255293 -0.002295316634684 -0.002184110561691 -0.002256432373874 -0.002306835282025 -0.002083659835472 -0.002112560353550 -0.001974799643331 -0.002123497919812 NaN 0.999339450270339 0.991874704794294 0.947485745541223 0.977979923779443 0.988137376294128 -0.002309255181449 -0.002253514683699 -0.002490050041515 -0.002224265443792 -0.002049218222811 -0.002050370764348 -0.001983536522592 -0.002078641734148 NaN 0.997232971536556 0.999206675237750 0.993149764171173 0.998283850266046 0.978948786700983 -0.002314360023475 -0.002303908033073 -0.002206932418593 -0.002326606717762 -0.002096061148569 -0.002145063694678 -0.002147934484837 -0.002242211415176 NaN 0.999293905973382 1.000000000000000 0.999921297434368 0.998452300829640 0.972818187853040 -0.002310274117901 -0.002337748928416 -0.002308519794065 -0.002232323189512 -0.002097432179581 -0.002129041874755 -0.002183902101688 -0.002094323755138 NaN 0.999058525143990 0.999206261126711 0.996352265713241 0.982824441876788 0.991486369042312 -0.002296076324867 -0.002286568783422 -0.002253546030828 -0.002149133685285 -0.002171027204695 -0.002179607027115 -0.002171241193239 -0.002182890919741 
NaN 0.998963828763576 0.998932571227392 0.998434694822710 0.996418728205168 0.981410787168326 -0.002439990526900 -0.002403202910736 -0.002451859422344 -0.002437550032736 -0.002291002011549 -0.002202919187919 -0.002234485981233 -0.002283031267214 NaN 0.999881792848766 0.999878783270006 0.999488223737785 0.998664767872217 0.969722358503013 -0.002456527836950 -0.002402923591563 -0.002456648585545 -0.002371660881001 -0.002305514615346 -0.002313235087470 -0.002291071702434 -0.002279536359312 NaN 0.999192054983263 0.986778447901042 0.991058420501564 0.993041716594652 0.988458645198821 -0.002400070848802 -0.002283789526231 -0.002359411978720 -0.002412115186949 -0.002178754405544 -0.002208973892436 -0.002064926025701 -0.002220410629984 NaN 0.999634563850225 0.990273443861590 0.943610635477616 0.975413421952343 0.989837383983753 -0.002414645526326 -0.002356361130297 -0.002603691545816 -0.002325777006525 -0.002142740938258 -0.002143946079764 -0.002074061640765 -0.002173507286901 NaN 0.996271427770215 0.998661857614533 0.991670002393615 0.997533718593565 0.976410717426333 -0.002419983344364 -0.002409054343503 -0.002307652932542 -0.002432788956237 -0.002191721692759 -0.002242960628884 -0.002245962436857 -0.002344542000480 NaN 0.998768218828172 0.999921297434368 1.000000000000000 0.997713843951784 0.970001194603107 -0.002415710965245 -0.002444439677788 -0.002413876577155 -0.002334202493588 -0.002193155295214 -0.002226207601280 -0.002283571552480 -0.002189905007748 NaN 0.998484252750588 0.998673079100511 0.995260873263853 0.980542158863011 0.989855764347004 -0.002400865209909 -0.002390923760994 -0.002356393908053 -0.002247216366705 -0.002270109067833 -0.002279080458258 -0.002270332822438 -0.002282514221968 
NaN 0.999660951924700 0.999711070252170 0.999800178799183 0.999660288343078 0.991798438341129 -0.002139562636020 -0.002107304556267 -0.002149970153976 -0.002137422631758 -0.002008918579363 -0.001931681099857 -0.001959361179255 -0.002001929246177 NaN 0.996644626281653 0.998620866477900 0.999236647097990 0.999767116163925 0.983464075234061 -0.002154063762272 -0.002107059628732 -0.002154169643495 -0.002079646191392 -0.002021644294685 -0.002028414170841 -0.002008979689441 -0.001998864654622 NaN 0.999602262339344 0.995148702325270 0.997685713805526 0.998547903992577 0.996285615882018 -0.002104558134667 -0.002002594143292 -0.002068905455572 -0.002115119493652 -0.001910491646494 -0.001936990308813 -0.001810678575195 -0.001947018879033 NaN 0.996245373584202 0.997252458249643 0.962780120121484 0.987347991901673 0.978433350230313 -0.002117338280786 -0.002066230247935 -0.002283107694778 -0.002039411845257 -0.001878912397251 -0.001879969153705 -0.001818689352463 -0.001905890588059 NaN 0.999679156059192 0.999851824554672 0.997937749276246 0.999935457871596 0.988553380050708 -0.002122018871102 -0.002112435521645 -0.002023519328020 -0.002133247770720 -0.001921862314908 -0.001966792371822 -0.001969424577197 -0.002055866368128 NaN 0.999714519413926 0.998452300829640 0.997713843951784 1.000000000000000 0.983696654315581 -0.002118272535766 -0.002143463977807 -0.002116664009761 -0.002046799930215 -0.001923119402677 -0.001952102088599 -0.002002403007922 -0.001920269312259 NaN 0.999866688710440 0.999813497521613 0.999421477138995 0.991222806261802 0.996951676372409 -0.002105254688742 -0.002096537297255 -0.002066258989875 -0.001970524114847 -0.001990598114082 -0.001998464887143 -0.001990794318529 -0.002001475862987 
NaN 0.980030193626013 0.980088072270857 0.982018056482661 0.987080213939089 0.998605016872643 -0.002067127674788 -0.002035961693354 -0.002077182845893 -0.002065060120439 -0.001940906576833 -0.001866283974658 -0.001893026944085 -0.001934153867745 NaN 0.966209348727761 0.973421114103326 0.977178639254750 0.981177619095818 0.999986869474796 -0.002081137864949 -0.002035725057848 -0.002081240161560 -0.002009239703303 -0.001953201462657 -0.001959742144441 -0.001940965618027 -0.001931193028035 NaN 0.978330414599793 0.996526947289619 0.993565040085912 0.991649683157881 0.995085677159894 -0.002033308251944 -0.001934796254747 -0.001998862595437 -0.002043512055784 -0.001845811890913 -0.001871413440175 -0.001749377994324 -0.001881102492831 NaN 0.964502840008779 0.993963115684020 0.995550852153046 0.999387536794432 0.930463900810536 -0.002045655725809 -0.001996277957039 -0.002205813011007 -0.001970367492239 -0.001815301758160 -0.001816322738091 -0.001757117566473 -0.001841366601458 NaN 0.987231692317628 0.981131594538626 0.993096686861575 0.984416802036612 0.999363346308172 -0.002050177854591 -0.002040918949735 -0.001955013016679 -0.002061026599455 -0.001856797604986 -0.001900206553391 -0.001902749645369 -0.001986264946714 NaN 0.980785605868070 0.972818187853040 0.970001194603107 0.983696654315581 1.000000000000000 -0.002046558351557 -0.002070896936525 -0.002045004282251 -0.001977505453345 -0.001858012134009 -0.001886013610175 -0.001934611590271 -0.001855258533493 NaN 0.981762493847846 0.981107635819799 0.988903762229770 0.998753978528268 0.994650017719370 -0.002033981224159 -0.002025558960239 -0.001996305725920 -0.001903811958137 -0.001923206351489 -0.001930806794697 -0.001923395913428 -0.001933715833857 
NaN -0.002352050770742 -0.002190047618157 -0.002263869725247 -0.002300270245486 -0.002021060011124 0.994702262903369 0.999384395352276 0.997572634227186 0.999658364444162 0.999837812600445 0.999695899395479 0.999748879001166 0.999142881975761 NaN -0.002419725331968 -0.002395535068866 -0.002349919949997 -0.002294317640220 -0.002123176600085 0.998172384044592 0.993148568699149 0.999538392410364 0.999887752623209 0.997610964568603 0.999525799673797 0.999666840074585 0.999841860022637 NaN -0.002199446860765 -0.002099220127168 -0.001910969974029 -0.002222108957699 -0.002043367801012 0.999060685009255 0.987535358512797 0.992716396543325 0.996809326360406 0.999641157520930 0.995773652205759 0.993289182081110 0.996288730357010 NaN -0.002218211085411 -0.002053628357857 -0.001794352704541 -0.002105783837080 -0.002970578231076 0.995077940486016 0.987562740697080 0.983665084646750 0.998211239859858 0.997459476744001 0.997242967051955 0.959034936100910 0.977938924990497 NaN -0.002196272361443 -0.002301841587713 -0.002215098715262 -0.002424156457425 -0.001715596603643 0.999812942456162 0.998730222809052 0.992010165007785 0.999880904068540 0.999199311649607 0.999762622279421 0.998494981324026 0.999541953366436 NaN -0.002235675943658 -0.002310274117901 -0.002415710965245 -0.002118272535766 -0.002046558351557 1.000000000000000 0.995734986919129 0.998512175240404 0.993360838663554 0.999823383103399 0.999511026032666 0.998579889101140 0.999585059818824 NaN -0.002383978125893 -0.002400434001299 -0.002342777350791 -0.002180042148301 -0.002203117257617 0.999847316097160 0.999852376583327 0.998485984134538 0.979398655613058 0.999848103460081 0.999796141984218 0.999593374970891 0.999315750656683 
NaN -0.002380022407851 -0.002216092641499 -0.002290792674022 -0.002327626085487 -0.002045095358451 0.999931506257175 0.992022122064513 0.999596577702157 0.997692505414566 0.994754254419900 0.996955865850049 0.994031485857436 0.991409422244820 NaN -0.002448501785151 -0.002424023840648 -0.002377866246434 -0.002321602689184 -0.002148426363447 0.999406943512568 0.999532679138108 0.997464118431242 0.994604065336667 0.999656757281685 0.997765560486602 0.997491407316285 0.996121791379462 NaN -0.002225603664094 -0.002124184989465 -0.001933696081520 -0.002248535268795 -0.002067668442529 0.998276371931183 0.969085691265594 0.999492242330190 0.999813654951930 0.996584552844522 0.983239119386239 0.978823503651417 0.984364722233301 NaN -0.002244591041271 -0.002078051022494 -0.001815691947436 -0.002130826757944 -0.003005905672692 0.999495326741986 0.969051139938263 0.994608526014875 0.988834279417815 0.999468379750253 0.987149628962531 0.928873179608151 0.954543540712702 NaN -0.002222391412210 -0.002329216114817 -0.002241441657427 -0.002452985607529 -0.001735999243849 0.994748093963288 0.998779716831849 0.976284201386813 0.996526605639899 0.991772570508261 0.994482089536740 0.989668315357394 0.993729910423773 NaN -0.002262263599404 -0.002337748928416 -0.002444439677788 -0.002143463977807 -0.002070896936525 0.995734986919129 1.000000000000000 0.999224767349483 0.978532315628284 0.996247296284602 0.997811500666130 0.999120881814533 0.995290222954179 NaN -0.002412329457353 -0.002428981033371 -0.002370638704252 -0.002205968182132 -0.002229317710942 0.995913597130154 0.995324416104887 0.989608395563803 0.956821076978468 0.995587711021726 0.996783740134751 0.993126656456212 0.992037024223485 
NaN -0.002350264723495 -0.002188384589209 -0.002262150638933 -0.002298523518166 -0.002019525304172 0.998796246335069 0.996144922146426 0.999834042813050 0.999561474839391 0.997936700286972 0.999152925745682 0.997481150022338 0.995693754536313 NaN -0.002417887895539 -0.002393716001494 -0.002348135520804 -0.002292575433055 -0.002121564350142 0.999965107879719 0.997734669096520 0.999453575378099 0.997888253582384 0.999831816411302 0.999561377300940 0.999459688617465 0.998736538400677 NaN -0.002197776694432 -0.002097626068750 -0.001909518864766 -0.002220421582734 -0.002041816154474 0.999535610976687 0.977712572263387 0.997695316822937 0.999496956298487 0.998870932031802 0.989506485578415 0.985905216456448 0.990283208660817 NaN -0.002216526670325 -0.002052068919889 -0.001792990149469 -0.002104184794460 -0.002968322500401 0.998638809241879 0.977888319855908 0.991405479292251 0.993564242253972 0.999639194119151 0.992322970042843 0.942451295911945 0.965308134967676 NaN -0.002194604605690 -0.002300093667183 -0.002213416663576 -0.002422315656189 -0.001714293852601 0.997910716859144 0.999694993037690 0.983746842455680 0.998912063344929 0.995903115802136 0.997734527260322 0.994342315908394 0.997151902246649 NaN -0.002233978266502 -0.002308519794065 -0.002413876577155 -0.002116664009761 -0.002045004282251 0.998512175240404 0.999224767349483 1.000000000000000 0.985676874009169 0.998789758873744 0.999551152606542 0.999916648461964 0.998090065348408 NaN -0.002382167834371 -0.002398611213885 -0.002340998345384 -0.002178386717081 -0.002201444304140 0.998557783785592 0.998218600016563 0.994249210238250 0.967145623184132 0.998404502659202 0.999072520446046 0.996859879514302 0.996109019448785 
NaN -0.002272690256864 -0.002116153250503 -0.002187484526856 -0.002222656857624 -0.001952867452078 0.976289787747456 0.996600873260169 0.983118283642234 0.990178520631368 0.994190637986016 0.991144044627942 0.994906557631380 0.996772996488073 NaN -0.002338081411617 -0.002314707351861 -0.002270631332113 -0.002216905099134 -0.002051538526565 0.984725461496084 0.973321269000570 0.990204020869042 0.994504855680771 0.983126793306040 0.989728697637265 0.990421931265927 0.992514748148937 NaN -0.002125235353390 -0.002028390368683 -0.001846491961466 -0.002147132808812 -0.001974422555123 0.988058885568624 0.998685272351390 0.972413134495440 0.981155684987818 0.991472719009843 0.999445312063559 0.999353625832136 0.999207257342075 NaN -0.002143366454582 -0.001984336910656 -0.001733809473722 -0.002034732612546 -0.002870347990357 0.977674221998878 0.998879616434041 0.958333915576746 0.997981003323523 0.983019044223616 0.997885410286723 0.985058734604558 0.995292980168383 NaN -0.002122167964808 -0.002224175181214 -0.002140359098872 -0.002342363026528 -0.001657710681380 0.994147336333217 0.986686133194134 0.999714958323212 0.992039393120656 0.996517784075581 0.994360070356610 0.997499832671869 0.994768334590476 NaN -0.002160242031278 -0.002232323189512 -0.002334202493588 -0.002046799930215 -0.001977505453345 0.993360838663554 0.978532315628284 0.985676874009169 1.000000000000000 0.992328119315176 0.989676261370574 0.985968022180455 0.992924391116613 NaN -0.002303540351548 -0.002319440989479 -0.002263729731252 -0.002106485375073 -0.002128781907431 0.992773556575224 0.993529558202457 0.997581906867163 0.995735337070645 0.993179495588666 0.991568210412792 0.995681124144621 0.996397517789346 
NaN -0.002135360014787 -0.001988281959074 -0.002055302950988 -0.002088349948273 -0.001834862915768 0.995315481438105 0.999046281098727 0.998033191800200 0.999685620787356 0.999836904329745 0.999954348366720 0.999722082953196 0.998932158735388 NaN -0.002196799824615 -0.002174838172589 -0.002133425503221 -0.002082945747213 -0.001927571663227 0.998462458831819 0.993832877716549 0.999613501645566 0.999704960846524 0.998114614768801 0.999767909997033 0.999863583636195 0.999975066697054 NaN -0.001996815264172 -0.001905822262661 -0.001734915301473 -0.002017389537588 -0.001855115523891 0.999316478639627 0.986501074292587 0.993659007479724 0.997302148358292 0.999924674157405 0.995228064222592 0.992795150123317 0.995758700957666 NaN -0.002013850770173 -0.001864430791695 -0.001629041798487 -0.001911781268253 -0.002696903508352 0.995907986669638 0.986232816489885 0.984268074043199 0.997591303494098 0.998120602726020 0.997100312203120 0.957042682860600 0.976390850337246 NaN -0.001993933226504 -0.002089776525200 -0.002011025137813 -0.002200822717420 -0.001557541373891 0.999738447463107 0.999015699128494 0.991052730590212 0.999725042543482 0.999102833355916 0.999802936888295 0.998258923752768 0.999508500798081 NaN -0.002029706618366 -0.002097432179581 -0.002193155295214 -0.001923119402677 -0.001858012134009 0.999823383103399 0.996247296284602 0.998789758873744 0.992328119315176 1.000000000000000 0.999783606255834 0.998982030067422 0.999809589615421 NaN -0.002164345952682 -0.002179285774044 -0.002126940940500 -0.001979198277494 -0.002000147513107 0.999868801880232 0.999832890448248 0.998132792667887 0.978015570090599 0.999944046327278 0.999956068948295 0.999485313010573 0.999149180005385 
NaN -0.002167541307613 -0.002018246687974 -0.002086277730723 -0.002119822768193 -0.001862515517849 0.997082606220917 0.998011501219252 0.999049799025749 0.999856158646630 0.999289304472593 0.999921644300872 0.999032328755838 0.997806254379896 NaN -0.002229907056158 -0.002207614427458 -0.002165577641675 -0.002114337122236 -0.001956621447670 0.999328793130748 0.995909557768141 0.999717165951260 0.999137083356841 0.999167280304025 0.999964604872886 0.999965863725452 0.999719306819782 NaN -0.002026908595644 -0.001934544269202 -0.001761061626663 -0.002047792937017 -0.001883073346220 0.999759545343082 0.982986715042731 0.995720978304463 0.998588030341748 0.999824291182414 0.993029367745437 0.990143468745301 0.993721503404371 NaN -0.002044200838028 -0.001892529001293 -0.001653592539711 -0.001940593080963 -0.002737547634366 0.997427966397650 0.982707582982020 0.987303295483671 0.996205821242171 0.999155388332087 0.995410103164377 0.950937853360570 0.971826887861721 NaN -0.002023983123756 -0.002121270844582 -0.002041332621513 -0.002233990576628 -0.001581014556256 0.999191974086881 0.999654428023993 0.988194281994180 0.999651254136061 0.998021892473870 0.999206778596978 0.996892902618337 0.998805752860117 NaN -0.002060295644379 -0.002129041874755 -0.002226207601280 -0.001952102088599 -0.001886013610175 0.999511026032666 0.997811500666130 0.999551152606542 0.989676261370574 0.999783606255834 1.000000000000000 0.999700131826964 0.999430715123890 NaN -0.002196964082833 -0.002212129057220 -0.002158995352289 -0.002009026109284 -0.002030291063783 0.999586535003682 0.999414964558760 0.996770012865651 0.973607940950328 0.999577942548715 0.999879677253237 0.998636212092212 0.998121643179189 
NaN -0.002223393571222 -0.002070251992624 -0.002140036029754 -0.002174445441190 -0.001910508009301 0.998639871359167 0.996255940396570 0.999756664228205 0.999527675944583 0.998107191793036 0.999339443270177 0.997674886118794 0.995927531593303 NaN -0.002287366333306 -0.002264499277825 -0.002221379306392 -0.002168818443489 -0.002007038819876 0.999838587934366 0.997778441936974 0.999351679708268 0.997922616694206 0.999864094212600 0.999657740505104 0.999549642656983 0.998891676862885 NaN -0.002079137096572 -0.001984392766255 -0.001806439898283 -0.002100559576588 -0.001931595562871 0.999731047330529 0.978300386860831 0.997659284551863 0.999560382916596 0.999154171222210 0.989880335945201 0.986457290103062 0.990747368705949 NaN -0.002096874917951 -0.001941294867159 -0.001696201594544 -0.001990597441172 -0.002808087573595 0.998749907538542 0.978026364011655 0.990397736600055 0.993937271025356 0.999812550311869 0.992891012465055 0.943154316110539 0.965835537491865 NaN -0.002076136242393 -0.002175930830982 -0.002093932794478 -0.002291555076158 -0.001621753453113 0.998034516821848 0.999848453798879 0.984238494124046 0.998965458551020 0.996209888393096 0.997962682413946 0.994723571244533 0.997438722261890 NaN -0.002113384448286 -0.002183902101688 -0.002283571552480 -0.002002403007922 -0.001934611590271 0.998579889101140 0.999120881814533 0.999916648461964 0.985968022180456 0.998982030067422 0.999700131826964 1.000000000000000 0.998432990532860 NaN -0.002253574499743 -0.002269130238607 -0.002214627407430 -0.002060793822064 -0.002082606722681 0.998726123670275 0.998397135090515 0.994609921354509 0.967837927597049 0.998607792556905 0.999241220054166 0.997090463179456 0.996363398988607 
NaN -0.002132195380751 -0.001985335296817 -0.002052256962663 -0.002085254983827 -0.001832143622724 0.994262617156692 0.999106467403425 0.997349692588221 0.999175472731343 0.999816123324582 0.999739784793706 0.999710841998818 0.999190045389863 NaN -0.002193544135903 -0.002171615031359 -0.002130263736159 -0.002079858791870 -0.001924714974495 0.997666656325097 0.992928563628107 0.999071304400187 0.999494139844524 0.997437997069018 0.999473578253669 0.999510142560004 0.999831112670647 NaN -0.001993855955435 -0.001902997806852 -0.001732344132220 -0.002014399737484 -0.001852366216193 0.999156562479035 0.987932335199539 0.992700371641185 0.996668330441204 0.999880112130049 0.995905180684410 0.993829483479111 0.996495152912302 NaN -0.002010866214573 -0.001861667678636 -0.001626627535278 -0.001908947981112 -0.002692906658839 0.995404791528884 0.986866420206978 0.981574063996362 0.997947838127375 0.997555247766731 0.997857499944979 0.959250594922796 0.977958774539365 NaN -0.001990978188988 -0.002086679446547 -0.002008044769841 -0.002197561066724 -0.001555233075332 0.999755817057724 0.998744782306308 0.992112780943176 0.999474191913338 0.999306771698092 0.999859794021722 0.998768614736223 0.999813508451937 NaN -0.002026698564173 -0.002094323755138 -0.002189905007748 -0.001920269312259 -0.001855258533493 0.999585059818824 0.995290222954179 0.998090065348408 0.992924391116613 0.999809589615421 0.999430715123890 0.998432990532861 1.000000000000000 NaN -0.002161138361072 -0.002176056041406 -0.002123788783653 -0.001976265077383 -0.001997183265930 0.999858113621536 0.999852664124891 0.998659548914367 0.979869997495325 0.999910478435646 0.999793689476130 0.999603706189479 0.999387523893065 
NaN NaN NaN NaN NaN NaN NaN NaN NaN NaN NaN NaN NaN NaN NaN NaN NaN NaN NaN NaN NaN NaN NaN NaN NaN NaN NaN NaN NaN NaN NaN NaN NaN NaN NaN NaN NaN NaN NaN NaN NaN NaN NaN NaN NaN NaN NaN NaN NaN NaN NaN NaN NaN NaN NaN NaN NaN NaN NaN NaN NaN NaN NaN NaN NaN NaN NaN NaN NaN NaN NaN NaN NaN NaN NaN NaN NaN NaN NaN NaN NaN NaN NaN NaN NaN NaN NaN NaN NaN NaN NaN NaN NaN NaN NaN NaN NaN NaN 
NaN 0.999932877065303 0.999926826594732 0.999958412677999 0.999504961695130 0.990379461023590 -0.002407938750622 -0.002371634377500 -0.002419651735960 -0.002405530314851 -0.002260907352117 -0.002173981586649 -0.002205133717781 -0.002253041311677 NaN 0.997557732449303 0.999185426866056 0.999687733442133 0.999968106516088 0.981538902264485 -0.002424258826156 -0.002371358727470 -0.002424377988595 -0.002340506684652 -0.002275229317989 -0.002282848373799 -0.002260976127540 -0.002249592312972 NaN 0.999807906067149 0.994109996821168 0.996836554529841 0.997952348511035 0.995262804908552 -0.002368543458409 -0.002253789610185 -0.002328418684256 -0.002380429581830 -0.002150134233457 -0.002179956756417 -0.002037801106044 -0.002191243260696 NaN 0.997069702382568 0.996378225902348 0.960006090714441 0.985747737798501 0.981223546456452 -0.002382926682607 -0.002325407911854 -0.002569489388881 -0.002295225541893 -0.002114593839973 -0.002115783150710 -0.002046816715441 -0.002144956041095 NaN 0.999474718694750 0.999986503416056 0.997207453216382 0.999866105718317 0.986735772685859 -0.002388194382933 -0.002377408945700 -0.002277339546196 -0.002400831779971 -0.002162931182064 -0.002213497042250 -0.002216459418398 -0.002313744038420 NaN 0.999930262288007 0.999058525143990 0.998484252750588 0.999866688710440 0.981762493847846 -0.002383978125893 -0.002412329457353 -0.002382167834371 -0.002303540351548 -0.002164345952682 -0.002196964082833 -0.002253574499743 -0.002161138361072 NaN 1.000000000000000 0.999993087235598 0.999082256665434 0.989777184447699 0.996110359546357 -0.002369327384769 -0.002359516526974 -0.002325440259041 -0.002217696876592 -0.002240288858629 -0.002249142400646 -0.002240509673988 -0.002252531058350 
NaN 0.999961348054948 0.999952181260403 0.999951390933171 0.999401694368811 0.989900458313704 -0.002424560018927 -0.002388005047767 -0.002436353855438 -0.002422134958457 -0.002276513707429 -0.002188987919859 -0.002220355084671 -0.002268593370106 NaN 0.997796010349763 0.999318905569190 0.999766097134203 0.999973755848429 0.980884164634584 -0.002440992746975 -0.002387727495009 -0.002441112731956 -0.002356662489930 -0.002290934533472 -0.002298606181306 -0.002276582957588 -0.002265120564013 NaN 0.999855185548911 0.993739516791558 0.996552311537636 0.997739325097418 0.994912393042896 -0.002384892793002 -0.002269346833891 -0.002344491049746 -0.002396860962716 -0.002164975955647 -0.002195004334406 -0.002051867426846 -0.002206368745989 NaN 0.997314129065005 0.996076538058477 0.959074493493157 0.985208373876346 0.981879204013149 -0.002399375300219 -0.002341459494899 -0.002587225792071 -0.002311068785224 -0.002129190237644 -0.002130387757831 -0.002060945268250 -0.002159762019799 NaN 0.999361207462661 0.999991691284612 0.996951343363159 0.999808350532652 0.986161122381583 -0.002404679361878 -0.002393819476054 -0.002293059327943 -0.002417403991021 -0.002177861237695 -0.002228776138623 -0.002231758963152 -0.002329715109296 NaN 0.999950580144290 0.999206261126711 0.998673079100511 0.999813497521613 0.981107635819799 -0.002400434001299 -0.002428981033371 -0.002398611213885 -0.002319440989479 -0.002179285774044 -0.002212129057220 -0.002269130238607 -0.002176056041406 NaN 0.999993087235598 1.000000000000000 0.998934502546886 0.989288764120497 0.995808507500395 -0.002385682130567 -0.002375803551407 -0.002341492065368 -0.002233004963144 -0.002255752890756 -0.002264667546079 -0.002255975230336 -0.002268079594656 
NaN 0.998614732825808 0.998633282054452 0.999077524728179 0.999859689986474 0.995326651667283 -0.002366323879308 -0.002330646931536 -0.002377834436583 -0.002363957066998 -0.002221833530788 -0.002136410047944 -0.002167023796641 -0.002214103434114 NaN 0.993691243515482 0.996568379356347 0.997784616404865 0.998899095348746 0.988746903223944 -0.002382361905374 -0.002330376045391 -0.002382479008404 -0.002300057198773 -0.002235907979249 -0.002243395359772 -0.002221901117609 -0.002210714042256 NaN 0.998187585737177 0.997800952879971 0.999237487837660 0.999765766745198 0.998407653907515 -0.002327609430831 -0.002214838800256 -0.002288178107586 -0.002339290133954 -0.002112974833364 -0.002142281952660 -0.002002583087824 -0.002153373399476 NaN 0.992949976618022 0.999029037869889 0.970988223174473 0.991983273502548 0.972712707044009 -0.002341744078929 -0.002285219368446 -0.002525082540810 -0.002255558621155 -0.002078048661858 -0.002079217418495 -0.002011442886188 -0.002107886132402 NaN 0.999896348937622 0.998933216806195 0.999483585871794 0.999583364417133 0.992683587822455 -0.002346920740947 -0.002336321701554 -0.002237981737727 -0.002359339733903 -0.002125550620462 -0.002175242583101 -0.002178153762390 -0.002273757074305 NaN 0.998809382999788 0.996352265713241 0.995260873263853 0.999421477138995 0.988903762229770 -0.002342777350791 -0.002370638704252 -0.002340998345384 -0.002263729731252 -0.002126940940500 -0.002158995352289 -0.002214627407430 -0.002123788783653 NaN 0.999082256665434 0.998934502546886 1.000000000000000 0.994958256096670 0.998951104738170 -0.002328379809091 -0.002318738506101 -0.002285251156596 -0.002179369834383 -0.002201571373587 -0.002210271905478 -0.002201788372735 -0.002213601999170 
NaN 0.988405202692945 0.988467123228749 0.989899101030911 0.993583211485445 0.999926478030574 -0.002201953075772 -0.002168754338454 -0.002212664080811 -0.002199750668193 -0.002067499389984 -0.001988009636938 -0.002016496877714 -0.002060306245251 NaN 0.977467544926139 0.983285191161479 0.986198589699382 0.989278750048531 0.998720127510997 -0.002216877060242 -0.002168502268741 -0.002216986029001 -0.002140289445404 -0.002080596191883 -0.002087563480138 -0.002067562282054 -0.002057152289070 NaN 0.987199030294821 0.999361613791295 0.997805255339592 0.996783729231062 0.998663183509621 -0.002165927830181 -0.002060990531012 -0.002129235505745 -0.002176797162310 -0.001966202291259 -0.001993473664396 -0.001863478633793 -0.002003794671442 NaN 0.976120392096765 0.998099529702009 0.989934289746650 0.999453576625833 0.945998213645293 -0.002179080650099 -0.002126482288061 -0.002349683961665 -0.002098881850818 -0.001933702179399 -0.001934789751263 -0.001871723008296 -0.001961467064254 NaN 0.993745016079028 0.989303203970891 0.997639810223167 0.991755354983585 0.999643348335595 -0.002183897728164 -0.002174034924684 -0.002082525901886 -0.002195454066659 -0.001977904532580 -0.002024144766612 -0.002026853728071 -0.002115816193677 NaN 0.989011952014848 0.982824441876788 0.980542158863011 0.991222806261802 0.998753978528269 -0.002180042148301 -0.002205968182132 -0.002178386717081 -0.002106485375073 -0.001979198277494 -0.002009026109284 -0.002060793822064 -0.001976265077383 NaN 0.989777184447699 0.989288764120497 0.994958256096670 1.000000000000000 0.998481286531431 -0.002166644696031 -0.002157673102176 -0.002126511868126 -0.002027985328647 -0.002048644693143 -0.002056740864223 -0.002048846618985 -0.002059839641239 
NaN 0.995261558000167 0.995302612625408 0.996197005709701 0.998299016540321 0.998697564423639 -0.002225260105854 -0.002191709969599 -0.002236084483753 -0.002223034386434 -0.002089383267078 -0.002009052138217 -0.002037840908115 -0.002082113985009 NaN 0.987596069043963 0.991808052527521 0.993811121245768 0.995811008608387 0.994544027490715 -0.002240342056341 -0.002191455231802 -0.002240452178502 -0.002162943783972 -0.002102618694800 -0.002109659729766 -0.002089446824843 -0.002078926645124 NaN 0.994448122158027 0.999778135055158 0.999870569958735 0.999654028373521 0.999738581424388 -0.002188853543562 -0.002082805513736 -0.002151772841590 -0.002199837924396 -0.001987013968153 -0.002014574000809 -0.001883203010781 -0.002025004252699 NaN 0.986554601222660 0.999846791008039 0.980874458787158 0.996650292508274 0.962038837282910 -0.002202145582237 -0.002148990481901 -0.002374554680020 -0.002121097902093 -0.001954169852104 -0.001955268935598 -0.001891534649580 -0.001982228620154 NaN 0.998370823681151 0.995821444689767 0.999892966789112 0.997273472872223 0.997098248854207 -0.002207013647666 -0.002197046449292 -0.002104568830219 -0.002218692306628 -0.001998840074280 -0.002045569747682 -0.002048307382707 -0.002138211490024 NaN 0.995644430470808 0.991486369042312 0.989855764347004 0.996951676372409 0.994650017719370 -0.002203117257617 -0.002229317710942 -0.002201444304140 -0.002128781907431 -0.002000147513107 -0.002030291063783 -0.002082606722681 -0.001997183265930 NaN 0.996110359546357 0.995808507500395 0.998951104738170 0.998481286531431 1.000000000000000 -0.002189577997228 -0.002180511441673 -0.002149020375063 -0.002049450960945 -0.002070328998779 -0.002078510865465 -0.002070533061947 -0.002081642442130 
NaN -0.002337596239226 -0.002176588677257 -0.002249957110478 -0.002286133931265 -0.002008639583814 0.994918930691616 0.999224718093996 0.997848910164023 0.999588424379983 0.999867090825355 0.999810109279450 0.999717702516668 0.999095418874986 NaN -0.002404854906336 -0.002380813304531 -0.002335478513443 -0.002280217907744 -0.002110128615126 0.998230545985982 0.993486534074262 0.999525300800330 0.999704688837271 0.997806229160273 0.999660544063872 0.999721058832543 0.999937111799841 NaN -0.002185930156805 -0.002086319366749 -0.001899226105207 -0.002208452983789 -0.002030810281146 0.999356879538794 0.987349827273355 0.993261101241362 0.997113661857831 0.999849535825109 0.995576108497516 0.993203039984552 0.996158063631603 NaN -0.002204579065881 -0.002041007781724 -0.001783325507322 -0.002092842739371 -0.002952322538131 0.995800460092717 0.986742979556354 0.983153879631697 0.997873524606009 0.997736233494672 0.997441808534017 0.958165834378445 0.977203348610015 NaN -0.002182775166374 -0.002287695616807 -0.002201485822807 -0.002409258800305 -0.001705053402159 0.999901958202276 0.998998457912519 0.991703846375067 0.999721233015856 0.999192387761395 0.999836802085309 0.998530261528359 0.999747212238142 NaN -0.002221936593816 -0.002296076324867 -0.002400865209909 -0.002105254688742 -0.002033981224159 0.999847316097160 0.995913597130154 0.998557783785592 0.992773556575224 0.999868801880232 0.999586535003682 0.998726123670275 0.999858113621536 NaN -0.002369327384769 -0.002385682130567 -0.002328379809091 -0.002166644696031 -0.002189577997228 1.000000000000000 0.999977599160006 0.998521207558847 0.979054461014481 0.999952288548479 0.999897029017343 0.999580741032808 0.999309821460548 
NaN -0.002327916773049 -0.002167575907588 -0.002240640538443 -0.002276667559061 -0.002000322253991 0.994261773519947 0.999451636179660 0.997420473990209 0.999443053157692 0.999930754630856 0.999711877029063 0.999829785454022 0.999337134526327 NaN -0.002394896936975 -0.002370954886097 -0.002325807816297 -0.002270776032477 -0.002101391041795 0.997863586898231 0.992730303439487 0.999398079631496 0.999787129088588 0.997369883731226 0.999486935605937 0.999585884431895 0.999909947236667 NaN -0.002176878706147 -0.002077680382220 -0.001891361832267 -0.002199308271112 -0.002022401147396 0.999101948583710 0.988344009342165 0.992498592371376 0.996603708070161 0.999766224321032 0.996160006191912 0.993915673388236 0.996692715787697 NaN -0.002195450394237 -0.002032556422392 -0.001775941152984 -0.002084176743007 -0.002940097627056 0.995196263308992 0.987782429061667 0.982147927218400 0.998223694058639 0.997299962981582 0.997856349428354 0.959987074174936 0.978537816991978 NaN -0.002173736779829 -0.002278222778009 -0.002192369959595 -0.002399282595399 -0.001697993155201 0.999963818972329 0.998683290794097 0.992501018914484 0.999643083266929 0.999428554066343 0.999912663947629 0.998843814498362 0.999845887097783 NaN -0.002212736048509 -0.002286568783422 -0.002390923760994 -0.002096537297255 -0.002025558960239 0.999852376583327 0.995324416104887 0.998218600016563 0.993529558202457 0.999832890448248 0.999414964558760 0.998397135090515 0.999852664124891 NaN -0.002359516526974 -0.002375803551407 -0.002318738506101 -0.002157673102176 -0.002180511441673 0.999977599160006 1.000000000000000 0.998838569034148 0.980326138490441 0.999956796085342 0.999811413498631 0.999741203867335 0.999522292857710 
NaN -0.002294296870506 -0.002136271656675 -0.002208281084098 -0.002243787800495 -0.001971433489577 0.988023116269857 0.999638735948800 0.992810598101521 0.996837006618841 0.998996782025677 0.997598863476394 0.999208107777797 0.999781641935707 NaN -0.002360309703207 -0.002336713424750 -0.002292218371424 -0.002237981359664 -0.002071042636367 0.993602038360340 0.986124765086243 0.996772218213391 0.998866383175873 0.992810447444403 0.996860851181242 0.997140468126869 0.998275793118264 NaN -0.002145440103704 -0.002047674407447 -0.001864046680278 -0.002167545739654 -0.001993193518384 0.996134170976501 0.994455176143630 0.985563902674052 0.991651077115050 0.997895810442149 0.999085645604100 0.997908357678883 0.999408584973855 NaN -0.002163743578450 -0.002003202130338 -0.001750292912816 -0.002054076947433 -0.002897636574826 0.989565164204435 0.993516507891547 0.972395418872619 0.999664744774320 0.992826977976027 0.999685138054624 0.972055036802897 0.987074816292965 NaN -0.002142343553260 -0.002245320558886 -0.002160707631614 -0.002364632023710 -0.001673470644320 0.999025758945207 0.995275967901519 0.997189069484182 0.997850283076103 0.999727910944472 0.999112796740578 0.999950762491217 0.999413469553175 NaN -0.002180779592348 -0.002253546030828 -0.002356393908053 -0.002066258989875 -0.001996305725920 0.998485984134538 0.989608395563803 0.994249210238250 0.997581906867163 0.998132792667887 0.996770012865651 0.994609921354509 0.998659548914367 NaN -0.002325440259041 -0.002341492065368 -0.002285251156596 -0.002126511868126 -0.002149020375063 0.998521207558846 0.998838569034148 1.000000000000000 0.988615691763043 0.998639168474462 0.997855963798680 0.999541161364724 0.999754635812539 
NaN -0.002187996438057 -0.002037292922122 -0.002105965975175 -0.002139827577831 -0.001880092113847 0.953707694817569 0.985633314639834 0.963693326542130 0.974021092155652 0.981350944847039 0.976157476020492 0.982566225420759 0.986470527275203 NaN -0.002250950733412 -0.002228447728731 -0.002186014240964 -0.002134290163724 -0.001975086123199 0.965641806633178 0.950036086524834 0.974149894408943 0.981432820692301 0.963626284829163 0.973839647212944 0.974740002427196 0.978420967287530 NaN -0.002046036572388 -0.001952800601958 -0.001777680800271 -0.002067117999705 -0.001900843946853 0.971616278386082 0.998919246969874 0.948924038469942 0.960972892294237 0.977030163219357 0.993642154028978 0.995768155279294 0.992991312326132 NaN -0.002063492002007 -0.001910388835130 -0.001669197525407 -0.001958906496476 -0.002763381925856 0.956820639143191 0.997709066181161 0.928587852483727 0.988914708997229 0.963752209464109 0.990402729774975 0.996120177045785 0.999643701648407 NaN -0.002043083492762 -0.002141289319745 -0.002060596718075 -0.002255072790145 -0.001595934622078 0.981375937212076 0.969391088546957 0.997022146612731 0.977305823358186 0.985904301917887 0.981815176432133 0.988492321504613 0.983077051047408 NaN -0.002079738695365 -0.002149133685285 -0.002247216366705 -0.001970524114847 -0.001903811958137 0.979398655613058 0.956821076978468 0.967145623184132 0.995735337070645 0.978015570090599 0.973607940950328 0.967837927597049 0.979869997495325 NaN -0.002217696876592 -0.002233004963144 -0.002179369834383 -0.002027985328647 -0.002049450960945 0.979054461014481 0.980326138490441 0.988615691763043 1.000000000000000 0.979682367650781 0.976859035611376 0.984144788120510 0.985707856741929 
NaN -0.002210285857656 -0.002058047104348 -0.002127419739205 -0.002161626294649 -0.001899244869893 0.994576763090878 0.999345709942925 0.997602336592575 0.999513530704951 0.999950927981029 0.999847960190165 0.999856269006049 0.999276894267085 NaN -0.002273881477045 -0.002251149231172 -0.002208283467649 -0.002156032470145 -0.001995206596239 0.998035013127631 0.993041122396124 0.999459226557005 0.999793027732632 0.997625013836328 0.999616487638649 0.999709638974318 0.999972983902716 NaN -0.002066879827378 -0.001972694049339 -0.001795790278230 -0.002088176014084 -0.001920208104666 0.999166919780079 0.987817010257039 0.992848786275821 0.996798106274193 0.999878082426427 0.995951078383964 0.993697863797081 0.996461182938874 NaN -0.002084513077851 -0.001929850228029 -0.001686201869377 -0.001978862145441 -0.002791532876280 0.995390371383443 0.987337052141837 0.982779137035044 0.998033800374329 0.997615095780345 0.997690419374461 0.959212883975821 0.977991011614121 NaN -0.002063896664325 -0.002163102927528 -0.002081588299265 -0.002278045525736 -0.001612192626810 0.999906349004224 0.998785746788391 0.992090233389776 0.999691306954957 0.999386640870585 0.999936879441720 0.998726704657829 0.999777846561076 NaN -0.002100925278501 -0.002171027204695 -0.002270109067833 -0.001990598114082 -0.001923206351489 0.999848103460081 0.995587711021726 0.998404502659202 0.993179495588666 0.999944046327278 0.999577942548715 0.998607792556905 0.999910478435646 NaN -0.002240288858629 -0.002255752890756 -0.002201571373587 -0.002048644693143 -0.002070328998779 0.999952288548479 0.999956796085342 0.998639168474462 0.979682367650782 1.000000000000000 0.999901385754382 0.999711238518167 0.999461225466927 
NaN -0.002219020828878 -0.002066180433423 -0.002135827226470 -0.002170168965006 -0.001906750618177 0.995911636500826 0.998806059389982 0.998422388808913 0.999783989546096 0.999735324644218 0.999979873032354 0.999551516023517 0.998675685793555 NaN -0.002282867775897 -0.002260045692995 -0.002217010525497 -0.002164553033906 -0.002003091581858 0.998768892501233 0.994567468963352 0.999682059715669 0.999577556066102 0.998482008459853 0.999898893625443 0.999933535530291 0.999950263640350 NaN -0.002075048063061 -0.001980490066172 -0.001802887177641 -0.002096428411541 -0.001927796698910 0.999590434470255 0.985587082423880 0.994358818562850 0.997792163843529 0.999955390403822 0.994632333378869 0.992071137420975 0.995238791255515 NaN -0.002092750999513 -0.001937476927601 -0.001692865679288 -0.001986682538371 -0.002802564915080 0.996510920662502 0.985155613394754 0.985044089120020 0.997259097314823 0.998461194981210 0.996681078311038 0.955288330807818 0.975105714683559 NaN -0.002072053110654 -0.002171651433486 -0.002089814662307 -0.002287048280760 -0.001618563954822 0.999678141741096 0.999345202423349 0.990315938858094 0.999805219197123 0.998811750823202 0.999686530060579 0.997952294124310 0.999436798698088 NaN -0.002109228060598 -0.002179607027115 -0.002279080458258 -0.001998464887143 -0.001930806794697 0.999796141984218 0.996783740134751 0.999072520446046 0.991568210412792 0.999956068948295 0.999879677253237 0.999241220054166 0.999793689476130 NaN -0.002249142400646 -0.002264667546079 -0.002210271905478 -0.002056740864223 -0.002078510865465 0.999897029017343 0.999811413498631 0.997855963798681 0.976859035611376 0.999901385754382 1.000000000000000 0.999292592402999 0.998920966504547 
NaN -0.002210503715751 -0.002058249956944 -0.002127629429554 -0.002161839356586 -0.001899432070055 0.991865572857337 0.999886694530780 0.995704818583476 0.998669919501075 0.999881956200866 0.999167515603418 0.999954079072834 0.999890015939126 NaN -0.002274105603480 -0.002251371116990 -0.002208501128378 -0.002156244980724 -0.001995403254924 0.996363225947095 0.990015132370536 0.998643206910044 0.999801828743269 0.995718624375441 0.998685583249500 0.998896702484289 0.999550557437728 NaN -0.002067083550576 -0.001972888489062 -0.001795967281331 -0.002088381836353 -0.001920397371082 0.997970872029455 0.991204433178940 0.989710321435100 0.994640541322730 0.999264909220593 0.997811398697344 0.996034902995434 0.998159007703845 NaN -0.002084718539080 -0.001930040444826 -0.001686368070833 -0.001979057193126 -0.002791808025323 0.992835729951145 0.990824481113896 0.978721966944387 0.999097883535868 0.995699997323962 0.998888628387068 0.965692681433863 0.982698981431902 NaN -0.002064100093486 -0.002163316135011 -0.002081793472212 -0.002278270062602 -0.001612351533503 0.999833717301764 0.997378790520701 0.994784194491529 0.999194834332138 0.999921784550073 0.999910284698340 0.999609374027891 0.999873803875441 NaN -0.002101132357408 -0.002171241193239 -0.002270332822438 -0.001990794318529 -0.001923395913428 0.999593374970891 0.993126656456212 0.996859879514302 0.995681124144621 0.999485313010573 0.998636212092212 0.997090463179456 0.999603706189479 NaN -0.002240509673988 -0.002255975230336 -0.002201788372735 -0.002048846618985 -0.002070533061947 0.999580741032808 0.999741203867335 0.999541161364724 0.984144788120511 0.999711238518167 0.999292592402999 1.000000000000000 0.999955564109674 
NaN -0.002222364104087 -0.002069293432513 -0.002139045158507 -0.002173438637829 -0.001909623413235 0.990688700695332 0.999915225567479 0.994848463595656 0.998163643370966 0.999706263288574 0.998761429484685 0.999827922181918 0.999980303225132 NaN -0.002286307245748 -0.002263450778084 -0.002220350771894 -0.002167814245519 -0.002006109528485 0.995552009397428 0.988747921224851 0.998145886408745 0.999619312464521 0.994851205100466 0.998196500469547 0.998427238861954 0.999239784968698 NaN -0.002078174422514 -0.001983473960353 -0.001805603487433 -0.002099586983576 -0.001930701202926 0.997413023956630 0.992350751638878 0.988410568241849 0.993695430363898 0.998906414214703 0.998356880525589 0.996794636520163 0.998654079957863 NaN -0.002095904030996 -0.001940396016280 -0.001695416225810 -0.001989675762405 -0.002806787383693 0.991795917129619 0.991868291680433 0.976867731184585 0.999313048706172 0.994842378910405 0.999227026423681 0.967956397467157 0.984299071312767 NaN -0.002075174957779 -0.002174923339862 -0.002092963269774 -0.002290494049145 -0.001621002555070 0.999666013394070 0.996737955059258 0.995646584415246 0.998850688642338 0.999961124608737 0.999758665997402 0.999819667024581 0.999808225645912 NaN -0.002112405917152 -0.002182890919741 -0.002282514221968 -0.002001475862987 -0.001933715833857 0.999315750656683 0.992037024223485 0.996109019448785 0.996397517789345 0.999149180005385 0.998121643179189 0.996363398988608 0.999387523893065 NaN -0.002252531058350 -0.002268079594656 -0.002213601999170 -0.002059839641239 -0.002081642442130 0.999309821460548 0.999522292857710 0.999754635812539 0.985707856741929 0.999461225466927 0.998920966504547 0.999955564109674 1.000000000000000 
