1.000000 1.000000 1.000000 1.000000 1.000000 1.007207 1.007273 1.005651 1.007057 1.006150 1.007169 1.006534 1.007223 1.005296 1.003726 1.000000 1.000000 1.000000 1.000000 1.000000 1.002173 1.003158 1.003232 1.002861 1.002451 1.007575 1.006814 1.006716 1.005353 1.002319 1.000000 1.000000 1.000000 1.000000 1.000000 1.004392 1.004842 1.001334 1.010712 1.005359 1.005600 1.006719 1.003864 1.002990 1.003542 1.000000 1.000000 1.000000 1.000000 1.000000 1.006551 1.006887 0.997697 1.007655 1.002019 1.007795 1.005937 1.000156 1.001178 1.015054 1.000000 1.000000 1.000000 1.000000 1.000000 1.005281 1.003212 1.003155 1.001652 1.005558 1.005475 1.005726 1.006420 1.004976 1.003437 1.000000 1.000000 1.000000 1.000000 1.000000 1.004547 1.004466 1.005426 1.005091 1.001710 1.007609 1.006935 1.004517 1.009214 1.000979 1.000000 1.000000 1.000000 1.000000 1.000000 1.015103 1.013767 1.013194 1.015588 1.015025 1.015788 1.015190 1.015124 1.015238 1.014228 1.000000 1.000000 1.000000 1.000000 1.000000 1.003815 1.003426 1.003675 1.002240 0.999848 1.013407 1.015755 1.011375 1.011624 1.012991 1.000000 1.000000 1.000000 1.000000 1.000000 1.005623 1.004903 1.004631 1.004589 1.002672 1.005516 1.004944 1.004730 1.004414 1.002728 
1.000000 1.000000 1.000000 1.000000 1.000000 1.003105 1.003548 1.002859 1.002883 1.003232 1.003568 1.003347 1.003694 1.003236 1.002724 1.000000 1.000000 1.000000 1.000000 1.000000 1.001192 1.001446 1.001602 1.001279 1.001406 1.003315 1.003344 1.003276 1.002800 1.001970 1.000000 1.000000 1.000000 1.000000 1.000000 1.002902 1.002584 1.001808 1.003519 1.003271 1.003423 1.003405 1.003516 1.002611 1.001939 1.000000 1.000000 1.000000 1.000000 1.000000 1.003057 1.002626 1.000793 1.004683 1.002739 1.003923 1.003692 1.001733 1.002398 1.006452 1.000000 1.000000 1.000000 1.000000 1.000000 1.002475 1.002089 1.002098 1.001804 1.003867 1.003303 1.003023 1.003759 1.002652 1.002680 1.000000 1.000000 1.000000 1.000000 1.000000 1.002321 1.002626 1.002865 1.002501 1.001566 1.003511 1.003698 1.002783 1.004431 1.001847 1.000000 1.000000 1.000000 1.000000 1.000000 1.005984 1.005128 1.005399 1.005920 1.005823 1.006038 1.006262 1.006105 1.006159 1.005940 1.000000 1.000000 1.000000 1.000000 1.000000 1.002167 1.001932 1.002016 1.001876 1.001370 1.004974 1.006514 1.004979 1.005557 1.005521 1.000000 1.000000 1.000000 1.000000 1.000000 1.002354 1.002269 1.002209 1.002039 1.001812 1.002878 1.002796 1.002794 1.002727 1.002338 
1.000000 1.000000 1.000000 1.000000 1.000000 1.041952 1.043753 1.039480 1.041460 1.042680 1.050388 1.047001 1.052093 1.043064 1.037476 1.000000 1.000000 1.000000 1.000000 1.000000 1.015946 1.018379 1.022527 1.017558 1.017820 1.046977 1.044488 1.046532 1.039963 1.025636 1.000000 1.000000 1.000000 1.000000 1.000000 1.038443 1.039996 1.030726 1.055583 1.042673 1.049654 1.050835 1.051314 1.039822 1.041511 1.000000 1.000000 1.000000 1.000000 1.000000 1.036533 1.043087 1.019005 1.048082 1.037294 1.056099 1.054366 1.020536 1.027787 1.058592 1.000000 1.000000 1.000000 1.000000 1.000000 1.039401 1.031598 1.029237 1.029053 1.043656 1.045360 1.044017 1.052378 1.040931 1.045936 1.000000 1.000000 1.000000 1.000000 1.000000 1.031651 1.034441 1.034063 1.033878 1.019021 1.050212 1.049531 1.039668 1.064448 1.026457 1.000000 1.000000 1.000000 1.000000 1.000000 1.060929 1.059675 1.052474 1.065927 1.063848 1.070309 1.068700 1.067972 1.067047 1.061730 1.000000 1.000000 1.000000 1.000000 1.000000 1.031786 1.029517 1.030435 1.029558 1.022565 1.066138 1.080107 1.061731 1.067206 1.067216 1.000000 1.000000 1.000000 1.000000 1.000000 1.032860 1.033791 1.032545 1.031103 1.027147 1.041343 1.040870 1.041078 1.040240 1.034970 
1.000000 1.000000 1.000000 1.000000 1.000000 1.019620 1.020179 1.016554 1.018920 1.018485 1.021410 1.019641 1.021956 1.017197 1.013703 1.000000 1.000000 1.000000 1.000000 1.000000 1.007183 1.008531 1.010458 1.007712 1.007382 1.021172 1.019795 1.019843 1.016684 1.008795 1.000000 1.000000 1.000000 1.000000 1.000000 1.014637 1.016834 1.009601 1.027692 1.018686 1.019475 1.020734 1.017738 1.014102 1.014899 1.000000 1.000000 1.000000 1.000000 1.000000 1.018178 1.020027 1.001119 1.023688 1.010311 1.024229 1.021930 1.004070 1.008083 1.030948 1.000000 1.000000 1.000000 1.000000 1.000000 1.016250 1.011641 1.011475 1.009709 1.019022 1.018163 1.018057 1.021630 1.016751 1.015269 1.000000 1.000000 1.000000 1.000000 1.000000 1.014221 1.014658 1.015595 1.015110 1.006901 1.021814 1.021200 1.015888 1.028234 1.007005 1.000000 1.000000 1.000000 1.000000 1.000000 1.031885 1.030297 1.027561 1.034155 1.032892 1.035479 1.034971 1.034577 1.034036 1.031609 1.000000 1.000000 1.000000 1.000000 1.000000 1.013110 1.011818 1.012366 1.010607 1.005554 1.031816 1.038405 1.028411 1.029563 1.031499 1.000000 1.000000 1.000000 1.000000 1.000000 1.015202 1.014816 1.014039 1.013533 1.010492 1.017399 1.016712 1.016216 1.015737 1.012331 
1.000000 1.000000 1.000000 1.000000 1.000000 0.969390 0.967248 0.965991 0.967443 0.964965 0.957824 0.959378 0.955926 0.960279 0.960846 1.000000 1.000000 1.000000 1.000000 1.000000 0.988217 0.986600 0.984088 0.985594 0.984396 0.963921 0.964969 0.960474 0.965783 0.971070 1.000000 1.000000 1.000000 1.000000 1.000000 0.961438 0.966559 0.965052 0.963298 0.967360 0.953765 0.954933 0.945948 0.958538 0.956545 1.000000 1.000000 1.000000 1.000000 1.000000 0.977253 0.967978 0.965929 0.971619 0.953955 0.955001 0.951393 0.968404 0.966340 0.965486 1.000000 1.000000 1.000000 1.000000 1.000000 0.963844 0.968210 0.972920 0.968559 0.965489 0.959706 0.961048 0.954353 0.963335 0.948556 1.000000 1.000000 1.000000 1.000000 1.000000 0.975535 0.971679 0.975034 0.973384 0.981565 0.959233 0.959359 0.964564 0.948750 0.963467 1.000000 1.000000 1.000000 1.000000 1.000000 0.962799 0.960692 0.968405 0.958857 0.959700 0.953552 0.956631 0.957220 0.957004 0.961424 1.000000 1.000000 1.000000 1.000000 1.000000 0.972130 0.972902 0.972473 0.969974 0.969510 0.953329 0.943777 0.953820 0.946337 0.951399 1.000000 1.000000 1.000000 1.000000 1.000000 0.975106 0.972525 0.973103 0.974243 0.974838 0.964867 0.964111 0.961855 0.962216 0.963052 
1.000000 1.000000 1.000000 1.000000 1.000000 0.990342 0.989929 0.989660 0.989622 0.989311 0.986736 0.987290 0.986104 0.987693 0.987824 1.000000 1.000000 1.000000 1.000000 1.000000 0.996156 0.995917 0.994607 0.995626 0.995315 0.988541 0.988928 0.987532 0.989253 0.991263 1.000000 1.000000 1.000000 1.000000 1.000000 0.988141 0.988947 0.988806 0.987300 0.989527 0.985346 0.985689 0.983027 0.986948 0.985682 1.000000 1.000000 1.000000 1.000000 1.000000 0.992818 0.988972 0.989873 0.991518 0.987122 0.985670 0.984136 0.991075 0.990169 0.992481 1.000000 1.000000 1.000000 1.000000 1.000000 0.988199 0.990130 0.991494 0.989854 0.989383 0.987437 0.987671 0.985330 0.987942 0.983445 1.000000 1.000000 1.000000 1.000000 1.000000 0.991996 0.991160 0.992534 0.991508 0.994685 0.987068 0.987312 0.988887 0.983072 0.988667 1.000000 1.000000 1.000000 1.000000 1.000000 0.990708 0.989029 0.992496 0.988745 0.989140 0.986921 0.988029 0.988126 0.988431 0.989968 1.000000 1.000000 1.000000 1.000000 1.000000 0.990986 0.991276 0.991125 0.990287 0.990343 0.985880 0.983072 0.986338 0.984407 0.985980 1.000000 1.000000 1.000000 1.000000 1.000000 0.992069 0.991027 0.991369 0.991660 0.991949 0.988737 0.988472 0.987870 0.987902 0.988266 
1.000000 1.000000 1.000000 1.000000 1.000000 0.996763 0.996540 0.997173 0.996820 0.996723 0.996166 0.996431 0.996057 0.996686 0.997002 1.000000 1.000000 1.000000 1.000000 1.000000 0.998734 0.998601 0.998170 0.998725 0.998677 0.996429 0.996517 0.996409 0.997000 0.997955 1.000000 1.000000 1.000000 1.000000 1.000000 0.997062 0.996969 0.997874 0.995545 0.996652 0.996211 0.996233 0.995960 0.996851 0.996802 1.000000 1.000000 1.000000 1.000000 1.000000 0.996998 0.996604 0.999261 0.995951 0.997918 0.995587 0.995504 0.998672 0.997991 0.995582 1.000000 1.000000 1.000000 1.000000 1.000000 0.996988 0.997785 0.997815 0.997893 0.996398 0.996656 0.996635 0.995803 0.996844 0.996453 1.000000 1.000000 1.000000 1.000000 1.000000 0.997451 0.997373 0.997378 0.997351 0.998703 0.996240 0.996204 0.996924 0.994937 0.997979 1.000000 1.000000 1.000000 1.000000 1.000000 0.995365 0.995477 0.996022 0.994926 0.995114 0.994645 0.994673 0.994765 0.994897 0.995279 1.000000 1.000000 1.000000 1.000000 1.000000 0.997555 0.997779 0.997692 0.997810 0.998366 0.995081 0.993693 0.995399 0.995067 0.995075 1.000000 1.000000 1.000000 1.000000 1.000000 0.997456 0.997396 0.997554 0.997657 0.998004 0.996822 0.996865 0.996882 0.996904 0.997260 
1.000000 1.000000 1.000000 1.000000 1.000000 1.022116 1.023455 1.023314 1.022220 1.024538 1.028609 1.027103 1.029744 1.025672 1.023596 1.000000 1.000000 1.000000 1.000000 1.000000 1.008553 1.009874 1.011550 1.009997 1.010578 1.025371 1.024227 1.026323 1.023136 1.017070 1.000000 1.000000 1.000000 1.000000 1.000000 1.023803 1.022594 1.021071 1.026251 1.023626 1.029793 1.029583 1.033302 1.025960 1.026256 1.000000 1.000000 1.000000 1.000000 1.000000 1.018021 1.021928 1.019137 1.024357 1.029156 1.031178 1.031527 1.017436 1.020248 1.030544 1.000000 1.000000 1.000000 1.000000 1.000000 1.022564 1.020167 1.017726 1.019125 1.024439 1.027043 1.025591 1.030115 1.023419 1.030098 1.000000 1.000000 1.000000 1.000000 1.000000 1.016905 1.019758 1.018717 1.018420 1.012692 1.027848 1.028046 1.023817 1.034568 1.019280 1.000000 1.000000 1.000000 1.000000 1.000000 1.031027 1.030440 1.026971 1.032999 1.032353 1.035965 1.034916 1.034400 1.034495 1.031769 1.000000 1.000000 1.000000 1.000000 1.000000 1.018350 1.017467 1.017795 1.018697 1.017004 1.034386 1.041320 1.033741 1.038333 1.036574 1.000000 1.000000 1.000000 1.000000 1.000000 1.017386 1.018500 1.018244 1.017259 1.016532 1.023420 1.023702 1.024533 1.024076 1.022447 
1.000000 1.000000 1.000000 1.000000 1.000000 1.016560 1.017796 1.018004 1.017231 1.018751 1.022491 1.021533 1.023426 1.020846 1.020120 1.000000 1.000000 1.000000 1.000000 1.000000 1.006369 1.007338 1.008583 1.007668 1.008294 1.019406 1.018797 1.020895 1.018125 1.014784 1.000000 1.000000 1.000000 1.000000 1.000000 1.019855 1.017500 1.017576 1.019718 1.017634 1.024155 1.023724 1.028051 1.021397 1.021934 1.000000 1.000000 1.000000 1.000000 1.000000 1.012830 1.016825 1.016619 1.016667 1.023654 1.024198 1.025581 1.015760 1.017279 1.020880 1.000000 1.000000 1.000000 1.000000 1.000000 1.018502 1.016332 1.014110 1.015897 1.018728 1.021393 1.020501 1.024160 1.018954 1.026183 1.000000 1.000000 1.000000 1.000000 1.000000 1.013022 1.015117 1.013762 1.014206 1.009795 1.021756 1.021798 1.018780 1.027264 1.017949 1.000000 1.000000 1.000000 1.000000 1.000000 1.021760 1.022095 1.018725 1.023534 1.023073 1.026092 1.024834 1.024525 1.024629 1.022400 1.000000 1.000000 1.000000 1.000000 1.000000 1.014526 1.014005 1.014249 1.015309 1.015046 1.025709 1.031417 1.025580 1.029599 1.027121 1.000000 1.000000 1.000000 1.000000 1.000000 1.013302 1.014441 1.014171 1.013489 1.013078 1.018550 1.018849 1.019864 1.019624 1.018885 
1.000000 1.000000 1.000000 1.000000 1.000000 1.011485 1.011965 1.010793 1.011141 1.011827 1.013568 1.012617 1.014061 1.011561 1.009914 1.000000 1.000000 1.000000 1.000000 1.000000 1.004511 1.005038 1.006351 1.004756 1.004847 1.012707 1.012060 1.012490 1.010881 1.006748 1.000000 1.000000 1.000000 1.000000 1.000000 1.010233 1.011145 1.008513 1.014913 1.012147 1.013427 1.013567 1.013810 1.011043 1.011223 1.000000 1.000000 1.000000 1.000000 1.000000 1.010255 1.011762 1.005337 1.014006 1.010277 1.015253 1.014859 1.005270 1.007515 1.015790 1.000000 1.000000 1.000000 1.000000 1.000000 1.010498 1.008609 1.008079 1.008041 1.012299 1.012343 1.011835 1.014280 1.011074 1.012035 1.000000 1.000000 1.000000 1.000000 1.000000 1.008753 1.009620 1.009528 1.009270 1.005397 1.013456 1.013490 1.010969 1.017332 1.006675 1.000000 1.000000 1.000000 1.000000 1.000000 1.016299 1.015874 1.014078 1.017628 1.017093 1.018805 1.018634 1.018320 1.018023 1.016679 1.000000 1.000000 1.000000 1.000000 1.000000 1.008763 1.008072 1.008312 1.008185 1.006157 1.017506 1.021112 1.016458 1.017804 1.018009 1.000000 1.000000 1.000000 1.000000 1.000000 1.008895 1.009211 1.008891 1.008443 1.007561 1.011195 1.011152 1.011114 1.010897 1.009498 
1.000000 1.000000 1.000000 1.000000 1.000000 1.000253 1.001080 1.002474 1.001229 1.002026 1.003201 1.003585 1.003493 1.004684 1.006312 1.000000 1.000000 1.000000 1.000000 1.000000 1.000204 1.000189 0.999914 1.000769 1.001451 1.001269 1.001897 1.003146 1.002683 1.005352 1.000000 1.000000 1.000000 1.000000 1.000000 1.005543 1.001945 1.005701 0.998369 1.001100 1.005301 1.004323 1.008832 1.005965 1.005636 1.000000 1.000000 1.000000 1.000000 1.000000 0.998752 1.000174 1.008691 0.998193 1.008488 1.002729 1.005052 1.008322 1.007109 0.997768 1.000000 1.000000 1.000000 1.000000 1.000000 1.003541 1.004027 1.002868 1.004798 1.002351 1.004017 1.003717 1.004324 1.003452 1.009026 1.000000 1.000000 1.000000 1.000000 1.000000 1.000972 1.001777 1.000485 1.001248 1.002251 1.002547 1.002853 1.003353 1.003080 1.008775 1.000000 1.000000 1.000000 1.000000 1.000000 0.997823 0.998703 0.998076 0.997748 0.998062 0.998562 0.998010 0.998049 0.998391 0.998230 1.000000 1.000000 1.000000 1.000000 1.000000 1.002317 1.002635 1.002555 1.003979 1.006666 0.999977 1.001049 1.001731 1.003768 1.000837 1.000000 1.000000 1.000000 1.000000 1.000000 1.000619 1.001444 1.001556 1.001434 1.002533 1.002816 1.003231 1.004221 1.004381 1.005720 
1.000000 1.000000 1.000000 1.000000 1.000000 0.984680 0.983338 0.983364 0.984102 0.982614 0.979348 0.980177 0.978442 0.980584 0.981243 1.000000 1.000000 1.000000 1.000000 1.000000 0.994061 0.993192 0.992025 0.992924 0.992261 0.982196 0.982556 0.980745 0.983320 0.986148 1.000000 1.000000 1.000000 1.000000 1.000000 0.981366 0.983862 0.983729 0.982061 0.983515 0.977702 0.978261 0.974186 0.980317 0.980274 1.000000 1.000000 1.000000 1.000000 1.000000 0.987948 0.984608 0.984766 0.983998 0.978095 0.977880 0.976483 0.985072 0.983620 0.980107 1.000000 1.000000 1.000000 1.000000 1.000000 0.982904 0.984894 0.986849 0.985228 0.982149 0.980246 0.981150 0.977664 0.982474 0.976086 1.000000 1.000000 1.000000 1.000000 1.000000 0.987845 0.985892 0.987103 0.986793 0.990833 0.980026 0.979846 0.982757 0.974890 0.983040 1.000000 1.000000 1.000000 1.000000 1.000000 0.979524 0.979467 0.982294 0.978028 0.978424 0.975724 0.976716 0.977106 0.976960 0.978933 1.000000 1.000000 1.000000 1.000000 1.000000 0.986520 0.987047 0.986806 0.985792 0.985928 0.976502 0.971095 0.976472 0.972735 0.975047 1.000000 1.000000 1.000000 1.000000 1.000000 0.987706 0.986669 0.986935 0.987588 0.987898 0.982882 0.982609 0.981654 0.981853 0.982477 
1.000000 1.000000 1.000000 1.000000 1.000000 0.994789 0.994037 0.994800 0.994829 0.994391 0.993548 0.993833 0.993344 0.993979 0.994512 1.000000 1.000000 1.000000 1.000000 1.000000 0.998174 0.997571 0.997606 0.997667 0.997462 0.994230 0.994235 0.993994 0.994972 0.995856 1.000000 1.000000 1.000000 1.000000 1.000000 0.994332 0.995683 0.996392 0.994174 0.994975 0.993622 0.993588 0.993025 0.994950 0.995733 1.000000 1.000000 1.000000 1.000000 1.000000 0.995406 0.995632 0.997462 0.993477 0.994061 0.993178 0.993403 0.995785 0.995220 0.988927 1.000000 1.000000 1.000000 1.000000 1.000000 0.995219 0.995920 0.996257 0.996552 0.993865 0.994058 0.994389 0.993337 0.995176 0.994041 1.000000 1.000000 1.000000 1.000000 1.000000 0.996214 0.995624 0.995359 0.995758 0.997234 0.993689 0.993555 0.995022 0.992358 0.995542 1.000000 1.000000 1.000000 1.000000 1.000000 0.989622 0.990910 0.990677 0.989767 0.989906 0.989424 0.989474 0.989668 0.989389 0.989896 1.000000 1.000000 1.000000 1.000000 1.000000 0.996212 0.996463 0.996333 0.996527 0.996955 0.991067 0.988497 0.991086 0.989768 0.990211 1.000000 1.000000 1.000000 1.000000 1.000000 0.995913 0.996052 0.996119 0.996351 0.996809 0.994873 0.995015 0.994791 0.994924 0.995407 
1.000000 1.000000 1.000000 1.000000 1.000000 1.014329 1.014580 1.012386 1.013524 1.013774 1.015359 1.014012 1.015700 1.011976 1.009061 1.000000 1.000000 1.000000 1.000000 1.000000 1.005188 1.006331 1.007415 1.005748 1.005399 1.015335 1.014054 1.014075 1.012088 1.005810 1.000000 1.000000 1.000000 1.000000 1.000000 1.009945 1.012018 1.006665 1.019403 1.013622 1.013622 1.014655 1.012068 1.010055 1.010495 1.000000 1.000000 1.000000 1.000000 1.000000 1.013289 1.013999 1.001399 1.017722 1.008781 1.017458 1.015053 1.002596 1.005505 1.024767 1.000000 1.000000 1.000000 1.000000 1.000000 1.011055 1.008436 1.008194 1.006619 1.013493 1.013060 1.012772 1.015008 1.011434 1.009895 1.000000 1.000000 1.000000 1.000000 1.000000 1.009972 1.010708 1.011702 1.010758 1.005443 1.015589 1.015280 1.011600 1.019428 1.003633 1.000000 1.000000 1.000000 1.000000 1.000000 1.024811 1.022974 1.021688 1.025981 1.025155 1.026855 1.026615 1.026263 1.026106 1.024445 1.000000 1.000000 1.000000 1.000000 1.000000 1.009235 1.008325 1.008680 1.007334 1.003372 1.023589 1.027786 1.021077 1.021947 1.023907 1.000000 1.000000 1.000000 1.000000 1.000000 1.010919 1.010463 1.010094 1.009656 1.007553 1.012244 1.011783 1.011345 1.010871 1.008316 
1.000000 1.000000 1.000000 1.000000 1.000000 1.003146 1.004029 1.006553 1.004359 1.006139 1.008060 1.008289 1.008643 1.009400 1.011287 1.000000 1.000000 1.000000 1.000000 1.000000 1.001616 1.001435 1.001738 1.002296 1.003233 1.005017 1.005475 1.007582 1.006889 1.009054 1.000000 1.000000 1.000000 1.000000 1.000000 1.010159 1.006461 1.011550 1.001186 1.005256 1.011345 1.009812 1.016736 1.012420 1.012589 1.000000 1.000000 1.000000 1.000000 1.000000 1.000479 1.003629 1.015959 1.000586 1.016069 1.008109 1.011516 1.013037 1.012024 0.997533 1.000000 1.000000 1.000000 1.000000 1.000000 1.007821 1.008521 1.006513 1.009811 1.006133 1.009145 1.008476 1.009943 1.008054 1.016561 1.000000 1.000000 1.000000 1.000000 1.000000 1.003646 1.005266 1.002990 1.004077 1.004993 1.006975 1.007501 1.008209 1.008685 1.013807 1.000000 1.000000 1.000000 1.000000 1.000000 0.998224 1.000216 0.998203 0.998832 0.999194 1.000589 0.999736 0.999713 0.999948 0.999351 1.000000 1.000000 1.000000 1.000000 1.000000 1.005921 1.006233 1.006108 1.008559 1.011891 1.003258 1.004630 1.005536 1.008521 1.004564 1.000000 1.000000 1.000000 1.000000 1.000000 1.002964 1.004587 1.004743 1.004411 1.006194 1.006998 1.007836 1.009178 1.009358 1.011078 
1.000000 1.000000 1.000000 1.000000 1.000000 1.018513 1.019098 1.016190 1.017986 1.017771 1.020673 1.019081 1.021299 1.016969 1.013817 1.000000 1.000000 1.000000 1.000000 1.000000 1.006849 1.008066 1.009874 1.007432 1.007232 1.020140 1.018905 1.019140 1.016234 1.009067 1.000000 1.000000 1.000000 1.000000 1.000000 1.014732 1.016412 1.010421 1.025602 1.017978 1.019293 1.020332 1.018112 1.014286 1.014936 1.000000 1.000000 1.000000 1.000000 1.000000 1.016822 1.018918 1.003336 1.021969 1.011852 1.023110 1.021311 1.005406 1.008984 1.028262 1.000000 1.000000 1.000000 1.000000 1.000000 1.015938 1.011893 1.011449 1.010256 1.018297 1.017966 1.017612 1.021044 1.016450 1.015842 1.000000 1.000000 1.000000 1.000000 1.000000 1.013561 1.014240 1.014814 1.014445 1.007098 1.021004 1.020459 1.015557 1.027057 1.008078 1.000000 1.000000 1.000000 1.000000 1.000000 1.029179 1.027954 1.025201 1.031323 1.030220 1.032786 1.032219 1.031842 1.031389 1.029082 1.000000 1.000000 1.000000 1.000000 1.000000 1.012846 1.011695 1.012183 1.010903 1.006604 1.029753 1.035750 1.026905 1.028380 1.029702 1.000000 1.000000 1.000000 1.000000 1.000000 1.014387 1.014249 1.013579 1.013058 1.010517 1.016889 1.016361 1.016059 1.015620 1.012609 
1.000000 1.000000 1.000000 1.000000 1.000000 0.956062 0.953062 0.954830 0.955353 0.952184 0.944434 0.947137 0.942118 0.949382 0.953002 1.000000 1.000000 1.000000 1.000000 1.000000 0.983177 0.980592 0.976997 0.980414 0.979325 0.950319 0.951933 0.948168 0.955172 0.965931 1.000000 1.000000 1.000000 1.000000 1.000000 0.952277 0.955842 0.959716 0.946398 0.953956 0.941985 0.942566 0.936234 0.950247 0.949997 1.000000 1.000000 1.000000 1.000000 1.000000 0.963835 0.955808 0.966313 0.952042 0.946641 0.940047 0.938418 0.966134 0.960856 0.939334 1.000000 1.000000 1.000000 1.000000 1.000000 0.954491 0.961012 0.965352 0.962949 0.951150 0.947951 0.950114 0.940735 0.953410 0.941668 1.000000 1.000000 1.000000 1.000000 1.000000 0.966027 0.961401 0.963375 0.963328 0.976238 0.945567 0.945435 0.954445 0.931543 0.960625 1.000000 1.000000 1.000000 1.000000 1.000000 0.937741 0.938689 0.946101 0.933410 0.934915 0.927701 0.930082 0.931414 0.931203 0.936730 1.000000 1.000000 1.000000 1.000000 1.000000 0.963776 0.965645 0.964828 0.963639 0.966989 0.932237 0.918123 0.934220 0.925940 0.929142 1.000000 1.000000 1.000000 1.000000 1.000000 0.965146 0.963191 0.964132 0.965810 0.968127 0.954030 0.953748 0.952043 0.952787 0.956039 
1.000000 1.000000 1.000000 1.000000 1.000000 1.057748 1.060144 1.052919 1.056200 1.057921 1.067977 1.062989 1.070119 1.057107 1.048364 1.000000 1.000000 1.000000 1.000000 1.000000 1.022046 1.025362 1.031294 1.023680 1.023884 1.064195 1.060627 1.062548 1.053731 1.032451 1.000000 1.000000 1.000000 1.000000 1.000000 1.049958 1.053973 1.038925 1.077169 1.058798 1.065721 1.067670 1.066392 1.051722 1.053623 1.000000 1.000000 1.000000 1.000000 1.000000 1.051660 1.058926 1.020717 1.069098 1.046363 1.076687 1.072670 1.023707 1.034922 1.083217 1.000000 1.000000 1.000000 1.000000 1.000000 1.051870 1.041054 1.038771 1.037258 1.059940 1.060556 1.058783 1.070092 1.054380 1.057996 1.000000 1.000000 1.000000 1.000000 1.000000 1.043283 1.046757 1.047140 1.046170 1.025191 1.067926 1.067196 1.053077 1.087617 1.031450 1.000000 1.000000 1.000000 1.000000 1.000000 1.085850 1.083009 1.074169 1.092494 1.089493 1.097861 1.096541 1.095549 1.093956 1.086919 1.000000 1.000000 1.000000 1.000000 1.000000 1.042520 1.039083 1.040398 1.038449 1.027290 1.091116 1.110732 1.084463 1.090975 1.092550 1.000000 1.000000 1.000000 1.000000 1.000000 1.044877 1.045673 1.043908 1.041856 1.036025 1.055607 1.054705 1.054333 1.053122 1.045113 
1.000000 1.000000 1.000000 1.000000 1.000000 0.943397 0.940865 0.944397 0.943090 0.940575 0.931634 0.935499 0.928941 0.939849 0.945915 1.000000 1.000000 1.000000 1.000000 1.000000 0.978582 0.975277 0.970125 0.975487 0.975060 0.937033 0.940017 0.936197 0.944944 0.961679 1.000000 1.000000 1.000000 1.000000 1.000000 0.944336 0.944710 0.953932 0.927577 0.942223 0.930628 0.930223 0.927083 0.941752 0.939945 1.000000 1.000000 1.000000 1.000000 1.000000 0.952367 0.942017 0.966117 0.938095 0.941269 0.925567 0.925376 0.965823 0.958076 0.921833 1.000000 1.000000 1.000000 1.000000 1.000000 0.944135 0.953856 0.958421 0.957158 0.940503 0.937382 0.939374 0.927799 0.942964 0.933364 1.000000 1.000000 1.000000 1.000000 1.000000 0.957065 0.952365 0.953839 0.953948 0.972366 0.932323 0.932876 0.944700 0.914577 0.958304 1.000000 1.000000 1.000000 1.000000 1.000000 0.918708 0.919732 0.929991 0.912297 0.914737 0.905531 0.908725 0.910439 0.910626 0.917929 1.000000 1.000000 1.000000 1.000000 1.000000 0.955498 0.958157 0.956999 0.957135 0.964419 0.912274 0.895802 0.917330 0.909258 0.910133 1.000000 1.000000 1.000000 1.000000 1.000000 0.955351 0.953612 0.955097 0.956942 0.961547 0.943517 0.943586 0.942384 0.943485 0.949094 
1.000000 1.000000 1.000000 1.000000 1.000000 0.972432 0.969734 0.968311 0.970676 0.967314 0.960971 0.962209 0.959268 0.962485 0.962531 1.000000 1.000000 1.000000 1.000000 1.000000 0.989452 0.987669 0.986149 0.986665 0.985211 0.967289 0.967859 0.963479 0.968364 0.971770 1.000000 1.000000 1.000000 1.000000 1.000000 0.963317 0.970133 0.967324 0.969192 0.970354 0.956874 0.958346 0.948251 0.960700 0.960171 1.000000 1.000000 1.000000 1.000000 1.000000 0.979666 0.972605 0.966416 0.973583 0.954209 0.958563 0.955051 0.967802 0.966433 0.964612 1.000000 1.000000 1.000000 1.000000 1.000000 0.967232 0.970208 0.974775 0.970736 0.967452 0.962307 0.963860 0.957757 0.966789 0.951389 1.000000 1.000000 1.000000 1.000000 1.000000 0.978033 0.973814 0.976697 0.975793 0.982043 0.962700 0.962274 0.966857 0.953892 0.964413 1.000000 1.000000 1.000000 1.000000 1.000000 0.963670 0.963163 0.968553 0.961248 0.961722 0.956548 0.959027 0.959680 0.958934 0.962659 1.000000 1.000000 1.000000 1.000000 1.000000 0.974591 0.975193 0.974849 0.972239 0.970745 0.957336 0.947575 0.956609 0.948567 0.954186 1.000000 1.000000 1.000000 1.000000 1.000000 0.977609 0.975370 0.975650 0.976854 0.976827 0.967776 0.967004 0.964580 0.964935 0.965098 
1.000000 1.000000 1.000000 1.000000 1.000000 1.021023 1.021923 1.019439 1.021005 1.021076 1.025257 1.023614 1.026246 1.021905 1.019385 1.000000 1.000000 1.000000 1.000000 1.000000 1.008207 1.009047 1.011784 1.008618 1.008824 1.023531 1.022562 1.023504 1.020058 1.013130 1.000000 1.000000 1.000000 1.000000 1.000000 1.019786 1.020770 1.016138 1.028805 1.021839 1.025393 1.025748 1.026254 1.020273 1.021278 1.000000 1.000000 1.000000 1.000000 1.000000 1.018381 1.022609 1.009249 1.023891 1.017238 1.028053 1.028209 1.010206 1.014048 1.025425 1.000000 1.000000 1.000000 1.000000 1.000000 1.020637 1.015986 1.014977 1.015376 1.022377 1.022854 1.022289 1.027046 1.021494 1.024000 1.000000 1.000000 1.000000 1.000000 1.000000 1.016459 1.017411 1.016729 1.017289 1.009156 1.025289 1.024846 1.019881 1.033442 1.014437 1.000000 1.000000 1.000000 1.000000 1.000000 1.027562 1.028055 1.023357 1.030833 1.029685 1.033227 1.032359 1.031964 1.031129 1.028362 1.000000 1.000000 1.000000 1.000000 1.000000 1.016476 1.015256 1.015758 1.015540 1.012194 1.031975 1.039039 1.029779 1.032217 1.031833 1.000000 1.000000 1.000000 1.000000 1.000000 1.016619 1.017431 1.016570 1.015915 1.013951 1.021148 1.020967 1.021065 1.020807 1.018239 
1.000000 1.000000 1.000000 1.000000 1.000000 1.003424 1.003936 1.004266 1.003917 1.004335 1.005520 1.005447 1.005784 1.005649 1.006089 1.000000 1.000000 1.000000 1.000000 1.000000 1.001333 1.001516 1.001727 1.001750 1.002077 1.004313 1.004411 1.005228 1.004438 1.004675 1.000000 1.000000 1.000000 1.000000 1.000000 1.005725 1.004089 1.005153 1.003734 1.003801 1.006493 1.006104 1.008392 1.006123 1.006236 1.000000 1.000000 1.000000 1.000000 1.000000 1.002223 1.003574 1.005582 1.002684 1.006848 1.005757 1.006854 1.005592 1.005521 1.003297 1.000000 1.000000 1.000000 1.000000 1.000000 1.004913 1.004421 1.003663 1.004597 1.004468 1.005447 1.005296 1.006274 1.004941 1.008165 1.000000 1.000000 1.000000 1.000000 1.000000 1.002970 1.003516 1.002834 1.003267 1.002490 1.005172 1.005239 1.004772 1.006579 1.006402 1.000000 1.000000 1.000000 1.000000 1.000000 1.003623 1.004059 1.003055 1.004053 1.004023 1.004812 1.004340 1.004300 1.004389 1.003859 1.000000 1.000000 1.000000 1.000000 1.000000 1.003635 1.003620 1.003657 1.004250 1.005017 1.005199 1.006814 1.005623 1.007004 1.005586 1.000000 1.000000 1.000000 1.000000 1.000000 1.002915 1.003388 1.003321 1.003174 1.003337 1.004625 1.004790 1.005299 1.005320 1.005586 
1.000000 1.000000 1.000000 1.000000 1.000000 0.962563 0.960146 0.960690 0.961417 0.958680 0.951375 0.953604 0.949304 0.955385 0.957728 1.000000 1.000000 1.000000 1.000000 1.000000 0.985589 0.983564 0.980298 0.983089 0.982043 0.957085 0.958520 0.954583 0.960683 0.969267 1.000000 1.000000 1.000000 1.000000 1.000000 0.957620 0.961162 0.963049 0.954176 0.960467 0.948402 0.949191 0.942083 0.954948 0.953690 1.000000 1.000000 1.000000 1.000000 1.000000 0.970107 0.961542 0.967475 0.961185 0.951757 0.947538 0.945162 0.968702 0.964677 0.952524 1.000000 1.000000 1.000000 1.000000 1.000000 0.959504 0.965121 0.969418 0.966274 0.958402 0.954246 0.955919 0.947829 0.958619 0.946192 1.000000 1.000000 1.000000 1.000000 1.000000 0.970689 0.966615 0.969146 0.968355 0.979211 0.952583 0.952586 0.959736 0.940176 0.963385 1.000000 1.000000 1.000000 1.000000 1.000000 0.950233 0.949618 0.957274 0.945927 0.947178 0.940504 0.943106 0.944075 0.944015 0.948987 1.000000 1.000000 1.000000 1.000000 1.000000 0.968085 0.969493 0.968854 0.967191 0.969122 0.942714 0.930967 0.944236 0.936761 0.940415 1.000000 1.000000 1.000000 1.000000 1.000000 0.970071 0.967861 0.968673 0.970073 0.971681 0.959638 0.959154 0.957365 0.957921 0.960176 
1.000000 1.000000 1.000000 1.000000 1.000000 0.983335 0.984306 0.989400 0.985041 0.987404 0.986456 0.988432 0.986311 0.992250 0.997644 1.000000 1.000000 1.000000 1.000000 1.000000 0.994229 0.992981 0.990912 0.994412 0.995882 0.983591 0.985765 0.987555 0.989732 1.000385 1.000000 1.000000 1.000000 1.000000 1.000000 0.995454 0.988322 1.000240 0.972802 0.986029 0.991236 0.988420 0.998494 0.997322 0.995751 1.000000 1.000000 1.000000 1.000000 1.000000 0.982742 0.982390 1.012313 0.978260 1.004334 0.983933 0.988963 1.009016 1.004157 0.970771 1.000000 1.000000 1.000000 1.000000 1.000000 0.990612 0.995873 0.994453 0.998788 0.987767 0.990445 0.990043 0.987743 0.990351 1.000030 1.000000 1.000000 1.000000 1.000000 1.000000 0.989151 0.990242 0.987637 0.988801 0.997824 0.984851 0.986262 0.991681 0.980093 1.006598 1.000000 1.000000 1.000000 1.000000 1.000000 0.969444 0.971575 0.973739 0.967021 0.968674 0.966949 0.967095 0.967500 0.968422 0.970502 1.000000 1.000000 1.000000 1.000000 1.000000 0.992095 0.993610 0.992982 0.996796 1.005212 0.972052 0.968420 0.978061 0.979993 0.974091 1.000000 1.000000 1.000000 1.000000 1.000000 0.987559 0.989136 0.990072 0.990186 0.994832 0.989186 0.990472 0.992288 0.992947 0.998022 
1.000000 1.000000 1.000000 1.000000 1.000000 0.982678 0.981264 0.981478 0.982169 0.980661 0.977240 0.978217 0.976307 0.978923 0.980028 1.000000 1.000000 1.000000 1.000000 1.000000 0.993477 0.992257 0.991251 0.992020 0.991444 0.980079 0.980662 0.978807 0.981683 0.985258 1.000000 1.000000 1.000000 1.000000 1.000000 0.979912 0.982522 0.983042 0.979644 0.981972 0.975969 0.976253 0.972784 0.979180 0.979192 1.000000 1.000000 1.000000 1.000000 1.000000 0.986228 0.983009 0.984473 0.981814 0.976293 0.975689 0.974889 0.984365 0.982769 0.975045 1.000000 1.000000 1.000000 1.000000 1.000000 0.981472 0.983696 0.985804 0.984567 0.980501 0.978471 0.979449 0.975856 0.981140 0.974937 1.000000 1.000000 1.000000 1.000000 1.000000 0.986673 0.984504 0.985417 0.985389 0.989997 0.977853 0.977780 0.981294 0.972577 0.982507 1.000000 1.000000 1.000000 1.000000 1.000000 0.974761 0.975344 0.978022 0.973382 0.973861 0.971007 0.972142 0.972589 0.972261 0.974470 1.000000 1.000000 1.000000 1.000000 1.000000 0.985421 0.986018 0.985728 0.985021 0.985670 0.972658 0.966699 0.972997 0.968969 0.970986 1.000000 1.000000 1.000000 1.000000 1.000000 0.986176 0.985355 0.985608 0.986312 0.987013 0.981321 0.981167 0.980205 0.980525 0.981533 
1.000000 1.000000 1.000000 1.000000 1.000000 0.958403 0.955247 0.955700 0.956821 0.953619 0.945261 0.947560 0.942927 0.949110 0.951245 1.000000 1.000000 1.000000 1.000000 1.000000 0.984136 0.981635 0.978494 0.980959 0.979588 0.952128 0.953434 0.948761 0.955818 0.964163 1.000000 1.000000 1.000000 1.000000 1.000000 0.951228 0.957018 0.958075 0.949990 0.956321 0.941570 0.942627 0.933689 0.948890 0.947998 1.000000 1.000000 1.000000 1.000000 1.000000 0.967160 0.957866 0.962178 0.957372 0.944039 0.941353 0.938335 0.962492 0.958626 0.945265 1.000000 1.000000 1.000000 1.000000 1.000000 0.954300 0.960396 0.965478 0.961795 0.953139 0.948312 0.950215 0.941241 0.953532 0.938263 1.000000 1.000000 1.000000 1.000000 1.000000 0.967421 0.962644 0.965513 0.964630 0.976340 0.946758 0.946682 0.954730 0.933187 0.956703 1.000000 1.000000 1.000000 1.000000 1.000000 0.943248 0.943049 0.951067 0.938938 0.940208 0.932870 0.935921 0.937022 0.936603 0.942117 1.000000 1.000000 1.000000 1.000000 1.000000 0.964263 0.965710 0.965000 0.962994 0.964297 0.935760 0.922051 0.936946 0.927835 0.932737 1.000000 1.000000 1.000000 1.000000 1.000000 0.966611 0.964193 0.965029 0.966605 0.968264 0.954651 0.954124 0.951782 0.952393 0.954539 
1.000000 1.000000 1.000000 1.000000 1.000000 0.962276 0.958238 0.954912 0.959572 0.953933 0.945090 0.946565 0.942499 0.946248 0.945671 1.000000 1.000000 1.000000 1.000000 1.000000 0.985293 0.983042 0.980987 0.981304 0.978890 0.954774 0.955271 0.948632 0.955137 0.958751 1.000000 1.000000 1.000000 1.000000 1.000000 0.946890 0.957572 0.951175 0.959772 0.958165 0.938083 0.940803 0.924488 0.942730 0.942296 1.000000 1.000000 1.000000 1.000000 1.000000 0.972973 0.962666 0.947204 0.964324 0.930794 0.942049 0.936175 0.950978 0.949616 0.953789 1.000000 1.000000 1.000000 1.000000 1.000000 0.953473 0.956506 0.963524 0.956615 0.953930 0.945997 0.948679 0.940173 0.952707 0.929019 1.000000 1.000000 1.000000 1.000000 1.000000 0.969439 0.962793 0.967611 0.966257 0.973501 0.947827 0.946853 0.952654 0.935784 0.946760 1.000000 1.000000 1.000000 1.000000 1.000000 0.952682 0.951450 0.958999 0.949526 0.949873 0.942526 0.945963 0.946937 0.945720 0.950766 1.000000 1.000000 1.000000 1.000000 1.000000 0.963742 0.964396 0.964025 0.959258 0.955666 0.942698 0.929686 0.940656 0.928470 0.937522 1.000000 1.000000 1.000000 1.000000 1.000000 0.969272 0.965543 0.965723 0.967545 0.966385 0.954450 0.952983 0.949160 0.949600 0.948988 
1.000000 1.000000 1.000000 1.000000 1.000000 1.038578 1.040663 1.037842 1.038622 1.040469 1.047881 1.045015 1.049519 1.041823 1.037544 1.000000 1.000000 1.000000 1.000000 1.000000 1.014493 1.017036 1.020134 1.016690 1.017211 1.043696 1.041563 1.044260 1.038048 1.026447 1.000000 1.000000 1.000000 1.000000 1.000000 1.038059 1.037119 1.030773 1.049366 1.039147 1.048050 1.048763 1.051549 1.039660 1.040960 1.000000 1.000000 1.000000 1.000000 1.000000 1.032584 1.038858 1.022476 1.042737 1.040028 1.052692 1.051890 1.023685 1.029294 1.055474 1.000000 1.000000 1.000000 1.000000 1.000000 1.037585 1.031141 1.028126 1.028674 1.040748 1.043633 1.042209 1.049860 1.038729 1.046638 1.000000 1.000000 1.000000 1.000000 1.000000 1.029057 1.032352 1.031636 1.031474 1.018884 1.047263 1.046834 1.038195 1.059720 1.028497 1.000000 1.000000 1.000000 1.000000 1.000000 1.057006 1.055575 1.049326 1.060991 1.059331 1.065344 1.063442 1.062774 1.062481 1.057551 1.000000 1.000000 1.000000 1.000000 1.000000 1.030003 1.028199 1.028972 1.028745 1.023794 1.061560 1.074826 1.058440 1.064865 1.063474 1.000000 1.000000 1.000000 1.000000 1.000000 1.030389 1.031414 1.030494 1.029101 1.025974 1.039078 1.038835 1.039645 1.038845 1.034769 
1.000000 1.000000 1.000000 1.000000 1.000000 0.987512 0.987337 0.989642 0.988363 0.988390 0.987273 0.988457 0.986973 0.990298 0.993131 1.000000 1.000000 1.000000 1.000000 1.000000 0.995491 0.994496 0.993491 0.995117 0.995517 0.986924 0.988015 0.988327 0.990001 0.995763 1.000000 1.000000 1.000000 1.000000 1.000000 0.992101 0.989881 0.995204 0.982827 0.988259 0.989093 0.988043 0.991188 0.992488 0.992394 1.000000 1.000000 1.000000 1.000000 1.000000 0.988080 0.987830 1.000502 0.983999 0.993942 0.985604 0.987885 0.999016 0.996297 0.977680 1.000000 1.000000 1.000000 1.000000 1.000000 0.990892 0.993347 0.993303 0.995040 0.988372 0.989288 0.989602 0.987583 0.990572 0.993062 1.000000 1.000000 1.000000 1.000000 1.000000 0.991382 0.990918 0.989806 0.990776 0.995645 0.986886 0.987204 0.990607 0.983585 0.998088 1.000000 1.000000 1.000000 1.000000 1.000000 0.977718 0.979573 0.980495 0.976731 0.977502 0.976134 0.976209 0.976600 0.976754 0.978150 1.000000 1.000000 1.000000 1.000000 1.000000 0.992318 0.993192 0.992849 0.994287 0.998173 0.979477 0.975887 0.981842 0.981348 0.979274 1.000000 1.000000 1.000000 1.000000 1.000000 0.990542 0.991102 0.991472 0.991828 0.993875 0.989827 0.990323 0.990857 0.991281 0.993759 
1.000000 1.000000 1.000000 1.000000 1.000000 0.972181 0.971468 0.975143 0.972470 0.972951 0.968636 0.970838 0.967599 0.973914 0.978051 1.000000 1.000000 1.000000 1.000000 1.000000 0.989811 0.987979 0.985308 0.988618 0.988994 0.969691 0.971559 0.970729 0.975222 0.985224 1.000000 1.000000 1.000000 1.000000 1.000000 0.976809 0.974871 0.983032 0.961503 0.973271 0.970141 0.968778 0.971372 0.977084 0.975607 1.000000 1.000000 1.000000 1.000000 1.000000 0.975453 0.971127 0.992932 0.968902 0.980522 0.965407 0.967077 0.990359 0.985714 0.959205 1.000000 1.000000 1.000000 1.000000 1.000000 0.974880 0.981154 0.982294 0.983544 0.972922 0.972606 0.972952 0.967616 0.974463 0.974019 1.000000 1.000000 1.000000 1.000000 1.000000 0.979544 0.978497 0.978066 0.978198 0.989162 0.968234 0.969201 0.976000 0.959324 0.985963 1.000000 1.000000 1.000000 1.000000 1.000000 0.957260 0.958325 0.963298 0.953751 0.955393 0.951197 0.952682 0.953350 0.953830 0.957510 1.000000 1.000000 1.000000 1.000000 1.000000 0.980191 0.981753 0.981037 0.982741 0.988606 0.955479 0.947153 0.959797 0.957339 0.955793 1.000000 1.000000 1.000000 1.000000 1.000000 0.978181 0.978197 0.979227 0.979896 0.983722 0.974262 0.974912 0.975077 0.975704 0.979820 
1.000000 1.000000 1.000000 1.000000 1.000000 1.019048 1.019787 1.018616 1.019354 1.019782 1.023599 1.022205 1.024405 1.020496 1.018567 1.000000 1.000000 1.000000 1.000000 1.000000 1.007075 1.008299 1.009944 1.008249 1.008356 1.021623 1.020414 1.021941 1.018760 1.013013 1.000000 1.000000 1.000000 1.000000 1.000000 1.018765 1.018520 1.015358 1.025158 1.018959 1.023749 1.024228 1.025318 1.019637 1.021054 1.000000 1.000000 1.000000 1.000000 1.000000 1.015725 1.019793 1.011098 1.019729 1.019227 1.025875 1.025708 1.011379 1.013883 1.025569 1.000000 1.000000 1.000000 1.000000 1.000000 1.019085 1.015469 1.013826 1.014284 1.019374 1.021314 1.020912 1.024594 1.019438 1.023538 1.000000 1.000000 1.000000 1.000000 1.000000 1.014356 1.015749 1.015174 1.015517 1.008943 1.023395 1.022873 1.018742 1.029655 1.014281 1.000000 1.000000 1.000000 1.000000 1.000000 1.027031 1.027073 1.023130 1.029452 1.028545 1.031782 1.030389 1.030113 1.029902 1.027262 1.000000 1.000000 1.000000 1.000000 1.000000 1.014913 1.014094 1.014483 1.014317 1.011858 1.030385 1.036422 1.028391 1.031294 1.030696 1.000000 1.000000 1.000000 1.000000 1.000000 1.015134 1.015719 1.015182 1.014612 1.012830 1.019344 1.019222 1.019665 1.019285 1.017268 
1.000000 1.000000 1.000000 1.000000 1.000000 0.990087 0.990093 0.991459 0.990105 0.990745 0.988939 0.989778 0.988531 0.990986 0.992512 1.000000 1.000000 1.000000 1.000000 1.000000 0.996276 0.995839 0.994470 0.996081 0.996289 0.989151 0.989897 0.989650 0.991259 0.995224 1.000000 1.000000 1.000000 1.000000 1.000000 0.992070 0.990635 0.993841 0.985321 0.990369 0.989426 0.988855 0.990196 0.992125 0.991009 1.000000 1.000000 1.000000 1.000000 1.000000 0.991281 0.988935 0.997975 0.989404 0.994411 0.987697 0.988134 0.997517 0.995657 0.988285 1.000000 1.000000 1.000000 1.000000 1.000000 0.990750 0.993427 0.993753 0.993987 0.990689 0.990423 0.990420 0.988443 0.990536 0.990765 1.000000 1.000000 1.000000 1.000000 1.000000 0.992510 0.992444 0.992547 0.992176 0.996567 0.988637 0.989207 0.991665 0.984933 0.995283 1.000000 1.000000 1.000000 1.000000 1.000000 0.986803 0.986320 0.988978 0.984945 0.985641 0.983905 0.984574 0.984722 0.985203 0.986645 1.000000 1.000000 1.000000 1.000000 1.000000 0.992793 0.993381 0.993113 0.993691 0.996003 0.984606 0.981979 0.986500 0.986036 0.985359 1.000000 1.000000 1.000000 1.000000 1.000000 0.992165 0.991989 0.992479 0.992657 0.994126 0.990734 0.990960 0.991120 0.991293 0.992908 
1.000000 1.000000 1.000000 1.000000 1.000000 0.986161 0.984883 0.984460 0.985655 0.983797 0.981002 0.981729 0.980225 0.982110 0.982596 1.000000 1.000000 1.000000 1.000000 1.000000 0.994709 0.993757 0.993054 0.993419 0.992791 0.983813 0.984226 0.982350 0.984610 0.986962 1.000000 1.000000 1.000000 1.000000 1.000000 0.982812 0.985503 0.984876 0.984623 0.985153 0.979469 0.980031 0.975779 0.981422 0.981473 1.000000 1.000000 1.000000 1.000000 1.000000 0.989338 0.986617 0.984790 0.985659 0.978225 0.979643 0.978543 0.985457 0.984417 0.980461 1.000000 1.000000 1.000000 1.000000 1.000000 0.984612 0.985885 0.987905 0.986415 0.983864 0.981758 0.982647 0.979688 0.984281 0.977724 1.000000 1.000000 1.000000 1.000000 1.000000 0.989224 0.987086 0.988109 0.988109 0.991184 0.981808 0.981501 0.983901 0.977701 0.984288 1.000000 1.000000 1.000000 1.000000 1.000000 0.980427 0.980814 0.982891 0.979484 0.979732 0.977382 0.978304 0.978676 0.978293 0.980028 1.000000 1.000000 1.000000 1.000000 1.000000 0.987793 0.988185 0.988007 0.986985 0.986837 0.978377 0.973507 0.978116 0.974363 0.976573 1.000000 1.000000 1.000000 1.000000 1.000000 0.988935 0.988051 0.988142 0.988786 0.988881 0.984449 0.984137 0.983150 0.983391 0.983755 
1.000000 1.000000 1.000000 1.000000 1.000000 1.005696 1.004921 1.002325 1.004343 1.003356 1.002795 1.001826 1.002616 0.999807 0.996793 1.000000 1.000000 1.000000 1.000000 1.000000 1.001899 1.002419 1.003159 1.001529 1.000625 1.004966 1.003786 1.002370 1.001974 0.996497 1.000000 1.000000 1.000000 1.000000 1.000000 0.998072 1.002748 0.996287 1.010071 1.004311 0.999725 1.001275 0.995000 0.997333 0.997822 1.000000 1.000000 1.000000 1.000000 1.000000 1.006924 1.005683 0.990542 1.009254 0.993854 1.004093 1.000511 0.991840 0.994349 1.012905 1.000000 1.000000 1.000000 1.000000 1.000000 1.000761 0.998955 1.000168 0.997326 1.002993 1.000888 1.001147 1.001389 1.000957 0.993994 1.000000 1.000000 1.000000 1.000000 1.000000 1.003091 1.002407 1.004271 1.003111 0.999625 1.003681 1.003136 1.000904 1.004761 0.991943 1.000000 1.000000 1.000000 1.000000 1.000000 1.012917 1.011183 1.011295 1.013518 1.012801 1.012959 1.013417 1.013237 1.012792 1.012254 1.000000 1.000000 1.000000 1.000000 1.000000 1.001236 1.000503 1.000756 0.998543 0.993913 1.009965 1.010596 1.006955 1.004966 1.009019 1.000000 1.000000 1.000000 1.000000 1.000000 1.003905 1.002765 1.002452 1.002431 1.000230 1.001959 1.001257 0.999990 0.999625 0.997029 
1.000000 1.000000 1.000000 1.000000 1.000000 1.045892 1.048580 1.045323 1.046179 1.048359 1.057621 1.054282 1.059614 1.050703 1.045976 1.000000 1.000000 1.000000 1.000000 1.000000 1.017240 1.020273 1.023911 1.019946 1.020719 1.052242 1.049866 1.053297 1.045731 1.032527 1.000000 1.000000 1.000000 1.000000 1.000000 1.046364 1.044408 1.037511 1.058586 1.046629 1.058187 1.058910 1.063111 1.048153 1.049673 1.000000 1.000000 1.000000 1.000000 1.000000 1.038499 1.046272 1.027950 1.050360 1.048721 1.063262 1.062796 1.029705 1.036161 1.065410 1.000000 1.000000 1.000000 1.000000 1.000000 1.045415 1.037668 1.033913 1.034907 1.048887 1.052665 1.050957 1.060231 1.046761 1.057374 1.000000 1.000000 1.000000 1.000000 1.000000 1.034750 1.038710 1.037611 1.037677 1.022718 1.056784 1.056272 1.045983 1.071871 1.035719 1.000000 1.000000 1.000000 1.000000 1.000000 1.067319 1.065829 1.058215 1.072101 1.070159 1.077406 1.075018 1.074291 1.073952 1.068039 1.000000 1.000000 1.000000 1.000000 1.000000 1.036071 1.033982 1.034899 1.034848 1.029486 1.073322 1.089636 1.069948 1.078039 1.075664 1.000000 1.000000 1.000000 1.000000 1.000000 1.036266 1.037630 1.036519 1.034853 1.031268 1.047061 1.046806 1.047965 1.047060 1.042430 
1.000000 1.000000 1.000000 1.000000 1.000000 1.001155 1.001615 1.004257 1.002503 1.003624 1.005300 1.005632 1.005726 1.006597 1.008634 1.000000 1.000000 1.000000 1.000000 1.000000 1.000704 1.000477 1.000600 1.001382 1.002077 1.002760 1.003073 1.005085 1.004606 1.007025 1.000000 1.000000 1.000000 1.000000 1.000000 1.007493 1.004270 1.009150 0.999563 1.002581 1.008233 1.007004 1.012916 1.009537 1.010408 1.000000 1.000000 1.000000 1.000000 1.000000 0.998623 1.001992 1.013494 0.997319 1.012494 1.005109 1.008233 1.010567 1.009136 0.994210 1.000000 1.000000 1.000000 1.000000 1.000000 1.005826 1.006418 1.004554 1.007624 1.002976 1.006239 1.005976 1.006777 1.005798 1.013502 1.000000 1.000000 1.000000 1.000000 1.000000 1.001939 1.003096 1.000927 1.002261 1.003372 1.004412 1.004609 1.005699 1.005433 1.011396 1.000000 1.000000 1.000000 1.000000 1.000000 0.995298 0.997708 0.995504 0.995994 0.996321 0.997528 0.996410 0.996532 0.996725 0.996208 1.000000 1.000000 1.000000 1.000000 1.000000 1.004053 1.004502 1.004354 1.006495 1.009718 1.000576 1.000913 1.002342 1.004646 1.001172 1.000000 1.000000 1.000000 1.000000 1.000000 1.001460 1.002908 1.003048 1.002904 1.004419 1.004691 1.005433 1.006666 1.006851 1.008557 
1.000000 1.000000 1.000000 1.000000 1.000000 0.967145 0.966623 0.971708 0.968212 0.968767 0.964579 0.967389 0.963475 0.971540 0.977404 1.000000 1.000000 1.000000 1.000000 1.000000 0.987924 0.985789 0.982473 0.986902 0.987641 0.964843 0.967305 0.967099 0.972012 0.985312 1.000000 1.000000 1.000000 1.000000 1.000000 0.975472 0.971184 0.982768 0.954116 0.968487 0.967424 0.965435 0.970628 0.975796 0.974409 1.000000 1.000000 1.000000 1.000000 1.000000 0.970004 0.966176 0.995820 0.961230 0.980748 0.960507 0.963644 0.992796 0.986486 0.949673 1.000000 1.000000 1.000000 1.000000 1.000000 0.972405 0.979718 0.980389 0.982930 0.968633 0.969484 0.969996 0.963812 0.971721 0.974244 1.000000 1.000000 1.000000 1.000000 1.000000 0.976231 0.975204 0.973924 0.974801 0.987984 0.963840 0.964901 0.973123 0.953714 0.988239 1.000000 1.000000 1.000000 1.000000 1.000000 0.947807 0.949920 0.955002 0.943866 0.945904 0.941331 0.942500 0.943427 0.944117 0.948247 1.000000 1.000000 1.000000 1.000000 1.000000 0.977710 0.979781 0.978902 0.981562 0.989930 0.947489 0.938094 0.953181 0.951193 0.947849 1.000000 1.000000 1.000000 1.000000 1.000000 0.974558 0.975009 0.976227 0.977034 0.981916 0.971040 0.971965 0.972716 0.973550 0.979075 
1.000000 1.000000 1.000000 1.000000 1.000000 1.017073 1.018133 1.017871 1.017463 1.018771 1.022291 1.021186 1.023175 1.020168 1.018894 1.000000 1.000000 1.000000 1.000000 1.000000 1.006534 1.007547 1.008913 1.007701 1.008152 1.019698 1.018902 1.020659 1.017925 1.013666 1.000000 1.000000 1.000000 1.000000 1.000000 1.018889 1.017496 1.016413 1.020903 1.017928 1.023363 1.023219 1.026267 1.020228 1.020817 1.000000 1.000000 1.000000 1.000000 1.000000 1.013700 1.017339 1.014459 1.017896 1.021843 1.024179 1.024871 1.013797 1.015755 1.022448 1.000000 1.000000 1.000000 1.000000 1.000000 1.018059 1.015654 1.013728 1.014967 1.018737 1.020917 1.020066 1.023664 1.018559 1.024252 1.000000 1.000000 1.000000 1.000000 1.000000 1.013196 1.015113 1.014123 1.014338 1.009451 1.021748 1.021700 1.018360 1.027306 1.015931 1.000000 1.000000 1.000000 1.000000 1.000000 1.023304 1.023330 1.020084 1.025140 1.024568 1.027522 1.026414 1.026080 1.026085 1.023836 1.000000 1.000000 1.000000 1.000000 1.000000 1.014319 1.013676 1.013956 1.014609 1.013513 1.026643 1.032265 1.025981 1.029528 1.027856 1.000000 1.000000 1.000000 1.000000 1.000000 1.013586 1.014502 1.014185 1.013513 1.012746 1.018339 1.018509 1.019256 1.018959 1.017765 
1.000000 1.000000 1.000000 1.000000 1.000000 1.048613 1.051874 1.051436 1.049943 1.053719 1.064487 1.061367 1.066926 1.058405 1.054986 1.000000 1.000000 1.000000 1.000000 1.000000 1.018312 1.021620 1.024802 1.022187 1.023576 1.056581 1.054228 1.059603 1.051594 1.040012 1.000000 1.000000 1.000000 1.000000 1.000000 1.054706 1.049314 1.046920 1.058975 1.050350 1.067423 1.067298 1.076652 1.058224 1.059881 1.000000 1.000000 1.000000 1.000000 1.000000 1.038489 1.048647 1.042370 1.049956 1.064249 1.069673 1.071378 1.041148 1.046188 1.066598 1.000000 1.000000 1.000000 1.000000 1.000000 1.051645 1.045066 1.039201 1.042662 1.053089 1.060494 1.057982 1.067965 1.052923 1.070961 1.000000 1.000000 1.000000 1.000000 1.000000 1.037217 1.042959 1.040273 1.040837 1.027266 1.062799 1.062519 1.052828 1.078210 1.046725 1.000000 1.000000 1.000000 1.000000 1.000000 1.068481 1.067960 1.059240 1.073201 1.071646 1.079954 1.076518 1.075816 1.076118 1.069651 1.000000 1.000000 1.000000 1.000000 1.000000 1.040651 1.038993 1.039768 1.041568 1.038924 1.077598 1.094562 1.076090 1.087182 1.081578 1.000000 1.000000 1.000000 1.000000 1.000000 1.038767 1.041203 1.040447 1.038504 1.036268 1.052654 1.053037 1.055436 1.054507 1.051174 
1.000000 1.000000 1.000000 1.000000 1.000000 1.004784 1.005526 1.005502 1.005344 1.005706 1.007401 1.007264 1.007845 1.007658 1.008112 1.000000 1.000000 1.000000 1.000000 1.000000 1.002071 1.002051 1.002825 1.002228 1.002740 1.005895 1.006215 1.007027 1.005963 1.006045 1.000000 1.000000 1.000000 1.000000 1.000000 1.007707 1.006000 1.007068 1.005722 1.005806 1.008836 1.008191 1.011112 1.008020 1.007943 1.000000 1.000000 1.000000 1.000000 1.000000 1.003527 1.005443 1.006719 1.004618 1.007906 1.007805 1.009608 1.006894 1.007284 1.002825 1.000000 1.000000 1.000000 1.000000 1.000000 1.006815 1.005810 1.005088 1.006449 1.006742 1.007419 1.007112 1.008836 1.007080 1.010724 1.000000 1.000000 1.000000 1.000000 1.000000 1.004489 1.004984 1.003925 1.004683 1.003193 1.007048 1.007182 1.006350 1.009655 1.008575 1.000000 1.000000 1.000000 1.000000 1.000000 1.003621 1.004582 1.002887 1.004571 1.004461 1.005599 1.005220 1.005129 1.004947 1.004259 1.000000 1.000000 1.000000 1.000000 1.000000 1.005186 1.005026 1.005110 1.005990 1.006827 1.006434 1.008800 1.007057 1.008650 1.006719 1.000000 1.000000 1.000000 1.000000 1.000000 1.004050 1.004849 1.004623 1.004407 1.004675 1.006457 1.006685 1.007234 1.007347 1.007578 
1.000000 1.000000 1.000000 1.000000 1.000000 0.997179 0.996925 0.996415 0.996924 0.996449 0.995662 0.995763 0.995406 0.995687 0.995593 1.000000 1.000000 1.000000 1.000000 1.000000 0.998813 0.998753 0.998464 0.998567 0.998343 0.996515 0.996549 0.995972 0.996391 0.996678 1.000000 1.000000 1.000000 1.000000 1.000000 0.995698 0.996402 0.995584 0.997048 0.996581 0.994888 0.995173 0.993668 0.995183 0.995078 1.000000 1.000000 1.000000 1.000000 1.000000 0.998122 0.996992 0.994950 0.997529 0.994056 0.995472 0.994783 0.995841 0.995738 0.997868 1.000000 1.000000 1.000000 1.000000 1.000000 0.996180 0.996316 0.996953 0.996126 0.996420 0.995551 0.995871 0.995147 0.996043 0.993939 1.000000 1.000000 1.000000 1.000000 1.000000 0.997576 0.997001 0.997592 0.997363 0.997793 0.995878 0.995810 0.996147 0.994829 0.995441 1.000000 1.000000 1.000000 1.000000 1.000000 0.997574 0.997113 0.997982 0.997175 0.997179 0.996508 0.996801 0.996857 0.996837 0.997242 1.000000 1.000000 1.000000 1.000000 1.000000 0.996989 0.997020 0.997009 0.996424 0.995990 0.996046 0.995260 0.995732 0.994750 0.995654 1.000000 1.000000 1.000000 1.000000 1.000000 0.997683 0.997222 0.997229 0.997385 0.997114 0.996316 0.996125 0.995797 0.995807 0.995686 
1.000000 1.000000 1.000000 1.000000 1.000000 1.021952 1.021921 1.019564 1.021441 1.021227 1.024642 1.022642 1.025331 1.019612 1.015835 1.000000 1.000000 1.000000 1.000000 1.000000 1.008100 1.009471 1.011731 1.008932 1.008413 1.024094 1.022016 1.022731 1.019529 1.010194 1.000000 1.000000 1.000000 1.000000 1.000000 1.016806 1.020098 1.013147 1.030844 1.021226 1.023002 1.024452 1.021553 1.017656 1.019862 1.000000 1.000000 1.000000 1.000000 1.000000 1.019309 1.023097 1.005756 1.024330 1.015128 1.027762 1.025395 1.005721 1.009744 1.030735 1.000000 1.000000 1.000000 1.000000 1.000000 1.019162 1.014596 1.013635 1.012607 1.020273 1.021286 1.021076 1.024679 1.019689 1.019382 1.000000 1.000000 1.000000 1.000000 1.000000 1.015867 1.016815 1.017170 1.016959 1.008475 1.025025 1.024078 1.018879 1.031861 1.008687 1.000000 1.000000 1.000000 1.000000 1.000000 1.032603 1.032178 1.027861 1.035649 1.034311 1.037735 1.036542 1.036218 1.035599 1.032627 1.000000 1.000000 1.000000 1.000000 1.000000 1.015413 1.014192 1.014699 1.013340 1.008041 1.035188 1.040816 1.031205 1.032607 1.034655 1.000000 1.000000 1.000000 1.000000 1.000000 1.017061 1.017109 1.016400 1.015843 1.012861 1.020070 1.019604 1.019212 1.018622 1.015055 
1.000000 1.000000 1.000000 1.000000 1.000000 1.066795 1.070052 1.064243 1.066605 1.068979 1.082434 1.077157 1.085112 1.071100 1.063114 1.000000 1.000000 1.000000 1.000000 1.000000 1.025155 1.029399 1.035267 1.028454 1.029175 1.075764 1.071795 1.076038 1.065198 1.043746 1.000000 1.000000 1.000000 1.000000 1.000000 1.063900 1.063978 1.051281 1.087469 1.067585 1.081907 1.083714 1.086984 1.066483 1.069609 1.000000 1.000000 1.000000 1.000000 1.000000 1.057013 1.068066 1.034838 1.074484 1.064444 1.091492 1.089196 1.037290 1.047872 1.094123 1.000000 1.000000 1.000000 1.000000 1.000000 1.064230 1.052263 1.047652 1.048097 1.069742 1.074475 1.072360 1.085466 1.066493 1.078553 1.000000 1.000000 1.000000 1.000000 1.000000 1.050320 1.055321 1.054289 1.054325 1.031382 1.081695 1.080564 1.065070 1.104163 1.046426 1.000000 1.000000 1.000000 1.000000 1.000000 1.097541 1.095566 1.084120 1.105124 1.101989 1.112432 1.109309 1.108474 1.107333 1.098701 1.000000 1.000000 1.000000 1.000000 1.000000 1.051336 1.048040 1.049428 1.048535 1.038841 1.106786 1.130182 1.100509 1.110811 1.109102 1.000000 1.000000 1.000000 1.000000 1.000000 1.052559 1.054235 1.052442 1.050088 1.044161 1.067281 1.066626 1.067568 1.066206 1.058436 
1.000000 1.000000 1.000000 1.000000 1.000000 0.994630 0.994607 0.994689 0.994222 0.994397 0.992927 0.993299 0.992629 0.993729 0.993861 1.000000 1.000000 1.000000 1.000000 1.000000 0.997887 0.997805 0.996902 0.997698 0.997656 0.993686 0.994019 0.993310 0.994326 0.995767 1.000000 1.000000 1.000000 1.000000 1.000000 0.994092 0.993961 0.994470 0.992144 0.994412 0.992384 0.992431 0.991464 0.993329 0.992170 1.000000 1.000000 1.000000 1.000000 1.000000 0.995916 0.993477 0.995794 0.995545 0.994593 0.992174 0.991412 0.996366 0.995728 0.996681 1.000000 1.000000 1.000000 1.000000 1.000000 0.993584 0.995054 0.995664 0.994906 0.994609 0.993588 0.993465 0.992177 0.993479 0.991466 1.000000 1.000000 1.000000 1.000000 1.000000 0.995572 0.995403 0.996128 0.995382 0.997600 0.993022 0.993316 0.994189 0.990611 0.994654 1.000000 1.000000 1.000000 1.000000 1.000000 0.995284 0.994038 0.996367 0.993884 0.994209 0.992902 0.993619 0.993627 0.993949 0.994886 1.000000 1.000000 1.000000 1.000000 1.000000 0.995188 0.995381 0.995277 0.995026 0.995415 0.992153 0.990713 0.992835 0.992162 0.992690 1.000000 1.000000 1.000000 1.000000 1.000000 0.995572 0.995039 0.995319 0.995411 0.995840 0.993963 0.993874 0.993664 0.993670 0.994034 
1.000000 1.000000 1.000000 1.000000 1.000000 0.992885 0.992228 0.991524 0.992183 0.991418 0.989472 0.989749 0.989017 0.989806 0.989550 1.000000 1.000000 1.000000 1.000000 1.000000 0.997339 0.996840 0.996522 0.996446 0.996059 0.991339 0.991533 0.990121 0.991487 0.992075 1.000000 1.000000 1.000000 1.000000 1.000000 0.989911 0.992069 0.990862 0.991974 0.992507 0.988191 0.988569 0.985513 0.989105 0.988609 1.000000 1.000000 1.000000 1.000000 1.000000 0.995156 0.992755 0.990182 0.994180 0.987209 0.988935 0.987757 0.990762 0.990717 0.991675 1.000000 1.000000 1.000000 1.000000 1.000000 0.990950 0.991785 0.993220 0.991889 0.991803 0.989824 0.990142 0.988601 0.990941 0.986024 1.000000 1.000000 1.000000 1.000000 1.000000 0.994308 0.993185 0.994151 0.993660 0.995247 0.989969 0.989986 0.991049 0.987666 0.989711 1.000000 1.000000 1.000000 1.000000 1.000000 0.991173 0.990670 0.992456 0.990414 0.990531 0.989033 0.989974 0.990065 0.989837 0.990918 1.000000 1.000000 1.000000 1.000000 1.000000 0.993190 0.993251 0.993176 0.992374 0.991663 0.988783 0.986285 0.988561 0.986262 0.988084 1.000000 1.000000 1.000000 1.000000 1.000000 0.994115 0.993430 0.993497 0.993776 0.993751 0.991321 0.991085 0.990307 0.990391 0.990290 
1.000000 1.000000 1.000000 1.000000 1.000000 0.995308 0.995719 0.997657 0.996329 0.996716 0.997033 0.997764 0.997092 0.999122 1.001194 1.000000 1.000000 1.000000 1.000000 1.000000 0.998254 0.998001 0.997214 0.998669 0.999197 0.995721 0.996458 0.997418 0.997761 1.001701 1.000000 1.000000 1.000000 1.000000 1.000000 1.000436 0.997081 1.001587 0.992219 0.995792 0.998955 0.998089 1.001805 1.000541 1.000360 1.000000 1.000000 1.000000 1.000000 1.000000 0.994397 0.995217 1.005812 0.992147 1.003397 0.995882 0.997993 1.005046 1.002989 0.990783 1.000000 1.000000 1.000000 1.000000 1.000000 0.998683 0.999994 0.999115 1.000920 0.996604 0.998311 0.998233 0.997613 0.998362 1.002818 1.000000 1.000000 1.000000 1.000000 1.000000 0.997081 0.997467 0.996301 0.997117 0.999730 0.996542 0.996730 0.998274 0.995303 1.004788 1.000000 1.000000 1.000000 1.000000 1.000000 0.990729 0.991858 0.991909 0.990170 0.990677 0.990449 0.989961 0.990160 0.990571 0.990968 1.000000 1.000000 1.000000 1.000000 1.000000 0.998337 0.998937 0.998752 1.000113 1.003320 0.992464 0.991567 0.994377 0.995555 0.992950 1.000000 1.000000 1.000000 1.000000 1.000000 0.996736 0.997376 0.997634 0.997720 0.999095 0.997714 0.998120 0.999005 0.999222 1.000969 
1.000000 1.000000 1.000000 1.000000 1.000000 1.019508 1.019644 1.017563 1.019046 1.018929 1.021909 1.020191 1.022543 1.017607 1.014197 1.000000 1.000000 1.000000 1.000000 1.000000 1.007123 1.008480 1.010232 1.008020 1.007609 1.021373 1.019603 1.020199 1.017353 1.009282 1.000000 1.000000 1.000000 1.000000 1.000000 1.015212 1.017600 1.011619 1.026921 1.018729 1.020420 1.021737 1.019099 1.015499 1.017052 1.000000 1.000000 1.000000 1.000000 1.000000 1.017133 1.020096 1.005369 1.021758 1.014185 1.024440 1.022186 1.005725 1.009147 1.028918 1.000000 1.000000 1.000000 1.000000 1.000000 1.016929 1.013066 1.012151 1.011124 1.018179 1.019049 1.018697 1.021823 1.017337 1.017065 1.000000 1.000000 1.000000 1.000000 1.000000 1.013984 1.014976 1.015427 1.015051 1.007740 1.022265 1.021463 1.016679 1.028064 1.008040 1.000000 1.000000 1.000000 1.000000 1.000000 1.030160 1.029314 1.025945 1.032535 1.031402 1.034318 1.033297 1.032979 1.032607 1.030022 1.000000 1.000000 1.000000 1.000000 1.000000 1.013597 1.012537 1.012989 1.011750 1.007167 1.031629 1.036777 1.028269 1.029776 1.031479 1.000000 1.000000 1.000000 1.000000 1.000000 1.015148 1.015083 1.014514 1.013994 1.011362 1.017776 1.017321 1.017047 1.016486 1.013317 
1.000000 1.000000 1.000000 1.000000 1.000000 1.001120 1.001101 0.999865 1.000765 1.000179 1.000011 0.999812 0.999912 0.999384 0.998593 1.000000 1.000000 1.000000 1.000000 1.000000 1.000243 1.000490 1.000505 1.000161 0.999928 1.000754 1.000617 1.000018 0.999787 0.998703 1.000000 1.000000 1.000000 1.000000 1.000000 0.998998 0.999757 0.997703 1.002361 1.000344 0.998941 0.999457 0.997374 0.997985 0.997753 1.000000 1.000000 1.000000 1.000000 1.000000 1.001739 1.000866 0.995518 1.002328 0.996623 1.000175 0.999097 0.997242 0.997852 1.004543 1.000000 1.000000 1.000000 1.000000 1.000000 0.999562 0.998826 0.999388 0.998244 1.000470 0.999391 0.999556 0.999581 0.999503 0.997150 1.000000 1.000000 1.000000 1.000000 1.000000 1.000455 1.000030 1.000804 1.000450 0.999324 1.000343 1.000160 0.999305 1.000547 0.997389 1.000000 1.000000 1.000000 1.000000 1.000000 1.004287 1.003368 1.003840 1.004225 1.004007 1.003822 1.004026 1.003978 1.003922 1.003863 1.000000 1.000000 1.000000 1.000000 1.000000 0.999676 0.999458 0.999564 0.998671 0.997374 1.002492 1.003116 1.001660 1.001087 1.002186 1.000000 1.000000 1.000000 1.000000 1.000000 1.000754 1.000212 1.000077 1.000118 0.999283 0.999878 0.999537 0.999173 0.999087 0.998303 
1.000000 1.000000 1.000000 1.000000 1.000000 0.965546 0.963215 0.964335 0.964759 0.962332 0.955821 0.957923 0.953959 0.959609 0.962117 1.000000 1.000000 1.000000 1.000000 1.000000 0.986747 0.984835 0.981850 0.984592 0.983658 0.960755 0.961999 0.958774 0.964364 0.972540 1.000000 1.000000 1.000000 1.000000 1.000000 0.961819 0.964826 0.967329 0.957741 0.963711 0.953511 0.954100 0.948336 0.959874 0.959251 1.000000 1.000000 1.000000 1.000000 1.000000 0.971965 0.964912 0.972233 0.963153 0.957367 0.952289 0.950503 0.972496 0.968465 0.954568 1.000000 1.000000 1.000000 1.000000 1.000000 0.963542 0.968796 0.972385 0.970020 0.961589 0.958541 0.960157 0.952663 0.962657 0.952383 1.000000 1.000000 1.000000 1.000000 1.000000 0.973128 0.969523 0.971460 0.971027 0.981223 0.956807 0.956757 0.963654 0.945419 0.967739 1.000000 1.000000 1.000000 1.000000 1.000000 0.952839 0.952901 0.959355 0.949102 0.950290 0.944400 0.946468 0.947413 0.947376 0.951823 1.000000 1.000000 1.000000 1.000000 1.000000 0.971121 0.972531 0.971907 0.970696 0.972939 0.947100 0.935945 0.948547 0.941869 0.944875 1.000000 1.000000 1.000000 1.000000 1.000000 0.972558 0.970767 0.971544 0.972849 0.974518 0.963368 0.963056 0.961593 0.962120 0.964473 
1.000000 1.000000 1.000000 1.000000 1.000000 1.027379 1.029366 1.028655 1.027756 1.030226 1.035676 1.033894 1.037050 1.032325 1.030104 1.000000 1.000000 1.000000 1.000000 1.000000 1.010436 1.012226 1.014115 1.012361 1.013177 1.031495 1.030329 1.032964 1.028622 1.021889 1.000000 1.000000 1.000000 1.000000 1.000000 1.030166 1.027513 1.025650 1.032788 1.028737 1.037146 1.036901 1.041844 1.032050 1.032252 1.000000 1.000000 1.000000 1.000000 1.000000 1.022291 1.027031 1.022596 1.029818 1.035265 1.038722 1.039438 1.022267 1.025525 1.038909 1.000000 1.000000 1.000000 1.000000 1.000000 1.028288 1.024789 1.021843 1.023432 1.030493 1.033517 1.031951 1.037700 1.029167 1.038051 1.000000 1.000000 1.000000 1.000000 1.000000 1.020985 1.024251 1.023041 1.022909 1.015371 1.034720 1.034887 1.029349 1.043308 1.025078 1.000000 1.000000 1.000000 1.000000 1.000000 1.039453 1.038510 1.034319 1.041817 1.040971 1.045383 1.043957 1.043373 1.043554 1.040133 1.000000 1.000000 1.000000 1.000000 1.000000 1.022634 1.021556 1.022010 1.022923 1.021109 1.043177 1.052775 1.042439 1.048401 1.045741 1.000000 1.000000 1.000000 1.000000 1.000000 1.021671 1.022911 1.022493 1.021331 1.020155 1.029170 1.029377 1.030546 1.030025 1.028068 
1.000000 1.000000 1.000000 1.000000 1.000000 1.000075 1.001115 1.002818 1.001048 1.002409 1.003546 1.003988 1.003882 1.005347 1.007245 1.000000 1.000000 1.000000 1.000000 1.000000 1.000266 1.000169 0.999873 1.000810 1.001681 1.001215 1.002009 1.003426 1.003050 1.006195 1.000000 1.000000 1.000000 1.000000 1.000000 1.006295 1.002212 1.006775 0.997315 1.001476 1.006090 1.004766 1.010448 1.007198 1.006501 1.000000 1.000000 1.000000 1.000000 1.000000 0.998515 0.999779 1.010604 0.998389 1.010368 1.003122 1.005876 1.009825 1.008545 0.997312 1.000000 1.000000 1.000000 1.000000 1.000000 1.003732 1.004674 1.003373 1.005674 1.002961 1.004661 1.004172 1.004935 1.003776 1.010324 1.000000 1.000000 1.000000 1.000000 1.000000 1.001030 1.002140 1.000644 1.001320 1.002864 1.002656 1.003251 1.004028 1.003157 1.010017 1.000000 1.000000 1.000000 1.000000 1.000000 0.997091 0.997916 0.997533 0.996821 0.997261 0.997728 0.997345 0.997333 0.997741 0.997693 1.000000 1.000000 1.000000 1.000000 1.000000 1.002639 1.002985 1.002867 1.004687 1.007912 0.999297 1.000539 1.001657 1.004073 1.000635 1.000000 1.000000 1.000000 1.000000 1.000000 1.000467 1.001478 1.001669 1.001460 1.003012 1.003120 1.003686 1.004812 1.005009 1.006700 
1.000000 1.000000 1.000000 1.000000 1.000000 0.985391 0.984569 0.983813 0.984681 0.983487 0.980366 0.981172 0.979528 0.981924 0.982701 1.000000 1.000000 1.000000 1.000000 1.000000 0.994531 0.993532 0.992675 0.993084 0.992693 0.982928 0.983717 0.981733 0.984066 0.987237 1.000000 1.000000 1.000000 1.000000 1.000000 0.982647 0.984617 0.984375 0.982698 0.984850 0.978995 0.979151 0.976052 0.981487 0.980603 1.000000 1.000000 1.000000 1.000000 1.000000 0.989096 0.985198 0.984490 0.986363 0.978138 0.979165 0.978368 0.986002 0.985051 0.981237 1.000000 1.000000 1.000000 1.000000 1.000000 0.983619 0.985346 0.987611 0.986018 0.984298 0.981310 0.982109 0.979341 0.983451 0.977354 1.000000 1.000000 1.000000 1.000000 1.000000 0.988801 0.986800 0.987992 0.987638 0.991275 0.980879 0.981069 0.983709 0.976579 0.984425 1.000000 1.000000 1.000000 1.000000 1.000000 0.980404 0.980022 0.983152 0.978885 0.979274 0.976520 0.977983 0.978249 0.977968 0.980041 1.000000 1.000000 1.000000 1.000000 1.000000 0.987293 0.987639 0.987444 0.986560 0.986847 0.976967 0.972849 0.977454 0.973986 0.975823 1.000000 1.000000 1.000000 1.000000 1.000000 0.988250 0.987304 0.987454 0.988005 0.988478 0.983860 0.983600 0.982644 0.982947 0.983674 
1.000000 1.000000 1.000000 1.000000 1.000000 0.934428 0.930096 0.931228 0.932385 0.927542 0.915316 0.919095 0.911547 0.921798 0.925703 1.000000 1.000000 1.000000 1.000000 1.000000 0.974537 0.971321 0.965128 0.970469 0.968549 0.925211 0.927392 0.920647 0.931274 0.945948 1.000000 1.000000 1.000000 1.000000 1.000000 0.925310 0.931433 0.934578 0.919788 0.930138 0.909588 0.911500 0.898794 0.920734 0.918808 1.000000 1.000000 1.000000 1.000000 1.000000 0.947432 0.932216 0.942760 0.931460 0.915785 0.908744 0.903857 0.944900 0.937705 0.918778 1.000000 1.000000 1.000000 1.000000 1.000000 0.928617 0.938665 0.946046 0.940213 0.926334 0.920124 0.923007 0.908550 0.927059 0.906002 1.000000 1.000000 1.000000 1.000000 1.000000 0.948211 0.941200 0.945913 0.944379 0.963517 0.917444 0.917196 0.929593 0.895362 0.935086 1.000000 1.000000 1.000000 1.000000 1.000000 0.914457 0.912942 0.926693 0.906635 0.908824 0.897031 0.901432 0.903392 0.903376 0.912015 1.000000 1.000000 1.000000 1.000000 1.000000 0.943654 0.946210 0.945070 0.941903 0.945079 0.901174 0.881202 0.903845 0.891228 0.897379 1.000000 1.000000 1.000000 1.000000 1.000000 0.947547 0.943455 0.944996 0.947431 0.950056 0.929306 0.928329 0.925198 0.926069 0.929766 
1.000000 1.000000 1.000000 1.000000 1.000000 0.988713 0.988116 0.988988 0.988696 0.988183 0.986095 0.986900 0.985486 0.987619 0.988808 1.000000 1.000000 1.000000 1.000000 1.000000 0.995517 0.995102 0.993698 0.995216 0.994986 0.987317 0.987752 0.987078 0.988805 0.992193 1.000000 1.000000 1.000000 1.000000 1.000000 0.988591 0.988457 0.990176 0.985375 0.987871 0.985620 0.985703 0.984639 0.987993 0.987747 1.000000 1.000000 1.000000 1.000000 1.000000 0.990330 0.988078 0.992900 0.987109 0.988516 0.984729 0.984310 0.993023 0.991125 0.986407 1.000000 1.000000 1.000000 1.000000 1.000000 0.988578 0.990612 0.991389 0.990828 0.987493 0.987061 0.987597 0.984969 0.988077 0.986023 1.000000 1.000000 1.000000 1.000000 1.000000 0.991075 0.990215 0.990767 0.990583 0.994402 0.986239 0.986269 0.988692 0.982065 0.991110 1.000000 1.000000 1.000000 1.000000 1.000000 0.985500 0.985276 0.987636 0.983930 0.984428 0.982506 0.982927 0.983224 0.983535 0.984959 1.000000 1.000000 1.000000 1.000000 1.000000 0.990765 0.991371 0.991138 0.990905 0.992255 0.983166 0.979577 0.983910 0.982270 0.982798 1.000000 1.000000 1.000000 1.000000 1.000000 0.991091 0.990498 0.990865 0.991283 0.991964 0.988335 0.988286 0.988088 0.988226 0.989320 
1.000000 1.000000 1.000000 1.000000 1.000000 1.019252 1.021492 1.024878 1.021278 1.024887 1.030523 1.029925 1.032041 1.030484 1.031832 1.000000 1.000000 1.000000 1.000000 1.000000 1.007659 1.008683 1.009662 1.010064 1.011686 1.024081 1.023925 1.028389 1.025020 1.024467 1.000000 1.000000 1.000000 1.000000 1.000000 1.030475 1.023420 1.029554 1.019295 1.022201 1.035642 1.033681 1.045426 1.034204 1.034557 1.000000 1.000000 1.000000 1.000000 1.000000 1.012451 1.019355 1.034509 1.016109 1.042145 1.031839 1.036601 1.030496 1.030385 1.019733 1.000000 1.000000 1.000000 1.000000 1.000000 1.026149 1.025308 1.020684 1.025893 1.024382 1.030790 1.028998 1.033826 1.026669 1.043437 1.000000 1.000000 1.000000 1.000000 1.000000 1.016084 1.020215 1.016604 1.017924 1.015261 1.028593 1.029187 1.027050 1.035025 1.032706 1.000000 1.000000 1.000000 1.000000 1.000000 1.020727 1.022601 1.017781 1.022559 1.022619 1.026903 1.024622 1.024302 1.025016 1.022253 1.000000 1.000000 1.000000 1.000000 1.000000 1.020203 1.020164 1.020236 1.023906 1.027540 1.028982 1.035912 1.031662 1.039222 1.032303 1.000000 1.000000 1.000000 1.000000 1.000000 1.015931 1.018632 1.018704 1.017663 1.019251 1.025330 1.026508 1.029113 1.028991 1.030216 
1.000000 1.000000 1.000000 1.000000 1.000000 1.045269 1.048603 1.046651 1.045756 1.049333 1.058542 1.055509 1.060692 1.052673 1.048669 1.000000 1.000000 1.000000 1.000000 1.000000 1.017064 1.020236 1.023163 1.020268 1.021522 1.051986 1.050002 1.054035 1.046694 1.035237 1.000000 1.000000 1.000000 1.000000 1.000000 1.048854 1.044515 1.040388 1.054884 1.046791 1.060237 1.060256 1.067333 1.051123 1.051416 1.000000 1.000000 1.000000 1.000000 1.000000 1.037227 1.044423 1.034170 1.049660 1.055616 1.063644 1.064066 1.035101 1.040701 1.066590 1.000000 1.000000 1.000000 1.000000 1.000000 1.045936 1.039737 1.035216 1.037104 1.049913 1.054566 1.052131 1.061464 1.047335 1.061016 1.000000 1.000000 1.000000 1.000000 1.000000 1.034400 1.039460 1.037970 1.037633 1.024620 1.057143 1.057241 1.047553 1.071339 1.039803 1.000000 1.000000 1.000000 1.000000 1.000000 1.067255 1.065076 1.058597 1.071005 1.069489 1.076549 1.074277 1.073441 1.073701 1.068057 1.000000 1.000000 1.000000 1.000000 1.000000 1.036643 1.034798 1.035599 1.036517 1.032923 1.072416 1.088980 1.070782 1.080473 1.076464 1.000000 1.000000 1.000000 1.000000 1.000000 1.035797 1.037458 1.036706 1.034833 1.032364 1.047673 1.047747 1.049506 1.048594 1.044922 
1.000000 1.000000 1.000000 1.000000 1.000000 0.996847 0.996162 0.993840 0.995738 0.994315 0.992582 0.992403 0.992074 0.991584 0.990075 1.000000 1.000000 1.000000 1.000000 1.000000 0.998555 0.998561 0.998445 0.997765 0.997034 0.995173 0.994930 0.993026 0.993689 0.992042 1.000000 1.000000 1.000000 1.000000 1.000000 0.990937 0.994187 0.989879 0.998388 0.995354 0.989895 0.991022 0.985403 0.989219 0.988811 1.000000 1.000000 1.000000 1.000000 1.000000 0.999395 0.996514 0.985939 0.999539 0.985466 0.992625 0.989965 0.988537 0.989546 1.000898 1.000000 1.000000 1.000000 1.000000 1.000000 0.992872 0.992311 0.994196 0.991434 0.994706 0.991747 0.992314 0.991205 0.992785 0.985440 1.000000 1.000000 1.000000 1.000000 1.000000 0.996713 0.995243 0.997142 0.996230 0.995530 0.993449 0.993137 0.992681 0.992104 0.987981 1.000000 1.000000 1.000000 1.000000 1.000000 1.000309 0.998675 1.000478 0.999807 0.999518 0.998237 0.999173 0.999168 0.998868 0.999494 1.000000 1.000000 1.000000 1.000000 1.000000 0.994702 0.994398 0.994501 0.992495 0.989739 0.996084 0.994998 0.994423 0.991674 0.994974 1.000000 1.000000 1.000000 1.000000 1.000000 0.997084 0.995760 0.995598 0.995870 0.994496 0.993656 0.992978 0.991785 0.991692 0.990331 
1.000000 1.000000 1.000000 1.000000 1.000000 1.028940 1.030952 1.029842 1.029555 1.031575 1.037778 1.035883 1.039279 1.034295 1.032189 1.000000 1.000000 1.000000 1.000000 1.000000 1.011162 1.012773 1.015314 1.012878 1.013749 1.033378 1.032270 1.035041 1.030245 1.023188 1.000000 1.000000 1.000000 1.000000 1.000000 1.032049 1.029575 1.027389 1.035841 1.030545 1.039588 1.039264 1.044594 1.033991 1.034697 1.000000 1.000000 1.000000 1.000000 1.000000 1.023599 1.029540 1.023077 1.031071 1.035409 1.041131 1.042568 1.022972 1.026612 1.037683 1.000000 1.000000 1.000000 1.000000 1.000000 1.030582 1.026103 1.023161 1.025163 1.032315 1.035379 1.033989 1.040444 1.031566 1.041040 1.000000 1.000000 1.000000 1.000000 1.000000 1.022615 1.025579 1.023926 1.024428 1.015687 1.036876 1.036859 1.030972 1.046880 1.027128 1.000000 1.000000 1.000000 1.000000 1.000000 1.039219 1.039259 1.033765 1.042464 1.041432 1.046380 1.044733 1.044183 1.043997 1.040235 1.000000 1.000000 1.000000 1.000000 1.000000 1.024260 1.023061 1.023578 1.024610 1.022693 1.044943 1.055270 1.043949 1.049918 1.046863 1.000000 1.000000 1.000000 1.000000 1.000000 1.023052 1.024609 1.023946 1.022802 1.021434 1.031177 1.031398 1.032591 1.032168 1.030087 
1.000000 1.000000 1.000000 1.000000 1.000000 0.980748 0.980330 0.982436 0.981133 0.980907 0.978183 0.979760 0.977507 0.982016 0.985006 1.000000 1.000000 1.000000 1.000000 1.000000 0.992927 0.991604 0.989920 0.992018 0.992290 0.978982 0.980453 0.979776 0.982661 0.989880 1.000000 1.000000 1.000000 1.000000 1.000000 0.984162 0.982549 0.987985 0.974039 0.981295 0.979286 0.978355 0.979946 0.983704 0.982706 1.000000 1.000000 1.000000 1.000000 1.000000 0.983063 0.980392 0.993961 0.978170 0.985055 0.975781 0.977315 0.993117 0.989895 0.970897 1.000000 1.000000 1.000000 1.000000 1.000000 0.982975 0.986707 0.987638 0.988508 0.981320 0.980841 0.981231 0.977755 0.982603 0.982121 1.000000 1.000000 1.000000 1.000000 1.000000 0.986028 0.984940 0.984561 0.985001 0.992023 0.978038 0.978548 0.983031 0.972329 0.990815 1.000000 1.000000 1.000000 1.000000 1.000000 0.969944 0.971002 0.974045 0.967805 0.968850 0.966029 0.966940 0.967418 0.967633 0.970101 1.000000 1.000000 1.000000 1.000000 1.000000 0.986314 0.987364 0.986915 0.987974 0.992048 0.969117 0.963631 0.971957 0.970153 0.968910 1.000000 1.000000 1.000000 1.000000 1.000000 0.985018 0.985038 0.985601 0.986141 0.988551 0.982247 0.982612 0.982737 0.983238 0.986023 
1.000000 1.000000 1.000000 1.000000 1.000000 0.997771 0.996004 0.993249 0.996211 0.993843 0.991719 0.991136 0.991083 0.989165 0.986401 1.000000 1.000000 1.000000 1.000000 1.000000 0.998846 0.998766 0.999248 0.997713 0.996316 0.995676 0.994580 0.992116 0.993017 0.988602 1.000000 1.000000 1.000000 1.000000 1.000000 0.987820 0.994549 0.987469 1.001878 0.995630 0.987698 0.989699 0.980539 0.986419 0.987424 1.000000 1.000000 1.000000 1.000000 1.000000 1.000704 0.998450 0.981413 1.000402 0.980567 0.992234 0.988021 0.982720 0.984610 1.000440 1.000000 1.000000 1.000000 1.000000 1.000000 0.992051 0.990712 0.993065 0.989405 0.993181 0.990115 0.991039 0.989517 0.991984 0.980995 1.000000 1.000000 1.000000 1.000000 1.000000 0.996902 0.994815 0.997178 0.996230 0.994240 0.993170 0.992251 0.991462 0.991981 0.982441 1.000000 1.000000 1.000000 1.000000 1.000000 1.000905 0.999867 1.000628 1.001294 1.000646 0.999608 1.000380 1.000449 0.999685 1.000026 1.000000 1.000000 1.000000 1.000000 1.000000 0.994209 0.993714 0.993871 0.990990 0.986065 0.997496 0.994919 0.994012 0.989531 0.995087 1.000000 1.000000 1.000000 1.000000 1.000000 0.997607 0.995995 0.995679 0.996095 0.993777 0.992945 0.992055 0.990166 0.989943 0.987451 
1.000000 1.000000 1.000000 1.000000 1.000000 0.990284 0.989489 0.990279 0.990001 0.989863 0.987910 0.988467 0.987475 0.989031 0.989941 1.000000 1.000000 1.000000 1.000000 1.000000 0.996600 0.995658 0.995359 0.995644 0.995482 0.989049 0.989410 0.988676 0.990489 0.992629 1.000000 1.000000 1.000000 1.000000 1.000000 0.989615 0.991217 0.992468 0.987896 0.990826 0.987862 0.987577 0.987058 0.990386 0.990462 1.000000 1.000000 1.000000 1.000000 1.000000 0.992053 0.990686 0.994381 0.989931 0.989261 0.987282 0.987466 0.992759 0.991915 0.983648 1.000000 1.000000 1.000000 1.000000 1.000000 0.990236 0.992007 0.992932 0.992957 0.989758 0.988967 0.989322 0.987540 0.990290 0.988015 1.000000 1.000000 1.000000 1.000000 1.000000 0.992855 0.992012 0.992037 0.992084 0.995240 0.987971 0.988224 0.990729 0.985180 0.991571 1.000000 1.000000 1.000000 1.000000 1.000000 0.983638 0.984514 0.985691 0.983013 0.983399 0.981983 0.982723 0.982927 0.982663 0.983942 1.000000 1.000000 1.000000 1.000000 1.000000 0.992600 0.992963 0.992736 0.992977 0.993875 0.983670 0.980033 0.984381 0.982370 0.983048 1.000000 1.000000 1.000000 1.000000 1.000000 0.992227 0.992187 0.992404 0.992699 0.993723 0.990201 0.990397 0.989972 0.990205 0.991191 
1.000000 1.000000 1.000000 1.000000 1.000000 1.011315 1.011881 1.009979 1.010785 1.011206 1.012816 1.011832 1.013277 1.010797 1.008941 1.000000 1.000000 1.000000 1.000000 1.000000 1.004484 1.004947 1.006413 1.004467 1.004544 1.012283 1.011784 1.011817 1.010183 1.005902 1.000000 1.000000 1.000000 1.000000 1.000000 1.009371 1.010592 1.007190 1.015145 1.011950 1.012368 1.012563 1.012155 1.009665 1.009496 1.000000 1.000000 1.000000 1.000000 1.000000 1.010640 1.011605 1.002866 1.014793 1.007769 1.014563 1.014004 1.003777 1.006387 1.016105 1.000000 1.000000 1.000000 1.000000 1.000000 1.009789 1.007578 1.007479 1.007039 1.012323 1.011477 1.011021 1.013595 1.010443 1.010241 1.000000 1.000000 1.000000 1.000000 1.000000 1.008683 1.009229 1.009394 1.009063 1.004789 1.012837 1.012903 1.010108 1.016947 1.005439 1.000000 1.000000 1.000000 1.000000 1.000000 1.016546 1.015852 1.014318 1.017880 1.017274 1.018804 1.018923 1.018573 1.018139 1.016899 1.000000 1.000000 1.000000 1.000000 1.000000 1.008279 1.007463 1.007748 1.007340 1.004912 1.017117 1.021064 1.015946 1.016928 1.017450 1.000000 1.000000 1.000000 1.000000 1.000000 1.008711 1.008870 1.008449 1.008019 1.006932 1.010639 1.010474 1.010245 1.010063 1.008440 
1.000000 1.000000 1.000000 1.000000 1.000000 1.032562 1.034358 1.031546 1.032092 1.033943 1.039579 1.037082 1.040969 1.034344 1.030121 1.000000 1.000000 1.000000 1.000000 1.000000 1.012362 1.014441 1.017156 1.013922 1.014341 1.036481 1.034727 1.036466 1.031529 1.021074 1.000000 1.000000 1.000000 1.000000 1.000000 1.030958 1.031001 1.024878 1.041291 1.033434 1.039331 1.039932 1.041381 1.032113 1.032437 1.000000 1.000000 1.000000 1.000000 1.000000 1.028201 1.032387 1.017399 1.037956 1.032596 1.043723 1.042452 1.018426 1.023728 1.048399 1.000000 1.000000 1.000000 1.000000 1.000000 1.030568 1.025465 1.023323 1.023298 1.034749 1.036146 1.034629 1.041111 1.031774 1.036614 1.000000 1.000000 1.000000 1.000000 1.000000 1.024439 1.027286 1.027084 1.026376 1.015908 1.039164 1.039057 1.031566 1.049490 1.021936 1.000000 1.000000 1.000000 1.000000 1.000000 1.049122 1.047183 1.042714 1.052171 1.050791 1.055560 1.054536 1.053824 1.053544 1.049622 1.000000 1.000000 1.000000 1.000000 1.000000 1.024883 1.023198 1.023863 1.023507 1.018722 1.051565 1.062583 1.048979 1.054039 1.053560 1.000000 1.000000 1.000000 1.000000 1.000000 1.025419 1.026111 1.025375 1.024114 1.021537 1.032309 1.032064 1.032466 1.031755 1.028030 
1.000000 1.000000 1.000000 1.000000 1.000000 1.011689 1.012702 1.014128 1.012971 1.014158 1.017711 1.017270 1.018592 1.017325 1.017888 1.000000 1.000000 1.000000 1.000000 1.000000 1.004590 1.005113 1.006069 1.005823 1.006563 1.014419 1.014191 1.016599 1.014411 1.013449 1.000000 1.000000 1.000000 1.000000 1.000000 1.017220 1.013931 1.016422 1.013415 1.012948 1.020347 1.019542 1.025103 1.018847 1.019796 1.000000 1.000000 1.000000 1.000000 1.000000 1.007792 1.012558 1.017716 1.009289 1.021696 1.018554 1.021187 1.015864 1.016060 1.010336 1.000000 1.000000 1.000000 1.000000 1.000000 1.015642 1.014189 1.011735 1.014554 1.013872 1.017447 1.016755 1.019628 1.015846 1.024490 1.000000 1.000000 1.000000 1.000000 1.000000 1.009766 1.011593 1.009493 1.010700 1.008045 1.016910 1.016843 1.015219 1.021293 1.018116 1.000000 1.000000 1.000000 1.000000 1.000000 1.011784 1.013531 1.009798 1.013530 1.013338 1.016076 1.014490 1.014380 1.014498 1.012654 1.000000 1.000000 1.000000 1.000000 1.000000 1.011824 1.011718 1.011826 1.013575 1.015032 1.017576 1.021496 1.018239 1.022045 1.018532 1.000000 1.000000 1.000000 1.000000 1.000000 1.009737 1.011261 1.011087 1.010611 1.010960 1.014858 1.015387 1.016717 1.016667 1.016954 
1.000000 1.000000 1.000000 1.000000 1.000000 1.008816 1.009995 1.010844 1.009640 1.011064 1.013652 1.013363 1.014372 1.013765 1.014324 1.000000 1.000000 1.000000 1.000000 1.000000 1.003632 1.003934 1.004707 1.004394 1.005202 1.010868 1.011037 1.012764 1.011136 1.010887 1.000000 1.000000 1.000000 1.000000 1.000000 1.013725 1.010677 1.012970 1.009298 1.010408 1.015961 1.014966 1.020163 1.014998 1.014866 1.000000 1.000000 1.000000 1.000000 1.000000 1.006179 1.009093 1.014089 1.008306 1.017318 1.014368 1.016749 1.013121 1.013474 1.008435 1.000000 1.000000 1.000000 1.000000 1.000000 1.011823 1.011023 1.009294 1.011546 1.011700 1.013739 1.012961 1.015493 1.012197 1.019115 1.000000 1.000000 1.000000 1.000000 1.000000 1.007631 1.009205 1.007594 1.008293 1.006589 1.012854 1.013203 1.011985 1.016358 1.014673 1.000000 1.000000 1.000000 1.000000 1.000000 1.009026 1.009919 1.007687 1.010048 1.010003 1.011904 1.011142 1.010949 1.011060 1.009864 1.000000 1.000000 1.000000 1.000000 1.000000 1.009202 1.009046 1.009125 1.010711 1.012178 1.012758 1.016388 1.013941 1.017162 1.014056 1.000000 1.000000 1.000000 1.000000 1.000000 1.007291 1.008531 1.008424 1.007951 1.008597 1.011506 1.011985 1.013043 1.013065 1.013518 
1.000000 1.000000 1.000000 1.000000 1.000000 1.003358 1.002219 0.999253 1.002098 1.000083 0.999299 0.998451 0.998976 0.996402 0.993463 1.000000 1.000000 1.000000 1.000000 1.000000 1.000912 1.001268 1.002011 1.000308 0.999177 1.002189 1.001041 0.999230 0.999038 0.993872 1.000000 1.000000 1.000000 1.000000 1.000000 0.994842 1.000129 0.993086 1.008467 1.001334 0.995801 0.997675 0.989928 0.993312 0.994230 1.000000 1.000000 1.000000 1.000000 1.000000 1.005078 1.003900 0.986458 1.006079 0.988303 1.000233 0.996473 0.988435 0.990721 1.008662 1.000000 1.000000 1.000000 1.000000 1.000000 0.998335 0.996104 0.997758 0.994556 0.999704 0.997281 0.997939 0.997645 0.998320 0.989759 1.000000 1.000000 1.000000 1.000000 1.000000 1.001281 0.999831 1.001851 1.001049 0.997452 1.000538 0.999619 0.997565 1.001215 0.988994 1.000000 1.000000 1.000000 1.000000 1.000000 1.009213 1.007971 1.007865 1.010028 1.009223 1.009111 1.009458 1.009414 1.008778 1.008384 1.000000 1.000000 1.000000 1.000000 1.000000 0.999002 0.998332 0.998596 0.995954 0.991058 1.006488 1.006240 1.002984 1.000012 1.004592 1.000000 1.000000 1.000000 1.000000 1.000000 1.002142 1.000797 1.000365 1.000565 0.997987 0.999182 0.998305 0.996822 0.996522 0.993776 
1.000000 1.000000 1.000000 1.000000 1.000000 1.019636 1.020740 1.019797 1.019686 1.020910 1.024447 1.023070 1.025316 1.021511 1.019301 1.000000 1.000000 1.000000 1.000000 1.000000 1.007284 1.008746 1.009965 1.008701 1.008971 1.022213 1.021082 1.022575 1.019533 1.013816 1.000000 1.000000 1.000000 1.000000 1.000000 1.019769 1.018811 1.016118 1.024282 1.019821 1.024610 1.024975 1.026431 1.020458 1.020844 1.000000 1.000000 1.000000 1.000000 1.000000 1.016310 1.019284 1.012946 1.021477 1.022419 1.026560 1.025984 1.013171 1.015668 1.029798 1.000000 1.000000 1.000000 1.000000 1.000000 1.019145 1.016360 1.014539 1.014856 1.020687 1.022509 1.021558 1.025222 1.019603 1.023889 1.000000 1.000000 1.000000 1.000000 1.000000 1.014577 1.016620 1.016313 1.015962 1.010133 1.024101 1.023927 1.019590 1.029827 1.014969 1.000000 1.000000 1.000000 1.000000 1.000000 1.030119 1.028987 1.026233 1.031748 1.031012 1.034006 1.032948 1.032541 1.032691 1.030216 1.000000 1.000000 1.000000 1.000000 1.000000 1.015286 1.014459 1.014824 1.014804 1.012526 1.031660 1.038033 1.030271 1.033861 1.033094 1.000000 1.000000 1.000000 1.000000 1.000000 1.015442 1.015904 1.015579 1.014838 1.013385 1.019852 1.019768 1.020317 1.019837 1.017866 
1.000000 1.000000 1.000000 1.000000 1.000000 0.986410 0.986419 0.990298 0.987457 0.988673 0.987473 0.988873 0.987280 0.991244 0.994772 1.000000 1.000000 1.000000 1.000000 1.000000 0.995269 0.994135 0.992830 0.995119 0.995849 0.986199 0.987440 0.988393 0.990478 0.997390 1.000000 1.000000 1.000000 1.000000 1.000000 0.993441 0.990111 0.997977 0.979387 0.988191 0.990430 0.988756 0.994341 0.994993 0.994591 1.000000 1.000000 1.000000 1.000000 1.000000 0.986336 0.986323 1.006467 0.982282 0.999417 0.985582 0.988651 1.002844 0.999441 0.974960 1.000000 1.000000 1.000000 1.000000 1.000000 0.991093 0.994973 0.994213 0.997099 0.988328 0.990361 0.990199 0.988002 0.990899 0.995981 1.000000 1.000000 1.000000 1.000000 1.000000 0.990806 0.991218 0.989442 0.990336 0.997023 0.986624 0.987363 0.991658 0.982635 1.000956 1.000000 1.000000 1.000000 1.000000 1.000000 0.974557 0.976701 0.977886 0.973121 0.974250 0.972897 0.972973 0.973349 0.973782 0.975378 1.000000 1.000000 1.000000 1.000000 1.000000 0.992694 0.993815 0.993330 0.995837 1.001233 0.977140 0.972909 0.980789 0.981173 0.977923 1.000000 1.000000 1.000000 1.000000 1.000000 0.989699 0.990767 0.991439 0.991648 0.994845 0.989995 0.990898 0.991870 0.992321 0.995703 
1.000000 1.000000 1.000000 1.000000 1.000000 0.995222 0.995740 0.997993 0.995789 0.997257 0.996982 0.997656 0.997048 0.999074 1.000932 1.000000 1.000000 1.000000 1.000000 1.000000 0.998453 0.998088 0.997306 0.998686 0.999340 0.995542 0.996293 0.997161 0.997929 1.001582 1.000000 1.000000 1.000000 1.000000 1.000000 1.000193 0.997294 1.002112 0.990791 0.996625 0.999015 0.997830 1.002223 1.001255 1.000366 1.000000 1.000000 1.000000 1.000000 1.000000 0.994655 0.994536 1.007311 0.993757 1.005230 0.996111 0.998048 1.005387 1.003681 0.991649 1.000000 1.000000 1.000000 1.000000 1.000000 0.997960 1.000259 0.999416 1.001268 0.997339 0.998645 0.998134 0.997576 0.997983 1.002355 1.000000 1.000000 1.000000 1.000000 1.000000 0.997027 0.997950 0.996877 0.997056 1.000569 0.996239 0.996946 0.998836 0.994610 1.004106 1.000000 1.000000 1.000000 1.000000 1.000000 0.990833 0.991354 0.992269 0.989797 0.990476 0.990015 0.990107 0.990157 0.990643 0.991323 1.000000 1.000000 1.000000 1.000000 1.000000 0.998411 0.998946 0.998702 1.000401 1.003645 0.991690 0.990633 0.994229 0.995550 0.993069 1.000000 1.000000 1.000000 1.000000 1.000000 0.996430 0.997151 0.997593 0.997500 0.999474 0.997600 0.998192 0.998994 0.999182 1.001106 
1.000000 1.000000 1.000000 1.000000 1.000000 1.009139 1.010141 1.010138 1.009303 1.010749 1.012634 1.012123 1.013224 1.012064 1.011716 1.000000 1.000000 1.000000 1.000000 1.000000 1.003753 1.004112 1.004972 1.004215 1.004792 1.010679 1.010636 1.011680 1.010276 1.008687 1.000000 1.000000 1.000000 1.000000 1.000000 1.011513 1.010024 1.010454 1.010072 1.010575 1.013908 1.013257 1.016578 1.012642 1.012152 1.000000 1.000000 1.000000 1.000000 1.000000 1.007411 1.009032 1.010146 1.010620 1.014069 1.013712 1.014868 1.009605 1.010755 1.011485 1.000000 1.000000 1.000000 1.000000 1.000000 1.010191 1.009379 1.008279 1.009469 1.011559 1.012381 1.011578 1.013977 1.010733 1.014936 1.000000 1.000000 1.000000 1.000000 1.000000 1.007492 1.008877 1.008040 1.008059 1.005986 1.012044 1.012488 1.010912 1.015309 1.010626 1.000000 1.000000 1.000000 1.000000 1.000000 1.011569 1.011486 1.010090 1.012345 1.012194 1.013736 1.013522 1.013226 1.013244 1.012217 1.000000 1.000000 1.000000 1.000000 1.000000 1.008367 1.007989 1.008110 1.009038 1.009181 1.013407 1.016966 1.014002 1.016457 1.014744 1.000000 1.000000 1.000000 1.000000 1.000000 1.007254 1.008045 1.007927 1.007424 1.007663 1.010524 1.010814 1.011382 1.011310 1.011124 
1.000000 1.000000 1.000000 1.000000 1.000000 0.978597 0.978358 0.982488 0.979651 0.980323 0.977808 0.979779 0.977166 0.982718 0.987057 1.000000 1.000000 1.000000 1.000000 1.000000 0.992089 0.990771 0.988368 0.991773 0.992378 0.977404 0.979050 0.979443 0.982577 0.992025 1.000000 1.000000 1.000000 1.000000 1.000000 0.985600 0.981750 0.990630 0.969351 0.979540 0.980290 0.978756 0.983429 0.986167 0.985392 1.000000 1.000000 1.000000 1.000000 1.000000 0.979759 0.977880 1.000600 0.973521 0.990794 0.974916 0.977556 0.997989 0.993258 0.966666 1.000000 1.000000 1.000000 1.000000 1.000000 0.983075 0.988174 0.988064 0.990344 0.979776 0.981258 0.981522 0.977477 0.982482 0.985996 1.000000 1.000000 1.000000 1.000000 1.000000 0.984588 0.984292 0.983057 0.983810 0.992950 0.977113 0.977836 0.983531 0.970297 0.994886 1.000000 1.000000 1.000000 1.000000 1.000000 0.965456 0.967131 0.970209 0.962799 0.964251 0.961461 0.961866 0.962474 0.963158 0.965757 1.000000 1.000000 1.000000 1.000000 1.000000 0.986108 0.987631 0.987012 0.989185 0.995497 0.965860 0.959604 0.970004 0.969344 0.966389 1.000000 1.000000 1.000000 1.000000 1.000000 0.983557 0.984079 0.984973 0.985484 0.988993 0.981847 0.982609 0.983451 0.983998 0.988057 
1.000000 1.000000 1.000000 1.000000 1.000000 1.010220 1.010055 1.006745 1.009043 1.008255 1.009001 1.007777 1.009187 1.005953 1.002934 1.000000 1.000000 1.000000 1.000000 1.000000 1.003952 1.004331 1.006092 1.003356 1.002842 1.010240 1.009348 1.008237 1.006938 1.000833 1.000000 1.000000 1.000000 1.000000 1.000000 1.003977 1.008090 1.001502 1.016058 1.009917 1.006815 1.007868 1.003387 1.003432 1.003691 1.000000 1.000000 1.000000 1.000000 1.000000 1.010925 1.010943 0.994172 1.014894 0.998515 1.010967 1.008658 0.996010 0.999493 1.015753 1.000000 1.000000 1.000000 1.000000 1.000000 1.006285 1.003294 1.004324 1.002280 1.009329 1.006930 1.006948 1.008901 1.006910 1.001747 1.000000 1.000000 1.000000 1.000000 1.000000 1.007334 1.006821 1.007995 1.007364 1.002043 1.009701 1.009338 1.006111 1.013475 0.997814 1.000000 1.000000 1.000000 1.000000 1.000000 1.016520 1.015478 1.014181 1.018119 1.017202 1.018276 1.018753 1.018443 1.017603 1.016517 1.000000 1.000000 1.000000 1.000000 1.000000 1.005669 1.004615 1.004983 1.003285 0.998709 1.015723 1.018651 1.012988 1.011914 1.014836 1.000000 1.000000 1.000000 1.000000 1.000000 1.007602 1.007065 1.006450 1.006223 1.004070 1.007462 1.006878 1.005806 1.005559 1.002833 
1.000000 1.000000 1.000000 1.000000 1.000000 1.031973 1.033599 1.031293 1.032109 1.033440 1.039640 1.037274 1.041020 1.034624 1.031150 1.000000 1.000000 1.000000 1.000000 1.000000 1.012035 1.014061 1.016784 1.013804 1.014197 1.036213 1.034434 1.036702 1.031522 1.021891 1.000000 1.000000 1.000000 1.000000 1.000000 1.031565 1.030963 1.025685 1.041273 1.032452 1.039878 1.040466 1.042701 1.032925 1.034247 1.000000 1.000000 1.000000 1.000000 1.000000 1.026926 1.032550 1.018624 1.035042 1.032811 1.043596 1.043146 1.019463 1.024087 1.044761 1.000000 1.000000 1.000000 1.000000 1.000000 1.031415 1.025861 1.023349 1.023940 1.033635 1.036099 1.035009 1.041408 1.032327 1.038873 1.000000 1.000000 1.000000 1.000000 1.000000 1.024181 1.026787 1.026049 1.026122 1.015500 1.039181 1.038726 1.031618 1.049685 1.023775 1.000000 1.000000 1.000000 1.000000 1.000000 1.046388 1.045604 1.040004 1.049947 1.048532 1.053643 1.051941 1.051389 1.051063 1.046907 1.000000 1.000000 1.000000 1.000000 1.000000 1.024986 1.023494 1.024141 1.023984 1.019878 1.050773 1.061565 1.048056 1.053228 1.052075 1.000000 1.000000 1.000000 1.000000 1.000000 1.025237 1.026172 1.025352 1.024239 1.021599 1.032451 1.032266 1.032937 1.032302 1.028930 
1.000000 1.000000 1.000000 1.000000 1.000000 0.975427 0.974101 0.975477 0.975109 0.973880 0.969388 0.971042 0.968164 0.972686 0.974958 1.000000 1.000000 1.000000 1.000000 1.000000 0.990593 0.989256 0.986923 0.989285 0.988871 0.972264 0.973388 0.971474 0.975408 0.982180 1.000000 1.000000 1.000000 1.000000 1.000000 0.974599 0.975439 0.978636 0.968733 0.974510 0.968457 0.968492 0.965893 0.973311 0.972497 1.000000 1.000000 1.000000 1.000000 1.000000 0.979552 0.974665 0.983501 0.973357 0.973067 0.966640 0.966007 0.983435 0.980114 0.967579 1.000000 1.000000 1.000000 1.000000 1.000000 0.974941 0.979141 0.981285 0.980208 0.973485 0.971723 0.972658 0.967415 0.974284 0.968668 1.000000 1.000000 1.000000 1.000000 1.000000 0.981040 0.978904 0.979926 0.979663 0.987580 0.969847 0.970023 0.975132 0.961637 0.979837 1.000000 1.000000 1.000000 1.000000 1.000000 0.966052 0.966094 0.970842 0.963126 0.964139 0.960006 0.961405 0.962029 0.962226 0.965427 1.000000 1.000000 1.000000 1.000000 1.000000 0.980097 0.981215 0.980730 0.980394 0.982953 0.962085 0.954328 0.963819 0.959802 0.961046 1.000000 1.000000 1.000000 1.000000 1.000000 0.980517 0.979481 0.980137 0.980993 0.982671 0.974649 0.974589 0.973890 0.974295 0.976471 
1.000000 1.000000 1.000000 1.000000 1.000000 0.998301 0.998166 0.997694 0.997957 0.997737 0.996971 0.997005 0.996747 0.996826 0.996471 1.000000 1.000000 1.000000 1.000000 1.000000 0.999161 0.999321 0.998853 0.999135 0.998920 0.997723 0.997659 0.997133 0.997451 0.997392 1.000000 1.000000 1.000000 1.000000 1.000000 0.996736 0.997201 0.996272 0.997956 0.997597 0.996065 0.996436 0.994833 0.996107 0.995752 1.000000 1.000000 1.000000 1.000000 1.000000 0.999065 0.997658 0.995833 0.998981 0.995974 0.996795 0.995746 0.996779 0.996730 1.001220 1.000000 1.000000 1.000000 1.000000 1.000000 0.996953 0.997226 0.997709 0.996719 0.997573 0.996806 0.996943 0.996266 0.996804 0.994789 1.000000 1.000000 1.000000 1.000000 1.000000 0.998216 0.997941 0.998706 0.998177 0.998565 0.997163 0.997139 0.997169 0.996049 0.996000 1.000000 1.000000 1.000000 1.000000 1.000000 1.000511 0.999492 1.000696 0.999867 0.999884 0.999245 0.999542 0.999542 0.999699 1.000027 1.000000 1.000000 1.000000 1.000000 1.000000 0.997675 0.997679 0.997680 0.997029 0.996439 0.998197 0.997738 0.997883 0.997246 0.998209 1.000000 1.000000 1.000000 1.000000 1.000000 0.998506 0.997941 0.998016 0.998098 0.997763 0.997264 0.997043 0.996760 0.996687 0.996422 
1.000000 1.000000 1.000000 1.000000 1.000000 1.027061 1.028027 1.023065 1.026228 1.025619 1.030005 1.027624 1.030871 1.024561 1.019945 1.000000 1.000000 1.000000 1.000000 1.000000 1.010049 1.011755 1.014607 1.010658 1.010390 1.029373 1.027709 1.027831 1.023415 1.012911 1.000000 1.000000 1.000000 1.000000 1.000000 1.021173 1.023753 1.014372 1.038070 1.026240 1.027809 1.029335 1.025891 1.020224 1.021111 1.000000 1.000000 1.000000 1.000000 1.000000 1.024985 1.027850 1.002823 1.032708 1.015103 1.033805 1.031172 1.006881 1.012440 1.041106 1.000000 1.000000 1.000000 1.000000 1.000000 1.023089 1.016684 1.016395 1.014412 1.026964 1.025807 1.025493 1.030692 1.023910 1.022491 1.000000 1.000000 1.000000 1.000000 1.000000 1.019970 1.020599 1.021551 1.021141 1.009829 1.030543 1.029748 1.022332 1.039888 1.011322 1.000000 1.000000 1.000000 1.000000 1.000000 1.042596 1.040797 1.036736 1.045901 1.044192 1.047879 1.047226 1.046704 1.045841 1.042492 1.000000 1.000000 1.000000 1.000000 1.000000 1.018593 1.016804 1.017561 1.015479 1.008948 1.043382 1.052771 1.039090 1.040945 1.042982 1.000000 1.000000 1.000000 1.000000 1.000000 1.021043 1.020770 1.019656 1.018920 1.014997 1.024574 1.023698 1.023131 1.022547 1.018009 
1.000000 1.000000 1.000000 1.000000 1.000000 0.986840 0.986266 0.987610 0.987063 0.986628 0.984694 0.985701 0.984200 0.986997 0.988898 1.000000 1.000000 1.000000 1.000000 1.000000 0.995173 0.994180 0.993249 0.994419 0.994450 0.985539 0.986373 0.985824 0.987839 0.992277 1.000000 1.000000 1.000000 1.000000 1.000000 0.988340 0.988079 0.991212 0.982983 0.987090 0.985230 0.984734 0.985195 0.988258 0.988058 1.000000 1.000000 1.000000 1.000000 1.000000 0.988506 0.987027 0.994725 0.984857 0.988236 0.983198 0.984114 0.993825 0.991795 0.978951 1.000000 1.000000 1.000000 1.000000 1.000000 0.988156 0.990425 0.991186 0.991669 0.986651 0.986316 0.986763 0.984354 0.987896 0.986899 1.000000 1.000000 1.000000 1.000000 1.000000 0.990416 0.989435 0.989189 0.989618 0.994069 0.984701 0.984905 0.988035 0.980917 0.992510 1.000000 1.000000 1.000000 1.000000 1.000000 0.978739 0.979843 0.981477 0.977610 0.978230 0.976396 0.976934 0.977287 0.977272 0.978884 1.000000 1.000000 1.000000 1.000000 1.000000 0.990469 0.991154 0.990857 0.991414 0.993779 0.978727 0.974587 0.980223 0.978525 0.978133 1.000000 1.000000 1.000000 1.000000 1.000000 0.989747 0.989749 0.990065 0.990494 0.991933 0.987587 0.987812 0.987744 0.988087 0.989812 
1.000000 1.000000 1.000000 1.000000 1.000000 0.996588 0.996187 0.997239 0.996334 0.996934 0.995880 0.996063 0.995719 0.996133 0.996270 1.000000 1.000000 1.000000 1.000000 1.000000 0.998783 0.998577 0.998152 0.998686 0.998594 0.996187 0.996074 0.995985 0.996934 0.997401 1.000000 1.000000 1.000000 1.000000 1.000000 0.996288 0.997004 0.997935 0.994710 0.996928 0.995850 0.995768 0.995692 0.997153 0.997103 1.000000 1.000000 1.000000 1.000000 1.000000 0.996964 0.996191 1.000074 0.996467 0.998774 0.995619 0.995222 0.998155 0.997668 0.995582 1.000000 1.000000 1.000000 1.000000 1.000000 0.996262 0.997743 0.997747 0.997812 0.996192 0.996481 0.996320 0.995345 0.996298 0.995744 1.000000 1.000000 1.000000 1.000000 1.000000 0.997192 0.997443 0.997523 0.997090 0.999059 0.995786 0.996008 0.997162 0.994030 0.996686 1.000000 1.000000 1.000000 1.000000 1.000000 0.995048 0.994950 0.995856 0.994402 0.994678 0.994105 0.994386 0.994416 0.994579 0.995099 1.000000 1.000000 1.000000 1.000000 1.000000 0.997405 0.997620 0.997476 0.997744 0.998138 0.994475 0.992550 0.994916 0.994460 0.994867 1.000000 1.000000 1.000000 1.000000 1.000000 0.997143 0.997116 0.997415 0.997434 0.998097 0.996478 0.996661 0.996564 0.996537 0.996974 
1.000000 1.000000 1.000000 1.000000 1.000000 1.043029 1.045918 1.044152 1.043858 1.046784 1.056069 1.053166 1.058176 1.050506 1.047215 1.000000 1.000000 1.000000 1.000000 1.000000 1.016442 1.019024 1.022568 1.019128 1.020307 1.049670 1.047810 1.051923 1.044754 1.033944 1.000000 1.000000 1.000000 1.000000 1.000000 1.046933 1.043435 1.039697 1.053525 1.044915 1.058286 1.058096 1.065556 1.049875 1.051190 1.000000 1.000000 1.000000 1.000000 1.000000 1.035128 1.043686 1.033106 1.046065 1.051821 1.061225 1.062775 1.033226 1.038642 1.057526 1.000000 1.000000 1.000000 1.000000 1.000000 1.044928 1.038251 1.033927 1.036499 1.047418 1.052190 1.050275 1.059610 1.046327 1.060241 1.000000 1.000000 1.000000 1.000000 1.000000 1.033305 1.037661 1.035504 1.036105 1.023013 1.054740 1.054606 1.045775 1.069342 1.039137 1.000000 1.000000 1.000000 1.000000 1.000000 1.059630 1.059325 1.051420 1.064300 1.062724 1.069968 1.067468 1.066754 1.066524 1.060909 1.000000 1.000000 1.000000 1.000000 1.000000 1.035604 1.033840 1.034608 1.035824 1.032636 1.067634 1.083180 1.065862 1.074700 1.070459 1.000000 1.000000 1.000000 1.000000 1.000000 1.034232 1.036314 1.035363 1.033684 1.031386 1.046041 1.046258 1.047952 1.047254 1.043967 
1.000000 1.000000 1.000000 1.000000 1.000000 1.014093 1.014511 1.012172 1.013389 1.013515 1.015204 1.013930 1.015549 1.012062 1.009302 1.000000 1.000000 1.000000 1.000000 1.000000 1.005052 1.006241 1.007210 1.005668 1.005386 1.015097 1.013971 1.013983 1.011899 1.006071 1.000000 1.000000 1.000000 1.000000 1.000000 1.010165 1.011657 1.006494 1.019036 1.013255 1.013537 1.014539 1.012119 1.009845 1.010068 1.000000 1.000000 1.000000 1.000000 1.000000 1.013066 1.013645 1.001173 1.017398 1.008606 1.017135 1.014885 1.003039 1.005796 1.024977 1.000000 1.000000 1.000000 1.000000 1.000000 1.011021 1.008312 1.008087 1.006502 1.013480 1.012941 1.012665 1.014926 1.011331 1.010013 1.000000 1.000000 1.000000 1.000000 1.000000 1.009838 1.010512 1.011520 1.010639 1.005322 1.015437 1.015125 1.011349 1.019278 1.004191 1.000000 1.000000 1.000000 1.000000 1.000000 1.024912 1.022947 1.021814 1.025969 1.025158 1.026787 1.026534 1.026189 1.026091 1.024461 1.000000 1.000000 1.000000 1.000000 1.000000 1.009078 1.008189 1.008556 1.007190 1.003452 1.023407 1.027906 1.021042 1.022063 1.023758 1.000000 1.000000 1.000000 1.000000 1.000000 1.010789 1.010292 1.009905 1.009484 1.007357 1.012123 1.011619 1.011260 1.010808 1.008325 
1.000000 1.000000 1.000000 1.000000 1.000000 0.995806 0.995539 0.996943 0.996233 0.996350 0.996148 0.996555 0.996158 0.997218 0.998334 1.000000 1.000000 1.000000 1.000000 1.000000 0.998667 0.998077 0.998081 0.998428 0.998600 0.995809 0.996108 0.996453 0.997157 0.998988 1.000000 1.000000 1.000000 1.000000 1.000000 0.997903 0.997570 1.000013 0.994283 0.996630 0.997285 0.996748 0.998389 0.998705 0.999128 1.000000 1.000000 1.000000 1.000000 1.000000 0.995640 0.996526 1.002478 0.993969 0.999425 0.995612 0.996909 1.000459 0.999523 0.989213 1.000000 1.000000 1.000000 1.000000 1.000000 0.997709 0.998663 0.998389 0.999658 0.996169 0.997103 0.997098 0.996546 0.997723 0.999250 1.000000 1.000000 1.000000 1.000000 1.000000 0.997391 0.997360 0.996455 0.997111 0.998930 0.995973 0.996048 0.997525 0.995159 1.000395 1.000000 1.000000 1.000000 1.000000 1.000000 0.989840 0.991425 0.990892 0.989967 0.990252 0.990112 0.989977 0.990137 0.990019 0.990391 1.000000 1.000000 1.000000 1.000000 1.000000 0.998070 0.998412 0.998256 0.999212 1.000822 0.992291 0.990459 0.993212 0.993053 0.992056 1.000000 1.000000 1.000000 1.000000 1.000000 0.996875 0.997466 0.997591 0.997696 0.998733 0.997127 0.997489 0.997743 0.997933 0.998958 
1.000000 1.000000 1.000000 1.000000 1.000000 0.984561 0.983052 0.982478 0.983442 0.981929 0.978077 0.978767 0.977117 0.978913 0.978831 1.000000 1.000000 1.000000 1.000000 1.000000 0.994110 0.993150 0.992179 0.992600 0.991787 0.981617 0.981884 0.979435 0.982323 0.984116 1.000000 1.000000 1.000000 1.000000 1.000000 0.979357 0.983259 0.981820 0.982186 0.983550 0.975758 0.976535 0.970916 0.978110 0.977638 1.000000 1.000000 1.000000 1.000000 1.000000 0.988637 0.984338 0.981838 0.985576 0.975299 0.976754 0.974553 0.982165 0.981392 0.981073 1.000000 1.000000 1.000000 1.000000 1.000000 0.981378 0.983451 0.985946 0.983643 0.981858 0.978933 0.979673 0.976127 0.981161 0.972421 1.000000 1.000000 1.000000 1.000000 1.000000 0.987589 0.985469 0.987172 0.986382 0.990276 0.978984 0.978883 0.981551 0.973706 0.979759 1.000000 1.000000 1.000000 1.000000 1.000000 0.980196 0.979591 0.982986 0.978585 0.978920 0.975932 0.977440 0.977742 0.977442 0.979609 1.000000 1.000000 1.000000 1.000000 1.000000 0.985737 0.986081 0.985865 0.984470 0.983634 0.976064 0.970353 0.975742 0.971307 0.974623 1.000000 1.000000 1.000000 1.000000 1.000000 0.987376 0.986091 0.986343 0.986967 0.987108 0.981836 0.981453 0.980090 0.980245 0.980385 
1.000000 1.000000 1.000000 1.000000 1.000000 0.955125 0.952666 0.953986 0.953896 0.951443 0.942921 0.945711 0.940504 0.948270 0.951543 1.000000 1.000000 1.000000 1.000000 1.000000 0.982781 0.980446 0.976183 0.980056 0.979122 0.948950 0.950884 0.946612 0.953909 0.965133 1.000000 1.000000 1.000000 1.000000 1.000000 0.951145 0.953928 0.957783 0.943513 0.953130 0.940041 0.940612 0.933982 0.948276 0.946231 1.000000 1.000000 1.000000 1.000000 1.000000 0.963739 0.953268 0.964860 0.953471 0.946472 0.938233 0.935873 0.965961 0.960727 0.943943 1.000000 1.000000 1.000000 1.000000 1.000000 0.952229 0.959729 0.964423 0.961241 0.951229 0.946802 0.948477 0.938854 0.951241 0.938521 1.000000 1.000000 1.000000 1.000000 1.000000 0.965006 0.960754 0.963499 0.962411 0.976348 0.944019 0.944340 0.953124 0.928942 0.959024 1.000000 1.000000 1.000000 1.000000 1.000000 0.940562 0.939504 0.949197 0.934902 0.936625 0.928597 0.931774 0.932924 0.933126 0.939181 1.000000 1.000000 1.000000 1.000000 1.000000 0.962436 0.964243 0.963418 0.962022 0.965386 0.931398 0.917861 0.934174 0.926263 0.929542 1.000000 1.000000 1.000000 1.000000 1.000000 0.964161 0.961736 0.962889 0.964427 0.966996 0.952524 0.952125 0.950346 0.951019 0.954263 
1.000000 1.000000 1.000000 1.000000 1.000000 0.965440 0.962991 0.964324 0.965033 0.962086 0.956106 0.958276 0.954355 0.960103 0.962946 1.000000 1.000000 1.000000 1.000000 1.000000 0.986775 0.984653 0.982006 0.984547 0.983653 0.960864 0.962178 0.959152 0.964608 0.973075 1.000000 1.000000 1.000000 1.000000 1.000000 0.962541 0.965434 0.968420 0.958349 0.963708 0.954284 0.954783 0.949365 0.960474 0.960454 1.000000 1.000000 1.000000 1.000000 1.000000 0.971466 0.965662 0.973239 0.961771 0.957349 0.952423 0.951342 0.973166 0.968973 0.950918 1.000000 1.000000 1.000000 1.000000 1.000000 0.964557 0.969330 0.972750 0.970994 0.961417 0.958910 0.960649 0.953310 0.963635 0.954014 1.000000 1.000000 1.000000 1.000000 1.000000 0.973404 0.969558 0.970952 0.971202 0.981042 0.957170 0.956879 0.963826 0.946395 0.969316 1.000000 1.000000 1.000000 1.000000 1.000000 0.950112 0.951330 0.956645 0.947024 0.948146 0.942619 0.944322 0.945375 0.945111 0.949366 1.000000 1.000000 1.000000 1.000000 1.000000 0.971606 0.973075 0.972455 0.971513 0.974121 0.946448 0.935036 0.947798 0.941077 0.943617 1.000000 1.000000 1.000000 1.000000 1.000000 0.972666 0.971207 0.971858 0.973241 0.974938 0.963859 0.963611 0.962271 0.962889 0.965364 
1.000000 1.000000 1.000000 1.000000 1.000000 0.957563 0.955163 0.955755 0.956090 0.953617 0.945304 0.947848 0.943024 0.950186 0.952929 1.000000 1.000000 1.000000 1.000000 1.000000 0.983896 0.981443 0.977872 0.980848 0.979921 0.951425 0.953326 0.948819 0.955844 0.965855 1.000000 1.000000 1.000000 1.000000 1.000000 0.952699 0.956397 0.959086 0.947185 0.956040 0.942329 0.942854 0.935862 0.949956 0.947792 1.000000 1.000000 1.000000 1.000000 1.000000 0.966358 0.956123 0.964521 0.957287 0.946751 0.941068 0.938775 0.965759 0.961463 0.946099 1.000000 1.000000 1.000000 1.000000 1.000000 0.954180 0.960991 0.965921 0.962634 0.954088 0.948934 0.950491 0.941664 0.953475 0.939955 1.000000 1.000000 1.000000 1.000000 1.000000 0.967077 0.962742 0.965479 0.964387 0.977116 0.946478 0.946868 0.955032 0.932647 0.959501 1.000000 1.000000 1.000000 1.000000 1.000000 0.943087 0.942147 0.951277 0.937987 0.939523 0.931851 0.935251 0.936269 0.936161 0.941990 1.000000 1.000000 1.000000 1.000000 1.000000 0.964237 0.965764 0.965019 0.963532 0.966102 0.934421 0.921616 0.936877 0.928792 0.932417 1.000000 1.000000 1.000000 1.000000 1.000000 0.966000 0.963687 0.964657 0.966104 0.968441 0.954673 0.954254 0.952273 0.952959 0.955753 
1.000000 1.000000 1.000000 1.000000 1.000000 1.032537 1.036028 1.038372 1.034938 1.039140 1.047900 1.046503 1.050091 1.046471 1.046913 1.000000 1.000000 1.000000 1.000000 1.000000 1.012614 1.014596 1.016439 1.015969 1.018062 1.039392 1.038939 1.044546 1.038721 1.035450 1.000000 1.000000 1.000000 1.000000 1.000000 1.045521 1.036329 1.041326 1.035753 1.035704 1.053663 1.051695 1.065762 1.049126 1.049278 1.000000 1.000000 1.000000 1.000000 1.000000 1.023389 1.032503 1.043786 1.030462 1.057672 1.050451 1.055865 1.041410 1.042818 1.039260 1.000000 1.000000 1.000000 1.000000 1.000000 1.040110 1.036923 1.031064 1.036850 1.039408 1.046988 1.044539 1.052432 1.040952 1.062182 1.000000 1.000000 1.000000 1.000000 1.000000 1.026373 1.031718 1.027610 1.029135 1.022205 1.045625 1.046145 1.040879 1.056660 1.045656 1.000000 1.000000 1.000000 1.000000 1.000000 1.040586 1.041881 1.035036 1.043606 1.043173 1.049545 1.046512 1.045970 1.046733 1.042269 1.000000 1.000000 1.000000 1.000000 1.000000 1.031037 1.030445 1.030800 1.034664 1.037503 1.050433 1.063038 1.052834 1.063475 1.054781 1.000000 1.000000 1.000000 1.000000 1.000000 1.026578 1.029752 1.029480 1.027937 1.028630 1.039573 1.040675 1.043908 1.043590 1.043764 
1.000000 1.000000 1.000000 1.000000 1.000000 0.999312 0.998760 0.998709 0.999279 0.998681 0.998509 0.998433 0.998403 0.998029 0.997823 1.000000 1.000000 1.000000 1.000000 1.000000 0.999690 0.999571 0.999777 0.999524 0.999222 0.999105 0.998791 0.998630 0.998787 0.998116 1.000000 1.000000 1.000000 1.000000 1.000000 0.997882 0.999232 0.998363 1.000387 0.998901 0.998048 0.998390 0.997077 0.998080 0.998972 1.000000 1.000000 1.000000 1.000000 1.000000 0.999466 0.999971 0.997645 0.998589 0.996764 0.998617 0.998213 0.997116 0.997211 0.997436 1.000000 1.000000 1.000000 1.000000 1.000000 0.998963 0.998605 0.998811 0.998559 0.998076 0.998203 0.998555 0.998204 0.998874 0.997611 1.000000 1.000000 1.000000 1.000000 1.000000 0.999328 0.998878 0.998957 0.999178 0.998821 0.998744 0.998412 0.998593 0.998617 0.997401 1.000000 1.000000 1.000000 1.000000 1.000000 0.998122 0.998737 0.998116 0.998573 0.998437 0.998487 0.998290 0.998390 0.998163 0.998093 1.000000 1.000000 1.000000 1.000000 1.000000 0.999083 0.999089 0.999091 0.998753 0.998111 0.998919 0.997984 0.998134 0.997265 0.998090 1.000000 1.000000 1.000000 1.000000 1.000000 0.999450 0.999362 0.999281 0.999420 0.999050 0.998802 0.998728 0.998472 0.998463 0.998177 
1.000000 1.000000 1.000000 1.000000 1.000000 1.024664 1.025713 1.023592 1.023850 1.025473 1.028963 1.026944 1.029883 1.024392 1.020473 1.000000 1.000000 1.000000 1.000000 1.000000 1.009227 1.011011 1.012767 1.010501 1.010544 1.027247 1.025527 1.026528 1.023126 1.014169 1.000000 1.000000 1.000000 1.000000 1.000000 1.021525 1.022665 1.017009 1.031038 1.024919 1.027924 1.028755 1.028253 1.022525 1.022706 1.000000 1.000000 1.000000 1.000000 1.000000 1.021702 1.023919 1.011374 1.029499 1.023692 1.032178 1.029922 1.011673 1.015886 1.039714 1.000000 1.000000 1.000000 1.000000 1.000000 1.021621 1.018230 1.016769 1.015949 1.025374 1.026166 1.024951 1.029310 1.022491 1.024317 1.000000 1.000000 1.000000 1.000000 1.000000 1.017897 1.020206 1.020701 1.019450 1.011819 1.028777 1.028704 1.022992 1.035653 1.013244 1.000000 1.000000 1.000000 1.000000 1.000000 1.039627 1.037236 1.034694 1.041470 1.040424 1.043733 1.043151 1.042541 1.042513 1.039662 1.000000 1.000000 1.000000 1.000000 1.000000 1.017946 1.016632 1.017124 1.016375 1.011852 1.039650 1.047211 1.037172 1.040518 1.041408 1.000000 1.000000 1.000000 1.000000 1.000000 1.019007 1.019112 1.018700 1.017730 1.015523 1.023362 1.023074 1.023092 1.022392 1.019159 
1.000000 1.000000 1.000000 1.000000 1.000000 1.007298 1.006539 1.004088 1.006489 1.004954 1.005309 1.004321 1.005222 1.002235 0.999536 1.000000 1.000000 1.000000 1.000000 1.000000 1.002339 1.003032 1.003843 1.002336 1.001427 1.007063 1.005779 1.004868 1.003882 0.998523 1.000000 1.000000 1.000000 1.000000 1.000000 1.000637 1.004498 0.998304 1.012799 1.005380 1.002549 1.004223 0.998383 0.999624 1.000917 1.000000 1.000000 1.000000 1.000000 1.000000 1.007626 1.007831 0.992305 1.009026 0.995897 1.006539 1.003441 0.993952 0.996128 1.013542 1.000000 1.000000 1.000000 1.000000 1.000000 1.003458 1.000821 1.001581 0.999154 1.004176 1.003066 1.003585 1.004084 1.003397 0.997962 1.000000 1.000000 1.000000 1.000000 1.000000 1.004383 1.003617 1.005087 1.004567 1.000177 1.006220 1.005281 1.002693 1.008073 0.995016 1.000000 1.000000 1.000000 1.000000 1.000000 1.014320 1.013323 1.012252 1.015493 1.014642 1.015368 1.015111 1.015040 1.014592 1.013579 1.000000 1.000000 1.000000 1.000000 1.000000 1.002805 1.002141 1.002438 1.000260 0.995883 1.012903 1.014097 1.009528 1.007984 1.011448 1.000000 1.000000 1.000000 1.000000 1.000000 1.005422 1.004450 1.004006 1.004054 1.001499 1.004079 1.003340 1.002351 1.001991 0.999369 
1.000000 1.000000 1.000000 1.000000 1.000000 0.984640 0.983384 0.982978 0.983774 0.982424 0.978817 0.979596 0.977843 0.979932 0.980299 1.000000 1.000000 1.000000 1.000000 1.000000 0.994030 0.993233 0.991969 0.992805 0.992112 0.981921 0.982305 0.980197 0.982847 0.985430 1.000000 1.000000 1.000000 1.000000 1.000000 0.980551 0.983288 0.982545 0.981837 0.983417 0.976774 0.977406 0.972810 0.979323 0.978810 1.000000 1.000000 1.000000 1.000000 1.000000 0.988367 0.984141 0.983112 0.985051 0.976933 0.977439 0.975592 0.983993 0.982801 0.982065 1.000000 1.000000 1.000000 1.000000 1.000000 0.982025 0.984128 0.986368 0.984249 0.982209 0.979631 0.980481 0.976965 0.981656 0.974342 1.000000 1.000000 1.000000 1.000000 1.000000 0.987653 0.985679 0.987287 0.986588 0.990639 0.979523 0.979479 0.982239 0.974166 0.981595 1.000000 1.000000 1.000000 1.000000 1.000000 0.980983 0.980219 0.983746 0.979161 0.979557 0.976588 0.977903 0.978224 0.978126 0.980248 1.000000 1.000000 1.000000 1.000000 1.000000 0.986030 0.986470 0.986246 0.984966 0.984715 0.976626 0.971452 0.976583 0.972685 0.975406 1.000000 1.000000 1.000000 1.000000 1.000000 0.987548 0.986271 0.986558 0.987179 0.987384 0.982344 0.981983 0.980871 0.981036 0.981483 
1.000000 1.000000 1.000000 1.000000 1.000000 1.018738 1.019932 1.018338 1.018634 1.019757 1.023126 1.021763 1.023969 1.020410 1.018325 1.000000 1.000000 1.000000 1.000000 1.000000 1.007157 1.008295 1.009917 1.008057 1.008408 1.021078 1.020247 1.021398 1.018433 1.012956 1.000000 1.000000 1.000000 1.000000 1.000000 1.018629 1.018103 1.015039 1.023633 1.019400 1.023346 1.023468 1.025080 1.019364 1.019456 1.000000 1.000000 1.000000 1.000000 1.000000 1.016108 1.018746 1.010838 1.021657 1.019421 1.025462 1.025305 1.011670 1.014581 1.027155 1.000000 1.000000 1.000000 1.000000 1.000000 1.018148 1.015110 1.013799 1.014067 1.020451 1.021234 1.020402 1.024367 1.018820 1.022402 1.000000 1.000000 1.000000 1.000000 1.000000 1.014279 1.015917 1.015589 1.015368 1.009335 1.022778 1.022794 1.018596 1.028945 1.013987 1.000000 1.000000 1.000000 1.000000 1.000000 1.027677 1.026769 1.024026 1.029501 1.028731 1.031555 1.030912 1.030466 1.030315 1.028043 1.000000 1.000000 1.000000 1.000000 1.000000 1.014666 1.013715 1.014099 1.014083 1.011740 1.029404 1.036029 1.028182 1.031302 1.030569 1.000000 1.000000 1.000000 1.000000 1.000000 1.014712 1.015243 1.014781 1.014057 1.012701 1.018968 1.018888 1.019255 1.018905 1.017004 
1.000000 1.000000 1.000000 1.000000 1.000000 0.994099 0.993358 0.994867 0.993963 0.994124 0.992683 0.993054 0.992387 0.993125 0.993408 1.000000 1.000000 1.000000 1.000000 1.000000 0.997658 0.997475 0.996591 0.997695 0.997420 0.993405 0.993197 0.993024 0.994361 0.995371 1.000000 1.000000 1.000000 1.000000 1.000000 0.993552 0.994331 0.995598 0.991746 0.993818 0.992392 0.992595 0.991607 0.993982 0.994259 1.000000 1.000000 1.000000 1.000000 1.000000 0.994547 0.993646 0.998554 0.992704 0.996307 0.991895 0.991098 0.996386 0.995232 0.992644 1.000000 1.000000 1.000000 1.000000 1.000000 0.993799 0.995665 0.995674 0.995571 0.992707 0.993437 0.993431 0.991579 0.993553 0.992336 1.000000 1.000000 1.000000 1.000000 1.000000 0.995016 0.995058 0.995277 0.994886 0.997665 0.992776 0.992736 0.994334 0.989843 0.994440 1.000000 1.000000 1.000000 1.000000 1.000000 0.992086 0.992088 0.993274 0.991159 0.991515 0.990603 0.990674 0.990835 0.991137 0.991855 1.000000 1.000000 1.000000 1.000000 1.000000 0.995216 0.995640 0.995443 0.995534 0.996104 0.991206 0.988016 0.991479 0.990591 0.991296 1.000000 1.000000 1.000000 1.000000 1.000000 0.995218 0.994994 0.995397 0.995568 0.996184 0.993753 0.993870 0.993753 0.993700 0.994232 
1.000000 1.000000 1.000000 1.000000 1.000000 1.013470 1.014244 1.013137 1.013563 1.013988 1.016489 1.015542 1.017034 1.014429 1.012927 1.000000 1.000000 1.000000 1.000000 1.000000 1.004900 1.005963 1.006796 1.005863 1.005984 1.015143 1.014406 1.015317 1.013046 1.009190 1.000000 1.000000 1.000000 1.000000 1.000000 1.013237 1.012498 1.010142 1.017246 1.013176 1.016362 1.016746 1.017287 1.013257 1.013618 1.000000 1.000000 1.000000 1.000000 1.000000 1.011326 1.013331 1.007116 1.014612 1.013652 1.017928 1.017462 1.008231 1.009954 1.020881 1.000000 1.000000 1.000000 1.000000 1.000000 1.013009 1.010631 1.009564 1.009498 1.013947 1.014894 1.014478 1.017001 1.013202 1.015730 1.000000 1.000000 1.000000 1.000000 1.000000 1.009959 1.011051 1.010995 1.010875 1.006399 1.016351 1.016099 1.012923 1.020422 1.009843 1.000000 1.000000 1.000000 1.000000 1.000000 1.021231 1.020397 1.018448 1.022434 1.021841 1.023860 1.023062 1.022803 1.022868 1.021127 1.000000 1.000000 1.000000 1.000000 1.000000 1.010202 1.009604 1.009895 1.009582 1.007810 1.022003 1.026671 1.020757 1.023008 1.022644 1.000000 1.000000 1.000000 1.000000 1.000000 1.010643 1.010805 1.010485 1.010047 1.008714 1.013383 1.013199 1.013523 1.013208 1.011718 
1.000000 1.000000 1.000000 1.000000 1.000000 0.961852 0.958717 0.957060 0.959939 0.955401 0.947248 0.949181 0.944871 0.949973 0.950740 1.000000 1.000000 1.000000 1.000000 1.000000 0.985053 0.983100 0.980088 0.981955 0.980178 0.955175 0.956222 0.950723 0.957001 0.963391 1.000000 1.000000 1.000000 1.000000 1.000000 0.951526 0.958174 0.955722 0.956252 0.958203 0.941934 0.943928 0.931431 0.947123 0.945934 1.000000 1.000000 1.000000 1.000000 1.000000 0.971135 0.961151 0.955763 0.962121 0.940013 0.943435 0.938948 0.959277 0.956353 0.954503 1.000000 1.000000 1.000000 1.000000 1.000000 0.955619 0.959905 0.965679 0.960246 0.955369 0.949128 0.951291 0.942732 0.954618 0.935909 1.000000 1.000000 1.000000 1.000000 1.000000 0.969415 0.963927 0.967919 0.966713 0.975821 0.949397 0.948773 0.954992 0.936749 0.954329 1.000000 1.000000 1.000000 1.000000 1.000000 0.952440 0.950978 0.959124 0.948362 0.949168 0.941904 0.944916 0.945904 0.945427 0.950521 1.000000 1.000000 1.000000 1.000000 1.000000 0.965055 0.966118 0.965636 0.962108 0.961204 0.942537 0.930217 0.942197 0.932388 0.938831 1.000000 1.000000 1.000000 1.000000 1.000000 0.969235 0.965985 0.966497 0.968160 0.968144 0.956144 0.955005 0.952192 0.952657 0.953330 
1.000000 1.000000 1.000000 1.000000 1.000000 1.011080 1.011934 1.012451 1.011348 1.012882 1.015058 1.014418 1.015696 1.013957 1.013286 1.000000 1.000000 1.000000 1.000000 1.000000 1.004280 1.005001 1.005622 1.005254 1.005698 1.012942 1.012465 1.013875 1.012256 1.009876 1.000000 1.000000 1.000000 1.000000 1.000000 1.013266 1.011707 1.012058 1.012304 1.012023 1.016162 1.015827 1.018800 1.014534 1.014534 1.000000 1.000000 1.000000 1.000000 1.000000 1.008570 1.010749 1.012318 1.011628 1.017489 1.016143 1.016751 1.011065 1.012048 1.015333 1.000000 1.000000 1.000000 1.000000 1.000000 1.012036 1.011225 1.009605 1.010776 1.012680 1.014555 1.013669 1.015949 1.012406 1.017192 1.000000 1.000000 1.000000 1.000000 1.000000 1.008547 1.010344 1.009548 1.009436 1.007111 1.014488 1.014697 1.012781 1.017668 1.011747 1.000000 1.000000 1.000000 1.000000 1.000000 1.015379 1.015121 1.013436 1.016168 1.015972 1.017861 1.017183 1.016909 1.017161 1.015784 1.000000 1.000000 1.000000 1.000000 1.000000 1.009696 1.009371 1.009497 1.010336 1.010208 1.017252 1.020769 1.017425 1.020315 1.018760 1.000000 1.000000 1.000000 1.000000 1.000000 1.008784 1.009514 1.009487 1.008946 1.008927 1.012312 1.012581 1.013277 1.013050 1.012606 
1.000000 1.000000 1.000000 1.000000 1.000000 0.991668 0.991568 0.992509 0.991905 0.991851 0.990731 0.991450 0.990463 0.992532 0.993969 1.000000 1.000000 1.000000 1.000000 1.000000 0.996957 0.996366 0.995647 0.996574 0.996748 0.990947 0.991666 0.991440 0.992641 0.996013 1.000000 1.000000 1.000000 1.000000 1.000000 0.993538 0.992565 0.995155 0.988656 0.991985 0.991376 0.990871 0.991918 0.993354 0.992850 1.000000 1.000000 1.000000 1.000000 1.000000 0.992609 0.991532 0.997841 0.990483 0.993941 0.989656 0.990566 0.997568 0.996105 0.987171 1.000000 1.000000 1.000000 1.000000 1.000000 0.992878 0.994479 0.994836 0.995343 0.992137 0.991939 0.992101 0.990697 0.992712 0.992871 1.000000 1.000000 1.000000 1.000000 1.000000 0.994043 0.993594 0.993338 0.993595 0.996663 0.990617 0.990880 0.992864 0.988229 0.996669 1.000000 1.000000 1.000000 1.000000 1.000000 0.986776 0.987300 0.988571 0.985858 0.986328 0.985135 0.985512 0.985704 0.985812 0.986877 1.000000 1.000000 1.000000 1.000000 1.000000 0.994236 0.994701 0.994506 0.995059 0.997019 0.986532 0.984282 0.987902 0.987245 0.986487 1.000000 1.000000 1.000000 1.000000 1.000000 0.993551 0.993618 0.993853 0.994082 0.995197 0.992493 0.992680 0.992800 0.993041 0.994356 
1.000000 1.000000 1.000000 1.000000 1.000000 0.974952 0.972364 0.970811 0.973789 0.970017 0.964904 0.966040 0.963398 0.966367 0.966973 1.000000 1.000000 1.000000 1.000000 1.000000 0.990522 0.988578 0.987822 0.987717 0.986411 0.970502 0.971135 0.967369 0.971462 0.974907 1.000000 1.000000 1.000000 1.000000 1.000000 0.967247 0.973564 0.971012 0.973535 0.973111 0.961636 0.962791 0.954262 0.965132 0.965609 1.000000 1.000000 1.000000 1.000000 1.000000 0.981309 0.976413 0.969072 0.974762 0.956573 0.962936 0.960802 0.970589 0.969392 0.963152 1.000000 1.000000 1.000000 1.000000 1.000000 0.971434 0.973091 0.977299 0.974183 0.970355 0.965845 0.967772 0.962642 0.971007 0.957788 1.000000 1.000000 1.000000 1.000000 1.000000 0.980574 0.976135 0.978168 0.978304 0.983016 0.966474 0.965853 0.970177 0.959604 0.969090 1.000000 1.000000 1.000000 1.000000 1.000000 0.963656 0.964701 0.968031 0.962465 0.962721 0.958469 0.960345 0.961057 0.959950 0.963079 1.000000 1.000000 1.000000 1.000000 1.000000 0.977471 0.978008 0.977730 0.975492 0.974362 0.960479 0.951779 0.959495 0.951842 0.956553 1.000000 1.000000 1.000000 1.000000 1.000000 0.979904 0.978222 0.978201 0.979430 0.979232 0.971337 0.970678 0.968518 0.969010 0.969311 
1.000000 1.000000 1.000000 1.000000 1.000000 0.981202 0.979457 0.979319 0.980735 0.978489 0.975031 0.976039 0.974045 0.976718 0.977905 1.000000 1.000000 1.000000 1.000000 1.000000 0.993017 0.991448 0.990859 0.991121 0.990419 0.978349 0.978985 0.976828 0.979861 0.983431 1.000000 1.000000 1.000000 1.000000 1.000000 0.977742 0.981313 0.981311 0.979134 0.980480 0.973651 0.974011 0.969784 0.976877 0.977397 1.000000 1.000000 1.000000 1.000000 1.000000 0.985188 0.982426 0.981713 0.979977 0.971925 0.973463 0.972900 0.981665 0.980230 0.970086 1.000000 1.000000 1.000000 1.000000 1.000000 0.980136 0.981858 0.984377 0.983133 0.978583 0.976201 0.977487 0.973808 0.979835 0.972511 1.000000 1.000000 1.000000 1.000000 1.000000 0.985801 0.982967 0.983753 0.984197 0.988455 0.975865 0.975576 0.979314 0.970839 0.980571 1.000000 1.000000 1.000000 1.000000 1.000000 0.970638 0.972123 0.974122 0.969817 0.970184 0.967303 0.968441 0.968989 0.968272 0.970547 1.000000 1.000000 1.000000 1.000000 1.000000 0.984246 0.984819 0.984539 0.983692 0.984089 0.969780 0.963190 0.969752 0.964853 0.967205 1.000000 1.000000 1.000000 1.000000 1.000000 0.985074 0.984321 0.984404 0.985255 0.985793 0.979733 0.979534 0.978345 0.978776 0.979696 
1.000000 1.000000 1.000000 1.000000 1.000000 1.038474 1.040965 1.039939 1.039234 1.041925 1.050036 1.047494 1.051937 1.045034 1.041862 1.000000 1.000000 1.000000 1.000000 1.000000 1.014531 1.017078 1.019808 1.017309 1.018281 1.044373 1.042523 1.046273 1.040020 1.030244 1.000000 1.000000 1.000000 1.000000 1.000000 1.041970 1.038582 1.035565 1.047225 1.039793 1.051873 1.051925 1.058006 1.044227 1.045326 1.000000 1.000000 1.000000 1.000000 1.000000 1.031067 1.038568 1.030715 1.040594 1.048050 1.054214 1.055061 1.030309 1.034761 1.053277 1.000000 1.000000 1.000000 1.000000 1.000000 1.040001 1.034504 1.030326 1.032529 1.041871 1.046725 1.044784 1.052668 1.041070 1.053358 1.000000 1.000000 1.000000 1.000000 1.000000 1.029402 1.033633 1.031853 1.032108 1.020930 1.048938 1.048702 1.040725 1.061226 1.034837 1.000000 1.000000 1.000000 1.000000 1.000000 1.054744 1.054055 1.047370 1.058533 1.057205 1.063618 1.061189 1.060546 1.060646 1.055615 1.000000 1.000000 1.000000 1.000000 1.000000 1.031641 1.030177 1.030838 1.031883 1.029061 1.061138 1.074392 1.059502 1.067620 1.064005 1.000000 1.000000 1.000000 1.000000 1.000000 1.030572 1.032293 1.031604 1.030094 1.028031 1.040934 1.041106 1.042712 1.041971 1.038955 
1.000000 1.000000 1.000000 1.000000 1.000000 0.973632 0.971466 0.969027 0.971383 0.968434 0.961518 0.962654 0.959616 0.962714 0.962096 1.000000 1.000000 1.000000 1.000000 1.000000 0.989502 0.988473 0.986018 0.987190 0.985666 0.968143 0.968701 0.963922 0.968532 0.971705 1.000000 1.000000 1.000000 1.000000 1.000000 0.963233 0.969114 0.964997 0.969603 0.970494 0.956253 0.958125 0.946879 0.959557 0.957640 1.000000 1.000000 1.000000 1.000000 1.000000 0.981422 0.971881 0.963360 0.976797 0.954141 0.959127 0.954131 0.967367 0.966104 0.975278 1.000000 1.000000 1.000000 1.000000 1.000000 0.966331 0.969532 0.974407 0.968825 0.968649 0.962346 0.963815 0.957525 0.965671 0.949060 1.000000 1.000000 1.000000 1.000000 1.000000 0.978092 0.974148 0.978320 0.976210 0.982377 0.963240 0.963034 0.966809 0.953515 0.962691 1.000000 1.000000 1.000000 1.000000 1.000000 0.972414 0.969180 0.976878 0.968635 0.969130 0.963294 0.966206 0.966669 0.966537 0.970441 1.000000 1.000000 1.000000 1.000000 1.000000 0.974046 0.974522 0.974251 0.970711 0.968451 0.961159 0.952818 0.960359 0.952701 0.959038 1.000000 1.000000 1.000000 1.000000 1.000000 0.978317 0.975163 0.975586 0.976697 0.976064 0.967650 0.966519 0.963987 0.964139 0.963832 
1.000000 1.000000 1.000000 1.000000 1.000000 1.025360 1.026662 1.024654 1.025946 1.026224 1.031737 1.029955 1.032879 1.028016 1.025727 1.000000 1.000000 1.000000 1.000000 1.000000 1.009479 1.011024 1.013369 1.010919 1.011241 1.028885 1.027622 1.029607 1.025119 1.018078 1.000000 1.000000 1.000000 1.000000 1.000000 1.025868 1.024786 1.020800 1.033730 1.025376 1.032242 1.032728 1.034708 1.026394 1.027965 1.000000 1.000000 1.000000 1.000000 1.000000 1.021016 1.026547 1.014531 1.026392 1.025107 1.034655 1.035026 1.015994 1.019359 1.033250 1.000000 1.000000 1.000000 1.000000 1.000000 1.025985 1.020737 1.018669 1.019471 1.026528 1.028772 1.028244 1.033524 1.026494 1.032422 1.000000 1.000000 1.000000 1.000000 1.000000 1.019460 1.021095 1.020150 1.020930 1.011804 1.031485 1.030793 1.025028 1.040452 1.020558 1.000000 1.000000 1.000000 1.000000 1.000000 1.035372 1.035624 1.030194 1.038752 1.037518 1.041867 1.040060 1.039713 1.039315 1.035792 1.000000 1.000000 1.000000 1.000000 1.000000 1.020137 1.019006 1.019561 1.019436 1.016511 1.040242 1.049092 1.037881 1.041964 1.040526 1.000000 1.000000 1.000000 1.000000 1.000000 1.020270 1.021158 1.020318 1.019567 1.017208 1.026182 1.025980 1.026670 1.026261 1.023669 
1.000000 1.000000 1.000000 1.000000 1.000000 0.983337 0.982135 0.982256 0.982627 0.981668 0.978162 0.979079 0.977287 0.979891 0.980921 1.000000 1.000000 1.000000 1.000000 1.000000 0.993901 0.992595 0.991771 0.992287 0.991857 0.980786 0.981484 0.979596 0.982501 0.985926 1.000000 1.000000 1.000000 1.000000 1.000000 0.980754 0.983406 0.984011 0.979892 0.983264 0.977088 0.977105 0.974306 0.980446 0.979981 1.000000 1.000000 1.000000 1.000000 1.000000 0.987052 0.983472 0.985498 0.983646 0.977663 0.976863 0.976243 0.985174 0.983939 0.976033 1.000000 1.000000 1.000000 1.000000 1.000000 0.981963 0.984422 0.986579 0.985455 0.981984 0.979539 0.980288 0.977059 0.981874 0.975901 1.000000 1.000000 1.000000 1.000000 1.000000 0.987345 0.985422 0.986295 0.986041 0.990737 0.978613 0.978853 0.982345 0.973635 0.983153 1.000000 1.000000 1.000000 1.000000 1.000000 0.975462 0.975797 0.978737 0.973990 0.974517 0.971664 0.973136 0.973477 0.973113 0.975395 1.000000 1.000000 1.000000 1.000000 1.000000 0.986135 0.986632 0.986339 0.985857 0.986546 0.973143 0.967619 0.973859 0.970052 0.971916 1.000000 1.000000 1.000000 1.000000 1.000000 0.986604 0.985902 0.986177 0.986761 0.987750 0.982119 0.982063 0.981087 0.981425 0.982511 
1.000000 1.000000 1.000000 1.000000 1.000000 0.983685 0.981747 0.981095 0.982802 0.980349 0.976579 0.977291 0.975486 0.977125 0.977075 1.000000 1.000000 1.000000 1.000000 1.000000 0.993520 0.992654 0.991544 0.992144 0.991031 0.980608 0.980625 0.978151 0.980972 0.982697 1.000000 1.000000 1.000000 1.000000 1.000000 0.977627 0.981931 0.979876 0.982398 0.981639 0.973774 0.975014 0.968100 0.975933 0.976390 1.000000 1.000000 1.000000 1.000000 1.000000 0.987654 0.983942 0.979262 0.983063 0.972105 0.975066 0.972495 0.979989 0.978855 0.979437 1.000000 1.000000 1.000000 1.000000 1.000000 0.980503 0.982004 0.984567 0.981934 0.979496 0.977015 0.978251 0.974194 0.979938 0.970456 1.000000 1.000000 1.000000 1.000000 1.000000 0.986644 0.983989 0.985830 0.985409 0.988873 0.977752 0.977146 0.979856 0.972160 0.977999 1.000000 1.000000 1.000000 1.000000 1.000000 0.979171 0.979024 0.981874 0.977856 0.978053 0.975084 0.976101 0.976569 0.976222 0.978248 1.000000 1.000000 1.000000 1.000000 1.000000 0.984577 0.985026 0.984828 0.982940 0.981742 0.975456 0.969099 0.974323 0.969269 0.973110 1.000000 1.000000 1.000000 1.000000 1.000000 0.986804 0.985291 0.985455 0.986286 0.985834 0.980539 0.979979 0.978524 0.978659 0.978565 
1.000000 1.000000 1.000000 1.000000 1.000000 0.956713 0.954414 0.956833 0.956406 0.954088 0.947024 0.949910 0.944984 0.953027 0.957524 1.000000 1.000000 1.000000 1.000000 1.000000 0.983751 0.980930 0.977554 0.981008 0.980513 0.951598 0.953784 0.950639 0.957419 0.969606 1.000000 1.000000 1.000000 1.000000 1.000000 0.956376 0.957978 0.964201 0.945714 0.955958 0.946145 0.945828 0.942714 0.954758 0.953884 1.000000 1.000000 1.000000 1.000000 1.000000 0.963835 0.956488 0.972411 0.952704 0.952539 0.942563 0.942603 0.971748 0.966225 0.937571 1.000000 1.000000 1.000000 1.000000 1.000000 0.957134 0.964053 0.967829 0.966837 0.954062 0.951260 0.953000 0.944350 0.956303 0.947790 1.000000 1.000000 1.000000 1.000000 1.000000 0.967338 0.963323 0.964348 0.964694 0.978178 0.947691 0.948018 0.957206 0.934544 0.966629 1.000000 1.000000 1.000000 1.000000 1.000000 0.935965 0.937504 0.944552 0.931696 0.933417 0.926552 0.928989 0.930255 0.930072 0.935585 1.000000 1.000000 1.000000 1.000000 1.000000 0.965903 0.967834 0.966973 0.966950 0.971967 0.932068 0.918857 0.935404 0.928409 0.929720 1.000000 1.000000 1.000000 1.000000 1.000000 0.965842 0.964607 0.965583 0.967077 0.970392 0.956457 0.956527 0.955367 0.956263 0.960369 
1.000000 1.000000 1.000000 1.000000 1.000000 0.982189 0.980206 0.978728 0.980759 0.978197 0.973571 0.974262 0.972284 0.973961 0.973369 1.000000 1.000000 1.000000 1.000000 1.000000 0.992899 0.992067 0.990730 0.991238 0.989964 0.978434 0.978499 0.975262 0.978451 0.979865 1.000000 1.000000 1.000000 1.000000 1.000000 0.974246 0.979384 0.976057 0.980617 0.979835 0.969835 0.971352 0.962763 0.971945 0.971652 1.000000 1.000000 1.000000 1.000000 1.000000 0.987284 0.981827 0.974477 0.983290 0.967448 0.972015 0.968452 0.976278 0.975498 0.980723 1.000000 1.000000 1.000000 1.000000 1.000000 0.977337 0.979080 0.982367 0.978662 0.977750 0.973918 0.975153 0.970697 0.976820 0.964783 1.000000 1.000000 1.000000 1.000000 1.000000 0.985165 0.982190 0.984848 0.983787 0.987488 0.974954 0.974465 0.977087 0.968559 0.973590 1.000000 1.000000 1.000000 1.000000 1.000000 0.979676 0.978397 0.982590 0.977758 0.977954 0.974290 0.975920 0.976323 0.975997 0.978436 1.000000 1.000000 1.000000 1.000000 1.000000 0.982386 0.982721 0.982542 0.980018 0.978015 0.973512 0.966948 0.972219 0.966396 0.971274 1.000000 1.000000 1.000000 1.000000 1.000000 0.985394 0.983347 0.983542 0.984403 0.983692 0.977907 0.977131 0.975270 0.975365 0.974909 
1.000000 1.000000 1.000000 1.000000 1.000000 0.985394 0.984668 0.985965 0.985287 0.984868 0.982235 0.983280 0.981605 0.984458 0.985971 1.000000 1.000000 1.000000 1.000000 1.000000 0.994520 0.993628 0.992291 0.993763 0.993639 0.983643 0.984386 0.983427 0.985867 0.990136 1.000000 1.000000 1.000000 1.000000 1.000000 0.985750 0.985977 0.988668 0.980845 0.985316 0.982146 0.981937 0.981112 0.985242 0.984642 1.000000 1.000000 1.000000 1.000000 1.000000 0.987596 0.984970 0.992430 0.984015 0.986036 0.980486 0.980489 0.991604 0.989503 0.979681 1.000000 1.000000 1.000000 1.000000 1.000000 0.985643 0.988478 0.989510 0.989344 0.984695 0.983959 0.984293 0.981260 0.985327 0.982715 1.000000 1.000000 1.000000 1.000000 1.000000 0.988908 0.987914 0.988213 0.988106 0.993228 0.982409 0.982627 0.985839 0.977546 0.989346 1.000000 1.000000 1.000000 1.000000 1.000000 0.978786 0.979075 0.981759 0.977054 0.977748 0.975403 0.976222 0.976560 0.976712 0.978627 1.000000 1.000000 1.000000 1.000000 1.000000 0.988668 0.989380 0.989058 0.989263 0.991234 0.977010 0.972170 0.978422 0.976320 0.976650 1.000000 1.000000 1.000000 1.000000 1.000000 0.988440 0.988066 0.988518 0.988970 0.990343 0.985380 0.985490 0.985216 0.985476 0.987012 
1.000000 1.000000 1.000000 1.000000 1.000000 1.004851 1.005705 1.004967 1.005064 1.005434 1.006688 1.006476 1.006986 1.006665 1.006690 1.000000 1.000000 1.000000 1.000000 1.000000 1.001923 1.002171 1.002609 1.002131 1.002530 1.005623 1.005901 1.006321 1.005244 1.004991 1.000000 1.000000 1.000000 1.000000 1.000000 1.006484 1.004897 1.004875 1.005729 1.005310 1.007327 1.006950 1.008810 1.006266 1.005677 1.000000 1.000000 1.000000 1.000000 1.000000 1.004157 1.004760 1.003688 1.005858 1.005919 1.007179 1.008072 1.005181 1.005794 1.006902 1.000000 1.000000 1.000000 1.000000 1.000000 1.005548 1.004544 1.004203 1.004622 1.006548 1.006372 1.006134 1.007650 1.005746 1.008001 1.000000 1.000000 1.000000 1.000000 1.000000 1.004114 1.004513 1.004185 1.004373 1.002736 1.006412 1.006628 1.005450 1.008543 1.006318 1.000000 1.000000 1.000000 1.000000 1.000000 1.006912 1.006647 1.006043 1.007306 1.007162 1.007886 1.007815 1.007659 1.007645 1.007107 1.000000 1.000000 1.000000 1.000000 1.000000 1.004315 1.004060 1.004183 1.004454 1.004629 1.007363 1.010179 1.007717 1.009093 1.007892 1.000000 1.000000 1.000000 1.000000 1.000000 1.003951 1.004241 1.004043 1.003822 1.003690 1.005616 1.005628 1.005968 1.005995 1.005883 
1.000000 1.000000 1.000000 1.000000 1.000000 0.966076 0.963797 0.963816 0.964430 0.962210 0.954776 0.956667 0.952786 0.957962 0.959292 1.000000 1.000000 1.000000 1.000000 1.000000 0.986903 0.985207 0.982066 0.984518 0.983392 0.960614 0.961747 0.957608 0.963456 0.970274 1.000000 1.000000 1.000000 1.000000 1.000000 0.959637 0.963886 0.964343 0.958153 0.964047 0.951217 0.952230 0.944214 0.957021 0.955219 1.000000 1.000000 1.000000 1.000000 1.000000 0.973657 0.964414 0.967814 0.966628 0.954464 0.951386 0.948073 0.969124 0.965955 0.960490 1.000000 1.000000 1.000000 1.000000 1.000000 0.961529 0.967021 0.971346 0.967558 0.962004 0.957285 0.958597 0.951018 0.960823 0.947359 1.000000 1.000000 1.000000 1.000000 1.000000 0.972985 0.969362 0.972408 0.970867 0.980877 0.956027 0.956178 0.962419 0.944109 0.963338 1.000000 1.000000 1.000000 1.000000 1.000000 0.957560 0.955788 0.963908 0.953095 0.954230 0.947738 0.950616 0.951356 0.951412 0.956159 1.000000 1.000000 1.000000 1.000000 1.000000 0.970129 0.971263 0.970700 0.968687 0.969470 0.948416 0.937562 0.949565 0.942319 0.946735 1.000000 1.000000 1.000000 1.000000 1.000000 0.972589 0.970139 0.970969 0.972182 0.973434 0.962270 0.961691 0.959714 0.960100 0.961679 
1.000000 1.000000 1.000000 1.000000 1.000000 0.984291 0.983235 0.983799 0.983803 0.983062 0.979970 0.980909 0.979241 0.981889 0.983113 1.000000 1.000000 1.000000 1.000000 1.000000 0.994325 0.993019 0.992276 0.992867 0.992590 0.982089 0.982835 0.981293 0.984040 0.987643 1.000000 1.000000 1.000000 1.000000 1.000000 0.982887 0.984922 0.986338 0.980651 0.984558 0.979451 0.979271 0.977420 0.982731 0.982303 1.000000 1.000000 1.000000 1.000000 1.000000 0.987450 0.984535 0.988525 0.984105 0.980881 0.978608 0.978485 0.987646 0.986273 0.976138 1.000000 1.000000 1.000000 1.000000 1.000000 0.983727 0.986234 0.987993 0.987450 0.983401 0.981549 0.982104 0.979149 0.983671 0.979007 1.000000 1.000000 1.000000 1.000000 1.000000 0.988268 0.986659 0.987124 0.987068 0.991788 0.980309 0.980572 0.983998 0.975732 0.985807 1.000000 1.000000 1.000000 1.000000 1.000000 0.975734 0.976431 0.978916 0.974426 0.974994 0.972460 0.973734 0.974066 0.973743 0.975858 1.000000 1.000000 1.000000 1.000000 1.000000 0.987460 0.987997 0.987693 0.987626 0.988802 0.974368 0.969063 0.975381 0.972140 0.973351 1.000000 1.000000 1.000000 1.000000 1.000000 0.987443 0.987032 0.987326 0.987844 0.989086 0.983698 0.983768 0.983030 0.983379 0.984655 
1.000000 1.000000 1.000000 1.000000 1.000000 1.007812 1.008601 1.008182 1.007914 1.008603 1.010073 1.009625 1.010451 1.009299 1.008639 1.000000 1.000000 1.000000 1.000000 1.000000 1.002860 1.003554 1.003796 1.003572 1.003844 1.008889 1.008677 1.009341 1.008016 1.006417 1.000000 1.000000 1.000000 1.000000 1.000000 1.008787 1.007361 1.006827 1.008986 1.007903 1.010358 1.010338 1.011584 1.008682 1.008276 1.000000 1.000000 1.000000 1.000000 1.000000 1.006434 1.007222 1.005936 1.008752 1.010167 1.010720 1.010731 1.006751 1.007529 1.013280 1.000000 1.000000 1.000000 1.000000 1.000000 1.007864 1.006909 1.006099 1.006283 1.008865 1.009457 1.008953 1.010516 1.008001 1.010394 1.000000 1.000000 1.000000 1.000000 1.000000 1.005847 1.006827 1.006724 1.006485 1.004410 1.009826 1.009909 1.008088 1.012016 1.007323 1.000000 1.000000 1.000000 1.000000 1.000000 1.012954 1.012062 1.011446 1.013250 1.013041 1.014118 1.013765 1.013554 1.013802 1.012891 1.000000 1.000000 1.000000 1.000000 1.000000 1.006221 1.005920 1.006069 1.006167 1.005715 1.012806 1.015892 1.012701 1.014602 1.013795 1.000000 1.000000 1.000000 1.000000 1.000000 1.006181 1.006335 1.006247 1.005910 1.005469 1.008147 1.008113 1.008504 1.008325 1.007741 
1.000000 1.000000 1.000000 1.000000 1.000000 1.013164 1.013974 1.012491 1.012507 1.013697 1.015326 1.014253 1.015856 1.013100 1.010930 1.000000 1.000000 1.000000 1.000000 1.000000 1.005078 1.005923 1.006987 1.005523 1.005681 1.014392 1.013716 1.014010 1.012274 1.007587 1.000000 1.000000 1.000000 1.000000 1.000000 1.011539 1.012116 1.009029 1.016115 1.013804 1.014856 1.015066 1.015090 1.012018 1.011390 1.000000 1.000000 1.000000 1.000000 1.000000 1.012012 1.012522 1.005762 1.017093 1.012485 1.017111 1.016064 1.006279 1.008850 1.021757 1.000000 1.000000 1.000000 1.000000 1.000000 1.011244 1.009598 1.009057 1.008549 1.014400 1.014031 1.013171 1.015797 1.011908 1.012519 1.000000 1.000000 1.000000 1.000000 1.000000 1.009731 1.011024 1.011375 1.010468 1.006507 1.015164 1.015422 1.012310 1.018993 1.007010 1.000000 1.000000 1.000000 1.000000 1.000000 1.021339 1.019676 1.018813 1.022128 1.021617 1.023213 1.023332 1.022885 1.022836 1.021493 1.000000 1.000000 1.000000 1.000000 1.000000 1.009622 1.008812 1.009085 1.008775 1.006368 1.020655 1.025083 1.019732 1.021557 1.021957 1.000000 1.000000 1.000000 1.000000 1.000000 1.010057 1.010125 1.009899 1.009302 1.008334 1.012436 1.012311 1.012256 1.011922 1.010243 
1.000000 1.000000 1.000000 1.000000 1.000000 1.026379 1.026688 1.022967 1.026149 1.025163 1.030091 1.027762 1.031014 1.024603 1.020695 1.000000 1.000000 1.000000 1.000000 1.000000 1.009926 1.011229 1.014592 1.010493 1.010108 1.029139 1.027184 1.028012 1.023661 1.013327 1.000000 1.000000 1.000000 1.000000 1.000000 1.021438 1.024706 1.016443 1.038277 1.025843 1.028730 1.030149 1.027648 1.021867 1.024535 1.000000 1.000000 1.000000 1.000000 1.000000 1.023373 1.028768 1.005893 1.029139 1.016005 1.033928 1.032438 1.007468 1.012517 1.033214 1.000000 1.000000 1.000000 1.000000 1.000000 1.024279 1.017617 1.016775 1.016029 1.025419 1.025988 1.026048 1.031178 1.025008 1.025426 1.000000 1.000000 1.000000 1.000000 1.000000 1.019868 1.020334 1.020243 1.020893 1.009606 1.030585 1.029371 1.022864 1.040348 1.012871 1.000000 1.000000 1.000000 1.000000 1.000000 1.036431 1.036970 1.030735 1.040875 1.039125 1.043505 1.042049 1.041717 1.040526 1.036843 1.000000 1.000000 1.000000 1.000000 1.000000 1.019160 1.017585 1.018269 1.016812 1.010909 1.041370 1.049376 1.036813 1.038455 1.039949 1.000000 1.000000 1.000000 1.000000 1.000000 1.020766 1.021156 1.019964 1.019370 1.015717 1.024937 1.024346 1.023964 1.023492 1.019383 
1.000000 1.000000 1.000000 1.000000 1.000000 1.035501 1.037640 1.035134 1.035104 1.037740 1.044073 1.041412 1.045694 1.038731 1.034554 1.000000 1.000000 1.000000 1.000000 1.000000 1.013685 1.015771 1.018869 1.015339 1.016035 1.040077 1.038334 1.040575 1.035251 1.024397 1.000000 1.000000 1.000000 1.000000 1.000000 1.035156 1.034702 1.029207 1.044220 1.037259 1.044557 1.044750 1.048048 1.037237 1.037425 1.000000 1.000000 1.000000 1.000000 1.000000 1.030458 1.035389 1.022159 1.041386 1.038369 1.048693 1.048142 1.022344 1.028028 1.050985 1.000000 1.000000 1.000000 1.000000 1.000000 1.034186 1.029052 1.026426 1.027137 1.038813 1.040731 1.038854 1.046261 1.035697 1.042631 1.000000 1.000000 1.000000 1.000000 1.000000 1.027010 1.030475 1.029764 1.029118 1.018238 1.043323 1.043487 1.035741 1.054827 1.026149 1.000000 1.000000 1.000000 1.000000 1.000000 1.051808 1.050106 1.045029 1.055177 1.053803 1.059159 1.058103 1.057299 1.056982 1.052739 1.000000 1.000000 1.000000 1.000000 1.000000 1.027955 1.026167 1.026841 1.027089 1.022639 1.055499 1.067653 1.053409 1.059477 1.058107 1.000000 1.000000 1.000000 1.000000 1.000000 1.027753 1.028903 1.028165 1.026691 1.024490 1.036087 1.036063 1.036716 1.036012 1.032429 
1.000000 1.000000 1.000000 1.000000 1.000000 0.998595 0.997366 0.995243 0.997538 0.995706 0.994446 0.994024 0.994103 0.992783 0.990899 1.000000 1.000000 1.000000 1.000000 1.000000 0.999457 0.999119 0.999947 0.998335 0.997441 0.997172 0.996558 0.994745 0.995347 0.992178 1.000000 1.000000 1.000000 1.000000 1.000000 0.991855 0.996910 0.991943 1.001979 0.997623 0.991951 0.993178 0.987002 0.990897 0.991646 1.000000 1.000000 1.000000 1.000000 1.000000 1.000759 0.999677 0.987140 1.000697 0.985836 0.994893 0.992486 0.987872 0.989512 0.997869 1.000000 1.000000 1.000000 1.000000 1.000000 0.995013 0.993748 0.995526 0.993308 0.995860 0.993455 0.994058 0.993381 0.995154 0.987396 1.000000 1.000000 1.000000 1.000000 1.000000 0.998356 0.996705 0.998037 0.997703 0.995941 0.995515 0.994881 0.994278 0.995418 0.988354 1.000000 1.000000 1.000000 1.000000 1.000000 0.998741 0.998686 0.998592 0.999493 0.998985 0.998450 0.999082 0.999124 0.998296 0.998496 1.000000 1.000000 1.000000 1.000000 1.000000 0.996450 0.996020 0.996147 0.994350 0.990936 0.997616 0.995892 0.995245 0.991974 0.995634 1.000000 1.000000 1.000000 1.000000 1.000000 0.998492 0.997633 0.997285 0.997570 0.996071 0.995529 0.994969 0.993601 0.993540 0.991803 
1.000000 1.000000 1.000000 1.000000 1.000000 1.022157 1.023212 1.021325 1.021693 1.023071 1.026662 1.024906 1.027613 1.022948 1.019944 1.000000 1.000000 1.000000 1.000000 1.000000 1.008533 1.009790 1.011891 1.009390 1.009617 1.024713 1.023448 1.024540 1.021334 1.013825 1.000000 1.000000 1.000000 1.000000 1.000000 1.020540 1.021336 1.016908 1.028247 1.023067 1.026483 1.026828 1.027649 1.021798 1.022122 1.000000 1.000000 1.000000 1.000000 1.000000 1.019358 1.022283 1.011653 1.026216 1.021669 1.029656 1.028810 1.011702 1.015559 1.031867 1.000000 1.000000 1.000000 1.000000 1.000000 1.020595 1.017173 1.015821 1.015836 1.023615 1.024352 1.023313 1.027798 1.021532 1.024330 1.000000 1.000000 1.000000 1.000000 1.000000 1.016704 1.018614 1.018432 1.017910 1.010773 1.026387 1.026378 1.021456 1.033495 1.014097 1.000000 1.000000 1.000000 1.000000 1.000000 1.032543 1.031452 1.028229 1.034797 1.033840 1.037127 1.036552 1.036012 1.035695 1.033053 1.000000 1.000000 1.000000 1.000000 1.000000 1.016963 1.015760 1.016205 1.016013 1.012518 1.034531 1.041638 1.032677 1.035801 1.035788 1.000000 1.000000 1.000000 1.000000 1.000000 1.017230 1.017780 1.017263 1.016394 1.014718 1.021844 1.021742 1.021887 1.021418 1.018846 
1.000000 1.000000 1.000000 1.000000 1.000000 0.993584 0.992853 0.992952 0.993671 0.992661 0.991859 0.992215 0.991618 0.992564 0.993316 1.000000 1.000000 1.000000 1.000000 1.000000 0.997814 0.996939 0.997288 0.996902 0.996720 0.992802 0.993094 0.992540 0.993499 0.994836 1.000000 1.000000 1.000000 1.000000 1.000000 0.993013 0.994547 0.994899 0.993591 0.993818 0.991938 0.991826 0.991052 0.993184 0.993941 1.000000 1.000000 1.000000 1.000000 1.000000 0.994736 0.994970 0.994792 0.992485 0.990271 0.991461 0.992127 0.994103 0.993703 0.985608 1.000000 1.000000 1.000000 1.000000 1.000000 0.994203 0.994370 0.995169 0.995405 0.992898 0.992334 0.992918 0.992008 0.994203 0.992370 1.000000 1.000000 1.000000 1.000000 1.000000 0.995635 0.994442 0.994125 0.994899 0.995989 0.992123 0.991939 0.993451 0.991197 0.994657 1.000000 1.000000 1.000000 1.000000 1.000000 0.986761 0.988505 0.988014 0.987219 0.987281 0.986671 0.986879 0.987115 0.986541 0.987173 1.000000 1.000000 1.000000 1.000000 1.000000 0.995290 0.995481 0.995382 0.995455 0.995872 0.988703 0.986256 0.988675 0.986835 0.987250 1.000000 1.000000 1.000000 1.000000 1.000000 0.995040 0.995199 0.995085 0.995417 0.995762 0.993697 0.993766 0.993407 0.993675 0.994175 
1.000000 1.000000 1.000000 1.000000 1.000000 0.983687 0.983176 0.984570 0.983960 0.983285 0.980772 0.982065 0.980038 0.983602 0.985820 1.000000 1.000000 1.000000 1.000000 1.000000 0.993667 0.992910 0.991043 0.993185 0.993145 0.981955 0.982957 0.982210 0.984533 0.990323 1.000000 1.000000 1.000000 1.000000 1.000000 0.985303 0.984038 0.987618 0.978517 0.983010 0.980867 0.980597 0.980462 0.984253 0.983608 1.000000 1.000000 1.000000 1.000000 1.000000 0.985759 0.982995 0.991979 0.981122 0.985209 0.978629 0.979006 0.992349 0.989442 0.978487 1.000000 1.000000 1.000000 1.000000 1.000000 0.984672 0.987542 0.988477 0.988367 0.983002 0.982523 0.983147 0.979753 0.984037 0.982523 1.000000 1.000000 1.000000 1.000000 1.000000 0.987592 0.986431 0.986718 0.986849 0.992450 0.980850 0.981002 0.984508 0.975415 0.990133 1.000000 1.000000 1.000000 1.000000 1.000000 0.977389 0.977565 0.980608 0.975286 0.976074 0.973471 0.974049 0.974490 0.974876 0.976914 1.000000 1.000000 1.000000 1.000000 1.000000 0.987456 0.988365 0.988024 0.988201 0.991003 0.975108 0.970447 0.976825 0.975007 0.974703 1.000000 1.000000 1.000000 1.000000 1.000000 0.987277 0.986778 0.987258 0.987821 0.989194 0.984073 0.984124 0.984101 0.984414 0.986379 
1.000000 1.000000 1.000000 1.000000 1.000000 1.011032 1.011022 1.010084 1.011017 1.010819 1.012722 1.011782 1.013076 1.010307 1.008700 1.000000 1.000000 1.000000 1.000000 1.000000 1.003984 1.004743 1.005757 1.004599 1.004344 1.012247 1.011196 1.011809 1.010070 1.005774 1.000000 1.000000 1.000000 1.000000 1.000000 1.009052 1.010188 1.007117 1.015507 1.010434 1.012089 1.012796 1.011758 1.009511 1.010878 1.000000 1.000000 1.000000 1.000000 1.000000 1.009351 1.011685 1.003755 1.011334 1.008426 1.014169 1.013258 1.003779 1.005458 1.015162 1.000000 1.000000 1.000000 1.000000 1.000000 1.010149 1.007763 1.007058 1.006742 1.010027 1.011001 1.011012 1.012801 1.010260 1.010943 1.000000 1.000000 1.000000 1.000000 1.000000 1.007970 1.008467 1.008493 1.008588 1.004340 1.012855 1.012288 1.009789 1.016244 1.005418 1.000000 1.000000 1.000000 1.000000 1.000000 1.016256 1.016263 1.013835 1.017839 1.017176 1.019011 1.018129 1.018000 1.017779 1.016187 1.000000 1.000000 1.000000 1.000000 1.000000 1.007927 1.007402 1.007650 1.007035 1.004694 1.017914 1.020764 1.015921 1.016839 1.017561 1.000000 1.000000 1.000000 1.000000 1.000000 1.008677 1.008749 1.008394 1.008154 1.006628 1.010345 1.010132 1.010092 1.009800 1.008169 
1.000000 1.000000 1.000000 1.000000 1.000000 1.027810 1.028740 1.025653 1.027244 1.027770 1.032366 1.030054 1.033407 1.027092 1.022838 1.000000 1.000000 1.000000 1.000000 1.000000 1.010405 1.012184 1.014759 1.011539 1.011447 1.030752 1.028851 1.029864 1.025650 1.015419 1.000000 1.000000 1.000000 1.000000 1.000000 1.023899 1.025721 1.018515 1.037182 1.027684 1.031145 1.032323 1.030926 1.024374 1.025529 1.000000 1.000000 1.000000 1.000000 1.000000 1.024496 1.028313 1.010175 1.032114 1.022787 1.036027 1.033952 1.011400 1.016311 1.040926 1.000000 1.000000 1.000000 1.000000 1.000000 1.025046 1.019830 1.018476 1.017641 1.027999 1.028783 1.027957 1.033103 1.025909 1.027413 1.000000 1.000000 1.000000 1.000000 1.000000 1.020533 1.022247 1.022512 1.022029 1.012023 1.032494 1.031880 1.025123 1.041363 1.014894 1.000000 1.000000 1.000000 1.000000 1.000000 1.042239 1.040857 1.036486 1.045362 1.043912 1.048005 1.046957 1.046425 1.045910 1.042412 1.000000 1.000000 1.000000 1.000000 1.000000 1.020262 1.018717 1.019350 1.018230 1.012790 1.044376 1.053045 1.040825 1.043892 1.044935 1.000000 1.000000 1.000000 1.000000 1.000000 1.021661 1.021899 1.021095 1.020197 1.017132 1.026420 1.025942 1.025844 1.025183 1.021256 
1.000000 1.000000 1.000000 1.000000 1.000000 1.016294 1.016951 1.016142 1.016163 1.017034 1.019694 1.018476 1.020360 1.016895 1.014667 1.000000 1.000000 1.000000 1.000000 1.000000 1.005976 1.007250 1.008219 1.007154 1.007194 1.018246 1.017074 1.018130 1.015750 1.010354 1.000000 1.000000 1.000000 1.000000 1.000000 1.015300 1.015274 1.012391 1.020428 1.016174 1.019380 1.019958 1.020075 1.015805 1.016317 1.000000 1.000000 1.000000 1.000000 1.000000 1.013668 1.015965 1.009522 1.017895 1.017521 1.021454 1.020345 1.009405 1.011595 1.025412 1.000000 1.000000 1.000000 1.000000 1.000000 1.015229 1.012950 1.011540 1.011440 1.016475 1.017946 1.017179 1.019937 1.015568 1.018009 1.000000 1.000000 1.000000 1.000000 1.000000 1.011826 1.013464 1.013465 1.012979 1.008081 1.019566 1.019293 1.015614 1.024000 1.010611 1.000000 1.000000 1.000000 1.000000 1.000000 1.025649 1.024538 1.022353 1.026977 1.026320 1.028737 1.027859 1.027523 1.027650 1.025593 1.000000 1.000000 1.000000 1.000000 1.000000 1.012236 1.011529 1.011835 1.011542 1.009103 1.026506 1.031269 1.024921 1.027513 1.027554 1.000000 1.000000 1.000000 1.000000 1.000000 1.012724 1.012932 1.012687 1.012100 1.010671 1.015910 1.015767 1.016049 1.015582 1.013654 
1.000000 1.000000 1.000000 1.000000 1.000000 1.010729 1.012282 1.014986 1.012126 1.014794 1.017920 1.017738 1.018690 1.018183 1.019410 1.000000 1.000000 1.000000 1.000000 1.000000 1.003939 1.005023 1.004600 1.006078 1.007080 1.013707 1.013560 1.016666 1.014658 1.015382 1.000000 1.000000 1.000000 1.000000 1.000000 1.018445 1.012602 1.017335 1.009171 1.011743 1.020942 1.019796 1.027581 1.020648 1.020675 1.000000 1.000000 1.000000 1.000000 1.000000 1.006201 1.009635 1.022131 1.007875 1.027716 1.018384 1.020856 1.020124 1.019102 1.014986 1.000000 1.000000 1.000000 1.000000 1.000000 1.014940 1.015223 1.011996 1.014950 1.013520 1.018084 1.017073 1.019286 1.014868 1.026339 1.000000 1.000000 1.000000 1.000000 1.000000 1.008506 1.011462 1.009583 1.009966 1.009460 1.016494 1.016959 1.015994 1.018986 1.020283 1.000000 1.000000 1.000000 1.000000 1.000000 1.014545 1.014639 1.012878 1.014668 1.014908 1.017141 1.015524 1.015353 1.016408 1.014872 1.000000 1.000000 1.000000 1.000000 1.000000 1.011314 1.011544 1.011528 1.013680 1.016579 1.017543 1.021711 1.019482 1.024730 1.020278 1.000000 1.000000 1.000000 1.000000 1.000000 1.008939 1.010250 1.010556 1.009933 1.010978 1.014446 1.015138 1.017024 1.016834 1.017980 
1.000000 1.000000 1.000000 1.000000 1.000000 0.986843 0.985526 0.985237 0.986272 0.984720 0.981958 0.982601 0.981219 0.982901 0.983361 1.000000 1.000000 1.000000 1.000000 1.000000 0.995082 0.994043 0.993570 0.993708 0.993107 0.984622 0.984958 0.983198 0.985458 0.987465 1.000000 1.000000 1.000000 1.000000 1.000000 0.983468 0.986520 0.985907 0.985398 0.986217 0.980582 0.981007 0.977203 0.982737 0.982934 1.000000 1.000000 1.000000 1.000000 1.000000 0.989928 0.987463 0.985893 0.986609 0.979361 0.980890 0.979941 0.985887 0.985079 0.980377 1.000000 1.000000 1.000000 1.000000 1.000000 0.985336 0.986655 0.988601 0.987316 0.984730 0.982704 0.983550 0.980818 0.985144 0.978936 1.000000 1.000000 1.000000 1.000000 1.000000 0.989848 0.987853 0.988722 0.988718 0.991711 0.982647 0.982454 0.984952 0.978843 0.984758 1.000000 1.000000 1.000000 1.000000 1.000000 0.980489 0.981090 0.982893 0.979733 0.979973 0.977793 0.978763 0.979100 0.978629 0.980298 1.000000 1.000000 1.000000 1.000000 1.000000 0.988534 0.988879 0.988692 0.987848 0.987649 0.979004 0.974183 0.978774 0.975067 0.977271 1.000000 1.000000 1.000000 1.000000 1.000000 0.989437 0.988712 0.988801 0.989388 0.989626 0.985273 0.985062 0.984062 0.984308 0.984711 
1.000000 1.000000 1.000000 1.000000 1.000000 1.008560 1.009604 1.010860 1.009856 1.010910 1.014121 1.013916 1.014964 1.014545 1.015721 1.000000 1.000000 1.000000 1.000000 1.000000 1.003711 1.003657 1.004944 1.004302 1.005208 1.010950 1.011236 1.013340 1.011570 1.011840 1.000000 1.000000 1.000000 1.000000 1.000000 1.014764 1.011620 1.014783 1.009731 1.010586 1.017249 1.015977 1.022243 1.016483 1.017123 1.000000 1.000000 1.000000 1.000000 1.000000 1.005434 1.009991 1.016041 1.006581 1.017758 1.014826 1.018408 1.014278 1.014441 1.002963 1.000000 1.000000 1.000000 1.000000 1.000000 1.013158 1.011890 1.009921 1.013134 1.011636 1.014368 1.013776 1.016648 1.013556 1.021884 1.000000 1.000000 1.000000 1.000000 1.000000 1.008015 1.009357 1.006929 1.008508 1.006524 1.013282 1.013445 1.012578 1.017615 1.016970 1.000000 1.000000 1.000000 1.000000 1.000000 1.004754 1.007256 1.003528 1.006628 1.006539 1.008922 1.007765 1.007678 1.007470 1.006070 1.000000 1.000000 1.000000 1.000000 1.000000 1.009960 1.009880 1.009944 1.012049 1.014167 1.011414 1.014783 1.012692 1.015910 1.012019 1.000000 1.000000 1.000000 1.000000 1.000000 1.007325 1.009103 1.008848 1.008448 1.009329 1.012236 1.012890 1.014132 1.014303 1.015106 
1.000000 1.000000 1.000000 1.000000 1.000000 0.965261 0.962709 0.963593 0.964631 0.961444 0.955136 0.957246 0.953269 0.958818 0.961270 1.000000 1.000000 1.000000 1.000000 1.000000 0.986557 0.984603 0.981753 0.984350 0.983275 0.960388 0.961575 0.958223 0.963726 0.971769 1.000000 1.000000 1.000000 1.000000 1.000000 0.961085 0.964426 0.966451 0.958428 0.962977 0.952634 0.953468 0.946798 0.958581 0.958422 1.000000 1.000000 1.000000 1.000000 1.000000 0.971674 0.965159 0.970560 0.962059 0.955135 0.951433 0.949610 0.971195 0.967121 0.952967 1.000000 1.000000 1.000000 1.000000 1.000000 0.963397 0.968076 0.971786 0.969318 0.960633 0.957676 0.959510 0.951915 0.962380 0.951399 1.000000 1.000000 1.000000 1.000000 1.000000 0.972912 0.968878 0.970791 0.970722 0.980382 0.956371 0.955982 0.962716 0.945186 0.967041 1.000000 1.000000 1.000000 1.000000 1.000000 0.951830 0.952398 0.958264 0.948484 0.949547 0.943758 0.945573 0.946612 0.946419 0.950746 1.000000 1.000000 1.000000 1.000000 1.000000 0.970716 0.972134 0.971543 0.970082 0.972052 0.946795 0.935344 0.947759 0.940663 0.943896 1.000000 1.000000 1.000000 1.000000 1.000000 0.972427 0.970589 0.971242 0.972669 0.973970 0.962902 0.962475 0.960930 0.961480 0.963605 
1.000000 1.000000 1.000000 1.000000 1.000000 1.019309 1.019771 1.017489 1.018690 1.018964 1.021644 1.019978 1.022205 1.017506 1.014074 1.000000 1.000000 1.000000 1.000000 1.000000 1.006920 1.008532 1.009793 1.008019 1.007688 1.021049 1.019405 1.019912 1.017070 1.009419 1.000000 1.000000 1.000000 1.000000 1.000000 1.015126 1.016708 1.010788 1.025769 1.018289 1.019919 1.021205 1.018737 1.015088 1.015907 1.000000 1.000000 1.000000 1.000000 1.000000 1.017157 1.018960 1.004859 1.022347 1.014651 1.024093 1.021458 1.006185 1.009475 1.032317 1.000000 1.000000 1.000000 1.000000 1.000000 1.016158 1.012700 1.011847 1.010385 1.018331 1.018790 1.018330 1.021316 1.016502 1.016235 1.000000 1.000000 1.000000 1.000000 1.000000 1.013571 1.014784 1.015661 1.014783 1.007909 1.021870 1.021312 1.016435 1.027072 1.007772 1.000000 1.000000 1.000000 1.000000 1.000000 1.032596 1.030617 1.028415 1.034237 1.033203 1.035742 1.034969 1.034584 1.034521 1.032130 1.000000 1.000000 1.000000 1.000000 1.000000 1.013082 1.012032 1.012483 1.011068 1.006594 1.032017 1.037697 1.028969 1.030810 1.032516 1.000000 1.000000 1.000000 1.000000 1.000000 1.014909 1.014541 1.014090 1.013513 1.010896 1.017321 1.016791 1.016567 1.015947 1.012847 
1.000000 1.000000 1.000000 1.000000 1.000000 1.002602 1.003134 1.004151 1.003283 1.003854 1.005033 1.005112 1.005329 1.005523 1.006221 1.000000 1.000000 1.000000 1.000000 1.000000 1.000971 1.001203 1.001086 1.001630 1.002024 1.003582 1.003715 1.004760 1.004130 1.004985 1.000000 1.000000 1.000000 1.000000 1.000000 1.005885 1.003565 1.005676 1.002006 1.002982 1.006334 1.005883 1.008632 1.006197 1.006245 1.000000 1.000000 1.000000 1.000000 1.000000 1.001046 1.002525 1.007478 1.001017 1.008551 1.004874 1.006116 1.006914 1.006299 1.002304 1.000000 1.000000 1.000000 1.000000 1.000000 1.004664 1.004690 1.003595 1.004876 1.003673 1.005315 1.004995 1.005661 1.004580 1.008618 1.000000 1.000000 1.000000 1.000000 1.000000 1.002306 1.003124 1.002256 1.002707 1.002703 1.004635 1.004687 1.004479 1.005480 1.007298 1.000000 1.000000 1.000000 1.000000 1.000000 1.002443 1.002941 1.002088 1.002607 1.002717 1.003458 1.002812 1.002811 1.003106 1.002640 1.000000 1.000000 1.000000 1.000000 1.000000 1.003326 1.003476 1.003462 1.004340 1.005726 1.004123 1.005249 1.004920 1.006652 1.004793 1.000000 1.000000 1.000000 1.000000 1.000000 1.002323 1.002887 1.002953 1.002806 1.003269 1.004192 1.004440 1.005159 1.005164 1.005720 
1.000000 1.000000 1.000000 1.000000 1.000000 1.015279 1.015135 1.014026 1.015025 1.014985 1.017332 1.015974 1.017826 1.013797 1.011210 1.000000 1.000000 1.000000 1.000000 1.000000 1.005563 1.006608 1.007990 1.006373 1.005963 1.016855 1.015258 1.015967 1.013813 1.007330 1.000000 1.000000 1.000000 1.000000 1.000000 1.011929 1.014100 1.009677 1.021159 1.014637 1.016272 1.017339 1.015390 1.012713 1.014474 1.000000 1.000000 1.000000 1.000000 1.000000 1.013073 1.015984 1.005360 1.016199 1.011992 1.019348 1.017629 1.004650 1.007143 1.021519 1.000000 1.000000 1.000000 1.000000 1.000000 1.013537 1.010629 1.009669 1.009106 1.013747 1.015080 1.014875 1.017175 1.013796 1.014038 1.000000 1.000000 1.000000 1.000000 1.000000 1.010891 1.011768 1.011936 1.011762 1.006192 1.017573 1.016840 1.013384 1.021958 1.006390 1.000000 1.000000 1.000000 1.000000 1.000000 1.022794 1.022567 1.019490 1.024833 1.023952 1.026409 1.025354 1.025144 1.024861 1.022733 1.000000 1.000000 1.000000 1.000000 1.000000 1.010818 1.010067 1.010389 1.009542 1.006018 1.024737 1.028208 1.021950 1.023103 1.024483 1.000000 1.000000 1.000000 1.000000 1.000000 1.011890 1.011952 1.011549 1.011165 1.009159 1.014046 1.013774 1.013606 1.013144 1.010742 
1.000000 1.000000 1.000000 1.000000 1.000000 0.974267 0.973580 0.977597 0.975202 0.975232 0.971994 0.974177 0.971136 0.977245 0.981799 1.000000 1.000000 1.000000 1.000000 1.000000 0.990510 0.988775 0.986347 0.989675 0.990109 0.972419 0.974203 0.974042 0.977877 0.988009 1.000000 1.000000 1.000000 1.000000 1.000000 0.980327 0.977508 0.986249 0.964790 0.975085 0.974131 0.972715 0.976242 0.980623 0.980075 1.000000 1.000000 1.000000 1.000000 1.000000 0.976396 0.973997 0.996083 0.968925 0.983834 0.968776 0.971271 0.993425 0.988468 0.959189 1.000000 1.000000 1.000000 1.000000 1.000000 0.978497 0.983882 0.984411 0.986417 0.974797 0.975699 0.976269 0.971403 0.977875 0.979486 1.000000 1.000000 1.000000 1.000000 1.000000 0.981367 0.980330 0.979243 0.980179 0.990160 0.971543 0.972152 0.978651 0.963723 0.990225 1.000000 1.000000 1.000000 1.000000 1.000000 0.958266 0.960444 0.963819 0.955554 0.957060 0.953642 0.954320 0.955083 0.955508 0.958614 1.000000 1.000000 1.000000 1.000000 1.000000 0.982478 0.984112 0.983434 0.985401 0.991708 0.958797 0.950989 0.962823 0.960942 0.958586 1.000000 1.000000 1.000000 1.000000 1.000000 0.980121 0.980500 0.981381 0.982096 0.985698 0.977173 0.977878 0.978402 0.979058 0.983259 
1.000000 1.000000 1.000000 1.000000 1.000000 0.989024 0.988525 0.990552 0.990021 0.989232 0.988525 0.989557 0.988246 0.990924 0.993365 1.000000 1.000000 1.000000 1.000000 1.000000 0.995878 0.995045 0.994223 0.995653 0.995790 0.988516 0.989260 0.989570 0.990903 0.995685 1.000000 1.000000 1.000000 1.000000 1.000000 0.992559 0.990978 0.995211 0.986049 0.989006 0.989896 0.989335 0.991089 0.992475 0.993217 1.000000 1.000000 1.000000 1.000000 1.000000 0.989244 0.989897 0.999294 0.984512 0.993087 0.986890 0.988749 0.998040 0.995457 0.979092 1.000000 1.000000 1.000000 1.000000 1.000000 0.992233 0.993782 0.993693 0.995155 0.988684 0.990009 0.990585 0.988595 0.991717 0.993469 1.000000 1.000000 1.000000 1.000000 1.000000 0.992304 0.991521 0.990486 0.991758 0.995453 0.988445 0.988260 0.991109 0.985653 0.997799 1.000000 1.000000 1.000000 1.000000 1.000000 0.979847 0.982111 0.982106 0.979443 0.979979 0.978995 0.978584 0.979050 0.979085 0.980079 1.000000 1.000000 1.000000 1.000000 1.000000 0.993043 0.993868 0.993593 0.994577 0.997689 0.982345 0.978715 0.983724 0.982921 0.981387 1.000000 1.000000 1.000000 1.000000 1.000000 0.991808 0.992249 0.992470 0.992928 0.994264 0.990866 0.991188 0.991622 0.991978 0.993905 
1.000000 1.000000 1.000000 1.000000 1.000000 1.029300 1.030573 1.028657 1.029642 1.030558 1.036486 1.034315 1.037772 1.031828 1.028848 1.000000 1.000000 1.000000 1.000000 1.000000 1.011064 1.012784 1.015533 1.012631 1.012930 1.033311 1.031598 1.033857 1.029036 1.020182 1.000000 1.000000 1.000000 1.000000 1.000000 1.029080 1.028822 1.024091 1.038482 1.029740 1.036917 1.037460 1.039620 1.030626 1.032480 1.000000 1.000000 1.000000 1.000000 1.000000 1.024411 1.030487 1.017493 1.031174 1.029787 1.040154 1.040132 1.017755 1.021905 1.038546 1.000000 1.000000 1.000000 1.000000 1.000000 1.029380 1.023951 1.021542 1.022420 1.030485 1.033164 1.032367 1.038293 1.030166 1.036567 1.000000 1.000000 1.000000 1.000000 1.000000 1.022325 1.024529 1.023530 1.024027 1.014000 1.036104 1.035490 1.029147 1.046068 1.022274 1.000000 1.000000 1.000000 1.000000 1.000000 1.040745 1.040861 1.034867 1.044505 1.043143 1.048099 1.046248 1.045803 1.045341 1.041374 1.000000 1.000000 1.000000 1.000000 1.000000 1.023184 1.021853 1.022444 1.022410 1.018722 1.046202 1.055775 1.043483 1.048043 1.046878 1.000000 1.000000 1.000000 1.000000 1.000000 1.023233 1.024285 1.023450 1.022498 1.020030 1.030002 1.029885 1.030529 1.029995 1.026960 
1.000000 1.000000 1.000000 1.000000 1.000000 0.925017 0.921596 0.928909 0.925941 0.923004 0.913031 0.918354 0.909622 0.924487 0.934242 1.000000 1.000000 1.000000 1.000000 1.000000 0.971561 0.967201 0.960087 0.968329 0.968136 0.918239 0.921976 0.918882 0.930064 0.953947 1.000000 1.000000 1.000000 1.000000 1.000000 0.930996 0.929054 0.945253 0.903394 0.923668 0.913622 0.912576 0.912608 0.929277 0.929124 1.000000 1.000000 1.000000 1.000000 1.000000 0.934372 0.924090 0.965446 0.912789 0.931196 0.905173 0.906354 0.962222 0.950374 0.890092 1.000000 1.000000 1.000000 1.000000 1.000000 0.929922 0.943231 0.947525 0.948260 0.921045 0.920907 0.923850 0.908127 0.928135 0.921858 1.000000 1.000000 1.000000 1.000000 1.000000 0.943566 0.938097 0.938310 0.939874 0.965243 0.913286 0.913741 0.930335 0.890157 0.952861 1.000000 1.000000 1.000000 1.000000 1.000000 0.887264 0.891029 0.902382 0.879484 0.882921 0.871746 0.874528 0.877324 0.877681 0.886764 1.000000 1.000000 1.000000 1.000000 1.000000 0.943315 0.947417 0.945716 0.947384 0.959585 0.884070 0.861971 0.891368 0.882281 0.881033 1.000000 1.000000 1.000000 1.000000 1.000000 0.941392 0.940135 0.942291 0.944741 0.951753 0.928120 0.928695 0.928113 0.929628 0.938325 
1.000000 1.000000 1.000000 1.000000 1.000000 1.029669 1.030874 1.028061 1.029595 1.030198 1.035870 1.033546 1.037155 1.030887 1.027231 1.000000 1.000000 1.000000 1.000000 1.000000 1.011323 1.012911 1.016054 1.012448 1.012649 1.033317 1.031620 1.033241 1.028502 1.018671 1.000000 1.000000 1.000000 1.000000 1.000000 1.027834 1.028785 1.022634 1.039656 1.030269 1.035749 1.036477 1.037169 1.028841 1.030349 1.000000 1.000000 1.000000 1.000000 1.000000 1.025539 1.031009 1.014391 1.033144 1.026725 1.039739 1.039153 1.015197 1.020134 1.039235 1.000000 1.000000 1.000000 1.000000 1.000000 1.028667 1.022861 1.021038 1.021342 1.030887 1.032407 1.031535 1.037630 1.029675 1.033807 1.000000 1.000000 1.000000 1.000000 1.000000 1.022628 1.024487 1.023846 1.024132 1.013446 1.035771 1.035158 1.028315 1.046167 1.019949 1.000000 1.000000 1.000000 1.000000 1.000000 1.041462 1.041314 1.035485 1.045391 1.043895 1.048718 1.047312 1.046799 1.046059 1.042173 1.000000 1.000000 1.000000 1.000000 1.000000 1.022904 1.021343 1.021995 1.021580 1.016939 1.046348 1.056013 1.043237 1.047115 1.046767 1.000000 1.000000 1.000000 1.000000 1.000000 1.023370 1.024254 1.023294 1.022329 1.019572 1.029617 1.029353 1.029615 1.029085 1.025510 
1.000000 1.000000 1.000000 1.000000 1.000000 0.981254 0.978812 0.976214 0.979436 0.976035 0.970978 0.971511 0.969533 0.970797 0.969674 1.000000 1.000000 1.000000 1.000000 1.000000 0.992624 0.991496 0.990708 0.990303 0.988716 0.976910 0.976864 0.972861 0.976242 0.976642 1.000000 1.000000 1.000000 1.000000 1.000000 0.970713 0.977944 0.972556 0.981331 0.978664 0.966362 0.968216 0.957533 0.968245 0.968285 1.000000 1.000000 1.000000 1.000000 1.000000 0.987412 0.981637 0.968548 0.983330 0.960457 0.969737 0.965626 0.970972 0.970969 0.978180 1.000000 1.000000 1.000000 1.000000 1.000000 0.975172 0.976154 0.980332 0.975820 0.975965 0.970874 0.972509 0.967990 0.974777 0.959768 1.000000 1.000000 1.000000 1.000000 1.000000 0.984447 0.980571 0.983657 0.982673 0.985463 0.972730 0.972045 0.974575 0.966619 0.968913 1.000000 1.000000 1.000000 1.000000 1.000000 0.977751 0.976759 0.980689 0.976344 0.976303 0.972426 0.974387 0.974819 0.973998 0.976552 1.000000 1.000000 1.000000 1.000000 1.000000 0.980813 0.980941 0.980821 0.977607 0.974316 0.971617 0.964591 0.969480 0.962151 0.968355 1.000000 1.000000 1.000000 1.000000 1.000000 0.984538 0.982226 0.982191 0.983195 0.981901 0.975904 0.974922 0.972476 0.972628 0.971582 
1.000000 1.000000 1.000000 1.000000 1.000000 0.959305 0.958176 0.963032 0.959829 0.959839 0.953746 0.956909 0.952016 0.961034 0.966953 1.000000 1.000000 1.000000 1.000000 1.000000 0.984681 0.982439 0.978018 0.983300 0.983612 0.955641 0.958139 0.956892 0.963123 0.977657 1.000000 1.000000 1.000000 1.000000 1.000000 0.965113 0.961965 0.972936 0.944533 0.959496 0.955095 0.953700 0.956265 0.964715 0.963030 1.000000 1.000000 1.000000 1.000000 1.000000 0.964076 0.957458 0.986509 0.953644 0.969087 0.949046 0.950580 0.984373 0.977297 0.943363 1.000000 1.000000 1.000000 1.000000 1.000000 0.962625 0.971243 0.973029 0.974032 0.959132 0.958844 0.959849 0.951543 0.961642 0.960483 1.000000 1.000000 1.000000 1.000000 1.000000 0.969525 0.967623 0.967558 0.967733 0.983177 0.953336 0.954350 0.963890 0.939935 0.977998 1.000000 1.000000 1.000000 1.000000 1.000000 0.940371 0.941324 0.948894 0.935034 0.937301 0.930995 0.932829 0.933967 0.934831 0.940080 1.000000 1.000000 1.000000 1.000000 1.000000 0.970092 0.972430 0.971431 0.973143 0.981212 0.936556 0.924838 0.942112 0.938385 0.936595 1.000000 1.000000 1.000000 1.000000 1.000000 0.968140 0.967636 0.969103 0.970217 0.975021 0.961712 0.962344 0.962521 0.963345 0.968988 
1.000000 1.000000 1.000000 1.000000 1.000000 1.014707 1.015700 1.013443 1.014074 1.014868 1.016935 1.015747 1.017522 1.014528 1.012171 1.000000 1.000000 1.000000 1.000000 1.000000 1.005646 1.006554 1.007899 1.006018 1.006195 1.016022 1.015422 1.015590 1.013419 1.008347 1.000000 1.000000 1.000000 1.000000 1.000000 1.012821 1.013317 1.009420 1.018760 1.015179 1.016318 1.016618 1.016328 1.012733 1.012051 1.000000 1.000000 1.000000 1.000000 1.000000 1.013609 1.014287 1.004670 1.019077 1.011959 1.018902 1.017904 1.006374 1.009352 1.023869 1.000000 1.000000 1.000000 1.000000 1.000000 1.012669 1.010204 1.009842 1.009127 1.016131 1.015295 1.014537 1.017645 1.013359 1.013677 1.000000 1.000000 1.000000 1.000000 1.000000 1.011012 1.012054 1.012477 1.011739 1.006680 1.016883 1.017035 1.013269 1.021629 1.007883 1.000000 1.000000 1.000000 1.000000 1.000000 1.023705 1.022008 1.020793 1.024826 1.024149 1.025949 1.026053 1.025588 1.025388 1.023836 1.000000 1.000000 1.000000 1.000000 1.000000 1.010628 1.009664 1.010020 1.009459 1.006647 1.023101 1.028523 1.021875 1.023716 1.024117 1.000000 1.000000 1.000000 1.000000 1.000000 1.011322 1.011340 1.010934 1.010335 1.008964 1.013843 1.013582 1.013474 1.013161 1.011156 
1.000000 1.000000 1.000000 1.000000 1.000000 0.986254 0.985395 0.985640 0.985892 0.984903 0.982210 0.983065 0.981512 0.983865 0.984841 1.000000 1.000000 1.000000 1.000000 1.000000 0.994805 0.993929 0.992915 0.993782 0.993456 0.984233 0.984864 0.983439 0.985687 0.988983 1.000000 1.000000 1.000000 1.000000 1.000000 0.984799 0.986085 0.987005 0.983174 0.985771 0.981388 0.981502 0.979185 0.983872 0.983390 1.000000 1.000000 1.000000 1.000000 1.000000 0.989002 0.986108 0.988638 0.985764 0.982547 0.980772 0.980247 0.988902 0.987455 0.981384 1.000000 1.000000 1.000000 1.000000 1.000000 0.985469 0.987477 0.989041 0.988135 0.985036 0.983389 0.983979 0.981153 0.985186 0.980731 1.000000 1.000000 1.000000 1.000000 1.000000 0.989441 0.987931 0.988662 0.988509 0.992478 0.982635 0.982692 0.985385 0.978303 0.987186 1.000000 1.000000 1.000000 1.000000 1.000000 0.980743 0.980827 0.983381 0.979326 0.979793 0.977434 0.978403 0.978716 0.978625 0.980447 1.000000 1.000000 1.000000 1.000000 1.000000 0.988561 0.989065 0.988830 0.988397 0.989276 0.978455 0.974021 0.979107 0.976322 0.977537 1.000000 1.000000 1.000000 1.000000 1.000000 0.989043 0.988382 0.988644 0.989154 0.989876 0.985374 0.985263 0.984639 0.984888 0.985829 
1.000000 1.000000 1.000000 1.000000 1.000000 1.047304 1.050682 1.048931 1.048044 1.051595 1.061613 1.058467 1.063964 1.055624 1.051692 1.000000 1.000000 1.000000 1.000000 1.000000 1.017987 1.021054 1.024495 1.021181 1.022550 1.054541 1.052519 1.056917 1.049210 1.037350 1.000000 1.000000 1.000000 1.000000 1.000000 1.051738 1.047350 1.043536 1.057766 1.049317 1.063893 1.063774 1.071710 1.054391 1.055084 1.000000 1.000000 1.000000 1.000000 1.000000 1.038626 1.047154 1.037153 1.051198 1.058644 1.066931 1.068082 1.037367 1.043197 1.066212 1.000000 1.000000 1.000000 1.000000 1.000000 1.048908 1.042206 1.037337 1.039933 1.052342 1.057644 1.055092 1.065109 1.050456 1.065481 1.000000 1.000000 1.000000 1.000000 1.000000 1.036325 1.041525 1.039446 1.039592 1.025835 1.060171 1.060152 1.050191 1.075587 1.042942 1.000000 1.000000 1.000000 1.000000 1.000000 1.067647 1.066382 1.058668 1.072119 1.070512 1.078211 1.075649 1.074829 1.074873 1.068847 1.000000 1.000000 1.000000 1.000000 1.000000 1.038905 1.036999 1.037827 1.039153 1.035717 1.074959 1.092066 1.073370 1.083522 1.078831 1.000000 1.000000 1.000000 1.000000 1.000000 1.037523 1.039629 1.038760 1.036822 1.034442 1.050419 1.050618 1.052538 1.051673 1.047983 
1.000000 1.000000 1.000000 1.000000 1.000000 1.019666 1.020842 1.020861 1.020322 1.021495 1.025497 1.024301 1.026340 1.022801 1.021194 1.000000 1.000000 1.000000 1.000000 1.000000 1.006896 1.008823 1.009232 1.009176 1.009451 1.022675 1.021393 1.023639 1.020310 1.015622 1.000000 1.000000 1.000000 1.000000 1.000000 1.021464 1.018653 1.017322 1.023673 1.018873 1.025944 1.026459 1.028765 1.021944 1.022845 1.000000 1.000000 1.000000 1.000000 1.000000 1.015203 1.018861 1.015914 1.018939 1.026065 1.027097 1.026634 1.016229 1.017540 1.031564 1.000000 1.000000 1.000000 1.000000 1.000000 1.020247 1.017665 1.015042 1.015683 1.020011 1.023490 1.022695 1.025874 1.020180 1.026838 1.000000 1.000000 1.000000 1.000000 1.000000 1.014229 1.016640 1.016169 1.016023 1.010691 1.024993 1.024542 1.020346 1.029963 1.017673 1.000000 1.000000 1.000000 1.000000 1.000000 1.031703 1.030498 1.027683 1.032978 1.032345 1.035492 1.033621 1.033347 1.034012 1.031308 1.000000 1.000000 1.000000 1.000000 1.000000 1.015533 1.015025 1.015351 1.015423 1.014053 1.033189 1.039561 1.031885 1.036371 1.034829 1.000000 1.000000 1.000000 1.000000 1.000000 1.015692 1.016091 1.015922 1.015250 1.013718 1.020428 1.020343 1.021392 1.020820 1.019218 
1.000000 1.000000 1.000000 1.000000 1.000000 0.951981 0.947916 0.947521 0.950485 0.945203 0.936275 0.938835 0.933541 0.940287 0.942810 1.000000 1.000000 1.000000 1.000000 1.000000 0.981613 0.978508 0.975534 0.977613 0.975782 0.944722 0.946143 0.940548 0.948285 0.957529 1.000000 1.000000 1.000000 1.000000 1.000000 0.942635 0.950278 0.950097 0.945067 0.948815 0.931673 0.933240 0.921708 0.939438 0.939644 1.000000 1.000000 1.000000 1.000000 1.000000 0.962186 0.952893 0.952254 0.949398 0.929927 0.931901 0.928779 0.953731 0.949555 0.932842 1.000000 1.000000 1.000000 1.000000 1.000000 0.947633 0.952978 0.959264 0.954858 0.944723 0.939113 0.942018 0.931900 0.946614 0.928001 1.000000 1.000000 1.000000 1.000000 1.000000 0.962620 0.955980 0.959128 0.959111 0.970877 0.938360 0.937657 0.946679 0.923860 0.948947 1.000000 1.000000 1.000000 1.000000 1.000000 0.932157 0.933342 0.940897 0.928400 0.929501 0.921404 0.924451 0.925945 0.924889 0.930908 1.000000 1.000000 1.000000 1.000000 1.000000 0.958471 0.960063 0.959337 0.956486 0.957296 0.925789 0.910041 0.926112 0.914613 0.920637 1.000000 1.000000 1.000000 1.000000 1.000000 0.961682 0.958902 0.959474 0.961546 0.962603 0.947454 0.946628 0.943689 0.944519 0.946547 
1.000000 1.000000 1.000000 1.000000 1.000000 0.954570 0.951833 0.952610 0.953237 0.950097 0.941428 0.944170 0.938923 0.946465 0.949431 1.000000 1.000000 1.000000 1.000000 1.000000 0.982486 0.980121 0.975962 0.979583 0.978426 0.948083 0.949910 0.945251 0.952594 0.963362 1.000000 1.000000 1.000000 1.000000 1.000000 0.949217 0.952866 0.955621 0.943915 0.952060 0.937962 0.938877 0.930775 0.945861 0.944077 1.000000 1.000000 1.000000 1.000000 1.000000 0.963599 0.953028 0.961477 0.952892 0.942686 0.936699 0.933900 0.963164 0.958124 0.943180 1.000000 1.000000 1.000000 1.000000 1.000000 0.951055 0.958073 0.963158 0.959445 0.949857 0.945027 0.946935 0.937133 0.949989 0.935648 1.000000 1.000000 1.000000 1.000000 1.000000 0.964432 0.959667 0.962713 0.961699 0.975120 0.942810 0.942871 0.951503 0.927689 0.956532 1.000000 1.000000 1.000000 1.000000 1.000000 0.940110 0.939125 0.948693 0.934656 0.936240 0.928091 0.931264 0.932469 0.932504 0.938567 1.000000 1.000000 1.000000 1.000000 1.000000 0.961403 0.963153 0.962367 0.960471 0.963142 0.930772 0.916909 0.932954 0.924322 0.928307 1.000000 1.000000 1.000000 1.000000 1.000000 0.963702 0.961034 0.962077 0.963732 0.965826 0.951307 0.950731 0.948686 0.949357 0.952213 
1.000000 1.000000 1.000000 1.000000 1.000000 1.036649 1.039183 1.037569 1.036854 1.040057 1.047201 1.044658 1.048933 1.042288 1.039033 1.000000 1.000000 1.000000 1.000000 1.000000 1.014039 1.016329 1.019140 1.016272 1.017260 1.041991 1.040351 1.043561 1.037771 1.028112 1.000000 1.000000 1.000000 1.000000 1.000000 1.039024 1.036509 1.032888 1.044638 1.038489 1.048687 1.048460 1.054470 1.041845 1.042256 1.000000 1.000000 1.000000 1.000000 1.000000 1.030422 1.036381 1.027535 1.040910 1.044322 1.051783 1.052377 1.027458 1.032396 1.051986 1.000000 1.000000 1.000000 1.000000 1.000000 1.037038 1.032045 1.028567 1.030235 1.040629 1.043967 1.042086 1.049876 1.038386 1.049138 1.000000 1.000000 1.000000 1.000000 1.000000 1.028075 1.032112 1.030769 1.030498 1.019906 1.045965 1.046236 1.038772 1.057752 1.031424 1.000000 1.000000 1.000000 1.000000 1.000000 1.052831 1.051472 1.045916 1.056171 1.054922 1.060713 1.059101 1.058338 1.058323 1.053803 1.000000 1.000000 1.000000 1.000000 1.000000 1.029852 1.028263 1.028898 1.029792 1.026673 1.057631 1.070718 1.056268 1.063690 1.060757 1.000000 1.000000 1.000000 1.000000 1.000000 1.028901 1.030422 1.029766 1.028223 1.026411 1.038569 1.038761 1.040020 1.039340 1.036446 
1.000000 1.000000 1.000000 1.000000 1.000000 1.003163 1.003158 1.002014 1.002471 1.002382 1.002055 1.001658 1.002005 1.000865 0.999330 1.000000 1.000000 1.000000 1.000000 1.000000 1.000947 1.001501 1.001354 1.001115 1.000810 1.002850 1.002394 1.001749 1.001509 0.999232 1.000000 1.000000 1.000000 1.000000 1.000000 1.000142 1.001289 0.998642 1.004207 1.002354 1.000571 1.001316 0.998544 0.999194 0.998643 1.000000 1.000000 1.000000 1.000000 1.000000 1.003619 1.002227 0.996661 1.005297 0.999464 1.002373 1.000376 0.997864 0.998824 1.010089 1.000000 1.000000 1.000000 1.000000 1.000000 1.000584 1.000179 1.000566 0.999035 1.002318 1.001332 1.001121 1.001169 1.000605 0.997678 1.000000 1.000000 1.000000 1.000000 1.000000 1.001579 1.001681 1.002820 1.001823 1.000612 1.002411 1.002303 1.000939 1.002468 0.997194 1.000000 1.000000 1.000000 1.000000 1.000000 1.009187 1.007357 1.008354 1.008797 1.008574 1.008454 1.008770 1.008610 1.008768 1.008590 1.000000 1.000000 1.000000 1.000000 1.000000 1.000798 1.000484 1.000603 0.999550 0.997604 1.006144 1.006938 1.005116 1.004849 1.006482 1.000000 1.000000 1.000000 1.000000 1.000000 1.002168 1.001444 1.001438 1.001337 1.000383 1.001346 1.000968 1.000533 1.000276 0.999075 
1.000000 1.000000 1.000000 1.000000 1.000000 0.974002 0.972107 0.974284 0.974172 0.972263 0.968071 0.969836 0.966822 0.971367 0.974134 1.000000 1.000000 1.000000 1.000000 1.000000 0.989988 0.988457 0.986227 0.988750 0.988158 0.970998 0.971889 0.970352 0.974395 0.981488 1.000000 1.000000 1.000000 1.000000 1.000000 0.973541 0.974761 0.978585 0.968020 0.972719 0.967428 0.967587 0.964946 0.972662 0.973274 1.000000 1.000000 1.000000 1.000000 1.000000 0.977549 0.974290 0.984073 0.969306 0.971900 0.965139 0.964908 0.982767 0.978839 0.961587 1.000000 1.000000 1.000000 1.000000 1.000000 0.974689 0.978646 0.980483 0.979996 0.970854 0.970380 0.971731 0.966029 0.973792 0.968832 1.000000 1.000000 1.000000 1.000000 1.000000 0.980045 0.977574 0.978056 0.978577 0.986596 0.968625 0.968348 0.974067 0.960258 0.979766 1.000000 1.000000 1.000000 1.000000 1.000000 0.961246 0.962825 0.966221 0.958991 0.959960 0.956133 0.956845 0.957701 0.957726 0.960743 1.000000 1.000000 1.000000 1.000000 1.000000 0.979428 0.980771 0.980236 0.980069 0.982998 0.959782 0.950728 0.961060 0.956619 0.957770 1.000000 1.000000 1.000000 1.000000 1.000000 0.979609 0.978835 0.979447 0.980494 0.982130 0.973690 0.973714 0.973113 0.973569 0.975966 
1.000000 1.000000 1.000000 1.000000 1.000000 1.019122 1.020563 1.021836 1.020493 1.022219 1.027176 1.026234 1.028376 1.025689 1.025505 1.000000 1.000000 1.000000 1.000000 1.000000 1.007290 1.008446 1.009715 1.009203 1.010049 1.022914 1.022217 1.025326 1.021967 1.018984 1.000000 1.000000 1.000000 1.000000 1.000000 1.024958 1.021036 1.022761 1.022408 1.020336 1.029917 1.029272 1.035604 1.026933 1.028074 1.000000 1.000000 1.000000 1.000000 1.000000 1.013785 1.019733 1.023248 1.017074 1.030961 1.028755 1.031189 1.021384 1.022340 1.022000 1.000000 1.000000 1.000000 1.000000 1.000000 1.023017 1.020625 1.017340 1.020334 1.021608 1.026190 1.025129 1.029322 1.023334 1.034082 1.000000 1.000000 1.000000 1.000000 1.000000 1.015209 1.017916 1.015682 1.016744 1.012037 1.026193 1.026040 1.022842 1.032578 1.024168 1.000000 1.000000 1.000000 1.000000 1.000000 1.023483 1.024745 1.020020 1.025749 1.025309 1.029190 1.027098 1.026854 1.027123 1.024319 1.000000 1.000000 1.000000 1.000000 1.000000 1.017651 1.017285 1.017519 1.019297 1.020044 1.029819 1.036172 1.030040 1.035399 1.031435 1.000000 1.000000 1.000000 1.000000 1.000000 1.015603 1.017295 1.017042 1.016283 1.016110 1.022474 1.022986 1.024604 1.024353 1.023965 
1.000000 1.000000 1.000000 1.000000 1.000000 1.027838 1.029346 1.027666 1.027955 1.029573 1.035037 1.033007 1.036395 1.031018 1.028224 1.000000 1.000000 1.000000 1.000000 1.000000 1.010823 1.012214 1.015059 1.012032 1.012589 1.031671 1.030342 1.032417 1.028061 1.019877 1.000000 1.000000 1.000000 1.000000 1.000000 1.028434 1.028066 1.024272 1.035505 1.029376 1.035996 1.036016 1.039211 1.030339 1.031249 1.000000 1.000000 1.000000 1.000000 1.000000 1.023429 1.028763 1.018645 1.031032 1.030218 1.038609 1.039119 1.018256 1.022509 1.035899 1.000000 1.000000 1.000000 1.000000 1.000000 1.028075 1.023500 1.021236 1.022497 1.030349 1.032438 1.031202 1.037271 1.029193 1.035668 1.000000 1.000000 1.000000 1.000000 1.000000 1.021593 1.024055 1.022870 1.023118 1.014168 1.034473 1.034353 1.028506 1.044178 1.022275 1.000000 1.000000 1.000000 1.000000 1.000000 1.037621 1.037629 1.032302 1.041024 1.039874 1.044518 1.043258 1.042698 1.042209 1.038650 1.000000 1.000000 1.000000 1.000000 1.000000 1.022598 1.021256 1.021786 1.022295 1.019213 1.042849 1.052139 1.041112 1.045795 1.044186 1.000000 1.000000 1.000000 1.000000 1.000000 1.021976 1.023266 1.022538 1.021474 1.019789 1.028969 1.029058 1.029711 1.029271 1.026673 
1.000000 1.000000 1.000000 1.000000 1.000000 0.993639 0.993821 0.995494 0.994519 0.994639 0.994642 0.995407 0.994646 0.996829 0.998952 1.000000 1.000000 1.000000 1.000000 1.000000 0.997815 0.997171 0.996762 0.997714 0.998193 0.993738 0.994592 0.995202 0.995868 0.999848 1.000000 1.000000 1.000000 1.000000 1.000000 0.998133 0.995773 0.999960 0.990835 0.994493 0.996524 0.995570 0.998896 0.998422 0.998367 1.000000 1.000000 1.000000 1.000000 1.000000 0.993353 0.994127 1.003577 0.990895 0.999693 0.993571 0.995890 1.002571 1.000779 0.986200 1.000000 1.000000 1.000000 1.000000 1.000000 0.996915 0.998159 0.997729 0.999535 0.994954 0.996043 0.996103 0.995422 0.996755 1.000102 1.000000 1.000000 1.000000 1.000000 1.000000 0.996086 0.996023 0.994785 0.995795 0.998491 0.994254 0.994470 0.996397 0.993063 1.002639 1.000000 1.000000 1.000000 1.000000 1.000000 0.986587 0.988290 0.988131 0.986319 0.986801 0.986400 0.986189 0.986419 0.986495 0.987110 1.000000 1.000000 1.000000 1.000000 1.000000 0.997082 0.997635 0.997436 0.998802 1.001852 0.989031 0.987502 0.990881 0.991291 0.989014 1.000000 1.000000 1.000000 1.000000 1.000000 0.995389 0.996114 0.996282 0.996440 0.997926 0.995949 0.996382 0.997023 0.997346 0.999127 
1.000000 1.000000 1.000000 1.000000 1.000000 0.997606 0.998761 1.002423 0.998702 1.001417 1.001952 1.002722 1.002249 1.004565 1.007129 1.000000 1.000000 1.000000 1.000000 1.000000 0.999290 0.999323 0.998015 1.000397 1.001488 0.998896 0.999721 1.001758 1.002077 1.006756 1.000000 1.000000 1.000000 1.000000 1.000000 1.006023 1.000451 1.007821 0.991421 0.999443 1.005250 1.003520 1.011136 1.007860 1.006625 1.000000 1.000000 1.000000 1.000000 1.000000 0.995452 0.996096 1.015921 0.994946 1.015572 1.000946 1.003797 1.013064 1.010546 0.995985 1.000000 1.000000 1.000000 1.000000 1.000000 1.002046 1.005107 1.003004 1.006030 1.000949 1.004016 1.003028 1.002874 1.001981 1.010817 1.000000 1.000000 1.000000 1.000000 1.000000 0.998917 1.001094 0.999352 0.999500 1.003792 1.000602 1.001617 1.003543 0.999093 1.011218 1.000000 1.000000 1.000000 1.000000 1.000000 0.994543 0.994830 0.995734 0.993068 0.994001 0.994052 0.993647 0.993636 0.994709 0.995076 1.000000 1.000000 1.000000 1.000000 1.000000 1.001490 1.002239 1.001933 1.004594 1.009433 0.995824 0.995828 0.999559 1.002888 0.998564 1.000000 1.000000 1.000000 1.000000 1.000000 0.998475 0.999643 1.000339 1.000018 1.002710 1.001512 1.002415 1.004008 1.004131 1.006801 
1.000000 1.000000 1.000000 1.000000 1.000000 1.025603 1.027442 1.027307 1.026679 1.028537 1.034521 1.032995 1.035918 1.031811 1.030642 1.000000 1.000000 1.000000 1.000000 1.000000 1.009793 1.011284 1.013332 1.011705 1.012590 1.029967 1.029009 1.032120 1.027681 1.022363 1.000000 1.000000 1.000000 1.000000 1.000000 1.030187 1.026789 1.026287 1.031332 1.026930 1.036835 1.036358 1.042500 1.032245 1.033338 1.000000 1.000000 1.000000 1.000000 1.000000 1.019991 1.026318 1.023829 1.025617 1.034494 1.037233 1.039302 1.023197 1.025676 1.031901 1.000000 1.000000 1.000000 1.000000 1.000000 1.028485 1.024602 1.021380 1.023913 1.028613 1.032551 1.031400 1.037106 1.029137 1.039853 1.000000 1.000000 1.000000 1.000000 1.000000 1.020138 1.023009 1.021005 1.021900 1.014502 1.033520 1.033393 1.028529 1.042342 1.027082 1.000000 1.000000 1.000000 1.000000 1.000000 1.033588 1.034277 1.028787 1.036582 1.035753 1.040444 1.038429 1.038022 1.038030 1.034513 1.000000 1.000000 1.000000 1.000000 1.000000 1.022205 1.021354 1.021769 1.023131 1.022410 1.039943 1.049032 1.039394 1.045331 1.041661 1.000000 1.000000 1.000000 1.000000 1.000000 1.020612 1.022278 1.021742 1.020760 1.019791 1.028496 1.028839 1.030306 1.029958 1.028608 
1.000000 1.000000 1.000000 1.000000 1.000000 0.979471 0.976556 0.972425 0.977198 0.972552 0.966875 0.967293 0.965185 0.966153 0.964362 1.000000 1.000000 1.000000 1.000000 1.000000 0.991909 0.990560 0.990129 0.988906 0.986913 0.974260 0.974157 0.969079 0.972703 0.972211 1.000000 1.000000 1.000000 1.000000 1.000000 0.965734 0.975075 0.967126 0.981310 0.976178 0.960965 0.963377 0.949662 0.962383 0.962523 1.000000 1.000000 1.000000 1.000000 1.000000 0.987063 0.980424 0.960135 0.982658 0.950938 0.965718 0.960681 0.964110 0.964824 0.975928 1.000000 1.000000 1.000000 1.000000 1.000000 0.971692 0.971783 0.977133 0.971337 0.973004 0.966227 0.968356 0.963510 0.971302 0.952268 1.000000 1.000000 1.000000 1.000000 1.000000 0.982917 0.977853 0.981705 0.980704 0.982535 0.969176 0.968179 0.970465 0.963003 0.962620 1.000000 1.000000 1.000000 1.000000 1.000000 0.975926 0.974844 0.978942 0.974821 0.974513 0.970144 0.972512 0.972998 0.971717 0.974509 1.000000 1.000000 1.000000 1.000000 1.000000 0.978098 0.978015 0.977978 0.973703 0.968868 0.968869 0.961312 0.965748 0.956560 0.964420 1.000000 1.000000 1.000000 1.000000 1.000000 0.983001 0.980146 0.979856 0.981077 0.978927 0.972601 0.971251 0.968102 0.968304 0.966485 
1.000000 1.000000 1.000000 1.000000 1.000000 0.985068 0.984507 0.986079 0.984982 0.984870 0.982020 0.983148 0.981287 0.984339 0.985929 1.000000 1.000000 1.000000 1.000000 1.000000 0.994138 0.993629 0.991568 0.993852 0.993718 0.983310 0.983998 0.983199 0.985636 0.990401 1.000000 1.000000 1.000000 1.000000 1.000000 0.985728 0.984973 0.988061 0.979499 0.984396 0.981704 0.981624 0.980896 0.984972 0.984050 1.000000 1.000000 1.000000 1.000000 1.000000 0.987090 0.983707 0.992805 0.983399 0.987403 0.980044 0.979546 0.992487 0.989851 0.982975 1.000000 1.000000 1.000000 1.000000 1.000000 0.985020 0.988368 0.989179 0.988683 0.984138 0.983710 0.984021 0.980540 0.984459 0.982360 1.000000 1.000000 1.000000 1.000000 1.000000 0.988218 0.987545 0.988202 0.987674 0.993436 0.982085 0.982356 0.985604 0.976275 0.989339 1.000000 1.000000 1.000000 1.000000 1.000000 0.981212 0.980524 0.984186 0.978723 0.979539 0.976903 0.977637 0.977967 0.978566 0.980574 1.000000 1.000000 1.000000 1.000000 1.000000 0.988080 0.988922 0.988576 0.988612 0.990842 0.977635 0.972931 0.979225 0.977577 0.977850 1.000000 1.000000 1.000000 1.000000 1.000000 0.988158 0.987470 0.988102 0.988542 0.989877 0.984877 0.984919 0.984801 0.984959 0.986616 
1.000000 1.000000 1.000000 1.000000 1.000000 0.990397 0.989289 0.988646 0.989843 0.988401 0.986212 0.986607 0.985586 0.986586 0.986653 1.000000 1.000000 1.000000 1.000000 1.000000 0.996329 0.995625 0.995297 0.995255 0.994656 0.988570 0.988697 0.987173 0.988804 0.989828 1.000000 1.000000 1.000000 1.000000 1.000000 0.986837 0.989642 0.988296 0.989946 0.989547 0.984711 0.985262 0.981511 0.986091 0.986373 1.000000 1.000000 1.000000 1.000000 1.000000 0.992943 0.990886 0.987403 0.990466 0.982749 0.985534 0.984379 0.987899 0.987501 0.986471 1.000000 1.000000 1.000000 1.000000 1.000000 0.988649 0.989316 0.991000 0.989577 0.988313 0.986455 0.987260 0.985146 0.988451 0.982826 1.000000 1.000000 1.000000 1.000000 1.000000 0.992402 0.990676 0.991624 0.991531 0.993321 0.986858 0.986599 0.988265 0.984020 0.987141 1.000000 1.000000 1.000000 1.000000 1.000000 0.986588 0.986820 0.988227 0.986074 0.986153 0.984462 0.985207 0.985458 0.985057 0.986270 1.000000 1.000000 1.000000 1.000000 1.000000 0.991107 0.991296 0.991191 0.990171 0.989453 0.984952 0.981387 0.984327 0.981177 0.983389 1.000000 1.000000 1.000000 1.000000 1.000000 0.992240 0.991481 0.991488 0.991972 0.991779 0.988682 0.988395 0.987475 0.987626 0.987628 
1.000000 1.000000 1.000000 1.000000 1.000000 1.010977 1.011860 1.011857 1.011008 1.012634 1.014665 1.013950 1.015309 1.013543 1.012801 1.000000 1.000000 1.000000 1.000000 1.000000 1.004484 1.004906 1.006015 1.004970 1.005472 1.012691 1.012373 1.013499 1.011958 1.009332 1.000000 1.000000 1.000000 1.000000 1.000000 1.012674 1.011868 1.011715 1.012542 1.012534 1.015801 1.015244 1.018346 1.014304 1.014102 1.000000 1.000000 1.000000 1.000000 1.000000 1.009030 1.010998 1.011040 1.012775 1.015659 1.016120 1.017004 1.009856 1.011425 1.013687 1.000000 1.000000 1.000000 1.000000 1.000000 1.011665 1.010670 1.009459 1.010614 1.013169 1.014173 1.013305 1.015973 1.012321 1.016430 1.000000 1.000000 1.000000 1.000000 1.000000 1.008796 1.010360 1.009527 1.009442 1.006825 1.014067 1.014486 1.012642 1.017807 1.010926 1.000000 1.000000 1.000000 1.000000 1.000000 1.013938 1.013891 1.012104 1.014991 1.014747 1.016595 1.016328 1.015991 1.015934 1.014675 1.000000 1.000000 1.000000 1.000000 1.000000 1.009693 1.009209 1.009353 1.010242 1.009857 1.016160 1.019900 1.016412 1.018908 1.017518 1.000000 1.000000 1.000000 1.000000 1.000000 1.008629 1.009473 1.009335 1.008762 1.008858 1.012166 1.012478 1.012966 1.012831 1.012357 
1.000000 1.000000 1.000000 1.000000 1.000000 1.063782 1.068471 1.066720 1.065264 1.070205 1.084786 1.080597 1.088073 1.077057 1.072610 1.000000 1.000000 1.000000 1.000000 1.000000 1.024465 1.028329 1.033315 1.028709 1.030843 1.074285 1.071738 1.078317 1.067696 1.052557 1.000000 1.000000 1.000000 1.000000 1.000000 1.071914 1.065211 1.061587 1.077960 1.067215 1.088924 1.088362 1.101493 1.076500 1.077916 1.000000 1.000000 1.000000 1.000000 1.000000 1.051421 1.064370 1.053838 1.067800 1.081676 1.092154 1.095213 1.053266 1.060892 1.084750 1.000000 1.000000 1.000000 1.000000 1.000000 1.067777 1.058621 1.051629 1.056324 1.071368 1.079717 1.076266 1.090384 1.070059 1.093414 1.000000 1.000000 1.000000 1.000000 1.000000 1.049616 1.056719 1.052997 1.053994 1.035490 1.082531 1.082502 1.069543 1.104271 1.061671 1.000000 1.000000 1.000000 1.000000 1.000000 1.087523 1.087177 1.075583 1.094163 1.092045 1.102893 1.099140 1.098219 1.098023 1.089717 1.000000 1.000000 1.000000 1.000000 1.000000 1.053708 1.051248 1.052319 1.054897 1.051362 1.100464 1.124231 1.099110 1.113571 1.105596 1.000000 1.000000 1.000000 1.000000 1.000000 1.050832 1.054315 1.053082 1.050435 1.047774 1.069571 1.070091 1.073026 1.072019 1.067614 
1.000000 1.000000 1.000000 1.000000 1.000000 0.976164 0.976178 0.980077 0.977054 0.977886 0.974867 0.977037 0.974122 0.980421 0.984997 1.000000 1.000000 1.000000 1.000000 1.000000 0.991227 0.989789 0.987088 0.990695 0.991441 0.974600 0.976645 0.976685 0.980175 0.990673 1.000000 1.000000 1.000000 1.000000 1.000000 0.983520 0.979160 0.988489 0.965652 0.977315 0.977343 0.975625 0.980479 0.983596 0.981933 1.000000 1.000000 1.000000 1.000000 1.000000 0.978056 0.974916 0.998833 0.972015 0.988410 0.971669 0.974364 0.997034 0.992122 0.964887 1.000000 1.000000 1.000000 1.000000 1.000000 0.980422 0.986099 0.986364 0.988439 0.978066 0.978712 0.978874 0.974514 0.979886 0.982874 1.000000 1.000000 1.000000 1.000000 1.000000 0.982834 0.982427 0.981421 0.981915 0.991988 0.974139 0.975137 0.981152 0.966599 0.993421 1.000000 1.000000 1.000000 1.000000 1.000000 0.962980 0.964069 0.968289 0.959683 0.961302 0.957891 0.958795 0.959384 0.960148 0.963234 1.000000 1.000000 1.000000 1.000000 1.000000 0.984160 0.985724 0.985071 0.987271 0.994025 0.962008 0.955662 0.966801 0.966025 0.962897 1.000000 1.000000 1.000000 1.000000 1.000000 0.981582 0.981954 0.982926 0.983442 0.987291 0.979416 0.980156 0.980952 0.981570 0.985924 
1.000000 1.000000 1.000000 1.000000 1.000000 0.983537 0.982780 0.982612 0.983061 0.981823 0.978555 0.979612 0.977653 0.980645 0.981792 1.000000 1.000000 1.000000 1.000000 1.000000 0.993628 0.992805 0.991260 0.992548 0.992188 0.981015 0.981907 0.980068 0.982595 0.986888 1.000000 1.000000 1.000000 1.000000 1.000000 0.981780 0.982612 0.983460 0.979622 0.982528 0.977289 0.977515 0.974559 0.980019 0.978938 1.000000 1.000000 1.000000 1.000000 1.000000 0.987032 0.982798 0.985047 0.983392 0.978493 0.976724 0.975843 0.986735 0.984917 0.980450 1.000000 1.000000 1.000000 1.000000 1.000000 0.982200 0.984529 0.986544 0.985011 0.982231 0.979821 0.980569 0.977143 0.981748 0.976239 1.000000 1.000000 1.000000 1.000000 1.000000 0.987177 0.985321 0.986562 0.986148 0.990826 0.979070 0.979181 0.982124 0.973671 0.984508 1.000000 1.000000 1.000000 1.000000 1.000000 0.979126 0.978429 0.982207 0.977003 0.977568 0.974492 0.975760 0.976107 0.976180 0.978443 1.000000 1.000000 1.000000 1.000000 1.000000 0.985903 0.986488 0.986239 0.985423 0.986441 0.974887 0.970238 0.975740 0.972591 0.974024 1.000000 1.000000 1.000000 1.000000 1.000000 0.986868 0.985788 0.986107 0.986720 0.987371 0.982221 0.981944 0.981215 0.981489 0.982546 
1.000000 1.000000 1.000000 1.000000 1.000000 1.033539 1.035771 1.033409 1.033118 1.035823 1.041622 1.039164 1.043106 1.036669 1.032675 1.000000 1.000000 1.000000 1.000000 1.000000 1.012746 1.015010 1.017430 1.014624 1.015306 1.037799 1.036173 1.038292 1.033239 1.023284 1.000000 1.000000 1.000000 1.000000 1.000000 1.033361 1.032154 1.027092 1.041036 1.034789 1.041860 1.042121 1.045177 1.034899 1.034613 1.000000 1.000000 1.000000 1.000000 1.000000 1.028745 1.032640 1.020910 1.039264 1.037175 1.045771 1.044833 1.021770 1.026877 1.051393 1.000000 1.000000 1.000000 1.000000 1.000000 1.031916 1.027390 1.024821 1.025150 1.036668 1.038454 1.036583 1.043343 1.033194 1.039830 1.000000 1.000000 1.000000 1.000000 1.000000 1.025197 1.028703 1.028373 1.027377 1.017459 1.040855 1.041100 1.033635 1.051111 1.024707 1.000000 1.000000 1.000000 1.000000 1.000000 1.051413 1.048897 1.044966 1.053989 1.052768 1.057580 1.056618 1.055822 1.055850 1.051930 1.000000 1.000000 1.000000 1.000000 1.000000 1.026079 1.024441 1.025076 1.025135 1.021028 1.053259 1.065017 1.051429 1.057503 1.056228 1.000000 1.000000 1.000000 1.000000 1.000000 1.026178 1.026993 1.026412 1.024992 1.022847 1.033853 1.033751 1.034459 1.033713 1.030340 
1.000000 1.000000 1.000000 1.000000 1.000000 0.978381 0.977313 0.978170 0.978434 0.976920 0.973661 0.975162 0.972767 0.977032 0.979634 1.000000 1.000000 1.000000 1.000000 1.000000 0.992114 0.990328 0.989270 0.990351 0.990232 0.975833 0.977247 0.975635 0.978858 0.985338 1.000000 1.000000 1.000000 1.000000 1.000000 0.978904 0.979739 0.982977 0.973627 0.978537 0.973783 0.973266 0.972318 0.978061 0.977708 1.000000 1.000000 1.000000 1.000000 1.000000 0.982033 0.979161 0.986176 0.976359 0.975176 0.971458 0.972545 0.986118 0.983582 0.965186 1.000000 1.000000 1.000000 1.000000 1.000000 0.979481 0.982287 0.984342 0.984354 0.977753 0.975878 0.976876 0.973131 0.979180 0.975132 1.000000 1.000000 1.000000 1.000000 1.000000 0.984302 0.981914 0.981942 0.982709 0.988853 0.974010 0.974189 0.978827 0.968435 0.984730 1.000000 1.000000 1.000000 1.000000 1.000000 0.965215 0.966981 0.969562 0.963757 0.964534 0.961371 0.962594 0.963185 0.962749 0.965437 1.000000 1.000000 1.000000 1.000000 1.000000 0.983565 0.984447 0.984051 0.984308 0.987080 0.964879 0.958440 0.966641 0.962907 0.963153 1.000000 1.000000 1.000000 1.000000 1.000000 0.983081 0.982813 0.983083 0.983873 0.985623 0.978745 0.978863 0.978299 0.978914 0.981135 
1.000000 1.000000 1.000000 1.000000 1.000000 0.980923 0.979736 0.981298 0.980855 0.979996 0.976674 0.977971 0.975784 0.979275 0.981323 1.000000 1.000000 1.000000 1.000000 1.000000 0.992812 0.991587 0.990029 0.991745 0.991452 0.978667 0.979482 0.978287 0.981378 0.986703 1.000000 1.000000 1.000000 1.000000 1.000000 0.980839 0.981681 0.984723 0.975849 0.980569 0.976399 0.976231 0.974937 0.980548 0.980440 1.000000 1.000000 1.000000 1.000000 1.000000 0.983779 0.980860 0.989008 0.978574 0.980213 0.974651 0.974676 0.987890 0.985223 0.972156 1.000000 1.000000 1.000000 1.000000 1.000000 0.981274 0.984550 0.985981 0.985710 0.979422 0.978592 0.979375 0.975407 0.980811 0.977308 1.000000 1.000000 1.000000 1.000000 1.000000 0.985511 0.983913 0.984261 0.984389 0.990617 0.976921 0.977047 0.981370 0.970802 0.985390 1.000000 1.000000 1.000000 1.000000 1.000000 0.971521 0.972375 0.975312 0.969645 0.970442 0.967513 0.968399 0.968917 0.968946 0.971326 1.000000 1.000000 1.000000 1.000000 1.000000 0.985093 0.986017 0.985608 0.985706 0.988015 0.969976 0.963554 0.971370 0.968256 0.968959 1.000000 1.000000 1.000000 1.000000 1.000000 0.984948 0.984460 0.984956 0.985627 0.987168 0.980810 0.980926 0.980476 0.980837 0.982763 
1.000000 1.000000 1.000000 1.000000 1.000000 0.980383 0.978795 0.978964 0.980215 0.977629 0.974124 0.975339 0.972994 0.976038 0.977333 1.000000 1.000000 1.000000 1.000000 1.000000 0.992123 0.991253 0.989414 0.991114 0.990291 0.977476 0.978026 0.976050 0.978926 0.983446 1.000000 1.000000 1.000000 1.000000 1.000000 0.977414 0.979161 0.979626 0.977376 0.978065 0.972234 0.973109 0.968102 0.975102 0.975399 1.000000 1.000000 1.000000 1.000000 1.000000 0.983908 0.980403 0.981142 0.977572 0.972669 0.971761 0.970320 0.982579 0.979989 0.974646 1.000000 1.000000 1.000000 1.000000 1.000000 0.979159 0.981196 0.983349 0.981488 0.976762 0.975152 0.976532 0.971937 0.978222 0.971255 1.000000 1.000000 1.000000 1.000000 1.000000 0.984399 0.981744 0.983102 0.983218 0.988099 0.975078 0.974464 0.977950 0.968565 0.980555 1.000000 1.000000 1.000000 1.000000 1.000000 0.974205 0.974434 0.977591 0.972378 0.972852 0.969577 0.970221 0.970860 0.970848 0.973140 1.000000 1.000000 1.000000 1.000000 1.000000 0.982898 0.983740 0.983457 0.982094 0.982841 0.970822 0.964237 0.970687 0.966364 0.968624 1.000000 1.000000 1.000000 1.000000 1.000000 0.984525 0.983173 0.983457 0.984411 0.984511 0.978528 0.978067 0.977163 0.977428 0.978337 
1.000000 1.000000 1.000000 1.000000 1.000000 0.994586 0.994567 0.995881 0.995094 0.995196 0.994681 0.995255 0.994473 0.995983 0.997326 1.000000 1.000000 1.000000 1.000000 1.000000 0.997775 0.997700 0.996673 0.998096 0.998214 0.994405 0.994752 0.995136 0.995762 0.998618 1.000000 1.000000 1.000000 1.000000 1.000000 0.996867 0.995065 0.997689 0.992036 0.994221 0.995292 0.995013 0.996409 0.996844 0.996842 1.000000 1.000000 1.000000 1.000000 1.000000 0.994466 0.994117 1.000756 0.992258 0.998728 0.993749 0.994373 1.000473 0.998750 0.992991 1.000000 1.000000 1.000000 1.000000 1.000000 0.996001 0.997305 0.996995 0.997536 0.994469 0.995418 0.995632 0.994380 0.995574 0.997312 1.000000 1.000000 1.000000 1.000000 1.000000 0.995864 0.995886 0.995630 0.995849 0.998296 0.994444 0.994502 0.995986 0.992311 0.999519 1.000000 1.000000 1.000000 1.000000 1.000000 0.992518 0.992731 0.993622 0.991619 0.992015 0.991314 0.991069 0.991264 0.991701 0.992267 1.000000 1.000000 1.000000 1.000000 1.000000 0.996412 0.996926 0.996763 0.997214 0.999102 0.992180 0.990689 0.993173 0.993349 0.992385 1.000000 1.000000 1.000000 1.000000 1.000000 0.995932 0.995934 0.996218 0.996395 0.997131 0.995480 0.995629 0.996032 0.996121 0.997270 
1.000000 1.000000 1.000000 1.000000 1.000000 1.000745 1.000418 0.999542 1.000458 0.999677 0.999497 0.999295 0.999397 0.998730 0.997909 1.000000 1.000000 1.000000 1.000000 1.000000 1.000107 1.000265 1.000370 1.000010 0.999662 1.000380 1.000067 0.999528 0.999442 0.998110 1.000000 1.000000 1.000000 1.000000 1.000000 0.998362 0.999675 0.997669 1.002256 0.999928 0.998434 0.999064 0.996609 0.997570 0.997851 1.000000 1.000000 1.000000 1.000000 1.000000 1.001200 1.000873 0.995743 1.001210 0.996264 0.999599 0.998471 0.996602 0.997111 1.002524 1.000000 1.000000 1.000000 1.000000 1.000000 0.999365 0.998649 0.999115 0.998132 0.999530 0.998909 0.999128 0.998941 0.999268 0.996733 1.000000 1.000000 1.000000 1.000000 1.000000 1.000145 0.999658 1.000279 1.000099 0.999051 0.999922 0.999561 0.998900 1.000005 0.996801 1.000000 1.000000 1.000000 1.000000 1.000000 1.002683 1.002297 1.002291 1.002876 1.002639 1.002573 1.002582 1.002595 1.002458 1.002337 1.000000 1.000000 1.000000 1.000000 1.000000 0.999462 0.999302 0.999384 0.998542 0.997170 1.001772 1.001666 1.000695 0.999860 1.001147 1.000000 1.000000 1.000000 1.000000 1.000000 1.000478 1.000029 0.999899 0.999992 0.999154 0.999505 0.999202 0.998803 0.998710 0.997893 
1.000000 1.000000 1.000000 1.000000 1.000000 1.022806 1.023759 1.020366 1.022289 1.022349 1.026105 1.024205 1.026897 1.021822 1.018312 1.000000 1.000000 1.000000 1.000000 1.000000 1.008465 1.009977 1.012109 1.009276 1.009194 1.025016 1.023644 1.024186 1.020508 1.012281 1.000000 1.000000 1.000000 1.000000 1.000000 1.019174 1.020464 1.013799 1.031013 1.022353 1.024783 1.025812 1.024223 1.018895 1.019544 1.000000 1.000000 1.000000 1.000000 1.000000 1.020527 1.023145 1.005647 1.026955 1.016217 1.029150 1.027376 1.008289 1.012508 1.034811 1.000000 1.000000 1.000000 1.000000 1.000000 1.020147 1.015333 1.014610 1.013448 1.023099 1.022883 1.022420 1.026800 1.020795 1.021291 1.000000 1.000000 1.000000 1.000000 1.000000 1.016849 1.017871 1.018393 1.017998 1.009208 1.026294 1.025788 1.019913 1.033819 1.011564 1.000000 1.000000 1.000000 1.000000 1.000000 1.035786 1.034261 1.030960 1.038301 1.037019 1.040203 1.039497 1.039033 1.038559 1.035736 1.000000 1.000000 1.000000 1.000000 1.000000 1.016202 1.014835 1.015416 1.014106 1.009360 1.036618 1.044448 1.033538 1.035811 1.036848 1.000000 1.000000 1.000000 1.000000 1.000000 1.017779 1.017736 1.016947 1.016261 1.013384 1.021309 1.020746 1.020561 1.020053 1.016663 
1.000000 1.000000 1.000000 1.000000 1.000000 0.977511 0.976078 0.977206 0.977047 0.975780 0.971392 0.972831 0.970197 0.974041 0.975774 1.000000 1.000000 1.000000 1.000000 1.000000 0.991301 0.990166 0.987956 0.990116 0.989554 0.974423 0.975239 0.973302 0.977003 0.982625 1.000000 1.000000 1.000000 1.000000 1.000000 0.975627 0.977073 0.979275 0.971688 0.976324 0.970049 0.970351 0.966958 0.974398 0.973806 1.000000 1.000000 1.000000 1.000000 1.000000 0.981465 0.976725 0.983359 0.975753 0.974032 0.968923 0.967737 0.983251 0.980327 0.971356 1.000000 1.000000 1.000000 1.000000 1.000000 0.976355 0.980178 0.982278 0.980855 0.975060 0.973329 0.974256 0.969222 0.975697 0.969513 1.000000 1.000000 1.000000 1.000000 1.000000 0.982362 0.980315 0.981560 0.981109 0.988238 0.971943 0.971998 0.976600 0.964113 0.979697 1.000000 1.000000 1.000000 1.000000 1.000000 0.969877 0.969648 0.974171 0.967135 0.968008 0.964127 0.965419 0.965987 0.966186 0.969119 1.000000 1.000000 1.000000 1.000000 1.000000 0.981278 0.982273 0.981839 0.981197 0.982983 0.965631 0.958194 0.966801 0.962756 0.964550 1.000000 1.000000 1.000000 1.000000 1.000000 0.982084 0.980915 0.981531 0.982347 0.983613 0.976206 0.976060 0.975248 0.975553 0.977264 
1.000000 1.000000 1.000000 1.000000 1.000000 0.966336 0.964825 0.969285 0.967176 0.966324 0.961784 0.964406 0.960522 0.967691 0.972754 1.000000 1.000000 1.000000 1.000000 1.000000 0.987484 0.985197 0.982306 0.986082 0.986205 0.963468 0.965366 0.964509 0.969670 0.981275 1.000000 1.000000 1.000000 1.000000 1.000000 0.971233 0.969724 0.978906 0.955724 0.966705 0.963388 0.962237 0.964044 0.971214 0.971170 1.000000 1.000000 1.000000 1.000000 1.000000 0.969769 0.966469 0.989740 0.959735 0.973472 0.957818 0.959850 0.986452 0.980622 0.946702 1.000000 1.000000 1.000000 1.000000 1.000000 0.970328 0.976707 0.978007 0.979648 0.965421 0.966051 0.967088 0.960403 0.969512 0.968549 1.000000 1.000000 1.000000 1.000000 1.000000 0.975224 0.973209 0.972370 0.973498 0.985587 0.961675 0.962059 0.970169 0.951451 0.982486 1.000000 1.000000 1.000000 1.000000 1.000000 0.945976 0.948842 0.952999 0.942837 0.944544 0.939979 0.940926 0.942007 0.942239 0.946236 1.000000 1.000000 1.000000 1.000000 1.000000 0.975919 0.977897 0.977070 0.978785 0.985438 0.946446 0.935589 0.950431 0.946740 0.945253 1.000000 1.000000 1.000000 1.000000 1.000000 0.973845 0.973940 0.974952 0.976017 0.979921 0.968796 0.969444 0.969575 0.970355 0.974981 
1.000000 1.000000 1.000000 1.000000 1.000000 1.026916 1.028434 1.028381 1.027635 1.029524 1.035175 1.033438 1.036523 1.031627 1.029509 1.000000 1.000000 1.000000 1.000000 1.000000 1.010084 1.011928 1.013701 1.012278 1.012867 1.031137 1.029640 1.032554 1.028240 1.021399 1.000000 1.000000 1.000000 1.000000 1.000000 1.029625 1.027238 1.025598 1.032914 1.027654 1.036609 1.036711 1.040971 1.031486 1.032732 1.000000 1.000000 1.000000 1.000000 1.000000 1.021237 1.027094 1.023076 1.027241 1.035109 1.037919 1.038516 1.021858 1.024579 1.036668 1.000000 1.000000 1.000000 1.000000 1.000000 1.028385 1.024721 1.021435 1.023238 1.028730 1.032906 1.031580 1.036829 1.028963 1.038073 1.000000 1.000000 1.000000 1.000000 1.000000 1.020437 1.023574 1.022147 1.022425 1.014881 1.034406 1.034085 1.028735 1.042651 1.024840 1.000000 1.000000 1.000000 1.000000 1.000000 1.037898 1.037758 1.032718 1.040618 1.039722 1.044381 1.042318 1.041887 1.042087 1.038447 1.000000 1.000000 1.000000 1.000000 1.000000 1.022308 1.021408 1.021837 1.022695 1.020907 1.042909 1.051462 1.041616 1.047357 1.044837 1.000000 1.000000 1.000000 1.000000 1.000000 1.021439 1.022724 1.022314 1.021294 1.019889 1.028749 1.028942 1.030187 1.029624 1.027619 
1.000000 1.000000 1.000000 1.000000 1.000000 1.001051 1.001052 1.002764 1.001457 1.002348 1.002715 1.002779 1.002829 1.002806 1.003263 1.000000 1.000000 1.000000 1.000000 1.000000 1.000300 1.000562 1.000097 1.001032 1.001154 1.001738 1.001447 1.002445 1.002409 1.002793 1.000000 1.000000 1.000000 1.000000 1.000000 1.003027 1.001850 1.003831 0.999763 1.001199 1.003516 1.003310 1.005187 1.004169 1.004654 1.000000 1.000000 1.000000 1.000000 1.000000 0.999650 1.000680 1.006739 0.999169 1.007458 1.002592 1.002936 1.004641 1.003805 1.001239 1.000000 1.000000 1.000000 1.000000 1.000000 1.002277 1.003157 1.002042 1.002994 1.000973 1.003022 1.002756 1.002577 1.002121 1.005222 1.000000 1.000000 1.000000 1.000000 1.000000 1.000635 1.001612 1.001050 1.001055 1.002045 1.002321 1.002366 1.002825 1.001825 1.003852 1.000000 1.000000 1.000000 1.000000 1.000000 1.001063 1.001322 1.000992 1.000850 1.001056 1.001486 1.000870 1.000904 1.001346 1.001086 1.000000 1.000000 1.000000 1.000000 1.000000 1.001680 1.001955 1.001856 1.002582 1.003631 1.002049 1.001673 1.002558 1.003743 1.002810 1.000000 1.000000 1.000000 1.000000 1.000000 1.000924 1.001281 1.001559 1.001450 1.002005 1.002036 1.002330 1.002861 1.002755 1.003304 
1.000000 1.000000 1.000000 1.000000 1.000000 1.021436 1.023618 1.025061 1.022913 1.025771 1.031493 1.030514 1.033035 1.030610 1.030929 1.000000 1.000000 1.000000 1.000000 1.000000 1.008673 1.009507 1.011466 1.010326 1.011777 1.025918 1.025742 1.029313 1.025612 1.023143 1.000000 1.000000 1.000000 1.000000 1.000000 1.029913 1.024871 1.028091 1.024018 1.024502 1.035703 1.034064 1.043722 1.032945 1.033206 1.000000 1.000000 1.000000 1.000000 1.000000 1.015695 1.022244 1.029167 1.020784 1.037184 1.033534 1.037731 1.026675 1.028148 1.021974 1.000000 1.000000 1.000000 1.000000 1.000000 1.026751 1.024475 1.020834 1.025118 1.026592 1.031081 1.029442 1.035094 1.027635 1.041267 1.000000 1.000000 1.000000 1.000000 1.000000 1.017916 1.021266 1.018136 1.019431 1.014622 1.029981 1.030471 1.027247 1.038057 1.030125 1.000000 1.000000 1.000000 1.000000 1.000000 1.023539 1.025318 1.020039 1.026155 1.025827 1.030241 1.028500 1.028080 1.028163 1.025244 1.000000 1.000000 1.000000 1.000000 1.000000 1.020985 1.020466 1.020697 1.023609 1.025423 1.031659 1.039651 1.033277 1.039862 1.034162 1.000000 1.000000 1.000000 1.000000 1.000000 1.017489 1.019977 1.019670 1.018623 1.019395 1.026374 1.027268 1.029250 1.029165 1.029366 
1.000000 1.000000 1.000000 1.000000 1.000000 1.014291 1.015553 1.014586 1.014016 1.015638 1.017951 1.016978 1.018688 1.016276 1.014644 1.000000 1.000000 1.000000 1.000000 1.000000 1.005598 1.006460 1.007538 1.006288 1.006788 1.016067 1.015661 1.016498 1.014449 1.010595 1.000000 1.000000 1.000000 1.000000 1.000000 1.015003 1.014023 1.012445 1.016594 1.015477 1.018451 1.018223 1.020273 1.015608 1.014687 1.000000 1.000000 1.000000 1.000000 1.000000 1.012394 1.013606 1.010279 1.017689 1.017352 1.019594 1.019594 1.010602 1.012864 1.022137 1.000000 1.000000 1.000000 1.000000 1.000000 1.013761 1.012219 1.011123 1.011507 1.016691 1.017022 1.015870 1.019039 1.014477 1.017590 1.000000 1.000000 1.000000 1.000000 1.000000 1.010977 1.012741 1.012490 1.011874 1.008072 1.017512 1.017931 1.014770 1.021950 1.011633 1.000000 1.000000 1.000000 1.000000 1.000000 1.021738 1.020402 1.019155 1.022585 1.022182 1.024139 1.024053 1.023581 1.023656 1.022146 1.000000 1.000000 1.000000 1.000000 1.000000 1.011473 1.010733 1.010993 1.011355 1.009996 1.022103 1.027350 1.021976 1.024895 1.023923 1.000000 1.000000 1.000000 1.000000 1.000000 1.011109 1.011598 1.011399 1.010691 1.010195 1.014712 1.014775 1.015161 1.014884 1.013666 
1.000000 1.000000 1.000000 1.000000 1.000000 1.030163 1.031899 1.030000 1.030327 1.032103 1.038093 1.035911 1.039552 1.033809 1.030882 1.000000 1.000000 1.000000 1.000000 1.000000 1.011698 1.013251 1.016259 1.013054 1.013697 1.034356 1.032974 1.035260 1.030464 1.021805 1.000000 1.000000 1.000000 1.000000 1.000000 1.031029 1.030314 1.026284 1.038393 1.031760 1.039153 1.039144 1.042838 1.033027 1.033930 1.000000 1.000000 1.000000 1.000000 1.000000 1.025379 1.031058 1.020171 1.033632 1.032841 1.041972 1.042586 1.020098 1.024651 1.039344 1.000000 1.000000 1.000000 1.000000 1.000000 1.030479 1.025492 1.023035 1.024380 1.033009 1.035242 1.033937 1.040549 1.031667 1.038958 1.000000 1.000000 1.000000 1.000000 1.000000 1.023400 1.026067 1.024808 1.025080 1.015371 1.037434 1.037335 1.030976 1.047963 1.024475 1.000000 1.000000 1.000000 1.000000 1.000000 1.041111 1.040996 1.035339 1.044718 1.043481 1.048478 1.047114 1.046515 1.046023 1.042176 1.000000 1.000000 1.000000 1.000000 1.000000 1.024487 1.023041 1.023619 1.024156 1.020926 1.046581 1.056923 1.044781 1.049981 1.048093 1.000000 1.000000 1.000000 1.000000 1.000000 1.023832 1.025201 1.024410 1.023255 1.021417 1.031461 1.031542 1.032294 1.031823 1.029062 
1.000000 1.000000 1.000000 1.000000 1.000000 1.023556 1.025491 1.025476 1.024283 1.026601 1.031686 1.030308 1.032959 1.029300 1.027987 1.000000 1.000000 1.000000 1.000000 1.000000 1.008960 1.010539 1.011990 1.010901 1.011794 1.027444 1.026607 1.029360 1.025463 1.020637 1.000000 1.000000 1.000000 1.000000 1.000000 1.027790 1.024210 1.023956 1.027582 1.024845 1.033652 1.033168 1.038868 1.029522 1.029701 1.000000 1.000000 1.000000 1.000000 1.000000 1.018550 1.023238 1.022497 1.024565 1.033325 1.034046 1.035442 1.022031 1.024269 1.032686 1.000000 1.000000 1.000000 1.000000 1.000000 1.025542 1.022693 1.019687 1.021716 1.026722 1.030091 1.028678 1.033743 1.026183 1.035827 1.000000 1.000000 1.000000 1.000000 1.000000 1.018253 1.021338 1.019852 1.020033 1.013928 1.030661 1.030835 1.026284 1.038090 1.024572 1.000000 1.000000 1.000000 1.000000 1.000000 1.033214 1.032747 1.028867 1.035216 1.034595 1.038582 1.037043 1.036565 1.036890 1.033861 1.000000 1.000000 1.000000 1.000000 1.000000 1.020174 1.019395 1.019754 1.020995 1.020384 1.037170 1.045649 1.037073 1.042900 1.039615 1.000000 1.000000 1.000000 1.000000 1.000000 1.018813 1.020138 1.019828 1.018814 1.018123 1.025951 1.026263 1.027639 1.027231 1.026016 
1.000000 1.000000 1.000000 1.000000 1.000000 1.034386 1.036398 1.033759 1.034050 1.036160 1.042176 1.039609 1.043589 1.036714 1.032457 1.000000 1.000000 1.000000 1.000000 1.000000 1.012832 1.015328 1.017672 1.014919 1.015372 1.038664 1.036742 1.038863 1.033542 1.022970 1.000000 1.000000 1.000000 1.000000 1.000000 1.033260 1.032356 1.026382 1.043030 1.034780 1.041875 1.042590 1.044484 1.034378 1.034734 1.000000 1.000000 1.000000 1.000000 1.000000 1.029395 1.033648 1.019322 1.039330 1.036067 1.046366 1.044839 1.020727 1.025824 1.053302 1.000000 1.000000 1.000000 1.000000 1.000000 1.032403 1.027265 1.024697 1.024595 1.036429 1.038474 1.036915 1.043477 1.033442 1.039496 1.000000 1.000000 1.000000 1.000000 1.000000 1.025510 1.028761 1.028674 1.027790 1.017092 1.041613 1.041476 1.033603 1.051949 1.023953 1.000000 1.000000 1.000000 1.000000 1.000000 1.053621 1.051089 1.046792 1.056418 1.055032 1.059991 1.058667 1.057954 1.057984 1.053812 1.000000 1.000000 1.000000 1.000000 1.000000 1.026175 1.024529 1.025212 1.024774 1.020060 1.055392 1.067210 1.052748 1.058560 1.057827 1.000000 1.000000 1.000000 1.000000 1.000000 1.026889 1.027460 1.026799 1.025472 1.022699 1.034190 1.033900 1.034528 1.033704 1.029919 
1.000000 1.000000 1.000000 1.000000 1.000000 1.023934 1.026798 1.029607 1.025836 1.030076 1.036476 1.035574 1.038188 1.035959 1.036842 1.000000 1.000000 1.000000 1.000000 1.000000 1.009420 1.010856 1.011982 1.012134 1.013976 1.029336 1.029146 1.033855 1.029714 1.028194 1.000000 1.000000 1.000000 1.000000 1.000000 1.035515 1.027621 1.033188 1.024477 1.027088 1.041642 1.039591 1.052249 1.039256 1.038971 1.000000 1.000000 1.000000 1.000000 1.000000 1.016634 1.023423 1.037309 1.022260 1.047732 1.038336 1.043047 1.034218 1.034810 1.028678 1.000000 1.000000 1.000000 1.000000 1.000000 1.030450 1.029120 1.024209 1.029315 1.030071 1.036359 1.034203 1.040113 1.031176 1.049169 1.000000 1.000000 1.000000 1.000000 1.000000 1.019598 1.024323 1.020830 1.021793 1.017903 1.034321 1.035156 1.031897 1.042101 1.036620 1.000000 1.000000 1.000000 1.000000 1.000000 1.029149 1.030071 1.025332 1.030966 1.030913 1.035676 1.033469 1.032982 1.033833 1.030641 1.000000 1.000000 1.000000 1.000000 1.000000 1.023783 1.023493 1.023662 1.027322 1.030575 1.036630 1.045858 1.039445 1.048174 1.040803 1.000000 1.000000 1.000000 1.000000 1.000000 1.019561 1.022271 1.022293 1.021003 1.022366 1.030091 1.031228 1.033991 1.033772 1.034628 
1.000000 1.000000 1.000000 1.000000 1.000000 0.999178 0.999753 1.000563 0.999582 1.000260 1.000484 1.000783 1.000540 1.001458 1.002328 1.000000 1.000000 1.000000 1.000000 1.000000 0.999610 0.999798 0.999122 1.000104 1.000474 0.999529 0.999917 1.000493 1.000418 1.002295 1.000000 1.000000 1.000000 1.000000 1.000000 1.002000 0.999541 1.001756 0.997156 0.999331 1.001357 1.000895 1.003170 1.001918 1.001238 1.000000 1.000000 1.000000 1.000000 1.000000 0.998576 0.998354 1.004004 0.998375 1.004363 1.000004 1.000804 1.004286 1.003332 1.000503 1.000000 1.000000 1.000000 1.000000 1.000000 1.000464 1.001265 1.000678 1.001342 1.000294 1.001020 1.000780 1.000695 1.000303 1.003081 1.000000 1.000000 1.000000 1.000000 1.000000 0.999495 1.000090 0.999768 0.999748 1.000981 1.000086 1.000380 1.000751 0.999487 1.003712 1.000000 1.000000 1.000000 1.000000 1.000000 0.999729 0.999328 1.000036 0.998995 0.999284 0.999143 0.999006 0.999002 0.999480 0.999626 1.000000 1.000000 1.000000 1.000000 1.000000 1.000159 1.000404 1.000336 1.000946 1.002528 0.999164 0.999676 1.000344 1.001580 1.000108 1.000000 1.000000 1.000000 1.000000 1.000000 0.999504 0.999664 0.999868 0.999793 1.000438 1.000280 1.000442 1.000998 1.001026 1.001836 
1.000000 1.000000 1.000000 1.000000 1.000000 1.012398 1.014544 1.018192 1.014501 1.017728 1.022188 1.022161 1.023411 1.023484 1.025729 1.000000 1.000000 1.000000 1.000000 1.000000 1.005008 1.005702 1.005931 1.007136 1.008769 1.016350 1.016753 1.020740 1.018304 1.020293 1.000000 1.000000 1.000000 1.000000 1.000000 1.024262 1.016540 1.023981 1.010300 1.015058 1.027308 1.025185 1.036670 1.027134 1.026933 1.000000 1.000000 1.000000 1.000000 1.000000 1.006673 1.012144 1.030329 1.008603 1.035220 1.022531 1.027449 1.027078 1.025831 1.011179 1.000000 1.000000 1.000000 1.000000 1.000000 1.019588 1.019809 1.015732 1.020757 1.017491 1.023187 1.021663 1.025128 1.019828 1.035472 1.000000 1.000000 1.000000 1.000000 1.000000 1.010926 1.014466 1.011070 1.012403 1.011946 1.020344 1.021052 1.020213 1.024579 1.028478 1.000000 1.000000 1.000000 1.000000 1.000000 1.011610 1.013370 1.010004 1.012503 1.012879 1.015989 1.014068 1.013873 1.014749 1.012893 1.000000 1.000000 1.000000 1.000000 1.000000 1.014837 1.015130 1.015083 1.018737 1.023491 1.018397 1.023528 1.021794 1.028470 1.021523 1.000000 1.000000 1.000000 1.000000 1.000000 1.010582 1.013006 1.013236 1.012437 1.014531 1.018489 1.019640 1.022203 1.022230 1.024239 
1.000000 1.000000 1.000000 1.000000 1.000000 1.064459 1.067718 1.061571 1.064178 1.066164 1.079068 1.073987 1.081673 1.068223 1.060299 1.000000 1.000000 1.000000 1.000000 1.000000 1.024267 1.028368 1.034076 1.027329 1.028027 1.072896 1.069215 1.072974 1.062473 1.041702 1.000000 1.000000 1.000000 1.000000 1.000000 1.061300 1.061377 1.048615 1.084644 1.065114 1.078340 1.080171 1.082618 1.062980 1.065596 1.000000 1.000000 1.000000 1.000000 1.000000 1.055365 1.065608 1.031942 1.072504 1.060662 1.087665 1.085252 1.035211 1.045618 1.091636 1.000000 1.000000 1.000000 1.000000 1.000000 1.061632 1.049826 1.045651 1.045769 1.067469 1.071377 1.069283 1.081997 1.063821 1.074423 1.000000 1.000000 1.000000 1.000000 1.000000 1.048576 1.053195 1.052408 1.052374 1.029927 1.078531 1.077417 1.062078 1.100351 1.044203 1.000000 1.000000 1.000000 1.000000 1.000000 1.094815 1.092615 1.081819 1.102078 1.099004 1.108951 1.106110 1.105263 1.104120 1.095851 1.000000 1.000000 1.000000 1.000000 1.000000 1.049256 1.045989 1.047372 1.046286 1.036662 1.103054 1.125877 1.096910 1.106640 1.105198 1.000000 1.000000 1.000000 1.000000 1.000000 1.050700 1.052174 1.050373 1.048117 1.042206 1.064602 1.063847 1.064657 1.063349 1.055634 
1.000000 1.000000 1.000000 1.000000 1.000000 1.015179 1.015143 1.012156 1.014390 1.013556 1.015443 1.013947 1.015776 1.011546 1.008141 1.000000 1.000000 1.000000 1.000000 1.000000 1.005414 1.006560 1.008018 1.005813 1.005211 1.016040 1.014581 1.014248 1.011997 1.004747 1.000000 1.000000 1.000000 1.000000 1.000000 1.009328 1.012375 1.005497 1.022213 1.013847 1.013115 1.014642 1.010171 1.008540 1.009550 1.000000 1.000000 1.000000 1.000000 1.000000 1.014306 1.015564 0.998211 1.018285 1.005465 1.017564 1.014705 1.000226 1.003539 1.024898 1.000000 1.000000 1.000000 1.000000 1.000000 1.011477 1.007759 1.007852 1.005812 1.013395 1.012638 1.012641 1.014929 1.011757 1.008485 1.000000 1.000000 1.000000 1.000000 1.000000 1.010549 1.010653 1.011825 1.011221 1.004554 1.016114 1.015315 1.010955 1.020647 1.002218 1.000000 1.000000 1.000000 1.000000 1.000000 1.025723 1.024303 1.022210 1.027543 1.026444 1.028359 1.027903 1.027624 1.027166 1.025244 1.000000 1.000000 1.000000 1.000000 1.000000 1.009306 1.008262 1.008709 1.006786 1.001848 1.025088 1.029311 1.021597 1.021728 1.024415 1.000000 1.000000 1.000000 1.000000 1.000000 1.011638 1.011015 1.010411 1.010100 1.007237 1.012442 1.011736 1.011034 1.010554 1.007331 
1.000000 1.000000 1.000000 1.000000 1.000000 0.973213 0.971705 0.972752 0.972677 0.971142 0.966247 0.967981 0.964989 0.969811 0.972055 1.000000 1.000000 1.000000 1.000000 1.000000 0.990001 0.988198 0.986247 0.988066 0.987648 0.969620 0.970972 0.968523 0.972928 0.979834 1.000000 1.000000 1.000000 1.000000 1.000000 0.971772 0.973627 0.976578 0.966536 0.972828 0.965284 0.965221 0.962028 0.970338 0.969326 1.000000 1.000000 1.000000 1.000000 1.000000 0.978178 0.972956 0.980886 0.971921 0.968762 0.963394 0.962949 0.980640 0.977634 0.962316 1.000000 1.000000 1.000000 1.000000 1.000000 0.972546 0.976831 0.979539 0.978444 0.971521 0.968916 0.969825 0.964475 0.972120 0.964970 1.000000 1.000000 1.000000 1.000000 1.000000 0.979690 0.977082 0.978063 0.977932 0.986142 0.966884 0.967125 0.972569 0.958622 0.977259 1.000000 1.000000 1.000000 1.000000 1.000000 0.961100 0.961633 0.966401 0.958360 0.959384 0.954943 0.956788 0.957440 0.957274 0.960818 1.000000 1.000000 1.000000 1.000000 1.000000 0.978420 0.979480 0.978978 0.978685 0.981124 0.957672 0.949166 0.959534 0.954695 0.956229 1.000000 1.000000 1.000000 1.000000 1.000000 0.978712 0.977760 0.978340 0.979255 0.981156 0.972320 0.972278 0.971295 0.971822 0.974014 
1.000000 1.000000 1.000000 1.000000 1.000000 0.965774 0.965564 0.971652 0.967407 0.968367 0.964522 0.967625 0.963418 0.972356 0.979295 1.000000 1.000000 1.000000 1.000000 1.000000 0.987323 0.985262 0.981402 0.986741 0.987759 0.963893 0.966622 0.967144 0.971984 0.987177 1.000000 1.000000 1.000000 1.000000 1.000000 0.976846 0.970471 0.984313 0.951243 0.967144 0.968295 0.965876 0.973323 0.977473 0.976125 1.000000 1.000000 1.000000 1.000000 1.000000 0.967891 0.964517 0.999575 0.958125 0.984054 0.960117 0.964144 0.996381 0.988987 0.947484 1.000000 1.000000 1.000000 1.000000 1.000000 0.972705 0.980612 0.980657 0.984054 0.967858 0.969799 0.970390 0.963910 0.971792 0.977247 1.000000 1.000000 1.000000 1.000000 1.000000 0.975374 0.974718 0.972911 0.974121 0.988429 0.963399 0.964579 0.973440 0.952745 0.991622 1.000000 1.000000 1.000000 1.000000 1.000000 0.945422 0.947826 0.952985 0.941112 0.943390 0.938809 0.939600 0.940631 0.941652 0.945845 1.000000 1.000000 1.000000 1.000000 1.000000 0.977581 0.979960 0.978997 0.982288 0.992282 0.945661 0.936297 0.952247 0.951121 0.946418 1.000000 1.000000 1.000000 1.000000 1.000000 0.973709 0.974423 0.975796 0.976612 0.982077 0.970925 0.972040 0.973329 0.974227 0.980636 
1.000000 1.000000 1.000000 1.000000 1.000000 1.020932 1.022442 1.021803 1.021204 1.023151 1.027310 1.025930 1.028385 1.024795 1.023201 1.000000 1.000000 1.000000 1.000000 1.000000 1.008118 1.009302 1.011041 1.009371 1.010035 1.024077 1.023264 1.025266 1.021952 1.016800 1.000000 1.000000 1.000000 1.000000 1.000000 1.023121 1.021386 1.019945 1.025269 1.022339 1.028627 1.028260 1.032388 1.024915 1.025127 1.000000 1.000000 1.000000 1.000000 1.000000 1.017164 1.020997 1.017322 1.023079 1.026568 1.029825 1.030731 1.016869 1.019557 1.028247 1.000000 1.000000 1.000000 1.000000 1.000000 1.021808 1.019009 1.016856 1.018258 1.023625 1.025688 1.024542 1.029174 1.022598 1.029446 1.000000 1.000000 1.000000 1.000000 1.000000 1.016282 1.018685 1.017589 1.017628 1.011726 1.026529 1.026743 1.022651 1.033454 1.019344 1.000000 1.000000 1.000000 1.000000 1.000000 1.028938 1.028576 1.025070 1.030994 1.030327 1.033784 1.032791 1.032312 1.032289 1.029682 1.000000 1.000000 1.000000 1.000000 1.000000 1.017537 1.016661 1.017009 1.017846 1.016490 1.032395 1.039756 1.031892 1.036298 1.034206 1.000000 1.000000 1.000000 1.000000 1.000000 1.016575 1.017677 1.017293 1.016398 1.015613 1.022463 1.022690 1.023542 1.023206 1.021797 
1.000000 1.000000 1.000000 1.000000 1.000000 0.989135 0.988233 0.989066 0.989297 0.988107 0.986331 0.987082 0.985754 0.987570 0.988628 1.000000 1.000000 1.000000 1.000000 1.000000 0.995614 0.995167 0.993999 0.995312 0.994916 0.987787 0.988033 0.987367 0.988960 0.991863 1.000000 1.000000 1.000000 1.000000 1.000000 0.988528 0.988942 0.990185 0.986977 0.987929 0.985729 0.986082 0.984174 0.987658 0.988128 1.000000 1.000000 1.000000 1.000000 1.000000 0.990509 0.989169 0.992238 0.986524 0.987445 0.984903 0.984436 0.992186 0.990309 0.985141 1.000000 1.000000 1.000000 1.000000 1.000000 0.989229 0.990658 0.991402 0.990882 0.987114 0.987073 0.987800 0.985147 0.988615 0.986110 1.000000 1.000000 1.000000 1.000000 1.000000 0.991388 0.990219 0.990634 0.990853 0.994000 0.986711 0.986357 0.988578 0.982916 0.990917 1.000000 1.000000 1.000000 1.000000 1.000000 0.984997 0.985476 0.986927 0.983988 0.984339 0.982709 0.982762 0.983149 0.983282 0.984461 1.000000 1.000000 1.000000 1.000000 1.000000 0.991012 0.991619 0.991416 0.991016 0.992014 0.983859 0.979912 0.983996 0.982011 0.982789 1.000000 1.000000 1.000000 1.000000 1.000000 0.991515 0.990969 0.991215 0.991733 0.992051 0.988638 0.988519 0.988260 0.988396 0.989217 
1.000000 1.000000 1.000000 1.000000 1.000000 0.987911 0.987924 0.989918 0.987939 0.988915 0.986735 0.987779 0.986305 0.989349 0.991213 1.000000 1.000000 1.000000 1.000000 1.000000 0.995546 0.994939 0.993320 0.995295 0.995616 0.986847 0.987774 0.987541 0.989619 0.994457 1.000000 1.000000 1.000000 1.000000 1.000000 0.990730 0.988966 0.993324 0.981738 0.988600 0.987582 0.986785 0.988712 0.990931 0.989482 1.000000 1.000000 1.000000 1.000000 1.000000 0.989236 0.986525 0.998945 0.987074 0.994459 0.985141 0.985807 0.997723 0.995431 0.984989 1.000000 1.000000 1.000000 1.000000 1.000000 0.988969 0.992504 0.992759 0.993332 0.988898 0.988796 0.988589 0.986197 0.988793 0.989352 1.000000 1.000000 1.000000 1.000000 1.000000 0.990963 0.991077 0.991019 0.990564 0.996213 0.986342 0.987092 0.990160 0.981827 0.994859 1.000000 1.000000 1.000000 1.000000 1.000000 0.983184 0.982761 0.985926 0.980927 0.981834 0.979781 0.980623 0.980793 0.981380 0.983153 1.000000 1.000000 1.000000 1.000000 1.000000 0.991499 0.992239 0.991888 0.992853 0.995881 0.980922 0.977495 0.983470 0.983051 0.982020 1.000000 1.000000 1.000000 1.000000 1.000000 0.990436 0.990379 0.991027 0.991198 0.993244 0.988947 0.989312 0.989567 0.989781 0.991844 
1.000000 1.000000 1.000000 1.000000 1.000000 1.004741 1.004493 1.003863 1.004458 1.004159 1.004613 1.004117 1.004708 1.003170 1.001905 1.000000 1.000000 1.000000 1.000000 1.000000 1.001641 1.002042 1.002433 1.001855 1.001540 1.004969 1.004299 1.004207 1.003642 1.000975 1.000000 1.000000 1.000000 1.000000 1.000000 1.002434 1.003845 1.001581 1.006983 1.004176 1.003722 1.004375 1.002423 1.002298 1.002882 1.000000 1.000000 1.000000 1.000000 1.000000 1.004336 1.004884 0.999620 1.005334 1.001899 1.005201 1.003976 0.999563 1.000529 1.007790 1.000000 1.000000 1.000000 1.000000 1.000000 1.003388 1.002379 1.002304 1.001611 1.003618 1.003737 1.003698 1.004177 1.003423 1.002033 1.000000 1.000000 1.000000 1.000000 1.000000 1.003105 1.003214 1.003625 1.003357 1.001407 1.004908 1.004537 1.003233 1.006017 0.999911 1.000000 1.000000 1.000000 1.000000 1.000000 1.008105 1.007724 1.006979 1.008688 1.008342 1.008978 1.008712 1.008639 1.008539 1.007895 1.000000 1.000000 1.000000 1.000000 1.000000 1.002766 1.002478 1.002601 1.001942 1.000184 1.007988 1.008727 1.006657 1.006565 1.007726 1.000000 1.000000 1.000000 1.000000 1.000000 1.003596 1.003365 1.003230 1.003150 1.002198 1.003663 1.003446 1.003180 1.002972 1.001844 
1.000000 1.000000 1.000000 1.000000 1.000000 1.024708 1.025605 1.023992 1.025141 1.025369 1.030406 1.028593 1.031427 1.026279 1.023627 1.000000 1.000000 1.000000 1.000000 1.000000 1.009057 1.010762 1.012761 1.010692 1.010749 1.028013 1.026367 1.028273 1.024100 1.016506 1.000000 1.000000 1.000000 1.000000 1.000000 1.024036 1.023694 1.019325 1.032909 1.024186 1.030348 1.031218 1.031950 1.024651 1.026595 1.000000 1.000000 1.000000 1.000000 1.000000 1.020357 1.025625 1.013591 1.025248 1.024301 1.033193 1.032638 1.014293 1.017452 1.033874 1.000000 1.000000 1.000000 1.000000 1.000000 1.024594 1.019752 1.017632 1.018013 1.024697 1.027333 1.026850 1.031428 1.024937 1.029839 1.000000 1.000000 1.000000 1.000000 1.000000 1.018454 1.020161 1.019558 1.020014 1.011325 1.030292 1.029422 1.023827 1.038287 1.018058 1.000000 1.000000 1.000000 1.000000 1.000000 1.035774 1.035714 1.030624 1.038885 1.037668 1.041840 1.039909 1.039604 1.039369 1.035895 1.000000 1.000000 1.000000 1.000000 1.000000 1.019072 1.018029 1.018550 1.018119 1.014738 1.039893 1.047671 1.037052 1.040748 1.040140 1.000000 1.000000 1.000000 1.000000 1.000000 1.019649 1.020269 1.019565 1.018867 1.016320 1.024869 1.024605 1.025156 1.024624 1.021815 
1.000000 1.000000 1.000000 1.000000 1.000000 0.985581 0.985157 0.986275 0.985205 0.985486 0.982538 0.983556 0.981865 0.984836 0.986327 1.000000 1.000000 1.000000 1.000000 1.000000 0.994652 0.993827 0.992340 0.993865 0.993872 0.983777 0.984647 0.983630 0.986121 0.990528 1.000000 1.000000 1.000000 1.000000 1.000000 0.985997 0.985926 0.988663 0.980165 0.985836 0.982417 0.981985 0.981831 0.985860 0.984561 1.000000 1.000000 1.000000 1.000000 1.000000 0.988095 0.984484 0.992648 0.985561 0.986978 0.981028 0.980944 0.992145 0.990239 0.982097 1.000000 1.000000 1.000000 1.000000 1.000000 0.985301 0.988581 0.989721 0.989353 0.985631 0.984319 0.984502 0.981618 0.985133 0.982733 1.000000 1.000000 1.000000 1.000000 1.000000 0.989012 0.988303 0.988843 0.988258 0.993749 0.982478 0.983094 0.986371 0.977424 0.989305 1.000000 1.000000 1.000000 1.000000 1.000000 0.980433 0.979888 0.983470 0.978199 0.978988 0.976391 0.977627 0.977848 0.978141 0.980248 1.000000 1.000000 1.000000 1.000000 1.000000 0.988728 0.989373 0.989041 0.989291 0.991331 0.977279 0.973032 0.979141 0.977318 0.977600 1.000000 1.000000 1.000000 1.000000 1.000000 0.988459 0.987984 0.988524 0.988862 0.990466 0.985494 0.985644 0.985360 0.985606 0.987278 
1.000000 1.000000 1.000000 1.000000 1.000000 0.969545 0.967803 0.968673 0.968882 0.966995 0.961305 0.963230 0.959719 0.965056 0.967518 1.000000 1.000000 1.000000 1.000000 1.000000 0.988399 0.986624 0.984054 0.986405 0.985781 0.965363 0.966753 0.963928 0.968799 0.976579 1.000000 1.000000 1.000000 1.000000 1.000000 0.967140 0.969157 0.971859 0.962177 0.968348 0.959644 0.959851 0.955646 0.965366 0.964324 1.000000 1.000000 1.000000 1.000000 1.000000 0.975302 0.968867 0.976305 0.967979 0.963169 0.958165 0.957097 0.976937 0.973405 0.959705 1.000000 1.000000 1.000000 1.000000 1.000000 0.968138 0.972855 0.976047 0.974197 0.966967 0.963911 0.965226 0.958892 0.967456 0.958989 1.000000 1.000000 1.000000 1.000000 1.000000 0.976522 0.973425 0.974990 0.974629 0.983768 0.962040 0.962221 0.968323 0.952240 0.972858 1.000000 1.000000 1.000000 1.000000 1.000000 0.957996 0.957970 0.963859 0.954593 0.955707 0.950466 0.952486 0.953256 0.953227 0.957247 1.000000 1.000000 1.000000 1.000000 1.000000 0.974828 0.976046 0.975496 0.974677 0.977092 0.952835 0.943459 0.954593 0.948994 0.951148 1.000000 1.000000 1.000000 1.000000 1.000000 0.975771 0.974318 0.974990 0.976086 0.977829 0.968008 0.967799 0.966614 0.967146 0.969467 
1.000000 1.000000 1.000000 1.000000 1.000000 0.984048 0.983507 0.986132 0.984664 0.984446 0.982244 0.983625 0.981627 0.985288 0.987878 1.000000 1.000000 1.000000 1.000000 1.000000 0.993790 0.993106 0.991022 0.993723 0.993792 0.982774 0.983645 0.983548 0.985900 0.992073 1.000000 1.000000 1.000000 1.000000 1.000000 0.987241 0.985199 0.990323 0.978041 0.983604 0.983038 0.982591 0.983710 0.986801 0.986525 1.000000 1.000000 1.000000 1.000000 1.000000 0.985162 0.983323 0.996711 0.980006 0.989985 0.979904 0.980675 0.995497 0.991986 0.977796 1.000000 1.000000 1.000000 1.000000 1.000000 0.986151 0.989587 0.989768 0.990484 0.983393 0.984340 0.984750 0.981222 0.985430 0.985952 1.000000 1.000000 1.000000 1.000000 1.000000 0.987888 0.987319 0.987074 0.987368 0.993684 0.982117 0.982252 0.986086 0.976441 0.992933 1.000000 1.000000 1.000000 1.000000 1.000000 0.976786 0.977450 0.980049 0.974673 0.975606 0.973332 0.973469 0.973956 0.974566 0.976440 1.000000 1.000000 1.000000 1.000000 1.000000 0.988501 0.989612 0.989200 0.989980 0.993624 0.975686 0.970563 0.977799 0.976702 0.975651 1.000000 1.000000 1.000000 1.000000 1.000000 0.987663 0.987508 0.988154 0.988661 0.990492 0.985260 0.985533 0.985884 0.986157 0.988535 
1.000000 1.000000 1.000000 1.000000 1.000000 0.992823 0.992872 0.994927 0.993620 0.993962 0.993536 0.994341 0.993398 0.995592 0.997661 1.000000 1.000000 1.000000 1.000000 1.000000 0.997301 0.996903 0.995932 0.997508 0.997853 0.992790 0.993433 0.994105 0.994982 0.999047 1.000000 1.000000 1.000000 1.000000 1.000000 0.996893 0.994433 0.998709 0.989274 0.993150 0.995037 0.994293 0.997224 0.997303 0.997292 1.000000 1.000000 1.000000 1.000000 1.000000 0.992500 0.992681 1.003212 0.989713 0.999753 0.992343 0.993982 1.002005 0.999808 0.987706 1.000000 1.000000 1.000000 1.000000 1.000000 0.995574 0.997378 0.996832 0.998271 0.993453 0.994878 0.994988 0.993693 0.995219 0.998420 1.000000 1.000000 1.000000 1.000000 1.000000 0.994994 0.995127 0.994243 0.994859 0.998243 0.993108 0.993317 0.995500 0.990845 1.001149 1.000000 1.000000 1.000000 1.000000 1.000000 0.987504 0.988557 0.989140 0.986672 0.987246 0.986553 0.986276 0.986527 0.986912 0.987650 1.000000 1.000000 1.000000 1.000000 1.000000 0.996024 0.996702 0.996461 0.997613 1.000634 0.988625 0.986596 0.990396 0.990809 0.988907 1.000000 1.000000 1.000000 1.000000 1.000000 0.994670 0.995105 0.995448 0.995629 0.997065 0.994745 0.995135 0.995782 0.996000 0.997817 
1.000000 1.000000 1.000000 1.000000 1.000000 0.998190 0.998554 1.000277 0.998969 0.999765 1.000274 1.000691 1.000407 1.001598 1.003173 1.000000 1.000000 1.000000 1.000000 1.000000 0.999441 0.999255 0.998903 0.999816 1.000292 0.998854 0.999282 1.000346 1.000419 1.002946 1.000000 1.000000 1.000000 1.000000 1.000000 1.002407 0.999943 1.003521 0.996004 0.998987 1.002039 1.001186 1.004948 1.003397 1.003465 1.000000 1.000000 1.000000 1.000000 1.000000 0.997087 0.998234 1.006948 0.995948 1.005674 0.999820 1.001703 1.005569 1.004254 0.994447 1.000000 1.000000 1.000000 1.000000 1.000000 1.000980 1.001958 1.001006 1.002731 0.999494 1.001157 1.001014 1.000990 1.000882 1.005366 1.000000 1.000000 1.000000 1.000000 1.000000 0.999222 0.999858 0.998718 0.999344 1.001056 0.999680 0.999964 1.001126 0.999314 1.005470 1.000000 1.000000 1.000000 1.000000 1.000000 0.994552 0.995609 0.995197 0.994374 0.994741 0.994935 0.994495 0.994590 0.994870 0.994957 1.000000 1.000000 1.000000 1.000000 1.000000 1.000456 1.000855 1.000712 1.002025 1.004485 0.996639 0.996393 0.998167 0.999452 0.997243 1.000000 1.000000 1.000000 1.000000 1.000000 0.998888 0.999610 0.999810 0.999771 1.000965 1.000346 1.000794 1.001559 1.001708 1.003094 
1.000000 1.000000 1.000000 1.000000 1.000000 1.017890 1.018719 1.015644 1.017382 1.017290 1.020180 1.018682 1.020829 1.016892 1.014010 1.000000 1.000000 1.000000 1.000000 1.000000 1.006715 1.007810 1.009659 1.007148 1.007111 1.019479 1.018542 1.018717 1.015828 1.009297 1.000000 1.000000 1.000000 1.000000 1.000000 1.014793 1.015985 1.010399 1.024535 1.017689 1.019083 1.019860 1.018320 1.014234 1.014436 1.000000 1.000000 1.000000 1.000000 1.000000 1.016424 1.018235 1.003344 1.021813 1.011541 1.022559 1.021220 1.005885 1.009454 1.027182 1.000000 1.000000 1.000000 1.000000 1.000000 1.015606 1.011639 1.011317 1.010279 1.018425 1.017687 1.017271 1.020892 1.016205 1.015925 1.000000 1.000000 1.000000 1.000000 1.000000 1.013344 1.013982 1.014460 1.014139 1.007002 1.020418 1.020064 1.015272 1.026585 1.008684 1.000000 1.000000 1.000000 1.000000 1.000000 1.027960 1.026703 1.024184 1.029995 1.028953 1.031387 1.031034 1.030624 1.030142 1.027988 1.000000 1.000000 1.000000 1.000000 1.000000 1.012627 1.011465 1.011949 1.010847 1.006943 1.028426 1.034759 1.026031 1.027638 1.028537 1.000000 1.000000 1.000000 1.000000 1.000000 1.013923 1.013868 1.013178 1.012636 1.010332 1.016575 1.016090 1.015845 1.015483 1.012710 
1.000000 1.000000 1.000000 1.000000 1.000000 0.976635 0.974895 0.975452 0.976149 0.974108 0.969701 0.971109 0.968447 0.972178 0.973826 1.000000 1.000000 1.000000 1.000000 1.000000 0.991025 0.989628 0.987836 0.989434 0.988709 0.973281 0.974097 0.971802 0.975555 0.980892 1.000000 1.000000 1.000000 1.000000 1.000000 0.973692 0.976185 0.977465 0.972042 0.975283 0.968059 0.968525 0.964095 0.972227 0.972104 1.000000 1.000000 1.000000 1.000000 1.000000 0.981057 0.976651 0.980118 0.974764 0.969619 0.967298 0.966154 0.980378 0.977752 0.967960 1.000000 1.000000 1.000000 1.000000 1.000000 0.975319 0.978480 0.981041 0.979404 0.973643 0.971420 0.972673 0.967632 0.974681 0.967114 1.000000 1.000000 1.000000 1.000000 1.000000 0.981851 0.979124 0.980388 0.980315 0.986808 0.970503 0.970321 0.974944 0.963033 0.977608 1.000000 1.000000 1.000000 1.000000 1.000000 0.967240 0.967687 0.971597 0.965047 0.965761 0.961871 0.963179 0.963825 0.963650 0.966591 1.000000 1.000000 1.000000 1.000000 1.000000 0.980350 0.981271 0.980872 0.979928 0.981200 0.963877 0.956058 0.964515 0.959594 0.961900 1.000000 1.000000 1.000000 1.000000 1.000000 0.981428 0.980231 0.980655 0.981607 0.982538 0.974998 0.974749 0.973664 0.974051 0.975514 
1.000000 1.000000 1.000000 1.000000 1.000000 0.986087 0.985634 0.987474 0.986765 0.986196 0.984713 0.985910 0.984305 0.987617 0.990188 1.000000 1.000000 1.000000 1.000000 1.000000 0.994926 0.993805 0.992869 0.994268 0.994477 0.985062 0.986130 0.985954 0.987875 0.993397 1.000000 1.000000 1.000000 1.000000 1.000000 0.989369 0.988074 0.992518 0.981915 0.986511 0.985991 0.985223 0.986899 0.989221 0.989224 1.000000 1.000000 1.000000 1.000000 1.000000 0.987277 0.986645 0.996895 0.982790 0.989550 0.982914 0.984744 0.995826 0.993259 0.975665 1.000000 1.000000 1.000000 1.000000 1.000000 0.988817 0.991071 0.991507 0.992740 0.986311 0.986638 0.987121 0.984760 0.988466 0.989080 1.000000 1.000000 1.000000 1.000000 1.000000 0.990199 0.989224 0.988418 0.989390 0.994145 0.984617 0.984757 0.988173 0.981007 0.994990 1.000000 1.000000 1.000000 1.000000 1.000000 0.975877 0.977770 0.978824 0.974952 0.975648 0.973995 0.974222 0.974664 0.974645 0.976210 1.000000 1.000000 1.000000 1.000000 1.000000 0.990670 0.991508 0.991180 0.992205 0.995536 0.977291 0.973079 0.979218 0.977909 0.976557 1.000000 1.000000 1.000000 1.000000 1.000000 0.989365 0.989696 0.989996 0.990467 0.992224 0.987765 0.988113 0.988353 0.988793 0.990988 
1.000000 1.000000 1.000000 1.000000 1.000000 0.997994 0.997785 0.998289 0.997905 0.997938 0.997268 0.997412 0.997083 0.997310 0.997225 1.000000 1.000000 1.000000 1.000000 1.000000 0.998957 0.999230 0.998411 0.999314 0.999127 0.997657 0.997470 0.997379 0.997807 0.998167 1.000000 1.000000 1.000000 1.000000 1.000000 0.997460 0.997288 0.997517 0.996835 0.997223 0.996733 0.997078 0.996101 0.997091 0.996997 1.000000 1.000000 1.000000 1.000000 1.000000 0.998096 0.997173 0.998772 0.997365 0.998909 0.996787 0.995845 0.998648 0.997974 1.000682 1.000000 1.000000 1.000000 1.000000 1.000000 0.997344 0.998163 0.998101 0.997578 0.997023 0.997375 0.997375 0.996361 0.997042 0.996311 1.000000 1.000000 1.000000 1.000000 1.000000 0.997862 0.997997 0.998490 0.998009 0.999146 0.997355 0.997263 0.997608 0.995678 0.997383 1.000000 1.000000 1.000000 1.000000 1.000000 0.999894 0.999074 1.000185 0.999070 0.999219 0.998689 0.998630 0.998685 0.999092 0.999363 1.000000 1.000000 1.000000 1.000000 1.000000 0.997838 0.998041 0.997980 0.997669 0.997704 0.998041 0.997000 0.997977 0.997822 0.998339 1.000000 1.000000 1.000000 1.000000 1.000000 0.998334 0.997910 0.998147 0.998221 0.998174 0.997422 0.997325 0.997310 0.997186 0.997223 
1.000000 1.000000 1.000000 1.000000 1.000000 1.007578 1.007292 1.003963 1.005795 1.005324 1.004594 1.003483 1.004446 1.001418 0.997778 1.000000 1.000000 1.000000 1.000000 1.000000 1.002562 1.003413 1.003940 1.002296 1.001501 1.006762 1.005668 1.003940 1.003344 0.997294 1.000000 1.000000 1.000000 1.000000 1.000000 0.999388 1.003661 0.996406 1.011520 1.006207 1.001074 1.002665 0.996048 0.998065 0.997389 1.000000 1.000000 1.000000 1.000000 1.000000 1.009158 1.006484 0.990026 1.013275 0.995404 1.006064 1.001760 0.992581 0.995629 1.019997 1.000000 1.000000 1.000000 1.000000 1.000000 1.001396 0.999714 1.001115 0.997580 1.005615 1.002558 1.002449 1.003027 1.001734 0.994027 1.000000 1.000000 1.000000 1.000000 1.000000 1.004251 1.003922 1.006393 1.004461 1.000690 1.005441 1.005213 1.002187 1.006628 0.992064 1.000000 1.000000 1.000000 1.000000 1.000000 1.018874 1.015563 1.016905 1.018836 1.018120 1.018057 1.019006 1.018647 1.018432 1.017952 1.000000 1.000000 1.000000 1.000000 1.000000 1.002084 1.001152 1.001465 0.998947 0.993787 1.013418 1.015291 1.010573 1.009026 1.013349 1.000000 1.000000 1.000000 1.000000 1.000000 1.005190 1.003709 1.003452 1.003259 1.000900 1.003239 1.002396 1.001050 1.000578 0.997616 
1.000000 1.000000 1.000000 1.000000 1.000000 1.020324 1.021831 1.021199 1.020627 1.022678 1.026847 1.025499 1.027940 1.024542 1.023258 1.000000 1.000000 1.000000 1.000000 1.000000 1.008085 1.008978 1.011049 1.009037 1.009794 1.023489 1.022837 1.024867 1.021632 1.016794 1.000000 1.000000 1.000000 1.000000 1.000000 1.022911 1.021387 1.020257 1.024669 1.022274 1.028537 1.027871 1.032754 1.025245 1.025529 1.000000 1.000000 1.000000 1.000000 1.000000 1.016716 1.020834 1.017573 1.022641 1.025909 1.029546 1.031079 1.016773 1.019581 1.025121 1.000000 1.000000 1.000000 1.000000 1.000000 1.021655 1.018829 1.016785 1.018555 1.023509 1.025371 1.024294 1.029168 1.022603 1.029833 1.000000 1.000000 1.000000 1.000000 1.000000 1.016189 1.018462 1.017062 1.017351 1.011522 1.025953 1.026306 1.022582 1.033222 1.019635 1.000000 1.000000 1.000000 1.000000 1.000000 1.026175 1.026392 1.022525 1.028508 1.027858 1.031364 1.030501 1.030018 1.029784 1.027253 1.000000 1.000000 1.000000 1.000000 1.000000 1.017508 1.016612 1.016942 1.018061 1.016987 1.030620 1.037929 1.030374 1.034630 1.032262 1.000000 1.000000 1.000000 1.000000 1.000000 1.016129 1.017478 1.017032 1.016138 1.015632 1.022257 1.022607 1.023448 1.023218 1.022066 
1.000000 1.000000 1.000000 1.000000 1.000000 1.031561 1.034507 1.035854 1.033517 1.036911 1.045052 1.043490 1.047051 1.042949 1.042705 1.000000 1.000000 1.000000 1.000000 1.000000 1.012248 1.014040 1.016263 1.015056 1.016756 1.037764 1.037076 1.041906 1.036332 1.031853 1.000000 1.000000 1.000000 1.000000 1.000000 1.041606 1.034631 1.037452 1.036292 1.034291 1.049723 1.048251 1.059749 1.044865 1.045519 1.000000 1.000000 1.000000 1.000000 1.000000 1.023450 1.032075 1.037701 1.030376 1.050778 1.047917 1.052335 1.035786 1.037883 1.037602 1.000000 1.000000 1.000000 1.000000 1.000000 1.037619 1.033830 1.028820 1.033629 1.037249 1.043635 1.041608 1.049152 1.038502 1.056373 1.000000 1.000000 1.000000 1.000000 1.000000 1.025425 1.029948 1.026416 1.027855 1.020163 1.043210 1.043475 1.038080 1.054188 1.040339 1.000000 1.000000 1.000000 1.000000 1.000000 1.039368 1.040714 1.033815 1.042739 1.042082 1.048176 1.045436 1.044923 1.045291 1.040950 1.000000 1.000000 1.000000 1.000000 1.000000 1.029221 1.028448 1.028855 1.031917 1.033324 1.048747 1.060582 1.049974 1.059133 1.052089 1.000000 1.000000 1.000000 1.000000 1.000000 1.025650 1.028443 1.027998 1.026604 1.026644 1.037285 1.038146 1.040767 1.040443 1.039945 
1.000000 1.000000 1.000000 1.000000 1.000000 0.982092 0.980641 0.979768 0.981233 0.979168 0.975257 0.976171 0.974125 0.976601 0.977159 1.000000 1.000000 1.000000 1.000000 1.000000 0.993030 0.992031 0.990752 0.991492 0.990677 0.978935 0.979485 0.976969 0.979852 0.983017 1.000000 1.000000 1.000000 1.000000 1.000000 0.977366 0.980492 0.979341 0.979594 0.980484 0.972885 0.973652 0.968169 0.975586 0.975186 1.000000 1.000000 1.000000 1.000000 1.000000 0.986493 0.981936 0.979135 0.982259 0.971542 0.973647 0.971787 0.980890 0.979556 0.977984 1.000000 1.000000 1.000000 1.000000 1.000000 0.979329 0.981197 0.983957 0.981490 0.979209 0.976035 0.977238 0.973314 0.978854 0.970247 1.000000 1.000000 1.000000 1.000000 1.000000 0.985770 0.983107 0.984897 0.984434 0.988585 0.976170 0.975967 0.979036 0.970402 0.978805 1.000000 1.000000 1.000000 1.000000 1.000000 0.977170 0.976661 0.980316 0.975381 0.975743 0.972379 0.973801 0.974226 0.973949 0.976336 1.000000 1.000000 1.000000 1.000000 1.000000 0.983723 0.984203 0.983980 0.982367 0.982027 0.972687 0.966950 0.972451 0.967730 0.970796 1.000000 1.000000 1.000000 1.000000 1.000000 0.985585 0.984117 0.984308 0.985104 0.985113 0.979488 0.978994 0.977678 0.977935 0.978389 
1.000000 1.000000 1.000000 1.000000 1.000000 0.991201 0.991246 0.993115 0.991524 0.992392 0.991225 0.992042 0.991021 0.993448 0.995398 1.000000 1.000000 1.000000 1.000000 1.000000 0.996972 0.996229 0.995457 0.996640 0.997055 0.990767 0.991596 0.991821 0.993247 0.997308 1.000000 1.000000 1.000000 1.000000 1.000000 0.994625 0.993070 0.997223 0.986783 0.992373 0.992668 0.991646 0.994637 0.995575 0.994915 1.000000 1.000000 1.000000 1.000000 1.000000 0.991785 0.990896 1.001783 0.989902 0.997538 0.990227 0.991823 1.000078 0.998328 0.985297 1.000000 1.000000 1.000000 1.000000 1.000000 0.993249 0.995710 0.995651 0.996951 0.992545 0.992932 0.992842 0.991510 0.993244 0.995297 1.000000 1.000000 1.000000 1.000000 1.000000 0.993949 0.994061 0.993327 0.993552 0.997675 0.990716 0.991351 0.994005 0.988102 0.998678 1.000000 1.000000 1.000000 1.000000 1.000000 0.984684 0.985470 0.986819 0.983571 0.984257 0.983122 0.983573 0.983732 0.983951 0.985137 1.000000 1.000000 1.000000 1.000000 1.000000 0.994753 0.995337 0.995052 0.996347 0.999264 0.985159 0.982700 0.987386 0.987305 0.985758 1.000000 1.000000 1.000000 1.000000 1.000000 0.993187 0.993642 0.994044 0.994157 0.996062 0.992919 0.993410 0.993791 0.994073 0.996026 
1.000000 1.000000 1.000000 1.000000 1.000000 0.935485 0.932005 0.935722 0.934902 0.931453 0.921152 0.925350 0.917944 0.929599 0.935936 1.000000 1.000000 1.000000 1.000000 1.000000 0.975476 0.971728 0.966016 0.971810 0.970945 0.928047 0.930962 0.926316 0.936409 0.954160 1.000000 1.000000 1.000000 1.000000 1.000000 0.934258 0.936441 0.945391 0.918844 0.933525 0.919108 0.919220 0.913812 0.931531 0.930338 1.000000 1.000000 1.000000 1.000000 1.000000 0.945982 0.934350 0.958113 0.929212 0.929532 0.914552 0.913405 0.957422 0.948979 0.910604 1.000000 1.000000 1.000000 1.000000 1.000000 0.935269 0.945934 0.951446 0.949361 0.930630 0.927193 0.929748 0.916267 0.933919 0.921239 1.000000 1.000000 1.000000 1.000000 1.000000 0.950678 0.944893 0.946943 0.947051 0.967409 0.922210 0.922489 0.935889 0.901887 0.948928 1.000000 1.000000 1.000000 1.000000 1.000000 0.907525 0.908882 0.920193 0.900587 0.903173 0.892688 0.896222 0.898307 0.898284 0.906493 1.000000 1.000000 1.000000 1.000000 1.000000 0.948454 0.951422 0.950124 0.949673 0.956814 0.900482 0.881169 0.905263 0.895214 0.897339 1.000000 1.000000 1.000000 1.000000 1.000000 0.949008 0.946762 0.948387 0.950595 0.955251 0.934733 0.934647 0.932896 0.934072 0.939869 
1.000000 1.000000 1.000000 1.000000 1.000000 1.007958 1.007800 1.004834 1.006866 1.006107 1.006485 1.005484 1.006576 1.003932 1.001299 1.000000 1.000000 1.000000 1.000000 1.000000 1.003025 1.003382 1.004716 1.002501 1.002013 1.007770 1.007038 1.005911 1.004924 0.999846 1.000000 1.000000 1.000000 1.000000 1.000000 1.002272 1.005821 1.000013 1.012728 1.007491 1.004379 1.005367 1.001095 1.001532 1.001577 1.000000 1.000000 1.000000 1.000000 1.000000 1.008824 1.008360 0.993686 1.012133 0.997337 1.008039 1.005811 0.995622 0.998525 1.013496 1.000000 1.000000 1.000000 1.000000 1.000000 1.004250 1.001813 1.002854 1.000824 1.007038 1.004721 1.004769 1.006210 1.004728 0.999716 1.000000 1.000000 1.000000 1.000000 1.000000 1.005551 1.005012 1.006239 1.005552 1.001212 1.007143 1.006836 1.004127 1.009965 0.996916 1.000000 1.000000 1.000000 1.000000 1.000000 1.013908 1.012706 1.012021 1.015038 1.014276 1.014957 1.015469 1.015204 1.014546 1.013755 1.000000 1.000000 1.000000 1.000000 1.000000 1.003967 1.003081 1.003393 1.001763 0.997760 1.012475 1.014803 1.010110 1.009003 1.011732 1.000000 1.000000 1.000000 1.000000 1.000000 1.005848 1.005217 1.004718 1.004556 1.002649 1.005322 1.004757 1.003770 1.003547 1.001183 
1.000000 1.000000 1.000000 1.000000 1.000000 0.991449 0.992495 0.998188 0.993615 0.996207 0.997011 0.998503 0.997345 1.001635 1.006413 1.000000 1.000000 1.000000 1.000000 1.000000 0.997225 0.996482 0.995036 0.998203 0.999696 0.993017 0.994517 0.997384 0.998337 1.006705 1.000000 1.000000 1.000000 1.000000 1.000000 1.004406 0.996959 1.008635 0.983137 0.994189 1.002394 0.999728 1.010654 1.006985 1.006455 1.000000 1.000000 1.000000 1.000000 1.000000 0.988643 0.991104 1.020423 0.985021 1.015527 0.995054 1.000389 1.015632 1.011282 0.979774 1.000000 1.000000 1.000000 1.000000 1.000000 0.999713 1.003772 1.001054 1.006273 0.995631 1.000389 0.999627 0.998753 0.999463 1.011947 1.000000 1.000000 1.000000 1.000000 1.000000 0.995276 0.997296 0.993962 0.995525 1.002263 0.995313 0.996328 1.000313 0.992931 1.014311 1.000000 1.000000 1.000000 1.000000 1.000000 0.979461 0.982349 0.982144 0.978258 0.979607 0.979588 0.978652 0.978961 0.979931 0.980718 1.000000 1.000000 1.000000 1.000000 1.000000 0.999031 1.000377 0.999861 1.004039 1.011936 0.984844 0.982793 0.990150 0.993590 0.987034 1.000000 1.000000 1.000000 1.000000 1.000000 0.994108 0.996230 0.997040 0.996928 1.001088 0.997919 0.999327 1.001583 1.002050 1.006507 
1.000000 1.000000 1.000000 1.000000 1.000000 0.959011 0.957856 0.962453 0.959649 0.959136 0.953227 0.956434 0.951531 0.960631 0.966545 1.000000 1.000000 1.000000 1.000000 1.000000 0.984556 0.982246 0.977945 0.983084 0.983378 0.955279 0.957875 0.956480 0.962641 0.977285 1.000000 1.000000 1.000000 1.000000 1.000000 0.964818 0.961661 0.972454 0.944755 0.959040 0.954562 0.953257 0.955340 0.963789 0.962170 1.000000 1.000000 1.000000 1.000000 1.000000 0.963854 0.957491 0.985453 0.953033 0.967598 0.948319 0.949985 0.983811 0.976730 0.942088 1.000000 1.000000 1.000000 1.000000 1.000000 0.962544 0.970774 0.972686 0.973683 0.958729 0.958326 0.959390 0.951109 0.961514 0.959895 1.000000 1.000000 1.000000 1.000000 1.000000 0.969412 0.967212 0.967091 0.967534 0.982645 0.952997 0.953828 0.963179 0.939841 0.977924 1.000000 1.000000 1.000000 1.000000 1.000000 0.939436 0.940701 0.947956 0.934328 0.936530 0.930257 0.932008 0.933195 0.933938 0.939153 1.000000 1.000000 1.000000 1.000000 1.000000 0.969841 0.972169 0.971198 0.972812 0.980829 0.936063 0.924287 0.941453 0.937545 0.935722 1.000000 1.000000 1.000000 1.000000 1.000000 0.967984 0.967485 0.968855 0.970035 0.974671 0.961412 0.961967 0.962113 0.962980 0.968508 
1.000000 1.000000 1.000000 1.000000 1.000000 0.962064 0.959711 0.960968 0.961730 0.958703 0.952369 0.954801 0.950441 0.957072 0.960604 1.000000 1.000000 1.000000 1.000000 1.000000 0.985522 0.983181 0.980261 0.983063 0.982272 0.957200 0.958901 0.955731 0.961506 0.971517 1.000000 1.000000 1.000000 1.000000 1.000000 0.959821 0.962143 0.965856 0.954015 0.960334 0.950679 0.950943 0.946157 0.957676 0.957388 1.000000 1.000000 1.000000 1.000000 1.000000 0.968693 0.962194 0.971108 0.958271 0.953726 0.948463 0.947823 0.971795 0.967138 0.946243 1.000000 1.000000 1.000000 1.000000 1.000000 0.961523 0.966675 0.970439 0.968685 0.958398 0.955433 0.957432 0.949660 0.960549 0.951078 1.000000 1.000000 1.000000 1.000000 1.000000 0.971030 0.966813 0.968230 0.968615 0.979395 0.953319 0.953191 0.960890 0.941795 0.967823 1.000000 1.000000 1.000000 1.000000 1.000000 0.945224 0.946473 0.952444 0.941749 0.943017 0.936921 0.938879 0.940029 0.939752 0.944464 1.000000 1.000000 1.000000 1.000000 1.000000 0.969122 0.970731 0.970055 0.969176 0.972516 0.941151 0.929427 0.943035 0.936030 0.938226 1.000000 1.000000 1.000000 1.000000 1.000000 0.970067 0.968540 0.969220 0.970708 0.972718 0.960785 0.960549 0.959216 0.959966 0.962973 
1.000000 1.000000 1.000000 1.000000 1.000000 1.038764 1.040255 1.036181 1.038514 1.039075 1.046374 1.043246 1.047891 1.039452 1.034373 1.000000 1.000000 1.000000 1.000000 1.000000 1.014578 1.016906 1.020713 1.016184 1.016279 1.043403 1.040983 1.042933 1.036676 1.023423 1.000000 1.000000 1.000000 1.000000 1.000000 1.035235 1.036698 1.027773 1.052176 1.038815 1.045496 1.046830 1.046702 1.036206 1.038332 1.000000 1.000000 1.000000 1.000000 1.000000 1.033586 1.040141 1.016395 1.043427 1.033129 1.051560 1.049892 1.018262 1.024765 1.053784 1.000000 1.000000 1.000000 1.000000 1.000000 1.036561 1.028837 1.026648 1.026343 1.039598 1.041409 1.040499 1.048070 1.037741 1.042246 1.000000 1.000000 1.000000 1.000000 1.000000 1.029138 1.031407 1.031083 1.031202 1.016992 1.046346 1.045408 1.036199 1.059550 1.024171 1.000000 1.000000 1.000000 1.000000 1.000000 1.056370 1.055517 1.048399 1.061244 1.059217 1.065299 1.063464 1.062866 1.061984 1.056913 1.000000 1.000000 1.000000 1.000000 1.000000 1.029162 1.027106 1.027982 1.026898 1.020265 1.061529 1.074346 1.056961 1.061763 1.061957 1.000000 1.000000 1.000000 1.000000 1.000000 1.030467 1.031226 1.029986 1.028770 1.024717 1.038038 1.037494 1.037684 1.036904 1.031905 
1.000000 1.000000 1.000000 1.000000 1.000000 1.037859 1.041892 1.043909 1.040128 1.045296 1.055015 1.053218 1.057461 1.052954 1.053031 1.000000 1.000000 1.000000 1.000000 1.000000 1.014814 1.017007 1.019394 1.018300 1.020677 1.045533 1.044982 1.051042 1.044442 1.039902 1.000000 1.000000 1.000000 1.000000 1.000000 1.051412 1.041867 1.046505 1.041793 1.041847 1.061186 1.058888 1.074720 1.056041 1.055863 1.000000 1.000000 1.000000 1.000000 1.000000 1.028047 1.037656 1.048271 1.037358 1.064578 1.058518 1.064336 1.045773 1.048157 1.046668 1.000000 1.000000 1.000000 1.000000 1.000000 1.045408 1.041737 1.035479 1.041618 1.046039 1.053758 1.050918 1.060262 1.046676 1.069887 1.000000 1.000000 1.000000 1.000000 1.000000 1.030638 1.036699 1.032349 1.033690 1.025425 1.052346 1.053224 1.047095 1.065277 1.050481 1.000000 1.000000 1.000000 1.000000 1.000000 1.047889 1.048841 1.041461 1.051295 1.050737 1.057871 1.054930 1.054220 1.054920 1.049926 1.000000 1.000000 1.000000 1.000000 1.000000 1.035584 1.034698 1.035129 1.039329 1.041868 1.058336 1.073279 1.061007 1.072868 1.063506 1.000000 1.000000 1.000000 1.000000 1.000000 1.030708 1.034209 1.033859 1.032007 1.032738 1.045394 1.046624 1.050021 1.049654 1.049590 
1.000000 1.000000 1.000000 1.000000 1.000000 0.996859 0.997513 1.001325 0.998153 1.000242 1.000927 1.001683 1.001199 1.003322 1.006055 1.000000 1.000000 1.000000 1.000000 1.000000 0.999067 0.998811 0.997934 0.999935 1.000842 0.998147 0.998793 1.000889 1.001271 1.005705 1.000000 1.000000 1.000000 1.000000 1.000000 1.004785 1.000253 1.007372 0.991850 0.998615 1.004273 1.002646 1.009824 1.007067 1.006943 1.000000 1.000000 1.000000 1.000000 1.000000 0.994615 0.996450 1.014965 0.992944 1.013118 1.000046 1.003192 1.011294 1.008772 0.991077 1.000000 1.000000 1.000000 1.000000 1.000000 1.001808 1.004366 1.002326 1.005632 0.999349 1.002825 1.002227 1.001975 1.001696 1.010249 1.000000 1.000000 1.000000 1.000000 1.000000 0.998533 1.000230 0.998142 0.998903 1.002791 0.999719 1.000407 1.002694 0.998518 1.010240 1.000000 1.000000 1.000000 1.000000 1.000000 0.990772 0.992353 0.992035 0.990076 0.990883 0.991199 0.990465 0.990589 0.991311 0.991536 1.000000 1.000000 1.000000 1.000000 1.000000 1.001093 1.001884 1.001569 1.004229 1.008896 0.994154 0.993289 0.997301 0.999935 0.995886 1.000000 1.000000 1.000000 1.000000 1.000000 0.997994 0.999364 0.999921 0.999747 1.002282 1.000862 1.001802 1.003279 1.003473 1.006117 
1.000000 1.000000 1.000000 1.000000 1.000000 1.017755 1.019561 1.018674 1.017841 1.019906 1.023228 1.022144 1.024129 1.021481 1.020125 1.000000 1.000000 1.000000 1.000000 1.000000 1.006800 1.008049 1.009059 1.008038 1.008788 1.020310 1.019916 1.021467 1.018597 1.014852 1.000000 1.000000 1.000000 1.000000 1.000000 1.020159 1.017486 1.016495 1.020300 1.018877 1.024264 1.023826 1.027713 1.020993 1.020054 1.000000 1.000000 1.000000 1.000000 1.000000 1.014822 1.016770 1.014525 1.020713 1.023499 1.025158 1.025735 1.015489 1.017680 1.027824 1.000000 1.000000 1.000000 1.000000 1.000000 1.018064 1.016070 1.014325 1.015152 1.020882 1.021997 1.020774 1.024737 1.018720 1.024631 1.000000 1.000000 1.000000 1.000000 1.000000 1.013674 1.015976 1.015432 1.014957 1.010358 1.022442 1.022941 1.019189 1.027921 1.016960 1.000000 1.000000 1.000000 1.000000 1.000000 1.027320 1.025760 1.024076 1.028267 1.027821 1.030365 1.029870 1.029356 1.029660 1.027668 1.000000 1.000000 1.000000 1.000000 1.000000 1.014637 1.013872 1.014181 1.014802 1.013917 1.028033 1.035144 1.028168 1.032437 1.030389 1.000000 1.000000 1.000000 1.000000 1.000000 1.013991 1.014664 1.014438 1.013588 1.013019 1.018936 1.019050 1.019877 1.019557 1.018457 
1.000000 1.000000 1.000000 1.000000 1.000000 0.972118 0.969715 0.969069 0.971169 0.967821 0.962353 0.963834 0.960740 0.964647 0.965933 1.000000 1.000000 1.000000 1.000000 1.000000 0.989292 0.987488 0.985832 0.986874 0.985712 0.967621 0.968475 0.964976 0.969441 0.974633 1.000000 1.000000 1.000000 1.000000 1.000000 0.966033 0.970780 0.970040 0.968492 0.970070 0.959416 0.960414 0.952895 0.963733 0.963774 1.000000 1.000000 1.000000 1.000000 1.000000 0.978327 0.972702 0.970496 0.970956 0.957591 0.959762 0.957736 0.971934 0.969635 0.961521 1.000000 1.000000 1.000000 1.000000 1.000000 0.969206 0.972019 0.975909 0.973019 0.967730 0.963849 0.965668 0.959749 0.968533 0.956617 1.000000 1.000000 1.000000 1.000000 1.000000 0.978247 0.974155 0.976190 0.976124 0.982626 0.963718 0.963250 0.968309 0.955297 0.969323 1.000000 1.000000 1.000000 1.000000 1.000000 0.961149 0.961684 0.966147 0.958999 0.959572 0.954792 0.956624 0.957413 0.956778 0.960293 1.000000 1.000000 1.000000 1.000000 1.000000 0.975559 0.976414 0.976030 0.974097 0.974200 0.956820 0.947520 0.956660 0.949567 0.953560 1.000000 1.000000 1.000000 1.000000 1.000000 0.977729 0.975957 0.976215 0.977469 0.977822 0.969019 0.968444 0.966607 0.967089 0.968083 
1.000000 1.000000 1.000000 1.000000 1.000000 1.007261 1.007427 1.005343 1.006707 1.006238 1.006927 1.006194 1.007005 1.005025 1.003234 1.000000 1.000000 1.000000 1.000000 1.000000 1.002496 1.003186 1.003717 1.002668 1.002359 1.007446 1.006849 1.006408 1.005237 1.001800 1.000000 1.000000 1.000000 1.000000 1.000000 1.003872 1.005163 1.001194 1.010652 1.006289 1.005386 1.006210 1.003585 1.002998 1.003014 1.000000 1.000000 1.000000 1.000000 1.000000 1.007279 1.007008 0.996903 1.009612 1.000976 1.007977 1.006253 0.999164 1.000906 1.014353 1.000000 1.000000 1.000000 1.000000 1.000000 1.004774 1.002840 1.003201 1.001640 1.006491 1.005374 1.005452 1.006563 1.004866 1.002520 1.000000 1.000000 1.000000 1.000000 1.000000 1.004882 1.004776 1.005779 1.005207 1.001794 1.007284 1.006984 1.004636 1.009322 0.999994 1.000000 1.000000 1.000000 1.000000 1.000000 1.014273 1.012824 1.012513 1.014817 1.014258 1.014897 1.014912 1.014724 1.014584 1.013775 1.000000 1.000000 1.000000 1.000000 1.000000 1.003919 1.003339 1.003593 1.002285 0.999598 1.012444 1.015025 1.010693 1.010650 1.012238 1.000000 1.000000 1.000000 1.000000 1.000000 1.005505 1.004892 1.004575 1.004432 1.002793 1.005459 1.004969 1.004523 1.004274 1.002561 
1.000000 1.000000 1.000000 1.000000 1.000000 1.025341 1.026936 1.024948 1.024948 1.026793 1.031069 1.029188 1.032214 1.027278 1.024092 1.000000 1.000000 1.000000 1.000000 1.000000 1.009695 1.011296 1.013338 1.010937 1.011400 1.028412 1.027195 1.028604 1.024838 1.017034 1.000000 1.000000 1.000000 1.000000 1.000000 1.024755 1.024340 1.020136 1.031367 1.026389 1.031170 1.031409 1.033192 1.025748 1.025522 1.000000 1.000000 1.000000 1.000000 1.000000 1.021915 1.024909 1.014949 1.029947 1.026977 1.034188 1.033455 1.015566 1.019627 1.038098 1.000000 1.000000 1.000000 1.000000 1.000000 1.023958 1.020359 1.018584 1.018766 1.027665 1.028685 1.027264 1.032439 1.024972 1.029221 1.000000 1.000000 1.000000 1.000000 1.000000 1.019115 1.021603 1.021363 1.020654 1.012931 1.030622 1.030755 1.025020 1.038551 1.018003 1.000000 1.000000 1.000000 1.000000 1.000000 1.038319 1.036590 1.033441 1.040451 1.039479 1.043136 1.042485 1.041849 1.041746 1.038788 1.000000 1.000000 1.000000 1.000000 1.000000 1.019632 1.018331 1.018829 1.018807 1.015439 1.039886 1.048560 1.038342 1.042615 1.041903 1.000000 1.000000 1.000000 1.000000 1.000000 1.019757 1.020385 1.019884 1.018830 1.017134 1.025383 1.025283 1.025702 1.025158 1.022465 
1.000000 1.000000 1.000000 1.000000 1.000000 0.974573 0.973870 0.976145 0.974610 0.974229 0.969891 0.971843 0.968711 0.974196 0.977303 1.000000 1.000000 1.000000 1.000000 1.000000 0.990194 0.989082 0.985980 0.989417 0.989398 0.971770 0.973281 0.971957 0.975860 0.984522 1.000000 1.000000 1.000000 1.000000 1.000000 0.976643 0.974929 0.980471 0.965543 0.973879 0.969834 0.969398 0.969132 0.975282 0.973659 1.000000 1.000000 1.000000 1.000000 1.000000 0.978106 0.972793 0.987866 0.971884 0.977961 0.966674 0.966706 0.987979 0.983677 0.968596 1.000000 1.000000 1.000000 1.000000 1.000000 0.975287 0.980490 0.982010 0.981588 0.973863 0.972814 0.973447 0.968025 0.974486 0.971688 1.000000 1.000000 1.000000 1.000000 1.000000 0.980470 0.979053 0.979794 0.979384 0.988737 0.969928 0.970451 0.975926 0.960977 0.983575 1.000000 1.000000 1.000000 1.000000 1.000000 0.966085 0.965534 0.971217 0.962269 0.963612 0.959279 0.960606 0.961212 0.961950 0.965340 1.000000 1.000000 1.000000 1.000000 1.000000 0.980233 0.981603 0.981041 0.981357 0.985556 0.961243 0.953983 0.964252 0.961562 0.961326 1.000000 1.000000 1.000000 1.000000 1.000000 0.979967 0.979074 0.979983 0.980733 0.983145 0.974906 0.975020 0.974891 0.975308 0.978323 
1.000000 1.000000 1.000000 1.000000 1.000000 1.038762 1.041567 1.040499 1.039470 1.042616 1.050770 1.048253 1.052738 1.046047 1.043022 1.000000 1.000000 1.000000 1.000000 1.000000 1.014763 1.017263 1.020034 1.017478 1.018654 1.044758 1.043134 1.046930 1.040644 1.031221 1.000000 1.000000 1.000000 1.000000 1.000000 1.043010 1.039094 1.036533 1.046905 1.040581 1.052945 1.052679 1.059748 1.045450 1.045989 1.000000 1.000000 1.000000 1.000000 1.000000 1.031415 1.038600 1.031959 1.041652 1.049551 1.055035 1.056275 1.031701 1.036267 1.053923 1.000000 1.000000 1.000000 1.000000 1.000000 1.040467 1.035192 1.030992 1.033403 1.043086 1.047675 1.045523 1.053753 1.041701 1.054666 1.000000 1.000000 1.000000 1.000000 1.000000 1.029828 1.034282 1.032401 1.032540 1.021569 1.049483 1.049543 1.041588 1.061996 1.036150 1.000000 1.000000 1.000000 1.000000 1.000000 1.055070 1.054149 1.047768 1.058686 1.057435 1.063815 1.061630 1.060911 1.061046 1.056101 1.000000 1.000000 1.000000 1.000000 1.000000 1.032181 1.030675 1.031330 1.032646 1.030179 1.061232 1.075059 1.060149 1.068668 1.064576 1.000000 1.000000 1.000000 1.000000 1.000000 1.030778 1.032622 1.031959 1.030352 1.028604 1.041573 1.041834 1.043536 1.042834 1.040032 
1.000000 1.000000 1.000000 1.000000 1.000000 1.012081 1.012710 1.012670 1.012604 1.013224 1.015917 1.015160 1.016498 1.014337 1.013653 1.000000 1.000000 1.000000 1.000000 1.000000 1.004473 1.005296 1.006140 1.005508 1.005738 1.014047 1.013367 1.014839 1.012734 1.009902 1.000000 1.000000 1.000000 1.000000 1.000000 1.013518 1.012278 1.011578 1.015210 1.012180 1.016651 1.016681 1.018811 1.014455 1.015423 1.000000 1.000000 1.000000 1.000000 1.000000 1.009355 1.012463 1.010214 1.011516 1.015360 1.017198 1.017736 1.009898 1.010955 1.015618 1.000000 1.000000 1.000000 1.000000 1.000000 1.013134 1.011152 1.009622 1.010535 1.012667 1.014711 1.014388 1.016775 1.013266 1.017805 1.000000 1.000000 1.000000 1.000000 1.000000 1.009232 1.010465 1.009700 1.010106 1.006443 1.015544 1.015290 1.012988 1.019412 1.011656 1.000000 1.000000 1.000000 1.000000 1.000000 1.016528 1.016827 1.014137 1.017977 1.017524 1.019744 1.018582 1.018422 1.018478 1.016736 1.000000 1.000000 1.000000 1.000000 1.000000 1.010108 1.009739 1.009942 1.010291 1.009606 1.019294 1.023190 1.018525 1.021032 1.019809 1.000000 1.000000 1.000000 1.000000 1.000000 1.009723 1.010335 1.010082 1.009691 1.008919 1.013039 1.013120 1.013741 1.013519 1.012709 
1.000000 1.000000 1.000000 1.000000 1.000000 0.968152 0.966654 0.969758 0.968180 0.967446 0.962160 0.964444 0.960717 0.967028 0.970858 1.000000 1.000000 1.000000 1.000000 1.000000 0.987987 0.986116 0.983062 0.986530 0.986346 0.964741 0.966328 0.964714 0.969802 0.979651 1.000000 1.000000 1.000000 1.000000 1.000000 0.969832 0.969621 0.976115 0.958200 0.967848 0.962231 0.961657 0.961139 0.969379 0.968589 1.000000 1.000000 1.000000 1.000000 1.000000 0.972544 0.967285 0.984827 0.964243 0.970802 0.958653 0.958995 0.983056 0.978172 0.955178 1.000000 1.000000 1.000000 1.000000 1.000000 0.969355 0.975499 0.977486 0.977438 0.966636 0.965714 0.966728 0.960105 0.968602 0.964702 1.000000 1.000000 1.000000 1.000000 1.000000 0.975866 0.973766 0.974190 0.974226 0.985447 0.962264 0.962753 0.970035 0.951786 0.978310 1.000000 1.000000 1.000000 1.000000 1.000000 0.953372 0.954267 0.959848 0.949652 0.951187 0.946201 0.947733 0.948605 0.948966 0.953035 1.000000 1.000000 1.000000 1.000000 1.000000 0.975619 0.977278 0.976550 0.977165 0.981985 0.950238 0.940217 0.953450 0.949271 0.949423 1.000000 1.000000 1.000000 1.000000 1.000000 0.974912 0.974208 0.975209 0.976204 0.979283 0.968732 0.969035 0.968638 0.969233 0.972908 
1.000000 1.000000 1.000000 1.000000 1.000000 1.025371 1.027079 1.025386 1.024948 1.027107 1.031121 1.029285 1.032152 1.027240 1.023966 1.000000 1.000000 1.000000 1.000000 1.000000 1.009377 1.011461 1.012692 1.011193 1.011593 1.028423 1.027030 1.028589 1.024819 1.017232 1.000000 1.000000 1.000000 1.000000 1.000000 1.024753 1.023461 1.019432 1.030447 1.025628 1.030808 1.031283 1.032842 1.025465 1.024989 1.000000 1.000000 1.000000 1.000000 1.000000 1.021696 1.023856 1.015231 1.029651 1.028619 1.034001 1.032471 1.016318 1.019875 1.042658 1.000000 1.000000 1.000000 1.000000 1.000000 1.023417 1.020353 1.018314 1.018004 1.027172 1.028605 1.027142 1.031776 1.024143 1.028684 1.000000 1.000000 1.000000 1.000000 1.000000 1.018521 1.021395 1.021642 1.020391 1.013252 1.030581 1.030736 1.024931 1.037422 1.017661 1.000000 1.000000 1.000000 1.000000 1.000000 1.041903 1.038996 1.036920 1.043211 1.042340 1.045710 1.044929 1.044290 1.044693 1.041788 1.000000 1.000000 1.000000 1.000000 1.000000 1.019115 1.017943 1.018420 1.018108 1.014797 1.041365 1.050108 1.039813 1.044531 1.044010 1.000000 1.000000 1.000000 1.000000 1.000000 1.019721 1.019942 1.019649 1.018577 1.016724 1.025013 1.024811 1.025363 1.024662 1.021967 
1.000000 1.000000 1.000000 1.000000 1.000000 1.041890 1.044796 1.043563 1.042471 1.046007 1.054681 1.051874 1.056790 1.049366 1.045936 1.000000 1.000000 1.000000 1.000000 1.000000 1.016074 1.018638 1.021865 1.018782 1.020018 1.048317 1.046492 1.050481 1.043815 1.033198 1.000000 1.000000 1.000000 1.000000 1.000000 1.045891 1.042409 1.039297 1.050869 1.044164 1.056945 1.056621 1.064147 1.049002 1.049669 1.000000 1.000000 1.000000 1.000000 1.000000 1.034186 1.041897 1.034088 1.045569 1.052834 1.059573 1.060832 1.033321 1.038582 1.057459 1.000000 1.000000 1.000000 1.000000 1.000000 1.043419 1.037765 1.033382 1.035954 1.046577 1.051312 1.048984 1.057955 1.044920 1.058471 1.000000 1.000000 1.000000 1.000000 1.000000 1.032296 1.037068 1.035042 1.035128 1.023223 1.053277 1.053422 1.044948 1.066945 1.038123 1.000000 1.000000 1.000000 1.000000 1.000000 1.058815 1.057950 1.050970 1.062866 1.061490 1.068385 1.066208 1.065419 1.065407 1.060105 1.000000 1.000000 1.000000 1.000000 1.000000 1.034749 1.033053 1.033754 1.035192 1.032249 1.065758 1.080537 1.064515 1.073456 1.069312 1.000000 1.000000 1.000000 1.000000 1.000000 1.033181 1.035228 1.034496 1.032735 1.030912 1.044810 1.045133 1.046822 1.046078 1.042977 
1.000000 1.000000 1.000000 1.000000 1.000000 0.990668 0.989520 0.988102 0.989771 0.987906 0.985390 0.985690 0.984700 0.985411 0.984746 1.000000 1.000000 1.000000 1.000000 1.000000 0.996291 0.995778 0.995319 0.995169 0.994386 0.988431 0.988474 0.986365 0.988026 0.988270 1.000000 1.000000 1.000000 1.000000 1.000000 0.985450 0.988855 0.986116 0.990686 0.989265 0.983031 0.984032 0.978329 0.983639 0.983467 1.000000 1.000000 1.000000 1.000000 1.000000 0.993776 0.990754 0.983992 0.991768 0.980115 0.984574 0.982404 0.985572 0.985537 0.989711 1.000000 1.000000 1.000000 1.000000 1.000000 0.987587 0.988020 0.990136 0.987793 0.988078 0.985396 0.986133 0.983830 0.987346 0.979486 1.000000 1.000000 1.000000 1.000000 1.000000 0.992231 0.990270 0.991880 0.991361 0.992702 0.986377 0.985976 0.987006 0.983304 0.984556 1.000000 1.000000 1.000000 1.000000 1.000000 0.989396 0.988743 0.990835 0.988615 0.988592 0.986612 0.987598 0.987802 0.987434 0.988719 1.000000 1.000000 1.000000 1.000000 1.000000 0.990349 0.990405 0.990362 0.988688 0.987018 0.985995 0.982509 0.984882 0.981268 0.984378 1.000000 1.000000 1.000000 1.000000 1.000000 0.992311 0.991094 0.991069 0.991576 0.990858 0.987900 0.987351 0.986137 0.986201 0.985586 
1.000000 1.000000 1.000000 1.000000 1.000000 1.033621 1.035150 1.033750 1.033898 1.035823 1.042365 1.039895 1.043841 1.037044 1.033623 1.000000 1.000000 1.000000 1.000000 1.000000 1.012678 1.014809 1.017548 1.014772 1.015196 1.038368 1.036275 1.039143 1.033861 1.023801 1.000000 1.000000 1.000000 1.000000 1.000000 1.033876 1.033197 1.028630 1.042737 1.034377 1.043018 1.043503 1.046780 1.036359 1.038191 1.000000 1.000000 1.000000 1.000000 1.000000 1.027714 1.034237 1.022814 1.035893 1.037590 1.046558 1.046305 1.022007 1.026507 1.046009 1.000000 1.000000 1.000000 1.000000 1.000000 1.033592 1.028345 1.025194 1.026362 1.035166 1.038844 1.037598 1.044158 1.034543 1.042829 1.000000 1.000000 1.000000 1.000000 1.000000 1.025376 1.028570 1.027452 1.027546 1.017066 1.041664 1.041227 1.034293 1.052337 1.026063 1.000000 1.000000 1.000000 1.000000 1.000000 1.047790 1.047355 1.041177 1.051524 1.050151 1.055721 1.053673 1.053124 1.052912 1.048470 1.000000 1.000000 1.000000 1.000000 1.000000 1.026763 1.025342 1.025947 1.026211 1.022362 1.053317 1.064019 1.050687 1.056498 1.054975 1.000000 1.000000 1.000000 1.000000 1.000000 1.026550 1.027777 1.027069 1.025855 1.023468 1.034605 1.034620 1.035510 1.034806 1.031585 
1.000000 1.000000 1.000000 1.000000 1.000000 1.033625 1.036411 1.036748 1.035071 1.038319 1.046289 1.044371 1.048205 1.043166 1.041970 1.000000 1.000000 1.000000 1.000000 1.000000 1.012972 1.014939 1.017430 1.015612 1.017061 1.039633 1.038588 1.042968 1.037206 1.030935 1.000000 1.000000 1.000000 1.000000 1.000000 1.041154 1.035664 1.036273 1.039764 1.035994 1.049929 1.048892 1.058662 1.044357 1.045142 1.000000 1.000000 1.000000 1.000000 1.000000 1.026016 1.034040 1.034472 1.034006 1.048803 1.049803 1.053055 1.033197 1.036252 1.042426 1.000000 1.000000 1.000000 1.000000 1.000000 1.037938 1.033549 1.029002 1.032823 1.038650 1.044156 1.042263 1.049986 1.038953 1.054719 1.000000 1.000000 1.000000 1.000000 1.000000 1.026616 1.030932 1.028060 1.029054 1.020153 1.044639 1.044844 1.038724 1.056099 1.037782 1.000000 1.000000 1.000000 1.000000 1.000000 1.044080 1.044700 1.037976 1.047600 1.046706 1.052819 1.050344 1.049764 1.049966 1.045470 1.000000 1.000000 1.000000 1.000000 1.000000 1.029763 1.028712 1.029205 1.031535 1.031411 1.052297 1.064696 1.052546 1.061167 1.055430 1.000000 1.000000 1.000000 1.000000 1.000000 1.027061 1.029467 1.028914 1.027482 1.026823 1.038153 1.038789 1.040978 1.040541 1.039227 
1.000000 1.000000 1.000000 1.000000 1.000000 0.990624 0.990669 0.993927 0.992017 0.992409 0.992230 0.993366 0.992115 0.995128 0.998213 1.000000 1.000000 1.000000 1.000000 1.000000 0.996442 0.995927 0.994598 0.996928 0.997441 0.990875 0.991706 0.992984 0.994025 0.999799 1.000000 1.000000 1.000000 1.000000 1.000000 0.997056 0.993226 0.999701 0.985894 0.991029 0.994657 0.993591 0.998158 0.997740 0.998127 1.000000 1.000000 1.000000 1.000000 1.000000 0.989612 0.990692 1.006414 0.985258 1.001579 0.990510 0.993102 1.004319 1.001015 0.982473 1.000000 1.000000 1.000000 1.000000 1.000000 0.995186 0.997551 0.996439 0.998860 0.991386 0.994097 0.994280 0.992547 0.994605 1.000097 1.000000 1.000000 1.000000 1.000000 1.000000 0.993573 0.993873 0.992316 0.993479 0.998059 0.991595 0.991743 0.994760 0.988706 1.003425 1.000000 1.000000 1.000000 1.000000 1.000000 0.982560 0.984519 0.984714 0.981660 0.982447 0.981791 0.981045 0.981451 0.982008 0.982824 1.000000 1.000000 1.000000 1.000000 1.000000 0.995313 0.996332 0.995990 0.997805 1.002328 0.985169 0.982337 0.987618 0.988488 0.985437 1.000000 1.000000 1.000000 1.000000 1.000000 0.993183 0.993978 0.994446 0.994707 0.996734 0.993739 0.994342 0.995431 0.995735 0.998370 
1.000000 1.000000 1.000000 1.000000 1.000000 1.017718 1.019307 1.019729 1.018815 1.020388 1.024729 1.023838 1.025687 1.023265 1.022987 1.000000 1.000000 1.000000 1.000000 1.000000 1.006547 1.007911 1.008694 1.008444 1.009190 1.021004 1.020432 1.023078 1.019788 1.017194 1.000000 1.000000 1.000000 1.000000 1.000000 1.022472 1.018352 1.019172 1.020688 1.018185 1.026660 1.026214 1.031628 1.023740 1.024341 1.000000 1.000000 1.000000 1.000000 1.000000 1.013209 1.017557 1.018802 1.016640 1.026951 1.026282 1.027955 1.018880 1.019810 1.024268 1.000000 1.000000 1.000000 1.000000 1.000000 1.020413 1.018045 1.015317 1.017281 1.019962 1.023423 1.022644 1.026406 1.020565 1.029875 1.000000 1.000000 1.000000 1.000000 1.000000 1.013762 1.016125 1.014683 1.015270 1.010694 1.023792 1.023756 1.020497 1.029360 1.021162 1.000000 1.000000 1.000000 1.000000 1.000000 1.024910 1.024935 1.021564 1.026465 1.026027 1.029242 1.027508 1.027241 1.027688 1.025213 1.000000 1.000000 1.000000 1.000000 1.000000 1.015603 1.015206 1.015466 1.016560 1.016918 1.028550 1.035261 1.028594 1.033539 1.030249 1.000000 1.000000 1.000000 1.000000 1.000000 1.014394 1.015487 1.015250 1.014562 1.014004 1.020198 1.020461 1.021874 1.021590 1.021070 
1.000000 1.000000 1.000000 1.000000 1.000000 1.004384 1.005073 1.006572 1.004805 1.006444 1.007491 1.007424 1.007852 1.007687 1.008101 1.000000 1.000000 1.000000 1.000000 1.000000 1.001709 1.002124 1.001885 1.002591 1.003084 1.005617 1.005555 1.006862 1.006267 1.006502 1.000000 1.000000 1.000000 1.000000 1.000000 1.007787 1.005422 1.007823 1.002894 1.005264 1.008905 1.008282 1.011863 1.009043 1.008713 1.000000 1.000000 1.000000 1.000000 1.000000 1.002513 1.003609 1.010674 1.003741 1.013155 1.007676 1.008632 1.009027 1.008638 1.006508 1.000000 1.000000 1.000000 1.000000 1.000000 1.006009 1.006726 1.005273 1.006651 1.005927 1.007867 1.007145 1.008023 1.006117 1.010995 1.000000 1.000000 1.000000 1.000000 1.000000 1.003473 1.005061 1.004248 1.004115 1.004506 1.006800 1.007207 1.006971 1.007546 1.008507 1.000000 1.000000 1.000000 1.000000 1.000000 1.005945 1.005748 1.005398 1.005734 1.005947 1.006797 1.006329 1.006193 1.006722 1.006205 1.000000 1.000000 1.000000 1.000000 1.000000 1.004819 1.004923 1.004877 1.006029 1.007391 1.006893 1.008358 1.008051 1.010431 1.008530 1.000000 1.000000 1.000000 1.000000 1.000000 1.003558 1.004186 1.004437 1.004087 1.004884 1.006018 1.006419 1.007225 1.007119 1.007716 
1.000000 1.000000 1.000000 1.000000 1.000000 0.995902 0.995122 0.992775 0.994682 0.993294 0.991289 0.991135 0.990730 0.990341 0.988855 1.000000 1.000000 1.000000 1.000000 1.000000 0.998268 0.998134 0.998072 0.997290 0.996534 0.994057 0.993849 0.991799 0.992678 0.991102 1.000000 1.000000 1.000000 1.000000 1.000000 0.989683 0.993336 0.988971 0.997268 0.994568 0.988545 0.989624 0.983891 0.988162 0.987720 1.000000 1.000000 1.000000 1.000000 1.000000 0.998760 0.995639 0.985031 0.998879 0.984009 0.991365 0.988695 0.987429 0.988496 0.999200 1.000000 1.000000 1.000000 1.000000 1.000000 0.991754 0.991365 0.993433 0.990617 0.993765 0.990541 0.991143 0.989910 0.991734 0.983929 1.000000 1.000000 1.000000 1.000000 1.000000 0.996042 0.994459 0.996397 0.995442 0.995008 0.992159 0.991920 0.991727 0.990597 0.986756 1.000000 1.000000 1.000000 1.000000 1.000000 0.998610 0.997041 0.998992 0.998071 0.997809 0.996364 0.997473 0.997469 0.997091 0.997872 1.000000 1.000000 1.000000 1.000000 1.000000 0.993938 0.993632 0.993715 0.991713 0.988924 0.994345 0.992907 0.992741 0.989686 0.993169 1.000000 1.000000 1.000000 1.000000 1.000000 0.996294 0.994963 0.994810 0.995101 0.993836 0.992620 0.991966 0.990668 0.990605 0.989306 
1.000000 1.000000 1.000000 1.000000 1.000000 0.993859 0.994067 0.996076 0.994330 0.995388 0.994803 0.995484 0.994751 0.996759 0.998571 1.000000 1.000000 1.000000 1.000000 1.000000 0.997941 0.997411 0.996746 0.997913 0.998397 0.993873 0.994562 0.995155 0.996139 0.999670 1.000000 1.000000 1.000000 1.000000 1.000000 0.997823 0.995811 1.000028 0.989905 0.995059 0.996484 0.995453 0.998980 0.998905 0.998377 1.000000 1.000000 1.000000 1.000000 1.000000 0.993741 0.993543 1.004595 0.992311 1.001572 0.993977 0.995703 1.002705 1.001080 0.988939 1.000000 1.000000 1.000000 1.000000 1.000000 0.996237 0.998379 0.997891 0.999460 0.995371 0.996336 0.996098 0.995251 0.996235 0.999428 1.000000 1.000000 1.000000 1.000000 1.000000 0.995959 0.996440 0.995509 0.995792 0.999260 0.994209 0.994792 0.996941 0.992336 1.001573 1.000000 1.000000 1.000000 1.000000 1.000000 0.988443 0.989249 0.990065 0.987570 0.988188 0.987544 0.987704 0.987816 0.988116 0.988920 1.000000 1.000000 1.000000 1.000000 1.000000 0.997039 0.997570 0.997322 0.998756 1.001639 0.989448 0.987761 0.991598 0.992180 0.990274 1.000000 1.000000 1.000000 1.000000 1.000000 0.995331 0.995936 0.996316 0.996333 0.998128 0.995845 0.996371 0.996942 0.997163 0.998981 
1.000000 1.000000 1.000000 1.000000 1.000000 0.989810 0.988117 0.985545 0.988043 0.985609 0.981833 0.981898 0.980808 0.980753 0.978686 1.000000 1.000000 1.000000 1.000000 1.000000 0.995674 0.995450 0.994642 0.994365 0.992995 0.986567 0.986116 0.982888 0.985002 0.983431 1.000000 1.000000 1.000000 1.000000 1.000000 0.980172 0.985896 0.980134 0.990585 0.987196 0.977421 0.979380 0.969574 0.977506 0.977083 1.000000 1.000000 1.000000 1.000000 1.000000 0.994264 0.989171 0.976025 0.992699 0.972998 0.981103 0.976498 0.978636 0.979253 0.994010 1.000000 1.000000 1.000000 1.000000 1.000000 0.983537 0.983952 0.987023 0.982646 0.985316 0.981186 0.982106 0.978912 0.983185 0.970481 1.000000 1.000000 1.000000 1.000000 1.000000 0.990572 0.988079 0.991168 0.989624 0.990641 0.983369 0.982742 0.983303 0.979017 0.976520 1.000000 1.000000 1.000000 1.000000 1.000000 0.992877 0.990580 0.994168 0.991488 0.991294 0.988539 0.990036 0.990194 0.989870 0.991448 1.000000 1.000000 1.000000 1.000000 1.000000 0.987496 0.987364 0.987378 0.984279 0.980457 0.985916 0.981587 0.983546 0.978363 0.983998 1.000000 1.000000 1.000000 1.000000 1.000000 0.991241 0.989010 0.989017 0.989632 0.987920 0.984585 0.983583 0.981598 0.981457 0.979735 
1.000000 1.000000 1.000000 1.000000 1.000000 1.010505 1.011486 1.009805 1.009971 1.011012 1.012442 1.011620 1.012913 1.011024 1.009536 1.000000 1.000000 1.000000 1.000000 1.000000 1.004215 1.004719 1.005826 1.004300 1.004628 1.011489 1.011311 1.011439 1.009918 1.006665 1.000000 1.000000 1.000000 1.000000 1.000000 1.009827 1.009872 1.007518 1.012823 1.011485 1.012376 1.012215 1.013049 1.010118 1.009118 1.000000 1.000000 1.000000 1.000000 1.000000 1.009900 1.010085 1.004313 1.014524 1.009467 1.013994 1.013781 1.005546 1.007850 1.016698 1.000000 1.000000 1.000000 1.000000 1.000000 1.009241 1.007706 1.007505 1.007244 1.012515 1.011506 1.010801 1.013381 1.009940 1.010742 1.000000 1.000000 1.000000 1.000000 1.000000 1.008155 1.009054 1.009212 1.008608 1.005231 1.012204 1.012643 1.010102 1.015854 1.006613 1.000000 1.000000 1.000000 1.000000 1.000000 1.016359 1.015060 1.014429 1.017060 1.016654 1.017889 1.018273 1.017856 1.017675 1.016697 1.000000 1.000000 1.000000 1.000000 1.000000 1.007968 1.007224 1.007468 1.007375 1.005719 1.015888 1.020205 1.015569 1.017141 1.017000 1.000000 1.000000 1.000000 1.000000 1.000000 1.008058 1.008237 1.007955 1.007439 1.006832 1.010256 1.010185 1.010161 1.010004 1.008832 
1.000000 1.000000 1.000000 1.000000 1.000000 1.006918 1.006662 1.002747 1.005259 1.004223 1.003778 1.002711 1.003690 1.000918 0.997554 1.000000 1.000000 1.000000 1.000000 1.000000 1.002538 1.002978 1.004124 1.001752 1.001047 1.006029 1.005267 1.003314 1.002634 0.996916 1.000000 1.000000 1.000000 1.000000 1.000000 0.998992 1.003562 0.996137 1.011760 1.005985 1.000586 1.001965 0.995535 0.997418 0.996816 1.000000 1.000000 1.000000 1.000000 1.000000 1.008883 1.006751 0.988505 1.012795 0.992498 1.005302 1.001838 0.991621 0.994978 1.015575 1.000000 1.000000 1.000000 1.000000 1.000000 1.001362 0.998984 1.000769 0.997538 1.005512 1.001805 1.001875 1.002890 1.001858 0.993841 1.000000 1.000000 1.000000 1.000000 1.000000 1.004342 1.003432 1.005550 1.004217 0.999837 1.004739 1.004461 1.001437 1.006864 0.992306 1.000000 1.000000 1.000000 1.000000 1.000000 1.015283 1.012922 1.013471 1.015897 1.015079 1.015127 1.016197 1.015869 1.015214 1.014756 1.000000 1.000000 1.000000 1.000000 1.000000 1.001961 1.000930 1.001280 0.998882 0.993818 1.011346 1.013438 1.008564 1.006566 1.010580 1.000000 1.000000 1.000000 1.000000 1.000000 1.004790 1.003568 1.003072 1.002950 1.000609 1.002941 1.002106 1.000665 1.000373 0.997467 
1.000000 1.000000 1.000000 1.000000 1.000000 0.962859 0.962287 0.967340 0.963918 0.964172 0.959336 0.962452 0.957971 0.966955 0.973297 1.000000 1.000000 1.000000 1.000000 1.000000 0.986188 0.983953 0.980042 0.985036 0.985743 0.960038 0.962787 0.962245 0.967673 0.982462 1.000000 1.000000 1.000000 1.000000 1.000000 0.971231 0.966530 0.978617 0.948639 0.963756 0.961909 0.959975 0.964794 0.970954 0.969261 1.000000 1.000000 1.000000 1.000000 1.000000 0.966486 0.961506 0.992282 0.956630 0.975737 0.954772 0.957729 0.990145 0.983162 0.945311 1.000000 1.000000 1.000000 1.000000 1.000000 0.967983 0.975896 0.976994 0.979159 0.964109 0.964511 0.965283 0.958155 0.967109 0.968850 1.000000 1.000000 1.000000 1.000000 1.000000 0.972862 0.971400 0.970446 0.971252 0.985701 0.958660 0.959743 0.968684 0.947097 0.985006 1.000000 1.000000 1.000000 1.000000 1.000000 0.942951 0.944723 0.950928 0.938315 0.940525 0.935126 0.936541 0.937603 0.938407 0.943108 1.000000 1.000000 1.000000 1.000000 1.000000 0.974081 0.976351 0.975407 0.977860 0.986749 0.941335 0.931100 0.947359 0.944855 0.941577 1.000000 1.000000 1.000000 1.000000 1.000000 0.971193 0.971327 0.972646 0.973612 0.978653 0.966612 0.967440 0.968113 0.969018 0.974919 
1.000000 1.000000 1.000000 1.000000 1.000000 0.997979 0.998566 0.999884 0.998692 0.999358 0.999746 1.000215 0.999827 1.001202 1.002656 1.000000 1.000000 1.000000 1.000000 1.000000 0.999208 0.999238 0.998529 0.999722 1.000206 0.998469 0.999020 0.999872 0.999872 1.002674 1.000000 1.000000 1.000000 1.000000 1.000000 1.002067 0.999002 1.002320 0.995496 0.998330 1.001181 1.000478 1.003737 1.002191 1.001715 1.000000 1.000000 1.000000 1.000000 1.000000 0.997112 0.997443 1.005471 0.996155 1.004862 0.999049 1.000547 1.005337 1.003913 0.996963 1.000000 1.000000 1.000000 1.000000 1.000000 1.000304 1.001283 1.000483 1.001731 0.999338 1.000571 1.000393 1.000215 1.000084 1.004038 1.000000 1.000000 1.000000 1.000000 1.000000 0.998847 0.999438 0.998690 0.999050 1.000790 0.999235 0.999524 1.000362 0.998524 1.004963 1.000000 1.000000 1.000000 1.000000 1.000000 0.996489 0.996738 0.997095 0.995851 0.996234 0.996140 0.995815 0.995885 0.996357 0.996552 1.000000 1.000000 1.000000 1.000000 1.000000 0.999845 1.000236 1.000122 1.001122 1.003497 0.997003 0.997174 0.998571 0.999971 0.997841 1.000000 1.000000 1.000000 1.000000 1.000000 0.998699 0.999113 0.999336 0.999306 1.000290 0.999782 1.000073 1.000833 1.000943 1.002205 
1.000000 1.000000 1.000000 1.000000 1.000000 0.948344 0.945155 0.946694 0.947790 0.943414 0.934889 0.938164 0.932191 0.941057 0.945465 1.000000 1.000000 1.000000 1.000000 1.000000 0.980057 0.977192 0.972759 0.976964 0.975787 0.941691 0.943870 0.939374 0.947215 0.960581 1.000000 1.000000 1.000000 1.000000 1.000000 0.944662 0.947624 0.952230 0.937328 0.945314 0.932003 0.932821 0.925245 0.940911 0.940285 1.000000 1.000000 1.000000 1.000000 1.000000 0.957427 0.947946 0.959324 0.943172 0.936449 0.929351 0.927636 0.960949 0.954498 0.929724 1.000000 1.000000 1.000000 1.000000 1.000000 0.946911 0.954010 0.959172 0.956221 0.942782 0.938942 0.941547 0.930614 0.945474 0.931930 1.000000 1.000000 1.000000 1.000000 1.000000 0.960117 0.954399 0.956783 0.957007 0.971706 0.936374 0.935996 0.946052 0.920213 0.955062 1.000000 1.000000 1.000000 1.000000 1.000000 0.927826 0.928755 0.937534 0.922675 0.924393 0.915865 0.918505 0.920162 0.919966 0.926397 1.000000 1.000000 1.000000 1.000000 1.000000 0.957312 0.959528 0.958626 0.957021 0.961212 0.921059 0.905322 0.923467 0.914096 0.917281 1.000000 1.000000 1.000000 1.000000 1.000000 0.959187 0.956755 0.957756 0.959790 0.962208 0.946147 0.945624 0.943757 0.944674 0.948408 
1.000000 1.000000 1.000000 1.000000 1.000000 1.019692 1.021423 1.022249 1.020906 1.022944 1.027908 1.026917 1.029133 1.026503 1.026314 1.000000 1.000000 1.000000 1.000000 1.000000 1.007628 1.008732 1.010166 1.009362 1.010354 1.023493 1.022995 1.025995 1.022527 1.019584 1.000000 1.000000 1.000000 1.000000 1.000000 1.025656 1.021569 1.023125 1.022862 1.021304 1.030733 1.029853 1.036761 1.027746 1.028376 1.000000 1.000000 1.000000 1.000000 1.000000 1.014646 1.020130 1.023111 1.018831 1.031184 1.029753 1.032401 1.021822 1.023147 1.023243 1.000000 1.000000 1.000000 1.000000 1.000000 1.023386 1.020932 1.017836 1.020774 1.022996 1.026918 1.025771 1.030387 1.023891 1.034730 1.000000 1.000000 1.000000 1.000000 1.000000 1.015825 1.018572 1.016394 1.017314 1.012413 1.026792 1.026913 1.023581 1.033608 1.024717 1.000000 1.000000 1.000000 1.000000 1.000000 1.024470 1.025402 1.020973 1.026660 1.026220 1.030048 1.028288 1.027958 1.028165 1.025430 1.000000 1.000000 1.000000 1.000000 1.000000 1.018149 1.017661 1.017918 1.019751 1.020486 1.030351 1.037493 1.030866 1.036381 1.032253 1.000000 1.000000 1.000000 1.000000 1.000000 1.016000 1.017716 1.017420 1.016579 1.016511 1.023111 1.023638 1.025225 1.025015 1.024662 
1.000000 1.000000 1.000000 1.000000 1.000000 0.946426 0.942695 0.944076 0.945401 0.940980 0.931744 0.934939 0.928927 0.937557 0.941652 1.000000 1.000000 1.000000 1.000000 1.000000 0.979595 0.976244 0.972303 0.975808 0.974440 0.939292 0.941325 0.936296 0.944808 0.957391 1.000000 1.000000 1.000000 1.000000 1.000000 0.940864 0.946049 0.949775 0.935721 0.943938 0.928455 0.929316 0.920738 0.937964 0.937639 1.000000 1.000000 1.000000 1.000000 1.000000 0.956422 0.946617 0.956279 0.942242 0.931767 0.926514 0.924492 0.956674 0.950828 0.924719 1.000000 1.000000 1.000000 1.000000 1.000000 0.944110 0.951469 0.957235 0.954045 0.940417 0.935900 0.938567 0.927405 0.942987 0.927418 1.000000 1.000000 1.000000 1.000000 1.000000 0.958754 0.952628 0.955125 0.955258 0.970247 0.933351 0.933068 0.943712 0.916921 0.950616 1.000000 1.000000 1.000000 1.000000 1.000000 0.923211 0.924646 0.933361 0.918348 0.920032 0.911230 0.914357 0.916046 0.915413 0.922157 1.000000 1.000000 1.000000 1.000000 1.000000 0.955566 0.957689 0.956744 0.955045 0.958536 0.917079 0.900165 0.919244 0.908660 0.912832 1.000000 1.000000 1.000000 1.000000 1.000000 0.957477 0.955071 0.956045 0.958125 0.960689 0.943682 0.943218 0.940872 0.941841 0.945423 
1.000000 1.000000 1.000000 1.000000 1.000000 0.997046 0.997069 0.997400 0.997070 0.997272 0.996825 0.997072 0.996745 0.997525 0.998097 1.000000 1.000000 1.000000 1.000000 1.000000 0.999018 0.998716 0.998576 0.998770 0.998896 0.996805 0.997126 0.997051 0.997519 0.998762 1.000000 1.000000 1.000000 1.000000 1.000000 0.997854 0.997571 0.998608 0.995804 0.997474 0.997197 0.996859 0.997643 0.998091 0.997788 1.000000 1.000000 1.000000 1.000000 1.000000 0.997469 0.997018 0.999618 0.997017 0.998125 0.996569 0.997086 0.999345 0.998949 0.995010 1.000000 1.000000 1.000000 1.000000 1.000000 0.997517 0.998185 0.998347 0.998643 0.997565 0.997334 0.997342 0.996992 0.997566 0.997804 1.000000 1.000000 1.000000 1.000000 1.000000 0.998014 0.997910 0.997744 0.997809 0.998985 0.996695 0.996929 0.997748 0.995972 0.999024 1.000000 1.000000 1.000000 1.000000 1.000000 0.994842 0.995069 0.995547 0.994530 0.994722 0.994297 0.994567 0.994601 0.994590 0.995018 1.000000 1.000000 1.000000 1.000000 1.000000 0.998117 0.998253 0.998175 0.998508 0.999293 0.994881 0.994179 0.995552 0.995351 0.994981 1.000000 1.000000 1.000000 1.000000 1.000000 0.997689 0.997802 0.997886 0.997930 0.998490 0.997471 0.997601 0.997637 0.997751 0.998318 
1.000000 1.000000 1.000000 1.000000 1.000000 0.984878 0.984178 0.983903 0.984027 0.983258 0.979726 0.980627 0.978863 0.981451 0.981995 1.000000 1.000000 1.000000 1.000000 1.000000 0.994174 0.993482 0.991935 0.993109 0.992728 0.982292 0.983033 0.981014 0.983617 0.986987 1.000000 1.000000 1.000000 1.000000 1.000000 0.982294 0.983626 0.983908 0.980718 0.984100 0.978154 0.978467 0.975010 0.980634 0.979075 1.000000 1.000000 1.000000 1.000000 1.000000 0.988515 0.983628 0.985434 0.986040 0.980011 0.978071 0.976564 0.986780 0.985411 0.984213 1.000000 1.000000 1.000000 1.000000 1.000000 0.982604 0.985233 0.987279 0.985416 0.983729 0.980994 0.981401 0.978102 0.982318 0.976054 1.000000 1.000000 1.000000 1.000000 1.000000 0.987974 0.986474 0.988020 0.987048 0.991700 0.980253 0.980534 0.983123 0.974819 0.983937 1.000000 1.000000 1.000000 1.000000 1.000000 0.982332 0.980888 0.985208 0.979944 0.980515 0.977403 0.978965 0.979184 0.979349 0.981617 1.000000 1.000000 1.000000 1.000000 1.000000 0.986602 0.987059 0.986823 0.985913 0.986382 0.977003 0.972541 0.977835 0.974798 0.976680 1.000000 1.000000 1.000000 1.000000 1.000000 0.987732 0.986530 0.986930 0.987414 0.988066 0.983080 0.982790 0.981934 0.982107 0.982856 
1.000000 1.000000 1.000000 1.000000 1.000000 1.001201 1.000478 0.997797 1.000213 0.998492 0.997725 0.997195 0.997430 0.995903 0.993871 1.000000 1.000000 1.000000 1.000000 1.000000 1.000227 1.000363 1.000925 0.999537 0.998747 1.000070 0.999495 0.997852 0.997793 0.994512 1.000000 1.000000 1.000000 1.000000 1.000000 0.994853 0.998645 0.993287 1.004873 0.999711 0.995061 0.996374 0.990500 0.993257 0.993556 1.000000 1.000000 1.000000 1.000000 1.000000 1.003011 1.001598 0.987824 1.003732 0.988620 0.998297 0.995675 0.990232 0.991957 1.004865 1.000000 1.000000 1.000000 1.000000 1.000000 0.997374 0.995628 0.997228 0.994657 0.998830 0.996307 0.996884 0.996650 0.997384 0.990425 1.000000 1.000000 1.000000 1.000000 1.000000 1.000117 0.998710 1.000337 0.999779 0.997188 0.998699 0.998093 0.996642 0.999122 0.990826 1.000000 1.000000 1.000000 1.000000 1.000000 1.005175 1.004134 1.004418 1.005658 1.005073 1.004692 1.005207 1.005172 1.004617 1.004549 1.000000 1.000000 1.000000 1.000000 1.000000 0.998150 0.997626 0.997834 0.995756 0.992205 1.002655 1.002599 1.000224 0.997746 1.001119 1.000000 1.000000 1.000000 1.000000 1.000000 1.000581 0.999486 0.999103 0.999301 0.997390 0.998023 0.997306 0.996119 0.995973 0.994008 
1.000000 1.000000 1.000000 1.000000 1.000000 0.995023 0.994688 0.994809 0.994679 0.994559 0.993157 0.993434 0.992788 0.993497 0.993540 1.000000 1.000000 1.000000 1.000000 1.000000 0.997917 0.997912 0.997048 0.997825 0.997579 0.994118 0.994150 0.993549 0.994467 0.995400 1.000000 1.000000 1.000000 1.000000 1.000000 0.993713 0.994159 0.994114 0.993372 0.994328 0.992310 0.992606 0.991067 0.993255 0.992850 1.000000 1.000000 1.000000 1.000000 1.000000 0.996112 0.994190 0.995043 0.995154 0.993826 0.992591 0.991537 0.995368 0.994714 0.996760 1.000000 1.000000 1.000000 1.000000 1.000000 0.993821 0.994950 0.995511 0.994591 0.994064 0.993428 0.993609 0.992167 0.993579 0.991366 1.000000 1.000000 1.000000 1.000000 1.000000 0.995666 0.995330 0.996112 0.995505 0.997292 0.993315 0.993369 0.994272 0.990912 0.993848 1.000000 1.000000 1.000000 1.000000 1.000000 0.995774 0.994817 0.996651 0.994664 0.994878 0.993738 0.994152 0.994226 0.994498 0.995247 1.000000 1.000000 1.000000 1.000000 1.000000 0.995224 0.995435 0.995342 0.994834 0.994818 0.993097 0.991382 0.993171 0.992190 0.993170 1.000000 1.000000 1.000000 1.000000 1.000000 0.995905 0.995290 0.995526 0.995694 0.995771 0.994073 0.993930 0.993644 0.993607 0.993783 
1.000000 1.000000 1.000000 1.000000 1.000000 1.013071 1.013580 1.011064 1.012879 1.012262 1.014629 1.013537 1.015100 1.012196 1.010203 1.000000 1.000000 1.000000 1.000000 1.000000 1.004873 1.005611 1.007153 1.005118 1.005025 1.014237 1.013568 1.013679 1.011386 1.006653 1.000000 1.000000 1.000000 1.000000 1.000000 1.010715 1.011685 1.007296 1.018798 1.012658 1.013808 1.014473 1.013041 1.010021 1.010564 1.000000 1.000000 1.000000 1.000000 1.000000 1.011964 1.013835 1.001362 1.015331 1.006895 1.016338 1.015588 1.003682 1.006280 1.018506 1.000000 1.000000 1.000000 1.000000 1.000000 1.011709 1.008222 1.008078 1.007339 1.013155 1.012609 1.012558 1.015291 1.012050 1.011711 1.000000 1.000000 1.000000 1.000000 1.000000 1.009862 1.009964 1.010209 1.010356 1.004571 1.014929 1.014444 1.010838 1.019828 1.006422 1.000000 1.000000 1.000000 1.000000 1.000000 1.019631 1.019216 1.016776 1.021515 1.020644 1.022569 1.022102 1.021858 1.021351 1.019650 1.000000 1.000000 1.000000 1.000000 1.000000 1.009217 1.008357 1.008744 1.007800 1.004845 1.020726 1.025413 1.018655 1.019572 1.020232 1.000000 1.000000 1.000000 1.000000 1.000000 1.010280 1.010263 1.009623 1.009318 1.007364 1.012127 1.011704 1.011501 1.011285 1.009168 
1.000000 1.000000 1.000000 1.000000 1.000000 1.033752 1.034072 1.025908 1.030817 1.030058 1.033348 1.029714 1.033968 1.024406 1.015990 1.000000 1.000000 1.000000 1.000000 1.000000 1.012526 1.014729 1.018520 1.012399 1.011269 1.035151 1.032218 1.030490 1.025871 1.008643 1.000000 1.000000 1.000000 1.000000 1.000000 1.018676 1.027079 1.010116 1.048830 1.032215 1.027556 1.030504 1.020338 1.017638 1.018332 1.000000 1.000000 1.000000 1.000000 1.000000 1.033695 1.033907 0.992149 1.045767 1.008712 1.039295 1.031999 0.997348 1.006453 1.057522 1.000000 1.000000 1.000000 1.000000 1.000000 1.023187 1.015411 1.016788 1.011359 1.031566 1.027051 1.026804 1.032295 1.024659 1.014635 1.000000 1.000000 1.000000 1.000000 1.000000 1.023687 1.023889 1.027218 1.024845 1.010029 1.034647 1.033799 1.023830 1.045211 1.001147 1.000000 1.000000 1.000000 1.000000 1.000000 1.058221 1.053628 1.050682 1.061775 1.059348 1.062915 1.063541 1.062723 1.061299 1.057621 1.000000 1.000000 1.000000 1.000000 1.000000 1.020074 1.017295 1.018312 1.013860 1.001843 1.054489 1.064867 1.047202 1.046638 1.053716 1.000000 1.000000 1.000000 1.000000 1.000000 1.025392 1.023804 1.022448 1.021495 1.015496 1.026849 1.025260 1.023058 1.022044 1.014572 
1.000000 1.000000 1.000000 1.000000 1.000000 1.005477 1.006263 1.006739 1.005858 1.006878 1.008173 1.007988 1.008501 1.008065 1.008196 1.000000 1.000000 1.000000 1.000000 1.000000 1.002007 1.002554 1.002472 1.002819 1.003219 1.006613 1.006575 1.007597 1.006592 1.006387 1.000000 1.000000 1.000000 1.000000 1.000000 1.007976 1.005731 1.006841 1.005288 1.005799 1.009077 1.008719 1.011343 1.008430 1.008109 1.000000 1.000000 1.000000 1.000000 1.000000 1.003883 1.004835 1.007792 1.005288 1.010859 1.008513 1.009193 1.007818 1.007816 1.009006 1.000000 1.000000 1.000000 1.000000 1.000000 1.006560 1.006350 1.005256 1.006051 1.006782 1.008025 1.007563 1.008719 1.006596 1.010496 1.000000 1.000000 1.000000 1.000000 1.000000 1.004235 1.005375 1.004896 1.004847 1.004054 1.007678 1.007899 1.006995 1.009062 1.007998 1.000000 1.000000 1.000000 1.000000 1.000000 1.008610 1.008139 1.007671 1.008625 1.008635 1.009526 1.009056 1.008916 1.009319 1.008646 1.000000 1.000000 1.000000 1.000000 1.000000 1.005079 1.005027 1.005077 1.005675 1.006352 1.009005 1.011353 1.009581 1.011709 1.010188 1.000000 1.000000 1.000000 1.000000 1.000000 1.004445 1.004811 1.004869 1.004574 1.004727 1.006581 1.006744 1.007392 1.007285 1.007426 
1.000000 1.000000 1.000000 1.000000 1.000000 1.001100 1.001827 1.003659 1.002031 1.003299 1.004546 1.004834 1.004915 1.005841 1.007461 1.000000 1.000000 1.000000 1.000000 1.000000 1.000696 1.000545 1.000567 1.001186 1.001912 1.002344 1.002836 1.004322 1.003919 1.006144 1.000000 1.000000 1.000000 1.000000 1.000000 1.006562 1.003446 1.007492 0.999183 1.002551 1.006980 1.005797 1.011026 1.007984 1.007911 1.000000 1.000000 1.000000 1.000000 1.000000 0.999333 1.001283 1.010974 0.999146 1.010699 1.004399 1.006988 1.009267 1.008273 0.997114 1.000000 1.000000 1.000000 1.000000 1.000000 1.004629 1.005318 1.003939 1.006307 1.003420 1.005459 1.005029 1.005896 1.004732 1.010994 1.000000 1.000000 1.000000 1.000000 1.000000 1.001771 1.002864 1.001257 1.002047 1.003115 1.003728 1.004167 1.004889 1.004597 1.009693 1.000000 1.000000 1.000000 1.000000 1.000000 0.997417 0.998733 0.997634 0.997614 0.997946 0.998728 0.998176 0.998180 0.998421 0.998157 1.000000 1.000000 1.000000 1.000000 1.000000 1.003403 1.003696 1.003586 1.005375 1.008118 1.000642 1.001557 1.002519 1.004683 1.001644 1.000000 1.000000 1.000000 1.000000 1.000000 1.001247 1.002364 1.002507 1.002301 1.003698 1.003987 1.004585 1.005602 1.005765 1.007213 
1.000000 1.000000 1.000000 1.000000 1.000000 1.075984 1.080555 1.075869 1.076619 1.080714 1.097158 1.091553 1.100492 1.085662 1.078202 1.000000 1.000000 1.000000 1.000000 1.000000 1.028698 1.033632 1.039686 1.033209 1.034770 1.087354 1.083367 1.089585 1.077027 1.055376 1.000000 1.000000 1.000000 1.000000 1.000000 1.078210 1.074476 1.064342 1.096586 1.077856 1.098668 1.099748 1.108660 1.082171 1.085066 1.000000 1.000000 1.000000 1.000000 1.000000 1.063221 1.076758 1.049874 1.082811 1.083774 1.106902 1.106595 1.051570 1.062239 1.105997 1.000000 1.000000 1.000000 1.000000 1.000000 1.076139 1.063766 1.057138 1.059608 1.081491 1.089211 1.086131 1.101665 1.078729 1.098972 1.000000 1.000000 1.000000 1.000000 1.000000 1.057805 1.064743 1.062362 1.062798 1.038493 1.095461 1.094663 1.077874 1.120953 1.061521 1.000000 1.000000 1.000000 1.000000 1.000000 1.109350 1.107502 1.094472 1.117430 1.114315 1.126540 1.122536 1.121654 1.120901 1.111037 1.000000 1.000000 1.000000 1.000000 1.000000 1.060542 1.057194 1.058635 1.059213 1.051101 1.121581 1.149394 1.116749 1.131148 1.125867 1.000000 1.000000 1.000000 1.000000 1.000000 1.060115 1.062824 1.061088 1.058198 1.052870 1.079258 1.079018 1.081167 1.079711 1.072357 
1.000000 1.000000 1.000000 1.000000 1.000000 1.023740 1.025573 1.024871 1.023854 1.026412 1.030871 1.029302 1.032070 1.028016 1.026011 1.000000 1.000000 1.000000 1.000000 1.000000 1.009171 1.010645 1.012358 1.010686 1.011469 1.027220 1.026296 1.028468 1.024833 1.018933 1.000000 1.000000 1.000000 1.000000 1.000000 1.026059 1.023931 1.022304 1.027970 1.025347 1.032190 1.031787 1.036382 1.028009 1.027772 1.000000 1.000000 1.000000 1.000000 1.000000 1.019605 1.023219 1.019727 1.026842 1.030840 1.033679 1.034314 1.019289 1.022359 1.034147 1.000000 1.000000 1.000000 1.000000 1.000000 1.024217 1.021470 1.019038 1.020382 1.026959 1.029129 1.027624 1.032749 1.025151 1.032660 1.000000 1.000000 1.000000 1.000000 1.000000 1.018269 1.021241 1.020258 1.019889 1.013587 1.029936 1.030344 1.025640 1.037367 1.021450 1.000000 1.000000 1.000000 1.000000 1.000000 1.034304 1.033196 1.029952 1.036181 1.035500 1.039205 1.038289 1.037695 1.037845 1.035016 1.000000 1.000000 1.000000 1.000000 1.000000 1.019663 1.018662 1.019045 1.019941 1.018348 1.037045 1.045472 1.036674 1.041850 1.039606 1.000000 1.000000 1.000000 1.000000 1.000000 1.018692 1.019789 1.019463 1.018382 1.017581 1.025249 1.025490 1.026441 1.026000 1.024371 
1.000000 1.000000 1.000000 1.000000 1.000000 0.995022 0.994228 0.991594 0.993419 0.992211 0.989607 0.989445 0.988963 0.988612 0.986773 1.000000 1.000000 1.000000 1.000000 1.000000 0.997961 0.997814 0.997619 0.996803 0.995994 0.992792 0.992610 0.990136 0.991341 0.989538 1.000000 1.000000 1.000000 1.000000 1.000000 0.987828 0.992019 0.987138 0.995856 0.993755 0.986426 0.987583 0.981063 0.986138 0.985132 1.000000 1.000000 1.000000 1.000000 1.000000 0.998521 0.994294 0.983043 0.999222 0.982123 0.989662 0.986411 0.985624 0.986924 0.999900 1.000000 1.000000 1.000000 1.000000 1.000000 0.989890 0.989909 0.992338 0.989005 0.992927 0.988958 0.989419 0.987949 0.989970 0.980758 1.000000 1.000000 1.000000 1.000000 1.000000 0.995193 0.993590 0.995958 0.994519 0.994491 0.990551 0.990480 0.990314 0.988426 0.984306 1.000000 1.000000 1.000000 1.000000 1.000000 0.998723 0.996447 0.999297 0.997749 0.997537 0.995675 0.997226 0.997156 0.996817 0.997885 1.000000 1.000000 1.000000 1.000000 1.000000 0.992773 0.992406 0.992480 0.990252 0.987079 0.993015 0.991307 0.991475 0.988063 0.992113 1.000000 1.000000 1.000000 1.000000 1.000000 0.995424 0.993846 0.993764 0.994030 0.992796 0.991151 0.990433 0.988912 0.988816 0.987370 
1.000000 1.000000 1.000000 1.000000 1.000000 1.040290 1.042813 1.040642 1.040331 1.043264 1.051029 1.048143 1.052923 1.045285 1.041118 1.000000 1.000000 1.000000 1.000000 1.000000 1.015407 1.017899 1.021147 1.017689 1.018586 1.045909 1.043954 1.047052 1.040792 1.029317 1.000000 1.000000 1.000000 1.000000 1.000000 1.041538 1.039777 1.034767 1.049897 1.042047 1.052117 1.052272 1.057132 1.043908 1.044488 1.000000 1.000000 1.000000 1.000000 1.000000 1.033771 1.040234 1.027910 1.045238 1.046222 1.055965 1.055935 1.027931 1.033692 1.057086 1.000000 1.000000 1.000000 1.000000 1.000000 1.040022 1.034221 1.030696 1.032094 1.044007 1.047354 1.045262 1.053622 1.041521 1.051455 1.000000 1.000000 1.000000 1.000000 1.000000 1.030714 1.034843 1.033620 1.033288 1.021186 1.050044 1.050067 1.041437 1.063062 1.032427 1.000000 1.000000 1.000000 1.000000 1.000000 1.058241 1.056769 1.050539 1.062113 1.060620 1.066942 1.065227 1.064428 1.064241 1.059249 1.000000 1.000000 1.000000 1.000000 1.000000 1.032286 1.030452 1.031188 1.031794 1.027588 1.063447 1.077384 1.061362 1.068935 1.066444 1.000000 1.000000 1.000000 1.000000 1.000000 1.031703 1.033206 1.032414 1.030771 1.028414 1.041753 1.041804 1.042920 1.042133 1.038427 
1.000000 1.000000 1.000000 1.000000 1.000000 1.026082 1.027246 1.026599 1.026873 1.027948 1.033720 1.031935 1.035017 1.030036 1.028061 1.000000 1.000000 1.000000 1.000000 1.000000 1.009938 1.011348 1.013840 1.011554 1.012004 1.030133 1.028679 1.031346 1.027000 1.019939 1.000000 1.000000 1.000000 1.000000 1.000000 1.027957 1.026823 1.024339 1.033707 1.026933 1.035108 1.035235 1.038910 1.029981 1.032015 1.000000 1.000000 1.000000 1.000000 1.000000 1.020847 1.027547 1.020109 1.026146 1.030407 1.036759 1.037836 1.019029 1.022136 1.031317 1.000000 1.000000 1.000000 1.000000 1.000000 1.027815 1.023240 1.020441 1.022317 1.027539 1.031181 1.030353 1.035805 1.028472 1.036604 1.000000 1.000000 1.000000 1.000000 1.000000 1.020222 1.022540 1.020867 1.021814 1.013393 1.033154 1.032589 1.027421 1.042213 1.023307 1.000000 1.000000 1.000000 1.000000 1.000000 1.033769 1.034877 1.028676 1.037403 1.036310 1.041133 1.039040 1.038692 1.038339 1.034645 1.000000 1.000000 1.000000 1.000000 1.000000 1.021731 1.020732 1.021198 1.021911 1.019724 1.040653 1.048888 1.038793 1.043538 1.041361 1.000000 1.000000 1.000000 1.000000 1.000000 1.020876 1.022326 1.021639 1.020773 1.019106 1.027878 1.028037 1.029015 1.028604 1.026476 
1.000000 1.000000 1.000000 1.000000 1.000000 0.975397 0.974110 0.975701 0.975154 0.974146 0.969824 0.971495 0.968690 0.973336 0.975879 1.000000 1.000000 1.000000 1.000000 1.000000 0.990805 0.989193 0.987226 0.989272 0.989006 0.972397 0.973655 0.971883 0.975862 0.982827 1.000000 1.000000 1.000000 1.000000 1.000000 0.975311 0.976220 0.979985 0.968634 0.975176 0.969435 0.969132 0.967516 0.974589 0.973860 1.000000 1.000000 1.000000 1.000000 1.000000 0.979441 0.975076 0.985112 0.973387 0.973978 0.967223 0.967274 0.984336 0.981146 0.964921 1.000000 1.000000 1.000000 1.000000 1.000000 0.975575 0.979817 0.981891 0.981386 0.974085 0.972392 0.973255 0.968328 0.975110 0.970250 1.000000 1.000000 1.000000 1.000000 1.000000 0.981420 0.979338 0.979921 0.979927 0.987925 0.970145 0.970468 0.975832 0.962424 0.981095 1.000000 1.000000 1.000000 1.000000 1.000000 0.963779 0.964485 0.968718 0.961183 0.962226 0.958284 0.959750 0.960368 0.960373 0.963572 1.000000 1.000000 1.000000 1.000000 1.000000 0.980704 0.981808 0.981301 0.981406 0.984351 0.961146 0.953369 0.963207 0.959268 0.960073 1.000000 1.000000 1.000000 1.000000 1.000000 0.980537 0.979857 0.980475 0.981288 0.983343 0.975205 0.975315 0.974682 0.975175 0.977615 
1.000000 1.000000 1.000000 1.000000 1.000000 0.977519 0.975968 0.976437 0.977148 0.975203 0.971168 0.972556 0.970031 0.973799 0.975629 1.000000 1.000000 1.000000 1.000000 1.000000 0.991507 0.989978 0.988523 0.989801 0.989237 0.974392 0.975368 0.973215 0.976757 0.982201 1.000000 1.000000 1.000000 1.000000 1.000000 0.975342 0.977555 0.979122 0.973179 0.976634 0.969978 0.970176 0.966617 0.974056 0.973887 1.000000 1.000000 1.000000 1.000000 1.000000 0.981775 0.977856 0.981545 0.975819 0.970976 0.968916 0.968405 0.981812 0.979382 0.967468 1.000000 1.000000 1.000000 1.000000 1.000000 0.976787 0.979676 0.982160 0.980944 0.975223 0.972950 0.974146 0.969604 0.976287 0.969526 1.000000 1.000000 1.000000 1.000000 1.000000 0.982877 0.980188 0.981113 0.981299 0.987432 0.971866 0.971781 0.976294 0.965168 0.979601 1.000000 1.000000 1.000000 1.000000 1.000000 0.967058 0.967918 0.971329 0.965194 0.965882 0.962257 0.963571 0.964187 0.963869 0.966695 1.000000 1.000000 1.000000 1.000000 1.000000 0.981517 0.982375 0.981994 0.981342 0.982871 0.964655 0.957369 0.965514 0.960861 0.962670 1.000000 1.000000 1.000000 1.000000 1.000000 0.982194 0.981266 0.981603 0.982504 0.983590 0.976376 0.976215 0.975231 0.975687 0.977272 
1.000000 1.000000 1.000000 1.000000 1.000000 1.019635 1.021283 1.021072 1.020459 1.021997 1.026499 1.025391 1.027555 1.024611 1.023741 1.000000 1.000000 1.000000 1.000000 1.000000 1.007398 1.008731 1.009971 1.009059 1.009798 1.022931 1.022306 1.024672 1.021200 1.017496 1.000000 1.000000 1.000000 1.000000 1.000000 1.023467 1.020116 1.019879 1.023501 1.020409 1.028195 1.027828 1.032616 1.024577 1.024966 1.000000 1.000000 1.000000 1.000000 1.000000 1.015348 1.019635 1.018202 1.019859 1.027034 1.028395 1.029817 1.018478 1.020193 1.026689 1.000000 1.000000 1.000000 1.000000 1.000000 1.021688 1.018861 1.016361 1.018094 1.022157 1.025008 1.024055 1.028343 1.022087 1.030413 1.000000 1.000000 1.000000 1.000000 1.000000 1.015298 1.017626 1.016302 1.016762 1.011282 1.025692 1.025682 1.021789 1.032145 1.021129 1.000000 1.000000 1.000000 1.000000 1.000000 1.027447 1.027334 1.023742 1.029320 1.028740 1.032157 1.030665 1.030312 1.030541 1.027915 1.000000 1.000000 1.000000 1.000000 1.000000 1.016857 1.016228 1.016554 1.017498 1.017100 1.031127 1.038453 1.030885 1.035722 1.032799 1.000000 1.000000 1.000000 1.000000 1.000000 1.015801 1.016904 1.016550 1.015776 1.014998 1.021758 1.021958 1.023171 1.022869 1.021875 
1.000000 1.000000 1.000000 1.000000 1.000000 0.966814 0.965020 0.966725 0.966662 0.964594 0.959099 0.961343 0.957497 0.963674 0.967109 1.000000 1.000000 1.000000 1.000000 1.000000 0.987392 0.985371 0.982612 0.985440 0.984960 0.962776 0.964420 0.961979 0.967064 0.976504 1.000000 1.000000 1.000000 1.000000 1.000000 0.966322 0.967362 0.971856 0.958619 0.965726 0.958211 0.958119 0.955220 0.964676 0.964069 1.000000 1.000000 1.000000 1.000000 1.000000 0.972237 0.966565 0.977846 0.963337 0.962861 0.955520 0.955390 0.977938 0.973509 0.953165 1.000000 1.000000 1.000000 1.000000 1.000000 0.967022 0.972095 0.975006 0.973989 0.964364 0.962167 0.963660 0.956899 0.966184 0.959332 1.000000 1.000000 1.000000 1.000000 1.000000 0.974790 0.971574 0.972532 0.972800 0.982941 0.959703 0.959813 0.966752 0.949428 0.974078 1.000000 1.000000 1.000000 1.000000 1.000000 0.951910 0.952912 0.958376 0.948570 0.949848 0.944546 0.946247 0.947201 0.947173 0.951349 1.000000 1.000000 1.000000 1.000000 1.000000 0.973573 0.975077 0.974441 0.974159 0.977874 0.948346 0.938168 0.950639 0.945170 0.946377 1.000000 1.000000 1.000000 1.000000 1.000000 0.973851 0.972723 0.973447 0.974659 0.976909 0.966328 0.966283 0.965398 0.966060 0.969115 
1.000000 1.000000 1.000000 1.000000 1.000000 0.999205 0.999645 1.001660 1.000009 1.001056 1.001744 1.002125 1.001979 1.003038 1.004505 1.000000 1.000000 1.000000 1.000000 1.000000 0.999857 0.999733 0.999398 1.000366 1.000909 1.000066 1.000443 1.001667 1.001679 1.003975 1.000000 1.000000 1.000000 1.000000 1.000000 1.003839 1.001177 1.005071 0.996829 1.000227 1.003724 1.002821 1.006897 1.004919 1.004886 1.000000 1.000000 1.000000 1.000000 1.000000 0.997764 0.999144 1.008976 0.996962 1.008203 1.001265 1.003194 1.007075 1.005785 0.995784 1.000000 1.000000 1.000000 1.000000 1.000000 1.002180 1.003301 1.002085 1.004051 1.000736 1.002756 1.002369 1.002507 1.002138 1.007149 1.000000 1.000000 1.000000 1.000000 1.000000 1.000004 1.000959 0.999676 1.000239 1.001977 1.001107 1.001423 1.002418 1.000921 1.006847 1.000000 1.000000 1.000000 1.000000 1.000000 0.995817 0.996859 0.996329 0.995648 0.996042 0.996428 0.995921 0.995981 0.996331 0.996304 1.000000 1.000000 1.000000 1.000000 1.000000 1.001465 1.001859 1.001713 1.003235 1.005795 0.998150 0.998021 0.999832 1.001497 0.999053 1.000000 1.000000 1.000000 1.000000 1.000000 0.999680 1.000530 1.000778 1.000661 1.001990 1.001564 1.002079 1.002951 1.003063 1.004440 
1.000000 1.000000 1.000000 1.000000 1.000000 0.943254 0.939669 0.940405 0.941580 0.937269 0.926749 0.930090 0.923595 0.932750 0.936320 1.000000 1.000000 1.000000 1.000000 1.000000 0.978127 0.975110 0.970105 0.974364 0.972841 0.935219 0.937398 0.931478 0.940606 0.953664 1.000000 1.000000 1.000000 1.000000 1.000000 0.935996 0.941099 0.944035 0.930742 0.939984 0.922207 0.923552 0.912976 0.931789 0.929911 1.000000 1.000000 1.000000 1.000000 1.000000 0.954622 0.941719 0.950680 0.940975 0.926823 0.920971 0.917391 0.952835 0.946754 0.927938 1.000000 1.000000 1.000000 1.000000 1.000000 0.938756 0.947167 0.953666 0.948937 0.936967 0.931078 0.933556 0.921373 0.937493 0.919257 1.000000 1.000000 1.000000 1.000000 1.000000 0.955589 0.949367 0.953169 0.952113 0.968439 0.928594 0.928479 0.939152 0.910040 0.944937 1.000000 1.000000 1.000000 1.000000 1.000000 0.924515 0.923632 0.935175 0.918028 0.919906 0.909805 0.913715 0.915341 0.915166 0.922660 1.000000 1.000000 1.000000 1.000000 1.000000 0.951641 0.953791 0.952827 0.950305 0.953309 0.913643 0.896437 0.916122 0.905119 0.910185 1.000000 1.000000 1.000000 1.000000 1.000000 0.954677 0.951347 0.952566 0.954675 0.957088 0.939119 0.938331 0.935654 0.936509 0.939849 
1.000000 1.000000 1.000000 1.000000 1.000000 0.942482 0.938572 0.939104 0.940710 0.936085 0.925513 0.928802 0.922369 0.931377 0.934928 1.000000 1.000000 1.000000 1.000000 1.000000 0.978078 0.974612 0.970248 0.973769 0.972187 0.934297 0.936476 0.930312 0.939674 0.952323 1.000000 1.000000 1.000000 1.000000 1.000000 0.934513 0.940944 0.943420 0.930815 0.939707 0.921026 0.922274 0.911425 0.930806 0.929398 1.000000 1.000000 1.000000 1.000000 1.000000 0.954245 0.941876 0.949239 0.940404 0.923906 0.919964 0.916722 0.950694 0.945082 0.923193 1.000000 1.000000 1.000000 1.000000 1.000000 0.938054 0.946157 0.953003 0.948465 0.936096 0.929873 0.932480 0.920459 0.937024 0.917924 1.000000 1.000000 1.000000 1.000000 1.000000 0.955354 0.948695 0.952244 0.951555 0.967572 0.927445 0.927307 0.938260 0.909400 0.943428 1.000000 1.000000 1.000000 1.000000 1.000000 0.920603 0.920702 0.931460 0.914771 0.916553 0.906551 0.910615 0.912297 0.911654 0.919195 1.000000 1.000000 1.000000 1.000000 1.000000 0.951226 0.953292 0.952323 0.949887 0.952587 0.911386 0.893619 0.913650 0.901879 0.907271 1.000000 1.000000 1.000000 1.000000 1.000000 0.954055 0.950959 0.952036 0.954200 0.956677 0.938362 0.937644 0.934720 0.935679 0.938958 
1.000000 1.000000 1.000000 1.000000 1.000000 1.022975 1.024462 1.025471 1.024015 1.026346 1.031703 1.030360 1.033082 1.029389 1.028522 1.000000 1.000000 1.000000 1.000000 1.000000 1.009000 1.010131 1.012125 1.010734 1.011626 1.027167 1.026195 1.029390 1.025711 1.020919 1.000000 1.000000 1.000000 1.000000 1.000000 1.028025 1.025204 1.025985 1.027287 1.025016 1.034485 1.033733 1.040382 1.031036 1.032235 1.000000 1.000000 1.000000 1.000000 1.000000 1.017420 1.023848 1.025528 1.022477 1.034553 1.034150 1.036516 1.022668 1.024730 1.026041 1.000000 1.000000 1.000000 1.000000 1.000000 1.026334 1.023577 1.020197 1.023327 1.025981 1.030438 1.029078 1.034236 1.027094 1.037969 1.000000 1.000000 1.000000 1.000000 1.000000 1.018281 1.021385 1.019016 1.019884 1.014059 1.030600 1.030636 1.026851 1.038419 1.025780 1.000000 1.000000 1.000000 1.000000 1.000000 1.027773 1.029095 1.023684 1.030612 1.030015 1.034497 1.032596 1.032209 1.032220 1.029038 1.000000 1.000000 1.000000 1.000000 1.000000 1.020760 1.020099 1.020386 1.022325 1.022251 1.035007 1.042303 1.035004 1.040652 1.036906 1.000000 1.000000 1.000000 1.000000 1.000000 1.018484 1.020443 1.020105 1.019131 1.018933 1.026272 1.026891 1.028372 1.028071 1.027241 
1.000000 1.000000 1.000000 1.000000 1.000000 1.004429 1.004365 1.003919 1.004279 1.004324 1.005026 1.004602 1.005246 1.004078 1.003345 1.000000 1.000000 1.000000 1.000000 1.000000 1.001856 1.001850 1.002733 1.001716 1.001674 1.004872 1.004533 1.004628 1.004090 1.002054 1.000000 1.000000 1.000000 1.000000 1.000000 1.003489 1.004681 1.003375 1.006387 1.004912 1.005006 1.005082 1.004840 1.004073 1.004545 1.000000 1.000000 1.000000 1.000000 1.000000 1.004008 1.005129 1.001739 1.005277 1.002960 1.005797 1.005768 1.001064 1.002166 1.003827 1.000000 1.000000 1.000000 1.000000 1.000000 1.004137 1.003181 1.003066 1.003206 1.004512 1.004542 1.004404 1.005436 1.004454 1.004357 1.000000 1.000000 1.000000 1.000000 1.000000 1.003531 1.003677 1.003457 1.003587 1.001813 1.005084 1.004991 1.004099 1.006923 1.001998 1.000000 1.000000 1.000000 1.000000 1.000000 1.004594 1.005076 1.003749 1.005563 1.005285 1.006116 1.006018 1.005919 1.005561 1.004976 1.000000 1.000000 1.000000 1.000000 1.000000 1.003493 1.003183 1.003278 1.003280 1.002250 1.006179 1.007138 1.005523 1.005646 1.005948 1.000000 1.000000 1.000000 1.000000 1.000000 1.003432 1.003709 1.003506 1.003365 1.003007 1.004305 1.004329 1.004192 1.004145 1.003500 
1.000000 1.000000 1.000000 1.000000 1.000000 1.034402 1.035042 1.031916 1.034285 1.034329 1.040653 1.037772 1.041839 1.033744 1.029028 1.000000 1.000000 1.000000 1.000000 1.000000 1.012662 1.014918 1.018111 1.014399 1.014056 1.038484 1.035701 1.037639 1.032141 1.019553 1.000000 1.000000 1.000000 1.000000 1.000000 1.029855 1.032199 1.023600 1.047244 1.033470 1.039273 1.041004 1.039527 1.031196 1.034426 1.000000 1.000000 1.000000 1.000000 1.000000 1.029377 1.035966 1.013590 1.036770 1.028351 1.045301 1.043042 1.014271 1.019721 1.047601 1.000000 1.000000 1.000000 1.000000 1.000000 1.032092 1.025055 1.022898 1.022318 1.033137 1.035715 1.035362 1.041386 1.032792 1.036252 1.000000 1.000000 1.000000 1.000000 1.000000 1.025310 1.027173 1.027050 1.027248 1.014426 1.040792 1.039476 1.031533 1.051877 1.019324 1.000000 1.000000 1.000000 1.000000 1.000000 1.050412 1.050035 1.043108 1.055001 1.053085 1.058655 1.056426 1.056017 1.055295 1.050549 1.000000 1.000000 1.000000 1.000000 1.000000 1.025336 1.023637 1.024397 1.023000 1.016484 1.055430 1.065610 1.050310 1.053981 1.055119 1.000000 1.000000 1.000000 1.000000 1.000000 1.027051 1.027514 1.026445 1.025517 1.021388 1.033132 1.032570 1.032624 1.031808 1.027083 
1.000000 1.000000 1.000000 1.000000 1.000000 1.023767 1.024042 1.019471 1.022469 1.021916 1.025012 1.022685 1.025646 1.019356 1.014413 1.000000 1.000000 1.000000 1.000000 1.000000 1.008859 1.010293 1.013007 1.009105 1.008508 1.025350 1.023419 1.023036 1.019576 1.008701 1.000000 1.000000 1.000000 1.000000 1.000000 1.015884 1.020406 1.010552 1.034065 1.022967 1.022175 1.023907 1.018854 1.015559 1.016667 1.000000 1.000000 1.000000 1.000000 1.000000 1.022542 1.024543 0.999608 1.029742 1.010393 1.028723 1.025205 1.002154 1.007678 1.036617 1.000000 1.000000 1.000000 1.000000 1.000000 1.018642 1.013155 1.013310 1.010831 1.022570 1.021037 1.020806 1.024985 1.019500 1.015646 1.000000 1.000000 1.000000 1.000000 1.000000 1.017136 1.017542 1.018887 1.018040 1.007955 1.025721 1.024956 1.018466 1.033511 1.005491 1.000000 1.000000 1.000000 1.000000 1.000000 1.037927 1.036090 1.032715 1.040903 1.039297 1.042377 1.042087 1.041583 1.040658 1.037792 1.000000 1.000000 1.000000 1.000000 1.000000 1.015469 1.013762 1.014426 1.012111 1.005054 1.037963 1.045116 1.033382 1.033964 1.037345 1.000000 1.000000 1.000000 1.000000 1.000000 1.018209 1.017698 1.016745 1.016111 1.012360 1.020384 1.019536 1.018536 1.017921 1.013351 
1.000000 1.000000 1.000000 1.000000 1.000000 0.967430 0.964211 0.963132 0.966306 0.961643 0.955203 0.956828 0.953161 0.957227 0.958353 1.000000 1.000000 1.000000 1.000000 1.000000 0.987191 0.985328 0.983194 0.984539 0.982817 0.961990 0.962600 0.958340 0.963469 0.968832 1.000000 1.000000 1.000000 1.000000 1.000000 0.958639 0.964936 0.962799 0.964356 0.963900 0.950898 0.952675 0.942107 0.955556 0.956279 1.000000 1.000000 1.000000 1.000000 1.000000 0.974729 0.968226 0.962343 0.965239 0.947500 0.952165 0.948912 0.964574 0.961828 0.956407 1.000000 1.000000 1.000000 1.000000 1.000000 0.963233 0.965996 0.970702 0.966585 0.960695 0.956366 0.958876 0.951525 0.962165 0.946911 1.000000 1.000000 1.000000 1.000000 1.000000 0.974074 0.968882 0.971724 0.971644 0.978622 0.957080 0.956091 0.961787 0.946886 0.961590 1.000000 1.000000 1.000000 1.000000 1.000000 0.956208 0.956685 0.961763 0.953803 0.954301 0.948671 0.950483 0.951513 0.950787 0.954738 1.000000 1.000000 1.000000 1.000000 1.000000 0.970542 0.971556 0.971145 0.968158 0.967411 0.950628 0.939428 0.949519 0.940610 0.946188 1.000000 1.000000 1.000000 1.000000 1.000000 0.973979 0.971493 0.971739 0.973354 0.973005 0.962930 0.962012 0.959655 0.960124 0.960775 
1.000000 1.000000 1.000000 1.000000 1.000000 0.982972 0.982313 0.983137 0.982687 0.982185 0.978910 0.980091 0.978024 0.981366 0.983057 1.000000 1.000000 1.000000 1.000000 1.000000 0.993450 0.992635 0.990795 0.992630 0.992436 0.980748 0.981661 0.980352 0.983027 0.988114 1.000000 1.000000 1.000000 1.000000 1.000000 0.982719 0.982703 0.985085 0.977721 0.982342 0.978272 0.978157 0.976858 0.981836 0.980800 1.000000 1.000000 1.000000 1.000000 1.000000 0.985949 0.981936 0.988644 0.982101 0.981962 0.977037 0.976615 0.989193 0.986825 0.979380 1.000000 1.000000 1.000000 1.000000 1.000000 0.982459 0.985583 0.987092 0.986199 0.982080 0.980533 0.981153 0.977568 0.981990 0.978450 1.000000 1.000000 1.000000 1.000000 1.000000 0.986809 0.985481 0.986359 0.985921 0.991644 0.979074 0.979413 0.982977 0.973173 0.986379 1.000000 1.000000 1.000000 1.000000 1.000000 0.977783 0.977209 0.981128 0.975358 0.976128 0.973081 0.974219 0.974579 0.974887 0.977217 1.000000 1.000000 1.000000 1.000000 1.000000 0.986144 0.986913 0.986577 0.986329 0.988296 0.973934 0.969025 0.975434 0.972918 0.973631 1.000000 1.000000 1.000000 1.000000 1.000000 0.986467 0.985635 0.986143 0.986689 0.987936 0.982426 0.982381 0.981960 0.982234 0.983890 
1.000000 1.000000 1.000000 1.000000 1.000000 0.958942 0.957411 0.960436 0.958501 0.957753 0.950734 0.953614 0.948878 0.957152 0.961660 1.000000 1.000000 1.000000 1.000000 1.000000 0.984704 0.982183 0.978426 0.982386 0.982319 0.954266 0.956657 0.953948 0.960597 0.973090 1.000000 1.000000 1.000000 1.000000 1.000000 0.960545 0.960452 0.968115 0.945810 0.959111 0.950560 0.949740 0.948717 0.959301 0.957064 1.000000 1.000000 1.000000 1.000000 1.000000 0.965543 0.957361 0.978273 0.956409 0.960582 0.946302 0.946539 0.977154 0.971587 0.943918 1.000000 1.000000 1.000000 1.000000 1.000000 0.959537 0.967526 0.970689 0.970156 0.958144 0.955485 0.956450 0.948264 0.958916 0.952568 1.000000 1.000000 1.000000 1.000000 1.000000 0.969058 0.966267 0.967196 0.966804 0.981148 0.950946 0.951895 0.960802 0.937777 0.970898 1.000000 1.000000 1.000000 1.000000 1.000000 0.940921 0.941204 0.949376 0.935787 0.937778 0.930964 0.933729 0.934745 0.935067 0.940617 1.000000 1.000000 1.000000 1.000000 1.000000 0.968249 0.970158 0.969264 0.969924 0.975759 0.935477 0.923448 0.940035 0.934590 0.934877 1.000000 1.000000 1.000000 1.000000 1.000000 0.967482 0.966429 0.967673 0.968837 0.972909 0.959355 0.959645 0.958895 0.959703 0.964195 
1.000000 1.000000 1.000000 1.000000 1.000000 0.969527 0.968410 0.971215 0.969470 0.968968 0.963717 0.965965 0.962285 0.968558 0.972121 1.000000 1.000000 1.000000 1.000000 1.000000 0.988326 0.986860 0.983388 0.987226 0.987099 0.966156 0.967782 0.966151 0.970959 0.980766 1.000000 1.000000 1.000000 1.000000 1.000000 0.971312 0.970174 0.976455 0.959163 0.968841 0.963532 0.963086 0.962424 0.970167 0.968656 1.000000 1.000000 1.000000 1.000000 1.000000 0.973827 0.967770 0.985110 0.966290 0.972800 0.960093 0.959986 0.984470 0.979553 0.960940 1.000000 1.000000 1.000000 1.000000 1.000000 0.970196 0.976387 0.978279 0.977796 0.968294 0.967143 0.967963 0.961433 0.969337 0.965540 1.000000 1.000000 1.000000 1.000000 1.000000 0.976604 0.974816 0.975644 0.975219 0.986298 0.963807 0.964372 0.971066 0.953199 0.979274 1.000000 1.000000 1.000000 1.000000 1.000000 0.958291 0.958027 0.964448 0.954014 0.955571 0.950476 0.952070 0.952836 0.953538 0.957562 1.000000 1.000000 1.000000 1.000000 1.000000 0.976279 0.977889 0.977204 0.977575 0.982276 0.953242 0.944135 0.956572 0.952989 0.953063 1.000000 1.000000 1.000000 1.000000 1.000000 0.975944 0.974949 0.976015 0.976927 0.979798 0.969802 0.969974 0.969677 0.970174 0.973664 
1.000000 1.000000 1.000000 1.000000 1.000000 1.047610 1.050071 1.046556 1.047776 1.049817 1.059472 1.055885 1.061609 1.052077 1.046970 1.000000 1.000000 1.000000 1.000000 1.000000 1.018206 1.020896 1.025458 1.020436 1.021179 1.054149 1.051643 1.054991 1.047307 1.032842 1.000000 1.000000 1.000000 1.000000 1.000000 1.047375 1.046893 1.039240 1.061746 1.049135 1.060215 1.060887 1.064891 1.049783 1.051775 1.000000 1.000000 1.000000 1.000000 1.000000 1.040241 1.049036 1.028469 1.052694 1.048741 1.065672 1.065527 1.029170 1.036478 1.063628 1.000000 1.000000 1.000000 1.000000 1.000000 1.047218 1.038849 1.035227 1.036582 1.050798 1.054411 1.052652 1.062595 1.048933 1.059063 1.000000 1.000000 1.000000 1.000000 1.000000 1.036480 1.040277 1.038784 1.039199 1.023220 1.058757 1.058159 1.047614 1.075230 1.036152 1.000000 1.000000 1.000000 1.000000 1.000000 1.066528 1.066066 1.057173 1.072277 1.070155 1.077931 1.075616 1.074863 1.074010 1.067830 1.000000 1.000000 1.000000 1.000000 1.000000 1.037735 1.035431 1.036388 1.036532 1.030563 1.074701 1.091084 1.070983 1.078726 1.076517 1.000000 1.000000 1.000000 1.000000 1.000000 1.037593 1.039346 1.038041 1.036322 1.032724 1.048912 1.048747 1.049696 1.048860 1.043900 
1.000000 1.000000 1.000000 1.000000 1.000000 1.028977 1.031153 1.031891 1.030178 1.033177 1.039845 1.038160 1.041483 1.036956 1.035830 1.000000 1.000000 1.000000 1.000000 1.000000 1.011180 1.012873 1.014992 1.013525 1.014682 1.034159 1.033046 1.036934 1.032137 1.026403 1.000000 1.000000 1.000000 1.000000 1.000000 1.035175 1.030905 1.031526 1.034108 1.031066 1.042960 1.042103 1.050395 1.038448 1.039430 1.000000 1.000000 1.000000 1.000000 1.000000 1.022249 1.029359 1.030553 1.028998 1.042854 1.042927 1.045526 1.028456 1.031021 1.036245 1.000000 1.000000 1.000000 1.000000 1.000000 1.032603 1.029112 1.025032 1.028405 1.032907 1.038031 1.036379 1.042822 1.033466 1.047025 1.000000 1.000000 1.000000 1.000000 1.000000 1.022805 1.026698 1.024183 1.024942 1.017554 1.038397 1.038557 1.033519 1.047962 1.032057 1.000000 1.000000 1.000000 1.000000 1.000000 1.037712 1.038371 1.032471 1.040755 1.040013 1.045343 1.043119 1.042614 1.042833 1.038933 1.000000 1.000000 1.000000 1.000000 1.000000 1.025668 1.024808 1.025200 1.027281 1.027092 1.045008 1.055054 1.045087 1.052417 1.047745 1.000000 1.000000 1.000000 1.000000 1.000000 1.023272 1.025385 1.024985 1.023745 1.023262 1.032793 1.033414 1.035280 1.034858 1.033740 
1.000000 1.000000 1.000000 1.000000 1.000000 1.037641 1.039156 1.035184 1.037723 1.038010 1.045617 1.042640 1.047200 1.039242 1.034824 1.000000 1.000000 1.000000 1.000000 1.000000 1.014348 1.016301 1.020492 1.015665 1.015902 1.042384 1.040277 1.042371 1.036093 1.023744 1.000000 1.000000 1.000000 1.000000 1.000000 1.035327 1.036512 1.028394 1.051242 1.038178 1.045445 1.046438 1.047361 1.036479 1.038833 1.000000 1.000000 1.000000 1.000000 1.000000 1.032426 1.039842 1.017013 1.041601 1.032199 1.050709 1.050218 1.018748 1.025071 1.048430 1.000000 1.000000 1.000000 1.000000 1.000000 1.036697 1.028688 1.026517 1.026919 1.039047 1.040922 1.040161 1.048033 1.037932 1.043403 1.000000 1.000000 1.000000 1.000000 1.000000 1.028874 1.030833 1.029914 1.030698 1.016493 1.045540 1.044581 1.035791 1.059289 1.025571 1.000000 1.000000 1.000000 1.000000 1.000000 1.051792 1.052077 1.044121 1.057176 1.055162 1.061406 1.059472 1.058922 1.057777 1.052729 1.000000 1.000000 1.000000 1.000000 1.000000 1.029079 1.027074 1.027936 1.027277 1.021346 1.058823 1.071569 1.054627 1.059363 1.058776 1.000000 1.000000 1.000000 1.000000 1.000000 1.029767 1.030920 1.029549 1.028403 1.024653 1.037738 1.037328 1.037641 1.037037 1.032457 
1.000000 1.000000 1.000000 1.000000 1.000000 1.014119 1.014807 1.014475 1.014437 1.015369 1.018331 1.017353 1.019065 1.016424 1.015414 1.000000 1.000000 1.000000 1.000000 1.000000 1.005538 1.006145 1.007692 1.006225 1.006551 1.016289 1.015593 1.017021 1.014768 1.010959 1.000000 1.000000 1.000000 1.000000 1.000000 1.015265 1.014857 1.013657 1.017975 1.015090 1.019298 1.019107 1.021641 1.016852 1.017765 1.000000 1.000000 1.000000 1.000000 1.000000 1.011439 1.014965 1.011457 1.014787 1.016840 1.020166 1.021021 1.010493 1.012380 1.016203 1.000000 1.000000 1.000000 1.000000 1.000000 1.015080 1.012777 1.011323 1.012510 1.015417 1.017093 1.016563 1.019728 1.015602 1.020112 1.000000 1.000000 1.000000 1.000000 1.000000 1.011135 1.012480 1.011462 1.011911 1.007506 1.017897 1.017819 1.015222 1.022958 1.012781 1.000000 1.000000 1.000000 1.000000 1.000000 1.017502 1.018180 1.014852 1.019501 1.018948 1.021558 1.020643 1.020382 1.020115 1.018197 1.000000 1.000000 1.000000 1.000000 1.000000 1.012002 1.011411 1.011649 1.012244 1.011156 1.021387 1.025852 1.020627 1.023171 1.021936 1.000000 1.000000 1.000000 1.000000 1.000000 1.011252 1.012175 1.011806 1.011283 1.010635 1.015234 1.015426 1.015929 1.015747 1.014742 
1.000000 1.000000 1.000000 1.000000 1.000000 0.971204 0.969013 0.968480 0.970297 0.967135 0.961602 0.963214 0.960000 0.964354 0.965897 1.000000 1.000000 1.000000 1.000000 1.000000 0.988992 0.987138 0.985323 0.986561 0.985547 0.966683 0.967778 0.964279 0.968850 0.974763 1.000000 1.000000 1.000000 1.000000 1.000000 0.965939 0.970032 0.969975 0.966769 0.969384 0.958935 0.959742 0.952814 0.963438 0.963033 1.000000 1.000000 1.000000 1.000000 1.000000 0.977513 0.971532 0.971026 0.970210 0.957885 0.958798 0.957054 0.972676 0.970161 0.960627 1.000000 1.000000 1.000000 1.000000 1.000000 0.968600 0.971755 0.975637 0.972917 0.967403 0.963405 0.965091 0.959119 0.967951 0.956475 1.000000 1.000000 1.000000 1.000000 1.000000 0.977685 0.973686 0.975650 0.975548 0.982592 0.962887 0.962570 0.967790 0.954224 0.969865 1.000000 1.000000 1.000000 1.000000 1.000000 0.959946 0.960327 0.965203 0.957506 0.958194 0.953225 0.955205 0.955987 0.955435 0.959132 1.000000 1.000000 1.000000 1.000000 1.000000 0.975100 0.976010 0.975601 0.973878 0.974495 0.955310 0.946069 0.955642 0.948796 0.952348 1.000000 1.000000 1.000000 1.000000 1.000000 0.977029 0.975307 0.975621 0.976852 0.977505 0.968426 0.967897 0.966168 0.966692 0.967958 
1.000000 1.000000 1.000000 1.000000 1.000000 1.010514 1.010721 1.009347 1.009948 1.010074 1.011012 1.010082 1.011149 1.008385 1.006004 1.000000 1.000000 1.000000 1.000000 1.000000 1.003377 1.004782 1.004678 1.004451 1.004037 1.011157 1.009980 1.010054 1.008565 1.004047 1.000000 1.000000 1.000000 1.000000 1.000000 1.006978 1.007664 1.003671 1.013580 1.008846 1.009125 1.010351 1.007476 1.006225 1.006382 1.000000 1.000000 1.000000 1.000000 1.000000 1.009456 1.009224 1.000579 1.012287 1.007417 1.012091 1.009278 1.002162 1.003682 1.023068 1.000000 1.000000 1.000000 1.000000 1.000000 1.007451 1.005895 1.005459 1.003649 1.008951 1.009143 1.008903 1.009846 1.007318 1.005959 1.000000 1.000000 1.000000 1.000000 1.000000 1.006571 1.007382 1.008696 1.007504 1.004025 1.011272 1.010856 1.007878 1.012890 1.001894 1.000000 1.000000 1.000000 1.000000 1.000000 1.022203 1.019663 1.019727 1.022261 1.021715 1.022677 1.022227 1.021992 1.022416 1.021195 1.000000 1.000000 1.000000 1.000000 1.000000 1.006014 1.005492 1.005750 1.004285 1.001252 1.019064 1.022021 1.016961 1.017929 1.019725 1.000000 1.000000 1.000000 1.000000 1.000000 1.007977 1.007127 1.007046 1.006758 1.004835 1.008358 1.007825 1.007612 1.007079 1.005015 
1.000000 1.000000 1.000000 1.000000 1.000000 1.022865 1.023203 1.019342 1.021965 1.021405 1.024653 1.022532 1.025265 1.019403 1.015003 1.000000 1.000000 1.000000 1.000000 1.000000 1.008308 1.009940 1.012098 1.009025 1.008473 1.024627 1.022720 1.022763 1.019274 1.009459 1.000000 1.000000 1.000000 1.000000 1.000000 1.016321 1.019554 1.010903 1.032354 1.021584 1.022124 1.023855 1.019521 1.015810 1.017099 1.000000 1.000000 1.000000 1.000000 1.000000 1.021050 1.023344 1.001392 1.027206 1.012144 1.027884 1.024632 1.003931 1.008572 1.036186 1.000000 1.000000 1.000000 1.000000 1.000000 1.018584 1.013431 1.013127 1.010953 1.021407 1.020843 1.020666 1.024454 1.019121 1.016773 1.000000 1.000000 1.000000 1.000000 1.000000 1.016304 1.016912 1.018096 1.017400 1.008001 1.025251 1.024368 1.018198 1.032336 1.006953 1.000000 1.000000 1.000000 1.000000 1.000000 1.037325 1.035511 1.032249 1.039976 1.038496 1.041541 1.040820 1.040402 1.039807 1.036931 1.000000 1.000000 1.000000 1.000000 1.000000 1.015044 1.013580 1.014198 1.012050 1.005818 1.037322 1.044234 1.033004 1.034122 1.036875 1.000000 1.000000 1.000000 1.000000 1.000000 1.017650 1.017136 1.016306 1.015731 1.012104 1.019952 1.019140 1.018473 1.017834 1.013660 
1.000000 1.000000 1.000000 1.000000 1.000000 1.024745 1.026122 1.024654 1.024944 1.026378 1.031249 1.029469 1.032401 1.027668 1.025339 1.000000 1.000000 1.000000 1.000000 1.000000 1.009498 1.010873 1.013190 1.010758 1.011229 1.028189 1.026974 1.028954 1.024970 1.017941 1.000000 1.000000 1.000000 1.000000 1.000000 1.025414 1.024686 1.021377 1.031510 1.025762 1.032032 1.032086 1.035083 1.027120 1.028047 1.000000 1.000000 1.000000 1.000000 1.000000 1.020688 1.025393 1.016485 1.027178 1.027051 1.034413 1.034818 1.016512 1.020069 1.032870 1.000000 1.000000 1.000000 1.000000 1.000000 1.024994 1.020887 1.018789 1.019808 1.026764 1.028778 1.027835 1.033121 1.025841 1.032005 1.000000 1.000000 1.000000 1.000000 1.000000 1.019059 1.021254 1.020287 1.020498 1.012548 1.030679 1.030546 1.025394 1.039101 1.020008 1.000000 1.000000 1.000000 1.000000 1.000000 1.034282 1.034103 1.029491 1.037173 1.036153 1.040251 1.038988 1.038507 1.038199 1.035003 1.000000 1.000000 1.000000 1.000000 1.000000 1.019979 1.018838 1.019310 1.019652 1.017011 1.038536 1.046953 1.036920 1.041192 1.039735 1.000000 1.000000 1.000000 1.000000 1.000000 1.019572 1.020612 1.019983 1.019066 1.017447 1.025723 1.025768 1.026423 1.026008 1.023769 
1.000000 1.000000 1.000000 1.000000 1.000000 0.970511 0.969398 0.970666 0.970461 0.968877 0.964126 0.966226 0.962751 0.968737 0.972135 1.000000 1.000000 1.000000 1.000000 1.000000 0.988853 0.987062 0.984533 0.987118 0.986946 0.966993 0.968846 0.966722 0.971061 0.980329 1.000000 1.000000 1.000000 1.000000 1.000000 0.971285 0.971046 0.975641 0.962591 0.969828 0.963730 0.963315 0.961820 0.969500 0.968248 1.000000 1.000000 1.000000 1.000000 1.000000 0.975410 0.969956 0.981057 0.968005 0.968014 0.960850 0.961305 0.982131 0.978112 0.959175 1.000000 1.000000 1.000000 1.000000 1.000000 0.971116 0.975662 0.978265 0.977532 0.969440 0.967035 0.968262 0.962570 0.970413 0.965202 1.000000 1.000000 1.000000 1.000000 1.000000 0.977855 0.975096 0.975869 0.976098 0.985239 0.964496 0.964845 0.970928 0.955597 0.978826 1.000000 1.000000 1.000000 1.000000 1.000000 0.957675 0.958229 0.963505 0.954443 0.955659 0.950843 0.952548 0.953323 0.953392 0.957211 1.000000 1.000000 1.000000 1.000000 1.000000 0.976837 0.978156 0.977603 0.977559 0.981443 0.953953 0.945742 0.956599 0.952234 0.952606 1.000000 1.000000 1.000000 1.000000 1.000000 0.976821 0.975878 0.976508 0.977526 0.979758 0.970519 0.970506 0.969894 0.970553 0.973562 
1.000000 1.000000 1.000000 1.000000 1.000000 0.985845 0.985482 0.987482 0.986245 0.986283 0.984302 0.985489 0.983805 0.987135 0.989524 1.000000 1.000000 1.000000 1.000000 1.000000 0.994768 0.993838 0.992482 0.994267 0.994469 0.984684 0.985677 0.985448 0.987585 0.993059 1.000000 1.000000 1.000000 1.000000 1.000000 0.988779 0.987380 0.991862 0.980619 0.986237 0.985299 0.984552 0.986217 0.988870 0.988375 1.000000 1.000000 1.000000 1.000000 1.000000 0.987222 0.985555 0.996980 0.983343 0.990437 0.982539 0.983787 0.995795 0.993169 0.978366 1.000000 1.000000 1.000000 1.000000 1.000000 0.987807 0.990763 0.991190 0.992060 0.986132 0.986294 0.986604 0.983956 0.987467 0.987892 1.000000 1.000000 1.000000 1.000000 1.000000 0.989681 0.989069 0.988647 0.989005 0.994450 0.984077 0.984462 0.988003 0.979677 0.993924 1.000000 1.000000 1.000000 1.000000 1.000000 0.977685 0.978606 0.980720 0.976081 0.976900 0.974915 0.975405 0.975770 0.976031 0.977794 1.000000 1.000000 1.000000 1.000000 1.000000 0.990145 0.991001 0.990641 0.991580 0.994849 0.977372 0.973132 0.979542 0.978408 0.977321 1.000000 1.000000 1.000000 1.000000 1.000000 0.989016 0.989111 0.989591 0.989983 0.991882 0.987174 0.987524 0.987736 0.988087 0.990318 
1.000000 1.000000 1.000000 1.000000 1.000000 0.986360 0.985737 0.988870 0.986994 0.987343 0.985522 0.986709 0.985074 0.988179 0.990694 1.000000 1.000000 1.000000 1.000000 1.000000 0.994882 0.994077 0.992517 0.994794 0.994935 0.985554 0.986196 0.986527 0.988729 0.994034 1.000000 1.000000 1.000000 1.000000 1.000000 0.989899 0.988395 0.993765 0.980772 0.986690 0.986828 0.986124 0.988295 0.990749 0.990949 1.000000 1.000000 1.000000 1.000000 1.000000 0.986864 0.986112 1.000502 0.982334 0.994103 0.983702 0.984908 0.997593 0.994488 0.978225 1.000000 1.000000 1.000000 1.000000 1.000000 0.988931 0.992329 0.992096 0.993481 0.986024 0.987611 0.987845 0.984914 0.988460 0.990213 1.000000 1.000000 1.000000 1.000000 1.000000 0.989883 0.989747 0.988993 0.989426 0.995358 0.985178 0.985429 0.989280 0.980402 0.995296 1.000000 1.000000 1.000000 1.000000 1.000000 0.977729 0.979084 0.980694 0.976192 0.977084 0.975423 0.975422 0.975849 0.976300 0.977849 1.000000 1.000000 1.000000 1.000000 1.000000 0.990931 0.991964 0.991540 0.992812 0.996432 0.978421 0.973459 0.980553 0.979800 0.978515 1.000000 1.000000 1.000000 1.000000 1.000000 0.989470 0.989765 0.990399 0.990773 0.992872 0.988073 0.988580 0.989021 0.989284 0.991700 
1.000000 1.000000 1.000000 1.000000 1.000000 0.993235 0.992885 0.994167 0.993427 0.993408 0.992225 0.992789 0.991875 0.993263 0.994191 1.000000 1.000000 1.000000 1.000000 1.000000 0.997187 0.997130 0.995886 0.997418 0.997307 0.992614 0.992763 0.992754 0.993810 0.996212 1.000000 1.000000 1.000000 1.000000 1.000000 0.994024 0.993209 0.995153 0.990474 0.992549 0.992179 0.992223 0.992157 0.993853 0.993840 1.000000 1.000000 1.000000 1.000000 1.000000 0.993622 0.992510 0.998197 0.991264 0.995931 0.991180 0.990917 0.997633 0.995945 0.992645 1.000000 1.000000 1.000000 1.000000 1.000000 0.993616 0.995298 0.995284 0.995229 0.992307 0.992951 0.993176 0.991319 0.993148 0.993100 1.000000 1.000000 1.000000 1.000000 1.000000 0.994465 0.994350 0.994552 0.994385 0.997274 0.992186 0.992176 0.993823 0.989150 0.995973 1.000000 1.000000 1.000000 1.000000 1.000000 0.991856 0.991634 0.993154 0.990639 0.991051 0.989961 0.989912 0.990119 0.990595 0.991389 1.000000 1.000000 1.000000 1.000000 1.000000 0.994698 0.995225 0.995039 0.995115 0.996429 0.990406 0.987978 0.991060 0.990585 0.990541 1.000000 1.000000 1.000000 1.000000 1.000000 0.994710 0.994397 0.994768 0.995001 0.995591 0.993326 0.993376 0.993505 0.993523 0.994421 
1.000000 1.000000 1.000000 1.000000 1.000000 1.022838 1.023485 1.021871 1.022783 1.023272 1.027378 1.025582 1.028303 1.023226 1.020184 1.000000 1.000000 1.000000 1.000000 1.000000 1.008494 1.009976 1.011973 1.009746 1.009698 1.025598 1.023932 1.025312 1.021806 1.013882 1.000000 1.000000 1.000000 1.000000 1.000000 1.020874 1.021774 1.017009 1.030272 1.022705 1.026933 1.027814 1.027574 1.021699 1.023218 1.000000 1.000000 1.000000 1.000000 1.000000 1.019311 1.023518 1.011485 1.024644 1.021503 1.030144 1.028995 1.011431 1.014859 1.031901 1.000000 1.000000 1.000000 1.000000 1.000000 1.021696 1.017581 1.015896 1.015891 1.022741 1.024615 1.023945 1.028078 1.022236 1.025181 1.000000 1.000000 1.000000 1.000000 1.000000 1.016920 1.018581 1.018310 1.018273 1.010418 1.027368 1.026711 1.021524 1.034525 1.014361 1.000000 1.000000 1.000000 1.000000 1.000000 1.033372 1.032946 1.028674 1.036122 1.035000 1.038679 1.037303 1.036934 1.036635 1.033579 1.000000 1.000000 1.000000 1.000000 1.000000 1.017255 1.016174 1.016646 1.016129 1.012347 1.036491 1.043148 1.033726 1.036696 1.036918 1.000000 1.000000 1.000000 1.000000 1.000000 1.017943 1.018416 1.017822 1.017113 1.014818 1.022375 1.022136 1.022356 1.021813 1.018935 
1.000000 1.000000 1.000000 1.000000 1.000000 0.982969 0.982157 0.983762 0.982902 0.982435 0.979380 0.980620 0.978609 0.981966 0.983780 1.000000 1.000000 1.000000 1.000000 1.000000 0.993498 0.992606 0.990807 0.992807 0.992643 0.980969 0.981789 0.980769 0.983557 0.988688 1.000000 1.000000 1.000000 1.000000 1.000000 0.983503 0.983409 0.986654 0.977485 0.982586 0.979194 0.979028 0.978085 0.982813 0.982133 1.000000 1.000000 1.000000 1.000000 1.000000 0.985399 0.982230 0.991304 0.981048 0.984181 0.977277 0.977123 0.990555 0.987895 0.977408 1.000000 1.000000 1.000000 1.000000 1.000000 0.983236 0.986614 0.987712 0.987422 0.981965 0.981318 0.981753 0.978065 0.982754 0.979983 1.000000 1.000000 1.000000 1.000000 1.000000 0.986909 0.985824 0.986270 0.986073 0.992154 0.979556 0.979774 0.983504 0.973629 0.987725 1.000000 1.000000 1.000000 1.000000 1.000000 0.976169 0.976260 0.979590 0.973961 0.974791 0.972008 0.972856 0.973269 0.973588 0.975803 1.000000 1.000000 1.000000 1.000000 1.000000 0.986673 0.987555 0.987176 0.987334 0.989711 0.973655 0.968092 0.975283 0.972993 0.973340 1.000000 1.000000 1.000000 1.000000 1.000000 0.986537 0.985998 0.986569 0.987107 0.988635 0.982917 0.983011 0.982758 0.983026 0.984841 
1.000000 1.000000 1.000000 1.000000 1.000000 0.998685 0.999563 1.001961 0.999261 1.001236 1.001340 1.001846 1.001481 1.002958 1.004352 1.000000 1.000000 1.000000 1.000000 1.000000 0.999434 0.999791 0.998424 1.000480 1.001149 0.999430 0.999880 1.001142 1.001370 1.004346 1.000000 1.000000 1.000000 1.000000 1.000000 1.003874 0.999792 1.004457 0.994009 0.999423 1.003096 1.002184 1.006645 1.004598 1.003353 1.000000 1.000000 1.000000 1.000000 1.000000 0.997278 0.996858 1.010147 0.997261 1.011062 1.000492 1.001652 1.008763 1.006947 1.001296 1.000000 1.000000 1.000000 1.000000 1.000000 1.000899 1.003258 1.001815 1.003311 1.000650 1.002645 1.001843 1.001445 1.000725 1.006168 1.000000 1.000000 1.000000 1.000000 1.000000 0.999050 1.000740 1.000046 0.999640 1.002755 1.000480 1.001176 1.002184 0.998823 1.006761 1.000000 1.000000 1.000000 1.000000 1.000000 0.999550 0.998718 1.000221 0.997966 0.998635 0.998421 0.998208 0.998156 0.999190 0.999496 1.000000 1.000000 1.000000 1.000000 1.000000 1.000662 1.001179 1.000982 1.002454 1.005453 0.998574 0.998727 1.001007 1.003480 1.000891 1.000000 1.000000 1.000000 1.000000 1.000000 0.999109 0.999543 1.000131 0.999884 1.001502 1.000784 1.001266 1.002329 1.002292 1.003888 
1.000000 1.000000 1.000000 1.000000 1.000000 0.992148 0.992553 0.994423 0.992366 0.993607 0.992276 0.993104 0.992019 0.994452 0.996089 1.000000 1.000000 1.000000 1.000000 1.000000 0.996987 0.996861 0.995223 0.997293 0.997712 0.991711 0.992463 0.992732 0.993994 0.998142 1.000000 1.000000 1.000000 1.000000 1.000000 0.995624 0.992817 0.996966 0.986694 0.992552 0.993250 0.992505 0.995132 0.995752 0.994302 1.000000 1.000000 1.000000 1.000000 1.000000 0.992525 0.990424 1.002219 0.991203 1.000136 0.990974 0.991646 1.001602 0.999490 0.992547 1.000000 1.000000 1.000000 1.000000 1.000000 0.993388 0.996311 0.996012 0.996662 0.993388 0.993875 0.993541 0.991883 0.993134 0.995320 1.000000 1.000000 1.000000 1.000000 1.000000 0.994029 0.994652 0.994550 0.994038 0.998525 0.991733 0.992434 0.994564 0.988258 0.999078 1.000000 1.000000 1.000000 1.000000 1.000000 0.990611 0.989719 0.992469 0.988497 0.989280 0.987847 0.988290 0.988367 0.989182 0.990392 1.000000 1.000000 1.000000 1.000000 1.000000 0.994823 0.995458 0.995189 0.996127 0.998992 0.988206 0.986420 0.990573 0.991240 0.989746 1.000000 1.000000 1.000000 1.000000 1.000000 0.993843 0.993811 0.994415 0.994447 0.996126 0.993365 0.993687 0.994224 0.994325 0.996116 
1.000000 1.000000 1.000000 1.000000 1.000000 0.979590 0.978652 0.979992 0.979556 0.978541 0.975069 0.976536 0.974122 0.978150 0.980357 1.000000 1.000000 1.000000 1.000000 1.000000 0.992199 0.991073 0.989108 0.991209 0.990993 0.977129 0.978220 0.976834 0.979982 0.986177 1.000000 1.000000 1.000000 1.000000 1.000000 0.979959 0.979915 0.983260 0.973796 0.978936 0.974709 0.974565 0.973135 0.978753 0.978022 1.000000 1.000000 1.000000 1.000000 1.000000 0.982734 0.979022 0.987722 0.977371 0.978929 0.972620 0.972581 0.987767 0.984755 0.972388 1.000000 1.000000 1.000000 1.000000 1.000000 0.979899 0.983365 0.984947 0.984426 0.978366 0.977164 0.977906 0.973666 0.979306 0.975574 1.000000 1.000000 1.000000 1.000000 1.000000 0.984433 0.982737 0.983321 0.983322 0.989994 0.975376 0.975532 0.979806 0.968722 0.985007 1.000000 1.000000 1.000000 1.000000 1.000000 0.971216 0.971496 0.975234 0.968827 0.969713 0.966390 0.967412 0.967940 0.968151 0.970765 1.000000 1.000000 1.000000 1.000000 1.000000 0.983876 0.984864 0.984456 0.984424 0.987068 0.968404 0.962135 0.970124 0.967129 0.967599 1.000000 1.000000 1.000000 1.000000 1.000000 0.983924 0.983221 0.983760 0.984467 0.986020 0.979428 0.979437 0.979047 0.979426 0.981466 
1.000000 1.000000 1.000000 1.000000 1.000000 1.003094 1.003192 1.002569 1.003173 1.002933 1.003711 1.003455 1.003866 1.003230 1.003007 1.000000 1.000000 1.000000 1.000000 1.000000 1.001282 1.001250 1.001953 1.001150 1.001185 1.003477 1.003409 1.003529 1.002910 1.001938 1.000000 1.000000 1.000000 1.000000 1.000000 1.002916 1.003270 1.002395 1.004857 1.003312 1.003842 1.003812 1.004026 1.003088 1.003477 1.000000 1.000000 1.000000 1.000000 1.000000 1.002787 1.003811 1.000715 1.003422 1.001362 1.004260 1.004662 1.001069 1.001782 1.002066 1.000000 1.000000 1.000000 1.000000 1.000000 1.003314 1.002209 1.002194 1.002374 1.003370 1.003248 1.003348 1.004277 1.003477 1.003864 1.000000 1.000000 1.000000 1.000000 1.000000 1.002649 1.002516 1.002254 1.002640 1.001019 1.003728 1.003618 1.002922 1.005410 1.002302 1.000000 1.000000 1.000000 1.000000 1.000000 1.002851 1.003411 1.002217 1.003707 1.003462 1.004107 1.003948 1.003908 1.003585 1.003119 1.000000 1.000000 1.000000 1.000000 1.000000 1.002567 1.002343 1.002437 1.002414 1.001893 1.004302 1.005480 1.003861 1.003999 1.003883 1.000000 1.000000 1.000000 1.000000 1.000000 1.002509 1.002738 1.002490 1.002436 1.002072 1.003244 1.003223 1.003196 1.003230 1.002867 
1.000000 1.000000 1.000000 1.000000 1.000000 1.029960 1.030981 1.028169 1.029460 1.030445 1.035525 1.033060 1.036697 1.029989 1.025731 1.000000 1.000000 1.000000 1.000000 1.000000 1.011334 1.013127 1.016004 1.012554 1.012571 1.033373 1.031347 1.032759 1.028265 1.017527 1.000000 1.000000 1.000000 1.000000 1.000000 1.026602 1.028384 1.021423 1.039630 1.030313 1.034712 1.035696 1.035366 1.027914 1.029308 1.000000 1.000000 1.000000 1.000000 1.000000 1.026097 1.030659 1.013286 1.034299 1.026530 1.039606 1.037917 1.013688 1.018866 1.042513 1.000000 1.000000 1.000000 1.000000 1.000000 1.027615 1.022281 1.020565 1.020207 1.030557 1.031867 1.030911 1.036615 1.028646 1.031525 1.000000 1.000000 1.000000 1.000000 1.000000 1.022331 1.024421 1.024334 1.023948 1.013529 1.035444 1.034927 1.028041 1.045120 1.017440 1.000000 1.000000 1.000000 1.000000 1.000000 1.044078 1.043020 1.038006 1.047552 1.046069 1.050640 1.049459 1.048889 1.048316 1.044527 1.000000 1.000000 1.000000 1.000000 1.000000 1.022402 1.020795 1.021433 1.020660 1.015297 1.047341 1.056606 1.043887 1.047511 1.048134 1.000000 1.000000 1.000000 1.000000 1.000000 1.023371 1.023916 1.023097 1.022080 1.019168 1.029053 1.028723 1.028761 1.028090 1.024199 
1.000000 1.000000 1.000000 1.000000 1.000000 0.957918 0.954155 0.953304 0.956175 0.951441 0.943041 0.945167 0.940587 0.946162 0.947726 1.000000 1.000000 1.000000 1.000000 1.000000 0.983919 0.981162 0.978693 0.980153 0.978359 0.951114 0.952227 0.946795 0.953814 0.960973 1.000000 1.000000 1.000000 1.000000 1.000000 0.947958 0.955907 0.954511 0.952202 0.955109 0.938365 0.939982 0.928331 0.944950 0.944868 1.000000 1.000000 1.000000 1.000000 1.000000 0.967498 0.958613 0.955451 0.956900 0.936082 0.939289 0.935802 0.956798 0.953650 0.942293 1.000000 1.000000 1.000000 1.000000 1.000000 0.952867 0.957540 0.963488 0.958976 0.951188 0.945413 0.947892 0.938919 0.952071 0.933620 1.000000 1.000000 1.000000 1.000000 1.000000 0.967031 0.961038 0.964258 0.963836 0.973937 0.945099 0.944488 0.952176 0.932191 0.952303 1.000000 1.000000 1.000000 1.000000 1.000000 0.941488 0.942055 0.949100 0.938115 0.939009 0.931691 0.934713 0.935925 0.934908 0.940308 1.000000 1.000000 1.000000 1.000000 1.000000 0.962927 0.964173 0.963566 0.960657 0.960453 0.934831 0.920647 0.934717 0.923948 0.930226 1.000000 1.000000 1.000000 1.000000 1.000000 0.966229 0.963532 0.964012 0.965829 0.966503 0.953025 0.952188 0.949260 0.949936 0.951263 
1.000000 1.000000 1.000000 1.000000 1.000000 1.021834 1.023166 1.022377 1.022232 1.023537 1.027974 1.026525 1.029043 1.025078 1.023157 1.000000 1.000000 1.000000 1.000000 1.000000 1.008225 1.009658 1.011276 1.009743 1.010211 1.025010 1.023944 1.025928 1.022377 1.016657 1.000000 1.000000 1.000000 1.000000 1.000000 1.023354 1.021723 1.019603 1.027128 1.022434 1.028852 1.028959 1.031828 1.024392 1.025064 1.000000 1.000000 1.000000 1.000000 1.000000 1.017766 1.022000 1.016367 1.023104 1.026159 1.030304 1.030649 1.016360 1.018955 1.030269 1.000000 1.000000 1.000000 1.000000 1.000000 1.022494 1.019171 1.016929 1.018000 1.023544 1.025998 1.024987 1.029419 1.023042 1.029294 1.000000 1.000000 1.000000 1.000000 1.000000 1.016651 1.018890 1.017980 1.018127 1.011557 1.027465 1.027260 1.022639 1.034443 1.019066 1.000000 1.000000 1.000000 1.000000 1.000000 1.031207 1.030823 1.026967 1.033438 1.032633 1.036259 1.034875 1.034471 1.034497 1.031632 1.000000 1.000000 1.000000 1.000000 1.000000 1.017763 1.016896 1.017292 1.017716 1.015858 1.034617 1.041940 1.033421 1.037722 1.036013 1.000000 1.000000 1.000000 1.000000 1.000000 1.017341 1.018237 1.017796 1.016981 1.015632 1.022932 1.022975 1.023800 1.023377 1.021536 
1.000000 1.000000 1.000000 1.000000 1.000000 0.989653 0.989610 0.990987 0.990001 0.990137 0.988751 0.989674 0.988402 0.991060 0.992969 1.000000 1.000000 1.000000 1.000000 1.000000 0.996165 0.995534 0.994433 0.995857 0.996110 0.988843 0.989730 0.989604 0.991073 0.995506 1.000000 1.000000 1.000000 1.000000 1.000000 0.992360 0.990717 0.994282 0.985501 0.989969 0.989624 0.988958 0.990642 0.992237 0.991553 1.000000 1.000000 1.000000 1.000000 1.000000 0.990656 0.989219 0.998136 0.987986 0.993578 0.987385 0.988506 0.997783 0.995762 0.984888 1.000000 1.000000 1.000000 1.000000 1.000000 0.991260 0.993456 0.993746 0.994422 0.990287 0.990274 0.990459 0.988629 0.990996 0.991760 1.000000 1.000000 1.000000 1.000000 1.000000 0.992520 0.992135 0.991826 0.992061 0.996128 0.988509 0.988889 0.991432 0.985314 0.996411 1.000000 1.000000 1.000000 1.000000 1.000000 0.984160 0.984606 0.986401 0.982814 0.983453 0.981940 0.982350 0.982589 0.982865 0.984197 1.000000 1.000000 1.000000 1.000000 1.000000 0.992896 0.993530 0.993271 0.994019 0.996684 0.983543 0.980842 0.985397 0.984838 0.983719 1.000000 1.000000 1.000000 1.000000 1.000000 0.992001 0.992063 0.992420 0.992685 0.994148 0.990800 0.991054 0.991307 0.991582 0.993345 
1.000000 1.000000 1.000000 1.000000 1.000000 1.025422 1.026440 1.024879 1.025628 1.026637 1.031768 1.029846 1.032998 1.027817 1.025262 1.000000 1.000000 1.000000 1.000000 1.000000 1.009939 1.011017 1.014018 1.010846 1.011201 1.028929 1.027550 1.029455 1.025450 1.017529 1.000000 1.000000 1.000000 1.000000 1.000000 1.025382 1.025962 1.022048 1.033526 1.026787 1.032614 1.032749 1.035181 1.027428 1.029049 1.000000 1.000000 1.000000 1.000000 1.000000 1.021345 1.027104 1.016226 1.027655 1.025932 1.035197 1.035815 1.015340 1.019368 1.030003 1.000000 1.000000 1.000000 1.000000 1.000000 1.025867 1.021186 1.019194 1.020484 1.027106 1.029187 1.028338 1.033910 1.026878 1.032415 1.000000 1.000000 1.000000 1.000000 1.000000 1.019851 1.021745 1.020446 1.021090 1.012377 1.031390 1.031024 1.025793 1.040675 1.019681 1.000000 1.000000 1.000000 1.000000 1.000000 1.032438 1.033345 1.027518 1.036190 1.035010 1.039510 1.038136 1.037690 1.036960 1.033550 1.000000 1.000000 1.000000 1.000000 1.000000 1.020700 1.019454 1.019950 1.020358 1.017231 1.038696 1.046698 1.036594 1.040337 1.039161 1.000000 1.000000 1.000000 1.000000 1.000000 1.020130 1.021445 1.020650 1.019770 1.018032 1.026423 1.026511 1.026984 1.026626 1.024121 
1.000000 1.000000 1.000000 1.000000 1.000000 0.986631 0.985515 0.985422 0.985661 0.984637 0.981078 0.981769 0.980199 0.981911 0.981687 1.000000 1.000000 1.000000 1.000000 1.000000 0.994590 0.994252 0.992546 0.993890 0.993171 0.984060 0.984201 0.982188 0.984718 0.986597 1.000000 1.000000 1.000000 1.000000 1.000000 0.982442 0.984697 0.983909 0.983337 0.985080 0.978782 0.979708 0.974505 0.980649 0.979705 1.000000 1.000000 1.000000 1.000000 1.000000 0.989859 0.985263 0.985196 0.987215 0.980947 0.979461 0.976782 0.985892 0.984624 0.988238 1.000000 1.000000 1.000000 1.000000 1.000000 0.983458 0.985914 0.987741 0.985364 0.983997 0.981916 0.982312 0.978698 0.982988 0.975650 1.000000 1.000000 1.000000 1.000000 1.000000 0.988682 0.987333 0.989238 0.987988 0.992107 0.981862 0.981761 0.983861 0.976176 0.982655 1.000000 1.000000 1.000000 1.000000 1.000000 0.986398 0.984649 0.988749 0.984092 0.984527 0.981645 0.982834 0.983069 0.983371 0.985320 1.000000 1.000000 1.000000 1.000000 1.000000 0.987223 0.987662 0.987453 0.986064 0.985541 0.980639 0.975694 0.980533 0.977309 0.980159 1.000000 1.000000 1.000000 1.000000 1.000000 0.989019 0.987541 0.987993 0.988494 0.988564 0.983974 0.983542 0.982551 0.982528 0.982639 
1.000000 1.000000 1.000000 1.000000 1.000000 0.925729 0.922483 0.927515 0.925151 0.922414 0.910793 0.915770 0.907091 0.921225 0.928997 1.000000 1.000000 1.000000 1.000000 1.000000 0.971694 0.967772 0.960303 0.968049 0.967478 0.917668 0.921296 0.916496 0.928035 0.949797 1.000000 1.000000 1.000000 1.000000 1.000000 0.926787 0.926843 0.939169 0.904019 0.923805 0.909028 0.908848 0.904832 0.923636 0.921173 1.000000 1.000000 1.000000 1.000000 1.000000 0.937338 0.922903 0.956346 0.918868 0.924873 0.903042 0.901771 0.955762 0.945359 0.901120 1.000000 1.000000 1.000000 1.000000 1.000000 0.926009 0.939536 0.945290 0.943271 0.921582 0.918226 0.920706 0.904979 0.924461 0.912629 1.000000 1.000000 1.000000 1.000000 1.000000 0.943124 0.937447 0.939784 0.939373 0.964247 0.911565 0.912314 0.927767 0.887471 0.944720 1.000000 1.000000 1.000000 1.000000 1.000000 0.896066 0.896360 0.910864 0.886899 0.890222 0.877866 0.882103 0.884492 0.885057 0.894713 1.000000 1.000000 1.000000 1.000000 1.000000 0.941195 0.944788 0.943219 0.943274 0.952839 0.886290 0.865165 0.893131 0.883171 0.884216 1.000000 1.000000 1.000000 1.000000 1.000000 0.941295 0.938735 0.940932 0.943257 0.949368 0.925825 0.925849 0.924337 0.925633 0.932934 
1.000000 1.000000 1.000000 1.000000 1.000000 1.007353 1.008058 1.009273 1.008202 1.009249 1.011350 1.011108 1.011822 1.011074 1.011526 1.000000 1.000000 1.000000 1.000000 1.000000 1.002686 1.003311 1.003396 1.003856 1.004295 1.009132 1.008869 1.010613 1.009207 1.008876 1.000000 1.000000 1.000000 1.000000 1.000000 1.011046 1.008320 1.010200 1.007775 1.007685 1.012863 1.012433 1.016170 1.012173 1.012747 1.000000 1.000000 1.000000 1.000000 1.000000 1.004638 1.007264 1.011836 1.005425 1.015120 1.011813 1.013114 1.010811 1.010527 1.009024 1.000000 1.000000 1.000000 1.000000 1.000000 1.009675 1.009129 1.007340 1.008927 1.008424 1.011079 1.010688 1.012165 1.009608 1.015680 1.000000 1.000000 1.000000 1.000000 1.000000 1.005789 1.007222 1.006119 1.006596 1.005358 1.010705 1.010706 1.009786 1.012785 1.011569 1.000000 1.000000 1.000000 1.000000 1.000000 1.009378 1.009851 1.008078 1.009985 1.009944 1.011531 1.010390 1.010324 1.010730 1.009582 1.000000 1.000000 1.000000 1.000000 1.000000 1.007230 1.007272 1.007315 1.008315 1.009418 1.011904 1.014432 1.012368 1.015116 1.012903 1.000000 1.000000 1.000000 1.000000 1.000000 1.006112 1.006869 1.006898 1.006588 1.006771 1.009248 1.009560 1.010531 1.010413 1.010711 
1.000000 1.000000 1.000000 1.000000 1.000000 0.995541 0.996758 1.000375 0.997281 0.999208 1.000344 1.001388 1.000666 1.003805 1.007476 1.000000 1.000000 1.000000 1.000000 1.000000 0.998614 0.998233 0.997256 0.999456 1.000719 0.996974 0.998274 1.000544 1.000671 1.007042 1.000000 1.000000 1.000000 1.000000 1.000000 1.005802 0.999332 1.007784 0.989899 0.997481 1.004479 1.002377 1.011265 1.007411 1.006741 1.000000 1.000000 1.000000 1.000000 1.000000 0.993277 0.995174 1.015614 0.991176 1.013021 0.999094 1.003492 1.013469 1.010434 0.988437 1.000000 1.000000 1.000000 1.000000 1.000000 1.001899 1.004269 1.002221 1.006070 0.999317 1.002559 1.002057 1.002079 1.001709 1.011946 1.000000 1.000000 1.000000 1.000000 1.000000 0.998072 0.999574 0.997093 0.998360 1.002486 0.998959 0.999787 1.002224 0.998079 1.013118 1.000000 1.000000 1.000000 1.000000 1.000000 0.988147 0.990000 0.989734 0.987352 0.988263 0.988467 0.987727 0.987891 0.988638 0.989009 1.000000 1.000000 1.000000 1.000000 1.000000 1.000804 1.001692 1.001380 1.004412 1.010332 0.991891 0.991882 0.995888 0.999050 0.993657 1.000000 1.000000 1.000000 1.000000 1.000000 0.997202 0.998773 0.999246 0.999110 1.001968 1.000565 1.001544 1.003360 1.003732 1.006997 
1.000000 1.000000 1.000000 1.000000 1.000000 1.021745 1.022666 1.019532 1.021253 1.021528 1.025134 1.023315 1.025920 1.021120 1.017930 1.000000 1.000000 1.000000 1.000000 1.000000 1.008205 1.009493 1.011735 1.008834 1.008826 1.023931 1.022680 1.023284 1.019810 1.012042 1.000000 1.000000 1.000000 1.000000 1.000000 1.018579 1.019941 1.013834 1.029504 1.021730 1.024149 1.024916 1.024035 1.018828 1.019487 1.000000 1.000000 1.000000 1.000000 1.000000 1.019576 1.022287 1.006178 1.025871 1.015903 1.028213 1.026910 1.008263 1.012394 1.031855 1.000000 1.000000 1.000000 1.000000 1.000000 1.019482 1.014946 1.014244 1.013415 1.022383 1.022156 1.021704 1.026091 1.020226 1.021147 1.000000 1.000000 1.000000 1.000000 1.000000 1.016277 1.017291 1.017577 1.017299 1.008978 1.025198 1.024842 1.019462 1.032624 1.011540 1.000000 1.000000 1.000000 1.000000 1.000000 1.032959 1.031822 1.028442 1.035518 1.034315 1.037439 1.036839 1.036375 1.035820 1.033141 1.000000 1.000000 1.000000 1.000000 1.000000 1.015772 1.014450 1.014988 1.013971 1.009621 1.034383 1.041870 1.031640 1.033839 1.034623 1.000000 1.000000 1.000000 1.000000 1.000000 1.016957 1.017100 1.016331 1.015647 1.013121 1.020606 1.020175 1.020014 1.019580 1.016514 
1.000000 1.000000 1.000000 1.000000 1.000000 0.978976 0.978005 0.979435 0.979146 0.977794 0.974383 0.975940 0.973360 0.977544 0.979919 1.000000 1.000000 1.000000 1.000000 1.000000 0.991743 0.990816 0.988463 0.991035 0.990739 0.976500 0.977551 0.976264 0.979326 0.985972 1.000000 1.000000 1.000000 1.000000 1.000000 0.979515 0.978893 0.982378 0.973152 0.977630 0.973854 0.973915 0.972179 0.977828 0.977298 1.000000 1.000000 1.000000 1.000000 1.000000 0.981932 0.978238 0.987057 0.975758 0.978340 0.971661 0.971435 0.987689 0.984193 0.972765 1.000000 1.000000 1.000000 1.000000 1.000000 0.979427 0.982818 0.984296 0.983603 0.977180 0.976345 0.977282 0.972674 0.978557 0.975005 1.000000 1.000000 1.000000 1.000000 1.000000 0.983736 0.981932 0.982645 0.982725 0.989496 0.974754 0.974704 0.978985 0.967634 0.984860 1.000000 1.000000 1.000000 1.000000 1.000000 0.971517 0.971652 0.975524 0.968941 0.969831 0.966408 0.967142 0.967749 0.968141 0.970729 1.000000 1.000000 1.000000 1.000000 1.000000 0.983180 0.984288 0.983880 0.983630 0.986427 0.968254 0.961873 0.969805 0.966865 0.967302 1.000000 1.000000 1.000000 1.000000 1.000000 0.983528 0.982635 0.983200 0.983997 0.985317 0.978733 0.978640 0.978345 0.978692 0.980759 
1.000000 1.000000 1.000000 1.000000 1.000000 0.994081 0.993883 0.994359 0.994542 0.993826 0.993387 0.993916 0.993166 0.994593 0.995805 1.000000 1.000000 1.000000 1.000000 1.000000 0.997698 0.997321 0.996854 0.997513 0.997530 0.993635 0.994097 0.994031 0.994615 0.997162 1.000000 1.000000 1.000000 1.000000 1.000000 0.995397 0.994568 0.996144 0.992917 0.993715 0.993762 0.993590 0.993982 0.994898 0.995151 1.000000 1.000000 1.000000 1.000000 1.000000 0.994536 0.994465 0.997366 0.992076 0.994253 0.992548 0.993345 0.997805 0.996560 0.989921 1.000000 1.000000 1.000000 1.000000 1.000000 0.995351 0.995817 0.996063 0.996400 0.993788 0.993926 0.994409 0.993374 0.995014 0.995243 1.000000 1.000000 1.000000 1.000000 1.000000 0.995768 0.995062 0.994802 0.995431 0.996996 0.993431 0.993290 0.994591 0.992004 0.997876 1.000000 1.000000 1.000000 1.000000 1.000000 0.990228 0.991098 0.991344 0.989953 0.990164 0.989488 0.989362 0.989601 0.989595 0.990160 1.000000 1.000000 1.000000 1.000000 1.000000 0.995821 0.996194 0.996090 0.996256 0.997593 0.990782 0.989243 0.991294 0.990640 0.990088 1.000000 1.000000 1.000000 1.000000 1.000000 0.995573 0.995581 0.995619 0.995909 0.996303 0.994682 0.994711 0.994829 0.995027 0.995874 
1.000000 1.000000 1.000000 1.000000 1.000000 1.019030 1.020423 1.020716 1.019726 1.021443 1.025524 1.024423 1.026504 1.023428 1.022325 1.000000 1.000000 1.000000 1.000000 1.000000 1.007053 1.008520 1.009405 1.008914 1.009500 1.022187 1.021295 1.023661 1.020500 1.016513 1.000000 1.000000 1.000000 1.000000 1.000000 1.022256 1.019278 1.019078 1.022326 1.019527 1.026908 1.026758 1.030885 1.023540 1.024056 1.000000 1.000000 1.000000 1.000000 1.000000 1.014677 1.018647 1.018292 1.018937 1.027312 1.027267 1.028020 1.017744 1.019217 1.027307 1.000000 1.000000 1.000000 1.000000 1.000000 1.020588 1.018333 1.015699 1.017211 1.020832 1.024093 1.023058 1.026782 1.020883 1.028712 1.000000 1.000000 1.000000 1.000000 1.000000 1.014444 1.016992 1.015896 1.016014 1.011171 1.024758 1.024698 1.021023 1.030306 1.019539 1.000000 1.000000 1.000000 1.000000 1.000000 1.027710 1.027250 1.024097 1.029229 1.028722 1.031967 1.030419 1.030081 1.030511 1.027970 1.000000 1.000000 1.000000 1.000000 1.000000 1.016074 1.015542 1.015823 1.016660 1.016098 1.030673 1.037129 1.030279 1.034993 1.032558 1.000000 1.000000 1.000000 1.000000 1.000000 1.015224 1.016158 1.015967 1.015201 1.014443 1.020766 1.020966 1.022130 1.021725 1.020672 
1.000000 1.000000 1.000000 1.000000 1.000000 0.977774 0.976515 0.978578 0.978251 0.976811 0.973639 0.975286 0.972666 0.977055 0.980049 1.000000 1.000000 1.000000 1.000000 1.000000 0.991519 0.990137 0.988253 0.990531 0.990295 0.975503 0.976594 0.975629 0.978863 0.985980 1.000000 1.000000 1.000000 1.000000 1.000000 0.979222 0.978998 0.983420 0.972185 0.977038 0.973838 0.973557 0.972928 0.978523 0.978851 1.000000 1.000000 1.000000 1.000000 1.000000 0.980462 0.978100 0.988697 0.973323 0.978063 0.971032 0.971800 0.987880 0.984214 0.965979 1.000000 1.000000 1.000000 1.000000 1.000000 0.979520 0.982881 0.984199 0.984419 0.976035 0.975845 0.976981 0.972436 0.978752 0.976296 1.000000 1.000000 1.000000 1.000000 1.000000 0.983333 0.981350 0.981313 0.982097 0.989111 0.973884 0.973794 0.978824 0.967130 0.985729 1.000000 1.000000 1.000000 1.000000 1.000000 0.965780 0.967479 0.970137 0.963902 0.964812 0.961688 0.962195 0.962923 0.962983 0.965537 1.000000 1.000000 1.000000 1.000000 1.000000 0.983158 0.984374 0.983905 0.984223 0.987650 0.965275 0.958098 0.966970 0.963773 0.963733 1.000000 1.000000 1.000000 1.000000 1.000000 0.982728 0.982357 0.982856 0.983721 0.985469 0.978403 0.978550 0.978344 0.978831 0.981359 
1.000000 1.000000 1.000000 1.000000 1.000000 1.014162 1.014837 1.013213 1.013776 1.014400 1.016494 1.015352 1.016996 1.013927 1.011792 1.000000 1.000000 1.000000 1.000000 1.000000 1.005251 1.006286 1.007343 1.005943 1.005955 1.015584 1.014699 1.015205 1.013071 1.008135 1.000000 1.000000 1.000000 1.000000 1.000000 1.012325 1.012784 1.009235 1.018272 1.014065 1.015822 1.016324 1.015922 1.012570 1.012687 1.000000 1.000000 1.000000 1.000000 1.000000 1.012577 1.013867 1.005279 1.016886 1.012306 1.018332 1.017186 1.006318 1.008743 1.022870 1.000000 1.000000 1.000000 1.000000 1.000000 1.012467 1.010101 1.009413 1.008799 1.014569 1.014708 1.014205 1.016827 1.012882 1.013809 1.000000 1.000000 1.000000 1.000000 1.000000 1.010335 1.011397 1.011740 1.011175 1.006385 1.016432 1.016324 1.012916 1.020607 1.007643 1.000000 1.000000 1.000000 1.000000 1.000000 1.022962 1.021610 1.020053 1.024122 1.023456 1.025347 1.024971 1.024618 1.024557 1.022889 1.000000 1.000000 1.000000 1.000000 1.000000 1.010188 1.009403 1.009720 1.009111 1.006456 1.022851 1.027558 1.021297 1.023095 1.023590 1.000000 1.000000 1.000000 1.000000 1.000000 1.010975 1.010958 1.010624 1.010121 1.008631 1.013340 1.013093 1.013090 1.012725 1.010829 
1.000000 1.000000 1.000000 1.000000 1.000000 1.047608 1.050838 1.049294 1.048497 1.052028 1.062260 1.059070 1.064599 1.056109 1.052390 1.000000 1.000000 1.000000 1.000000 1.000000 1.018123 1.021127 1.024740 1.021324 1.022654 1.055038 1.052894 1.057555 1.049737 1.037806 1.000000 1.000000 1.000000 1.000000 1.000000 1.052173 1.047984 1.044268 1.058533 1.049642 1.064709 1.064547 1.072926 1.055462 1.056741 1.000000 1.000000 1.000000 1.000000 1.000000 1.038655 1.047884 1.037894 1.050831 1.059057 1.067808 1.069265 1.037612 1.043398 1.064969 1.000000 1.000000 1.000000 1.000000 1.000000 1.049622 1.042712 1.037701 1.040562 1.052400 1.058127 1.055790 1.065906 1.051148 1.066910 1.000000 1.000000 1.000000 1.000000 1.000000 1.036646 1.041798 1.039478 1.039900 1.025919 1.060731 1.060627 1.050889 1.076424 1.043535 1.000000 1.000000 1.000000 1.000000 1.000000 1.066880 1.066175 1.057830 1.071703 1.070051 1.077991 1.075199 1.074425 1.074370 1.068193 1.000000 1.000000 1.000000 1.000000 1.000000 1.039377 1.037499 1.038318 1.039749 1.036383 1.075262 1.092315 1.073514 1.083641 1.078838 1.000000 1.000000 1.000000 1.000000 1.000000 1.037831 1.040090 1.039176 1.037267 1.034872 1.050979 1.051247 1.053212 1.052372 1.048781 
1.000000 1.000000 1.000000 1.000000 1.000000 0.964234 0.962508 0.965448 0.964142 0.962908 0.957000 0.959513 0.955382 0.962348 0.966368 1.000000 1.000000 1.000000 1.000000 1.000000 0.986545 0.984359 0.981153 0.984673 0.984413 0.960233 0.962062 0.959905 0.965607 0.976299 1.000000 1.000000 1.000000 1.000000 1.000000 0.965390 0.965670 0.972224 0.953713 0.963846 0.956803 0.956308 0.954883 0.964368 0.963390 1.000000 1.000000 1.000000 1.000000 1.000000 0.969538 0.963490 0.980964 0.960362 0.965016 0.953055 0.953277 0.979515 0.974377 0.949348 1.000000 1.000000 1.000000 1.000000 1.000000 0.965204 0.971724 0.974283 0.973956 0.962459 0.960903 0.962052 0.954718 0.964433 0.958932 1.000000 1.000000 1.000000 1.000000 1.000000 0.972951 0.970276 0.970894 0.970987 0.983107 0.957320 0.957767 0.965641 0.945873 0.974539 1.000000 1.000000 1.000000 1.000000 1.000000 0.947507 0.948547 0.954730 0.943520 0.945148 0.939501 0.941369 0.942361 0.942576 0.947161 1.000000 1.000000 1.000000 1.000000 1.000000 0.972339 0.974097 0.973321 0.973776 0.978737 0.943996 0.932841 0.947353 0.942301 0.942774 1.000000 1.000000 1.000000 1.000000 1.000000 0.971799 0.970928 0.971945 0.973092 0.976321 0.964563 0.964794 0.964164 0.964855 0.968683 
1.000000 1.000000 1.000000 1.000000 1.000000 0.960983 0.958419 0.959193 0.960292 0.956907 0.949942 0.952348 0.947835 0.954317 0.957276 1.000000 1.000000 1.000000 1.000000 1.000000 0.984914 0.982760 0.979464 0.982444 0.981385 0.955586 0.957128 0.953398 0.959445 0.968980 1.000000 1.000000 1.000000 1.000000 1.000000 0.956896 0.959952 0.962486 0.952946 0.958518 0.947270 0.948042 0.941253 0.953996 0.953410 1.000000 1.000000 1.000000 1.000000 1.000000 0.968278 0.960589 0.967088 0.957824 0.950026 0.945828 0.944038 0.968528 0.963934 0.948041 1.000000 1.000000 1.000000 1.000000 1.000000 0.959007 0.964290 0.968499 0.965737 0.956402 0.952820 0.954863 0.946514 0.957903 0.946188 1.000000 1.000000 1.000000 1.000000 1.000000 0.969680 0.965198 0.967373 0.967248 0.978154 0.951193 0.950919 0.958443 0.938749 0.963884 1.000000 1.000000 1.000000 1.000000 1.000000 0.946457 0.946776 0.953722 0.942488 0.943725 0.937119 0.939301 0.940450 0.940291 0.945225 1.000000 1.000000 1.000000 1.000000 1.000000 0.967211 0.968789 0.968132 0.966555 0.969067 0.940334 0.928152 0.941776 0.934140 0.937356 1.000000 1.000000 1.000000 1.000000 1.000000 0.969052 0.966975 0.967707 0.969269 0.970835 0.958570 0.958088 0.956439 0.957093 0.959639 
1.000000 1.000000 1.000000 1.000000 1.000000 1.004817 1.004850 1.003880 1.004537 1.004164 1.004525 1.004085 1.004515 1.003133 1.001804 1.000000 1.000000 1.000000 1.000000 1.000000 1.001347 1.002197 1.001916 1.001983 1.001644 1.004941 1.004306 1.004156 1.003385 1.001124 1.000000 1.000000 1.000000 1.000000 1.000000 1.002458 1.002783 1.000288 1.006624 1.003358 1.003152 1.004056 1.001651 1.001403 1.001505 1.000000 1.000000 1.000000 1.000000 1.000000 1.004439 1.004028 0.998279 1.005446 1.001845 1.004854 1.003005 0.999853 1.000471 1.012390 1.000000 1.000000 1.000000 1.000000 1.000000 1.002898 1.001919 1.001849 1.000498 1.003460 1.003406 1.003430 1.003607 1.002643 1.001136 1.000000 1.000000 1.000000 1.000000 1.000000 1.002705 1.002876 1.003843 1.003192 1.001297 1.004837 1.004435 1.002755 1.005307 0.999678 1.000000 1.000000 1.000000 1.000000 1.000000 1.011851 1.010270 1.010556 1.011734 1.011412 1.011723 1.011413 1.011331 1.011621 1.011030 1.000000 1.000000 1.000000 1.000000 1.000000 1.002173 1.001931 1.002085 1.000960 0.999157 1.009480 1.010863 1.008095 1.008332 1.009587 1.000000 1.000000 1.000000 1.000000 1.000000 1.003650 1.002948 1.002888 1.002826 1.001508 1.003283 1.002853 1.002672 1.002367 1.001124 
1.000000 1.000000 1.000000 1.000000 1.000000 1.053366 1.056873 1.053636 1.054157 1.057008 1.068606 1.064880 1.071135 1.061334 1.056697 1.000000 1.000000 1.000000 1.000000 1.000000 1.020318 1.023554 1.028090 1.023390 1.024699 1.061334 1.058998 1.063515 1.054531 1.040393 1.000000 1.000000 1.000000 1.000000 1.000000 1.056620 1.053047 1.046881 1.067574 1.055208 1.070556 1.070788 1.078248 1.059181 1.060791 1.000000 1.000000 1.000000 1.000000 1.000000 1.044211 1.054311 1.036824 1.057907 1.060087 1.075089 1.076217 1.038328 1.045563 1.072276 1.000000 1.000000 1.000000 1.000000 1.000000 1.054733 1.045785 1.041003 1.043420 1.058321 1.063418 1.061192 1.072686 1.056502 1.071696 1.000000 1.000000 1.000000 1.000000 1.000000 1.041164 1.046002 1.043804 1.044523 1.027414 1.067331 1.066912 1.055280 1.085765 1.046074 1.000000 1.000000 1.000000 1.000000 1.000000 1.074988 1.074303 1.064640 1.080919 1.078782 1.087579 1.084682 1.083883 1.083356 1.076408 1.000000 1.000000 1.000000 1.000000 1.000000 1.043341 1.040995 1.042024 1.042891 1.038002 1.084302 1.103989 1.081464 1.091806 1.087260 1.000000 1.000000 1.000000 1.000000 1.000000 1.042395 1.044643 1.043312 1.041297 1.037856 1.056336 1.056316 1.058083 1.057203 1.052497 
1.000000 1.000000 1.000000 1.000000 1.000000 0.985220 0.984462 0.984338 0.984397 0.983772 0.980302 0.981162 0.979441 0.981910 0.982532 1.000000 1.000000 1.000000 1.000000 1.000000 0.994335 0.993615 0.992162 0.993277 0.992892 0.982749 0.983410 0.981545 0.984112 0.987363 1.000000 1.000000 1.000000 1.000000 1.000000 0.982691 0.984162 0.984515 0.981179 0.984548 0.978832 0.979077 0.975978 0.981514 0.980209 1.000000 1.000000 1.000000 1.000000 1.000000 0.988707 0.984112 0.986153 0.986219 0.980700 0.978835 0.977452 0.987095 0.985761 0.983985 1.000000 1.000000 1.000000 1.000000 1.000000 0.983082 0.985698 0.987647 0.985930 0.984030 0.981499 0.981970 0.978757 0.982824 0.976990 1.000000 1.000000 1.000000 1.000000 1.000000 0.988269 0.986833 0.988262 0.987353 0.991947 0.980736 0.981045 0.983765 0.975438 0.984318 1.000000 1.000000 1.000000 1.000000 1.000000 0.982262 0.981026 0.985091 0.980013 0.980574 0.977591 0.979082 0.979305 0.979435 0.981632 1.000000 1.000000 1.000000 1.000000 1.000000 0.987007 0.987467 0.987221 0.986403 0.986899 0.977390 0.972931 0.978182 0.975180 0.977034 1.000000 1.000000 1.000000 1.000000 1.000000 0.988009 0.986898 0.987297 0.987769 0.988467 0.983550 0.983321 0.982488 0.982663 0.983478 
1.000000 1.000000 1.000000 1.000000 1.000000 1.012174 1.012510 1.010626 1.011609 1.011875 1.013375 1.012268 1.013678 1.010674 1.008474 1.000000 1.000000 1.000000 1.000000 1.000000 1.004436 1.005369 1.006335 1.004906 1.004695 1.013133 1.012164 1.012312 1.010509 1.005566 1.000000 1.000000 1.000000 1.000000 1.000000 1.009023 1.010384 1.006139 1.016449 1.011674 1.012140 1.012856 1.011323 1.009255 1.009624 1.000000 1.000000 1.000000 1.000000 1.000000 1.011213 1.011981 1.001685 1.014927 1.007829 1.015209 1.013572 1.002932 1.005328 1.020519 1.000000 1.000000 1.000000 1.000000 1.000000 1.009785 1.007461 1.007212 1.006067 1.011784 1.011428 1.011256 1.013332 1.010108 1.009493 1.000000 1.000000 1.000000 1.000000 1.000000 1.008629 1.009234 1.009931 1.009282 1.004723 1.013462 1.013263 1.010232 1.016934 1.004059 1.000000 1.000000 1.000000 1.000000 1.000000 1.020645 1.019239 1.018015 1.021702 1.021011 1.022510 1.022273 1.021974 1.021826 1.020399 1.000000 1.000000 1.000000 1.000000 1.000000 1.008087 1.007326 1.007628 1.006610 1.003538 1.019905 1.023792 1.017953 1.018863 1.020173 1.000000 1.000000 1.000000 1.000000 1.000000 1.009340 1.009045 1.008700 1.008328 1.006623 1.010710 1.010359 1.010079 1.009723 1.007733 
1.000000 1.000000 1.000000 1.000000 1.000000 1.012336 1.013159 1.012458 1.011972 1.013334 1.014946 1.014038 1.015402 1.012959 1.011212 1.000000 1.000000 1.000000 1.000000 1.000000 1.004508 1.005639 1.006016 1.005500 1.005650 1.013712 1.012943 1.013671 1.011964 1.008130 1.000000 1.000000 1.000000 1.000000 1.000000 1.011690 1.011131 1.009100 1.014303 1.012390 1.014600 1.014871 1.015454 1.012192 1.011751 1.000000 1.000000 1.000000 1.000000 1.000000 1.010616 1.011160 1.007440 1.014780 1.014446 1.016351 1.015234 1.007793 1.009487 1.022416 1.000000 1.000000 1.000000 1.000000 1.000000 1.010906 1.009780 1.008764 1.008385 1.013104 1.013730 1.012936 1.015013 1.011236 1.013193 1.000000 1.000000 1.000000 1.000000 1.000000 1.008779 1.010380 1.010728 1.009765 1.006631 1.014636 1.014818 1.012063 1.017488 1.007858 1.000000 1.000000 1.000000 1.000000 1.000000 1.021596 1.019663 1.019180 1.021887 1.021519 1.023006 1.022728 1.022356 1.022720 1.021389 1.000000 1.000000 1.000000 1.000000 1.000000 1.009061 1.008500 1.008716 1.008482 1.006752 1.020356 1.024445 1.019631 1.021956 1.021976 1.000000 1.000000 1.000000 1.000000 1.000000 1.009494 1.009457 1.009413 1.008858 1.007986 1.011871 1.011773 1.012012 1.011609 1.010280 
1.000000 1.000000 1.000000 1.000000 1.000000 1.000549 1.001104 1.004437 1.002140 1.003419 1.005171 1.005664 1.005628 1.006856 1.009191 1.000000 1.000000 1.000000 1.000000 1.000000 1.000364 1.000279 0.999960 1.001401 1.002181 1.002300 1.002656 1.004965 1.004555 1.007704 1.000000 1.000000 1.000000 1.000000 1.000000 1.008068 1.003831 1.009840 0.997989 1.001832 1.008433 1.007159 1.013632 1.009904 1.010662 1.000000 1.000000 1.000000 1.000000 1.000000 0.997550 1.001020 1.015635 0.995727 1.014724 1.004543 1.007785 1.012384 1.010308 0.994131 1.000000 1.000000 1.000000 1.000000 1.000000 1.005847 1.006932 1.004658 1.008050 1.002401 1.006418 1.005998 1.006477 1.005647 1.014423 1.000000 1.000000 1.000000 1.000000 1.000000 1.001384 1.002865 1.000541 1.001875 1.003735 1.004211 1.004379 1.005640 1.004642 1.012758 1.000000 1.000000 1.000000 1.000000 1.000000 0.994925 0.997252 0.995281 0.995270 0.995741 0.996907 0.995550 0.995712 0.996191 0.995704 1.000000 1.000000 1.000000 1.000000 1.000000 1.003887 1.004518 1.004324 1.006722 1.010640 1.000080 1.000120 1.002248 1.005054 1.001035 1.000000 1.000000 1.000000 1.000000 1.000000 1.001061 1.002558 1.002842 1.002695 1.004463 1.004503 1.005307 1.006811 1.006966 1.008973 
1.000000 1.000000 1.000000 1.000000 1.000000 1.010171 1.010652 1.010396 1.010520 1.010980 1.013225 1.012544 1.013740 1.011860 1.011212 1.000000 1.000000 1.000000 1.000000 1.000000 1.003904 1.004409 1.005444 1.004504 1.004706 1.011760 1.011242 1.012331 1.010605 1.007992 1.000000 1.000000 1.000000 1.000000 1.000000 1.011091 1.010575 1.009705 1.013153 1.010586 1.013885 1.013829 1.015542 1.012019 1.012840 1.000000 1.000000 1.000000 1.000000 1.000000 1.008114 1.010829 1.008030 1.010169 1.011932 1.014456 1.015075 1.007627 1.008830 1.011796 1.000000 1.000000 1.000000 1.000000 1.000000 1.011010 1.009174 1.008077 1.008903 1.010872 1.012233 1.011962 1.014174 1.011268 1.014643 1.000000 1.000000 1.000000 1.000000 1.000000 1.007970 1.008854 1.008125 1.008562 1.005251 1.012950 1.012778 1.010848 1.016578 1.009420 1.000000 1.000000 1.000000 1.000000 1.000000 1.012831 1.013379 1.010859 1.014311 1.013885 1.015801 1.014978 1.014823 1.014666 1.013221 1.000000 1.000000 1.000000 1.000000 1.000000 1.008592 1.008201 1.008382 1.008722 1.007973 1.015671 1.018923 1.014990 1.016834 1.015911 1.000000 1.000000 1.000000 1.000000 1.000000 1.008163 1.008781 1.008493 1.008159 1.007550 1.010971 1.011065 1.011472 1.011336 1.010598 
1.000000 1.000000 1.000000 1.000000 1.000000 1.023981 1.025937 1.026317 1.024773 1.027308 1.032448 1.031076 1.033736 1.030020 1.028702 1.000000 1.000000 1.000000 1.000000 1.000000 1.009027 1.010778 1.011976 1.011250 1.012148 1.028013 1.027060 1.030027 1.026109 1.021290 1.000000 1.000000 1.000000 1.000000 1.000000 1.028544 1.024577 1.024694 1.027612 1.025121 1.034462 1.034023 1.039930 1.030365 1.030564 1.000000 1.000000 1.000000 1.000000 1.000000 1.018614 1.023354 1.023981 1.024569 1.035347 1.034705 1.035952 1.023176 1.025175 1.034246 1.000000 1.000000 1.000000 1.000000 1.000000 1.026050 1.023464 1.020165 1.022266 1.026995 1.030887 1.029367 1.034303 1.026605 1.036850 1.000000 1.000000 1.000000 1.000000 1.000000 1.018395 1.021776 1.020291 1.020344 1.014496 1.031355 1.031517 1.026955 1.038499 1.025330 1.000000 1.000000 1.000000 1.000000 1.000000 1.034534 1.033849 1.030107 1.036335 1.035768 1.039808 1.038108 1.037633 1.038154 1.035058 1.000000 1.000000 1.000000 1.000000 1.000000 1.020534 1.019827 1.020168 1.021478 1.021025 1.038247 1.046679 1.038226 1.044408 1.040994 1.000000 1.000000 1.000000 1.000000 1.000000 1.019149 1.020455 1.020243 1.019196 1.018555 1.026453 1.026792 1.028297 1.027824 1.026657 
1.000000 1.000000 1.000000 1.000000 1.000000 0.966131 0.964770 0.967669 0.966531 0.965001 0.959802 0.962349 0.958208 0.965188 0.969445 1.000000 1.000000 1.000000 1.000000 1.000000 0.986842 0.985264 0.981464 0.985755 0.985519 0.962545 0.964342 0.962689 0.967634 0.978875 1.000000 1.000000 1.000000 1.000000 1.000000 0.968422 0.966749 0.973576 0.955902 0.964605 0.959600 0.959323 0.958253 0.966494 0.965607 1.000000 1.000000 1.000000 1.000000 1.000000 0.970537 0.964866 0.982366 0.960806 0.968155 0.955610 0.955803 0.982558 0.976766 0.954983 1.000000 1.000000 1.000000 1.000000 1.000000 0.967651 0.973602 0.975641 0.975193 0.964034 0.963251 0.964608 0.957330 0.966412 0.962542 1.000000 1.000000 1.000000 1.000000 1.000000 0.974059 0.971560 0.972286 0.972505 0.983993 0.960078 0.960244 0.967486 0.948753 0.977844 1.000000 1.000000 1.000000 1.000000 1.000000 0.952885 0.953360 0.959525 0.948673 0.950245 0.944851 0.946055 0.947072 0.947732 0.951924 1.000000 1.000000 1.000000 1.000000 1.000000 0.973642 0.975505 0.974790 0.974974 0.980265 0.948503 0.938507 0.951662 0.947557 0.947426 1.000000 1.000000 1.000000 1.000000 1.000000 0.973506 0.972402 0.973408 0.974589 0.977287 0.966626 0.966683 0.966446 0.967049 0.970841 
1.000000 1.000000 1.000000 1.000000 1.000000 0.981501 0.981439 0.985401 0.982476 0.983550 0.981467 0.983217 0.981003 0.986027 0.990103 1.000000 1.000000 1.000000 1.000000 1.000000 0.993363 0.992030 0.990141 0.992988 0.993709 0.980665 0.982247 0.982814 0.985592 0.994150 1.000000 1.000000 1.000000 1.000000 1.000000 0.988625 0.985002 0.993567 0.972910 0.983054 0.984234 0.982500 0.987861 0.989764 0.988938 1.000000 1.000000 1.000000 1.000000 1.000000 0.982341 0.981001 1.002957 0.977271 0.994114 0.979055 0.982018 0.999934 0.995842 0.969509 1.000000 1.000000 1.000000 1.000000 1.000000 0.986039 0.990767 0.990486 0.993058 0.983343 0.984781 0.984831 0.981623 0.985703 0.989882 1.000000 1.000000 1.000000 1.000000 1.000000 0.987021 0.987027 0.985551 0.986309 0.994600 0.980637 0.981511 0.986753 0.975001 0.997279 1.000000 1.000000 1.000000 1.000000 1.000000 0.968528 0.970350 0.972816 0.966311 0.967664 0.965380 0.965829 0.966314 0.966856 0.969145 1.000000 1.000000 1.000000 1.000000 1.000000 0.988675 0.990009 0.989436 0.991839 0.997875 0.969736 0.964388 0.973883 0.973631 0.970484 1.000000 1.000000 1.000000 1.000000 1.000000 0.985810 0.986599 0.987407 0.987767 0.991305 0.984969 0.985830 0.986704 0.987244 0.991129 
1.000000 1.000000 1.000000 1.000000 1.000000 1.021024 1.022111 1.022233 1.021824 1.023178 1.027851 1.026508 1.028924 1.025134 1.023866 1.000000 1.000000 1.000000 1.000000 1.000000 1.007949 1.009225 1.010885 1.009585 1.010060 1.024498 1.023339 1.025874 1.022378 1.017270 1.000000 1.000000 1.000000 1.000000 1.000000 1.023647 1.021818 1.020842 1.026192 1.021751 1.029339 1.029255 1.033265 1.025628 1.027153 1.000000 1.000000 1.000000 1.000000 1.000000 1.016340 1.021780 1.018805 1.020506 1.027497 1.030152 1.031247 1.017491 1.019530 1.026106 1.000000 1.000000 1.000000 1.000000 1.000000 1.022917 1.019742 1.017066 1.018906 1.022434 1.026007 1.025212 1.029507 1.023352 1.031323 1.000000 1.000000 1.000000 1.000000 1.000000 1.016229 1.018531 1.017033 1.017694 1.011560 1.027162 1.026844 1.022946 1.034037 1.020440 1.000000 1.000000 1.000000 1.000000 1.000000 1.027713 1.028417 1.023676 1.030302 1.029560 1.033463 1.031621 1.031324 1.031321 1.028348 1.000000 1.000000 1.000000 1.000000 1.000000 1.017863 1.017191 1.017520 1.018397 1.017273 1.033048 1.039676 1.031985 1.036406 1.034138 1.000000 1.000000 1.000000 1.000000 1.000000 1.016866 1.018115 1.017706 1.016957 1.015917 1.022901 1.023147 1.024200 1.023836 1.022481 
1.000000 1.000000 1.000000 1.000000 1.000000 1.045086 1.046772 1.042949 1.044959 1.045906 1.054454 1.050880 1.056182 1.046339 1.040473 1.000000 1.000000 1.000000 1.000000 1.000000 1.016683 1.019775 1.023493 1.019188 1.019256 1.050720 1.047625 1.050309 1.043097 1.027885 1.000000 1.000000 1.000000 1.000000 1.000000 1.041552 1.042428 1.032889 1.059742 1.044575 1.053379 1.055156 1.055157 1.042705 1.045381 1.000000 1.000000 1.000000 1.000000 1.000000 1.038362 1.045984 1.021434 1.049230 1.041726 1.060141 1.057694 1.022945 1.029812 1.064944 1.000000 1.000000 1.000000 1.000000 1.000000 1.042648 1.034334 1.031204 1.030892 1.045383 1.048751 1.047549 1.055758 1.043757 1.050095 1.000000 1.000000 1.000000 1.000000 1.000000 1.033393 1.036560 1.036268 1.036155 1.020413 1.054327 1.053116 1.042512 1.068700 1.028831 1.000000 1.000000 1.000000 1.000000 1.000000 1.067408 1.065939 1.058097 1.072539 1.070313 1.077355 1.074833 1.074228 1.073639 1.067678 1.000000 1.000000 1.000000 1.000000 1.000000 1.033845 1.031675 1.032636 1.031426 1.024086 1.072792 1.087294 1.067535 1.073756 1.073811 1.000000 1.000000 1.000000 1.000000 1.000000 1.035449 1.036200 1.034998 1.033565 1.028915 1.044334 1.043717 1.044190 1.043136 1.037438 
1.000000 1.000000 1.000000 1.000000 1.000000 0.994658 0.994692 0.995562 0.994675 0.995143 0.994190 0.994660 0.994017 0.995400 0.996269 1.000000 1.000000 1.000000 1.000000 1.000000 0.998068 0.997757 0.997099 0.997914 0.998085 0.994195 0.994649 0.994550 0.995467 0.997668 1.000000 1.000000 1.000000 1.000000 1.000000 0.996026 0.995224 0.997219 0.991906 0.995073 0.994649 0.994229 0.995247 0.996174 0.995491 1.000000 1.000000 1.000000 1.000000 1.000000 0.995259 0.994094 0.999691 0.994368 0.997626 0.993502 0.993930 0.999133 0.998150 0.993057 1.000000 1.000000 1.000000 1.000000 1.000000 0.995212 0.996766 0.996888 0.997212 0.995240 0.995141 0.995034 0.994058 0.995165 0.995506 1.000000 1.000000 1.000000 1.000000 1.000000 0.996077 0.996126 0.996047 0.995877 0.998372 0.993992 0.994363 0.995751 0.992083 0.997934 1.000000 1.000000 1.000000 1.000000 1.000000 0.992294 0.992174 0.993528 0.991333 0.991738 0.990847 0.991249 0.991312 0.991546 0.992338 1.000000 1.000000 1.000000 1.000000 1.000000 0.996331 0.996649 0.996493 0.996979 0.998377 0.991420 0.989946 0.992614 0.992450 0.991917 1.000000 1.000000 1.000000 1.000000 1.000000 0.995779 0.995800 0.996075 0.996143 0.997101 0.995193 0.995377 0.995498 0.995610 0.996566 
1.000000 1.000000 1.000000 1.000000 1.000000 0.983149 0.982078 0.981931 0.982753 0.980981 0.977703 0.978750 0.976738 0.979538 0.980557 1.000000 1.000000 1.000000 1.000000 1.000000 0.993337 0.992572 0.990959 0.992335 0.991768 0.980523 0.981205 0.979307 0.981859 0.985873 1.000000 1.000000 1.000000 1.000000 1.000000 0.980668 0.981959 0.982356 0.979871 0.981563 0.976089 0.976645 0.972669 0.978631 0.978096 1.000000 1.000000 1.000000 1.000000 1.000000 0.986577 0.982675 0.983635 0.982119 0.976787 0.975740 0.974485 0.985292 0.983317 0.979706 1.000000 1.000000 1.000000 1.000000 1.000000 0.981669 0.983736 0.985777 0.984020 0.980864 0.978759 0.979719 0.975953 0.981034 0.974824 1.000000 1.000000 1.000000 1.000000 1.000000 0.986666 0.984549 0.985897 0.985630 0.990087 0.978421 0.978215 0.981135 0.972782 0.983189 1.000000 1.000000 1.000000 1.000000 1.000000 0.978721 0.978268 0.981734 0.976772 0.977255 0.974201 0.975195 0.975631 0.975678 0.977851 1.000000 1.000000 1.000000 1.000000 1.000000 0.985265 0.985901 0.985660 0.984546 0.985226 0.974709 0.969508 0.975023 0.971471 0.973346 1.000000 1.000000 1.000000 1.000000 1.000000 0.986598 0.985378 0.985665 0.986388 0.986692 0.981482 0.981101 0.980284 0.980522 0.981361 
1.000000 1.000000 1.000000 1.000000 1.000000 1.016036 1.017583 1.017931 1.016891 1.018639 1.022569 1.021753 1.023579 1.021519 1.021294 1.000000 1.000000 1.000000 1.000000 1.000000 1.006292 1.007126 1.008397 1.007538 1.008410 1.019024 1.018761 1.021021 1.018212 1.015827 1.000000 1.000000 1.000000 1.000000 1.000000 1.020792 1.017506 1.018580 1.018530 1.017580 1.024853 1.024032 1.029684 1.022360 1.022504 1.000000 1.000000 1.000000 1.000000 1.000000 1.012231 1.016304 1.018182 1.016142 1.024808 1.024143 1.026338 1.017515 1.018830 1.019216 1.000000 1.000000 1.000000 1.000000 1.000000 1.018818 1.016805 1.014482 1.016770 1.019171 1.021814 1.020809 1.024733 1.019342 1.027774 1.000000 1.000000 1.000000 1.000000 1.000000 1.012993 1.015184 1.013491 1.014134 1.010082 1.021654 1.021896 1.019088 1.027365 1.019911 1.000000 1.000000 1.000000 1.000000 1.000000 1.020054 1.020603 1.017247 1.021770 1.021414 1.024428 1.023248 1.022921 1.023035 1.020903 1.000000 1.000000 1.000000 1.000000 1.000000 1.014739 1.014264 1.014488 1.015968 1.016492 1.024442 1.030528 1.024993 1.029429 1.026102 1.000000 1.000000 1.000000 1.000000 1.000000 1.012983 1.014362 1.014092 1.013374 1.013370 1.018743 1.019160 1.020384 1.020242 1.019931 
1.000000 1.000000 1.000000 1.000000 1.000000 1.010691 1.010773 1.007202 1.009366 1.008753 1.009364 1.008132 1.009531 1.006314 1.003054 1.000000 1.000000 1.000000 1.000000 1.000000 1.004005 1.004644 1.006061 1.003604 1.003120 1.010629 1.009778 1.008536 1.007163 1.001042 1.000000 1.000000 1.000000 1.000000 1.000000 1.004294 1.007888 1.001071 1.016072 1.010113 1.006882 1.008036 1.003257 1.003205 1.002869 1.000000 1.000000 1.000000 1.000000 1.000000 1.011514 1.010686 0.993720 1.016055 0.999146 1.011227 1.008434 0.996393 0.999884 1.019503 1.000000 1.000000 1.000000 1.000000 1.000000 1.006158 1.003335 1.004403 1.001928 1.009962 1.007245 1.007108 1.009003 1.006731 1.001245 1.000000 1.000000 1.000000 1.000000 1.000000 1.007430 1.007099 1.008660 1.007610 1.002363 1.010067 1.009802 1.006218 1.013537 0.997697 1.000000 1.000000 1.000000 1.000000 1.000000 1.019547 1.017552 1.017083 1.020638 1.019753 1.020613 1.021247 1.020875 1.020270 1.019251 1.000000 1.000000 1.000000 1.000000 1.000000 1.005629 1.004543 1.004932 1.003008 0.998289 1.017107 1.020530 1.014460 1.013659 1.016694 1.000000 1.000000 1.000000 1.000000 1.000000 1.007898 1.007091 1.006546 1.006265 1.003989 1.007586 1.006894 1.005834 1.005511 1.002645 
1.000000 1.000000 1.000000 1.000000 1.000000 0.984362 0.983534 0.984959 0.984980 0.983647 0.981758 0.982985 0.981116 0.984381 0.986813 1.000000 1.000000 1.000000 1.000000 1.000000 0.994017 0.992998 0.991768 0.993352 0.993237 0.982892 0.983782 0.983257 0.985323 0.990791 1.000000 1.000000 1.000000 1.000000 1.000000 0.986092 0.985447 0.988865 0.980807 0.983744 0.982186 0.981910 0.981865 0.985388 0.985845 1.000000 1.000000 1.000000 1.000000 1.000000 0.986022 0.984957 0.992393 0.980474 0.984538 0.979810 0.980870 0.992195 0.989421 0.974739 1.000000 1.000000 1.000000 1.000000 1.000000 0.986301 0.988276 0.989115 0.989550 0.983220 0.983279 0.984233 0.981186 0.985664 0.984589 1.000000 1.000000 1.000000 1.000000 1.000000 0.988472 0.986903 0.986621 0.987572 0.992217 0.981934 0.981748 0.985276 0.977544 0.991284 1.000000 1.000000 1.000000 1.000000 1.000000 0.975017 0.976701 0.978049 0.973974 0.974576 0.972549 0.972669 0.973223 0.973206 0.974890 1.000000 1.000000 1.000000 1.000000 1.000000 0.988440 0.989333 0.989019 0.989332 0.992062 0.975479 0.970611 0.976671 0.974515 0.974079 1.000000 1.000000 1.000000 1.000000 1.000000 0.987993 0.987858 0.988119 0.988783 0.989956 0.985171 0.985278 0.985260 0.985664 0.987572 
1.000000 1.000000 1.000000 1.000000 1.000000 0.982071 0.981646 0.984887 0.982971 0.983033 0.980908 0.982522 0.980322 0.984740 0.988174 1.000000 1.000000 1.000000 1.000000 1.000000 0.993248 0.992213 0.990196 0.993013 0.993333 0.980939 0.982158 0.982354 0.984930 0.992477 1.000000 1.000000 1.000000 1.000000 1.000000 0.987094 0.984326 0.991079 0.975067 0.982333 0.982592 0.981611 0.984501 0.987220 0.986942 1.000000 1.000000 1.000000 1.000000 1.000000 0.983088 0.981678 0.998761 0.977370 0.990500 0.978419 0.980289 0.996869 0.992908 0.972230 1.000000 1.000000 1.000000 1.000000 1.000000 0.985513 0.989408 0.989430 0.991014 0.982275 0.983538 0.983950 0.980402 0.984876 0.986984 1.000000 1.000000 1.000000 1.000000 1.000000 0.986901 0.986373 0.985517 0.986230 0.993467 0.980523 0.980870 0.985490 0.974751 0.994471 1.000000 1.000000 1.000000 1.000000 1.000000 0.971478 0.972961 0.975315 0.969417 0.970528 0.968209 0.968370 0.968922 0.969453 0.971538 1.000000 1.000000 1.000000 1.000000 1.000000 0.987952 0.989220 0.988730 0.990194 0.995025 0.971772 0.966275 0.974698 0.973792 0.971779 1.000000 1.000000 1.000000 1.000000 1.000000 0.986240 0.986506 0.987192 0.987709 0.990248 0.984353 0.984867 0.985453 0.985879 0.988999 
1.000000 1.000000 1.000000 1.000000 1.000000 1.033556 1.034714 1.030627 1.032654 1.033294 1.038552 1.035704 1.039652 1.031878 1.026421 1.000000 1.000000 1.000000 1.000000 1.000000 1.012316 1.014791 1.017434 1.013902 1.013667 1.036921 1.034474 1.035510 1.030405 1.017800 1.000000 1.000000 1.000000 1.000000 1.000000 1.027843 1.029973 1.020535 1.044732 1.032688 1.036356 1.038091 1.035503 1.028016 1.029232 1.000000 1.000000 1.000000 1.000000 1.000000 1.029810 1.033429 1.010171 1.039187 1.026384 1.043024 1.039535 1.012592 1.018515 1.053128 1.000000 1.000000 1.000000 1.000000 1.000000 1.029166 1.022975 1.021505 1.019713 1.033228 1.033877 1.032994 1.038790 1.030059 1.030997 1.000000 1.000000 1.000000 1.000000 1.000000 1.024269 1.026337 1.027282 1.026227 1.014165 1.038744 1.037997 1.029580 1.048810 1.016162 1.000000 1.000000 1.000000 1.000000 1.000000 1.054012 1.051288 1.046935 1.057240 1.055475 1.060080 1.058916 1.058291 1.057891 1.053753 1.000000 1.000000 1.000000 1.000000 1.000000 1.023630 1.021757 1.022538 1.020655 1.013611 1.054642 1.065341 1.050025 1.053611 1.055517 1.000000 1.000000 1.000000 1.000000 1.000000 1.026028 1.025849 1.024955 1.023881 1.019810 1.031149 1.030382 1.030149 1.029237 1.024229 
1.000000 1.000000 1.000000 1.000000 1.000000 0.962226 0.960872 0.965773 0.963142 0.962547 0.957364 0.960347 0.955836 0.964119 0.969920 1.000000 1.000000 1.000000 1.000000 1.000000 0.985754 0.983544 0.979697 0.984531 0.984738 0.959044 0.961246 0.960393 0.966033 0.979614 1.000000 1.000000 1.000000 1.000000 1.000000 0.968102 0.965289 0.975803 0.949462 0.962193 0.958957 0.957698 0.960141 0.967829 0.967259 1.000000 1.000000 1.000000 1.000000 1.000000 0.966080 0.961434 0.988408 0.955114 0.971276 0.952890 0.954823 0.985803 0.978944 0.944011 1.000000 1.000000 1.000000 1.000000 1.000000 0.966357 0.973828 0.975214 0.976675 0.961408 0.962019 0.963212 0.955506 0.965289 0.964841 1.000000 1.000000 1.000000 1.000000 1.000000 0.971893 0.969874 0.969315 0.970177 0.984102 0.957075 0.957658 0.966663 0.945044 0.980724 1.000000 1.000000 1.000000 1.000000 1.000000 0.942285 0.944412 0.950122 0.938040 0.940048 0.934625 0.935756 0.936945 0.937571 0.942162 1.000000 1.000000 1.000000 1.000000 1.000000 0.972661 0.974934 0.974005 0.975743 0.983449 0.940899 0.929453 0.945656 0.942035 0.940164 1.000000 1.000000 1.000000 1.000000 1.000000 0.970627 0.970427 0.971680 0.972834 0.977163 0.964887 0.965525 0.965807 0.966620 0.971929 
1.000000 1.000000 1.000000 1.000000 1.000000 0.909830 0.905709 0.912648 0.909987 0.906096 0.893747 0.899818 0.889441 0.906653 0.917118 1.000000 1.000000 1.000000 1.000000 1.000000 0.965862 0.960616 0.952302 0.961302 0.960881 0.901103 0.905537 0.900597 0.914234 0.941292 1.000000 1.000000 1.000000 1.000000 1.000000 0.913600 0.913204 0.929841 0.884856 0.908072 0.892908 0.892289 0.889748 0.910687 0.909615 1.000000 1.000000 1.000000 1.000000 1.000000 0.922757 0.908274 0.951261 0.898508 0.910697 0.884744 0.884712 0.949108 0.936255 0.871219 1.000000 1.000000 1.000000 1.000000 1.000000 0.912989 0.928647 0.935031 0.934319 0.904905 0.902798 0.906186 0.887402 0.911270 0.900082 1.000000 1.000000 1.000000 1.000000 1.000000 0.931819 0.924659 0.926041 0.927171 0.956805 0.894458 0.895039 0.914157 0.866869 0.937580 1.000000 1.000000 1.000000 1.000000 1.000000 0.867150 0.870293 0.885224 0.857520 0.861456 0.847374 0.851735 0.855110 0.855159 0.866409 1.000000 1.000000 1.000000 1.000000 1.000000 0.930264 0.934810 0.932858 0.933863 0.946674 0.861072 0.835482 0.869367 0.857616 0.857422 1.000000 1.000000 1.000000 1.000000 1.000000 0.929153 0.927006 0.929477 0.932371 0.940191 0.912014 0.912316 0.910860 0.912634 0.922035 
1.000000 1.000000 1.000000 1.000000 1.000000 0.947042 0.943808 0.946142 0.946394 0.942815 0.934027 0.937383 0.931374 0.940559 0.945330 1.000000 1.000000 1.000000 1.000000 1.000000 0.979895 0.976633 0.972417 0.976511 0.975530 0.940478 0.942763 0.938445 0.946783 0.960517 1.000000 1.000000 1.000000 1.000000 1.000000 0.944250 0.947516 0.953353 0.934823 0.945170 0.931821 0.932149 0.926003 0.941705 0.941042 1.000000 1.000000 1.000000 1.000000 1.000000 0.956177 0.946801 0.961971 0.942215 0.937939 0.928641 0.927484 0.961740 0.955300 0.925333 1.000000 1.000000 1.000000 1.000000 1.000000 0.946180 0.954183 0.959212 0.957013 0.942299 0.938678 0.941022 0.930061 0.945057 0.932433 1.000000 1.000000 1.000000 1.000000 1.000000 0.959508 0.954136 0.956037 0.956263 0.972077 0.935228 0.935233 0.946066 0.918865 0.955406 1.000000 1.000000 1.000000 1.000000 1.000000 0.923452 0.924946 0.933702 0.918289 0.920202 0.911631 0.914574 0.916229 0.915907 0.922593 1.000000 1.000000 1.000000 1.000000 1.000000 0.957137 0.959420 0.958417 0.957552 0.962438 0.917862 0.901453 0.920991 0.911691 0.914451 1.000000 1.000000 1.000000 1.000000 1.000000 0.958098 0.956105 0.957239 0.959175 0.962463 0.945576 0.945370 0.943565 0.944556 0.948837 
1.000000 1.000000 1.000000 1.000000 1.000000 1.014401 1.014670 1.012554 1.014233 1.013689 1.016162 1.014934 1.016613 1.013156 1.010884 1.000000 1.000000 1.000000 1.000000 1.000000 1.005205 1.006207 1.007584 1.005810 1.005542 1.015765 1.014664 1.015046 1.012640 1.007128 1.000000 1.000000 1.000000 1.000000 1.000000 1.011483 1.012756 1.008079 1.020500 1.013532 1.015064 1.016023 1.014151 1.011165 1.012306 1.000000 1.000000 1.000000 1.000000 1.000000 1.012763 1.015060 1.002478 1.015912 1.008853 1.018008 1.016694 1.004076 1.006589 1.021162 1.000000 1.000000 1.000000 1.000000 1.000000 1.012769 1.009283 1.008795 1.007937 1.013575 1.013831 1.013833 1.016372 1.012969 1.012866 1.000000 1.000000 1.000000 1.000000 1.000000 1.010480 1.010836 1.011175 1.011197 1.005204 1.016467 1.015786 1.012048 1.021195 1.006500 1.000000 1.000000 1.000000 1.000000 1.000000 1.022323 1.021810 1.019118 1.024255 1.023330 1.025497 1.024671 1.024458 1.024098 1.022135 1.000000 1.000000 1.000000 1.000000 1.000000 1.009989 1.009170 1.009554 1.008454 1.005127 1.023451 1.027922 1.020879 1.021929 1.022967 1.000000 1.000000 1.000000 1.000000 1.000000 1.011301 1.011194 1.010624 1.010311 1.008097 1.013188 1.012746 1.012570 1.012225 1.009879 
1.000000 1.000000 1.000000 1.000000 1.000000 1.017910 1.020083 1.022322 1.020060 1.022440 1.028034 1.027509 1.029329 1.027954 1.029379 1.000000 1.000000 1.000000 1.000000 1.000000 1.006830 1.008008 1.008760 1.009206 1.010593 1.022316 1.022251 1.026296 1.022659 1.022526 1.000000 1.000000 1.000000 1.000000 1.000000 1.028016 1.020830 1.025660 1.019204 1.019510 1.032315 1.030835 1.040958 1.030335 1.031016 1.000000 1.000000 1.000000 1.000000 1.000000 1.011682 1.018159 1.028627 1.014222 1.035929 1.029162 1.033467 1.027209 1.026921 1.019649 1.000000 1.000000 1.000000 1.000000 1.000000 1.024292 1.022452 1.018418 1.022696 1.022048 1.027657 1.026564 1.031003 1.024419 1.039647 1.000000 1.000000 1.000000 1.000000 1.000000 1.014823 1.018014 1.014964 1.016540 1.013034 1.026432 1.026627 1.024162 1.032674 1.030115 1.000000 1.000000 1.000000 1.000000 1.000000 1.020842 1.022449 1.017811 1.022683 1.022554 1.026488 1.024055 1.023856 1.024512 1.021793 1.000000 1.000000 1.000000 1.000000 1.000000 1.018209 1.018164 1.018317 1.021073 1.024184 1.027952 1.035205 1.029769 1.036604 1.030301 1.000000 1.000000 1.000000 1.000000 1.000000 1.014990 1.017145 1.017013 1.016216 1.016913 1.023205 1.024003 1.026411 1.026314 1.027212 
1.000000 1.000000 1.000000 1.000000 1.000000 1.029743 1.032550 1.032284 1.030718 1.033931 1.040644 1.038947 1.042333 1.038067 1.036832 1.000000 1.000000 1.000000 1.000000 1.000000 1.011546 1.013303 1.015451 1.013718 1.015126 1.034827 1.034156 1.037693 1.032647 1.027209 1.000000 1.000000 1.000000 1.000000 1.000000 1.036220 1.031144 1.031381 1.034590 1.032109 1.043713 1.042629 1.051322 1.038711 1.038492 1.000000 1.000000 1.000000 1.000000 1.000000 1.023578 1.029531 1.029370 1.031736 1.042624 1.043827 1.046530 1.029162 1.032197 1.039683 1.000000 1.000000 1.000000 1.000000 1.000000 1.032890 1.029203 1.025505 1.028518 1.035009 1.038851 1.036984 1.043995 1.033946 1.047186 1.000000 1.000000 1.000000 1.000000 1.000000 1.023568 1.027448 1.025236 1.025685 1.017929 1.039125 1.039647 1.034025 1.049227 1.032893 1.000000 1.000000 1.000000 1.000000 1.000000 1.040441 1.040129 1.035108 1.043113 1.042371 1.047455 1.045779 1.045139 1.045378 1.041632 1.000000 1.000000 1.000000 1.000000 1.000000 1.026084 1.025033 1.025491 1.027454 1.027230 1.046129 1.057701 1.046685 1.054365 1.049399 1.000000 1.000000 1.000000 1.000000 1.000000 1.023813 1.025775 1.025303 1.023952 1.023459 1.033472 1.033986 1.035828 1.035449 1.034253 
1.000000 1.000000 1.000000 1.000000 1.000000 1.037900 1.040181 1.038706 1.038439 1.040767 1.048414 1.045820 1.050121 1.043003 1.039435 1.000000 1.000000 1.000000 1.000000 1.000000 1.014066 1.016845 1.019230 1.016936 1.017644 1.043415 1.041341 1.044754 1.038585 1.028367 1.000000 1.000000 1.000000 1.000000 1.000000 1.039774 1.036922 1.032765 1.046988 1.038330 1.049344 1.049849 1.054298 1.041519 1.042756 1.000000 1.000000 1.000000 1.000000 1.000000 1.030905 1.037608 1.027185 1.040169 1.044954 1.052575 1.052345 1.027614 1.032075 1.055373 1.000000 1.000000 1.000000 1.000000 1.000000 1.038254 1.032661 1.028801 1.030098 1.040243 1.044675 1.043006 1.050315 1.039111 1.049715 1.000000 1.000000 1.000000 1.000000 1.000000 1.028441 1.032395 1.031273 1.031182 1.019867 1.047512 1.047110 1.038959 1.059078 1.031699 1.000000 1.000000 1.000000 1.000000 1.000000 1.056481 1.055049 1.049016 1.059937 1.058535 1.064599 1.062205 1.061592 1.061805 1.056865 1.000000 1.000000 1.000000 1.000000 1.000000 1.030211 1.028737 1.029421 1.029771 1.026199 1.061197 1.074149 1.058874 1.066409 1.063829 1.000000 1.000000 1.000000 1.000000 1.000000 1.030018 1.031228 1.030558 1.029141 1.026536 1.039355 1.039296 1.040658 1.039817 1.036416 
1.000000 1.000000 1.000000 1.000000 1.000000 0.992117 0.992222 0.994393 0.992983 0.993376 0.993083 0.993968 0.993067 0.995585 0.997943 1.000000 1.000000 1.000000 1.000000 1.000000 0.997338 0.996521 0.996025 0.997145 0.997679 0.992131 0.993061 0.993701 0.994734 0.999197 1.000000 1.000000 1.000000 1.000000 1.000000 0.997053 0.994724 0.999666 0.988430 0.993338 0.995229 0.994095 0.997859 0.997706 0.997567 1.000000 1.000000 1.000000 1.000000 1.000000 0.991923 0.992571 1.004314 0.989242 0.999625 0.991865 0.994368 1.002480 1.000448 0.983340 1.000000 1.000000 1.000000 1.000000 1.000000 0.995664 0.997510 0.997036 0.999127 0.993622 0.994866 0.994817 0.993860 0.995562 0.999121 1.000000 1.000000 1.000000 1.000000 1.000000 0.995027 0.995077 0.993680 0.994660 0.998222 0.992612 0.992961 0.995416 0.990892 1.002137 1.000000 1.000000 1.000000 1.000000 1.000000 0.983623 0.985521 0.985575 0.983175 0.983794 0.983214 0.983121 0.983370 0.983467 0.984303 1.000000 1.000000 1.000000 1.000000 1.000000 0.996215 0.996869 0.996605 0.998271 1.001768 0.986300 0.984073 0.988547 0.988886 0.986450 1.000000 1.000000 1.000000 1.000000 1.000000 0.994168 0.995021 0.995293 0.995449 0.997362 0.994700 0.995261 0.995937 0.996294 0.998396 
1.000000 1.000000 1.000000 1.000000 1.000000 1.005466 1.006133 1.007068 1.006253 1.007150 1.009227 1.009086 1.009847 1.009619 1.010444 1.000000 1.000000 1.000000 1.000000 1.000000 1.002590 1.002301 1.003475 1.002711 1.003393 1.007055 1.007332 1.008686 1.007671 1.007797 1.000000 1.000000 1.000000 1.000000 1.000000 1.009754 1.008077 1.010400 1.006131 1.007438 1.011599 1.010527 1.015101 1.011315 1.011681 1.000000 1.000000 1.000000 1.000000 1.000000 1.003525 1.006719 1.011339 1.004585 1.011877 1.009817 1.012551 1.009484 1.009820 0.999808 1.000000 1.000000 1.000000 1.000000 1.000000 1.008730 1.008022 1.006777 1.009230 1.007972 1.009624 1.009106 1.011212 1.009201 1.014744 1.000000 1.000000 1.000000 1.000000 1.000000 1.005439 1.006354 1.004497 1.005629 1.004453 1.008619 1.008869 1.008499 1.011771 1.011401 1.000000 1.000000 1.000000 1.000000 1.000000 1.001214 1.003285 1.000567 1.002664 1.002633 1.004278 1.003694 1.003607 1.003291 1.002430 1.000000 1.000000 1.000000 1.000000 1.000000 1.006808 1.006713 1.006736 1.008426 1.009945 1.006425 1.008452 1.007501 1.009533 1.006831 1.000000 1.000000 1.000000 1.000000 1.000000 1.004665 1.006080 1.005893 1.005587 1.006477 1.008165 1.008722 1.009503 1.009678 1.010332 
1.000000 1.000000 1.000000 1.000000 1.000000 1.015902 1.016631 1.014400 1.015071 1.015920 1.017869 1.016491 1.018412 1.014783 1.011911 1.000000 1.000000 1.000000 1.000000 1.000000 1.006003 1.007086 1.008421 1.006500 1.006472 1.017219 1.016218 1.016370 1.014185 1.008012 1.000000 1.000000 1.000000 1.000000 1.000000 1.012746 1.014102 1.009358 1.020490 1.016066 1.016749 1.017357 1.016150 1.012984 1.012692 1.000000 1.000000 1.000000 1.000000 1.000000 1.014696 1.015389 1.004326 1.020373 1.012375 1.020108 1.018339 1.005496 1.008733 1.026505 1.000000 1.000000 1.000000 1.000000 1.000000 1.013071 1.010559 1.010148 1.009057 1.016512 1.015885 1.015161 1.018133 1.013742 1.013344 1.000000 1.000000 1.000000 1.000000 1.000000 1.011549 1.012705 1.013397 1.012389 1.006990 1.017891 1.017924 1.013949 1.022544 1.006684 1.000000 1.000000 1.000000 1.000000 1.000000 1.026307 1.024346 1.023081 1.027479 1.026714 1.028628 1.028642 1.028168 1.027999 1.026286 1.000000 1.000000 1.000000 1.000000 1.000000 1.011063 1.010043 1.010413 1.009556 1.006009 1.025362 1.030567 1.023551 1.025196 1.026341 1.000000 1.000000 1.000000 1.000000 1.000000 1.012150 1.012001 1.011629 1.011011 1.009329 1.014449 1.014128 1.013867 1.013436 1.011045 
1.000000 1.000000 1.000000 1.000000 1.000000 0.985470 0.984364 0.985586 0.985282 0.984573 0.981951 0.982883 0.981350 0.983830 0.985154 1.000000 1.000000 1.000000 1.000000 1.000000 0.994726 0.993521 0.992769 0.993589 0.993339 0.983661 0.984247 0.983151 0.985717 0.989217 1.000000 1.000000 1.000000 1.000000 1.000000 0.984942 0.986552 0.988645 0.981940 0.985726 0.981834 0.981659 0.980304 0.984941 0.984959 1.000000 1.000000 1.000000 1.000000 1.000000 0.987820 0.985912 0.991652 0.984076 0.984297 0.980475 0.980588 0.989899 0.988242 0.976563 1.000000 1.000000 1.000000 1.000000 1.000000 0.985695 0.988173 0.989391 0.989376 0.984396 0.983595 0.984040 0.981162 0.985547 0.982124 1.000000 1.000000 1.000000 1.000000 1.000000 0.989173 0.987880 0.987959 0.988150 0.992796 0.982254 0.982347 0.985679 0.977922 0.988200 1.000000 1.000000 1.000000 1.000000 1.000000 0.976494 0.977680 0.979463 0.975441 0.976013 0.973904 0.974724 0.975095 0.974862 0.976684 1.000000 1.000000 1.000000 1.000000 1.000000 0.988818 0.989444 0.989128 0.989359 0.990856 0.976292 0.970879 0.977278 0.974530 0.975300 1.000000 1.000000 1.000000 1.000000 1.000000 0.988480 0.988307 0.988636 0.989130 0.990444 0.985355 0.985519 0.985023 0.985333 0.986679 
1.000000 1.000000 1.000000 1.000000 1.000000 0.968163 0.964637 0.963143 0.966355 0.961937 0.954883 0.956252 0.952856 0.956229 0.956385 1.000000 1.000000 1.000000 1.000000 1.000000 0.987713 0.985634 0.984019 0.984550 0.982663 0.962339 0.962705 0.957835 0.963371 0.966985 1.000000 1.000000 1.000000 1.000000 1.000000 0.957121 0.965586 0.961985 0.965536 0.965262 0.950000 0.951933 0.939869 0.954470 0.954915 1.000000 1.000000 1.000000 1.000000 1.000000 0.976200 0.969052 0.960546 0.968064 0.945842 0.952233 0.948177 0.961741 0.960032 0.957194 1.000000 1.000000 1.000000 1.000000 1.000000 0.962440 0.965370 0.970554 0.965946 0.961318 0.956058 0.958247 0.951051 0.961772 0.944079 1.000000 1.000000 1.000000 1.000000 1.000000 0.974547 0.969357 0.972540 0.971932 0.978652 0.956960 0.956122 0.961586 0.946942 0.958360 1.000000 1.000000 1.000000 1.000000 1.000000 0.956916 0.957126 0.962410 0.954660 0.955073 0.949366 0.951769 0.952663 0.951649 0.955714 1.000000 1.000000 1.000000 1.000000 1.000000 0.970583 0.971341 0.970947 0.967758 0.965787 0.950940 0.939247 0.949498 0.939810 0.946560 1.000000 1.000000 1.000000 1.000000 1.000000 0.974244 0.971691 0.971926 0.973443 0.973065 0.962742 0.961820 0.958978 0.959390 0.959465 
1.000000 1.000000 1.000000 1.000000 1.000000 1.016974 1.018446 1.017296 1.017226 1.018585 1.022187 1.021094 1.023139 1.020490 1.019382 1.000000 1.000000 1.000000 1.000000 1.000000 1.006782 1.007478 1.009341 1.007409 1.008114 1.019491 1.019205 1.020628 1.017782 1.013943 1.000000 1.000000 1.000000 1.000000 1.000000 1.019199 1.017662 1.016393 1.020933 1.018599 1.023566 1.022996 1.026794 1.020335 1.020161 1.000000 1.000000 1.000000 1.000000 1.000000 1.014276 1.017468 1.013226 1.019459 1.020149 1.024312 1.025746 1.013694 1.016225 1.021106 1.000000 1.000000 1.000000 1.000000 1.000000 1.018066 1.015299 1.013868 1.015196 1.020075 1.020959 1.020048 1.024352 1.018886 1.024353 1.000000 1.000000 1.000000 1.000000 1.000000 1.013699 1.015325 1.014228 1.014571 1.009279 1.021572 1.021855 1.018373 1.028050 1.016556 1.000000 1.000000 1.000000 1.000000 1.000000 1.022008 1.022089 1.018934 1.024015 1.023417 1.026271 1.025707 1.025278 1.024981 1.022909 1.000000 1.000000 1.000000 1.000000 1.000000 1.014534 1.013698 1.014023 1.014828 1.013860 1.025439 1.032062 1.025274 1.028746 1.026662 1.000000 1.000000 1.000000 1.000000 1.000000 1.013506 1.014580 1.014091 1.013362 1.012797 1.018526 1.018714 1.019371 1.019235 1.018153 
1.000000 1.000000 1.000000 1.000000 1.000000 0.954106 0.951424 0.953091 0.953346 0.950390 0.942291 0.945191 0.939852 0.947824 0.951754 1.000000 1.000000 1.000000 1.000000 1.000000 0.982366 0.979859 0.975728 0.979653 0.978695 0.948142 0.950081 0.946169 0.953356 0.965282 1.000000 1.000000 1.000000 1.000000 1.000000 0.950944 0.953499 0.957972 0.943103 0.951883 0.939807 0.940284 0.934320 0.948405 0.947349 1.000000 1.000000 1.000000 1.000000 1.000000 0.962314 0.953085 0.965216 0.950559 0.945477 0.937585 0.935927 0.966067 0.960378 0.939303 1.000000 1.000000 1.000000 1.000000 1.000000 0.952404 0.959492 0.964008 0.961362 0.949736 0.946070 0.948188 0.938446 0.951248 0.939621 1.000000 1.000000 1.000000 1.000000 1.000000 0.964474 0.959870 0.962126 0.961784 0.975602 0.943334 0.943412 0.952671 0.928465 0.959933 1.000000 1.000000 1.000000 1.000000 1.000000 0.936856 0.936995 0.945627 0.931747 0.933426 0.925642 0.928329 0.929659 0.929692 0.935607 1.000000 1.000000 1.000000 1.000000 1.000000 0.962138 0.964099 0.963250 0.962030 0.965929 0.929672 0.915726 0.932266 0.924193 0.927063 1.000000 1.000000 1.000000 1.000000 1.000000 0.963586 0.961404 0.962460 0.964143 0.966695 0.952126 0.951794 0.950161 0.950933 0.954503 
1.000000 1.000000 1.000000 1.000000 1.000000 1.036874 1.039034 1.037379 1.037661 1.039605 1.047682 1.045145 1.049538 1.042774 1.039871 1.000000 1.000000 1.000000 1.000000 1.000000 1.014221 1.016152 1.019732 1.016203 1.017096 1.042494 1.040842 1.044242 1.038102 1.028376 1.000000 1.000000 1.000000 1.000000 1.000000 1.039701 1.037692 1.034023 1.047004 1.038660 1.049645 1.049554 1.055287 1.042224 1.043926 1.000000 1.000000 1.000000 1.000000 1.000000 1.030166 1.038386 1.027491 1.039086 1.042506 1.052158 1.053755 1.027108 1.032002 1.045986 1.000000 1.000000 1.000000 1.000000 1.000000 1.038791 1.032505 1.028956 1.031365 1.040296 1.044294 1.042820 1.050963 1.040039 1.051206 1.000000 1.000000 1.000000 1.000000 1.000000 1.028808 1.032139 1.030015 1.030983 1.019158 1.046769 1.046402 1.038821 1.059888 1.033006 1.000000 1.000000 1.000000 1.000000 1.000000 1.048721 1.049455 1.041655 1.053445 1.051961 1.058440 1.056166 1.055579 1.055033 1.050088 1.000000 1.000000 1.000000 1.000000 1.000000 1.030663 1.029087 1.029770 1.030817 1.027761 1.057175 1.069955 1.055207 1.062177 1.058803 1.000000 1.000000 1.000000 1.000000 1.000000 1.029395 1.031378 1.030397 1.029041 1.026926 1.039436 1.039631 1.040933 1.040407 1.037414 
1.000000 1.000000 1.000000 1.000000 1.000000 0.994723 0.993513 0.991274 0.993408 0.991504 0.989011 0.988874 0.988262 0.987665 0.985777 1.000000 1.000000 1.000000 1.000000 1.000000 0.997480 0.997639 0.997006 0.996792 0.995675 0.992505 0.991923 0.989641 0.990770 0.988813 1.000000 1.000000 1.000000 1.000000 1.000000 0.986979 0.991179 0.986073 0.996175 0.992253 0.985367 0.987081 0.979333 0.984836 0.984759 1.000000 1.000000 1.000000 1.000000 1.000000 0.997697 0.994086 0.982227 0.996856 0.981388 0.988727 0.984835 0.984752 0.985427 1.000317 1.000000 1.000000 1.000000 1.000000 1.000000 0.989622 0.989402 0.991553 0.987949 0.990944 0.988007 0.988796 0.986637 0.989249 0.979822 1.000000 1.000000 1.000000 1.000000 1.000000 0.994452 0.992686 0.995213 0.993955 0.993803 0.990185 0.989572 0.989376 0.987387 0.983347 1.000000 1.000000 1.000000 1.000000 1.000000 0.999441 0.997327 0.999820 0.998513 0.998225 0.996445 0.997326 0.997415 0.997267 0.998115 1.000000 1.000000 1.000000 1.000000 1.000000 0.992065 0.991878 0.991951 0.989300 0.985894 0.993781 0.991311 0.991469 0.987837 0.992331 1.000000 1.000000 1.000000 1.000000 1.000000 0.995294 0.993455 0.993408 0.993837 0.992060 0.990460 0.989587 0.988114 0.987910 0.986240 
1.000000 1.000000 1.000000 1.000000 1.000000 0.975199 0.973316 0.973852 0.974561 0.972433 0.967474 0.968941 0.966017 0.969833 0.971344 1.000000 1.000000 1.000000 1.000000 1.000000 0.990231 0.989079 0.986685 0.988843 0.987925 0.971505 0.972178 0.969688 0.973675 0.979163 1.000000 1.000000 1.000000 1.000000 1.000000 0.971332 0.973863 0.974776 0.970071 0.973073 0.965163 0.965969 0.960520 0.969536 0.969315 1.000000 1.000000 1.000000 1.000000 1.000000 0.979936 0.974563 0.977702 0.973214 0.967461 0.964870 0.962864 0.978473 0.975494 0.969265 1.000000 1.000000 1.000000 1.000000 1.000000 0.973017 0.976565 0.979284 0.976946 0.971371 0.969051 0.970452 0.964705 0.972144 0.963624 1.000000 1.000000 1.000000 1.000000 1.000000 0.980237 0.977434 0.979272 0.978780 0.985829 0.968363 0.968108 0.972902 0.959711 0.974867 1.000000 1.000000 1.000000 1.000000 1.000000 0.967903 0.967515 0.972403 0.965077 0.965845 0.961473 0.962819 0.963501 0.963593 0.966750 1.000000 1.000000 1.000000 1.000000 1.000000 0.978489 0.979505 0.979084 0.977666 0.978684 0.962688 0.954400 0.963114 0.957904 0.960818 1.000000 1.000000 1.000000 1.000000 1.000000 0.980209 0.978549 0.979100 0.980129 0.980817 0.972867 0.972464 0.971269 0.971565 0.972932 
1.000000 1.000000 1.000000 1.000000 1.000000 0.957110 0.954876 0.958478 0.956712 0.955576 0.948217 0.951114 0.946200 0.954250 0.958797 1.000000 1.000000 1.000000 1.000000 1.000000 0.983908 0.981281 0.977442 0.981575 0.981182 0.952259 0.954240 0.951572 0.958625 0.970825 1.000000 1.000000 1.000000 1.000000 1.000000 0.957605 0.958735 0.966201 0.944355 0.956790 0.947676 0.947176 0.945205 0.956997 0.955907 1.000000 1.000000 1.000000 1.000000 1.000000 0.963681 0.956046 0.976801 0.953091 0.957822 0.943798 0.943568 0.974383 0.968491 0.939817 1.000000 1.000000 1.000000 1.000000 1.000000 0.957583 0.965740 0.968902 0.968284 0.954739 0.952829 0.954157 0.945228 0.956794 0.949738 1.000000 1.000000 1.000000 1.000000 1.000000 0.967386 0.964305 0.965239 0.965037 0.979781 0.948552 0.949193 0.958773 0.934568 0.967907 1.000000 1.000000 1.000000 1.000000 1.000000 0.937390 0.938378 0.946087 0.932488 0.934452 0.927574 0.930019 0.931210 0.931436 0.937013 1.000000 1.000000 1.000000 1.000000 1.000000 0.966579 0.968648 0.967693 0.968167 0.973731 0.932853 0.919301 0.936787 0.930539 0.931557 1.000000 1.000000 1.000000 1.000000 1.000000 0.966036 0.964917 0.966212 0.967539 0.971469 0.957198 0.957498 0.956583 0.957357 0.961829 
1.000000 1.000000 1.000000 1.000000 1.000000 0.995208 0.993907 0.991605 0.994402 0.991864 0.990204 0.990072 0.989549 0.988965 0.987665 1.000000 1.000000 1.000000 1.000000 1.000000 0.997774 0.997649 0.997635 0.996912 0.995851 0.993366 0.992881 0.990952 0.991668 0.990039 1.000000 1.000000 1.000000 1.000000 1.000000 0.988424 0.992528 0.987697 0.998118 0.992871 0.987180 0.988703 0.981862 0.986567 0.987453 1.000000 1.000000 1.000000 1.000000 1.000000 0.997724 0.995868 0.983043 0.995904 0.980994 0.990097 0.987375 0.985573 0.986226 0.996074 1.000000 1.000000 1.000000 1.000000 1.000000 0.991564 0.990335 0.992366 0.989504 0.991468 0.989001 0.990202 0.988550 0.991169 0.983033 1.000000 1.000000 1.000000 1.000000 1.000000 0.995384 0.993166 0.994981 0.994720 0.993607 0.991360 0.990485 0.990371 0.989819 0.985761 1.000000 1.000000 1.000000 1.000000 1.000000 0.996580 0.996048 0.996830 0.996695 0.996249 0.995045 0.995454 0.995662 0.995123 0.995633 1.000000 1.000000 1.000000 1.000000 1.000000 0.993177 0.992996 0.993101 0.990719 0.987678 0.993791 0.991621 0.991266 0.987554 0.991389 1.000000 1.000000 1.000000 1.000000 1.000000 0.995952 0.994555 0.994250 0.994784 0.992907 0.991768 0.990972 0.989636 0.989587 0.988097 
1.000000 1.000000 1.000000 1.000000 1.000000 1.007060 1.007049 1.003289 1.005568 1.004706 1.004399 1.003412 1.004298 1.001756 0.998660 1.000000 1.000000 1.000000 1.000000 1.000000 1.002447 1.003114 1.003873 1.001991 1.001375 1.006322 1.005636 1.003927 1.003071 0.997966 1.000000 1.000000 1.000000 1.000000 1.000000 0.999980 1.003459 0.996584 1.011350 1.005830 1.001328 1.002659 0.996872 0.998216 0.997423 1.000000 1.000000 1.000000 1.000000 1.000000 1.008729 1.006420 0.989548 1.012526 0.994165 1.005774 1.002395 0.993231 0.996197 1.017504 1.000000 1.000000 1.000000 1.000000 1.000000 1.001781 0.999544 1.001092 0.997886 1.005822 1.002417 1.002490 1.003451 1.002116 0.995134 1.000000 1.000000 1.000000 1.000000 1.000000 1.004330 1.003627 1.005788 1.004383 1.000236 1.005218 1.004989 1.001942 1.007079 0.993679 1.000000 1.000000 1.000000 1.000000 1.000000 1.016809 1.014028 1.014948 1.017070 1.016322 1.016318 1.017244 1.016920 1.016527 1.016053 1.000000 1.000000 1.000000 1.000000 1.000000 1.002123 1.001180 1.001524 0.999154 0.994526 1.012190 1.014744 1.009647 1.008182 1.011766 1.000000 1.000000 1.000000 1.000000 1.000000 1.004965 1.003660 1.003234 1.003098 1.000777 1.003304 1.002456 1.001231 1.000910 0.998200 
1.000000 1.000000 1.000000 1.000000 1.000000 0.999906 0.999479 0.999241 0.999635 0.999237 0.998802 0.998672 0.998656 0.998125 0.997484 1.000000 1.000000 1.000000 1.000000 1.000000 0.999764 0.999947 0.999774 0.999821 0.999467 0.999563 0.999156 0.998820 0.998982 0.997946 1.000000 1.000000 1.000000 1.000000 1.000000 0.997845 0.999035 0.997701 1.000564 0.999139 0.997861 0.998424 0.996399 0.997577 0.997955 1.000000 1.000000 1.000000 1.000000 1.000000 1.000189 0.999776 0.997004 0.999920 0.997360 0.998827 0.997640 0.997004 0.997155 1.001739 1.000000 1.000000 1.000000 1.000000 1.000000 0.998652 0.998553 0.998793 0.997975 0.998528 0.998404 0.998572 0.998038 0.998505 0.996535 1.000000 1.000000 1.000000 1.000000 1.000000 0.999376 0.999157 0.999728 0.999401 0.999149 0.999089 0.998815 0.998622 0.998488 0.996574 1.000000 1.000000 1.000000 1.000000 1.000000 1.001646 1.001202 1.001473 1.001551 1.001440 1.001263 1.001219 1.001250 1.001282 1.001268 1.000000 1.000000 1.000000 1.000000 1.000000 0.998960 0.998929 0.998948 0.998295 0.997273 1.000601 0.999920 0.999747 0.999046 1.000265 1.000000 1.000000 1.000000 1.000000 1.000000 0.999790 0.999368 0.999388 0.999470 0.998914 0.998816 0.998619 0.998309 0.998183 0.997634 
1.000000 1.000000 1.000000 1.000000 1.000000 1.029185 1.031152 1.029474 1.029004 1.031336 1.036437 1.034379 1.037721 1.032220 1.028861 1.000000 1.000000 1.000000 1.000000 1.000000 1.010907 1.013103 1.014814 1.012917 1.013488 1.032975 1.031486 1.033549 1.029092 1.020757 1.000000 1.000000 1.000000 1.000000 1.000000 1.029520 1.027767 1.023818 1.035327 1.029823 1.036660 1.037005 1.039692 1.030579 1.030392 1.000000 1.000000 1.000000 1.000000 1.000000 1.024609 1.028077 1.019185 1.033281 1.033783 1.039730 1.038788 1.019997 1.023960 1.046050 1.000000 1.000000 1.000000 1.000000 1.000000 1.028005 1.024234 1.021695 1.021995 1.031567 1.033695 1.032054 1.037666 1.028885 1.035256 1.000000 1.000000 1.000000 1.000000 1.000000 1.021694 1.024932 1.024679 1.023772 1.015418 1.035761 1.035858 1.029346 1.044215 1.022231 1.000000 1.000000 1.000000 1.000000 1.000000 1.045844 1.043432 1.040174 1.047829 1.046818 1.051005 1.049880 1.049212 1.049499 1.046027 1.000000 1.000000 1.000000 1.000000 1.000000 1.022658 1.021356 1.021895 1.021922 1.018617 1.047024 1.057130 1.045442 1.051054 1.049774 1.000000 1.000000 1.000000 1.000000 1.000000 1.022839 1.023454 1.023035 1.021823 1.019896 1.029505 1.029391 1.030184 1.029473 1.026617 
1.000000 1.000000 1.000000 1.000000 1.000000 1.011982 1.012308 1.010481 1.011038 1.011770 1.012788 1.011637 1.013107 1.010028 1.007424 1.000000 1.000000 1.000000 1.000000 1.000000 1.004498 1.005356 1.006341 1.004792 1.004597 1.012730 1.011747 1.011617 1.010170 1.004770 1.000000 1.000000 1.000000 1.000000 1.000000 1.008233 1.010213 1.005817 1.015559 1.011975 1.011414 1.012075 1.010204 1.008647 1.008467 1.000000 1.000000 1.000000 1.000000 1.000000 1.011406 1.011415 1.001696 1.016002 1.008024 1.014664 1.012630 1.002283 1.005003 1.021142 1.000000 1.000000 1.000000 1.000000 1.000000 1.008878 1.007140 1.007040 1.005732 1.011914 1.011120 1.010594 1.012610 1.009425 1.007875 1.000000 1.000000 1.000000 1.000000 1.000000 1.008418 1.009270 1.010155 1.009032 1.004974 1.012883 1.012925 1.009936 1.016027 1.002717 1.000000 1.000000 1.000000 1.000000 1.000000 1.020774 1.018896 1.018301 1.021523 1.020913 1.022196 1.022388 1.021992 1.021861 1.020643 1.000000 1.000000 1.000000 1.000000 1.000000 1.007802 1.006970 1.007247 1.006301 1.002975 1.019243 1.022767 1.017518 1.018318 1.019991 1.000000 1.000000 1.000000 1.000000 1.000000 1.008999 1.008670 1.008431 1.007962 1.006525 1.010211 1.009912 1.009477 1.009083 1.007003 
1.000000 1.000000 1.000000 1.000000 1.000000 1.033063 1.035735 1.036930 1.034658 1.038301 1.046223 1.044386 1.048157 1.043257 1.042379 1.000000 1.000000 1.000000 1.000000 1.000000 1.012796 1.014709 1.017072 1.015587 1.017076 1.039245 1.038119 1.042864 1.037297 1.031393 1.000000 1.000000 1.000000 1.000000 1.000000 1.041398 1.035710 1.037338 1.038453 1.035691 1.050291 1.049074 1.059713 1.045366 1.046393 1.000000 1.000000 1.000000 1.000000 1.000000 1.025039 1.033497 1.036979 1.032614 1.050904 1.049650 1.053228 1.034420 1.037074 1.040607 1.000000 1.000000 1.000000 1.000000 1.000000 1.037991 1.034152 1.029224 1.033555 1.038062 1.044366 1.042392 1.049933 1.038984 1.055908 1.000000 1.000000 1.000000 1.000000 1.000000 1.026220 1.030857 1.027664 1.028718 1.020559 1.044393 1.044660 1.039086 1.055444 1.038628 1.000000 1.000000 1.000000 1.000000 1.000000 1.042305 1.043298 1.036408 1.045769 1.045001 1.051199 1.048546 1.047990 1.048304 1.043824 1.000000 1.000000 1.000000 1.000000 1.000000 1.029817 1.028914 1.029337 1.032074 1.032512 1.051255 1.063021 1.051845 1.060711 1.054612 1.000000 1.000000 1.000000 1.000000 1.000000 1.026650 1.029275 1.028849 1.027400 1.027142 1.038074 1.038894 1.041256 1.040820 1.039878 
1.000000 1.000000 1.000000 1.000000 1.000000 0.944963 0.941859 0.943770 0.944274 0.940574 0.931611 0.935100 0.928866 0.938620 0.943780 1.000000 1.000000 1.000000 1.000000 1.000000 0.979241 0.975691 0.971575 0.975459 0.974597 0.938162 0.940818 0.936233 0.944751 0.959379 1.000000 1.000000 1.000000 1.000000 1.000000 0.942440 0.945590 0.951604 0.932435 0.943369 0.929515 0.929602 0.923874 0.939802 0.938806 1.000000 1.000000 1.000000 1.000000 1.000000 0.954762 0.944870 0.959848 0.940685 0.934620 0.926193 0.925519 0.960390 0.953978 0.921657 1.000000 1.000000 1.000000 1.000000 1.000000 0.944247 0.952277 0.957750 0.955544 0.940818 0.936430 0.938929 0.927943 0.943234 0.930369 1.000000 1.000000 1.000000 1.000000 1.000000 0.958251 0.952479 0.954365 0.954749 0.970878 0.932759 0.932937 0.944153 0.916335 0.954305 1.000000 1.000000 1.000000 1.000000 1.000000 0.919782 0.921416 0.930490 0.914546 0.916509 0.907575 0.910879 0.912578 0.912067 0.919083 1.000000 1.000000 1.000000 1.000000 1.000000 0.955651 0.957931 0.956913 0.956096 0.961322 0.914183 0.897827 0.917696 0.908066 0.910605 1.000000 1.000000 1.000000 1.000000 1.000000 0.956484 0.954508 0.955576 0.957565 0.961065 0.943701 0.943496 0.941602 0.942732 0.947294 
1.000000 1.000000 1.000000 1.000000 1.000000 0.957997 0.956767 0.961672 0.958786 0.958276 0.952449 0.955743 0.950767 0.960127 0.966436 1.000000 1.000000 1.000000 1.000000 1.000000 0.984301 0.981740 0.977617 0.982665 0.983036 0.954341 0.957042 0.955782 0.962075 0.977202 1.000000 1.000000 1.000000 1.000000 1.000000 0.964468 0.961319 0.972760 0.943602 0.958388 0.954200 0.952661 0.955460 0.963861 0.962530 1.000000 1.000000 1.000000 1.000000 1.000000 0.962789 0.956917 0.986199 0.951502 0.967267 0.947551 0.949761 0.983972 0.976754 0.938305 1.000000 1.000000 1.000000 1.000000 1.000000 0.962230 0.970555 0.972421 0.973893 0.957924 0.957750 0.958893 0.950594 0.961262 0.960249 1.000000 1.000000 1.000000 1.000000 1.000000 0.968935 0.966645 0.966152 0.966930 0.982344 0.952127 0.952996 0.962780 0.939053 0.978351 1.000000 1.000000 1.000000 1.000000 1.000000 0.936063 0.938038 0.944861 0.931197 0.933444 0.927227 0.928938 0.930195 0.930787 0.936062 1.000000 1.000000 1.000000 1.000000 1.000000 0.969557 0.971955 0.970945 0.972888 0.981370 0.933922 0.921768 0.939529 0.935513 0.933357 1.000000 1.000000 1.000000 1.000000 1.000000 0.967261 0.967020 0.968374 0.969585 0.974523 0.960912 0.961594 0.961803 0.962755 0.968600 
1.000000 1.000000 1.000000 1.000000 1.000000 1.042905 1.044990 1.042671 1.043718 1.045121 1.054313 1.051240 1.056213 1.047754 1.043722 1.000000 1.000000 1.000000 1.000000 1.000000 1.016024 1.018800 1.022341 1.018774 1.019340 1.049151 1.046671 1.050372 1.043142 1.030885 1.000000 1.000000 1.000000 1.000000 1.000000 1.043925 1.042172 1.036261 1.055722 1.043205 1.055200 1.056060 1.060010 1.045848 1.048546 1.000000 1.000000 1.000000 1.000000 1.000000 1.035151 1.044226 1.027750 1.044552 1.046212 1.059358 1.059444 1.028358 1.033841 1.057620 1.000000 1.000000 1.000000 1.000000 1.000000 1.043701 1.035994 1.032021 1.033573 1.044685 1.049570 1.048296 1.056798 1.044679 1.055719 1.000000 1.000000 1.000000 1.000000 1.000000 1.032570 1.036095 1.034505 1.035324 1.021036 1.053648 1.052648 1.043284 1.067962 1.034724 1.000000 1.000000 1.000000 1.000000 1.000000 1.060553 1.060545 1.051935 1.065749 1.063851 1.071140 1.068113 1.067587 1.067173 1.061289 1.000000 1.000000 1.000000 1.000000 1.000000 1.034192 1.032412 1.033253 1.033376 1.028660 1.068570 1.083025 1.064954 1.072447 1.069920 1.000000 1.000000 1.000000 1.000000 1.000000 1.034143 1.035699 1.034585 1.033174 1.029670 1.044495 1.044320 1.045588 1.044766 1.040540 
1.000000 1.000000 1.000000 1.000000 1.000000 0.986291 0.985444 0.986226 0.986013 0.985304 0.982427 0.983328 0.981598 0.983934 0.984931 1.000000 1.000000 1.000000 1.000000 1.000000 0.994443 0.994091 0.992208 0.994104 0.993663 0.984346 0.984705 0.983603 0.985807 0.989356 1.000000 1.000000 1.000000 1.000000 1.000000 0.984921 0.985303 0.986562 0.982343 0.984881 0.981240 0.981645 0.979200 0.983914 0.983489 1.000000 1.000000 1.000000 1.000000 1.000000 0.988565 0.985172 0.989443 0.984874 0.984632 0.980779 0.979487 0.989879 0.987735 0.985575 1.000000 1.000000 1.000000 1.000000 1.000000 0.985159 0.987690 0.988842 0.987554 0.984266 0.983414 0.984063 0.980611 0.984506 0.980740 1.000000 1.000000 1.000000 1.000000 1.000000 0.988808 0.987707 0.988838 0.988245 0.992826 0.982747 0.982726 0.985472 0.977259 0.987115 1.000000 1.000000 1.000000 1.000000 1.000000 0.984115 0.983223 0.986619 0.981949 0.982517 0.979965 0.980608 0.980947 0.981399 0.983194 1.000000 1.000000 1.000000 1.000000 1.000000 0.988125 0.988812 0.988545 0.987851 0.988875 0.980058 0.975544 0.980617 0.978321 0.979654 1.000000 1.000000 1.000000 1.000000 1.000000 0.989055 0.988020 0.988502 0.989021 0.989561 0.985114 0.984921 0.984487 0.984572 0.985566 
1.000000 1.000000 1.000000 1.000000 1.000000 0.983052 0.982589 0.985403 0.984005 0.983699 0.981909 0.983428 0.981390 0.985552 0.988895 1.000000 1.000000 1.000000 1.000000 1.000000 0.993693 0.992544 0.990970 0.993269 0.993570 0.981995 0.983220 0.983353 0.985685 0.992812 1.000000 1.000000 1.000000 1.000000 1.000000 0.987796 0.985436 0.991615 0.977149 0.983388 0.983616 0.982647 0.985345 0.987852 0.987855 1.000000 1.000000 1.000000 1.000000 1.000000 0.984071 0.983242 0.998170 0.978410 0.989750 0.979617 0.981756 0.996553 0.992963 0.971791 1.000000 1.000000 1.000000 1.000000 1.000000 0.986633 0.989847 0.989997 0.991643 0.983268 0.984325 0.984859 0.981728 0.986069 0.987942 1.000000 1.000000 1.000000 1.000000 1.000000 0.987859 0.987057 0.986056 0.987086 0.993454 0.981617 0.981843 0.986179 0.976690 0.994965 1.000000 1.000000 1.000000 1.000000 1.000000 0.971636 0.973620 0.975243 0.970125 0.971088 0.969048 0.969140 0.969696 0.969969 0.971864 1.000000 1.000000 1.000000 1.000000 1.000000 0.988764 0.989919 0.989479 0.990875 0.995387 0.972901 0.967753 0.975502 0.974407 0.972445 1.000000 1.000000 1.000000 1.000000 1.000000 0.987067 0.987446 0.987962 0.988502 0.990808 0.985344 0.985825 0.986333 0.986807 0.989722 
1.000000 1.000000 1.000000 1.000000 1.000000 0.990354 0.990545 0.993316 0.991564 0.991890 0.991539 0.992681 0.991416 0.994547 0.997449 1.000000 1.000000 1.000000 1.000000 1.000000 0.996384 0.995832 0.994536 0.996688 0.997239 0.990388 0.991389 0.992330 0.993423 0.999203 1.000000 1.000000 1.000000 1.000000 1.000000 0.996445 0.992672 0.998759 0.985541 0.990847 0.993781 0.992720 0.996879 0.996620 0.996477 1.000000 1.000000 1.000000 1.000000 1.000000 0.989801 0.990229 1.004889 0.985945 1.000141 0.989755 0.992215 1.003512 1.000449 0.983038 1.000000 1.000000 1.000000 1.000000 1.000000 0.994470 0.996802 0.995998 0.998127 0.991479 0.993468 0.993549 0.991891 0.993976 0.998603 1.000000 1.000000 1.000000 1.000000 1.000000 0.993407 0.993578 0.992242 0.993231 0.997747 0.990994 0.991235 0.994043 0.988139 1.002592 1.000000 1.000000 1.000000 1.000000 1.000000 0.982848 0.984410 0.985063 0.981780 0.982563 0.981689 0.981254 0.981609 0.982124 0.983090 1.000000 1.000000 1.000000 1.000000 1.000000 0.994870 0.995801 0.995485 0.997153 1.001480 0.984657 0.982080 0.987202 0.987935 0.985024 1.000000 1.000000 1.000000 1.000000 1.000000 0.992908 0.993578 0.994013 0.994258 0.996247 0.993207 0.993732 0.994702 0.995025 0.997533 
1.000000 1.000000 1.000000 1.000000 1.000000 0.978153 0.977968 0.980924 0.979133 0.978951 0.976412 0.978375 0.975665 0.981250 0.985390 1.000000 1.000000 1.000000 1.000000 1.000000 0.991786 0.990520 0.988152 0.991274 0.991754 0.976593 0.978393 0.978266 0.981188 0.990644 1.000000 1.000000 1.000000 1.000000 1.000000 0.984067 0.980369 0.987937 0.969954 0.978397 0.978243 0.977013 0.980334 0.983463 0.982516 1.000000 1.000000 1.000000 1.000000 1.000000 0.979974 0.977530 0.995928 0.973568 0.986085 0.973439 0.975788 0.995412 0.990918 0.967373 1.000000 1.000000 1.000000 1.000000 1.000000 0.981959 0.986234 0.986726 0.988234 0.979005 0.979454 0.980046 0.976020 0.981246 0.983126 1.000000 1.000000 1.000000 1.000000 1.000000 0.984177 0.983184 0.982420 0.983251 0.991529 0.976005 0.976525 0.981758 0.969402 0.992921 1.000000 1.000000 1.000000 1.000000 1.000000 0.966234 0.967561 0.970864 0.963628 0.964912 0.961865 0.962394 0.963025 0.963572 0.966226 1.000000 1.000000 1.000000 1.000000 1.000000 0.985011 0.986416 0.985882 0.987375 0.993063 0.965639 0.959896 0.969260 0.968064 0.965595 1.000000 1.000000 1.000000 1.000000 1.000000 0.983230 0.983367 0.984068 0.984704 0.987571 0.980714 0.981184 0.981786 0.982370 0.986030 
1.000000 1.000000 1.000000 1.000000 1.000000 0.978960 0.976648 0.976096 0.978131 0.975138 0.970778 0.971779 0.969485 0.971929 0.972490 1.000000 1.000000 1.000000 1.000000 1.000000 0.991840 0.990468 0.989359 0.989946 0.988759 0.975353 0.975631 0.972806 0.976299 0.979273 1.000000 1.000000 1.000000 1.000000 1.000000 0.972777 0.977678 0.976099 0.977204 0.976971 0.968006 0.969146 0.961970 0.971125 0.971860 1.000000 1.000000 1.000000 1.000000 1.000000 0.983742 0.979814 0.975751 0.977661 0.965732 0.968920 0.966754 0.976319 0.974755 0.970364 1.000000 1.000000 1.000000 1.000000 1.000000 0.976146 0.977976 0.981060 0.978505 0.974434 0.971585 0.973184 0.968408 0.975548 0.965112 1.000000 1.000000 1.000000 1.000000 1.000000 0.983318 0.979942 0.981672 0.981646 0.986143 0.972055 0.971406 0.975202 0.965545 0.974420 1.000000 1.000000 1.000000 1.000000 1.000000 0.970537 0.971226 0.974167 0.969238 0.969536 0.965997 0.967210 0.967848 0.967236 0.969780 1.000000 1.000000 1.000000 1.000000 1.000000 0.981040 0.981659 0.981382 0.979532 0.978810 0.967539 0.959706 0.966608 0.960503 0.964467 1.000000 1.000000 1.000000 1.000000 1.000000 0.983138 0.981647 0.981793 0.982836 0.982682 0.975932 0.975405 0.973765 0.974070 0.974419 
1.000000 1.000000 1.000000 1.000000 1.000000 1.028308 1.030608 1.030474 1.029078 1.031920 1.037970 1.036270 1.039474 1.034986 1.033318 1.000000 1.000000 1.000000 1.000000 1.000000 1.010793 1.012668 1.014461 1.013045 1.014102 1.032947 1.031911 1.035144 1.030499 1.024518 1.000000 1.000000 1.000000 1.000000 1.000000 1.033060 1.029026 1.028485 1.033213 1.029910 1.040216 1.039648 1.046403 1.035287 1.035484 1.000000 1.000000 1.000000 1.000000 1.000000 1.022440 1.027910 1.026538 1.029852 1.039558 1.040937 1.042502 1.025965 1.028809 1.039397 1.000000 1.000000 1.000000 1.000000 1.000000 1.030443 1.027033 1.023522 1.025849 1.032102 1.036001 1.034311 1.040420 1.031278 1.042625 1.000000 1.000000 1.000000 1.000000 1.000000 1.021916 1.025594 1.023887 1.024029 1.016653 1.036728 1.036981 1.031524 1.045677 1.028967 1.000000 1.000000 1.000000 1.000000 1.000000 1.039990 1.039347 1.034772 1.042390 1.041631 1.046376 1.044632 1.044058 1.044400 1.040792 1.000000 1.000000 1.000000 1.000000 1.000000 1.024138 1.023167 1.023600 1.025034 1.024138 1.044634 1.054879 1.044485 1.051391 1.047586 1.000000 1.000000 1.000000 1.000000 1.000000 1.022565 1.024124 1.023748 1.022517 1.021673 1.031073 1.031439 1.033018 1.032526 1.031006 
1.000000 1.000000 1.000000 1.000000 1.000000 1.006503 1.005968 1.003806 1.005738 1.004592 1.004853 1.004000 1.004795 1.002253 0.999874 1.000000 1.000000 1.000000 1.000000 1.000000 1.002108 1.002747 1.003389 1.002125 1.001394 1.006298 1.005243 1.004430 1.003576 0.998979 1.000000 1.000000 1.000000 1.000000 1.000000 1.000859 1.004008 0.998713 1.010974 1.004943 1.002484 1.003876 0.998981 0.999933 1.000771 1.000000 1.000000 1.000000 1.000000 1.000000 1.006833 1.006730 0.993629 1.008390 0.997046 1.005917 1.003210 0.995185 0.997113 1.012712 1.000000 1.000000 1.000000 1.000000 1.000000 1.003064 1.000912 1.001569 0.999432 1.004074 1.002977 1.003315 1.003818 1.003052 0.998412 1.000000 1.000000 1.000000 1.000000 1.000000 1.003925 1.003381 1.004714 1.004119 1.000420 1.005598 1.004889 1.002583 1.007172 0.995933 1.000000 1.000000 1.000000 1.000000 1.000000 1.013131 1.011993 1.011339 1.013984 1.013279 1.013850 1.013738 1.013638 1.013312 1.012477 1.000000 1.000000 1.000000 1.000000 1.000000 1.002565 1.001971 1.002229 1.000374 0.996630 1.011480 1.012718 1.008716 1.007547 1.010469 1.000000 1.000000 1.000000 1.000000 1.000000 1.004807 1.003943 1.003589 1.003588 1.001448 1.003716 1.003082 1.002246 1.001924 0.999672 
1.000000 1.000000 1.000000 1.000000 1.000000 1.031988 1.033261 1.030142 1.031939 1.032214 1.038142 1.035660 1.039326 1.032424 1.028169 1.000000 1.000000 1.000000 1.000000 1.000000 1.011633 1.014038 1.016409 1.013585 1.013544 1.035760 1.033608 1.035339 1.030077 1.019445 1.000000 1.000000 1.000000 1.000000 1.000000 1.029145 1.029359 1.022117 1.042585 1.030949 1.037017 1.038488 1.037677 1.029082 1.030776 1.000000 1.000000 1.000000 1.000000 1.000000 1.027319 1.032333 1.013413 1.034806 1.028345 1.041885 1.039829 1.015707 1.020407 1.048210 1.000000 1.000000 1.000000 1.000000 1.000000 1.029918 1.023723 1.021622 1.020924 1.031850 1.033900 1.033167 1.038850 1.030460 1.034249 1.000000 1.000000 1.000000 1.000000 1.000000 1.023455 1.025515 1.025650 1.025470 1.014028 1.038201 1.037211 1.029368 1.048128 1.019889 1.000000 1.000000 1.000000 1.000000 1.000000 1.049715 1.048159 1.042958 1.053130 1.051502 1.056344 1.054463 1.053997 1.053746 1.049512 1.000000 1.000000 1.000000 1.000000 1.000000 1.023521 1.021981 1.022707 1.021436 1.016012 1.052297 1.062765 1.048295 1.052589 1.052910 1.000000 1.000000 1.000000 1.000000 1.000000 1.025176 1.025399 1.024511 1.023565 1.019862 1.030971 1.030358 1.030682 1.029894 1.025670 
1.000000 1.000000 1.000000 1.000000 1.000000 1.013838 1.015528 1.017252 1.014892 1.017477 1.021037 1.020533 1.022036 1.020790 1.021230 1.000000 1.000000 1.000000 1.000000 1.000000 1.005434 1.006311 1.006856 1.007064 1.008138 1.016917 1.016805 1.019513 1.017181 1.016300 1.000000 1.000000 1.000000 1.000000 1.000000 1.020568 1.015910 1.019233 1.013828 1.015684 1.024008 1.022820 1.030067 1.022620 1.022320 1.000000 1.000000 1.000000 1.000000 1.000000 1.009611 1.013329 1.021902 1.013014 1.028149 1.022044 1.024609 1.020019 1.020314 1.017271 1.000000 1.000000 1.000000 1.000000 1.000000 1.017493 1.016921 1.014037 1.016953 1.017445 1.021046 1.019711 1.023023 1.017900 1.028181 1.000000 1.000000 1.000000 1.000000 1.000000 1.011262 1.014122 1.012162 1.012572 1.010527 1.019791 1.020323 1.018411 1.024087 1.021143 1.000000 1.000000 1.000000 1.000000 1.000000 1.017322 1.017636 1.015134 1.018203 1.018212 1.020907 1.019676 1.019361 1.019942 1.018137 1.000000 1.000000 1.000000 1.000000 1.000000 1.013717 1.013560 1.013650 1.015785 1.017694 1.021228 1.026440 1.022877 1.028010 1.023818 1.000000 1.000000 1.000000 1.000000 1.000000 1.011278 1.012808 1.012872 1.012103 1.012951 1.017328 1.017992 1.019605 1.019450 1.019954 
1.000000 1.000000 1.000000 1.000000 1.000000 0.985786 0.984752 0.984540 0.984946 0.983849 0.980458 0.981230 0.979621 0.981689 0.981917 1.000000 1.000000 1.000000 1.000000 1.000000 0.994487 0.993798 0.992486 0.993431 0.992866 0.983254 0.983688 0.981687 0.984233 0.986721 1.000000 1.000000 1.000000 1.000000 1.000000 0.982363 0.984560 0.984224 0.982607 0.984803 0.978668 0.979235 0.974958 0.980846 0.979937 1.000000 1.000000 1.000000 1.000000 1.000000 0.989197 0.985005 0.985271 0.986417 0.979839 0.978929 0.977133 0.985982 0.984800 0.984213 1.000000 1.000000 1.000000 1.000000 1.000000 0.983366 0.985629 0.987608 0.985706 0.983849 0.981485 0.981982 0.978679 0.983051 0.976244 1.000000 1.000000 1.000000 1.000000 1.000000 0.988552 0.986949 0.988450 0.987629 0.991721 0.981148 0.981165 0.983580 0.975998 0.983424 1.000000 1.000000 1.000000 1.000000 1.000000 0.982874 0.981882 0.985491 0.980937 0.981380 0.978558 0.979864 0.980124 0.980153 0.982184 1.000000 1.000000 1.000000 1.000000 1.000000 0.987142 0.987565 0.987348 0.986287 0.986217 0.978407 0.973562 0.978638 0.975291 0.977638 1.000000 1.000000 1.000000 1.000000 1.000000 0.988447 0.987272 0.987611 0.988134 0.988492 0.983716 0.983396 0.982431 0.982559 0.982984 
1.000000 1.000000 1.000000 1.000000 1.000000 1.009699 1.010245 1.011547 1.010178 1.011619 1.013657 1.013142 1.014230 1.012647 1.012250 1.000000 1.000000 1.000000 1.000000 1.000000 1.003642 1.004379 1.004693 1.004838 1.005170 1.011565 1.010916 1.012574 1.011200 1.009219 1.000000 1.000000 1.000000 1.000000 1.000000 1.012176 1.010567 1.011623 1.010487 1.010325 1.014848 1.014619 1.017553 1.013698 1.014255 1.000000 1.000000 1.000000 1.000000 1.000000 1.006843 1.009453 1.013090 1.008752 1.017571 1.014446 1.015003 1.010905 1.011262 1.012854 1.000000 1.000000 1.000000 1.000000 1.000000 1.011102 1.010686 1.008780 1.010175 1.010531 1.013287 1.012519 1.014210 1.011256 1.016492 1.000000 1.000000 1.000000 1.000000 1.000000 1.007326 1.009176 1.008236 1.008264 1.006641 1.013093 1.013117 1.011721 1.015478 1.011225 1.000000 1.000000 1.000000 1.000000 1.000000 1.013060 1.013194 1.011352 1.013773 1.013661 1.015512 1.014488 1.014319 1.014705 1.013358 1.000000 1.000000 1.000000 1.000000 1.000000 1.008758 1.008642 1.008704 1.009648 1.009891 1.015428 1.017895 1.015543 1.018344 1.016776 1.000000 1.000000 1.000000 1.000000 1.000000 1.007759 1.008516 1.008602 1.008150 1.008244 1.011084 1.011415 1.012216 1.011963 1.011752 
1.000000 1.000000 1.000000 1.000000 1.000000 1.003687 1.003539 1.003265 1.003562 1.003406 1.003805 1.003460 1.003871 1.002748 1.001876 1.000000 1.000000 1.000000 1.000000 1.000000 1.001192 1.001620 1.001710 1.001554 1.001322 1.003944 1.003399 1.003480 1.003000 1.001161 1.000000 1.000000 1.000000 1.000000 1.000000 1.002255 1.002914 1.001473 1.005144 1.003067 1.003163 1.003686 1.002392 1.002120 1.002591 1.000000 1.000000 1.000000 1.000000 1.000000 1.003156 1.003595 1.000414 1.003738 1.002433 1.004159 1.003188 1.000391 1.000892 1.006767 1.000000 1.000000 1.000000 1.000000 1.000000 1.002790 1.002136 1.001906 1.001409 1.002730 1.003134 1.003101 1.003361 1.002718 1.002136 1.000000 1.000000 1.000000 1.000000 1.000000 1.002314 1.002528 1.002848 1.002610 1.001284 1.003981 1.003676 1.002700 1.004614 1.000475 1.000000 1.000000 1.000000 1.000000 1.000000 1.006858 1.006426 1.005967 1.007153 1.006923 1.007412 1.007076 1.007035 1.007098 1.006575 1.000000 1.000000 1.000000 1.000000 1.000000 1.002181 1.002023 1.002107 1.001621 1.000459 1.006550 1.007148 1.005586 1.005749 1.006490 1.000000 1.000000 1.000000 1.000000 1.000000 1.002826 1.002615 1.002564 1.002502 1.001778 1.002945 1.002780 1.002682 1.002493 1.001708 
1.000000 1.000000 1.000000 1.000000 1.000000 0.968778 0.966868 0.968347 0.968059 0.966365 0.960198 0.962183 0.958447 0.963751 0.966029 1.000000 1.000000 1.000000 1.000000 1.000000 0.987747 0.986438 0.982959 0.986337 0.985507 0.964466 0.965518 0.962807 0.967900 0.975723 1.000000 1.000000 1.000000 1.000000 1.000000 0.965867 0.967524 0.970383 0.960385 0.966654 0.957962 0.958598 0.953553 0.963884 0.962856 1.000000 1.000000 1.000000 1.000000 1.000000 0.974302 0.967108 0.976186 0.966436 0.963988 0.956728 0.954554 0.976616 0.972403 0.962901 1.000000 1.000000 1.000000 1.000000 1.000000 0.966664 0.972138 0.975048 0.972654 0.965098 0.962740 0.964034 0.956806 0.965634 0.956964 1.000000 1.000000 1.000000 1.000000 1.000000 0.975178 0.972434 0.974523 0.973590 0.983635 0.960966 0.961019 0.967266 0.949625 0.971196 1.000000 1.000000 1.000000 1.000000 1.000000 0.960307 0.959260 0.966192 0.956063 0.957300 0.951703 0.953506 0.954311 0.954804 0.958919 1.000000 1.000000 1.000000 1.000000 1.000000 0.973573 0.974985 0.974386 0.973224 0.975575 0.953146 0.943113 0.954738 0.949310 0.951923 1.000000 1.000000 1.000000 1.000000 1.000000 0.975080 0.973178 0.974112 0.975240 0.976822 0.966663 0.966350 0.965227 0.965575 0.967844 
1.000000 1.000000 1.000000 1.000000 1.000000 0.998950 0.999464 0.999890 0.999040 0.999891 0.999797 1.000008 0.999825 1.000624 1.001297 1.000000 1.000000 1.000000 1.000000 1.000000 0.999718 0.999672 0.999352 0.999797 1.000159 0.999093 0.999524 0.999797 0.999907 1.001358 1.000000 1.000000 1.000000 1.000000 1.000000 1.000943 0.999424 1.001046 0.997096 0.999594 1.000531 0.999948 1.002051 1.001298 1.000446 1.000000 1.000000 1.000000 1.000000 1.000000 0.998916 0.998302 1.002609 0.999380 1.002578 0.999658 1.000430 1.002705 1.002291 0.999430 1.000000 1.000000 1.000000 1.000000 1.000000 0.999684 1.000500 1.000293 1.000802 1.000372 1.000333 1.000083 1.000190 0.999776 1.001623 1.000000 1.000000 1.000000 1.000000 1.000000 0.999477 0.999922 0.999690 0.999532 1.000667 0.999388 0.999880 1.000371 0.999017 1.002176 1.000000 1.000000 1.000000 1.000000 1.000000 0.998693 0.998305 0.999117 0.998078 0.998337 0.998081 0.998356 0.998289 0.998535 0.998828 1.000000 1.000000 1.000000 1.000000 1.000000 0.999885 0.999993 0.999929 1.000513 1.001708 0.998102 0.998573 0.999276 1.000060 0.998990 1.000000 1.000000 1.000000 1.000000 1.000000 0.999201 0.999387 0.999540 0.999430 1.000166 0.999804 0.999998 1.000312 1.000385 1.001109 
1.000000 1.000000 1.000000 1.000000 1.000000 0.994033 0.994000 0.996669 0.995199 0.995589 0.995811 0.996586 0.995834 0.997866 1.000277 1.000000 1.000000 1.000000 1.000000 1.000000 0.997880 0.997340 0.996757 0.998160 0.998597 0.994506 0.995066 0.996275 0.996920 1.000947 1.000000 1.000000 1.000000 1.000000 1.000000 0.999253 0.996649 1.001709 0.990996 0.994778 0.998037 0.997067 1.001160 1.000399 1.001099 1.000000 1.000000 1.000000 1.000000 1.000000 0.992917 0.994641 1.006724 0.989712 1.002860 0.994767 0.997232 1.004322 1.002037 0.985710 1.000000 1.000000 1.000000 1.000000 1.000000 0.998033 0.999570 0.998536 1.000860 0.994799 0.997213 0.997336 0.996447 0.997723 1.002650 1.000000 1.000000 1.000000 1.000000 1.000000 0.996260 0.996566 0.994976 0.996158 0.999224 0.995247 0.995349 0.997660 0.993791 1.004160 1.000000 1.000000 1.000000 1.000000 1.000000 0.986358 0.988562 0.987839 0.986207 0.986746 0.986664 0.985951 0.986254 0.986488 0.986889 1.000000 1.000000 1.000000 1.000000 1.000000 0.997805 0.998533 0.998277 0.999951 1.003431 0.989886 0.987845 0.991707 0.992484 0.989915 1.000000 1.000000 1.000000 1.000000 1.000000 0.995782 0.996708 0.996991 0.997151 0.998801 0.996807 0.997393 0.998275 0.998542 1.000583 
1.000000 1.000000 1.000000 1.000000 1.000000 0.949931 0.946206 0.945047 0.947695 0.942864 0.932763 0.935404 0.929812 0.937005 0.938929 1.000000 1.000000 1.000000 1.000000 1.000000 0.980752 0.977865 0.974153 0.976621 0.974783 0.941885 0.943567 0.937091 0.945357 0.954832 1.000000 1.000000 1.000000 1.000000 1.000000 0.939221 0.946806 0.945894 0.941211 0.946598 0.927211 0.929000 0.916069 0.934978 0.933327 1.000000 1.000000 1.000000 1.000000 1.000000 0.961504 0.949184 0.948010 0.950104 0.926623 0.928041 0.923692 0.951039 0.947017 0.936781 1.000000 1.000000 1.000000 1.000000 1.000000 0.943503 0.949863 0.956869 0.951174 0.943174 0.935885 0.938395 0.927738 0.942560 0.921572 1.000000 1.000000 1.000000 1.000000 1.000000 0.960564 0.954009 0.958284 0.957049 0.969924 0.934981 0.934658 0.943530 0.918968 0.944598 1.000000 1.000000 1.000000 1.000000 1.000000 0.934192 0.933115 0.943347 0.928965 0.930256 0.921037 0.925066 0.926402 0.925702 0.932424 1.000000 1.000000 1.000000 1.000000 1.000000 0.955733 0.957238 0.956507 0.953088 0.953438 0.923441 0.907841 0.924311 0.912599 0.919311 1.000000 1.000000 1.000000 1.000000 1.000000 0.959731 0.956230 0.957010 0.959006 0.960118 0.944241 0.943186 0.939934 0.940678 0.942486 
1.000000 1.000000 1.000000 1.000000 1.000000 1.003216 1.003334 1.003075 1.003073 1.003311 1.003705 1.003439 1.003841 1.003113 1.002548 1.000000 1.000000 1.000000 1.000000 1.000000 1.001235 1.001434 1.001710 1.001359 1.001362 1.003517 1.003295 1.003383 1.002990 1.001742 1.000000 1.000000 1.000000 1.000000 1.000000 1.002737 1.003018 1.002262 1.004014 1.003347 1.003584 1.003680 1.003541 1.002878 1.002847 1.000000 1.000000 1.000000 1.000000 1.000000 1.002869 1.003142 1.001539 1.003978 1.003099 1.004106 1.003814 1.001429 1.002028 1.005013 1.000000 1.000000 1.000000 1.000000 1.000000 1.002778 1.002379 1.002206 1.002116 1.003354 1.003398 1.003185 1.003774 1.002922 1.003004 1.000000 1.000000 1.000000 1.000000 1.000000 1.002355 1.002673 1.002726 1.002536 1.001574 1.003701 1.003707 1.002966 1.004602 1.001605 1.000000 1.000000 1.000000 1.000000 1.000000 1.005006 1.004716 1.004381 1.005260 1.005129 1.005561 1.005528 1.005427 1.005407 1.005051 1.000000 1.000000 1.000000 1.000000 1.000000 1.002358 1.002173 1.002236 1.002166 1.001539 1.005032 1.005920 1.004730 1.005124 1.005281 1.000000 1.000000 1.000000 1.000000 1.000000 1.002460 1.002495 1.002444 1.002309 1.002059 1.003017 1.002994 1.002974 1.002884 1.002446 
1.000000 1.000000 1.000000 1.000000 1.000000 1.045592 1.047350 1.042281 1.044794 1.045737 1.053711 1.049928 1.055350 1.045129 1.038400 1.000000 1.000000 1.000000 1.000000 1.000000 1.016935 1.020043 1.023949 1.019020 1.018987 1.050718 1.047636 1.049527 1.042405 1.026079 1.000000 1.000000 1.000000 1.000000 1.000000 1.039862 1.041928 1.030498 1.060726 1.045101 1.051713 1.053678 1.052057 1.040521 1.042474 1.000000 1.000000 1.000000 1.000000 1.000000 1.039960 1.046067 1.017147 1.052303 1.038214 1.059830 1.056307 1.019830 1.027669 1.068336 1.000000 1.000000 1.000000 1.000000 1.000000 1.041274 1.032760 1.030405 1.029033 1.046022 1.047684 1.046433 1.054732 1.042634 1.046186 1.000000 1.000000 1.000000 1.000000 1.000000 1.033577 1.036476 1.036950 1.036198 1.019870 1.053773 1.052772 1.041572 1.068290 1.025472 1.000000 1.000000 1.000000 1.000000 1.000000 1.070213 1.067647 1.060757 1.075095 1.072750 1.079396 1.077595 1.076868 1.076123 1.070367 1.000000 1.000000 1.000000 1.000000 1.000000 1.033230 1.030768 1.031799 1.029957 1.021390 1.073524 1.088498 1.067864 1.073356 1.074619 1.000000 1.000000 1.000000 1.000000 1.000000 1.035575 1.035898 1.034624 1.033132 1.028101 1.043660 1.042825 1.042818 1.041718 1.035398 
1.000000 1.000000 1.000000 1.000000 1.000000 1.018350 1.019399 1.015945 1.017281 1.017932 1.020248 1.018638 1.020881 1.016809 1.013409 1.000000 1.000000 1.000000 1.000000 1.000000 1.007010 1.008144 1.009952 1.007261 1.007294 1.019695 1.018810 1.018611 1.015946 1.008862 1.000000 1.000000 1.000000 1.000000 1.000000 1.014402 1.016024 1.009885 1.024188 1.018636 1.018819 1.019476 1.017767 1.014054 1.013299 1.000000 1.000000 1.000000 1.000000 1.000000 1.017504 1.017904 1.002700 1.024519 1.011854 1.022923 1.020998 1.005335 1.009485 1.030536 1.000000 1.000000 1.000000 1.000000 1.000000 1.014822 1.011414 1.011394 1.009867 1.019574 1.017858 1.017089 1.020845 1.015713 1.014388 1.000000 1.000000 1.000000 1.000000 1.000000 1.013553 1.014504 1.015440 1.014355 1.007535 1.020383 1.020476 1.015528 1.026326 1.007284 1.000000 1.000000 1.000000 1.000000 1.000000 1.030367 1.027985 1.026622 1.031844 1.030873 1.032967 1.033284 1.032706 1.032305 1.030405 1.000000 1.000000 1.000000 1.000000 1.000000 1.012587 1.011261 1.011746 1.010556 1.006207 1.028965 1.035650 1.026867 1.028493 1.029866 1.000000 1.000000 1.000000 1.000000 1.000000 1.014020 1.013775 1.013190 1.012489 1.010370 1.016507 1.016021 1.015575 1.015155 1.012225 
1.000000 1.000000 1.000000 1.000000 1.000000 1.053359 1.056426 1.053254 1.053632 1.056544 1.067380 1.063491 1.069793 1.059372 1.053749 1.000000 1.000000 1.000000 1.000000 1.000000 1.020177 1.023613 1.027879 1.023318 1.024296 1.060910 1.058082 1.062171 1.053624 1.038069 1.000000 1.000000 1.000000 1.000000 1.000000 1.054304 1.052217 1.044846 1.067494 1.054762 1.068331 1.069092 1.074330 1.056749 1.058405 1.000000 1.000000 1.000000 1.000000 1.000000 1.044554 1.053762 1.034803 1.058593 1.058794 1.073866 1.073374 1.035506 1.043025 1.075100 1.000000 1.000000 1.000000 1.000000 1.000000 1.053015 1.044571 1.039963 1.041523 1.057085 1.062025 1.059647 1.070405 1.054770 1.067511 1.000000 1.000000 1.000000 1.000000 1.000000 1.040471 1.045448 1.043930 1.043917 1.027089 1.066370 1.065846 1.054029 1.083817 1.042087 1.000000 1.000000 1.000000 1.000000 1.000000 1.077257 1.075720 1.066820 1.082786 1.080628 1.089135 1.086423 1.085599 1.085202 1.078356 1.000000 1.000000 1.000000 1.000000 1.000000 1.042318 1.039929 1.040946 1.041285 1.035275 1.084932 1.103454 1.081376 1.091092 1.088048 1.000000 1.000000 1.000000 1.000000 1.000000 1.042112 1.043928 1.042754 1.040727 1.036982 1.055067 1.054913 1.056316 1.055246 1.049944 
1.000000 1.000000 1.000000 1.000000 1.000000 1.001458 1.002076 1.002261 1.001539 1.002305 1.002642 1.002682 1.002792 1.003066 1.003284 1.000000 1.000000 1.000000 1.000000 1.000000 1.000600 1.000783 1.000584 1.000876 1.001220 1.001834 1.002106 1.002431 1.002160 1.002736 1.000000 1.000000 1.000000 1.000000 1.000000 1.003185 1.001629 1.002661 1.000369 1.001940 1.003235 1.002845 1.004528 1.003167 1.002302 1.000000 1.000000 1.000000 1.000000 1.000000 1.001055 1.000750 1.003578 1.002099 1.004837 1.002607 1.003097 1.003925 1.003835 1.003628 1.000000 1.000000 1.000000 1.000000 1.000000 1.001961 1.002319 1.001939 1.002331 1.002814 1.002927 1.002514 1.003009 1.002063 1.003883 1.000000 1.000000 1.000000 1.000000 1.000000 1.001261 1.001886 1.001719 1.001494 1.001766 1.002332 1.002691 1.002430 1.002637 1.003642 1.000000 1.000000 1.000000 1.000000 1.000000 1.002929 1.002310 1.002808 1.002511 1.002648 1.002744 1.002860 1.002744 1.003018 1.002985 1.000000 1.000000 1.000000 1.000000 1.000000 1.001649 1.001640 1.001640 1.002081 1.002801 1.002303 1.003474 1.003150 1.004286 1.003284 1.000000 1.000000 1.000000 1.000000 1.000000 1.001169 1.001327 1.001423 1.001243 1.001650 1.002125 1.002237 1.002576 1.002568 1.002876 
1.000000 1.000000 1.000000 1.000000 1.000000 0.978336 0.976480 0.975666 0.977516 0.974848 0.970508 0.971633 0.969245 0.972271 0.973222 1.000000 1.000000 1.000000 1.000000 1.000000 0.991740 0.990251 0.989136 0.989687 0.988779 0.974731 0.975458 0.972591 0.976049 0.979983 1.000000 1.000000 1.000000 1.000000 1.000000 0.973297 0.977258 0.976334 0.975780 0.976848 0.968160 0.968891 0.962899 0.971495 0.971457 1.000000 1.000000 1.000000 1.000000 1.000000 0.983409 0.978921 0.976121 0.977892 0.965953 0.968606 0.967080 0.977512 0.975943 0.969797 1.000000 1.000000 1.000000 1.000000 1.000000 0.975900 0.977905 0.981126 0.978776 0.975065 0.971603 0.973082 0.968608 0.975436 0.965724 1.000000 1.000000 1.000000 1.000000 1.000000 0.983190 0.979855 0.981484 0.981444 0.986269 0.971594 0.971277 0.975166 0.965257 0.975689 1.000000 1.000000 1.000000 1.000000 1.000000 0.969590 0.970029 0.973472 0.968021 0.968425 0.964682 0.966241 0.966819 0.966219 0.968984 1.000000 1.000000 1.000000 1.000000 1.000000 0.980938 0.981533 0.981252 0.979677 0.979580 0.966172 0.959043 0.965970 0.960232 0.963501 1.000000 1.000000 1.000000 1.000000 1.000000 0.982675 0.981285 0.981422 0.982403 0.982620 0.975796 0.975330 0.973807 0.974213 0.974927 
1.000000 1.000000 1.000000 1.000000 1.000000 1.030926 1.032593 1.028395 1.029743 1.031204 1.035694 1.033116 1.036772 1.030037 1.025026 1.000000 1.000000 1.000000 1.000000 1.000000 1.011570 1.013777 1.016197 1.012792 1.012904 1.033894 1.032104 1.032805 1.028203 1.017102 1.000000 1.000000 1.000000 1.000000 1.000000 1.026298 1.027599 1.019232 1.039869 1.030988 1.033932 1.035014 1.033778 1.026502 1.026191 1.000000 1.000000 1.000000 1.000000 1.000000 1.028076 1.030011 1.009820 1.038427 1.025389 1.039960 1.037042 1.012777 1.018623 1.051008 1.000000 1.000000 1.000000 1.000000 1.000000 1.026472 1.021325 1.020234 1.018518 1.032347 1.031782 1.030544 1.036380 1.027632 1.028607 1.000000 1.000000 1.000000 1.000000 1.000000 1.022614 1.024845 1.025883 1.024370 1.013773 1.035599 1.035562 1.027779 1.044946 1.015570 1.000000 1.000000 1.000000 1.000000 1.000000 1.050826 1.047332 1.044523 1.053183 1.051710 1.055590 1.055270 1.054496 1.054222 1.050754 1.000000 1.000000 1.000000 1.000000 1.000000 1.021943 1.020081 1.020799 1.019319 1.013156 1.049788 1.060604 1.046491 1.050256 1.051596 1.000000 1.000000 1.000000 1.000000 1.000000 1.023838 1.023678 1.022923 1.021753 1.018506 1.028857 1.028234 1.028030 1.027240 1.022882 
1.000000 1.000000 1.000000 1.000000 1.000000 0.975270 0.974737 0.977515 0.975603 0.975548 0.971790 0.973784 0.970829 0.976518 0.980136 1.000000 1.000000 1.000000 1.000000 1.000000 0.990767 0.989315 0.986749 0.989823 0.990097 0.972929 0.974665 0.973766 0.977550 0.986635 1.000000 1.000000 1.000000 1.000000 1.000000 0.979160 0.977012 0.983800 0.966166 0.975620 0.972815 0.971817 0.973444 0.978515 0.977052 1.000000 1.000000 1.000000 1.000000 1.000000 0.978290 0.974183 0.991855 0.972203 0.981187 0.968699 0.969996 0.990884 0.986638 0.965298 1.000000 1.000000 1.000000 1.000000 1.000000 0.977466 0.982626 0.983790 0.984496 0.975668 0.975105 0.975557 0.970756 0.976907 0.976001 1.000000 1.000000 1.000000 1.000000 1.000000 0.981670 0.980478 0.980365 0.980505 0.989848 0.971590 0.972278 0.977974 0.963634 0.987203 1.000000 1.000000 1.000000 1.000000 1.000000 0.963465 0.964058 0.968686 0.960235 0.961626 0.957784 0.959012 0.959615 0.960125 0.963366 1.000000 1.000000 1.000000 1.000000 1.000000 0.981978 0.983356 0.982768 0.983902 0.988935 0.961051 0.954002 0.964646 0.962430 0.961151 1.000000 1.000000 1.000000 1.000000 1.000000 0.980658 0.980415 0.981262 0.981928 0.984931 0.976798 0.977195 0.977327 0.977873 0.981342 
1.000000 1.000000 1.000000 1.000000 1.000000 1.006631 1.008451 1.011783 1.008003 1.011480 1.014058 1.014255 1.014898 1.015785 1.018019 1.000000 1.000000 1.000000 1.000000 1.000000 1.002986 1.003230 1.003146 1.004356 1.005836 1.009391 1.010043 1.013043 1.011845 1.014588 1.000000 1.000000 1.000000 1.000000 1.000000 1.016605 1.010386 1.017414 1.002758 1.009583 1.018425 1.016217 1.026467 1.019680 1.018722 1.000000 1.000000 1.000000 1.000000 1.000000 1.002824 1.005842 1.024028 1.004759 1.026787 1.014280 1.018429 1.020753 1.019538 1.005073 1.000000 1.000000 1.000000 1.000000 1.000000 1.012204 1.013710 1.010716 1.014850 1.011635 1.015511 1.014122 1.016441 1.012607 1.025044 1.000000 1.000000 1.000000 1.000000 1.000000 1.006401 1.009424 1.006766 1.007382 1.008826 1.012280 1.013441 1.013845 1.014469 1.020756 1.000000 1.000000 1.000000 1.000000 1.000000 1.004581 1.005565 1.004180 1.004517 1.005123 1.006906 1.006053 1.005827 1.006627 1.005810 1.000000 1.000000 1.000000 1.000000 1.000000 1.009616 1.009950 1.009799 1.013127 1.017672 1.008879 1.012184 1.012588 1.017718 1.012065 1.000000 1.000000 1.000000 1.000000 1.000000 1.005719 1.007692 1.008091 1.007400 1.009933 1.011718 1.012842 1.014842 1.014947 1.017230 
1.000000 1.000000 1.000000 1.000000 1.000000 1.017233 1.017721 1.012941 1.015430 1.015183 1.016487 1.014672 1.016856 1.012168 1.007557 1.000000 1.000000 1.000000 1.000000 1.000000 1.006457 1.007597 1.009489 1.006225 1.005745 1.017605 1.016399 1.015037 1.012772 1.004034 1.000000 1.000000 1.000000 1.000000 1.000000 1.009251 1.013367 1.004309 1.024393 1.016670 1.013343 1.014788 1.009192 1.007941 1.007161 1.000000 1.000000 1.000000 1.000000 1.000000 1.017804 1.016749 0.994599 1.025038 1.003649 1.019290 1.015470 0.998258 1.003220 1.031627 1.000000 1.000000 1.000000 1.000000 1.000000 1.011128 1.007299 1.008356 1.005164 1.016893 1.013518 1.013036 1.016116 1.012008 1.005810 1.000000 1.000000 1.000000 1.000000 1.000000 1.012109 1.012235 1.014296 1.012641 1.005148 1.017236 1.017050 1.011627 1.022556 0.999898 1.000000 1.000000 1.000000 1.000000 1.000000 1.031289 1.028064 1.027488 1.032664 1.031465 1.032957 1.033778 1.033192 1.032545 1.030900 1.000000 1.000000 1.000000 1.000000 1.000000 1.009937 1.008384 1.008940 1.006519 1.000174 1.027699 1.033476 1.024317 1.024129 1.027813 1.000000 1.000000 1.000000 1.000000 1.000000 1.012841 1.011837 1.011146 1.010590 1.007557 1.013299 1.012406 1.011172 1.010655 1.006691 
1.000000 1.000000 1.000000 1.000000 1.000000 0.988330 0.988453 0.992681 0.990063 0.990854 0.990753 0.992171 0.990719 0.994598 0.998630 1.000000 1.000000 1.000000 1.000000 1.000000 0.995854 0.994889 0.993673 0.996151 0.996966 0.988778 0.989982 0.991641 0.993032 1.000327 1.000000 1.000000 1.000000 1.000000 1.000000 0.997031 0.992455 1.001061 0.982282 0.989722 0.994345 0.992631 0.999285 0.998470 0.998866 1.000000 1.000000 1.000000 1.000000 1.000000 0.987091 0.988839 1.009650 0.982070 1.002912 0.988790 0.992692 1.006233 1.002376 0.975449 1.000000 1.000000 1.000000 1.000000 1.000000 0.994585 0.997643 0.996241 0.999843 0.990104 0.993390 0.993455 0.991677 0.994133 1.001534 1.000000 1.000000 1.000000 1.000000 1.000000 0.992458 0.992917 0.990536 0.992193 0.998018 0.989831 0.990219 0.994205 0.986789 1.005437 1.000000 1.000000 1.000000 1.000000 1.000000 0.975891 0.978959 0.978755 0.975091 0.976113 0.975465 0.974721 0.975199 0.975663 0.976716 1.000000 1.000000 1.000000 1.000000 1.000000 0.994830 0.996052 0.995604 0.998355 1.004335 0.980449 0.976901 0.983926 0.985035 0.980820 1.000000 1.000000 1.000000 1.000000 1.000000 0.991525 0.992902 0.993449 0.993705 0.996683 0.992789 0.993726 0.995115 0.995589 0.999116 
1.000000 1.000000 1.000000 1.000000 1.000000 0.995542 0.995831 0.999117 0.996800 0.997993 0.998549 0.999314 0.998757 1.000831 1.003407 1.000000 1.000000 1.000000 1.000000 1.000000 0.998599 0.998084 0.997547 0.999065 0.999772 0.996464 0.997107 0.998753 0.999284 1.003451 1.000000 1.000000 1.000000 1.000000 1.000000 1.002281 0.998863 1.005059 0.991658 0.997046 1.001513 1.000145 1.005876 1.004024 1.004351 1.000000 1.000000 1.000000 1.000000 1.000000 0.993831 0.995896 1.011322 0.991421 1.008165 0.997579 1.000602 1.007990 1.005681 0.987287 1.000000 1.000000 1.000000 1.000000 1.000000 1.000254 1.002236 1.000688 1.003713 0.997340 1.000309 1.000002 0.999567 1.000119 1.006888 1.000000 1.000000 1.000000 1.000000 1.000000 0.997630 0.998612 0.996597 0.997706 1.001106 0.997692 0.998075 1.000366 0.996627 1.007603 1.000000 1.000000 1.000000 1.000000 1.000000 0.987696 0.989916 0.989094 0.987476 0.988139 0.988364 0.987647 0.987861 0.988232 0.988517 1.000000 1.000000 1.000000 1.000000 1.000000 0.999736 1.000475 1.000190 1.002500 1.006624 0.991793 0.990252 0.994324 0.996002 0.992578 1.000000 1.000000 1.000000 1.000000 1.000000 0.996982 0.998272 0.998659 0.998643 1.000829 0.999099 0.999907 1.001088 1.001349 1.003702 
1.000000 1.000000 1.000000 1.000000 1.000000 1.006458 1.006514 1.004452 1.005781 1.005388 1.005893 1.005173 1.006005 1.004121 1.002350 1.000000 1.000000 1.000000 1.000000 1.000000 1.002427 1.002781 1.003682 1.002206 1.001940 1.006517 1.006028 1.005414 1.004514 1.001028 1.000000 1.000000 1.000000 1.000000 1.000000 1.002960 1.004951 1.001067 1.009790 1.006131 1.004568 1.005194 1.002701 1.002457 1.002422 1.000000 1.000000 1.000000 1.000000 1.000000 1.006809 1.006619 0.996716 1.009327 0.999804 1.007031 1.005635 0.998278 1.000285 1.011046 1.000000 1.000000 1.000000 1.000000 1.000000 1.004075 1.002277 1.002839 1.001529 1.006061 1.004607 1.004598 1.005824 1.004394 1.001610 1.000000 1.000000 1.000000 1.000000 1.000000 1.004580 1.004358 1.005150 1.004683 1.001470 1.006262 1.006084 1.004029 1.008487 0.999269 1.000000 1.000000 1.000000 1.000000 1.000000 1.011258 1.010309 1.009773 1.012039 1.011503 1.012115 1.012387 1.012180 1.011794 1.011129 1.000000 1.000000 1.000000 1.000000 1.000000 1.003592 1.002965 1.003196 1.002129 0.999472 1.010251 1.012383 1.008692 1.008303 1.009913 1.000000 1.000000 1.000000 1.000000 1.000000 1.004829 1.004431 1.004079 1.003925 1.002586 1.004810 1.004429 1.003859 1.003691 1.002076 
1.000000 1.000000 1.000000 1.000000 1.000000 1.029189 1.031495 1.031228 1.030011 1.032481 1.038696 1.036961 1.040196 1.035472 1.033457 1.000000 1.000000 1.000000 1.000000 1.000000 1.010866 1.013090 1.014546 1.013481 1.014421 1.033836 1.032630 1.035824 1.030979 1.024637 1.000000 1.000000 1.000000 1.000000 1.000000 1.033531 1.029157 1.028155 1.034435 1.030017 1.040501 1.040349 1.046063 1.034848 1.035070 1.000000 1.000000 1.000000 1.000000 1.000000 1.023070 1.028428 1.025971 1.030274 1.040005 1.041387 1.042277 1.026092 1.028783 1.042932 1.000000 1.000000 1.000000 1.000000 1.000000 1.030938 1.027301 1.023670 1.025576 1.032319 1.036490 1.034775 1.040650 1.031542 1.042429 1.000000 1.000000 1.000000 1.000000 1.000000 1.022189 1.025899 1.024509 1.024511 1.016780 1.037655 1.037636 1.031596 1.046399 1.028924 1.000000 1.000000 1.000000 1.000000 1.000000 1.043288 1.042118 1.037740 1.045505 1.044681 1.049442 1.047446 1.046905 1.047450 1.043682 1.000000 1.000000 1.000000 1.000000 1.000000 1.024296 1.023343 1.023816 1.024863 1.023610 1.047042 1.057469 1.046469 1.053537 1.049998 1.000000 1.000000 1.000000 1.000000 1.000000 1.023271 1.024544 1.024187 1.022984 1.021688 1.031508 1.031688 1.033294 1.032688 1.030800 
1.000000 1.000000 1.000000 1.000000 1.000000 1.017095 1.019203 1.020016 1.018262 1.020656 1.025197 1.024488 1.026421 1.024800 1.025154 1.000000 1.000000 1.000000 1.000000 1.000000 1.006851 1.007659 1.008968 1.008269 1.009556 1.020617 1.020718 1.023491 1.020407 1.018979 1.000000 1.000000 1.000000 1.000000 1.000000 1.024350 1.019417 1.022118 1.018648 1.019421 1.028545 1.027146 1.035165 1.026194 1.025774 1.000000 1.000000 1.000000 1.000000 1.000000 1.012668 1.017202 1.022899 1.017131 1.029904 1.026691 1.030050 1.022076 1.023165 1.019664 1.000000 1.000000 1.000000 1.000000 1.000000 1.021230 1.019458 1.016630 1.019845 1.021771 1.024898 1.023525 1.028103 1.021890 1.032933 1.000000 1.000000 1.000000 1.000000 1.000000 1.014267 1.016996 1.014700 1.015544 1.011790 1.023925 1.024476 1.021680 1.030273 1.024680 1.000000 1.000000 1.000000 1.000000 1.000000 1.020354 1.021099 1.017562 1.022030 1.021817 1.025127 1.023903 1.023514 1.023751 1.021530 1.000000 1.000000 1.000000 1.000000 1.000000 1.016623 1.016193 1.016398 1.018641 1.020311 1.025592 1.032662 1.027183 1.032767 1.027961 1.000000 1.000000 1.000000 1.000000 1.000000 1.013952 1.015782 1.015554 1.014686 1.015296 1.021030 1.021673 1.023340 1.023274 1.023512 
1.000000 1.000000 1.000000 1.000000 1.000000 0.963972 0.962960 0.967414 0.964468 0.964504 0.959165 0.961995 0.957746 0.965801 0.971085 1.000000 1.000000 1.000000 1.000000 1.000000 0.986605 0.984404 0.980790 0.985201 0.985559 0.960751 0.963065 0.961946 0.967559 0.980429 1.000000 1.000000 1.000000 1.000000 1.000000 0.969513 0.966914 0.976955 0.950882 0.964652 0.960725 0.959300 0.961855 0.969256 0.967714 1.000000 1.000000 1.000000 1.000000 1.000000 0.968160 0.962689 0.989109 0.959037 0.973158 0.954923 0.956709 0.986620 0.980477 0.947888 1.000000 1.000000 1.000000 1.000000 1.000000 0.967330 0.974983 0.976531 0.977810 0.964217 0.963955 0.964671 0.957536 0.966593 0.965634 1.000000 1.000000 1.000000 1.000000 1.000000 0.973303 0.971645 0.971281 0.971612 0.985329 0.958816 0.959763 0.968277 0.947276 0.981223 1.000000 1.000000 1.000000 1.000000 1.000000 0.945546 0.946889 0.953191 0.941083 0.943105 0.937666 0.939343 0.940322 0.940944 0.945591 1.000000 1.000000 1.000000 1.000000 1.000000 0.973932 0.975980 0.975087 0.976903 0.984220 0.943103 0.932475 0.948210 0.944877 0.943085 1.000000 1.000000 1.000000 1.000000 1.000000 0.971813 0.971619 0.972886 0.973847 0.978345 0.966400 0.967064 0.967240 0.968023 0.973107 
1.000000 1.000000 1.000000 1.000000 1.000000 0.933879 0.930590 0.934557 0.933494 0.930109 0.919913 0.924305 0.916713 0.929025 0.935914 1.000000 1.000000 1.000000 1.000000 1.000000 0.974961 0.971031 0.965238 0.971208 0.970550 0.926500 0.929743 0.925201 0.935416 0.954302 1.000000 1.000000 1.000000 1.000000 1.000000 0.934007 0.935370 0.945431 0.916447 0.932258 0.918395 0.918202 0.913818 0.931171 0.929771 1.000000 1.000000 1.000000 1.000000 1.000000 0.944408 0.932791 0.958937 0.927259 0.929414 0.913078 0.912558 0.958334 0.949531 0.907266 1.000000 1.000000 1.000000 1.000000 1.000000 0.934512 0.945475 0.950949 0.949329 0.929706 0.926336 0.928870 0.915272 0.933189 0.921410 1.000000 1.000000 1.000000 1.000000 1.000000 0.949779 0.943969 0.945707 0.946069 0.967079 0.920853 0.921251 0.935017 0.900391 0.949922 1.000000 1.000000 1.000000 1.000000 1.000000 0.904183 0.905866 0.917271 0.897129 0.899845 0.889211 0.892812 0.894969 0.894929 0.903337 1.000000 1.000000 1.000000 1.000000 1.000000 0.947767 0.950847 0.949506 0.949438 0.957435 0.897672 0.878266 0.903043 0.893197 0.894606 1.000000 1.000000 1.000000 1.000000 1.000000 0.947845 0.945797 0.947450 0.949671 0.954760 0.933822 0.933833 0.932250 0.933529 0.939792 
1.000000 1.000000 1.000000 1.000000 1.000000 1.022361 1.024398 1.024046 1.022626 1.025426 1.029806 1.028437 1.031020 1.027583 1.026077 1.000000 1.000000 1.000000 1.000000 1.000000 1.008706 1.010081 1.011596 1.010237 1.011201 1.025845 1.025211 1.027504 1.024027 1.019218 1.000000 1.000000 1.000000 1.000000 1.000000 1.025957 1.022952 1.022443 1.025524 1.024259 1.031608 1.030899 1.036519 1.027897 1.027269 1.000000 1.000000 1.000000 1.000000 1.000000 1.018215 1.021651 1.020884 1.025238 1.031439 1.032314 1.033516 1.020439 1.023086 1.032050 1.000000 1.000000 1.000000 1.000000 1.000000 1.023509 1.021220 1.018683 1.020406 1.026231 1.028484 1.026868 1.031913 1.024431 1.032858 1.000000 1.000000 1.000000 1.000000 1.000000 1.017426 1.020519 1.019319 1.019017 1.013509 1.028718 1.029307 1.025012 1.035783 1.022403 1.000000 1.000000 1.000000 1.000000 1.000000 1.031970 1.030913 1.027994 1.033558 1.033036 1.036559 1.035716 1.035121 1.035385 1.032764 1.000000 1.000000 1.000000 1.000000 1.000000 1.019065 1.018182 1.018518 1.019771 1.018998 1.034692 1.043013 1.034999 1.040470 1.037561 1.000000 1.000000 1.000000 1.000000 1.000000 1.017670 1.018901 1.018651 1.017565 1.017201 1.024421 1.024770 1.025912 1.025539 1.024383 
1.000000 1.000000 1.000000 1.000000 1.000000 1.040310 1.044583 1.045900 1.042352 1.047576 1.057564 1.055547 1.060066 1.055023 1.054521 1.000000 1.000000 1.000000 1.000000 1.000000 1.015683 1.018136 1.020608 1.019249 1.021631 1.048095 1.047454 1.053357 1.046380 1.040886 1.000000 1.000000 1.000000 1.000000 1.000000 1.053115 1.043613 1.047191 1.044925 1.044138 1.063314 1.061204 1.076531 1.057318 1.056799 1.000000 1.000000 1.000000 1.000000 1.000000 1.030538 1.039741 1.047796 1.040982 1.065713 1.061376 1.066658 1.046222 1.049199 1.052208 1.000000 1.000000 1.000000 1.000000 1.000000 1.047031 1.042918 1.036758 1.042411 1.048659 1.055935 1.052951 1.062736 1.048402 1.071099 1.000000 1.000000 1.000000 1.000000 1.000000 1.032320 1.038496 1.034498 1.035524 1.026328 1.054947 1.055860 1.048881 1.068537 1.051013 1.000000 1.000000 1.000000 1.000000 1.000000 1.053097 1.053286 1.046133 1.056475 1.055787 1.063052 1.060253 1.059467 1.060183 1.054989 1.000000 1.000000 1.000000 1.000000 1.000000 1.036992 1.035908 1.036419 1.040284 1.042110 1.062575 1.078694 1.064947 1.077102 1.068015 1.000000 1.000000 1.000000 1.000000 1.000000 1.032546 1.035851 1.035439 1.033484 1.033820 1.047385 1.048467 1.051771 1.051318 1.050753 
1.000000 1.000000 1.000000 1.000000 1.000000 0.997693 0.997896 0.999747 0.998445 0.999112 0.999511 0.999944 0.999644 1.000816 1.002303 1.000000 1.000000 1.000000 1.000000 1.000000 0.999279 0.999011 0.998707 0.999579 0.999996 0.998264 0.998640 0.999616 0.999851 1.002245 1.000000 1.000000 1.000000 1.000000 1.000000 1.001648 0.999574 1.003123 0.995541 0.998525 1.001232 1.000450 1.003805 1.002594 1.002783 1.000000 1.000000 1.000000 1.000000 1.000000 0.996652 0.997896 1.006648 0.995292 1.004963 0.998956 1.000739 1.004852 1.003528 0.993108 1.000000 1.000000 1.000000 1.000000 1.000000 1.000449 1.001510 1.000593 1.002341 0.998759 1.000492 1.000316 1.000135 1.000361 1.004383 1.000000 1.000000 1.000000 1.000000 1.000000 0.998838 0.999410 0.998242 0.998902 1.000750 0.999015 0.999223 1.000471 0.998500 1.004704 1.000000 1.000000 1.000000 1.000000 1.000000 0.993357 0.994621 0.994101 0.993253 0.993622 0.993794 0.993348 0.993467 0.993689 0.993813 1.000000 1.000000 1.000000 1.000000 1.000000 1.000056 1.000474 1.000319 1.001639 1.004015 0.995727 0.994988 0.997166 0.998222 0.996187 1.000000 1.000000 1.000000 1.000000 1.000000 0.998481 0.999226 0.999435 0.999422 1.000643 0.999766 1.000222 1.000924 1.001073 1.002411 
1.000000 1.000000 1.000000 1.000000 1.000000 1.052866 1.056024 1.054049 1.053774 1.056999 1.068279 1.064612 1.070703 1.060746 1.056116 1.000000 1.000000 1.000000 1.000000 1.000000 1.019826 1.023420 1.027198 1.023563 1.024677 1.060935 1.058107 1.063090 1.054384 1.040238 1.000000 1.000000 1.000000 1.000000 1.000000 1.056132 1.052336 1.046930 1.066062 1.054024 1.070046 1.070555 1.077845 1.059277 1.061452 1.000000 1.000000 1.000000 1.000000 1.000000 1.042980 1.053190 1.039023 1.055726 1.062834 1.074433 1.074877 1.039066 1.045479 1.073742 1.000000 1.000000 1.000000 1.000000 1.000000 1.054164 1.046106 1.040690 1.043096 1.056538 1.063111 1.060864 1.071462 1.055592 1.071583 1.000000 1.000000 1.000000 1.000000 1.000000 1.040120 1.045502 1.043430 1.043818 1.027780 1.066898 1.066324 1.055183 1.083865 1.045506 1.000000 1.000000 1.000000 1.000000 1.000000 1.076000 1.074977 1.065685 1.081398 1.079405 1.088146 1.084764 1.084041 1.083992 1.077004 1.000000 1.000000 1.000000 1.000000 1.000000 1.042769 1.040699 1.041638 1.042506 1.037841 1.084719 1.103170 1.081716 1.092357 1.088086 1.000000 1.000000 1.000000 1.000000 1.000000 1.041970 1.044049 1.043013 1.041022 1.037639 1.055677 1.055720 1.057666 1.056608 1.052053 
1.000000 1.000000 1.000000 1.000000 1.000000 1.001017 1.001304 1.003425 1.002045 1.002889 1.004193 1.004431 1.004545 1.005133 1.006624 1.000000 1.000000 1.000000 1.000000 1.000000 1.000612 1.000411 1.000569 1.001118 1.001634 1.002265 1.002457 1.004003 1.003671 1.005355 1.000000 1.000000 1.000000 1.000000 1.000000 1.005806 1.003519 1.007257 0.999873 1.002179 1.006464 1.005546 1.009970 1.007411 1.008162 1.000000 1.000000 1.000000 1.000000 1.000000 0.999017 1.001754 1.010648 0.998006 1.009818 1.004036 1.006411 1.008096 1.007036 0.995293 1.000000 1.000000 1.000000 1.000000 1.000000 1.004624 1.005090 1.003622 1.006042 1.002341 1.004952 1.004699 1.005316 1.004626 1.010452 1.000000 1.000000 1.000000 1.000000 1.000000 1.001596 1.002511 1.000792 1.001838 1.002676 1.003546 1.003662 1.004484 1.004376 1.008741 1.000000 1.000000 1.000000 1.000000 1.000000 0.996227 0.998204 0.996371 0.996845 0.997089 0.998078 0.997193 0.997289 0.997407 0.996979 1.000000 1.000000 1.000000 1.000000 1.000000 1.003253 1.003594 1.003478 1.005162 1.007579 1.000542 1.000644 1.001845 1.003589 1.000965 1.000000 1.000000 1.000000 1.000000 1.000000 1.001216 1.002374 1.002484 1.002368 1.003549 1.003733 1.004320 1.005253 1.005389 1.006654 
1.000000 1.000000 1.000000 1.000000 1.000000 0.973092 0.973556 0.979626 0.975096 0.976683 0.974382 0.977137 0.973733 0.981753 0.988496 1.000000 1.000000 1.000000 1.000000 1.000000 0.990143 0.988494 0.985195 0.990138 0.991479 0.972361 0.974985 0.976403 0.979958 0.994033 1.000000 1.000000 1.000000 1.000000 1.000000 0.985994 0.978206 0.992221 0.959833 0.974961 0.979057 0.976303 0.985800 0.987047 0.985645 1.000000 1.000000 1.000000 1.000000 1.000000 0.973582 0.971932 1.006949 0.965553 0.994576 0.970546 0.975484 1.003796 0.996980 0.956835 1.000000 1.000000 1.000000 1.000000 1.000000 0.981086 0.987931 0.987011 0.991244 0.976435 0.979252 0.979443 0.974712 0.980306 0.988947 1.000000 1.000000 1.000000 1.000000 1.000000 0.981230 0.981466 0.979024 0.980465 0.992788 0.972933 0.974186 0.981691 0.964754 1.000157 1.000000 1.000000 1.000000 1.000000 1.000000 0.955126 0.957640 0.961349 0.951566 0.953653 0.950398 0.950636 0.951441 0.952568 0.955796 1.000000 1.000000 1.000000 1.000000 1.000000 0.984096 0.986236 0.985396 0.989186 0.999231 0.956814 0.950010 0.963486 0.964124 0.958215 1.000000 1.000000 1.000000 1.000000 1.000000 0.979626 0.980852 0.982071 0.982600 0.987889 0.979143 0.980395 0.982192 0.983017 0.989195 
1.000000 1.000000 1.000000 1.000000 1.000000 0.988804 0.989105 0.990812 0.989203 0.989947 0.988557 0.989629 0.988292 0.991560 0.993967 1.000000 1.000000 1.000000 1.000000 1.000000 0.996082 0.995214 0.994173 0.995614 0.996186 0.988112 0.989388 0.989404 0.991032 0.996445 1.000000 1.000000 1.000000 1.000000 1.000000 0.993106 0.990668 0.995531 0.983422 0.990023 0.990193 0.988975 0.992344 0.993361 0.992059 1.000000 1.000000 1.000000 1.000000 1.000000 0.989855 0.988241 1.000434 0.987652 0.995326 0.987123 0.989094 0.999725 0.997588 0.982613 1.000000 1.000000 1.000000 1.000000 1.000000 0.991190 0.993947 0.994141 0.995452 0.990784 0.990637 0.990550 0.988962 0.991137 0.993161 1.000000 1.000000 1.000000 1.000000 1.000000 0.992321 0.992213 0.991513 0.991788 0.996644 0.988041 0.988811 0.991759 0.984910 0.998230 1.000000 1.000000 1.000000 1.000000 1.000000 0.981639 0.982230 0.984282 0.980098 0.980921 0.979317 0.980020 0.980207 0.980487 0.982046 1.000000 1.000000 1.000000 1.000000 1.000000 0.993031 0.993705 0.993396 0.994773 0.998364 0.981406 0.978898 0.984227 0.984117 0.982111 1.000000 1.000000 1.000000 1.000000 1.000000 0.991357 0.991748 0.992173 0.992341 0.994515 0.990784 0.991249 0.991696 0.992079 0.994402 
1.000000 1.000000 1.000000 1.000000 1.000000 0.971114 0.969436 0.970807 0.970864 0.969046 0.964069 0.965975 0.962641 0.967871 0.970712 1.000000 1.000000 1.000000 1.000000 1.000000 0.989035 0.987250 0.984921 0.987252 0.986753 0.967475 0.968825 0.966586 0.971083 0.978986 1.000000 1.000000 1.000000 1.000000 1.000000 0.970077 0.971471 0.974976 0.964177 0.970139 0.963100 0.963081 0.960164 0.968786 0.968328 1.000000 1.000000 1.000000 1.000000 1.000000 0.975999 0.970946 0.979888 0.968344 0.966824 0.961052 0.960750 0.979863 0.976159 0.959312 1.000000 1.000000 1.000000 1.000000 1.000000 0.970941 0.975324 0.977979 0.976914 0.968763 0.966648 0.967998 0.962084 0.970231 0.963703 1.000000 1.000000 1.000000 1.000000 1.000000 0.977989 0.975116 0.976067 0.976210 0.984944 0.964633 0.964730 0.970800 0.955632 0.976448 1.000000 1.000000 1.000000 1.000000 1.000000 0.958245 0.959069 0.963851 0.955374 0.956454 0.951804 0.953351 0.954155 0.954087 0.957740 1.000000 1.000000 1.000000 1.000000 1.000000 0.976803 0.978073 0.977524 0.977151 0.980089 0.954961 0.945928 0.956772 0.951747 0.953152 1.000000 1.000000 1.000000 1.000000 1.000000 0.977186 0.976138 0.976755 0.977821 0.979688 0.970409 0.970352 0.969468 0.970031 0.972579 
1.000000 1.000000 1.000000 1.000000 1.000000 0.999700 1.000200 1.001487 1.000228 1.001057 1.001469 1.001755 1.001591 1.002395 1.003336 1.000000 1.000000 1.000000 1.000000 1.000000 0.999828 1.000017 0.999382 1.000450 1.000837 1.000271 1.000545 1.001389 1.001296 1.003066 1.000000 1.000000 1.000000 1.000000 1.000000 1.002969 1.000459 1.003124 0.997627 0.999999 1.002611 1.002100 1.004793 1.003263 1.002868 1.000000 1.000000 1.000000 1.000000 1.000000 0.998672 0.999022 1.005997 0.998306 1.006370 1.000996 1.001965 1.005447 1.004371 1.000197 1.000000 1.000000 1.000000 1.000000 1.000000 1.001415 1.002327 1.001433 1.002459 1.000744 1.002087 1.001768 1.001722 1.001254 1.004784 1.000000 1.000000 1.000000 1.000000 1.000000 0.999923 1.000738 1.000158 1.000252 1.001577 1.001008 1.001259 1.001719 1.000500 1.004862 1.000000 1.000000 1.000000 1.000000 1.000000 0.999624 0.999571 0.999873 0.999046 0.999355 0.999448 0.999105 0.999118 0.999620 0.999633 1.000000 1.000000 1.000000 1.000000 1.000000 1.000882 1.001179 1.001089 1.001941 1.003721 0.999862 1.000175 1.001087 1.002556 1.000860 1.000000 1.000000 1.000000 1.000000 1.000000 0.999952 1.000293 1.000536 1.000435 1.001219 1.001109 1.001369 1.002042 1.002053 1.002955 
1.000000 1.000000 1.000000 1.000000 1.000000 0.955799 0.954059 0.958381 0.956089 0.955006 0.948305 0.951559 0.946402 0.955545 0.961207 1.000000 1.000000 1.000000 1.000000 1.000000 0.983408 0.980741 0.976560 0.981380 0.981388 0.951390 0.953893 0.951818 0.958679 0.973051 1.000000 1.000000 1.000000 1.000000 1.000000 0.959626 0.958297 0.968167 0.941794 0.955697 0.948946 0.947941 0.948227 0.958548 0.957234 1.000000 1.000000 1.000000 1.000000 1.000000 0.961675 0.954707 0.980527 0.950130 0.960798 0.943308 0.944373 0.978505 0.971608 0.936612 1.000000 1.000000 1.000000 1.000000 1.000000 0.958397 0.966819 0.969438 0.969879 0.954543 0.953474 0.954755 0.945785 0.957434 0.953209 1.000000 1.000000 1.000000 1.000000 1.000000 0.966867 0.963992 0.964212 0.964612 0.980181 0.948389 0.949083 0.958992 0.934398 0.972386 1.000000 1.000000 1.000000 1.000000 1.000000 0.934229 0.935792 0.943307 0.929166 0.931341 0.924534 0.926633 0.927935 0.928363 0.933985 1.000000 1.000000 1.000000 1.000000 1.000000 0.966739 0.969073 0.968066 0.969282 0.976651 0.930788 0.917530 0.935736 0.930467 0.929740 1.000000 1.000000 1.000000 1.000000 1.000000 0.965318 0.964592 0.965941 0.967282 0.971818 0.957412 0.957873 0.957540 0.958448 0.963773 
1.000000 1.000000 1.000000 1.000000 1.000000 1.019967 1.022225 1.022497 1.021154 1.023212 1.028266 1.027358 1.029534 1.027276 1.027071 1.000000 1.000000 1.000000 1.000000 1.000000 1.007655 1.008956 1.010102 1.009502 1.010683 1.023705 1.023557 1.026362 1.022690 1.020324 1.000000 1.000000 1.000000 1.000000 1.000000 1.026566 1.021264 1.022895 1.022595 1.021445 1.031062 1.030125 1.037183 1.027545 1.027180 1.000000 1.000000 1.000000 1.000000 1.000000 1.015133 1.019708 1.022591 1.019982 1.031582 1.029825 1.032452 1.022975 1.024276 1.026448 1.000000 1.000000 1.000000 1.000000 1.000000 1.023494 1.021007 1.018033 1.020688 1.024098 1.027382 1.026017 1.030818 1.023973 1.034796 1.000000 1.000000 1.000000 1.000000 1.000000 1.016030 1.018843 1.016934 1.017613 1.012675 1.027157 1.027434 1.023577 1.034011 1.025767 1.000000 1.000000 1.000000 1.000000 1.000000 1.026952 1.026971 1.023399 1.028639 1.028245 1.031826 1.030305 1.029904 1.030308 1.027688 1.000000 1.000000 1.000000 1.000000 1.000000 1.018186 1.017647 1.017948 1.019660 1.020601 1.031241 1.039418 1.032180 1.038176 1.033647 1.000000 1.000000 1.000000 1.000000 1.000000 1.016222 1.017740 1.017445 1.016548 1.016432 1.023357 1.023757 1.025447 1.025236 1.024860 
1.000000 1.000000 1.000000 1.000000 1.000000 1.028541 1.031045 1.031345 1.029822 1.032489 1.039110 1.037558 1.040659 1.036486 1.035365 1.000000 1.000000 1.000000 1.000000 1.000000 1.010675 1.012785 1.014201 1.013418 1.014578 1.033545 1.032586 1.036320 1.031335 1.026289 1.000000 1.000000 1.000000 1.000000 1.000000 1.034912 1.029313 1.029812 1.033229 1.029649 1.041776 1.041195 1.048863 1.036753 1.037157 1.000000 1.000000 1.000000 1.000000 1.000000 1.021907 1.028038 1.028702 1.028428 1.042021 1.041692 1.043742 1.028617 1.030729 1.040022 1.000000 1.000000 1.000000 1.000000 1.000000 1.031774 1.028229 1.024218 1.026942 1.032295 1.037150 1.035548 1.041616 1.032302 1.045548 1.000000 1.000000 1.000000 1.000000 1.000000 1.022077 1.025900 1.023922 1.024411 1.017100 1.037768 1.037839 1.032331 1.046667 1.031836 1.000000 1.000000 1.000000 1.000000 1.000000 1.040680 1.040207 1.035353 1.043016 1.042302 1.047240 1.044962 1.044474 1.045069 1.041269 1.000000 1.000000 1.000000 1.000000 1.000000 1.024694 1.023903 1.024332 1.025929 1.025818 1.045732 1.056391 1.045800 1.053422 1.048732 1.000000 1.000000 1.000000 1.000000 1.000000 1.022969 1.024598 1.024246 1.023060 1.022189 1.031943 1.032311 1.034282 1.033786 1.032561 
1.000000 1.000000 1.000000 1.000000 1.000000 0.979236 0.978413 0.980352 0.979330 0.978716 0.975157 0.976725 0.974157 0.978421 0.980876 1.000000 1.000000 1.000000 1.000000 1.000000 0.991890 0.991034 0.988478 0.991341 0.991165 0.976907 0.977944 0.976890 0.980068 0.986857 1.000000 1.000000 1.000000 1.000000 1.000000 0.980393 0.979375 0.983571 0.972366 0.978270 0.974888 0.974740 0.973912 0.979289 0.978449 1.000000 1.000000 1.000000 1.000000 1.000000 0.981988 0.977996 0.989432 0.976349 0.981232 0.972507 0.972298 0.989338 0.985726 0.974096 1.000000 1.000000 1.000000 1.000000 1.000000 0.979732 0.983784 0.984989 0.984519 0.977911 0.977350 0.978040 0.973422 0.978944 0.976311 1.000000 1.000000 1.000000 1.000000 1.000000 0.983884 0.982589 0.983244 0.983009 0.990444 0.975290 0.975509 0.980004 0.967844 0.985828 1.000000 1.000000 1.000000 1.000000 1.000000 0.972327 0.972088 0.976416 0.969377 0.970408 0.966949 0.967795 0.968336 0.968930 0.971592 1.000000 1.000000 1.000000 1.000000 1.000000 0.983646 0.984800 0.984345 0.984410 0.987577 0.968618 0.962289 0.970643 0.968186 0.968340 1.000000 1.000000 1.000000 1.000000 1.000000 0.983663 0.982856 0.983579 0.984263 0.985980 0.979260 0.979304 0.979148 0.979454 0.981775 
1.000000 1.000000 1.000000 1.000000 1.000000 0.989912 0.989121 0.990391 0.990352 0.989334 0.987997 0.988775 0.987527 0.989402 0.990785 1.000000 1.000000 1.000000 1.000000 1.000000 0.995944 0.995496 0.994396 0.995810 0.995546 0.988933 0.989210 0.988957 0.990352 0.993555 1.000000 1.000000 1.000000 1.000000 1.000000 0.990494 0.990264 0.992313 0.987677 0.988932 0.987942 0.988091 0.987268 0.989943 0.990630 1.000000 1.000000 1.000000 1.000000 1.000000 0.990708 0.990137 0.995008 0.986554 0.990266 0.986574 0.986681 0.994491 0.992405 0.984820 1.000000 1.000000 1.000000 1.000000 1.000000 0.990901 0.992295 0.992645 0.992704 0.988223 0.988838 0.989516 0.987110 0.990276 0.989291 1.000000 1.000000 1.000000 1.000000 1.000000 0.992173 0.991240 0.991234 0.991732 0.994859 0.988222 0.987871 0.990141 0.984814 0.993500 1.000000 1.000000 1.000000 1.000000 1.000000 0.984940 0.985880 0.986784 0.984142 0.984522 0.983216 0.983002 0.983406 0.983570 0.984567 1.000000 1.000000 1.000000 1.000000 1.000000 0.992198 0.992866 0.992651 0.992630 0.994157 0.984883 0.981175 0.985258 0.983787 0.983902 1.000000 1.000000 1.000000 1.000000 1.000000 0.992243 0.991977 0.992227 0.992707 0.993230 0.990076 0.990081 0.990069 0.990229 0.991298 
1.000000 1.000000 1.000000 1.000000 1.000000 1.006530 1.006605 1.005708 1.006195 1.006272 1.006975 1.006372 1.007123 1.005405 1.004058 1.000000 1.000000 1.000000 1.000000 1.000000 1.002309 1.002892 1.003287 1.002660 1.002465 1.006985 1.006348 1.006393 1.005492 1.002625 1.000000 1.000000 1.000000 1.000000 1.000000 1.004506 1.005392 1.002983 1.008802 1.006055 1.006133 1.006673 1.005356 1.004488 1.004745 1.000000 1.000000 1.000000 1.000000 1.000000 1.005962 1.006314 1.000739 1.007828 1.004213 1.007847 1.006657 1.001235 1.002447 1.011640 1.000000 1.000000 1.000000 1.000000 1.000000 1.005026 1.003870 1.003691 1.002938 1.005953 1.005916 1.005785 1.006709 1.005132 1.004445 1.000000 1.000000 1.000000 1.000000 1.000000 1.004453 1.004823 1.005309 1.004854 1.002487 1.007102 1.006907 1.005227 1.008696 1.001605 1.000000 1.000000 1.000000 1.000000 1.000000 1.011623 1.010733 1.010173 1.012103 1.011732 1.012507 1.012313 1.012157 1.012151 1.011372 1.000000 1.000000 1.000000 1.000000 1.000000 1.004147 1.003762 1.003921 1.003267 1.001456 1.010941 1.012740 1.009738 1.010168 1.011098 1.000000 1.000000 1.000000 1.000000 1.000000 1.004982 1.004732 1.004587 1.004400 1.003394 1.005521 1.005297 1.005119 1.004880 1.003697 
1.000000 1.000000 1.000000 1.000000 1.000000 0.975964 0.974579 0.975931 0.975542 0.974462 0.970031 0.971603 0.968898 0.973241 0.975417 1.000000 1.000000 1.000000 1.000000 1.000000 0.991025 0.989432 0.987583 0.989413 0.989055 0.972858 0.973997 0.972034 0.976032 0.982356 1.000000 1.000000 1.000000 1.000000 1.000000 0.975034 0.976551 0.979649 0.969595 0.975704 0.969343 0.969190 0.966864 0.974242 0.973496 1.000000 1.000000 1.000000 1.000000 1.000000 0.980172 0.975654 0.984225 0.974453 0.973382 0.967534 0.967222 0.983417 0.980535 0.966065 1.000000 1.000000 1.000000 1.000000 1.000000 0.975591 0.979709 0.981921 0.981146 0.974424 0.972478 0.973294 0.968418 0.975185 0.969470 1.000000 1.000000 1.000000 1.000000 1.000000 0.981743 0.979615 0.980378 0.980232 0.987924 0.970463 0.970747 0.975888 0.962848 0.980141 1.000000 1.000000 1.000000 1.000000 1.000000 0.964920 0.965464 0.969717 0.962391 0.963369 0.959439 0.960999 0.961583 0.961525 0.964689 1.000000 1.000000 1.000000 1.000000 1.000000 0.980837 0.981854 0.981370 0.981282 0.983720 0.962016 0.954214 0.963806 0.959643 0.960886 1.000000 1.000000 1.000000 1.000000 1.000000 0.980903 0.980129 0.980722 0.981522 0.983397 0.975367 0.975420 0.974636 0.975092 0.977248 
1.000000 1.000000 1.000000 1.000000 1.000000 0.980016 0.979343 0.981995 0.979986 0.980317 0.976775 0.978319 0.975979 0.980273 0.982740 1.000000 1.000000 1.000000 1.000000 1.000000 0.992542 0.991426 0.989212 0.991830 0.991920 0.977959 0.979087 0.978247 0.981670 0.988282 1.000000 1.000000 1.000000 1.000000 1.000000 0.982248 0.981320 0.986599 0.972135 0.980397 0.977302 0.976656 0.977253 0.982076 0.980817 1.000000 1.000000 1.000000 1.000000 1.000000 0.982523 0.978782 0.993786 0.977971 0.985521 0.974266 0.974620 0.991844 0.988508 0.973100 1.000000 1.000000 1.000000 1.000000 1.000000 0.981034 0.985820 0.986701 0.987056 0.979907 0.979592 0.979697 0.975503 0.980643 0.979068 1.000000 1.000000 1.000000 1.000000 1.000000 0.984871 0.984223 0.984356 0.983993 0.992069 0.976663 0.977279 0.981989 0.969586 0.987984 1.000000 1.000000 1.000000 1.000000 1.000000 0.971232 0.971317 0.975493 0.968341 0.969528 0.966305 0.967433 0.967861 0.968393 0.971099 1.000000 1.000000 1.000000 1.000000 1.000000 0.985148 0.986265 0.985753 0.986632 0.990306 0.968587 0.962135 0.971403 0.969453 0.969018 1.000000 1.000000 1.000000 1.000000 1.000000 0.984192 0.983894 0.984732 0.985214 0.987745 0.980775 0.981134 0.981111 0.981445 0.984081 
1.000000 1.000000 1.000000 1.000000 1.000000 0.987151 0.986067 0.987068 0.987059 0.986244 0.984053 0.984855 0.983525 0.985654 0.986934 1.000000 1.000000 1.000000 1.000000 1.000000 0.995393 0.994197 0.993781 0.994251 0.994005 0.985588 0.986098 0.985160 0.987372 0.990408 1.000000 1.000000 1.000000 1.000000 1.000000 0.986616 0.988348 0.990067 0.984562 0.987449 0.984036 0.983839 0.982726 0.986848 0.987210 1.000000 1.000000 1.000000 1.000000 1.000000 0.989223 0.987993 0.992320 0.985662 0.985322 0.982886 0.983251 0.990658 0.989291 0.977652 1.000000 1.000000 1.000000 1.000000 1.000000 0.987593 0.989486 0.990619 0.990745 0.986110 0.985408 0.985963 0.983548 0.987488 0.984518 1.000000 1.000000 1.000000 1.000000 1.000000 0.990580 0.989241 0.989148 0.989578 0.993383 0.984327 0.984346 0.987386 0.980838 0.989606 1.000000 1.000000 1.000000 1.000000 1.000000 0.978044 0.979586 0.980656 0.977460 0.977904 0.976177 0.976824 0.977182 0.976808 0.978349 1.000000 1.000000 1.000000 1.000000 1.000000 0.990245 0.990778 0.990507 0.990739 0.992019 0.978709 0.973870 0.979424 0.976785 0.977473 1.000000 1.000000 1.000000 1.000000 1.000000 0.989861 0.989818 0.990025 0.990501 0.991611 0.987161 0.987328 0.986853 0.987175 0.988378 
1.000000 1.000000 1.000000 1.000000 1.000000 0.990979 0.988918 0.987886 0.989841 0.987488 0.984504 0.984576 0.983657 0.983320 0.981766 1.000000 1.000000 1.000000 1.000000 1.000000 0.996135 0.995853 0.995239 0.995234 0.993865 0.988487 0.987664 0.985409 0.987369 0.985753 1.000000 1.000000 1.000000 1.000000 1.000000 0.982951 0.988458 0.984205 0.992104 0.988567 0.981021 0.982866 0.974452 0.981431 0.982480 1.000000 1.000000 1.000000 1.000000 1.000000 0.993938 0.991249 0.981869 0.991044 0.978252 0.983771 0.979971 0.981976 0.981995 0.990969 1.000000 1.000000 1.000000 1.000000 1.000000 0.986555 0.986977 0.989051 0.985963 0.985890 0.983982 0.984939 0.981780 0.986077 0.976051 1.000000 1.000000 1.000000 1.000000 1.000000 0.991644 0.989577 0.991680 0.990877 0.991972 0.985872 0.984934 0.985928 0.981936 0.980314 1.000000 1.000000 1.000000 1.000000 1.000000 0.990975 0.990336 0.992104 0.990376 0.990195 0.988289 0.988867 0.989166 0.988827 0.989899 1.000000 1.000000 1.000000 1.000000 1.000000 0.989525 0.989621 0.989568 0.987205 0.984150 0.987392 0.982284 0.984902 0.980328 0.985158 1.000000 1.000000 1.000000 1.000000 1.000000 0.992396 0.990797 0.990852 0.991479 0.990075 0.986904 0.986198 0.984624 0.984473 0.983124 
1.000000 1.000000 1.000000 1.000000 1.000000 0.959398 0.958094 0.962505 0.959682 0.959377 0.953056 0.956130 0.951294 0.960008 0.965447 1.000000 1.000000 1.000000 1.000000 1.000000 0.984699 0.982452 0.978151 0.983153 0.983305 0.955463 0.957847 0.956212 0.962535 0.976356 1.000000 1.000000 1.000000 1.000000 1.000000 0.963893 0.961626 0.971587 0.945206 0.959395 0.953889 0.952768 0.954041 0.963127 0.961401 1.000000 1.000000 1.000000 1.000000 1.000000 0.964564 0.957610 0.984235 0.954337 0.966896 0.948367 0.949378 0.982332 0.975611 0.944050 1.000000 1.000000 1.000000 1.000000 1.000000 0.961909 0.970310 0.972414 0.972930 0.958775 0.958008 0.959003 0.950650 0.960963 0.958250 1.000000 1.000000 1.000000 1.000000 1.000000 0.969438 0.967302 0.967553 0.967564 0.982637 0.952878 0.953779 0.963057 0.939468 0.975952 1.000000 1.000000 1.000000 1.000000 1.000000 0.941080 0.941826 0.949506 0.935807 0.937979 0.931571 0.933555 0.934672 0.935427 0.940700 1.000000 1.000000 1.000000 1.000000 1.000000 0.969628 0.971863 0.970898 0.972242 0.979591 0.936770 0.924862 0.941900 0.937702 0.936585 1.000000 1.000000 1.000000 1.000000 1.000000 0.968116 0.967413 0.968827 0.969970 0.974465 0.961147 0.961653 0.961577 0.962367 0.967601 
1.000000 1.000000 1.000000 1.000000 1.000000 1.013645 1.012923 1.008107 1.011902 1.010260 1.010965 1.009155 1.010988 1.006056 1.001538 1.000000 1.000000 1.000000 1.000000 1.000000 1.005017 1.005723 1.007957 1.004288 1.003186 1.013398 1.011725 1.010016 1.008273 0.999089 1.000000 1.000000 1.000000 1.000000 1.000000 1.003078 1.009824 0.999431 1.022669 1.012201 1.007016 1.009021 1.001064 1.002324 1.003484 1.000000 1.000000 1.000000 1.000000 1.000000 1.014814 1.014726 0.988485 1.019468 0.994500 1.013840 1.009586 0.991246 0.996032 1.022433 1.000000 1.000000 1.000000 1.000000 1.000000 1.007227 1.002781 1.004433 1.000826 1.010753 1.007472 1.007998 1.010036 1.007829 0.999164 1.000000 1.000000 1.000000 1.000000 1.000000 1.009231 1.008122 1.010253 1.009282 1.001557 1.012148 1.011294 1.006839 1.016771 0.993575 1.000000 1.000000 1.000000 1.000000 1.000000 1.023657 1.022043 1.020263 1.025903 1.024493 1.025833 1.026270 1.025944 1.024782 1.023222 1.000000 1.000000 1.000000 1.000000 1.000000 1.006529 1.005095 1.005618 1.002558 0.995342 1.021882 1.025268 1.017122 1.014754 1.019992 1.000000 1.000000 1.000000 1.000000 1.000000 1.010072 1.008901 1.008031 1.007866 1.004228 1.008865 1.007850 1.006094 1.005657 1.001466 
1.000000 1.000000 1.000000 1.000000 1.000000 0.978424 0.977708 0.980356 0.978767 0.978608 0.975228 0.976935 0.974302 0.979028 0.982148 1.000000 1.000000 1.000000 1.000000 1.000000 0.991776 0.990667 0.988222 0.991172 0.991229 0.976376 0.977616 0.976971 0.980265 0.987955 1.000000 1.000000 1.000000 1.000000 1.000000 0.981269 0.979639 0.985314 0.970728 0.978189 0.975826 0.975185 0.976160 0.980958 0.980212 1.000000 1.000000 1.000000 1.000000 1.000000 0.980845 0.977452 0.992495 0.974954 0.983361 0.972580 0.973326 0.991397 0.987468 0.970386 1.000000 1.000000 1.000000 1.000000 1.000000 0.980132 0.984613 0.985504 0.985915 0.977884 0.977852 0.978468 0.973969 0.979454 0.978620 1.000000 1.000000 1.000000 1.000000 1.000000 0.983695 0.982638 0.982681 0.982769 0.990905 0.975069 0.975503 0.980608 0.967720 0.987982 1.000000 1.000000 1.000000 1.000000 1.000000 0.968853 0.969344 0.973294 0.966017 0.967196 0.963870 0.964667 0.965240 0.965794 0.968523 1.000000 1.000000 1.000000 1.000000 1.000000 0.983979 0.985253 0.984730 0.985490 0.989661 0.966582 0.960061 0.969301 0.967223 0.966485 1.000000 1.000000 1.000000 1.000000 1.000000 0.983128 0.982764 0.983542 0.984186 0.986556 0.979465 0.979768 0.979868 0.980275 0.983222 
1.000000 1.000000 1.000000 1.000000 1.000000 1.000208 1.000556 1.001023 1.000167 1.000940 1.000806 1.000883 1.000835 1.001107 1.001213 1.000000 1.000000 1.000000 1.000000 1.000000 1.000033 1.000258 0.999773 1.000366 1.000549 1.000345 1.000438 1.000661 1.000720 1.001225 1.000000 1.000000 1.000000 1.000000 1.000000 1.001219 1.000130 1.001065 0.998714 1.000388 1.001048 1.000853 1.001826 1.001316 1.000610 1.000000 1.000000 1.000000 1.000000 1.000000 0.999969 0.999281 1.002498 1.000588 1.003492 1.000648 1.000590 1.002374 1.002063 1.002922 1.000000 1.000000 1.000000 1.000000 1.000000 1.000231 1.001017 1.000689 1.000796 1.000864 1.001112 1.000758 1.000686 1.000231 1.001321 1.000000 1.000000 1.000000 1.000000 1.000000 1.000007 1.000623 1.000698 1.000242 1.001088 1.000560 1.000863 1.000924 0.999996 1.001457 1.000000 1.000000 1.000000 1.000000 1.000000 1.001995 1.001156 1.002071 1.001290 1.001481 1.001313 1.001438 1.001357 1.001740 1.001863 1.000000 1.000000 1.000000 1.000000 1.000000 1.000333 1.000411 1.000370 1.000636 1.001193 1.000723 1.001049 1.001396 1.002181 1.001694 1.000000 1.000000 1.000000 1.000000 1.000000 1.000106 1.000073 1.000279 1.000151 1.000537 1.000471 1.000557 1.000790 1.000724 1.001012 
1.000000 1.000000 1.000000 1.000000 1.000000 0.995003 0.995782 0.999087 0.996538 0.997846 0.998472 0.999437 0.998560 1.001241 1.004303 1.000000 1.000000 1.000000 1.000000 1.000000 0.998011 0.998014 0.996509 0.999125 0.999946 0.996005 0.996849 0.998775 0.999012 1.004585 1.000000 1.000000 1.000000 1.000000 1.000000 1.003016 0.997374 1.004351 0.989971 0.995555 1.001363 1.000040 1.006466 1.003926 1.003700 1.000000 1.000000 1.000000 1.000000 1.000000 0.993012 0.994216 1.011478 0.990189 1.009521 0.997079 0.999959 1.010005 1.006817 0.991327 1.000000 1.000000 1.000000 1.000000 1.000000 0.999901 1.002135 1.000333 1.003031 0.996913 1.000121 0.999946 0.999125 0.999351 1.007478 1.000000 1.000000 1.000000 1.000000 1.000000 0.996843 0.998034 0.996381 0.997243 1.001173 0.997432 0.997863 1.000057 0.995490 1.009031 1.000000 1.000000 1.000000 1.000000 1.000000 0.990714 0.991748 0.992093 0.989562 0.990360 0.990222 0.989297 0.989532 0.990481 0.990856 1.000000 1.000000 1.000000 1.000000 1.000000 0.999055 0.999978 0.999693 1.001781 1.006638 0.992563 0.991886 0.995500 0.997998 0.993956 1.000000 1.000000 1.000000 1.000000 1.000000 0.996668 0.997567 0.998089 0.998099 1.000149 0.998673 0.999338 1.000865 1.001066 1.003732 
1.000000 1.000000 1.000000 1.000000 1.000000 1.002339 1.001494 0.998296 1.001259 0.999353 0.998872 0.998156 0.998661 0.996736 0.994566 1.000000 1.000000 1.000000 1.000000 1.000000 1.000940 1.000718 1.002138 0.999735 0.998949 1.001289 1.000719 0.998950 0.998739 0.994660 1.000000 1.000000 1.000000 1.000000 1.000000 0.995407 1.000357 0.994220 1.007384 1.001491 0.996360 0.997515 0.991710 0.994386 0.995063 1.000000 1.000000 1.000000 1.000000 1.000000 1.004366 1.003709 0.987279 1.005565 0.987432 0.999999 0.997857 0.989357 0.991864 1.002782 1.000000 1.000000 1.000000 1.000000 1.000000 0.998605 0.996135 0.998017 0.995680 1.000288 0.997259 0.997960 0.998391 0.998922 0.991552 1.000000 1.000000 1.000000 1.000000 1.000000 1.001439 0.999702 1.001021 1.000845 0.997239 0.999883 0.999288 0.997698 1.001597 0.991003 1.000000 1.000000 1.000000 1.000000 1.000000 1.003991 1.003844 1.003066 1.005336 1.004573 1.004571 1.005223 1.005160 1.004105 1.003865 1.000000 1.000000 1.000000 1.000000 1.000000 0.999292 0.998562 0.998816 0.996833 0.992806 1.003216 1.003471 1.000514 0.997580 1.001101 1.000000 1.000000 1.000000 1.000000 1.000000 1.001478 1.000686 1.000077 1.000259 0.998283 0.999268 0.998611 0.997219 0.997177 0.995017 
1.000000 1.000000 1.000000 1.000000 1.000000 1.001303 1.001301 1.001197 1.001549 1.001421 1.002103 1.002008 1.002250 1.002070 1.002396 1.000000 1.000000 1.000000 1.000000 1.000000 1.000752 1.000417 1.001208 1.000444 1.000568 1.001695 1.001781 1.002059 1.001721 1.001563 1.000000 1.000000 1.000000 1.000000 1.000000 1.002012 1.002296 1.002418 1.002487 1.001972 1.002758 1.002423 1.003561 1.002746 1.003344 1.000000 1.000000 1.000000 1.000000 1.000000 1.000994 1.002407 1.001638 1.000997 1.000877 1.002550 1.003639 1.001165 1.001557 0.997129 1.000000 1.000000 1.000000 1.000000 1.000000 1.002352 1.001601 1.001523 1.002269 1.001850 1.002004 1.002165 1.002957 1.002561 1.003711 1.000000 1.000000 1.000000 1.000000 1.000000 1.001605 1.001415 1.000740 1.001437 1.000528 1.001989 1.001969 1.001989 1.003442 1.002474 1.000000 1.000000 1.000000 1.000000 1.000000 0.998240 0.999543 0.998069 0.999210 0.999078 0.999672 0.999504 0.999522 0.999098 0.998802 1.000000 1.000000 1.000000 1.000000 1.000000 1.001793 1.001694 1.001722 1.002128 1.002302 1.000852 1.001359 1.000826 1.000858 1.000298 1.000000 1.000000 1.000000 1.000000 1.000000 1.001174 1.001686 1.001468 1.001456 1.001559 1.002064 1.002219 1.002283 1.002420 1.002546 
1.000000 1.000000 1.000000 1.000000 1.000000 1.011721 1.011744 1.008580 1.010930 1.010097 1.011667 1.010427 1.012030 1.008794 1.006184 1.000000 1.000000 1.000000 1.000000 1.000000 1.004644 1.004913 1.007085 1.004073 1.003751 1.012256 1.011491 1.010822 1.009090 1.003225 1.000000 1.000000 1.000000 1.000000 1.000000 1.006925 1.010387 1.004463 1.018175 1.011829 1.010231 1.011000 1.007896 1.006645 1.007243 1.000000 1.000000 1.000000 1.000000 1.000000 1.011792 1.013085 0.997062 1.015667 1.001272 1.013773 1.012488 0.998727 1.002224 1.014789 1.000000 1.000000 1.000000 1.000000 1.000000 1.009063 1.005531 1.006216 1.004957 1.011465 1.009612 1.009642 1.012262 1.009754 1.006414 1.000000 1.000000 1.000000 1.000000 1.000000 1.008942 1.008494 1.009028 1.008991 1.003043 1.012231 1.011819 1.008449 1.017159 1.001524 1.000000 1.000000 1.000000 1.000000 1.000000 1.016275 1.016142 1.013713 1.018502 1.017526 1.019162 1.019321 1.019032 1.018030 1.016622 1.000000 1.000000 1.000000 1.000000 1.000000 1.007650 1.006582 1.006972 1.005727 1.001672 1.017477 1.021141 1.014940 1.014426 1.016404 1.000000 1.000000 1.000000 1.000000 1.000000 1.008977 1.008883 1.008137 1.007876 1.005859 1.009881 1.009426 1.008615 1.008456 1.005936 
1.000000 1.000000 1.000000 1.000000 1.000000 1.051206 1.053760 1.049121 1.050843 1.052780 1.062389 1.058385 1.064373 1.053634 1.047164 1.000000 1.000000 1.000000 1.000000 1.000000 1.019059 1.022625 1.026624 1.021859 1.022283 1.057663 1.054555 1.057556 1.049350 1.032815 1.000000 1.000000 1.000000 1.000000 1.000000 1.048177 1.048045 1.037786 1.066463 1.051198 1.061423 1.062981 1.064472 1.049575 1.051423 1.000000 1.000000 1.000000 1.000000 1.000000 1.043927 1.051309 1.025216 1.057632 1.049057 1.069033 1.066484 1.027848 1.035815 1.076299 1.000000 1.000000 1.000000 1.000000 1.000000 1.048231 1.039344 1.035898 1.035508 1.053069 1.056183 1.054500 1.064187 1.049736 1.057769 1.000000 1.000000 1.000000 1.000000 1.000000 1.038069 1.042039 1.041865 1.041273 1.023953 1.061886 1.061105 1.049050 1.078184 1.033989 1.000000 1.000000 1.000000 1.000000 1.000000 1.078056 1.075359 1.067660 1.083189 1.080823 1.088475 1.086190 1.085402 1.084905 1.078421 1.000000 1.000000 1.000000 1.000000 1.000000 1.038609 1.036082 1.037161 1.036023 1.028211 1.082634 1.100322 1.077609 1.085376 1.084812 1.000000 1.000000 1.000000 1.000000 1.000000 1.040166 1.040989 1.039724 1.037927 1.033101 1.050686 1.050047 1.050702 1.049533 1.043394 
1.000000 1.000000 1.000000 1.000000 1.000000 1.041195 1.042221 1.036544 1.040061 1.040094 1.046900 1.043220 1.048244 1.038327 1.031536 1.000000 1.000000 1.000000 1.000000 1.000000 1.015409 1.017932 1.022185 1.016630 1.016219 1.045306 1.042261 1.043272 1.036931 1.020620 1.000000 1.000000 1.000000 1.000000 1.000000 1.033081 1.037462 1.024773 1.056963 1.040583 1.044183 1.046350 1.042543 1.033697 1.036094 1.000000 1.000000 1.000000 1.000000 1.000000 1.037032 1.042568 1.010031 1.048256 1.028233 1.052975 1.049067 1.012673 1.020706 1.059893 1.000000 1.000000 1.000000 1.000000 1.000000 1.035985 1.027360 1.026059 1.024045 1.040573 1.040840 1.040173 1.047658 1.037352 1.037401 1.000000 1.000000 1.000000 1.000000 1.000000 1.030324 1.032090 1.032894 1.032310 1.016305 1.047369 1.046201 1.035835 1.061067 1.018559 1.000000 1.000000 1.000000 1.000000 1.000000 1.062425 1.060558 1.053714 1.067577 1.065162 1.071159 1.069780 1.069116 1.067892 1.062660 1.000000 1.000000 1.000000 1.000000 1.000000 1.029176 1.026692 1.027698 1.025334 1.016039 1.065766 1.078749 1.059486 1.062839 1.065566 1.000000 1.000000 1.000000 1.000000 1.000000 1.032010 1.032091 1.030678 1.029457 1.024234 1.038283 1.037333 1.036701 1.035740 1.029299 
1.000000 1.000000 1.000000 1.000000 1.000000 1.011029 1.010868 1.008182 1.010411 1.009280 1.010746 1.009605 1.011025 1.007824 1.005182 1.000000 1.000000 1.000000 1.000000 1.000000 1.004060 1.004653 1.006197 1.003975 1.003479 1.011507 1.010513 1.009967 1.008307 1.002646 1.000000 1.000000 1.000000 1.000000 1.000000 1.006141 1.009148 1.003448 1.017147 1.010219 1.008972 1.010139 1.006198 1.005277 1.006161 1.000000 1.000000 1.000000 1.000000 1.000000 1.010729 1.011978 0.996906 1.013592 1.001463 1.012355 1.010443 0.998596 1.001413 1.015993 1.000000 1.000000 1.000000 1.000000 1.000000 1.008292 1.005012 1.005419 1.003897 1.009702 1.008633 1.008729 1.010637 1.008609 1.005186 1.000000 1.000000 1.000000 1.000000 1.000000 1.007916 1.007553 1.008324 1.008178 1.002669 1.011450 1.010731 1.007369 1.015383 1.000798 1.000000 1.000000 1.000000 1.000000 1.000000 1.017205 1.016730 1.014623 1.019047 1.018117 1.019614 1.019368 1.019172 1.018504 1.017066 1.000000 1.000000 1.000000 1.000000 1.000000 1.006719 1.005841 1.006209 1.004695 1.000695 1.017604 1.020612 1.014771 1.014328 1.016526 1.000000 1.000000 1.000000 1.000000 1.000000 1.008474 1.008100 1.007486 1.007315 1.005048 1.008886 1.008318 1.007613 1.007338 1.004752 
1.000000 1.000000 1.000000 1.000000 1.000000 0.989309 0.989282 0.989869 0.989386 0.989279 0.987633 0.988500 0.987218 0.989832 0.991467 1.000000 1.000000 1.000000 1.000000 1.000000 0.996086 0.995360 0.994445 0.995446 0.995644 0.988170 0.989163 0.988567 0.990081 0.994232 1.000000 1.000000 1.000000 1.000000 1.000000 0.990964 0.989933 0.992519 0.985606 0.989608 0.988080 0.987495 0.988360 0.990473 0.989472 1.000000 1.000000 1.000000 1.000000 1.000000 0.991005 0.988902 0.995096 0.988789 0.990414 0.986398 0.987267 0.995637 0.994068 0.985008 1.000000 1.000000 1.000000 1.000000 1.000000 0.990153 0.992057 0.992870 0.993036 0.990027 0.989003 0.989272 0.987537 0.989993 0.989305 1.000000 1.000000 1.000000 1.000000 1.000000 0.992282 0.991529 0.991551 0.991650 0.995331 0.987528 0.987959 0.990310 0.984489 0.994447 1.000000 1.000000 1.000000 1.000000 1.000000 0.984203 0.984344 0.986465 0.982857 0.983415 0.981665 0.982436 0.982634 0.982739 0.984216 1.000000 1.000000 1.000000 1.000000 1.000000 0.992167 0.992658 0.992441 0.992843 0.994959 0.982842 0.980367 0.984501 0.983433 0.982817 1.000000 1.000000 1.000000 1.000000 1.000000 0.991642 0.991507 0.991764 0.992052 0.993289 0.989923 0.990052 0.990039 0.990347 0.991847 
1.000000 1.000000 1.000000 1.000000 1.000000 1.020988 1.022409 1.022352 1.021527 1.023443 1.027828 1.026506 1.028923 1.025355 1.023986 1.000000 1.000000 1.000000 1.000000 1.000000 1.008031 1.009322 1.010861 1.009587 1.010232 1.024353 1.023414 1.025769 1.022398 1.017493 1.000000 1.000000 1.000000 1.000000 1.000000 1.023839 1.021645 1.020844 1.025183 1.022151 1.029363 1.029048 1.033515 1.025759 1.026374 1.000000 1.000000 1.000000 1.000000 1.000000 1.016659 1.021100 1.019081 1.021881 1.028326 1.030151 1.031188 1.018102 1.020336 1.027933 1.000000 1.000000 1.000000 1.000000 1.000000 1.022455 1.019758 1.017213 1.018922 1.023300 1.026242 1.025128 1.029575 1.023072 1.030918 1.000000 1.000000 1.000000 1.000000 1.000000 1.016235 1.018807 1.017500 1.017717 1.012029 1.027005 1.027060 1.023109 1.033712 1.020508 1.000000 1.000000 1.000000 1.000000 1.000000 1.028783 1.028715 1.024878 1.030872 1.030241 1.033871 1.032490 1.032077 1.032193 1.029449 1.000000 1.000000 1.000000 1.000000 1.000000 1.017818 1.017079 1.017401 1.018386 1.017392 1.032834 1.039907 1.032326 1.037029 1.034627 1.000000 1.000000 1.000000 1.000000 1.000000 1.016715 1.017905 1.017581 1.016715 1.015968 1.022833 1.023111 1.024158 1.023791 1.022534 
1.000000 1.000000 1.000000 1.000000 1.000000 0.953737 0.950064 0.949281 0.951688 0.947141 0.937526 0.939951 0.934665 0.941077 0.942681 1.000000 1.000000 1.000000 1.000000 1.000000 0.981892 0.979608 0.975613 0.978533 0.976585 0.946216 0.947415 0.941551 0.949189 0.957714 1.000000 1.000000 1.000000 1.000000 1.000000 0.943086 0.950066 0.948903 0.945586 0.949716 0.931838 0.933893 0.921041 0.939066 0.937908 1.000000 1.000000 1.000000 1.000000 1.000000 0.964168 0.952559 0.951295 0.953019 0.932322 0.933061 0.928182 0.954118 0.949962 0.944377 1.000000 1.000000 1.000000 1.000000 1.000000 0.947234 0.953278 0.959558 0.953794 0.946301 0.940091 0.942600 0.932169 0.946023 0.926302 1.000000 1.000000 1.000000 1.000000 1.000000 0.962954 0.957004 0.961363 0.959924 0.972007 0.939641 0.939127 0.947351 0.923937 0.947510 1.000000 1.000000 1.000000 1.000000 1.000000 0.941625 0.940049 0.949906 0.936415 0.937607 0.928970 0.932366 0.933625 0.933314 0.939450 1.000000 1.000000 1.000000 1.000000 1.000000 0.958472 0.959977 0.959292 0.955709 0.955725 0.930429 0.915575 0.930728 0.919841 0.926629 1.000000 1.000000 1.000000 1.000000 1.000000 0.962760 0.959153 0.959994 0.961907 0.962551 0.947878 0.946782 0.943785 0.944331 0.945837 
1.000000 1.000000 1.000000 1.000000 1.000000 0.950202 0.947756 0.951495 0.950290 0.947821 0.940004 0.943485 0.937577 0.947120 0.952653 1.000000 1.000000 1.000000 1.000000 1.000000 0.980814 0.978260 0.973183 0.978687 0.978121 0.944719 0.947055 0.944111 0.951666 0.966659 1.000000 1.000000 1.000000 1.000000 1.000000 0.951277 0.950993 0.959472 0.936272 0.948187 0.938997 0.938923 0.935878 0.948882 0.947966 1.000000 1.000000 1.000000 1.000000 1.000000 0.957374 0.948824 0.971053 0.943546 0.949617 0.934386 0.933901 0.970655 0.963044 0.932512 1.000000 1.000000 1.000000 1.000000 1.000000 0.951203 0.959757 0.963298 0.962148 0.946482 0.944827 0.946844 0.936138 0.949720 0.941966 1.000000 1.000000 1.000000 1.000000 1.000000 0.961786 0.957760 0.959101 0.959286 0.975657 0.940635 0.940796 0.951330 0.924307 0.963793 1.000000 1.000000 1.000000 1.000000 1.000000 0.929803 0.930702 0.939550 0.924021 0.926175 0.918188 0.920333 0.921911 0.922429 0.928640 1.000000 1.000000 1.000000 1.000000 1.000000 0.960671 0.963221 0.962185 0.962114 0.968712 0.923898 0.908876 0.927937 0.921017 0.921855 1.000000 1.000000 1.000000 1.000000 1.000000 0.960840 0.959137 0.960535 0.962267 0.966007 0.950217 0.950223 0.949378 0.950245 0.955242 
1.000000 1.000000 1.000000 1.000000 1.000000 1.044126 1.046594 1.044629 1.044915 1.047207 1.056640 1.053548 1.058706 1.050333 1.046478 1.000000 1.000000 1.000000 1.000000 1.000000 1.016704 1.019421 1.023103 1.019464 1.020337 1.050742 1.048445 1.052450 1.045145 1.033097 1.000000 1.000000 1.000000 1.000000 1.000000 1.046484 1.044072 1.039110 1.056061 1.045359 1.058225 1.058587 1.064339 1.049149 1.051271 1.000000 1.000000 1.000000 1.000000 1.000000 1.036079 1.045185 1.031511 1.046569 1.050520 1.061909 1.062669 1.031449 1.037100 1.058805 1.000000 1.000000 1.000000 1.000000 1.000000 1.045436 1.038167 1.033883 1.036041 1.047210 1.052264 1.050567 1.059684 1.046704 1.059386 1.000000 1.000000 1.000000 1.000000 1.000000 1.033810 1.037914 1.035965 1.036654 1.022689 1.055630 1.055046 1.045759 1.070431 1.037642 1.000000 1.000000 1.000000 1.000000 1.000000 1.061425 1.061338 1.052808 1.066524 1.064748 1.072232 1.069413 1.068778 1.068422 1.062521 1.000000 1.000000 1.000000 1.000000 1.000000 1.035858 1.034037 1.034852 1.035586 1.031454 1.069828 1.084996 1.067038 1.075376 1.071995 1.000000 1.000000 1.000000 1.000000 1.000000 1.035078 1.036982 1.035946 1.034345 1.031426 1.046462 1.046514 1.048000 1.047209 1.043321 
1.000000 1.000000 1.000000 1.000000 1.000000 0.978010 0.976469 0.976282 0.977029 0.975325 0.970536 0.971762 0.969235 0.972581 0.973539 1.000000 1.000000 1.000000 1.000000 1.000000 0.991503 0.990344 0.988457 0.989885 0.989109 0.974420 0.975170 0.972475 0.976163 0.980618 1.000000 1.000000 1.000000 1.000000 1.000000 0.973704 0.976588 0.976636 0.973399 0.976563 0.968218 0.968857 0.963548 0.971981 0.971081 1.000000 1.000000 1.000000 1.000000 1.000000 0.982951 0.977253 0.978340 0.978106 0.969401 0.968401 0.966408 0.979479 0.977453 0.973565 1.000000 1.000000 1.000000 1.000000 1.000000 0.975198 0.978393 0.981284 0.978817 0.975208 0.971994 0.973062 0.968205 0.974681 0.965773 1.000000 1.000000 1.000000 1.000000 1.000000 0.982566 0.979983 0.981909 0.981117 0.987249 0.971378 0.971404 0.975463 0.963878 0.976150 1.000000 1.000000 1.000000 1.000000 1.000000 0.972000 0.971143 0.976058 0.969351 0.970017 0.965888 0.967655 0.968139 0.968081 0.971095 1.000000 1.000000 1.000000 1.000000 1.000000 0.980624 0.981341 0.980995 0.979596 0.980019 0.966412 0.959340 0.966908 0.961960 0.964956 1.000000 1.000000 1.000000 1.000000 1.000000 0.982287 0.980706 0.981155 0.981999 0.982646 0.975493 0.975092 0.973778 0.974063 0.975070 
1.000000 1.000000 1.000000 1.000000 1.000000 1.015249 1.016155 1.015008 1.015563 1.016019 1.019353 1.018308 1.020169 1.017428 1.016182 1.000000 1.000000 1.000000 1.000000 1.000000 1.005981 1.006602 1.008424 1.006527 1.006900 1.017409 1.016885 1.018050 1.015456 1.011379 1.000000 1.000000 1.000000 1.000000 1.000000 1.016205 1.015680 1.013751 1.020020 1.016144 1.020197 1.020097 1.022117 1.016878 1.017498 1.000000 1.000000 1.000000 1.000000 1.000000 1.012757 1.016283 1.010102 1.016540 1.015872 1.021187 1.022100 1.010407 1.012697 1.017755 1.000000 1.000000 1.000000 1.000000 1.000000 1.016090 1.013049 1.011847 1.012828 1.016895 1.017942 1.017393 1.021005 1.016664 1.020533 1.000000 1.000000 1.000000 1.000000 1.000000 1.012154 1.013216 1.012278 1.012876 1.007515 1.019109 1.018927 1.015626 1.025015 1.013435 1.000000 1.000000 1.000000 1.000000 1.000000 1.019239 1.019850 1.016307 1.021504 1.020810 1.023536 1.022700 1.022411 1.021984 1.019939 1.000000 1.000000 1.000000 1.000000 1.000000 1.012701 1.011953 1.012275 1.012648 1.011201 1.023081 1.028414 1.022136 1.024661 1.023385 1.000000 1.000000 1.000000 1.000000 1.000000 1.012183 1.013056 1.012512 1.011988 1.011004 1.016217 1.016262 1.016695 1.016547 1.015203 
1.000000 1.000000 1.000000 1.000000 1.000000 1.045854 1.049179 1.047784 1.046707 1.050249 1.059922 1.056931 1.062120 1.054093 1.050418 1.000000 1.000000 1.000000 1.000000 1.000000 1.017172 1.020479 1.023257 1.020734 1.022012 1.052940 1.050849 1.055365 1.047803 1.036652 1.000000 1.000000 1.000000 1.000000 1.000000 1.050429 1.045371 1.041973 1.055521 1.047131 1.061962 1.061995 1.069772 1.052885 1.053650 1.000000 1.000000 1.000000 1.000000 1.000000 1.037080 1.045134 1.036521 1.048823 1.058124 1.064883 1.065658 1.037078 1.042220 1.066703 1.000000 1.000000 1.000000 1.000000 1.000000 1.047363 1.041089 1.036087 1.038402 1.050242 1.055915 1.053543 1.062876 1.048580 1.063823 1.000000 1.000000 1.000000 1.000000 1.000000 1.034823 1.040073 1.038271 1.038230 1.025208 1.058429 1.058352 1.048724 1.072688 1.041938 1.000000 1.000000 1.000000 1.000000 1.000000 1.067639 1.065859 1.058837 1.071534 1.070030 1.077394 1.074639 1.073876 1.074265 1.068387 1.000000 1.000000 1.000000 1.000000 1.000000 1.037465 1.035750 1.036537 1.037655 1.034522 1.073710 1.090343 1.072109 1.082293 1.077727 1.000000 1.000000 1.000000 1.000000 1.000000 1.036405 1.038216 1.037491 1.035637 1.033179 1.048764 1.048899 1.050926 1.049995 1.046506 
1.000000 1.000000 1.000000 1.000000 1.000000 0.984484 0.984124 0.987933 0.985656 0.986186 0.984809 0.986299 0.984463 0.988554 0.992272 1.000000 1.000000 1.000000 1.000000 1.000000 0.994419 0.993192 0.991811 0.994176 0.994698 0.984017 0.985179 0.986000 0.988241 0.995446 1.000000 1.000000 1.000000 1.000000 1.000000 0.990855 0.988006 0.995557 0.977990 0.985661 0.987440 0.986010 0.990731 0.992214 0.992475 1.000000 1.000000 1.000000 1.000000 1.000000 0.984642 0.984840 1.003667 0.979291 0.995425 0.982776 0.985698 1.000282 0.996576 0.971419 1.000000 1.000000 1.000000 1.000000 1.000000 0.989184 0.992816 0.992290 0.994949 0.985410 0.987512 0.987794 0.985079 0.988780 0.993074 1.000000 1.000000 1.000000 1.000000 1.000000 0.989241 0.989106 0.987418 0.988618 0.995336 0.984135 0.984584 0.989240 0.979676 0.998649 1.000000 1.000000 1.000000 1.000000 1.000000 0.971483 0.974099 0.975032 0.970215 0.971286 0.969754 0.969628 0.970148 0.970467 0.972145 1.000000 1.000000 1.000000 1.000000 1.000000 0.990905 0.992128 0.991631 0.993824 0.999097 0.974428 0.969395 0.977590 0.977274 0.974448 1.000000 1.000000 1.000000 1.000000 1.000000 0.988255 0.989171 0.989783 0.990178 0.993095 0.987802 0.988605 0.989446 0.989931 0.993303 
1.000000 1.000000 1.000000 1.000000 1.000000 1.014104 1.014533 1.012877 1.014065 1.014026 1.016615 1.015471 1.017145 1.014011 1.012215 1.000000 1.000000 1.000000 1.000000 1.000000 1.005283 1.006087 1.007599 1.005809 1.005756 1.015694 1.014786 1.015465 1.013122 1.008249 1.000000 1.000000 1.000000 1.000000 1.000000 1.012491 1.013289 1.009697 1.019495 1.013947 1.016218 1.016728 1.016435 1.012899 1.013926 1.000000 1.000000 1.000000 1.000000 1.000000 1.012267 1.014893 1.005024 1.015563 1.010885 1.018541 1.018052 1.005898 1.008286 1.018967 1.000000 1.000000 1.000000 1.000000 1.000000 1.013311 1.010174 1.009471 1.009281 1.014125 1.014637 1.014512 1.017326 1.013663 1.015023 1.000000 1.000000 1.000000 1.000000 1.000000 1.010622 1.011224 1.011111 1.011297 1.005801 1.016649 1.016226 1.012935 1.021569 1.008375 1.000000 1.000000 1.000000 1.000000 1.000000 1.020207 1.020129 1.017239 1.022194 1.021387 1.023662 1.022895 1.022658 1.022269 1.020367 1.000000 1.000000 1.000000 1.000000 1.000000 1.010520 1.009753 1.010090 1.009556 1.006972 1.022276 1.026823 1.020344 1.021802 1.022088 1.000000 1.000000 1.000000 1.000000 1.000000 1.011120 1.011367 1.010838 1.010458 1.008791 1.013678 1.013454 1.013467 1.013205 1.011343 
1.000000 1.000000 1.000000 1.000000 1.000000 1.023019 1.024197 1.022982 1.023090 1.024407 1.028666 1.027002 1.029686 1.025125 1.022603 1.000000 1.000000 1.000000 1.000000 1.000000 1.008647 1.010181 1.011935 1.010089 1.010391 1.026079 1.024744 1.026492 1.022905 1.016036 1.000000 1.000000 1.000000 1.000000 1.000000 1.022999 1.022371 1.019025 1.029003 1.023457 1.028946 1.029308 1.031137 1.024174 1.024950 1.000000 1.000000 1.000000 1.000000 1.000000 1.019198 1.023096 1.014846 1.025164 1.025375 1.031373 1.030963 1.014854 1.017989 1.033039 1.000000 1.000000 1.000000 1.000000 1.000000 1.022613 1.019086 1.017058 1.017583 1.024255 1.026314 1.025337 1.029807 1.023247 1.028254 1.000000 1.000000 1.000000 1.000000 1.000000 1.017287 1.019489 1.018956 1.018783 1.011652 1.028258 1.028028 1.023060 1.035388 1.017413 1.000000 1.000000 1.000000 1.000000 1.000000 1.033880 1.033077 1.029340 1.036169 1.035246 1.038888 1.037652 1.037203 1.037156 1.034208 1.000000 1.000000 1.000000 1.000000 1.000000 1.018077 1.017063 1.017496 1.017534 1.014769 1.036633 1.044070 1.034884 1.038844 1.037969 1.000000 1.000000 1.000000 1.000000 1.000000 1.018125 1.018810 1.018341 1.017493 1.015794 1.023395 1.023336 1.023905 1.023399 1.021090 
1.000000 1.000000 1.000000 1.000000 1.000000 1.048225 1.050510 1.046531 1.048013 1.049927 1.059163 1.055405 1.061160 1.051090 1.045232 1.000000 1.000000 1.000000 1.000000 1.000000 1.018215 1.021221 1.025497 1.020581 1.021064 1.054468 1.051616 1.054608 1.046964 1.031426 1.000000 1.000000 1.000000 1.000000 1.000000 1.046033 1.046328 1.037253 1.062756 1.049005 1.058893 1.060063 1.062262 1.048024 1.050018 1.000000 1.000000 1.000000 1.000000 1.000000 1.041189 1.049078 1.025701 1.054011 1.047121 1.065503 1.063962 1.026943 1.034548 1.068009 1.000000 1.000000 1.000000 1.000000 1.000000 1.046281 1.037882 1.034511 1.034877 1.050431 1.053630 1.051950 1.061448 1.047894 1.056139 1.000000 1.000000 1.000000 1.000000 1.000000 1.036325 1.040078 1.039326 1.039170 1.022879 1.058642 1.057934 1.046926 1.074584 1.033272 1.000000 1.000000 1.000000 1.000000 1.000000 1.070368 1.068885 1.060723 1.075760 1.073544 1.081074 1.078875 1.078111 1.077389 1.071213 1.000000 1.000000 1.000000 1.000000 1.000000 1.037120 1.034731 1.035724 1.035167 1.028146 1.076638 1.092908 1.072173 1.079479 1.078483 1.000000 1.000000 1.000000 1.000000 1.000000 1.037892 1.039128 1.037873 1.036163 1.032004 1.048366 1.047971 1.048637 1.047642 1.042093 
1.000000 1.000000 1.000000 1.000000 1.000000 1.006199 1.006232 1.004625 1.005808 1.005341 1.006103 1.005474 1.006253 1.004544 1.003117 1.000000 1.000000 1.000000 1.000000 1.000000 1.002297 1.002644 1.003470 1.002238 1.002015 1.006454 1.005977 1.005660 1.004709 1.001695 1.000000 1.000000 1.000000 1.000000 1.000000 1.003594 1.005074 1.001927 1.009398 1.005825 1.005138 1.005698 1.003778 1.003163 1.003434 1.000000 1.000000 1.000000 1.000000 1.000000 1.006123 1.006555 0.998261 1.007993 1.000993 1.007056 1.006058 0.999464 1.001076 1.009566 1.000000 1.000000 1.000000 1.000000 1.000000 1.004593 1.002825 1.003095 1.002199 1.005735 1.004935 1.004966 1.006127 1.004802 1.003034 1.000000 1.000000 1.000000 1.000000 1.000000 1.004472 1.004317 1.004802 1.004624 1.001605 1.006420 1.006138 1.004275 1.008614 1.000614 1.000000 1.000000 1.000000 1.000000 1.000000 1.010044 1.009556 1.008618 1.010942 1.010445 1.011212 1.011185 1.011040 1.010705 1.009954 1.000000 1.000000 1.000000 1.000000 1.000000 1.003783 1.003273 1.003480 1.002646 1.000481 1.009885 1.011827 1.008450 1.008316 1.009459 1.000000 1.000000 1.000000 1.000000 1.000000 1.004745 1.004511 1.004177 1.004055 1.002843 1.005021 1.004711 1.004331 1.004185 1.002804 
1.000000 1.000000 1.000000 1.000000 1.000000 0.998776 0.998674 0.999085 0.998946 0.998991 0.999127 0.999235 0.999229 0.999589 1.000091 1.000000 1.000000 1.000000 1.000000 1.000000 0.999873 0.999349 0.999891 0.999441 0.999601 0.998874 0.999106 0.999221 0.999459 0.999999 1.000000 1.000000 1.000000 1.000000 1.000000 0.999804 1.000117 1.001070 0.998669 0.999741 0.999932 0.999483 1.000610 1.000490 1.000745 1.000000 1.000000 1.000000 1.000000 1.000000 0.998785 0.999667 1.001538 0.998435 0.999716 0.999150 1.000243 1.000341 1.000361 0.993553 1.000000 1.000000 1.000000 1.000000 1.000000 0.999920 1.000013 1.000001 1.000891 0.999456 0.999597 0.999558 0.999811 1.000156 1.000902 1.000000 1.000000 1.000000 1.000000 1.000000 0.999714 0.999586 0.998880 0.999432 0.999773 0.999032 0.999135 0.999743 0.999511 1.000952 1.000000 1.000000 1.000000 1.000000 1.000000 0.994342 0.995648 0.994773 0.994898 0.994957 0.995141 0.995200 0.995240 0.994892 0.994980 1.000000 1.000000 1.000000 1.000000 1.000000 1.000009 1.000045 0.999996 1.000643 1.001297 0.996656 0.996079 0.997118 0.996941 0.996331 1.000000 1.000000 1.000000 1.000000 1.000000 0.999131 0.999671 0.999603 0.999614 1.000196 0.999646 0.999892 0.999946 1.000113 1.000560 
1.000000 1.000000 1.000000 1.000000 1.000000 0.970714 0.968499 0.968304 0.969913 0.966661 0.961001 0.962702 0.959312 0.963768 0.965289 1.000000 1.000000 1.000000 1.000000 1.000000 0.988505 0.987016 0.984527 0.986551 0.985430 0.966153 0.967105 0.963716 0.968304 0.974528 1.000000 1.000000 1.000000 1.000000 1.000000 0.965494 0.968895 0.969080 0.965698 0.968088 0.958018 0.959136 0.951668 0.962435 0.962013 1.000000 1.000000 1.000000 1.000000 1.000000 0.976752 0.970399 0.970953 0.968839 0.958474 0.957810 0.955460 0.972935 0.969810 0.962882 1.000000 1.000000 1.000000 1.000000 1.000000 0.967913 0.971389 0.975036 0.971994 0.966206 0.962755 0.964457 0.957906 0.966943 0.955541 1.000000 1.000000 1.000000 1.000000 1.000000 0.976834 0.973002 0.975275 0.974929 0.982447 0.962352 0.961859 0.967040 0.952750 0.969445 1.000000 1.000000 1.000000 1.000000 1.000000 0.961668 0.961408 0.966897 0.958684 0.959443 0.954268 0.955981 0.956811 0.956642 0.960353 1.000000 1.000000 1.000000 1.000000 1.000000 0.974320 0.975386 0.974959 0.972984 0.973709 0.955747 0.946240 0.955973 0.949370 0.953013 1.000000 1.000000 1.000000 1.000000 1.000000 0.976659 0.974626 0.975085 0.976364 0.976826 0.967663 0.967022 0.965415 0.965828 0.967071 
1.000000 1.000000 1.000000 1.000000 1.000000 0.979567 0.978906 0.981068 0.979740 0.979479 0.976108 0.977696 0.975198 0.979607 0.982318 1.000000 1.000000 1.000000 1.000000 1.000000 0.992174 0.991180 0.988818 0.991551 0.991551 0.977448 0.978626 0.977774 0.980915 0.987977 1.000000 1.000000 1.000000 1.000000 1.000000 0.981647 0.980308 0.985156 0.972383 0.979181 0.976356 0.975881 0.976163 0.980992 0.980041 1.000000 1.000000 1.000000 1.000000 1.000000 0.982144 0.978461 0.991457 0.976821 0.983082 0.973570 0.973945 0.990915 0.987350 0.973139 1.000000 1.000000 1.000000 1.000000 1.000000 0.980649 0.984826 0.985875 0.985899 0.978965 0.978514 0.979076 0.974776 0.980007 0.978386 1.000000 1.000000 1.000000 1.000000 1.000000 0.984439 0.983339 0.983648 0.983545 0.991114 0.976061 0.976464 0.981101 0.969003 0.987568 1.000000 1.000000 1.000000 1.000000 1.000000 0.971472 0.971551 0.975632 0.968649 0.969735 0.966437 0.967338 0.967849 0.968385 0.971031 1.000000 1.000000 1.000000 1.000000 1.000000 0.984464 0.985612 0.985139 0.985615 0.989228 0.968540 0.962455 0.970982 0.968847 0.968467 1.000000 1.000000 1.000000 1.000000 1.000000 0.983960 0.983436 0.984159 0.984773 0.986846 0.980157 0.980350 0.980326 0.980688 0.983278 
1.000000 1.000000 1.000000 1.000000 1.000000 1.051166 1.053432 1.048304 1.050816 1.052153 1.061989 1.057880 1.064007 1.053066 1.046578 1.000000 1.000000 1.000000 1.000000 1.000000 1.019303 1.022422 1.027262 1.021508 1.021853 1.057566 1.054497 1.057282 1.049027 1.031967 1.000000 1.000000 1.000000 1.000000 1.000000 1.047466 1.048652 1.037656 1.067955 1.051619 1.061135 1.062661 1.063736 1.049113 1.051554 1.000000 1.000000 1.000000 1.000000 1.000000 1.044224 1.052532 1.023537 1.057713 1.045939 1.068988 1.066952 1.025877 1.034400 1.071724 1.000000 1.000000 1.000000 1.000000 1.000000 1.048488 1.038787 1.035726 1.035578 1.053013 1.055643 1.054233 1.064320 1.050200 1.057402 1.000000 1.000000 1.000000 1.000000 1.000000 1.038538 1.041901 1.041375 1.041379 1.023149 1.061688 1.060721 1.048679 1.079078 1.033283 1.000000 1.000000 1.000000 1.000000 1.000000 1.074662 1.073214 1.064275 1.080759 1.078211 1.086157 1.083910 1.083155 1.082091 1.075495 1.000000 1.000000 1.000000 1.000000 1.000000 1.038823 1.036149 1.037268 1.036160 1.027933 1.081323 1.098831 1.075907 1.082885 1.082510 1.000000 1.000000 1.000000 1.000000 1.000000 1.040195 1.041305 1.039780 1.038062 1.033114 1.050740 1.050119 1.050530 1.049505 1.043190 
1.000000 1.000000 1.000000 1.000000 1.000000 0.927901 0.923762 0.926921 0.927337 0.922419 0.911507 0.916074 0.907925 0.920616 0.927698 1.000000 1.000000 1.000000 1.000000 1.000000 0.972730 0.968152 0.962614 0.968043 0.966991 0.919581 0.922894 0.917390 0.928419 0.947802 1.000000 1.000000 1.000000 1.000000 1.000000 0.925601 0.929180 0.937938 0.911580 0.925666 0.909060 0.909262 0.902631 0.922469 0.921936 1.000000 1.000000 1.000000 1.000000 1.000000 0.940033 0.928014 0.949725 0.920717 0.916348 0.904500 0.903741 0.949738 0.940977 0.895844 1.000000 1.000000 1.000000 1.000000 1.000000 0.927860 0.938442 0.945154 0.942797 0.922120 0.917810 0.921129 0.906559 0.926516 0.911428 1.000000 1.000000 1.000000 1.000000 1.000000 0.945314 0.937905 0.939982 0.940904 0.962180 0.912895 0.912919 0.927716 0.891531 0.941910 1.000000 1.000000 1.000000 1.000000 1.000000 0.893774 0.896542 0.907809 0.887132 0.889724 0.878284 0.882184 0.884687 0.883983 0.892977 1.000000 1.000000 1.000000 1.000000 1.000000 0.942340 0.945494 0.944117 0.943336 0.950707 0.888155 0.866885 0.892828 0.880771 0.883384 1.000000 1.000000 1.000000 1.000000 1.000000 0.943135 0.940771 0.942229 0.944837 0.949558 0.927046 0.926839 0.924589 0.926058 0.932199 
1.000000 1.000000 1.000000 1.000000 1.000000 1.047411 1.051603 1.055368 1.051191 1.056335 1.069662 1.067449 1.072755 1.066662 1.067263 1.000000 1.000000 1.000000 1.000000 1.000000 1.018298 1.021033 1.024170 1.023118 1.025747 1.057646 1.056360 1.064786 1.056220 1.050394 1.000000 1.000000 1.000000 1.000000 1.000000 1.064975 1.053339 1.059804 1.054315 1.051414 1.077755 1.075457 1.094825 1.071152 1.073310 1.000000 1.000000 1.000000 1.000000 1.000000 1.033611 1.048839 1.062638 1.042065 1.081458 1.073654 1.081535 1.057748 1.059782 1.052628 1.000000 1.000000 1.000000 1.000000 1.000000 1.058814 1.053331 1.044691 1.053292 1.055387 1.067777 1.064797 1.076121 1.059892 1.090839 1.000000 1.000000 1.000000 1.000000 1.000000 1.038339 1.045553 1.039236 1.042256 1.031249 1.066610 1.066619 1.059248 1.083098 1.064891 1.000000 1.000000 1.000000 1.000000 1.000000 1.056208 1.059783 1.047907 1.061760 1.060876 1.070698 1.065536 1.065028 1.065707 1.058779 1.000000 1.000000 1.000000 1.000000 1.000000 1.045133 1.044345 1.044860 1.050247 1.053714 1.073670 1.091050 1.076083 1.090782 1.078570 1.000000 1.000000 1.000000 1.000000 1.000000 1.038864 1.043643 1.043082 1.041039 1.041515 1.057601 1.059178 1.063708 1.063250 1.063155 
1.000000 1.000000 1.000000 1.000000 1.000000 0.972838 0.971568 0.974850 0.973479 0.972507 0.968660 0.970764 0.967542 0.973223 0.977139 1.000000 1.000000 1.000000 1.000000 1.000000 0.989690 0.988076 0.985461 0.988733 0.988671 0.970333 0.971762 0.970938 0.975007 0.984269 1.000000 1.000000 1.000000 1.000000 1.000000 0.976036 0.974790 0.981545 0.964540 0.972427 0.969444 0.968805 0.969390 0.975562 0.975524 1.000000 1.000000 1.000000 1.000000 1.000000 0.975727 0.972655 0.989770 0.967398 0.977190 0.965357 0.966514 0.987975 0.983150 0.959193 1.000000 1.000000 1.000000 1.000000 1.000000 0.975483 0.980426 0.981596 0.982360 0.971475 0.971801 0.972820 0.967210 0.974614 0.973142 1.000000 1.000000 1.000000 1.000000 1.000000 0.979672 0.977885 0.977613 0.978346 0.987873 0.968689 0.968855 0.975226 0.960065 0.984627 1.000000 1.000000 1.000000 1.000000 1.000000 0.958366 0.960150 0.963872 0.955610 0.956931 0.953088 0.953760 0.954619 0.954958 0.958170 1.000000 1.000000 1.000000 1.000000 1.000000 0.979969 0.981567 0.980930 0.981848 0.986831 0.957549 0.948855 0.960388 0.957259 0.956491 1.000000 1.000000 1.000000 1.000000 1.000000 0.978880 0.978615 0.979424 0.980350 0.983077 0.974245 0.974603 0.974634 0.975203 0.978712 
1.000000 1.000000 1.000000 1.000000 1.000000 0.979259 0.978632 0.983538 0.980907 0.980999 0.979132 0.981119 0.978518 0.983779 0.988456 1.000000 1.000000 1.000000 1.000000 1.000000 0.992092 0.990945 0.988443 0.992267 0.992690 0.978501 0.979767 0.980807 0.983622 0.993064 1.000000 1.000000 1.000000 1.000000 1.000000 0.986832 0.982697 0.992040 0.970988 0.979410 0.981818 0.980545 0.985264 0.987628 0.988274 1.000000 1.000000 1.000000 1.000000 1.000000 0.979315 0.979221 1.002566 0.971310 0.992505 0.976124 0.978940 0.999191 0.993791 0.965454 1.000000 1.000000 1.000000 1.000000 1.000000 0.984847 0.989448 0.988709 0.991456 0.979101 0.982253 0.982911 0.978617 0.983869 0.988781 1.000000 1.000000 1.000000 1.000000 1.000000 0.984934 0.984589 0.982927 0.984337 0.993065 0.978483 0.978671 0.984466 0.971759 0.996660 1.000000 1.000000 1.000000 1.000000 1.000000 0.965196 0.967931 0.969646 0.963121 0.964474 0.962238 0.961681 0.962474 0.963217 0.965346 1.000000 1.000000 1.000000 1.000000 1.000000 0.986891 0.988619 0.987990 0.990192 0.996746 0.967534 0.960737 0.971039 0.970525 0.967352 1.000000 1.000000 1.000000 1.000000 1.000000 0.984322 0.984996 0.985858 0.986508 0.989685 0.982903 0.983681 0.984780 0.985281 0.989385 
1.000000 1.000000 1.000000 1.000000 1.000000 0.990264 0.990374 0.991881 0.990185 0.991005 0.989104 0.989965 0.988757 0.991257 0.992562 1.000000 1.000000 1.000000 1.000000 1.000000 0.996349 0.995984 0.994471 0.996235 0.996495 0.989293 0.990071 0.989737 0.991454 0.995334 1.000000 1.000000 1.000000 1.000000 1.000000 0.992386 0.990757 0.994166 0.984945 0.990679 0.989604 0.989059 0.990206 0.992073 0.990499 1.000000 1.000000 1.000000 1.000000 1.000000 0.991444 0.988738 0.998766 0.989971 0.995637 0.987635 0.987849 0.998146 0.996275 0.989616 1.000000 1.000000 1.000000 1.000000 1.000000 0.990751 0.993765 0.994011 0.994224 0.991107 0.990835 0.990512 0.988476 0.990579 0.990579 1.000000 1.000000 1.000000 1.000000 1.000000 0.992566 0.992751 0.992931 0.992309 0.997011 0.988858 0.989485 0.991749 0.984940 0.995490 1.000000 1.000000 1.000000 1.000000 1.000000 0.987742 0.986878 0.989937 0.985611 0.986374 0.984559 0.985344 0.985443 0.986051 0.987554 1.000000 1.000000 1.000000 1.000000 1.000000 0.992907 0.993494 0.993219 0.993873 0.996218 0.984961 0.982267 0.987081 0.986844 0.986113 1.000000 1.000000 1.000000 1.000000 1.000000 0.992245 0.992042 0.992615 0.992730 0.994333 0.990852 0.991079 0.991271 0.991400 0.992953 
1.000000 1.000000 1.000000 1.000000 1.000000 1.020443 1.020973 1.017331 1.019765 1.019253 1.022424 1.020589 1.023064 1.018114 1.014497 1.000000 1.000000 1.000000 1.000000 1.000000 1.007591 1.008850 1.011072 1.008024 1.007715 1.022119 1.020718 1.020784 1.017540 1.009268 1.000000 1.000000 1.000000 1.000000 1.000000 1.015492 1.017969 1.010641 1.028973 1.019776 1.020643 1.021883 1.018889 1.014995 1.015909 1.000000 1.000000 1.000000 1.000000 1.000000 1.018871 1.021191 1.001876 1.024562 1.011014 1.025325 1.023201 1.004473 1.008718 1.030632 1.000000 1.000000 1.000000 1.000000 1.000000 1.017270 1.012433 1.012219 1.010669 1.019981 1.019202 1.019003 1.022845 1.017878 1.016424 1.000000 1.000000 1.000000 1.000000 1.000000 1.015008 1.015451 1.016190 1.015865 1.007289 1.022885 1.022214 1.016712 1.029842 1.007774 1.000000 1.000000 1.000000 1.000000 1.000000 1.031915 1.030705 1.027466 1.034524 1.033206 1.036036 1.035487 1.035086 1.034400 1.031839 1.000000 1.000000 1.000000 1.000000 1.000000 1.013945 1.012592 1.013158 1.011523 1.006357 1.032695 1.039366 1.029225 1.030405 1.032250 1.000000 1.000000 1.000000 1.000000 1.000000 1.015866 1.015650 1.014810 1.014277 1.011247 1.018366 1.017713 1.017206 1.016745 1.013228 
1.000000 1.000000 1.000000 1.000000 1.000000 0.993907 0.993261 0.993271 0.993784 0.992863 0.991610 0.991947 0.991204 0.991972 0.992194 1.000000 1.000000 1.000000 1.000000 1.000000 0.997473 0.997277 0.996630 0.997208 0.996825 0.992893 0.992912 0.992224 0.993158 0.994239 1.000000 1.000000 1.000000 1.000000 1.000000 0.992320 0.993230 0.992953 0.993190 0.992893 0.990717 0.991171 0.988980 0.991566 0.991838 1.000000 1.000000 1.000000 1.000000 1.000000 0.995054 0.993867 0.993236 0.992943 0.990751 0.990891 0.990055 0.993661 0.992867 0.992783 1.000000 1.000000 1.000000 1.000000 1.000000 0.993136 0.993733 0.994453 0.993609 0.992276 0.991770 0.992288 0.990666 0.992768 0.990026 1.000000 1.000000 1.000000 1.000000 1.000000 0.994954 0.994067 0.994674 0.994605 0.996042 0.991986 0.991701 0.992749 0.989731 0.992880 1.000000 1.000000 1.000000 1.000000 1.000000 0.992623 0.992552 0.993603 0.992022 0.992133 0.991070 0.991220 0.991423 0.991450 0.992144 1.000000 1.000000 1.000000 1.000000 1.000000 0.994370 0.994630 0.994547 0.993904 0.993813 0.991207 0.988909 0.990851 0.989276 0.990400 1.000000 1.000000 1.000000 1.000000 1.000000 0.995154 0.994590 0.994688 0.995017 0.994852 0.992965 0.992761 0.992391 0.992427 0.992548 
1.000000 1.000000 1.000000 1.000000 1.000000 0.983295 0.982892 0.985724 0.983862 0.983985 0.981645 0.983111 0.981064 0.985056 0.987813 1.000000 1.000000 1.000000 1.000000 1.000000 0.993648 0.992814 0.990740 0.993453 0.993671 0.981998 0.983063 0.982948 0.985506 0.992117 1.000000 1.000000 1.000000 1.000000 1.000000 0.987132 0.984859 0.990629 0.976487 0.983380 0.982772 0.982066 0.983835 0.986839 0.986151 1.000000 1.000000 1.000000 1.000000 1.000000 0.984548 0.982444 0.997668 0.979695 0.990561 0.979214 0.980292 0.996105 0.992558 0.976333 1.000000 1.000000 1.000000 1.000000 1.000000 0.985644 0.989520 0.989702 0.990694 0.983315 0.984115 0.984314 0.980811 0.985061 0.985893 1.000000 1.000000 1.000000 1.000000 1.000000 0.987518 0.987106 0.986711 0.986937 0.993833 0.981416 0.981768 0.985842 0.975608 0.993304 1.000000 1.000000 1.000000 1.000000 1.000000 0.975108 0.975776 0.978657 0.972818 0.973868 0.971465 0.971837 0.972292 0.972904 0.974963 1.000000 1.000000 1.000000 1.000000 1.000000 0.988271 0.989403 0.988956 0.990058 0.994124 0.974044 0.968807 0.976684 0.975726 0.974332 1.000000 1.000000 1.000000 1.000000 1.000000 0.987045 0.987038 0.987746 0.988198 0.990448 0.984842 0.985224 0.985630 0.985951 0.988592 
1.000000 1.000000 1.000000 1.000000 1.000000 1.026652 1.028582 1.028046 1.027460 1.029446 1.035320 1.033667 1.036719 1.032305 1.030663 1.000000 1.000000 1.000000 1.000000 1.000000 1.010165 1.011799 1.013833 1.012077 1.012930 1.030934 1.029901 1.032791 1.028292 1.022311 1.000000 1.000000 1.000000 1.000000 1.000000 1.030437 1.027320 1.026078 1.032520 1.027919 1.037245 1.036904 1.042440 1.032257 1.032999 1.000000 1.000000 1.000000 1.000000 1.000000 1.021252 1.026991 1.023047 1.027689 1.034648 1.038188 1.039700 1.022812 1.025680 1.035209 1.000000 1.000000 1.000000 1.000000 1.000000 1.028712 1.024791 1.021715 1.023812 1.029701 1.033192 1.031900 1.037711 1.029449 1.039340 1.000000 1.000000 1.000000 1.000000 1.000000 1.020744 1.023710 1.022048 1.022574 1.014866 1.034376 1.034324 1.029029 1.043293 1.026439 1.000000 1.000000 1.000000 1.000000 1.000000 1.036500 1.036527 1.031474 1.039316 1.038440 1.043066 1.041267 1.040790 1.040838 1.037308 1.000000 1.000000 1.000000 1.000000 1.000000 1.022577 1.021605 1.022055 1.023166 1.021905 1.041813 1.051313 1.041097 1.047045 1.043790 1.000000 1.000000 1.000000 1.000000 1.000000 1.021316 1.022791 1.022262 1.021212 1.020052 1.029058 1.029309 1.030644 1.030228 1.028548 
1.000000 1.000000 1.000000 1.000000 1.000000 1.059822 1.062838 1.059224 1.060153 1.063050 1.075359 1.070852 1.077938 1.065811 1.059465 1.000000 1.000000 1.000000 1.000000 1.000000 1.022592 1.026368 1.031400 1.025996 1.026873 1.068367 1.064868 1.069534 1.059892 1.041814 1.000000 1.000000 1.000000 1.000000 1.000000 1.059851 1.058570 1.049591 1.076852 1.061098 1.076110 1.077219 1.082553 1.063230 1.066133 1.000000 1.000000 1.000000 1.000000 1.000000 1.049925 1.060935 1.037627 1.064986 1.063911 1.083061 1.082287 1.037945 1.046531 1.082368 1.000000 1.000000 1.000000 1.000000 1.000000 1.059305 1.049390 1.044320 1.045972 1.063030 1.068887 1.066669 1.078563 1.061241 1.075275 1.000000 1.000000 1.000000 1.000000 1.000000 1.045303 1.050537 1.048802 1.049087 1.029678 1.074295 1.073432 1.060349 1.094094 1.045766 1.000000 1.000000 1.000000 1.000000 1.000000 1.085501 1.084430 1.073688 1.092223 1.089659 1.099380 1.096107 1.095319 1.094618 1.086779 1.000000 1.000000 1.000000 1.000000 1.000000 1.047245 1.044560 1.045703 1.045856 1.038628 1.095276 1.115723 1.090597 1.100945 1.098023 1.000000 1.000000 1.000000 1.000000 1.000000 1.047236 1.049275 1.047864 1.045684 1.041170 1.061560 1.061350 1.062748 1.061553 1.055419 
1.000000 1.000000 1.000000 1.000000 1.000000 0.957491 0.954478 0.956295 0.957102 0.953527 0.946367 0.949033 0.944166 0.951212 0.954879 1.000000 1.000000 1.000000 1.000000 1.000000 0.983642 0.981144 0.977710 0.981076 0.979975 0.952043 0.953578 0.950074 0.956691 0.967280 1.000000 1.000000 1.000000 1.000000 1.000000 0.954182 0.957414 0.961308 0.948726 0.955124 0.944124 0.944781 0.938496 0.951867 0.952101 1.000000 1.000000 1.000000 1.000000 1.000000 0.964673 0.957678 0.967561 0.952428 0.948143 0.941928 0.940576 0.967488 0.962126 0.939975 1.000000 1.000000 1.000000 1.000000 1.000000 0.956574 0.962475 0.966529 0.964407 0.952322 0.949691 0.951947 0.942822 0.955367 0.944268 1.000000 1.000000 1.000000 1.000000 1.000000 0.967187 0.962515 0.964213 0.964577 0.976747 0.947576 0.947176 0.955826 0.934213 0.962689 1.000000 1.000000 1.000000 1.000000 1.000000 0.938962 0.940450 0.946964 0.935107 0.936498 0.929727 0.931657 0.933030 0.932778 0.937953 1.000000 1.000000 1.000000 1.000000 1.000000 0.965092 0.966968 0.966191 0.965028 0.968401 0.934570 0.920720 0.936231 0.928181 0.931120 1.000000 1.000000 1.000000 1.000000 1.000000 0.966422 0.964606 0.965442 0.967153 0.969210 0.955715 0.955410 0.953851 0.954593 0.957727 
1.000000 1.000000 1.000000 1.000000 1.000000 0.948009 0.946132 0.951947 0.948764 0.947614 0.940357 0.944300 0.938220 0.949306 0.956465 1.000000 1.000000 1.000000 1.000000 1.000000 0.980484 0.977368 0.972304 0.978374 0.978594 0.943310 0.946351 0.944429 0.952362 0.970026 1.000000 1.000000 1.000000 1.000000 1.000000 0.954395 0.951646 0.964711 0.931005 0.948075 0.941824 0.940440 0.942093 0.953144 0.951830 1.000000 1.000000 1.000000 1.000000 1.000000 0.954191 0.946808 0.980594 0.940049 0.957150 0.934302 0.936079 0.977688 0.969059 0.924013 1.000000 1.000000 1.000000 1.000000 1.000000 0.952366 0.962482 0.965029 0.966328 0.946927 0.946712 0.948121 0.937508 0.951181 0.948172 1.000000 1.000000 1.000000 1.000000 1.000000 0.961238 0.958162 0.957884 0.958737 0.977452 0.940303 0.941069 0.952806 0.923997 0.970634 1.000000 1.000000 1.000000 1.000000 1.000000 0.921394 0.923767 0.932162 0.915504 0.918167 0.910410 0.912534 0.914193 0.914784 0.921272 1.000000 1.000000 1.000000 1.000000 1.000000 0.961653 0.964565 0.963338 0.965303 0.974925 0.918650 0.903156 0.924924 0.919413 0.917564 1.000000 1.000000 1.000000 1.000000 1.000000 0.959378 0.958855 0.960509 0.962057 0.967766 0.950910 0.951583 0.951558 0.952655 0.959316 
1.000000 1.000000 1.000000 1.000000 1.000000 1.025000 1.026478 1.024589 1.024670 1.026356 1.030482 1.028622 1.031485 1.026488 1.023300 1.000000 1.000000 1.000000 1.000000 1.000000 1.009281 1.011183 1.012731 1.010881 1.011179 1.028002 1.026573 1.028074 1.024267 1.016548 1.000000 1.000000 1.000000 1.000000 1.000000 1.023979 1.023290 1.018876 1.030973 1.025188 1.030133 1.030676 1.031878 1.024773 1.024844 1.000000 1.000000 1.000000 1.000000 1.000000 1.021425 1.024166 1.013918 1.028818 1.026450 1.033473 1.032146 1.014980 1.018637 1.039988 1.000000 1.000000 1.000000 1.000000 1.000000 1.023255 1.019708 1.017838 1.017586 1.026424 1.027793 1.026614 1.031281 1.023965 1.028127 1.000000 1.000000 1.000000 1.000000 1.000000 1.018398 1.020868 1.020972 1.020102 1.012507 1.030058 1.030021 1.024311 1.037255 1.016978 1.000000 1.000000 1.000000 1.000000 1.000000 1.039914 1.037703 1.034941 1.041711 1.040735 1.044232 1.043325 1.042750 1.042900 1.039921 1.000000 1.000000 1.000000 1.000000 1.000000 1.018854 1.017661 1.018154 1.017753 1.014249 1.040444 1.048935 1.038528 1.042759 1.042415 1.000000 1.000000 1.000000 1.000000 1.000000 1.019497 1.019797 1.019370 1.018393 1.016360 1.024630 1.024405 1.024848 1.024211 1.021443 
1.000000 1.000000 1.000000 1.000000 1.000000 0.986292 0.985194 0.986841 0.986571 0.985705 0.983686 0.984650 0.983127 0.985593 0.987381 1.000000 1.000000 1.000000 1.000000 1.000000 0.994903 0.993837 0.993007 0.994129 0.993904 0.984917 0.985415 0.984885 0.987064 0.990972 1.000000 1.000000 1.000000 1.000000 1.000000 0.986868 0.987635 0.990377 0.983168 0.986190 0.983958 0.983750 0.983285 0.987098 0.987808 1.000000 1.000000 1.000000 1.000000 1.000000 0.987834 0.987039 0.993817 0.983224 0.986572 0.982211 0.982817 0.991997 0.989877 0.976552 1.000000 1.000000 1.000000 1.000000 1.000000 0.987551 0.989669 0.990407 0.990855 0.984927 0.985128 0.985821 0.983034 0.987178 0.985531 1.000000 1.000000 1.000000 1.000000 1.000000 0.989837 0.988614 0.988320 0.988973 0.993314 0.983861 0.983749 0.987127 0.979842 0.990800 1.000000 1.000000 1.000000 1.000000 1.000000 0.976963 0.978723 0.979704 0.976217 0.976754 0.975043 0.975275 0.975734 0.975588 0.977093 1.000000 1.000000 1.000000 1.000000 1.000000 0.989865 0.990615 0.990300 0.990693 0.992678 0.977934 0.972789 0.978806 0.976520 0.976702 1.000000 1.000000 1.000000 1.000000 1.000000 0.989330 0.989326 0.989622 0.990164 0.991376 0.986762 0.986972 0.986771 0.987085 0.988644 
1.000000 1.000000 1.000000 1.000000 1.000000 1.043827 1.046994 1.044756 1.044430 1.047475 1.056672 1.053719 1.058794 1.051053 1.047368 1.000000 1.000000 1.000000 1.000000 1.000000 1.016665 1.019470 1.022805 1.019443 1.020671 1.050362 1.048570 1.052427 1.045169 1.034103 1.000000 1.000000 1.000000 1.000000 1.000000 1.047369 1.043536 1.039310 1.054076 1.045549 1.058539 1.058456 1.065432 1.049604 1.050221 1.000000 1.000000 1.000000 1.000000 1.000000 1.036159 1.043811 1.032317 1.047949 1.052183 1.061778 1.062780 1.033401 1.039053 1.061567 1.000000 1.000000 1.000000 1.000000 1.000000 1.044973 1.038344 1.034159 1.036244 1.048511 1.052740 1.050599 1.059999 1.046406 1.059617 1.000000 1.000000 1.000000 1.000000 1.000000 1.033701 1.038194 1.036451 1.036617 1.023386 1.055395 1.055382 1.046004 1.069938 1.038935 1.000000 1.000000 1.000000 1.000000 1.000000 1.062981 1.061704 1.054594 1.067225 1.065648 1.072699 1.070457 1.069671 1.069594 1.064036 1.000000 1.000000 1.000000 1.000000 1.000000 1.035765 1.033906 1.034713 1.035671 1.032165 1.069370 1.085570 1.067645 1.076699 1.072656 1.000000 1.000000 1.000000 1.000000 1.000000 1.034758 1.036579 1.035663 1.033908 1.031449 1.046412 1.046498 1.048142 1.047373 1.043821 
1.000000 1.000000 1.000000 1.000000 1.000000 0.974084 0.973519 0.976012 0.974101 0.974026 0.969615 0.971639 0.968476 0.974236 0.977485 1.000000 1.000000 1.000000 1.000000 1.000000 0.990116 0.988908 0.985784 0.989278 0.989395 0.971299 0.972967 0.971664 0.975713 0.984751 1.000000 1.000000 1.000000 1.000000 1.000000 0.976799 0.974784 0.980937 0.964345 0.973817 0.969864 0.969217 0.969543 0.975523 0.973545 1.000000 1.000000 1.000000 1.000000 1.000000 0.977663 0.972157 0.988965 0.971704 0.978849 0.966298 0.966585 0.988776 0.984413 0.967686 1.000000 1.000000 1.000000 1.000000 1.000000 0.975050 0.980635 0.982105 0.981940 0.973956 0.972859 0.973292 0.967893 0.974353 0.971940 1.000000 1.000000 1.000000 1.000000 1.000000 0.980255 0.979017 0.979618 0.979148 0.988991 0.969562 0.970260 0.975895 0.960507 0.984153 1.000000 1.000000 1.000000 1.000000 1.000000 0.964967 0.964394 0.970312 0.960985 0.962431 0.958014 0.959507 0.960085 0.960853 0.964378 1.000000 1.000000 1.000000 1.000000 1.000000 0.980173 0.981568 0.980976 0.981581 0.986171 0.960145 0.952833 0.963612 0.961120 0.960542 1.000000 1.000000 1.000000 1.000000 1.000000 0.979567 0.978804 0.979774 0.980471 0.983238 0.974733 0.974940 0.974886 0.975335 0.978572 
1.000000 1.000000 1.000000 1.000000 1.000000 1.009459 1.009858 1.008997 1.009430 1.009677 1.011253 1.010533 1.011560 1.009539 1.008331 1.000000 1.000000 1.000000 1.000000 1.000000 1.003368 1.004185 1.004704 1.004072 1.004033 1.010533 1.009860 1.010438 1.008875 1.005848 1.000000 1.000000 1.000000 1.000000 1.000000 1.008578 1.008461 1.006339 1.012331 1.008979 1.010841 1.011264 1.011132 1.008716 1.009164 1.000000 1.000000 1.000000 1.000000 1.000000 1.008047 1.009303 1.003972 1.010273 1.008719 1.012374 1.011674 1.004766 1.006025 1.015376 1.000000 1.000000 1.000000 1.000000 1.000000 1.008692 1.006987 1.006317 1.005981 1.009316 1.009926 1.009765 1.011370 1.008770 1.010041 1.000000 1.000000 1.000000 1.000000 1.000000 1.006796 1.007493 1.007659 1.007452 1.004218 1.011191 1.010961 1.008751 1.013834 1.005740 1.000000 1.000000 1.000000 1.000000 1.000000 1.015577 1.014819 1.013555 1.016381 1.015926 1.017283 1.016706 1.016528 1.016594 1.015364 1.000000 1.000000 1.000000 1.000000 1.000000 1.006833 1.006404 1.006612 1.006161 1.004581 1.015714 1.018821 1.014536 1.015875 1.016055 1.000000 1.000000 1.000000 1.000000 1.000000 1.007426 1.007388 1.007171 1.006892 1.005764 1.009032 1.008849 1.008974 1.008712 1.007527 
1.000000 1.000000 1.000000 1.000000 1.000000 0.996021 0.995260 0.993122 0.994859 0.993616 0.991696 0.991552 0.991174 0.990817 0.989443 1.000000 1.000000 1.000000 1.000000 1.000000 0.998364 0.998185 0.998178 0.997395 0.996693 0.994286 0.994091 0.992172 0.993053 0.991565 1.000000 1.000000 1.000000 1.000000 1.000000 0.990195 0.993744 0.989713 0.997246 0.994893 0.989174 0.990142 0.984855 0.988917 0.988528 1.000000 1.000000 1.000000 1.000000 1.000000 0.998728 0.995835 0.986105 0.998859 0.984983 0.991798 0.989352 0.988135 0.989162 0.998669 1.000000 1.000000 1.000000 1.000000 1.000000 0.992165 0.991865 0.993811 0.991236 0.994064 0.991042 0.991592 0.990442 0.992184 0.984878 1.000000 1.000000 1.000000 1.000000 1.000000 0.996228 0.994754 0.996523 0.995637 0.995310 0.992493 0.992299 0.992208 0.991028 0.987489 1.000000 1.000000 1.000000 1.000000 1.000000 0.998158 0.996781 0.998569 0.997686 0.997451 0.996099 0.997171 0.997166 0.996779 0.997534 1.000000 1.000000 1.000000 1.000000 1.000000 0.994281 0.993995 0.994064 0.992248 0.989661 0.994327 0.992872 0.992862 0.989961 0.993224 1.000000 1.000000 1.000000 1.000000 1.000000 0.996408 0.995206 0.995068 0.995336 0.994222 0.992990 0.992408 0.991179 0.991130 0.989951 
1.000000 1.000000 1.000000 1.000000 1.000000 1.027412 1.029323 1.027975 1.028127 1.029540 1.035620 1.033852 1.037053 1.032379 1.030398 1.000000 1.000000 1.000000 1.000000 1.000000 1.010509 1.012048 1.014506 1.012128 1.012919 1.031579 1.030593 1.033128 1.028428 1.021833 1.000000 1.000000 1.000000 1.000000 1.000000 1.030339 1.027851 1.025529 1.034516 1.028630 1.037259 1.037086 1.041676 1.031545 1.032319 1.000000 1.000000 1.000000 1.000000 1.000000 1.022359 1.028213 1.020814 1.029063 1.032346 1.038631 1.040042 1.021399 1.024803 1.035373 1.000000 1.000000 1.000000 1.000000 1.000000 1.029127 1.024438 1.021740 1.023556 1.030435 1.033238 1.032043 1.038179 1.029954 1.038622 1.000000 1.000000 1.000000 1.000000 1.000000 1.021463 1.024000 1.022438 1.023145 1.014438 1.034925 1.034712 1.028877 1.044636 1.025802 1.000000 1.000000 1.000000 1.000000 1.000000 1.037097 1.037312 1.031843 1.040354 1.039300 1.044036 1.042341 1.041858 1.041617 1.037979 1.000000 1.000000 1.000000 1.000000 1.000000 1.022880 1.021734 1.022259 1.023072 1.021174 1.042715 1.052640 1.041551 1.047077 1.044166 1.000000 1.000000 1.000000 1.000000 1.000000 1.021916 1.023343 1.022618 1.021601 1.020055 1.029473 1.029581 1.030707 1.030328 1.028227 
1.000000 1.000000 1.000000 1.000000 1.000000 1.008157 1.009108 1.009634 1.008468 1.010045 1.011795 1.011403 1.012315 1.011400 1.011346 1.000000 1.000000 1.000000 1.000000 1.000000 1.003252 1.003725 1.004172 1.003980 1.004539 1.009722 1.009626 1.010900 1.009619 1.008608 1.000000 1.000000 1.000000 1.000000 1.000000 1.011035 1.009019 1.010131 1.008376 1.009299 1.013141 1.012500 1.016149 1.012311 1.011962 1.000000 1.000000 1.000000 1.000000 1.000000 1.006185 1.007763 1.010900 1.008759 1.014715 1.012653 1.013767 1.010089 1.010689 1.010988 1.000000 1.000000 1.000000 1.000000 1.000000 1.009477 1.009087 1.007750 1.009024 1.010259 1.011635 1.010898 1.012875 1.009833 1.014720 1.000000 1.000000 1.000000 1.000000 1.000000 1.006563 1.008100 1.007260 1.007236 1.005832 1.011108 1.011532 1.010328 1.013643 1.010633 1.000000 1.000000 1.000000 1.000000 1.000000 1.010837 1.010652 1.009533 1.011293 1.011248 1.012657 1.012252 1.012008 1.012253 1.011300 1.000000 1.000000 1.000000 1.000000 1.000000 1.007666 1.007452 1.007525 1.008520 1.009096 1.012369 1.015506 1.013115 1.015740 1.013865 1.000000 1.000000 1.000000 1.000000 1.000000 1.006520 1.007254 1.007259 1.006792 1.007154 1.009688 1.010014 1.010727 1.010625 1.010704 
1.000000 1.000000 1.000000 1.000000 1.000000 1.001171 1.000913 1.000551 1.001455 1.000717 1.001593 1.001458 1.001815 1.001485 1.001680 1.000000 1.000000 1.000000 1.000000 1.000000 1.000870 1.000208 1.001586 1.000164 1.000221 1.001484 1.001587 1.001637 1.001336 1.000738 1.000000 1.000000 1.000000 1.000000 1.000000 1.001408 1.002656 1.002306 1.003461 1.002112 1.002323 1.002042 1.002505 1.001953 1.002955 1.000000 1.000000 1.000000 1.000000 1.000000 1.001036 1.003216 1.000533 1.000721 0.998655 1.002049 1.003431 0.999725 1.000472 0.993541 1.000000 1.000000 1.000000 1.000000 1.000000 1.002485 1.001171 1.001328 1.002277 1.001563 1.001520 1.001747 1.002745 1.002819 1.003064 1.000000 1.000000 1.000000 1.000000 1.000000 1.001834 1.001208 1.000256 1.001414 0.999897 1.001730 1.001489 1.001407 1.003884 1.001900 1.000000 1.000000 1.000000 1.000000 1.000000 0.995555 0.997834 0.995403 0.997242 0.996978 0.997797 0.997602 0.997665 0.996837 0.996453 1.000000 1.000000 1.000000 1.000000 1.000000 1.001854 1.001670 1.001726 1.002159 1.002015 0.999814 0.999907 0.999454 0.998906 0.998521 1.000000 1.000000 1.000000 1.000000 1.000000 1.001121 1.001847 1.001451 1.001509 1.001509 1.001956 1.002107 1.002000 1.002224 1.002140 
1.000000 1.000000 1.000000 1.000000 1.000000 0.965545 0.963629 0.966457 0.965958 0.963718 0.958697 0.961176 0.957225 0.963901 0.968044 1.000000 1.000000 1.000000 1.000000 1.000000 0.986976 0.984738 0.981981 0.985169 0.984830 0.961859 0.963605 0.961680 0.966885 0.977348 1.000000 1.000000 1.000000 1.000000 1.000000 0.967072 0.967334 0.973663 0.956868 0.964747 0.958753 0.958416 0.956680 0.965546 0.965557 1.000000 1.000000 1.000000 1.000000 1.000000 0.970191 0.965927 0.981363 0.959895 0.964927 0.954657 0.955433 0.980126 0.974938 0.947623 1.000000 1.000000 1.000000 1.000000 1.000000 0.967580 0.972912 0.975261 0.975353 0.963152 0.962289 0.963734 0.956742 0.966637 0.961557 1.000000 1.000000 1.000000 1.000000 1.000000 0.974189 0.971090 0.971226 0.972192 0.983033 0.959245 0.959174 0.966629 0.948913 0.976613 1.000000 1.000000 1.000000 1.000000 1.000000 0.947089 0.949416 0.953905 0.944103 0.945503 0.940498 0.941692 0.942808 0.942755 0.946852 1.000000 1.000000 1.000000 1.000000 1.000000 0.973653 0.975413 0.974702 0.975123 0.980003 0.945932 0.934858 0.948620 0.943483 0.943703 1.000000 1.000000 1.000000 1.000000 1.000000 0.973090 0.972463 0.973235 0.974510 0.977269 0.966217 0.966388 0.965863 0.966608 0.970220 
1.000000 1.000000 1.000000 1.000000 1.000000 1.034406 1.036974 1.036124 1.035255 1.038238 1.045850 1.043642 1.047722 1.042035 1.039995 1.000000 1.000000 1.000000 1.000000 1.000000 1.013483 1.015201 1.018406 1.015438 1.016707 1.040003 1.038857 1.042496 1.036814 1.028967 1.000000 1.000000 1.000000 1.000000 1.000000 1.039441 1.036055 1.034540 1.041965 1.037109 1.048737 1.047885 1.055991 1.042660 1.043390 1.000000 1.000000 1.000000 1.000000 1.000000 1.027809 1.035273 1.030332 1.036961 1.044563 1.050019 1.052607 1.029379 1.033656 1.042823 1.000000 1.000000 1.000000 1.000000 1.000000 1.037215 1.032225 1.028482 1.031582 1.039335 1.043332 1.041521 1.049586 1.038591 1.051557 1.000000 1.000000 1.000000 1.000000 1.000000 1.027278 1.031096 1.028639 1.029408 1.019443 1.044465 1.044719 1.038160 1.056699 1.034411 1.000000 1.000000 1.000000 1.000000 1.000000 1.044756 1.045271 1.038469 1.048719 1.047604 1.053650 1.051759 1.051091 1.050813 1.046364 1.000000 1.000000 1.000000 1.000000 1.000000 1.029656 1.028268 1.028835 1.030670 1.029124 1.052701 1.065237 1.052230 1.059819 1.055334 1.000000 1.000000 1.000000 1.000000 1.000000 1.027453 1.029701 1.028951 1.027501 1.026447 1.037940 1.038437 1.040052 1.039634 1.037634 
1.000000 1.000000 1.000000 1.000000 1.000000 1.042419 1.045613 1.044170 1.043617 1.046658 1.056362 1.053654 1.058607 1.051572 1.049018 1.000000 1.000000 1.000000 1.000000 1.000000 1.016390 1.018731 1.022439 1.018996 1.020473 1.049324 1.047884 1.052298 1.045042 1.035463 1.000000 1.000000 1.000000 1.000000 1.000000 1.048397 1.043784 1.041468 1.052359 1.044941 1.059537 1.058854 1.068078 1.051432 1.052497 1.000000 1.000000 1.000000 1.000000 1.000000 1.034239 1.043421 1.035608 1.044929 1.053451 1.061290 1.064142 1.035668 1.040753 1.054127 1.000000 1.000000 1.000000 1.000000 1.000000 1.045778 1.039139 1.034596 1.038036 1.047925 1.052959 1.050926 1.060688 1.047246 1.062972 1.000000 1.000000 1.000000 1.000000 1.000000 1.033418 1.037834 1.035043 1.036131 1.023367 1.054844 1.054850 1.046339 1.069905 1.042149 1.000000 1.000000 1.000000 1.000000 1.000000 1.056545 1.056969 1.048611 1.061402 1.059934 1.067334 1.064767 1.064057 1.063767 1.058184 1.000000 1.000000 1.000000 1.000000 1.000000 1.036123 1.034440 1.035184 1.037032 1.034934 1.065924 1.081811 1.064979 1.074335 1.068842 1.000000 1.000000 1.000000 1.000000 1.000000 1.033935 1.036449 1.035459 1.033762 1.031986 1.046536 1.046937 1.048939 1.048390 1.045676 
1.000000 1.000000 1.000000 1.000000 1.000000 0.988174 0.988189 0.991825 0.989486 0.990268 0.989666 0.990968 0.989525 0.993135 0.996666 1.000000 1.000000 1.000000 1.000000 1.000000 0.995800 0.994840 0.993668 0.995863 0.996533 0.988248 0.989360 0.990551 0.992117 0.998712 1.000000 1.000000 1.000000 1.000000 1.000000 0.995265 0.991668 0.999102 0.982357 0.989463 0.992591 0.991080 0.996591 0.996614 0.996752 1.000000 1.000000 1.000000 1.000000 1.000000 0.987611 0.988446 1.006745 0.983212 1.000278 0.987910 0.991110 1.003722 1.000340 0.976886 1.000000 1.000000 1.000000 1.000000 1.000000 0.993189 0.996249 0.995311 0.998212 0.989684 0.992104 0.992188 0.990312 0.992838 0.998497 1.000000 1.000000 1.000000 1.000000 1.000000 0.992119 0.992393 0.990521 0.991759 0.997413 0.988868 0.989334 0.993184 0.985608 1.002598 1.000000 1.000000 1.000000 1.000000 1.000000 0.976994 0.979442 0.979838 0.976008 0.976971 0.976030 0.975671 0.976085 0.976480 0.977692 1.000000 1.000000 1.000000 1.000000 1.000000 0.994010 0.995097 0.994673 0.996991 1.002173 0.980279 0.976691 0.983428 0.984009 0.980651 1.000000 1.000000 1.000000 1.000000 1.000000 0.991222 0.992296 0.992830 0.993082 0.995816 0.991805 0.992619 0.993683 0.994116 0.997282 
1.000000 1.000000 1.000000 1.000000 1.000000 1.026646 1.028501 1.026992 1.026954 1.028771 1.034205 1.032396 1.035549 1.030850 1.028596 1.000000 1.000000 1.000000 1.000000 1.000000 1.010309 1.011768 1.014198 1.011696 1.012445 1.030488 1.029488 1.031701 1.027355 1.020471 1.000000 1.000000 1.000000 1.000000 1.000000 1.028625 1.026867 1.024118 1.033187 1.028139 1.035517 1.035290 1.039510 1.030196 1.030570 1.000000 1.000000 1.000000 1.000000 1.000000 1.022197 1.027083 1.019388 1.029582 1.030905 1.037416 1.038368 1.019732 1.023443 1.035575 1.000000 1.000000 1.000000 1.000000 1.000000 1.027443 1.023239 1.020861 1.022294 1.029786 1.031897 1.030609 1.036572 1.028439 1.035983 1.000000 1.000000 1.000000 1.000000 1.000000 1.020763 1.023346 1.022115 1.022348 1.014101 1.033467 1.033524 1.027922 1.042696 1.023486 1.000000 1.000000 1.000000 1.000000 1.000000 1.036800 1.036464 1.031759 1.039706 1.038712 1.043095 1.041864 1.041304 1.041059 1.037697 1.000000 1.000000 1.000000 1.000000 1.000000 1.021950 1.020736 1.021238 1.021940 1.019703 1.041290 1.050880 1.040209 1.045364 1.043041 1.000000 1.000000 1.000000 1.000000 1.000000 1.021122 1.022392 1.021746 1.020683 1.019280 1.028228 1.028349 1.029248 1.028849 1.026704 
1.000000 1.000000 1.000000 1.000000 1.000000 1.049985 1.052980 1.050934 1.050449 1.053859 1.063985 1.060454 1.066255 1.056713 1.051881 1.000000 1.000000 1.000000 1.000000 1.000000 1.018798 1.022214 1.025733 1.022209 1.023231 1.057334 1.054626 1.059010 1.051033 1.037163 1.000000 1.000000 1.000000 1.000000 1.000000 1.052177 1.049151 1.043544 1.061976 1.051284 1.065313 1.065801 1.072095 1.055167 1.056697 1.000000 1.000000 1.000000 1.000000 1.000000 1.041084 1.049817 1.036007 1.054001 1.058999 1.069900 1.069732 1.035913 1.042318 1.071502 1.000000 1.000000 1.000000 1.000000 1.000000 1.050257 1.043045 1.038149 1.040016 1.053595 1.059177 1.056830 1.066747 1.051753 1.065636 1.000000 1.000000 1.000000 1.000000 1.000000 1.037757 1.043000 1.041398 1.041235 1.026352 1.062700 1.062381 1.051779 1.078384 1.041347 1.000000 1.000000 1.000000 1.000000 1.000000 1.073064 1.071396 1.063362 1.077805 1.075961 1.083964 1.081173 1.080381 1.080394 1.073972 1.000000 1.000000 1.000000 1.000000 1.000000 1.040053 1.038005 1.038889 1.039574 1.034733 1.080000 1.097227 1.077178 1.087034 1.083590 1.000000 1.000000 1.000000 1.000000 1.000000 1.039490 1.041281 1.040383 1.038428 1.035290 1.052095 1.052117 1.053766 1.052710 1.048226 
1.000000 1.000000 1.000000 1.000000 1.000000 1.009043 1.010332 1.011897 1.009754 1.011945 1.014105 1.013844 1.014710 1.014065 1.014461 1.000000 1.000000 1.000000 1.000000 1.000000 1.003377 1.004261 1.004022 1.004874 1.005628 1.011139 1.011018 1.013034 1.011528 1.011380 1.000000 1.000000 1.000000 1.000000 1.000000 1.014018 1.010032 1.012834 1.007917 1.009961 1.016034 1.015250 1.020484 1.015396 1.014887 1.000000 1.000000 1.000000 1.000000 1.000000 1.005990 1.007861 1.015795 1.008303 1.020827 1.014601 1.015972 1.014623 1.014362 1.014241 1.000000 1.000000 1.000000 1.000000 1.000000 1.011329 1.011558 1.009356 1.011165 1.011418 1.014178 1.013186 1.015040 1.011438 1.019005 1.000000 1.000000 1.000000 1.000000 1.000000 1.007029 1.009350 1.008265 1.008141 1.007496 1.013107 1.013594 1.012433 1.015146 1.014485 1.000000 1.000000 1.000000 1.000000 1.000000 1.013484 1.012888 1.012062 1.013400 1.013546 1.015128 1.014259 1.014025 1.014813 1.013700 1.000000 1.000000 1.000000 1.000000 1.000000 1.008873 1.008889 1.008912 1.010337 1.011957 1.014675 1.018198 1.016055 1.019976 1.017046 1.000000 1.000000 1.000000 1.000000 1.000000 1.007339 1.008171 1.008401 1.007845 1.008526 1.011346 1.011793 1.013043 1.012849 1.013378 
1.000000 1.000000 1.000000 1.000000 1.000000 1.036411 1.037807 1.034169 1.035855 1.036802 1.043019 1.040062 1.044334 1.036232 1.030946 1.000000 1.000000 1.000000 1.000000 1.000000 1.013426 1.016046 1.018888 1.015355 1.015307 1.040516 1.037985 1.039674 1.034030 1.021210 1.000000 1.000000 1.000000 1.000000 1.000000 1.032160 1.033423 1.024710 1.047977 1.035836 1.041493 1.043058 1.041948 1.032783 1.034312 1.000000 1.000000 1.000000 1.000000 1.000000 1.031628 1.036494 1.014829 1.041286 1.032007 1.047692 1.044868 1.016679 1.022597 1.055572 1.000000 1.000000 1.000000 1.000000 1.000000 1.033071 1.026567 1.024434 1.023388 1.036572 1.038292 1.037226 1.043704 1.034014 1.037323 1.000000 1.000000 1.000000 1.000000 1.000000 1.026641 1.029196 1.029591 1.028857 1.016196 1.043000 1.042212 1.033426 1.054122 1.020770 1.000000 1.000000 1.000000 1.000000 1.000000 1.056825 1.054572 1.049266 1.060481 1.058677 1.063974 1.062376 1.061754 1.061391 1.056784 1.000000 1.000000 1.000000 1.000000 1.000000 1.026563 1.024687 1.025487 1.024068 1.017442 1.059032 1.070719 1.054599 1.059235 1.060173 1.000000 1.000000 1.000000 1.000000 1.000000 1.028418 1.028634 1.027712 1.026518 1.022558 1.034870 1.034243 1.034362 1.033434 1.028515 
1.000000 1.000000 1.000000 1.000000 1.000000 1.048116 1.050164 1.045368 1.047529 1.048996 1.057799 1.053892 1.059650 1.049188 1.042698 1.000000 1.000000 1.000000 1.000000 1.000000 1.018087 1.021146 1.025485 1.020233 1.020458 1.053919 1.050883 1.053319 1.045755 1.029272 1.000000 1.000000 1.000000 1.000000 1.000000 1.043807 1.045313 1.034576 1.063526 1.048392 1.056600 1.058176 1.058450 1.045318 1.047380 1.000000 1.000000 1.000000 1.000000 1.000000 1.041773 1.048930 1.021481 1.054825 1.043106 1.064350 1.061767 1.023491 1.031591 1.069457 1.000000 1.000000 1.000000 1.000000 1.000000 1.044791 1.036030 1.033215 1.032668 1.049537 1.051816 1.050363 1.059570 1.046393 1.052224 1.000000 1.000000 1.000000 1.000000 1.000000 1.035921 1.039244 1.039104 1.038658 1.021797 1.057561 1.056720 1.045348 1.073353 1.029762 1.000000 1.000000 1.000000 1.000000 1.000000 1.071728 1.069736 1.061944 1.077102 1.074737 1.082007 1.080051 1.079283 1.078429 1.072326 1.000000 1.000000 1.000000 1.000000 1.000000 1.036065 1.033533 1.034576 1.033328 1.025208 1.076792 1.092872 1.071551 1.077965 1.078203 1.000000 1.000000 1.000000 1.000000 1.000000 1.037658 1.038479 1.037146 1.035500 1.030783 1.047159 1.046531 1.046796 1.045743 1.039623 
1.000000 1.000000 1.000000 1.000000 1.000000 1.017218 1.020380 1.026046 1.020120 1.025381 1.031543 1.031544 1.033302 1.033606 1.036969 1.000000 1.000000 1.000000 1.000000 1.000000 1.007101 1.007999 1.008255 1.010106 1.012574 1.022912 1.023567 1.029372 1.026148 1.029298 1.000000 1.000000 1.000000 1.000000 1.000000 1.034756 1.023570 1.034954 1.013157 1.021595 1.039202 1.035857 1.053208 1.039592 1.038845 1.000000 1.000000 1.000000 1.000000 1.000000 1.009053 1.016562 1.045104 1.012250 1.051982 1.032050 1.039328 1.039638 1.037798 1.015280 1.000000 1.000000 1.000000 1.000000 1.000000 1.027618 1.028615 1.022665 1.030140 1.025085 1.033329 1.030890 1.035866 1.028122 1.051144 1.000000 1.000000 1.000000 1.000000 1.000000 1.015330 1.020745 1.015761 1.017449 1.017575 1.028681 1.029994 1.029209 1.034425 1.041086 1.000000 1.000000 1.000000 1.000000 1.000000 1.015527 1.017917 1.013495 1.016521 1.017209 1.021543 1.019023 1.018692 1.020026 1.017549 1.000000 1.000000 1.000000 1.000000 1.000000 1.021176 1.021634 1.021512 1.027111 1.034329 1.025130 1.032303 1.030717 1.040408 1.030160 1.000000 1.000000 1.000000 1.000000 1.000000 1.014659 1.018275 1.018732 1.017500 1.020994 1.026255 1.028064 1.031802 1.031861 1.035048 
1.000000 1.000000 1.000000 1.000000 1.000000 1.009391 1.009329 1.006205 1.008169 1.007582 1.007938 1.006818 1.007988 1.004978 1.001966 1.000000 1.000000 1.000000 1.000000 1.000000 1.003356 1.004103 1.005092 1.003184 1.002614 1.009254 1.008304 1.007211 1.006014 1.000397 1.000000 1.000000 1.000000 1.000000 1.000000 1.003109 1.006424 1.000047 1.014186 1.008380 1.005357 1.006602 1.001823 1.002160 1.002064 1.000000 1.000000 1.000000 1.000000 1.000000 1.010095 1.009130 0.993586 1.013862 0.998773 1.009595 1.006616 0.996054 0.999007 1.018718 1.000000 1.000000 1.000000 1.000000 1.000000 1.004923 1.002487 1.003417 1.000871 1.008092 1.005837 1.005852 1.007216 1.005279 1.000093 1.000000 1.000000 1.000000 1.000000 1.000000 1.006190 1.005900 1.007557 1.006442 1.001846 1.008587 1.008261 1.005108 1.011188 0.996851 1.000000 1.000000 1.000000 1.000000 1.000000 1.018554 1.016433 1.016287 1.019319 1.018522 1.019178 1.019632 1.019324 1.018927 1.018013 1.000000 1.000000 1.000000 1.000000 1.000000 1.004510 1.003589 1.003931 1.001946 0.997505 1.015658 1.018496 1.013004 1.012173 1.015275 1.000000 1.000000 1.000000 1.000000 1.000000 1.006895 1.005952 1.005523 1.005310 1.003063 1.006242 1.005552 1.004566 1.004207 1.001549 
1.000000 1.000000 1.000000 1.000000 1.000000 1.039731 1.041721 1.038471 1.039445 1.041254 1.048544 1.045489 1.050193 1.041983 1.037035 1.000000 1.000000 1.000000 1.000000 1.000000 1.014951 1.017549 1.020833 1.017022 1.017430 1.044723 1.042407 1.044787 1.038577 1.025857 1.000000 1.000000 1.000000 1.000000 1.000000 1.037879 1.037863 1.030428 1.051102 1.040302 1.048217 1.049162 1.050830 1.039310 1.040504 1.000000 1.000000 1.000000 1.000000 1.000000 1.034010 1.039936 1.021239 1.044916 1.039446 1.053595 1.052091 1.022445 1.028632 1.057916 1.000000 1.000000 1.000000 1.000000 1.000000 1.037778 1.031165 1.028372 1.028469 1.041665 1.044089 1.042546 1.050277 1.039061 1.045559 1.000000 1.000000 1.000000 1.000000 1.000000 1.029758 1.033040 1.032636 1.032174 1.019071 1.048093 1.047638 1.038525 1.060800 1.027152 1.000000 1.000000 1.000000 1.000000 1.000000 1.059344 1.057536 1.051408 1.063396 1.061633 1.067666 1.065972 1.065253 1.064860 1.059870 1.000000 1.000000 1.000000 1.000000 1.000000 1.030395 1.028432 1.029245 1.028723 1.022934 1.063358 1.076702 1.059813 1.065948 1.065269 1.000000 1.000000 1.000000 1.000000 1.000000 1.031150 1.032023 1.031072 1.029628 1.026236 1.039596 1.039255 1.039820 1.038951 1.034383 
1.000000 1.000000 1.000000 1.000000 1.000000 1.067509 1.071835 1.068563 1.068098 1.072611 1.086851 1.082037 1.089917 1.077094 1.070617 1.000000 1.000000 1.000000 1.000000 1.000000 1.025454 1.030030 1.034872 1.029889 1.031448 1.077657 1.074200 1.080011 1.069076 1.050509 1.000000 1.000000 1.000000 1.000000 1.000000 1.070792 1.066330 1.058688 1.083899 1.069430 1.088645 1.089291 1.098266 1.074518 1.076313 1.000000 1.000000 1.000000 1.000000 1.000000 1.055730 1.067257 1.047938 1.073552 1.078934 1.095045 1.094933 1.048702 1.057648 1.096501 1.000000 1.000000 1.000000 1.000000 1.000000 1.067910 1.057960 1.051556 1.054059 1.072983 1.080341 1.077102 1.090782 1.070147 1.089285 1.000000 1.000000 1.000000 1.000000 1.000000 1.051189 1.058127 1.055965 1.055868 1.035487 1.085078 1.084709 1.070090 1.106836 1.056389 1.000000 1.000000 1.000000 1.000000 1.000000 1.098554 1.096207 1.085486 1.104981 1.102464 1.113197 1.109660 1.108727 1.108556 1.099930 1.000000 1.000000 1.000000 1.000000 1.000000 1.054139 1.051306 1.052522 1.053460 1.047008 1.108222 1.132597 1.104721 1.118331 1.113151 1.000000 1.000000 1.000000 1.000000 1.000000 1.053356 1.055806 1.054529 1.051839 1.047638 1.070706 1.070667 1.072883 1.071513 1.065401 
1.000000 1.000000 1.000000 1.000000 1.000000 0.983074 0.982652 0.984624 0.983103 0.983191 0.980117 0.981468 0.979326 0.983046 0.985106 1.000000 1.000000 1.000000 1.000000 1.000000 0.993365 0.992822 0.990362 0.993154 0.993144 0.981235 0.982159 0.981436 0.984126 0.990050 1.000000 1.000000 1.000000 1.000000 1.000000 0.984765 0.983156 0.987320 0.976246 0.982461 0.980087 0.979823 0.979792 0.983887 0.982617 1.000000 1.000000 1.000000 1.000000 1.000000 0.985171 0.981347 0.993264 0.981046 0.987267 0.977782 0.977542 0.993008 0.989811 0.980878 1.000000 1.000000 1.000000 1.000000 1.000000 0.983478 0.987443 0.988186 0.987888 0.982502 0.982195 0.982456 0.978588 0.982835 0.981382 1.000000 1.000000 1.000000 1.000000 1.000000 0.986750 0.986170 0.986764 0.986201 0.992993 0.980065 0.980473 0.984199 0.973491 0.989390 1.000000 1.000000 1.000000 1.000000 1.000000 0.978706 0.977870 0.982138 0.975738 0.976737 0.973762 0.974570 0.974938 0.975721 0.978014 1.000000 1.000000 1.000000 1.000000 1.000000 0.986803 0.987807 0.987401 0.987671 0.990682 0.974661 0.969621 0.976847 0.975395 0.975182 1.000000 1.000000 1.000000 1.000000 1.000000 0.986630 0.985948 0.986703 0.987165 0.988890 0.983267 0.983373 0.983414 0.983613 0.985727 
1.000000 1.000000 1.000000 1.000000 1.000000 1.011747 1.012257 1.012067 1.011823 1.012798 1.014984 1.014136 1.015580 1.013261 1.012153 1.000000 1.000000 1.000000 1.000000 1.000000 1.004606 1.005156 1.006351 1.005189 1.005412 1.013437 1.012760 1.013832 1.012130 1.008620 1.000000 1.000000 1.000000 1.000000 1.000000 1.012207 1.012206 1.011031 1.014642 1.012600 1.015591 1.015504 1.017207 1.013583 1.014169 1.000000 1.000000 1.000000 1.000000 1.000000 1.009637 1.012178 1.009430 1.012745 1.014194 1.016506 1.016816 1.008275 1.009939 1.014464 1.000000 1.000000 1.000000 1.000000 1.000000 1.012058 1.010450 1.009268 1.010068 1.012711 1.014017 1.013429 1.015910 1.012537 1.015725 1.000000 1.000000 1.000000 1.000000 1.000000 1.009099 1.010366 1.009697 1.009776 1.006360 1.014651 1.014649 1.012478 1.018537 1.009705 1.000000 1.000000 1.000000 1.000000 1.000000 1.015243 1.015464 1.013060 1.016697 1.016269 1.018327 1.017702 1.017446 1.017294 1.015772 1.000000 1.000000 1.000000 1.000000 1.000000 1.009778 1.009270 1.009456 1.009893 1.008763 1.017866 1.021302 1.017212 1.019258 1.018556 1.000000 1.000000 1.000000 1.000000 1.000000 1.009259 1.009935 1.009703 1.009232 1.008732 1.012382 1.012540 1.012878 1.012673 1.011730 
1.000000 1.000000 1.000000 1.000000 1.000000 1.019271 1.020402 1.020154 1.020080 1.021077 1.025468 1.024267 1.026424 1.023072 1.022002 1.000000 1.000000 1.000000 1.000000 1.000000 1.007204 1.008453 1.009895 1.008744 1.009193 1.022420 1.021467 1.023736 1.020352 1.015946 1.000000 1.000000 1.000000 1.000000 1.000000 1.021764 1.019666 1.018583 1.024234 1.019634 1.026732 1.026699 1.030292 1.023119 1.024421 1.000000 1.000000 1.000000 1.000000 1.000000 1.015056 1.019897 1.016206 1.018765 1.024341 1.027518 1.028551 1.015965 1.017777 1.024685 1.000000 1.000000 1.000000 1.000000 1.000000 1.021012 1.017799 1.015452 1.016958 1.020602 1.023628 1.023035 1.027017 1.021314 1.028584 1.000000 1.000000 1.000000 1.000000 1.000000 1.014868 1.016800 1.015541 1.016217 1.010313 1.024868 1.024530 1.020769 1.031270 1.018915 1.000000 1.000000 1.000000 1.000000 1.000000 1.026112 1.026580 1.022339 1.028440 1.027720 1.031238 1.029519 1.029257 1.029279 1.026543 1.000000 1.000000 1.000000 1.000000 1.000000 1.016218 1.015590 1.015922 1.016545 1.015520 1.030587 1.037101 1.029546 1.033616 1.031469 1.000000 1.000000 1.000000 1.000000 1.000000 1.015512 1.016538 1.016103 1.015454 1.014300 1.020925 1.021056 1.022042 1.021723 1.020447 
1.000000 1.000000 1.000000 1.000000 1.000000 1.021682 1.022821 1.020065 1.021172 1.021832 1.025364 1.023638 1.026233 1.021675 1.018464 1.000000 1.000000 1.000000 1.000000 1.000000 1.008185 1.009566 1.011527 1.008994 1.009126 1.023910 1.022775 1.023427 1.020083 1.012650 1.000000 1.000000 1.000000 1.000000 1.000000 1.019298 1.019967 1.014610 1.028368 1.021895 1.024613 1.025273 1.024784 1.019264 1.019317 1.000000 1.000000 1.000000 1.000000 1.000000 1.019363 1.021672 1.008019 1.026036 1.018205 1.028117 1.026809 1.009863 1.013779 1.033088 1.000000 1.000000 1.000000 1.000000 1.000000 1.019539 1.015579 1.014656 1.013989 1.022827 1.022790 1.021939 1.026264 1.020311 1.021657 1.000000 1.000000 1.000000 1.000000 1.000000 1.016187 1.017610 1.017879 1.017335 1.009669 1.025371 1.025167 1.019745 1.032419 1.012543 1.000000 1.000000 1.000000 1.000000 1.000000 1.033627 1.032047 1.029225 1.035749 1.034688 1.037700 1.037202 1.036686 1.036359 1.033787 1.000000 1.000000 1.000000 1.000000 1.000000 1.015913 1.014648 1.015159 1.014391 1.010449 1.034409 1.041871 1.032178 1.034897 1.035297 1.000000 1.000000 1.000000 1.000000 1.000000 1.016872 1.017046 1.016417 1.015647 1.013446 1.020752 1.020381 1.020375 1.019903 1.016984 
1.000000 1.000000 1.000000 1.000000 1.000000 1.005709 1.006275 1.005941 1.005924 1.006348 1.007794 1.007469 1.008215 1.007493 1.007347 1.000000 1.000000 1.000000 1.000000 1.000000 1.002446 1.002459 1.003405 1.002473 1.002836 1.006668 1.006750 1.007295 1.006303 1.005274 1.000000 1.000000 1.000000 1.000000 1.000000 1.007183 1.006564 1.006571 1.007151 1.006739 1.008725 1.008291 1.010206 1.007663 1.007603 1.000000 1.000000 1.000000 1.000000 1.000000 1.004730 1.006314 1.005489 1.006477 1.007204 1.008496 1.009630 1.005394 1.006316 1.004835 1.000000 1.000000 1.000000 1.000000 1.000000 1.006746 1.005671 1.005159 1.006074 1.007300 1.007588 1.007220 1.008981 1.007138 1.009485 1.000000 1.000000 1.000000 1.000000 1.000000 1.004985 1.005480 1.004732 1.005165 1.003292 1.007555 1.007692 1.006595 1.010256 1.006862 1.000000 1.000000 1.000000 1.000000 1.000000 1.005543 1.006175 1.004599 1.006548 1.006350 1.007488 1.007305 1.007155 1.006886 1.006160 1.000000 1.000000 1.000000 1.000000 1.000000 1.005405 1.005106 1.005215 1.005809 1.005815 1.007840 1.010126 1.008033 1.009269 1.008117 1.000000 1.000000 1.000000 1.000000 1.000000 1.004618 1.005266 1.005029 1.004772 1.004811 1.006722 1.006886 1.007177 1.007220 1.007027 
1.000000 1.000000 1.000000 1.000000 1.000000 1.004818 1.004537 1.003262 1.004456 1.003796 1.004330 1.003766 1.004429 1.002801 1.001460 1.000000 1.000000 1.000000 1.000000 1.000000 1.001800 1.001983 1.002833 1.001629 1.001298 1.004925 1.004364 1.004002 1.003350 1.000417 1.000000 1.000000 1.000000 1.000000 1.000000 1.001943 1.003983 1.000995 1.007971 1.004438 1.003353 1.003976 1.001686 1.001711 1.002364 1.000000 1.000000 1.000000 1.000000 1.000000 1.004823 1.005501 0.997695 1.005997 0.999427 1.005147 1.004135 0.998148 0.999576 1.006281 1.000000 1.000000 1.000000 1.000000 1.000000 1.003341 1.001758 1.002067 1.001277 1.003860 1.003294 1.003416 1.004217 1.003512 1.001330 1.000000 1.000000 1.000000 1.000000 1.000000 1.003425 1.003111 1.003497 1.003460 1.000832 1.004733 1.004335 1.002885 1.006519 0.999224 1.000000 1.000000 1.000000 1.000000 1.000000 1.007066 1.007062 1.005904 1.008081 1.007609 1.008300 1.008201 1.008123 1.007704 1.007049 1.000000 1.000000 1.000000 1.000000 1.000000 1.002766 1.002340 1.002508 1.001718 0.999595 1.007526 1.008526 1.005977 1.005416 1.006776 1.000000 1.000000 1.000000 1.000000 1.000000 1.003664 1.003481 1.003171 1.003126 1.002004 1.003616 1.003348 1.002894 1.002770 1.001471 
1.000000 1.000000 1.000000 1.000000 1.000000 0.937494 0.934561 0.938645 0.937168 0.934336 0.924476 0.928704 0.921394 0.933232 0.939818 1.000000 1.000000 1.000000 1.000000 1.000000 0.976130 0.972755 0.966667 0.973020 0.972405 0.930531 0.933566 0.929466 0.939094 0.957384 1.000000 1.000000 1.000000 1.000000 1.000000 0.938067 0.938422 0.948415 0.920013 0.935563 0.922964 0.922841 0.918900 0.935202 0.933512 1.000000 1.000000 1.000000 1.000000 1.000000 0.947207 0.935636 0.962182 0.931028 0.935263 0.917802 0.916966 0.961894 0.953075 0.915513 1.000000 1.000000 1.000000 1.000000 1.000000 0.937942 0.948794 0.953700 0.951981 0.933501 0.930579 0.932902 0.919729 0.936475 0.925924 1.000000 1.000000 1.000000 1.000000 1.000000 0.952179 0.947064 0.948957 0.948910 0.969355 0.925264 0.925707 0.938740 0.905148 0.953169 1.000000 1.000000 1.000000 1.000000 1.000000 0.911823 0.912572 0.924167 0.904495 0.907186 0.896941 0.900254 0.902232 0.902625 0.910627 1.000000 1.000000 1.000000 1.000000 1.000000 0.950444 0.953463 0.952174 0.952049 0.959904 0.904082 0.885838 0.909387 0.900562 0.901760 1.000000 1.000000 1.000000 1.000000 1.000000 0.950678 0.948519 0.950246 0.952316 0.957156 0.937348 0.937331 0.936013 0.937133 0.943196 
1.000000 1.000000 1.000000 1.000000 1.000000 0.977728 0.977406 0.981677 0.978593 0.979434 0.976506 0.978505 0.975797 0.981409 0.985582 1.000000 1.000000 1.000000 1.000000 1.000000 0.991738 0.990447 0.987820 0.991420 0.991968 0.976327 0.977918 0.978147 0.981576 0.990971 1.000000 1.000000 1.000000 1.000000 1.000000 0.984271 0.980684 0.989541 0.967875 0.978646 0.978751 0.977308 0.981527 0.984813 0.983808 1.000000 1.000000 1.000000 1.000000 1.000000 0.979139 0.976650 0.999965 0.972999 0.990150 0.973498 0.975697 0.997074 0.992278 0.966747 1.000000 1.000000 1.000000 1.000000 1.000000 0.981705 0.987281 0.987256 0.989298 0.978734 0.980097 0.980246 0.975849 0.981119 0.983977 1.000000 1.000000 1.000000 1.000000 1.000000 0.983733 0.983530 0.982525 0.982959 0.992654 0.975848 0.976637 0.982486 0.968386 0.993333 1.000000 1.000000 1.000000 1.000000 1.000000 0.965125 0.966394 0.970065 0.962106 0.963635 0.960571 0.961153 0.961748 0.962535 0.965323 1.000000 1.000000 1.000000 1.000000 1.000000 0.985186 0.986740 0.986091 0.988188 0.994399 0.964679 0.957960 0.968900 0.968085 0.965443 1.000000 1.000000 1.000000 1.000000 1.000000 0.982769 0.983146 0.984147 0.984649 0.988255 0.980676 0.981426 0.982181 0.982684 0.986722 
1.000000 1.000000 1.000000 1.000000 1.000000 1.002770 1.002526 1.002589 1.002912 1.002730 1.003449 1.003191 1.003623 1.002822 1.002599 1.000000 1.000000 1.000000 1.000000 1.000000 1.001198 1.001067 1.001832 1.001101 1.001042 1.003230 1.002927 1.003231 1.002844 1.001592 1.000000 1.000000 1.000000 1.000000 1.000000 1.002528 1.003460 1.002950 1.004482 1.003124 1.003723 1.003739 1.003888 1.003274 1.004220 1.000000 1.000000 1.000000 1.000000 1.000000 1.002151 1.003813 1.002087 1.002263 1.002167 1.003965 1.004350 1.000968 1.001520 0.999900 1.000000 1.000000 1.000000 1.000000 1.000000 1.003272 1.002452 1.002191 1.002702 1.002523 1.003126 1.003192 1.003875 1.003431 1.004004 1.000000 1.000000 1.000000 1.000000 1.000000 1.002369 1.002366 1.001857 1.002358 1.001090 1.003482 1.003255 1.002911 1.004916 1.002020 1.000000 1.000000 1.000000 1.000000 1.000000 1.001045 1.002188 1.000511 1.002111 1.001897 1.002704 1.002333 1.002345 1.001985 1.001460 1.000000 1.000000 1.000000 1.000000 1.000000 1.002555 1.002421 1.002467 1.002657 1.002196 1.003562 1.003812 1.002999 1.003003 1.002998 1.000000 1.000000 1.000000 1.000000 1.000000 1.002253 1.002658 1.002477 1.002442 1.002248 1.003058 1.003155 1.003140 1.003150 1.002856 
1.000000 1.000000 1.000000 1.000000 1.000000 0.976567 0.975004 0.975100 0.975379 0.974065 0.968791 0.970100 0.967449 0.971071 0.972034 1.000000 1.000000 1.000000 1.000000 1.000000 0.991061 0.989772 0.987750 0.989300 0.988569 0.972768 0.973599 0.970748 0.974870 0.979578 1.000000 1.000000 1.000000 1.000000 1.000000 0.972246 0.975340 0.975808 0.970914 0.975517 0.966513 0.967031 0.961821 0.970750 0.969447 1.000000 1.000000 1.000000 1.000000 1.000000 0.981857 0.975499 0.978340 0.977256 0.968940 0.966540 0.964434 0.978866 0.976784 0.972000 1.000000 1.000000 1.000000 1.000000 1.000000 0.973508 0.977426 0.980420 0.977966 0.974056 0.970632 0.971489 0.966351 0.973112 0.963850 1.000000 1.000000 1.000000 1.000000 1.000000 0.981471 0.979040 0.981032 0.979950 0.986986 0.969582 0.969824 0.974277 0.961435 0.974855 1.000000 1.000000 1.000000 1.000000 1.000000 0.970007 0.968910 0.974466 0.966976 0.967787 0.963331 0.965428 0.965886 0.965878 0.969199 1.000000 1.000000 1.000000 1.000000 1.000000 0.979566 0.980325 0.979924 0.978700 0.979326 0.963888 0.956251 0.964796 0.959743 0.962798 1.000000 1.000000 1.000000 1.000000 1.000000 0.981041 0.979463 0.980040 0.980847 0.981893 0.974038 0.973721 0.972348 0.972639 0.973839 
1.000000 1.000000 1.000000 1.000000 1.000000 1.009999 1.010274 1.006967 1.008348 1.008690 1.008665 1.007470 1.008749 1.005749 1.002495 1.000000 1.000000 1.000000 1.000000 1.000000 1.003776 1.004501 1.005521 1.003436 1.003053 1.009799 1.009000 1.007741 1.006694 1.000868 1.000000 1.000000 1.000000 1.000000 1.000000 1.003661 1.007002 1.000619 1.013787 1.009754 1.006132 1.007053 1.002964 1.003205 1.002151 1.000000 1.000000 1.000000 1.000000 1.000000 1.011121 1.009049 0.994396 1.016529 1.000402 1.010649 1.007567 0.996760 1.000205 1.021349 1.000000 1.000000 1.000000 1.000000 1.000000 1.004828 1.002992 1.004067 1.001397 1.009812 1.006784 1.006415 1.008118 1.005517 1.000242 1.000000 1.000000 1.000000 1.000000 1.000000 1.006707 1.006844 1.008701 1.006974 1.002785 1.009076 1.009281 1.006105 1.011683 0.996872 1.000000 1.000000 1.000000 1.000000 1.000000 1.020342 1.017351 1.018148 1.020633 1.019946 1.020384 1.021459 1.020979 1.020654 1.019961 1.000000 1.000000 1.000000 1.000000 1.000000 1.004993 1.003934 1.004263 1.002463 0.997976 1.016157 1.019564 1.014082 1.013567 1.016667 1.000000 1.000000 1.000000 1.000000 1.000000 1.007170 1.006222 1.005896 1.005496 1.003647 1.006777 1.006182 1.005130 1.004754 1.002168 
1.000000 1.000000 1.000000 1.000000 1.000000 0.988497 0.988070 0.990576 0.989171 0.989177 0.987856 0.988913 0.987529 0.990297 0.992497 1.000000 1.000000 1.000000 1.000000 1.000000 0.995665 0.994983 0.993690 0.995604 0.995770 0.987840 0.988512 0.988764 0.990502 0.995242 1.000000 1.000000 1.000000 1.000000 1.000000 0.991886 0.990230 0.994874 0.983964 0.988690 0.989075 0.988488 0.990279 0.992070 0.992146 1.000000 1.000000 1.000000 1.000000 1.000000 0.988864 0.988406 1.000333 0.984849 0.994833 0.986113 0.987349 0.998366 0.995660 0.981305 1.000000 1.000000 1.000000 1.000000 1.000000 0.990991 0.993613 0.993418 0.994668 0.988356 0.989671 0.989856 0.987472 0.990542 0.992091 1.000000 1.000000 1.000000 1.000000 1.000000 0.991576 0.991345 0.990624 0.991177 0.995987 0.987652 0.987767 0.990827 0.983837 0.996764 1.000000 1.000000 1.000000 1.000000 1.000000 0.981025 0.982305 0.983500 0.979819 0.980550 0.979197 0.979113 0.979490 0.979851 0.981116 1.000000 1.000000 1.000000 1.000000 1.000000 0.992443 0.993319 0.992984 0.994063 0.997258 0.981824 0.977810 0.983657 0.983112 0.981775 1.000000 1.000000 1.000000 1.000000 1.000000 0.991197 0.991476 0.991954 0.992297 0.994003 0.990083 0.990469 0.990903 0.991156 0.993183 
1.000000 1.000000 1.000000 1.000000 1.000000 1.032547 1.035006 1.033276 1.032534 1.035310 1.041235 1.039029 1.042683 1.036838 1.033455 1.000000 1.000000 1.000000 1.000000 1.000000 1.012103 1.014662 1.016335 1.014552 1.015336 1.036969 1.035459 1.038003 1.032877 1.024285 1.000000 1.000000 1.000000 1.000000 1.000000 1.033989 1.030985 1.027270 1.038892 1.033198 1.041772 1.042003 1.045943 1.035102 1.034696 1.000000 1.000000 1.000000 1.000000 1.000000 1.027188 1.031031 1.022650 1.036774 1.039208 1.044797 1.044093 1.024012 1.028119 1.052076 1.000000 1.000000 1.000000 1.000000 1.000000 1.031729 1.027625 1.024590 1.025124 1.035610 1.038253 1.036402 1.042739 1.032634 1.040959 1.000000 1.000000 1.000000 1.000000 1.000000 1.024240 1.028010 1.027627 1.026671 1.017570 1.040311 1.040510 1.033288 1.049696 1.026463 1.000000 1.000000 1.000000 1.000000 1.000000 1.051610 1.048755 1.045309 1.053608 1.052551 1.057210 1.055863 1.055136 1.055615 1.051742 1.000000 1.000000 1.000000 1.000000 1.000000 1.025518 1.024141 1.024732 1.024921 1.021786 1.052753 1.064552 1.051374 1.058156 1.056114 1.000000 1.000000 1.000000 1.000000 1.000000 1.025552 1.026273 1.025846 1.024472 1.022455 1.033332 1.033233 1.034337 1.033558 1.030641 
1.000000 1.000000 1.000000 1.000000 1.000000 0.973542 0.972995 0.976276 0.974205 0.974266 0.970792 0.972959 0.969911 0.976211 0.980752 1.000000 1.000000 1.000000 1.000000 1.000000 0.990478 0.988420 0.986408 0.989086 0.989621 0.971424 0.973512 0.972919 0.976879 0.987091 1.000000 1.000000 1.000000 1.000000 1.000000 0.979181 0.976897 0.985139 0.964192 0.974952 0.972911 0.971250 0.974869 0.979527 0.978485 1.000000 1.000000 1.000000 1.000000 1.000000 0.976483 0.973480 0.993900 0.969754 0.980975 0.967812 0.970628 0.991852 0.987461 0.957288 1.000000 1.000000 1.000000 1.000000 1.000000 0.977415 0.982651 0.983747 0.985611 0.974881 0.974578 0.975154 0.970635 0.977077 0.977790 1.000000 1.000000 1.000000 1.000000 1.000000 0.981175 0.979805 0.978782 0.979700 0.989511 0.970329 0.971201 0.977772 0.962937 0.988992 1.000000 1.000000 1.000000 1.000000 1.000000 0.956384 0.958566 0.962165 0.953771 0.955252 0.951609 0.952842 0.953541 0.953666 0.957020 1.000000 1.000000 1.000000 1.000000 1.000000 0.981913 0.983384 0.982727 0.984685 0.990815 0.956805 0.949333 0.961047 0.958738 0.956497 1.000000 1.000000 1.000000 1.000000 1.000000 0.979473 0.979890 0.980653 0.981348 0.985083 0.976362 0.977069 0.977364 0.978137 0.982347 
1.000000 1.000000 1.000000 1.000000 1.000000 1.000745 1.000604 0.999312 1.000253 0.999895 0.999557 0.999301 0.999428 0.998844 0.998155 1.000000 1.000000 1.000000 1.000000 1.000000 1.000304 1.000271 1.000662 0.999870 0.999648 1.000334 1.000210 0.999571 0.999488 0.998248 1.000000 1.000000 1.000000 1.000000 1.000000 0.998312 0.999836 0.997648 1.002143 1.000502 0.998613 0.998902 0.997262 0.998176 0.998133 1.000000 1.000000 1.000000 1.000000 1.000000 1.001653 1.000891 0.995204 1.002482 0.995574 1.000117 0.999348 0.996324 0.997263 1.002108 1.000000 1.000000 1.000000 1.000000 1.000000 0.999161 0.998449 0.999205 0.998220 1.000336 0.998937 0.999212 0.999425 0.999311 0.996889 1.000000 1.000000 1.000000 1.000000 1.000000 1.000413 0.999872 1.000494 1.000220 0.999100 0.999766 0.999758 0.999296 1.000236 0.996662 1.000000 1.000000 1.000000 1.000000 1.000000 1.002154 1.001664 1.001868 1.002362 1.002132 1.001969 1.002391 1.002323 1.002026 1.002048 1.000000 1.000000 1.000000 1.000000 1.000000 0.999596 0.999315 0.999401 0.998664 0.997297 1.001100 1.001562 1.000322 0.999403 1.000632 1.000000 1.000000 1.000000 1.000000 1.000000 1.000409 1.000039 0.999856 0.999883 0.999250 0.999609 0.999382 0.998885 0.998871 0.998214 
1.000000 1.000000 1.000000 1.000000 1.000000 0.991701 0.992027 0.994849 0.992445 0.993610 0.992826 0.993812 0.992707 0.995463 0.997756 1.000000 1.000000 1.000000 1.000000 1.000000 0.996903 0.996584 0.995073 0.997338 0.997894 0.991679 0.992501 0.993325 0.994563 0.999488 1.000000 1.000000 1.000000 1.000000 1.000000 0.997033 0.993555 0.999259 0.986065 0.992450 0.994723 0.993705 0.997649 0.997541 0.996700 1.000000 1.000000 1.000000 1.000000 1.000000 0.991282 0.990650 1.005837 0.988882 1.002649 0.991258 0.992923 1.004002 1.001316 0.988160 1.000000 1.000000 1.000000 1.000000 1.000000 0.994656 0.997647 0.996799 0.998516 0.993098 0.994798 0.994451 0.992824 0.994335 0.998462 1.000000 1.000000 1.000000 1.000000 1.000000 0.994075 0.994834 0.993926 0.994090 0.998939 0.992175 0.992731 0.995286 0.988950 1.001979 1.000000 1.000000 1.000000 1.000000 1.000000 0.986988 0.987372 0.989030 0.985331 0.986191 0.985165 0.985114 0.985306 0.986065 0.987110 1.000000 1.000000 1.000000 1.000000 1.000000 0.995513 0.996339 0.996016 0.997618 1.001482 0.986993 0.984682 0.989715 0.990762 0.988291 1.000000 1.000000 1.000000 1.000000 1.000000 0.993717 0.994195 0.994806 0.994873 0.996979 0.994031 0.994570 0.995449 0.995634 0.997917 
1.000000 1.000000 1.000000 1.000000 1.000000 1.034451 1.036627 1.034459 1.034634 1.036707 1.043464 1.041028 1.045051 1.038585 1.035125 1.000000 1.000000 1.000000 1.000000 1.000000 1.013058 1.015263 1.017998 1.015075 1.015786 1.039200 1.037570 1.040193 1.034639 1.025023 1.000000 1.000000 1.000000 1.000000 1.000000 1.035474 1.033695 1.029128 1.043186 1.035498 1.044264 1.044518 1.048329 1.037002 1.037657 1.000000 1.000000 1.000000 1.000000 1.000000 1.028864 1.034529 1.022646 1.038233 1.038318 1.047572 1.047570 1.023528 1.028327 1.049075 1.000000 1.000000 1.000000 1.000000 1.000000 1.034322 1.028910 1.025971 1.026999 1.037362 1.040100 1.038544 1.045671 1.035426 1.043776 1.000000 1.000000 1.000000 1.000000 1.000000 1.026232 1.029495 1.028524 1.028425 1.017660 1.042718 1.042570 1.035009 1.053952 1.027767 1.000000 1.000000 1.000000 1.000000 1.000000 1.050240 1.049021 1.043537 1.053649 1.052299 1.057720 1.056080 1.055419 1.055263 1.050919 1.000000 1.000000 1.000000 1.000000 1.000000 1.027428 1.025865 1.026530 1.026812 1.023149 1.054559 1.066694 1.052506 1.058850 1.056767 1.000000 1.000000 1.000000 1.000000 1.000000 1.027195 1.028362 1.027597 1.026273 1.023947 1.035574 1.035508 1.036477 1.035816 1.032571 
1.000000 1.000000 1.000000 1.000000 1.000000 1.027530 1.028080 1.023934 1.026758 1.026169 1.030419 1.027972 1.031186 1.024373 1.019455 1.000000 1.000000 1.000000 1.000000 1.000000 1.009888 1.012007 1.014288 1.011106 1.010545 1.029940 1.027678 1.028121 1.023783 1.012631 1.000000 1.000000 1.000000 1.000000 1.000000 1.020897 1.023700 1.014242 1.038458 1.025793 1.027723 1.029753 1.025364 1.020189 1.021846 1.000000 1.000000 1.000000 1.000000 1.000000 1.024787 1.027913 1.003806 1.031687 1.016952 1.034063 1.030429 1.006834 1.011888 1.043870 1.000000 1.000000 1.000000 1.000000 1.000000 1.023133 1.017099 1.016321 1.014058 1.025837 1.025943 1.025703 1.030153 1.023613 1.022257 1.000000 1.000000 1.000000 1.000000 1.000000 1.019605 1.020578 1.021788 1.021104 1.010117 1.031016 1.029895 1.022541 1.039355 1.010371 1.000000 1.000000 1.000000 1.000000 1.000000 1.045153 1.043029 1.039045 1.048192 1.046492 1.050255 1.049072 1.048635 1.048126 1.044579 1.000000 1.000000 1.000000 1.000000 1.000000 1.018457 1.016842 1.017561 1.015199 1.008345 1.045413 1.053893 1.040481 1.042417 1.045082 1.000000 1.000000 1.000000 1.000000 1.000000 1.021373 1.020840 1.019917 1.019224 1.014993 1.024550 1.023621 1.023108 1.022323 1.017574 
1.000000 1.000000 1.000000 1.000000 1.000000 0.975661 0.975115 0.977686 0.975877 0.975838 0.972021 0.973951 0.971059 0.976589 0.980031 1.000000 1.000000 1.000000 1.000000 1.000000 0.990939 0.989482 0.987018 0.989917 0.990163 0.973267 0.974968 0.973961 0.977730 0.986485 1.000000 1.000000 1.000000 1.000000 1.000000 0.979108 0.977277 0.983668 0.966781 0.976052 0.972900 0.971938 0.973315 0.978500 0.976981 1.000000 1.000000 1.000000 1.000000 1.000000 0.978817 0.974575 0.991320 0.973037 0.980841 0.969053 0.970215 0.990426 0.986407 0.966033 1.000000 1.000000 1.000000 1.000000 1.000000 0.977538 0.982603 0.983877 0.984431 0.976057 0.975249 0.975689 0.970992 0.977038 0.975729 1.000000 1.000000 1.000000 1.000000 1.000000 0.981944 0.980721 0.980708 0.980757 0.989887 0.971847 0.972562 0.978142 0.964030 0.986766 1.000000 1.000000 1.000000 1.000000 1.000000 0.964180 0.964657 0.969319 0.960991 0.962343 0.958505 0.959831 0.960403 0.960862 0.964092 1.000000 1.000000 1.000000 1.000000 1.000000 0.982130 0.983441 0.982869 0.983906 0.988664 0.961585 0.954656 0.965066 0.962744 0.961678 1.000000 1.000000 1.000000 1.000000 1.000000 0.980917 0.980631 0.981452 0.982101 0.985020 0.976988 0.977360 0.977404 0.977940 0.981273 
1.000000 1.000000 1.000000 1.000000 1.000000 1.051899 1.055936 1.056754 1.054431 1.058843 1.071832 1.068845 1.074760 1.066709 1.064925 1.000000 1.000000 1.000000 1.000000 1.000000 1.019852 1.023001 1.026747 1.024157 1.026267 1.061501 1.059629 1.066631 1.057585 1.047750 1.000000 1.000000 1.000000 1.000000 1.000000 1.063546 1.055065 1.056058 1.062179 1.054960 1.077341 1.076163 1.090876 1.068371 1.070358 1.000000 1.000000 1.000000 1.000000 1.000000 1.039652 1.052953 1.053381 1.050827 1.075174 1.077088 1.082070 1.051166 1.055570 1.064347 1.000000 1.000000 1.000000 1.000000 1.000000 1.059016 1.051904 1.044640 1.050663 1.058682 1.068365 1.065580 1.077329 1.060424 1.085504 1.000000 1.000000 1.000000 1.000000 1.000000 1.040937 1.047439 1.042850 1.044811 1.030767 1.069437 1.069272 1.059737 1.087205 1.058588 1.000000 1.000000 1.000000 1.000000 1.000000 1.067474 1.069026 1.057921 1.073249 1.071786 1.081455 1.077121 1.076465 1.076708 1.069527 1.000000 1.000000 1.000000 1.000000 1.000000 1.045913 1.044411 1.045169 1.048662 1.048450 1.081543 1.100646 1.081650 1.095088 1.085918 1.000000 1.000000 1.000000 1.000000 1.000000 1.041904 1.045644 1.044761 1.042643 1.041352 1.059121 1.060026 1.063483 1.062782 1.060589 
1.000000 1.000000 1.000000 1.000000 1.000000 1.039467 1.041216 1.036696 1.038763 1.039854 1.046800 1.043572 1.048349 1.039786 1.034208 1.000000 1.000000 1.000000 1.000000 1.000000 1.014952 1.017324 1.021145 1.016397 1.016585 1.043929 1.041605 1.043198 1.037054 1.023295 1.000000 1.000000 1.000000 1.000000 1.000000 1.035319 1.037026 1.027580 1.052336 1.039943 1.045666 1.046902 1.046567 1.036196 1.037416 1.000000 1.000000 1.000000 1.000000 1.000000 1.034797 1.040201 1.015886 1.046117 1.033544 1.052202 1.050056 1.018062 1.025126 1.057006 1.000000 1.000000 1.000000 1.000000 1.000000 1.036264 1.028880 1.026956 1.026249 1.041014 1.041935 1.040666 1.048456 1.037712 1.041248 1.000000 1.000000 1.000000 1.000000 1.000000 1.029601 1.032116 1.032161 1.031676 1.017556 1.046729 1.046148 1.036614 1.059949 1.023408 1.000000 1.000000 1.000000 1.000000 1.000000 1.058823 1.057017 1.050815 1.063279 1.061290 1.067130 1.065865 1.065126 1.064288 1.059394 1.000000 1.000000 1.000000 1.000000 1.000000 1.029387 1.027166 1.028059 1.026896 1.019865 1.062460 1.075759 1.058143 1.063028 1.063548 1.000000 1.000000 1.000000 1.000000 1.000000 1.030813 1.031426 1.030245 1.028885 1.024947 1.038324 1.037756 1.037787 1.036962 1.031762 
1.000000 1.000000 1.000000 1.000000 1.000000 0.974575 0.972786 0.973306 0.974155 0.971790 0.967056 0.968629 0.965618 0.969759 0.971619 1.000000 1.000000 1.000000 1.000000 1.000000 0.990007 0.988768 0.986400 0.988588 0.987756 0.970939 0.971803 0.969384 0.973291 0.979422 1.000000 1.000000 1.000000 1.000000 1.000000 0.971469 0.973474 0.974834 0.969467 0.972450 0.965028 0.965716 0.960710 0.969411 0.969226 1.000000 1.000000 1.000000 1.000000 1.000000 0.979252 0.974171 0.977775 0.972077 0.966978 0.964288 0.962761 0.978939 0.975743 0.967369 1.000000 1.000000 1.000000 1.000000 1.000000 0.973024 0.976397 0.979104 0.977018 0.970984 0.968726 0.970221 0.964518 0.972099 0.964093 1.000000 1.000000 1.000000 1.000000 1.000000 0.979975 0.977007 0.978634 0.978458 0.985511 0.967936 0.967633 0.972514 0.959444 0.975743 1.000000 1.000000 1.000000 1.000000 1.000000 0.966249 0.966225 0.970871 0.963542 0.964321 0.959968 0.961215 0.961950 0.961991 0.965160 1.000000 1.000000 1.000000 1.000000 1.000000 0.978293 0.979361 0.978941 0.977647 0.979083 0.961601 0.953407 0.962196 0.957060 0.959536 1.000000 1.000000 1.000000 1.000000 1.000000 0.979834 0.978281 0.978777 0.979853 0.980607 0.972626 0.972234 0.971145 0.971514 0.973076 
1.000000 1.000000 1.000000 1.000000 1.000000 1.003249 1.003373 1.004086 1.003444 1.004078 1.004686 1.004515 1.004829 1.004247 1.004167 1.000000 1.000000 1.000000 1.000000 1.000000 1.001121 1.001499 1.001376 1.001724 1.001785 1.003928 1.003577 1.004298 1.003849 1.003216 1.000000 1.000000 1.000000 1.000000 1.000000 1.004085 1.003402 1.003909 1.003272 1.003224 1.005012 1.004994 1.006071 1.004840 1.005205 1.000000 1.000000 1.000000 1.000000 1.000000 1.002094 1.002953 1.004894 1.002523 1.006674 1.004964 1.004958 1.003934 1.003835 1.005160 1.000000 1.000000 1.000000 1.000000 1.000000 1.003669 1.003723 1.002919 1.003340 1.003203 1.004481 1.004286 1.004647 1.003615 1.005729 1.000000 1.000000 1.000000 1.000000 1.000000 1.002260 1.003024 1.002776 1.002681 1.002360 1.004422 1.004418 1.004086 1.004860 1.003713 1.000000 1.000000 1.000000 1.000000 1.000000 1.005066 1.004941 1.004464 1.005137 1.005132 1.005735 1.005258 1.005217 1.005493 1.005017 1.000000 1.000000 1.000000 1.000000 1.000000 1.002854 1.002883 1.002883 1.003165 1.003306 1.005556 1.006242 1.005533 1.006585 1.006127 1.000000 1.000000 1.000000 1.000000 1.000000 1.002594 1.002775 1.002878 1.002731 1.002742 1.003667 1.003787 1.004115 1.003980 1.003971 
1.000000 1.000000 1.000000 1.000000 1.000000 1.005131 1.006190 1.007240 1.006060 1.007358 1.009467 1.009455 1.010044 1.010285 1.011572 1.000000 1.000000 1.000000 1.000000 1.000000 1.002352 1.002263 1.002971 1.002764 1.003623 1.006843 1.007337 1.008947 1.007793 1.008954 1.000000 1.000000 1.000000 1.000000 1.000000 1.010619 1.007518 1.010664 1.004781 1.006954 1.012074 1.010782 1.016540 1.012137 1.012040 1.000000 1.000000 1.000000 1.000000 1.000000 1.003038 1.005716 1.012399 1.004163 1.013505 1.009944 1.012941 1.011362 1.011249 1.001539 1.000000 1.000000 1.000000 1.000000 1.000000 1.008722 1.008339 1.006911 1.009414 1.008204 1.009932 1.009426 1.011496 1.009068 1.015970 1.000000 1.000000 1.000000 1.000000 1.000000 1.005137 1.006298 1.004499 1.005486 1.004816 1.008591 1.009062 1.008837 1.011362 1.012916 1.000000 1.000000 1.000000 1.000000 1.000000 1.002300 1.003762 1.001744 1.003200 1.003299 1.004748 1.004170 1.004063 1.004054 1.003300 1.000000 1.000000 1.000000 1.000000 1.000000 1.006696 1.006699 1.006703 1.008504 1.010715 1.006447 1.009137 1.008077 1.010733 1.007406 1.000000 1.000000 1.000000 1.000000 1.000000 1.004456 1.005788 1.005696 1.005355 1.006427 1.008192 1.008767 1.009802 1.009980 1.011025 
1.000000 1.000000 1.000000 1.000000 1.000000 1.014943 1.016081 1.015533 1.015502 1.016395 1.019837 1.018934 1.020656 1.018302 1.017557 1.000000 1.000000 1.000000 1.000000 1.000000 1.005771 1.006553 1.007938 1.006687 1.007212 1.017347 1.016916 1.018513 1.015866 1.012724 1.000000 1.000000 1.000000 1.000000 1.000000 1.017335 1.015527 1.014804 1.018646 1.015782 1.021105 1.020793 1.024110 1.018244 1.018718 1.000000 1.000000 1.000000 1.000000 1.000000 1.011979 1.015507 1.012564 1.015490 1.018651 1.021477 1.022749 1.012793 1.014482 1.018389 1.000000 1.000000 1.000000 1.000000 1.000000 1.016460 1.013895 1.012274 1.013604 1.016919 1.018620 1.018012 1.021509 1.016893 1.022513 1.000000 1.000000 1.000000 1.000000 1.000000 1.011880 1.013324 1.012224 1.012793 1.008130 1.019326 1.019278 1.016282 1.024776 1.015397 1.000000 1.000000 1.000000 1.000000 1.000000 1.019468 1.019866 1.016649 1.021329 1.020789 1.023481 1.022460 1.022184 1.022066 1.020049 1.000000 1.000000 1.000000 1.000000 1.000000 1.012854 1.012271 1.012546 1.013221 1.012607 1.023034 1.028555 1.022623 1.025844 1.023847 1.000000 1.000000 1.000000 1.000000 1.000000 1.012025 1.012962 1.012556 1.011999 1.011322 1.016476 1.016622 1.017377 1.017216 1.016330 
1.000000 1.000000 1.000000 1.000000 1.000000 1.007592 1.009061 1.009270 1.008046 1.009605 1.011454 1.011245 1.011971 1.011692 1.011964 1.000000 1.000000 1.000000 1.000000 1.000000 1.002910 1.003576 1.003573 1.003841 1.004605 1.009124 1.009430 1.010666 1.009203 1.009356 1.000000 1.000000 1.000000 1.000000 1.000000 1.011634 1.007987 1.009671 1.006987 1.008460 1.012929 1.012173 1.016371 1.011884 1.010691 1.000000 1.000000 1.000000 1.000000 1.000000 1.005712 1.006522 1.010623 1.008391 1.014962 1.011900 1.013231 1.011509 1.011724 1.012811 1.000000 1.000000 1.000000 1.000000 1.000000 1.009162 1.008839 1.007528 1.008671 1.010438 1.011446 1.010631 1.012610 1.009374 1.014846 1.000000 1.000000 1.000000 1.000000 1.000000 1.006150 1.007715 1.007041 1.006921 1.005790 1.010707 1.011256 1.009819 1.013001 1.011944 1.000000 1.000000 1.000000 1.000000 1.000000 1.011984 1.011054 1.010774 1.011867 1.011918 1.013025 1.012718 1.012451 1.012961 1.012167 1.000000 1.000000 1.000000 1.000000 1.000000 1.007213 1.007051 1.007143 1.008098 1.009269 1.012092 1.016078 1.013385 1.016548 1.014023 1.000000 1.000000 1.000000 1.000000 1.000000 1.006155 1.006713 1.006745 1.006272 1.006668 1.009336 1.009563 1.010485 1.010409 1.010706 
1.000000 1.000000 1.000000 1.000000 1.000000 0.980042 0.980814 0.986314 0.981454 0.983727 0.981645 0.983851 0.981220 0.987606 0.992588 1.000000 1.000000 1.000000 1.000000 1.000000 0.992553 0.991753 0.988365 0.993189 0.994389 0.979598 0.981606 0.982931 0.985830 0.996943 1.000000 1.000000 1.000000 1.000000 1.000000 0.991024 0.983627 0.995578 0.967591 0.981552 0.985387 0.983228 0.991134 0.991560 0.989309 1.000000 1.000000 1.000000 1.000000 1.000000 0.979963 0.977581 1.009193 0.974763 1.001626 0.978202 0.981469 1.006308 1.000564 0.972723 1.000000 1.000000 1.000000 1.000000 1.000000 0.985886 0.992431 0.991146 0.994385 0.983215 0.985910 0.985331 0.981417 0.985219 0.992851 1.000000 1.000000 1.000000 1.000000 1.000000 0.985676 0.986906 0.985290 0.985520 0.996287 0.980348 0.981623 0.987218 0.972970 1.001830 1.000000 1.000000 1.000000 1.000000 1.000000 0.969869 0.970302 0.974648 0.965967 0.967853 0.965110 0.965407 0.965864 0.967421 0.970037 1.000000 1.000000 1.000000 1.000000 1.000000 0.988345 0.990107 0.989409 0.992595 1.000859 0.968787 0.963734 0.974796 0.976448 0.971432 1.000000 1.000000 1.000000 1.000000 1.000000 0.984774 0.985560 0.986855 0.987064 0.991582 0.984745 0.985779 0.987476 0.987937 0.992866 
1.000000 1.000000 1.000000 1.000000 1.000000 0.988573 0.989092 0.993256 0.989856 0.991604 0.990933 0.992330 0.990861 0.994870 0.998576 1.000000 1.000000 1.000000 1.000000 1.000000 0.995953 0.995216 0.993548 0.996365 0.997318 0.988857 0.990163 0.991631 0.993233 1.000516 1.000000 1.000000 1.000000 1.000000 1.000000 0.997166 0.992130 1.000828 0.980928 0.990269 0.994303 0.992469 0.999392 0.998600 0.997755 1.000000 1.000000 1.000000 1.000000 1.000000 0.987719 0.987784 1.010170 0.984224 1.004856 0.988984 0.992294 1.007030 1.003325 0.980182 1.000000 1.000000 1.000000 1.000000 1.000000 0.993789 0.997762 0.996425 0.999584 0.991178 0.993811 0.993413 0.991571 0.993490 1.000633 1.000000 1.000000 1.000000 1.000000 1.000000 0.992366 0.993402 0.991524 0.992269 0.998899 0.989825 0.990694 0.994561 0.986094 1.004938 1.000000 1.000000 1.000000 1.000000 1.000000 0.979210 0.980730 0.982157 0.977429 0.978629 0.977530 0.977366 0.977667 0.978486 0.979843 1.000000 1.000000 1.000000 1.000000 1.000000 0.994685 0.995845 0.995377 0.998122 1.004086 0.981155 0.978120 0.985281 0.986863 0.982734 1.000000 1.000000 1.000000 1.000000 1.000000 0.991482 0.992598 0.993360 0.993436 0.996720 0.992680 0.993621 0.994995 0.995377 0.998931 
1.000000 1.000000 1.000000 1.000000 1.000000 0.938180 0.934075 0.935685 0.936407 0.932204 0.920891 0.924493 0.917512 0.927347 0.931460 1.000000 1.000000 1.000000 1.000000 1.000000 0.976362 0.972853 0.967648 0.972190 0.970601 0.929746 0.931960 0.925883 0.936037 0.950078 1.000000 1.000000 1.000000 1.000000 1.000000 0.930820 0.936821 0.940822 0.924266 0.935299 0.916437 0.917671 0.907235 0.927467 0.925994 1.000000 1.000000 1.000000 1.000000 1.000000 0.950178 0.936903 0.949182 0.935216 0.922513 0.914887 0.911341 0.949650 0.943041 0.918672 1.000000 1.000000 1.000000 1.000000 1.000000 0.933889 0.943485 0.950238 0.945779 0.931438 0.925838 0.928432 0.915205 0.932710 0.914024 1.000000 1.000000 1.000000 1.000000 1.000000 0.951822 0.945350 0.948996 0.948026 0.966264 0.922681 0.922674 0.934798 0.902605 0.940934 1.000000 1.000000 1.000000 1.000000 1.000000 0.915337 0.915158 0.927116 0.908575 0.910692 0.899956 0.904136 0.905976 0.905647 0.913757 1.000000 1.000000 1.000000 1.000000 1.000000 0.947982 0.950393 0.949271 0.947071 0.950710 0.905244 0.886052 0.908166 0.896336 0.901548 1.000000 1.000000 1.000000 1.000000 1.000000 0.950621 0.947399 0.948805 0.951038 0.954157 0.934307 0.933696 0.930868 0.931816 0.935748 
1.000000 1.000000 1.000000 1.000000 1.000000 0.986931 0.985258 0.984730 0.986373 0.984271 0.981527 0.982074 0.980705 0.982003 0.982278 1.000000 1.000000 1.000000 1.000000 1.000000 0.995015 0.993983 0.993655 0.993593 0.992751 0.984612 0.984692 0.982840 0.985034 0.986450 1.000000 1.000000 1.000000 1.000000 1.000000 0.982409 0.986316 0.984799 0.986621 0.985785 0.979711 0.980449 0.975607 0.981699 0.982603 1.000000 1.000000 1.000000 1.000000 1.000000 0.990060 0.988021 0.983860 0.986116 0.977042 0.980603 0.979311 0.983914 0.983219 0.979772 1.000000 1.000000 1.000000 1.000000 1.000000 0.985103 0.985896 0.987993 0.986400 0.983815 0.981858 0.983047 0.980162 0.984794 0.977721 1.000000 1.000000 1.000000 1.000000 1.000000 0.989752 0.987374 0.988372 0.988558 0.990936 0.982395 0.981906 0.984348 0.978689 0.983172 1.000000 1.000000 1.000000 1.000000 1.000000 0.980414 0.981364 0.982641 0.980040 0.980126 0.978050 0.978795 0.979205 0.978582 0.980103 1.000000 1.000000 1.000000 1.000000 1.000000 0.988190 0.988512 0.988352 0.987125 0.986324 0.979368 0.974216 0.978421 0.974130 0.976963 1.000000 1.000000 1.000000 1.000000 1.000000 0.989523 0.988668 0.988655 0.989352 0.989126 0.984902 0.984579 0.983401 0.983628 0.983723 
1.000000 1.000000 1.000000 1.000000 1.000000 1.004518 1.004581 1.003244 1.003805 1.003761 1.003611 1.003103 1.003566 1.002120 1.000409 1.000000 1.000000 1.000000 1.000000 1.000000 1.001376 1.002114 1.001948 1.001699 1.001363 1.004337 1.003757 1.003196 1.002701 1.000005 1.000000 1.000000 1.000000 1.000000 1.000000 1.001231 1.002297 0.999225 1.005970 1.003475 1.001949 1.002796 0.999937 1.000301 0.999823 1.000000 1.000000 1.000000 1.000000 1.000000 1.004798 1.003436 0.996838 1.006778 1.000501 1.004126 1.001903 0.998379 0.999488 1.012976 1.000000 1.000000 1.000000 1.000000 1.000000 1.001677 1.001017 1.001329 0.999611 1.003538 1.002597 1.002431 1.002650 1.001663 0.998884 1.000000 1.000000 1.000000 1.000000 1.000000 1.002462 1.002651 1.003922 1.002829 1.001137 1.003939 1.003801 1.002115 1.004261 0.997764 1.000000 1.000000 1.000000 1.000000 1.000000 1.011992 1.009874 1.010836 1.011625 1.011331 1.011352 1.011578 1.011395 1.011611 1.011263 1.000000 1.000000 1.000000 1.000000 1.000000 1.001638 1.001266 1.001418 1.000197 0.997966 1.008614 1.009940 1.007352 1.007266 1.009019 1.000000 1.000000 1.000000 1.000000 1.000000 1.003223 1.002406 1.002377 1.002245 1.001048 1.002527 1.002091 1.001665 1.001355 0.999966 
1.000000 1.000000 1.000000 1.000000 1.000000 1.062207 1.066204 1.062379 1.062517 1.066482 1.079412 1.074900 1.082270 1.070439 1.064311 1.000000 1.000000 1.000000 1.000000 1.000000 1.023723 1.027586 1.032696 1.027202 1.028654 1.071281 1.068320 1.073233 1.063170 1.045709 1.000000 1.000000 1.000000 1.000000 1.000000 1.064490 1.061335 1.053438 1.078073 1.064567 1.081047 1.081457 1.089377 1.067901 1.069325 1.000000 1.000000 1.000000 1.000000 1.000000 1.052065 1.062553 1.041960 1.069172 1.069824 1.087314 1.087491 1.043074 1.052015 1.086954 1.000000 1.000000 1.000000 1.000000 1.000000 1.062274 1.052608 1.047267 1.049476 1.067851 1.073378 1.070477 1.083559 1.064604 1.080895 1.000000 1.000000 1.000000 1.000000 1.000000 1.047584 1.053544 1.051528 1.051560 1.032147 1.077895 1.077686 1.064107 1.098751 1.050911 1.000000 1.000000 1.000000 1.000000 1.000000 1.089253 1.087431 1.077264 1.095613 1.093185 1.103069 1.100233 1.099265 1.098718 1.090856 1.000000 1.000000 1.000000 1.000000 1.000000 1.049891 1.047065 1.048234 1.049042 1.042650 1.098523 1.121184 1.095189 1.107073 1.102633 1.000000 1.000000 1.000000 1.000000 1.000000 1.049111 1.051467 1.050095 1.047619 1.043715 1.064948 1.064902 1.066670 1.065524 1.059738 
1.000000 1.000000 1.000000 1.000000 1.000000 1.032804 1.034899 1.034002 1.033514 1.035719 1.042670 1.040514 1.044317 1.038467 1.035855 1.000000 1.000000 1.000000 1.000000 1.000000 1.012443 1.014520 1.017007 1.014725 1.015560 1.037832 1.036298 1.039515 1.034152 1.025871 1.000000 1.000000 1.000000 1.000000 1.000000 1.035903 1.033107 1.030566 1.040481 1.034045 1.044375 1.044346 1.049640 1.037897 1.038945 1.000000 1.000000 1.000000 1.000000 1.000000 1.026476 1.033149 1.026256 1.034496 1.040731 1.046254 1.047225 1.025834 1.029656 1.044378 1.000000 1.000000 1.000000 1.000000 1.000000 1.034342 1.029500 1.025954 1.027975 1.035778 1.039857 1.038262 1.045096 1.035263 1.045790 1.000000 1.000000 1.000000 1.000000 1.000000 1.025207 1.028723 1.027070 1.027445 1.017778 1.041744 1.041524 1.034777 1.052435 1.029981 1.000000 1.000000 1.000000 1.000000 1.000000 1.045884 1.045604 1.039607 1.049311 1.048156 1.053714 1.051605 1.051043 1.051047 1.046726 1.000000 1.000000 1.000000 1.000000 1.000000 1.027132 1.025871 1.026440 1.027400 1.025043 1.051806 1.063042 1.050383 1.057204 1.054067 1.000000 1.000000 1.000000 1.000000 1.000000 1.026102 1.027664 1.027025 1.025757 1.024015 1.035008 1.035184 1.036556 1.035961 1.033436 
1.000000 1.000000 1.000000 1.000000 1.000000 1.003603 1.003712 1.003219 1.003568 1.003422 1.004011 1.003730 1.004130 1.003307 1.002691 1.000000 1.000000 1.000000 1.000000 1.000000 1.001247 1.001580 1.001783 1.001498 1.001430 1.003919 1.003649 1.003731 1.003131 1.001818 1.000000 1.000000 1.000000 1.000000 1.000000 1.002938 1.003039 1.001931 1.004943 1.003256 1.003687 1.003981 1.003369 1.002608 1.002755 1.000000 1.000000 1.000000 1.000000 1.000000 1.003151 1.003576 1.000693 1.003931 1.002525 1.004332 1.003884 1.001237 1.001762 1.006086 1.000000 1.000000 1.000000 1.000000 1.000000 1.003134 1.002342 1.002175 1.001888 1.003358 1.003468 1.003402 1.003959 1.003130 1.003050 1.000000 1.000000 1.000000 1.000000 1.000000 1.002533 1.002685 1.002846 1.002766 1.001366 1.004117 1.003928 1.002910 1.005126 1.001680 1.000000 1.000000 1.000000 1.000000 1.000000 1.006201 1.005865 1.005384 1.006536 1.006325 1.006816 1.006588 1.006526 1.006530 1.006051 1.000000 1.000000 1.000000 1.000000 1.000000 1.002417 1.002233 1.002330 1.002013 1.001207 1.006096 1.007207 1.005482 1.005847 1.006094 1.000000 1.000000 1.000000 1.000000 1.000000 1.002824 1.002731 1.002620 1.002539 1.001959 1.003232 1.003093 1.003081 1.002970 1.002358 
1.000000 1.000000 1.000000 1.000000 1.000000 0.956790 0.955072 0.960664 0.957886 0.956776 0.950807 0.954197 0.948911 0.958142 0.964488 1.000000 1.000000 1.000000 1.000000 1.000000 0.983296 0.981243 0.976191 0.982390 0.982366 0.953077 0.955274 0.954301 0.960635 0.975926 1.000000 1.000000 1.000000 1.000000 1.000000 0.962624 0.959179 0.970610 0.942409 0.955498 0.951867 0.951026 0.952456 0.961587 0.961237 1.000000 1.000000 1.000000 1.000000 1.000000 0.961006 0.955347 0.985011 0.947714 0.966343 0.945484 0.946630 0.982776 0.974495 0.939409 1.000000 1.000000 1.000000 1.000000 1.000000 0.960837 0.969305 0.970796 0.971757 0.954526 0.955712 0.957289 0.947832 0.959239 0.958125 1.000000 1.000000 1.000000 1.000000 1.000000 0.967175 0.964814 0.964716 0.965459 0.981306 0.950674 0.950982 0.960977 0.936109 0.976480 1.000000 1.000000 1.000000 1.000000 1.000000 0.937055 0.938756 0.945768 0.931796 0.934046 0.927668 0.928606 0.930061 0.931096 0.936247 1.000000 1.000000 1.000000 1.000000 1.000000 0.967873 0.970576 0.969532 0.970896 0.979271 0.934012 0.920801 0.938846 0.934702 0.933089 1.000000 1.000000 1.000000 1.000000 1.000000 0.966399 0.965678 0.967190 0.968605 0.972961 0.959142 0.959628 0.959932 0.960713 0.966438 
1.000000 1.000000 1.000000 1.000000 1.000000 0.980876 0.980281 0.982510 0.980918 0.980891 0.977489 0.978987 0.976616 0.980723 0.983031 1.000000 1.000000 1.000000 1.000000 1.000000 0.992572 0.991836 0.989274 0.992203 0.992167 0.978812 0.979823 0.978984 0.982051 0.988546 1.000000 1.000000 1.000000 1.000000 1.000000 0.982630 0.981211 0.985808 0.973520 0.980325 0.977508 0.977205 0.977076 0.981783 0.980580 1.000000 1.000000 1.000000 1.000000 1.000000 0.983257 0.979270 0.992304 0.978484 0.985121 0.974926 0.974765 0.991686 0.988200 0.977031 1.000000 1.000000 1.000000 1.000000 1.000000 0.981447 0.985786 0.986666 0.986449 0.980148 0.979835 0.980164 0.975863 0.980781 0.978984 1.000000 1.000000 1.000000 1.000000 1.000000 0.985140 0.984377 0.984918 0.984442 0.991950 0.977474 0.977879 0.982128 0.970284 0.987858 1.000000 1.000000 1.000000 1.000000 1.000000 0.974913 0.974358 0.978801 0.971827 0.972917 0.969661 0.970550 0.970991 0.971730 0.974278 1.000000 1.000000 1.000000 1.000000 1.000000 0.985191 0.986304 0.985846 0.986202 0.989512 0.971053 0.965181 0.973408 0.971583 0.971402 1.000000 1.000000 1.000000 1.000000 1.000000 0.984905 0.984238 0.985043 0.985581 0.987535 0.981148 0.981293 0.981286 0.981538 0.983885 
1.000000 1.000000 1.000000 1.000000 1.000000 0.983202 0.982058 0.983475 0.982829 0.982187 0.978692 0.979792 0.977796 0.980620 0.981789 1.000000 1.000000 1.000000 1.000000 1.000000 0.993402 0.992733 0.990722 0.992812 0.992344 0.980912 0.981345 0.980039 0.982970 0.987075 1.000000 1.000000 1.000000 1.000000 1.000000 0.981854 0.982778 0.984817 0.978126 0.982172 0.977633 0.977964 0.975289 0.981013 0.980527 1.000000 1.000000 1.000000 1.000000 1.000000 0.985871 0.982155 0.988965 0.981548 0.982503 0.976654 0.975350 0.988170 0.985684 0.980069 1.000000 1.000000 1.000000 1.000000 1.000000 0.982185 0.985592 0.986869 0.985793 0.981052 0.980282 0.980787 0.976674 0.981596 0.977137 1.000000 1.000000 1.000000 1.000000 1.000000 0.986530 0.985378 0.986401 0.985766 0.991682 0.979083 0.979122 0.982645 0.972564 0.984762 1.000000 1.000000 1.000000 1.000000 1.000000 0.978550 0.978014 0.981772 0.976138 0.976887 0.973930 0.974790 0.975196 0.975607 0.977814 1.000000 1.000000 1.000000 1.000000 1.000000 0.985942 0.986781 0.986419 0.985995 0.987420 0.974760 0.968723 0.975695 0.972909 0.974350 1.000000 1.000000 1.000000 1.000000 1.000000 0.986562 0.985615 0.986239 0.986814 0.987872 0.982122 0.982048 0.981526 0.981657 0.982966 
1.000000 1.000000 1.000000 1.000000 1.000000 0.991371 0.990391 0.989102 0.990474 0.988979 0.986565 0.986844 0.985929 0.986641 0.986037 1.000000 1.000000 1.000000 1.000000 1.000000 0.996608 0.996128 0.995677 0.995553 0.994880 0.989300 0.989384 0.987434 0.989013 0.989301 1.000000 1.000000 1.000000 1.000000 1.000000 0.986661 0.989724 0.987313 0.991071 0.990242 0.984437 0.985271 0.980261 0.985126 0.984769 1.000000 1.000000 1.000000 1.000000 1.000000 0.994308 0.991284 0.985535 0.992742 0.982079 0.985861 0.983876 0.986943 0.986953 0.990864 1.000000 1.000000 1.000000 1.000000 1.000000 0.988448 0.989026 0.990986 0.988834 0.989236 0.986642 0.987248 0.985163 0.988282 0.981140 1.000000 1.000000 1.000000 1.000000 1.000000 0.992834 0.991131 0.992639 0.992038 0.993451 0.987404 0.987157 0.988161 0.984507 0.985826 1.000000 1.000000 1.000000 1.000000 1.000000 0.990375 0.989596 0.991753 0.989522 0.989540 0.987651 0.988682 0.988837 0.988532 0.989780 1.000000 1.000000 1.000000 1.000000 1.000000 0.991124 0.991164 0.991116 0.989640 0.988173 0.986964 0.983839 0.986104 0.982867 0.985681 1.000000 1.000000 1.000000 1.000000 1.000000 0.992856 0.991740 0.991750 0.992181 0.991640 0.988853 0.988378 0.987266 0.987325 0.986826 
1.000000 1.000000 1.000000 1.000000 1.000000 1.006439 1.006698 1.007448 1.007114 1.007468 1.009284 1.008971 1.009663 1.008640 1.008741 1.000000 1.000000 1.000000 1.000000 1.000000 1.002363 1.002785 1.003191 1.003160 1.003336 1.007835 1.007417 1.008710 1.007506 1.006485 1.000000 1.000000 1.000000 1.000000 1.000000 1.008448 1.007208 1.007902 1.007963 1.006524 1.010240 1.010129 1.012223 1.009357 1.010425 1.000000 1.000000 1.000000 1.000000 1.000000 1.004270 1.006974 1.008261 1.004584 1.010581 1.009819 1.010684 1.007219 1.007275 1.006389 1.000000 1.000000 1.000000 1.000000 1.000000 1.008128 1.007145 1.005834 1.006995 1.006628 1.008783 1.008660 1.009896 1.008072 1.012123 1.000000 1.000000 1.000000 1.000000 1.000000 1.005047 1.005888 1.004983 1.005602 1.003900 1.008964 1.008702 1.007789 1.011060 1.008359 1.000000 1.000000 1.000000 1.000000 1.000000 1.007315 1.008218 1.006072 1.008328 1.008138 1.009634 1.008558 1.008550 1.008642 1.007539 1.000000 1.000000 1.000000 1.000000 1.000000 1.006016 1.005980 1.006048 1.006631 1.006934 1.010232 1.011992 1.009974 1.011695 1.010407 1.000000 1.000000 1.000000 1.000000 1.000000 1.005341 1.005958 1.005859 1.005676 1.005482 1.007660 1.007846 1.008454 1.008356 1.008265 
1.000000 1.000000 1.000000 1.000000 1.000000 0.973506 0.972453 0.975002 0.973831 0.972943 0.968925 0.970937 0.967815 0.973392 0.976921 1.000000 1.000000 1.000000 1.000000 1.000000 0.990013 0.988410 0.985933 0.988842 0.988819 0.970801 0.972362 0.971147 0.975164 0.984024 1.000000 1.000000 1.000000 1.000000 1.000000 0.976003 0.975006 0.980954 0.965337 0.973272 0.969406 0.968774 0.968896 0.975145 0.974426 1.000000 1.000000 1.000000 1.000000 1.000000 0.976926 0.973032 0.988164 0.969660 0.976213 0.965756 0.966673 0.987236 0.982945 0.961610 1.000000 1.000000 1.000000 1.000000 1.000000 0.975351 0.980146 0.981687 0.982006 0.972658 0.971999 0.972866 0.967567 0.974648 0.972149 1.000000 1.000000 1.000000 1.000000 1.000000 0.980191 0.978341 0.978401 0.978808 0.987957 0.969018 0.969354 0.975309 0.960694 0.983867 1.000000 1.000000 1.000000 1.000000 1.000000 0.960391 0.961526 0.965782 0.957480 0.958755 0.954750 0.955846 0.956590 0.956870 0.960178 1.000000 1.000000 1.000000 1.000000 1.000000 0.980117 0.981534 0.980947 0.981638 0.986138 0.958453 0.950401 0.961325 0.958110 0.957623 1.000000 1.000000 1.000000 1.000000 1.000000 0.979285 0.978857 0.979610 0.980469 0.983072 0.974475 0.974738 0.974590 0.975158 0.978392 
1.000000 1.000000 1.000000 1.000000 1.000000 1.009022 1.010215 1.010431 1.009640 1.010792 1.013123 1.012765 1.013712 1.012901 1.013052 1.000000 1.000000 1.000000 1.000000 1.000000 1.003475 1.004075 1.004522 1.004372 1.005013 1.010801 1.010856 1.012270 1.010544 1.009911 1.000000 1.000000 1.000000 1.000000 1.000000 1.012682 1.009736 1.010929 1.009821 1.009822 1.014637 1.014027 1.017934 1.013244 1.012919 1.000000 1.000000 1.000000 1.000000 1.000000 1.006736 1.008767 1.011140 1.009024 1.015300 1.013830 1.015313 1.011455 1.011909 1.012115 1.000000 1.000000 1.000000 1.000000 1.000000 1.010931 1.009916 1.008471 1.009848 1.011298 1.012800 1.012173 1.014438 1.011141 1.016754 1.000000 1.000000 1.000000 1.000000 1.000000 1.007337 1.008729 1.007766 1.008086 1.006031 1.012483 1.012734 1.011092 1.015596 1.012696 1.000000 1.000000 1.000000 1.000000 1.000000 1.012202 1.012146 1.010643 1.012851 1.012727 1.014343 1.013664 1.013457 1.013716 1.012557 1.000000 1.000000 1.000000 1.000000 1.000000 1.008451 1.008235 1.008361 1.009297 1.010085 1.014055 1.018004 1.014752 1.017736 1.015344 1.000000 1.000000 1.000000 1.000000 1.000000 1.007365 1.008117 1.008005 1.007573 1.007680 1.010840 1.011075 1.011961 1.011889 1.011937 
1.000000 1.000000 1.000000 1.000000 1.000000 0.998538 0.998773 1.000087 0.999226 0.999651 1.000182 1.000516 1.000315 1.001252 1.002541 1.000000 1.000000 1.000000 1.000000 1.000000 0.999585 0.999348 0.999231 0.999795 1.000167 0.999083 0.999446 1.000276 1.000300 1.002288 1.000000 1.000000 1.000000 1.000000 1.000000 1.001923 1.000105 1.002904 0.997151 0.999219 1.001664 1.000985 1.003907 1.002641 1.002858 1.000000 1.000000 1.000000 1.000000 1.000000 0.997647 0.998881 1.005364 0.996551 1.004003 0.999809 1.001483 1.004238 1.003239 0.994432 1.000000 1.000000 1.000000 1.000000 1.000000 1.000971 1.001536 1.000811 1.002296 0.999544 1.000883 1.000817 1.000880 1.000906 1.004412 1.000000 1.000000 1.000000 1.000000 1.000000 0.999483 0.999852 0.998822 0.999515 1.000672 0.999768 0.999913 1.000816 0.999723 1.004491 1.000000 1.000000 1.000000 1.000000 1.000000 0.994826 0.996012 0.995335 0.994920 0.995171 0.995421 0.995010 0.995110 0.995220 0.995241 1.000000 1.000000 1.000000 1.000000 1.000000 1.000448 1.000755 1.000650 1.001723 1.003667 0.997081 0.996823 0.998209 0.999119 0.997317 1.000000 1.000000 1.000000 1.000000 1.000000 0.999141 0.999796 0.999895 0.999891 1.000806 1.000342 1.000700 1.001294 1.001445 1.002524 
1.000000 1.000000 1.000000 1.000000 1.000000 1.030317 1.032563 1.031750 1.030952 1.033683 1.040175 1.038208 1.041788 1.036721 1.034802 1.000000 1.000000 1.000000 1.000000 1.000000 1.011851 1.013418 1.016160 1.013590 1.014667 1.035143 1.034085 1.037217 1.032266 1.025208 1.000000 1.000000 1.000000 1.000000 1.000000 1.034379 1.031540 1.029980 1.036856 1.032618 1.042538 1.041823 1.048723 1.037247 1.037806 1.000000 1.000000 1.000000 1.000000 1.000000 1.024623 1.030881 1.026233 1.032866 1.039020 1.043893 1.045912 1.025453 1.029273 1.038661 1.000000 1.000000 1.000000 1.000000 1.000000 1.032428 1.028135 1.024900 1.027424 1.034557 1.037895 1.036307 1.043313 1.033629 1.044676 1.000000 1.000000 1.000000 1.000000 1.000000 1.023910 1.027309 1.025314 1.025804 1.017093 1.038949 1.039227 1.033444 1.049519 1.029637 1.000000 1.000000 1.000000 1.000000 1.000000 1.040150 1.040310 1.034597 1.043490 1.042512 1.047741 1.046157 1.045535 1.045348 1.041476 1.000000 1.000000 1.000000 1.000000 1.000000 1.025924 1.024684 1.025184 1.026686 1.025156 1.046554 1.057526 1.046055 1.052649 1.048971 1.000000 1.000000 1.000000 1.000000 1.000000 1.024133 1.026003 1.025372 1.024086 1.023107 1.033177 1.033592 1.034957 1.034558 1.032739 
1.000000 1.000000 1.000000 1.000000 1.000000 1.039546 1.040818 1.034451 1.037707 1.038116 1.043753 1.040142 1.044978 1.035380 1.027924 1.000000 1.000000 1.000000 1.000000 1.000000 1.014751 1.017393 1.021134 1.015783 1.015373 1.042870 1.040055 1.040190 1.034396 1.018072 1.000000 1.000000 1.000000 1.000000 1.000000 1.030057 1.034648 1.021193 1.053817 1.038897 1.040215 1.042464 1.037228 1.029688 1.030508 1.000000 1.000000 1.000000 1.000000 1.000000 1.036612 1.039566 1.006298 1.049157 1.025241 1.049564 1.044442 1.010105 1.018441 1.063068 1.000000 1.000000 1.000000 1.000000 1.000000 1.032436 1.024677 1.024040 1.020917 1.039347 1.037974 1.036914 1.043915 1.033923 1.031245 1.000000 1.000000 1.000000 1.000000 1.000000 1.028661 1.030490 1.032256 1.030595 1.015503 1.044350 1.043601 1.033044 1.056796 1.014565 1.000000 1.000000 1.000000 1.000000 1.000000 1.064027 1.060279 1.055669 1.067997 1.065725 1.070780 1.070308 1.069486 1.068519 1.063897 1.000000 1.000000 1.000000 1.000000 1.000000 1.026891 1.024303 1.025307 1.022465 1.012644 1.063627 1.076404 1.057654 1.060589 1.064265 1.000000 1.000000 1.000000 1.000000 1.000000 1.030386 1.029871 1.028632 1.027339 1.022167 1.035483 1.034354 1.033396 1.032351 1.025667 
1.000000 1.000000 1.000000 1.000000 1.000000 0.990671 0.991864 0.998246 0.992872 0.996123 0.996712 0.998322 0.997017 1.001677 1.006771 1.000000 1.000000 1.000000 1.000000 1.000000 0.996913 0.996257 0.994382 0.998133 0.999753 0.992336 0.993888 0.997035 0.998195 1.007255 1.000000 1.000000 1.000000 1.000000 1.000000 1.004624 0.996391 1.009195 0.980915 0.993608 1.002414 0.999526 1.011486 1.007653 1.006794 1.000000 1.000000 1.000000 1.000000 1.000000 0.987646 0.989724 1.022632 0.984066 1.017908 0.994613 1.000019 1.017249 1.012436 0.979965 1.000000 1.000000 1.000000 1.000000 1.000000 0.999218 1.004114 1.001084 1.006564 0.995223 1.000415 0.999475 0.998308 0.998937 1.012555 1.000000 1.000000 1.000000 1.000000 1.000000 0.994601 0.997087 0.993686 0.994990 1.002788 0.994760 0.996018 1.000431 0.991645 1.015107 1.000000 1.000000 1.000000 1.000000 1.000000 0.979042 0.981559 0.981992 0.977288 0.978840 0.978638 0.977742 0.978033 0.979297 0.980254 1.000000 1.000000 1.000000 1.000000 1.000000 0.998736 1.000226 0.999639 1.004154 1.012741 0.983817 0.981567 0.989771 0.993661 0.986673 1.000000 1.000000 1.000000 1.000000 1.000000 0.993473 0.995641 0.996651 0.996474 1.001098 0.997523 0.999064 1.001529 1.001972 1.006858 
