NaN NaN NaN NaN NaN NaN NaN NaN NaN NaN NaN NaN NaN NaN NaN NaN NaN NaN NaN NaN NaN NaN NaN NaN NaN NaN NaN NaN NaN NaN NaN NaN NaN NaN NaN NaN NaN NaN NaN NaN NaN NaN NaN NaN NaN NaN NaN NaN NaN NaN NaN NaN NaN NaN NaN NaN NaN NaN NaN NaN NaN NaN NaN NaN NaN NaN NaN NaN NaN NaN NaN NaN NaN NaN NaN NaN NaN NaN NaN NaN NaN NaN NaN NaN NaN NaN NaN NaN NaN NaN NaN NaN NaN NaN NaN NaN NaN NaN NaN NaN NaN NaN NaN NaN NaN NaN NaN NaN NaN NaN NaN NaN NaN NaN NaN NaN NaN NaN NaN NaN NaN NaN NaN NaN NaN NaN NaN NaN NaN NaN NaN NaN NaN NaN NaN 
NaN NaN NaN NaN NaN NaN NaN NaN NaN NaN NaN NaN NaN NaN NaN NaN NaN NaN NaN NaN NaN NaN NaN NaN NaN NaN NaN NaN NaN NaN NaN NaN NaN NaN NaN NaN NaN NaN NaN NaN NaN NaN NaN NaN NaN NaN NaN NaN NaN NaN NaN NaN NaN NaN NaN NaN NaN NaN NaN NaN NaN NaN NaN NaN NaN NaN NaN NaN NaN NaN NaN NaN NaN NaN NaN NaN NaN NaN NaN NaN NaN NaN NaN NaN NaN NaN NaN NaN NaN NaN NaN NaN NaN NaN NaN NaN NaN NaN NaN NaN NaN NaN NaN NaN NaN NaN NaN NaN NaN NaN NaN NaN NaN NaN NaN NaN NaN NaN NaN NaN NaN NaN NaN NaN NaN NaN NaN NaN NaN NaN NaN NaN NaN NaN NaN 
NaN NaN NaN NaN NaN NaN NaN NaN NaN NaN NaN NaN NaN NaN NaN NaN NaN NaN NaN NaN NaN NaN NaN NaN NaN NaN NaN NaN NaN NaN NaN NaN NaN NaN NaN NaN NaN NaN NaN NaN NaN NaN NaN NaN NaN NaN NaN NaN NaN NaN NaN NaN NaN NaN NaN NaN NaN NaN NaN NaN NaN NaN NaN NaN NaN NaN NaN NaN NaN NaN NaN NaN NaN NaN NaN NaN NaN NaN NaN NaN NaN NaN NaN NaN NaN NaN NaN NaN NaN NaN NaN NaN NaN NaN NaN NaN NaN NaN NaN NaN NaN NaN NaN NaN NaN NaN NaN NaN NaN NaN NaN NaN NaN NaN NaN NaN NaN NaN NaN NaN NaN NaN NaN NaN NaN NaN NaN NaN NaN NaN NaN NaN NaN NaN NaN 
NaN NaN NaN NaN NaN NaN NaN NaN NaN NaN NaN NaN NaN NaN NaN NaN NaN NaN NaN NaN NaN NaN NaN NaN NaN NaN NaN NaN NaN NaN NaN NaN NaN NaN NaN NaN NaN NaN NaN NaN NaN NaN NaN NaN NaN NaN NaN NaN NaN NaN NaN NaN NaN NaN NaN NaN NaN NaN NaN NaN NaN NaN NaN NaN NaN NaN NaN NaN NaN NaN NaN NaN NaN NaN NaN NaN NaN NaN NaN NaN NaN NaN NaN NaN NaN NaN NaN NaN NaN NaN NaN NaN NaN NaN NaN NaN NaN NaN NaN NaN NaN NaN NaN NaN NaN NaN NaN NaN NaN NaN NaN NaN NaN NaN NaN NaN NaN NaN NaN NaN NaN NaN NaN NaN NaN NaN NaN NaN NaN NaN NaN NaN NaN NaN NaN 
NaN NaN NaN NaN NaN NaN NaN NaN NaN NaN NaN NaN NaN NaN NaN NaN NaN NaN NaN NaN NaN NaN NaN NaN NaN NaN NaN NaN NaN NaN NaN NaN NaN NaN NaN NaN NaN NaN NaN NaN NaN NaN NaN NaN NaN NaN NaN NaN NaN NaN NaN NaN NaN NaN NaN NaN NaN NaN NaN NaN NaN NaN NaN NaN NaN NaN NaN NaN NaN NaN NaN NaN NaN NaN NaN NaN NaN NaN NaN NaN NaN NaN NaN NaN NaN NaN NaN NaN NaN NaN NaN NaN NaN NaN NaN NaN NaN NaN NaN NaN NaN NaN NaN NaN NaN NaN NaN NaN NaN NaN NaN NaN NaN NaN NaN NaN NaN NaN NaN NaN NaN NaN NaN NaN NaN NaN NaN NaN NaN NaN NaN NaN NaN NaN NaN 
NaN NaN NaN NaN NaN 1.000000000000000 0.327103391901698 0.413341872001104 0.139146571207041 0.172628887270859 0.540032563392921 0.341117391491824 0.455366695589602 0.247674393852154 0.270117993477177 NaN NaN NaN NaN NaN 0.383490548241732 0.362009896599880 0.538429370126424 0.598134255978072 0.046922987281204 0.412599148416899 0.488338820706015 0.225113575656981 0.285103595793620 0.209144043278972 NaN NaN NaN NaN NaN 0.448305809268708 0.519229338271604 0.451508622268118 0.441340057612023 0.216595988092536 0.550899273188780 0.573546729717113 0.533775754410108 0.609614198687174 0.525193802974365 NaN NaN NaN NaN NaN 0.300367598648812 0.487503540686509 0.112065814642569 0.022898847952651 0.162169918020899 0.525728850140067 0.449284616962320 0.437006190101041 0.303533353054233 0.100252317100698 NaN NaN NaN NaN NaN 0.336358694055174 0.411077169546095 0.467244645418542 0.448838254446757 0.407170397358134 0.555269402676904 0.592457753966830 0.459653050731741 0.571181391551868 0.406552165777813 NaN NaN NaN NaN NaN 0.435011892190482 0.253496751442536 0.600222353808604 0.424995370083520 0.033341052369689 0.610661413399613 0.572552197587396 0.617527679457843 0.582286341483127 0.204730748872636 NaN NaN NaN NaN NaN 0.200373351129924 0.298024582219771 0.232230413995361 0.572825307750294 0.503326147868268 0.297250388794743 0.297199818096432 0.461025506622041 0.428639024269829 0.411380694701189 NaN NaN NaN NaN NaN 0.603800124999603 0.607001060277129 0.556030380076755 0.562294425253299 0.560737494303579 0.550040347202873 0.482938179793973 0.466351911974401 0.531642700525854 0.513296122362655 NaN NaN NaN NaN NaN 0.593132470195737 0.614556994509970 0.591046384002682 0.574719943094187 0.540765376402626 0.555836978714519 0.602851364287200 0.606218581194750 0.609927647038629 0.599825336019374 
NaN NaN NaN NaN NaN 0.327103391901698 1.000000000000000 0.344203958194057 0.168003393445308 0.092003099398673 0.490740250872168 0.346156090684300 0.442013847904669 0.219530788856891 0.314614664247941 NaN NaN NaN NaN NaN 0.304576317103574 0.284835838518225 0.569806355990773 0.555116007078144 0.082390015524366 0.270586007568338 0.517041856243176 0.183916777794458 0.239589032141789 0.187466530444338 NaN NaN NaN NaN NaN 0.328145808119404 0.514388497790949 0.481840130688095 0.369206944446383 0.360735390982234 0.578083249339475 0.542651925295931 0.464838075421959 0.447162937583245 0.472127067389681 NaN NaN NaN NaN NaN 0.328822184620452 0.445746088817475 0.278550724386018 0.008568027270705 0.155566289536834 0.423601486308819 0.407400794012151 0.331359033921573 0.336182772152378 0.057218883788229 NaN NaN NaN NaN NaN 0.402503926084373 0.350005804630314 0.355578095350513 0.281686836029731 0.437675290430595 0.490540384790464 0.527554494928905 0.494162823157277 0.549440361401314 0.319349283255930 NaN NaN NaN NaN NaN 0.856712784910839 0.300684482570364 0.442705161994597 0.322312827977101 0.192518667283357 0.672761202791791 0.519460923761847 0.563820774461974 0.462892292819683 0.169548410308485 NaN NaN NaN NaN NaN 0.297101887442196 0.295382159201578 0.399156774061802 0.462951777472196 0.372216511160734 0.233738084314803 0.233710890924178 0.471066354272871 0.309389837190992 0.539171953050882 NaN NaN NaN NaN NaN 0.555058690643731 0.502256281509549 0.499314611363487 0.586254064891831 0.494502745025351 0.503012628687604 0.382107482995981 0.384102183177224 0.559117143603590 0.518766796240983 NaN NaN NaN NaN NaN 0.574576515658132 0.550177310867369 0.517526645903929 0.507268765170844 0.491893362756621 0.501954584920197 0.518520978753771 0.549261124451082 0.540916913376636 0.544350580449519 
NaN NaN NaN NaN NaN 0.413341872001104 0.344203958194057 1.000000000000000 0.204625025934087 0.049891102794347 0.626815896470262 0.275749182622184 0.556597883823962 0.210509251675992 0.311134465288376 NaN NaN NaN NaN NaN 0.443795262069580 0.309555649648973 0.606283663399410 0.621312940600397 0.028637175846643 0.364431296460051 0.512810268640227 0.147567310133654 0.228790773194274 0.114160769073942 NaN NaN NaN NaN NaN 0.703855246142736 0.526531444181784 0.549846053424036 0.306978892580275 0.406548311161877 0.605612174577070 0.673797478756544 0.524840961998552 0.599297279010150 0.502542720070082 NaN NaN NaN NaN NaN 0.350705356081050 0.433250551284128 0.377348925668171 0.004016283942520 0.123959382409000 0.657248598177539 0.480970290492864 0.562710789113608 0.500114955375926 0.018443948092341 NaN NaN NaN NaN NaN 0.453620653610794 0.340550438645982 0.373069387090001 0.540468848677601 0.412612330942352 0.748739452506338 0.614099498667325 0.570762799892711 0.586723035851074 0.427787320986542 NaN NaN NaN NaN NaN 0.561916632282341 0.238682245076146 0.662704449353117 0.632081908561735 0.101936402226862 0.603597879743783 0.603525797883467 0.597590131962747 0.672360188105879 0.167925671707361 NaN NaN NaN NaN NaN 0.281196854384728 0.286916882265142 0.493938527168752 0.410189909128252 0.342574846732489 0.226065080136317 0.226112744188160 0.604063836894367 0.256983734257141 0.534207138391852 NaN NaN NaN NaN NaN 0.655412063538477 0.681483511450173 0.712038964329352 0.574343599574064 0.590540675098921 0.559231645569642 0.688387356673341 0.450809074831307 0.657410327640966 0.571241357809668 NaN NaN NaN NaN NaN 0.579855874102375 0.639514903454229 0.652359533255445 0.582579656214705 0.567295843394203 0.637347398717155 0.657807994699968 0.691291611153634 0.689538467852191 0.642672958082998 
NaN NaN NaN NaN NaN 0.139146571207041 0.168003393445308 0.204625025934087 1.000000000000000 0.111429795000402 0.210379089779810 0.134747891812856 0.198222415605884 0.164735935931879 0.097368165361895 NaN NaN NaN NaN NaN 0.212479125993111 0.091680347376050 0.188965296764138 0.210216269038592 0.003504387116497 0.268341883203267 0.197308235983846 0.163455095441825 0.044837339551823 0.122527265087443 NaN NaN NaN NaN NaN 0.209610599245340 0.192492045208468 0.223173578065956 0.154786307444978 0.100015933863791 0.196390449624786 0.229132216529709 0.188604491889543 0.216500490676739 0.161628913819663 NaN NaN NaN NaN NaN 0.140496808968487 0.194793451923852 0.042552087069304 -0.004175284816572 0.097069900584882 0.244782964896430 0.193059542748606 0.190808241146772 0.156280841114901 -0.084834578235666 NaN NaN NaN NaN NaN 0.211133014598917 0.102919098023105 0.193343793487690 0.191013855887511 0.154328598343571 0.235558633289209 0.228898551528500 0.190212227029867 0.208939585338546 0.240228241688119 NaN NaN NaN NaN NaN 0.217249961959976 0.103765797692587 0.219862123081788 0.229806206327786 0.028048473901491 0.256332687353255 0.240538003352435 0.213233121795363 0.238388749763767 0.028408442569010 NaN NaN NaN NaN NaN 0.173931925491520 0.076279209087750 0.121890429795614 0.170327741188630 0.113723733132848 0.033312546551362 0.033361107652261 0.148270101334901 0.124797168268281 0.158030403805006 NaN NaN NaN NaN NaN 0.235443180540220 0.243588985465724 0.256520596350589 0.233051059900578 0.228372834189940 0.187100005484084 0.209698474441673 0.156930007347367 0.223747991982912 0.204485342842338 NaN NaN NaN NaN NaN 0.214004236297775 0.232855666755701 0.262868575817010 0.243908431821810 0.219203913634347 0.203417837465824 0.223172624536231 0.250736938445249 0.248079655355761 0.245566722141628 
NaN NaN NaN NaN NaN 0.172628887270859 0.092003099398673 0.049891102794347 0.111429795000402 1.000000000000000 0.118659614674200 0.379816095616200 0.064336999843185 0.418361607959290 0.118513117466465 NaN NaN NaN NaN NaN 0.077547205909606 0.091083462367219 0.106346163608354 0.122780861851074 0.046946161313343 0.180231518307828 0.175026662586243 0.858982820119145 0.145941946335326 0.710911957024101 NaN NaN NaN NaN NaN 0.001744315945108 0.091719545620972 0.107506820600844 0.101810673409085 0.048493401018468 0.114092859979835 0.110958709543951 0.155291447302280 0.093729768679380 0.165933767058818 NaN NaN NaN NaN NaN 0.149185389659661 0.100491898336117 -0.046779954304183 -0.022088381305564 0.084332361591085 0.056360150001323 0.015904011998856 0.071315321064295 0.089386163078938 0.019089814583447 NaN NaN NaN NaN NaN 0.038271816860125 0.109176330018412 0.206120664735760 0.042214396258648 0.103138718072244 0.062650528497293 0.095978188329588 0.050183258784164 0.118920584005292 0.135262836376970 NaN NaN NaN NaN NaN 0.095055375065965 0.057778107140540 0.082383116459477 0.058967059763298 0.084182086752866 0.155594366311927 0.142687413331636 0.135368700701794 0.108992051595172 0.049984461133400 NaN NaN NaN NaN NaN 0.011380591085263 -0.010945019078930 -0.025541448661728 0.163506987132040 0.134463448915537 0.026072135985981 0.026017463802231 0.064954434009081 0.214589604218794 0.088265590990279 NaN NaN NaN NaN NaN 0.100348892031484 0.104938091202544 0.111505076355010 0.131349511905243 0.106161987135163 0.127096091046381 0.009435160231953 0.135231310505113 0.126853294421994 0.175306785060863 NaN NaN NaN NaN NaN 0.142874807586358 0.109836191261996 0.122730311251048 0.104136566118983 0.121001753822475 0.104324442373197 0.125904205969791 0.109273585735900 0.109045294780021 0.126387349957885 
NaN NaN NaN NaN NaN 0.540032563392921 0.490740250872168 0.626815896470262 0.210379089779810 0.118659614674200 1.000000000000000 0.574803383054345 0.836115584065750 0.402633180363446 0.468033625427371 NaN NaN NaN NaN NaN 0.623450524745667 0.462894650260228 0.781922378415574 0.799378672892643 0.083796762005150 0.531596731239685 0.841237959688808 0.263450093790000 0.402244030790798 0.190031036591443 NaN NaN NaN NaN NaN 0.728583498505738 0.671753931539420 0.692135336383906 0.516021306581289 0.389748366289377 0.797124073603207 0.822997806955471 0.715699966362744 0.791162494040453 0.710744046307183 NaN NaN NaN NaN NaN 0.456670021474384 0.624909247680969 0.293537333489641 0.018019787325504 0.204832038962544 0.768939712693663 0.597717972340259 0.612608048420639 0.538198043684620 0.048724775794557 NaN NaN NaN NaN NaN 0.459713010403502 0.540317581611340 0.551496001236765 0.621486259273600 0.608154509828403 0.846286473221812 0.814138254488606 0.647419395011373 0.755958221467862 0.524876465529029 NaN NaN NaN NaN NaN 0.671961931152139 0.410205301452380 0.780054291456548 0.686309549542607 0.167675065540450 0.821173213780033 0.790465326388054 0.802579617555497 0.802556526362512 0.273141505028741 NaN NaN NaN NaN NaN 0.310787030436400 0.423456015979009 0.425095777822555 0.670677408865574 0.589492144744825 0.399804116364551 0.399850955909138 0.698152112286984 0.434700376025496 0.674094339324967 NaN NaN NaN NaN NaN 0.828792897002928 0.820678600714882 0.820378495028778 0.763387814283773 0.763517895783906 0.724997297579567 0.751475170902393 0.646837923266088 0.784784605465745 0.736652245031254 NaN NaN NaN NaN NaN 0.777657034835388 0.829873311466359 0.807490791977174 0.762642250149306 0.745120210671270 0.753071773143394 0.804423148161557 0.839421679818595 0.839941263404548 0.815289563455522 
NaN NaN NaN NaN NaN 0.341117391491824 0.346156090684300 0.275749182622184 0.134747891812856 0.379816095616200 0.574803383054345 1.000000000000000 0.384968654556194 0.463426690830847 0.356114780382376 NaN NaN NaN NaN NaN 0.330889270827047 0.337617524260350 0.460055087907830 0.469912275031854 0.601290243578847 0.485251858518877 0.605431276650865 0.462171622549518 0.458699783802870 0.444970365256074 NaN NaN NaN NaN NaN 0.298242030078690 0.382071526736004 0.428547697728634 0.318330211503431 0.229026827156460 0.463332963249796 0.472263391915641 0.440790644708567 0.395756395965095 0.444418204026150 NaN NaN NaN NaN NaN 0.271651940204347 0.386483082926576 0.176257689082344 0.027908077144753 0.119192938370772 0.393138435175390 0.354186065058681 0.273130803155297 0.324390894550787 0.097211289961472 NaN NaN NaN NaN NaN 0.290373873644744 0.379899582577111 0.366931197145067 0.233872946773508 0.366911714396634 0.415780943667210 0.445843392287252 0.388571225669462 0.456708976396175 0.312685241386598 NaN NaN NaN NaN NaN 0.436740624491323 0.376600525891391 0.369567193177071 0.327448064592574 0.135395543481967 0.473933136568096 0.460439217698232 0.484074087796153 0.389183801399929 0.168138417923873 NaN NaN NaN NaN NaN 0.187049709185097 0.236698646950373 0.228479364556093 0.419389952480019 0.374772178489948 0.247476640130472 0.247495127779452 0.394685133689407 0.267921574257600 0.370641840763272 NaN NaN NaN NaN NaN 0.456047658564440 0.453116009950381 0.435414224143142 0.473739405972138 0.455511243471300 0.431416768625793 0.310159482266096 0.389346692351743 0.457710032752163 0.445326578668856 NaN NaN NaN NaN NaN 0.480345088153652 0.478467457588393 0.452871457785833 0.439186193934228 0.447646122176619 0.421169923781267 0.452178976788682 0.462109716161549 0.465784927721852 0.478377678159878 
NaN NaN NaN NaN NaN 0.455366695589602 0.442013847904669 0.556597883823962 0.198222415605884 0.064336999843185 0.836115584065750 0.384968654556194 1.000000000000000 0.300197835848397 0.318178397400847 NaN NaN NaN NaN NaN 0.668379476942738 0.364484377899846 0.687360685921174 0.686987748745629 0.066143430209971 0.432392230956065 0.677160210307499 0.216094977537454 0.345948871495068 0.170888735586803 NaN NaN NaN NaN NaN 0.648311281381448 0.521076000997980 0.610561917678698 0.416714238916378 0.325128818547477 0.656277944903362 0.708676898115905 0.620008841791903 0.736503460987065 0.639721061759268 NaN NaN NaN NaN NaN 0.433163336194696 0.575043557373346 0.258650864823017 0.043967098104291 0.134378275995201 0.679198156793115 0.504773868743671 0.606618615687981 0.489785267140811 -0.006663514307302 NaN NaN NaN NaN NaN 0.343878860089959 0.539336505504791 0.500883045872525 0.622460955531020 0.559822866290333 0.777278849302511 0.713487707104851 0.518199956973732 0.645475659969775 0.408377665237799 NaN NaN NaN NaN NaN 0.582589280431446 0.345895113169556 0.695396536548111 0.626280047286974 0.088411176697919 0.753428490286810 0.679696820770514 0.688100151376791 0.751522692227985 0.183019612264219 NaN NaN NaN NaN NaN 0.251661726375929 0.391049149895386 0.307199985111187 0.594942249714716 0.539580616061232 0.379198786618429 0.379298401823689 0.600784333542889 0.386787405645189 0.606026105355153 NaN NaN NaN NaN NaN 0.734421663605887 0.704007185559821 0.735989792698073 0.681151951486200 0.687935125892592 0.643667254311516 0.711051285796939 0.531279515170597 0.668227398606800 0.665771941942037 NaN NaN NaN NaN NaN 0.680850925153184 0.729557795733583 0.718761733913539 0.710484404976391 0.662336621274948 0.683534671730820 0.725990842858673 0.737336528904429 0.742197595330073 0.725543434120804 
NaN NaN NaN NaN NaN 0.247674393852154 0.219530788856891 0.210509251675992 0.164735935931879 0.418361607959290 0.402633180363446 0.463426690830847 0.300197835848397 1.000000000000000 0.224887205498437 NaN NaN NaN NaN NaN 0.201528404620775 0.206204695589365 0.304571797086043 0.307911338013959 0.045819582628999 0.598340013547817 0.438644883999539 0.506863409803597 0.562692050146211 0.379270753106693 NaN NaN NaN NaN NaN 0.211436380529545 0.252892092809108 0.269535739369451 0.210358923443681 0.151873851675481 0.307285855241646 0.312308343484575 0.279977384319792 0.254217676720856 0.282312163274320 NaN NaN NaN NaN NaN 0.179957099386573 0.238275466483792 0.058202333739642 -0.040478423785088 0.094790163805102 0.266162508105294 0.179652332398780 0.186404195097689 0.186717314252647 0.035986688125107 NaN NaN NaN NaN NaN 0.192708299587681 0.188042283871476 0.276311196783697 0.160451407624356 0.226130892960974 0.272239575176146 0.287205970898284 0.239813651067232 0.306726923632548 0.207356405364389 NaN NaN NaN NaN NaN 0.271890362311720 0.072798701371882 0.256193108641809 0.203474782650751 0.096457463260320 0.327544594040588 0.289510526754507 0.320748268862328 0.266433405377901 0.129289013974275 NaN NaN NaN NaN NaN 0.110809347033008 0.178033019508395 0.148636488490137 0.298872115786480 0.263322621568104 0.170381799575413 0.170263244319232 0.254122413194583 0.217982692785456 0.253084108382261 NaN NaN NaN NaN NaN 0.286122935427854 0.294907089267074 0.275701189022929 0.298482795864197 0.270570524046217 0.300934110574191 0.215619845010907 0.263274343025686 0.306113632989404 0.298977604295249 NaN NaN NaN NaN NaN 0.311118739898157 0.311236127803054 0.293372904228427 0.256299574750919 0.262558867230605 0.260032609350083 0.285699129724630 0.298961686710809 0.295101482450776 0.297772998594870 
NaN NaN NaN NaN NaN 0.270117993477177 0.314614664247941 0.311134465288376 0.097368165361895 0.118513117466465 0.468033625427371 0.356114780382376 0.318178397400847 0.224887205498437 1.000000000000000 NaN NaN NaN NaN NaN 0.271594990735462 0.251396865699491 0.456243588554373 0.469802101641328 0.048481907448087 0.274641875589068 0.559212958381886 0.241669244177962 0.297105065622135 0.180089201600903 NaN NaN NaN NaN NaN 0.375454737310880 0.451258443713057 0.419904923153180 0.268320474908177 0.269294121592343 0.439428253696910 0.477916399044349 0.363336801806353 0.372743330719436 0.383165148100018 NaN NaN NaN NaN NaN 0.293547573611207 0.312780337495468 0.236625609143282 0.048493407938553 0.233930542753402 0.408498818973512 0.390459147471388 0.283585106898872 0.351642076414027 0.121154488395383 NaN NaN NaN NaN NaN 0.393632945441648 0.303875073511614 0.336463000745759 0.212953566668053 0.301305570374079 0.419724417559716 0.422934743505334 0.435634654024459 0.473380088166636 0.415745941034825 NaN NaN NaN NaN NaN 0.431459203318724 0.183648040384459 0.383137727295405 0.359194906923697 0.133827631420201 0.441867806615325 0.429294503675657 0.455667157077461 0.384134678607391 0.171107273050342 NaN NaN NaN NaN NaN 0.187853517903041 0.187362169472829 0.327226371605281 0.344469021115334 0.269226231735375 0.133197551661066 0.133181644718577 0.396167254966475 0.238474409473827 0.333940910306203 NaN NaN NaN NaN NaN 0.465139596122053 0.477439312862455 0.449134134396605 0.469763248476571 0.437278946564147 0.408504655398752 0.344830063060215 0.341280883566662 0.469903624163775 0.401748499153592 NaN NaN NaN NaN NaN 0.449365638819187 0.465193626552869 0.464570039756490 0.421062016277613 0.439221129724658 0.421895597344952 0.450844352850138 0.480756736136882 0.480858852184509 0.474475979548448 
NaN NaN NaN NaN NaN NaN NaN NaN NaN NaN NaN NaN NaN NaN NaN NaN NaN NaN NaN NaN NaN NaN NaN NaN NaN NaN NaN NaN NaN NaN NaN NaN NaN NaN NaN NaN NaN NaN NaN NaN NaN NaN NaN NaN NaN NaN NaN NaN NaN NaN NaN NaN NaN NaN NaN NaN NaN NaN NaN NaN NaN NaN NaN NaN NaN NaN NaN NaN NaN NaN NaN NaN NaN NaN NaN NaN NaN NaN NaN NaN NaN NaN NaN NaN NaN NaN NaN NaN NaN NaN NaN NaN NaN NaN NaN NaN NaN NaN NaN NaN NaN NaN NaN NaN NaN NaN NaN NaN NaN NaN NaN NaN NaN NaN NaN NaN NaN NaN NaN NaN NaN NaN NaN NaN NaN NaN NaN NaN NaN NaN NaN NaN NaN NaN NaN 
NaN NaN NaN NaN NaN NaN NaN NaN NaN NaN NaN NaN NaN NaN NaN NaN NaN NaN NaN NaN NaN NaN NaN NaN NaN NaN NaN NaN NaN NaN NaN NaN NaN NaN NaN NaN NaN NaN NaN NaN NaN NaN NaN NaN NaN NaN NaN NaN NaN NaN NaN NaN NaN NaN NaN NaN NaN NaN NaN NaN NaN NaN NaN NaN NaN NaN NaN NaN NaN NaN NaN NaN NaN NaN NaN NaN NaN NaN NaN NaN NaN NaN NaN NaN NaN NaN NaN NaN NaN NaN NaN NaN NaN NaN NaN NaN NaN NaN NaN NaN NaN NaN NaN NaN NaN NaN NaN NaN NaN NaN NaN NaN NaN NaN NaN NaN NaN NaN NaN NaN NaN NaN NaN NaN NaN NaN NaN NaN NaN NaN NaN NaN NaN NaN NaN 
NaN NaN NaN NaN NaN NaN NaN NaN NaN NaN NaN NaN NaN NaN NaN NaN NaN NaN NaN NaN NaN NaN NaN NaN NaN NaN NaN NaN NaN NaN NaN NaN NaN NaN NaN NaN NaN NaN NaN NaN NaN NaN NaN NaN NaN NaN NaN NaN NaN NaN NaN NaN NaN NaN NaN NaN NaN NaN NaN NaN NaN NaN NaN NaN NaN NaN NaN NaN NaN NaN NaN NaN NaN NaN NaN NaN NaN NaN NaN NaN NaN NaN NaN NaN NaN NaN NaN NaN NaN NaN NaN NaN NaN NaN NaN NaN NaN NaN NaN NaN NaN NaN NaN NaN NaN NaN NaN NaN NaN NaN NaN NaN NaN NaN NaN NaN NaN NaN NaN NaN NaN NaN NaN NaN NaN NaN NaN NaN NaN NaN NaN NaN NaN NaN NaN 
NaN NaN NaN NaN NaN NaN NaN NaN NaN NaN NaN NaN NaN NaN NaN NaN NaN NaN NaN NaN NaN NaN NaN NaN NaN NaN NaN NaN NaN NaN NaN NaN NaN NaN NaN NaN NaN NaN NaN NaN NaN NaN NaN NaN NaN NaN NaN NaN NaN NaN NaN NaN NaN NaN NaN NaN NaN NaN NaN NaN NaN NaN NaN NaN NaN NaN NaN NaN NaN NaN NaN NaN NaN NaN NaN NaN NaN NaN NaN NaN NaN NaN NaN NaN NaN NaN NaN NaN NaN NaN NaN NaN NaN NaN NaN NaN NaN NaN NaN NaN NaN NaN NaN NaN NaN NaN NaN NaN NaN NaN NaN NaN NaN NaN NaN NaN NaN NaN NaN NaN NaN NaN NaN NaN NaN NaN NaN NaN NaN NaN NaN NaN NaN NaN NaN 
NaN NaN NaN NaN NaN NaN NaN NaN NaN NaN NaN NaN NaN NaN NaN NaN NaN NaN NaN NaN NaN NaN NaN NaN NaN NaN NaN NaN NaN NaN NaN NaN NaN NaN NaN NaN NaN NaN NaN NaN NaN NaN NaN NaN NaN NaN NaN NaN NaN NaN NaN NaN NaN NaN NaN NaN NaN NaN NaN NaN NaN NaN NaN NaN NaN NaN NaN NaN NaN NaN NaN NaN NaN NaN NaN NaN NaN NaN NaN NaN NaN NaN NaN NaN NaN NaN NaN NaN NaN NaN NaN NaN NaN NaN NaN NaN NaN NaN NaN NaN NaN NaN NaN NaN NaN NaN NaN NaN NaN NaN NaN NaN NaN NaN NaN NaN NaN NaN NaN NaN NaN NaN NaN NaN NaN NaN NaN NaN NaN NaN NaN NaN NaN NaN NaN 
NaN NaN NaN NaN NaN 0.383490548241732 0.304576317103574 0.443795262069580 0.212479125993111 0.077547205909606 0.623450524745667 0.330889270827047 0.668379476942738 0.201528404620775 0.271594990735462 NaN NaN NaN NaN NaN 1.000000000000000 0.235623785088729 0.510402437933257 0.514929688149219 0.065197506534194 0.298265797889611 0.617629878175225 0.205582691719569 0.227446617064477 0.083443766518094 NaN NaN NaN NaN NaN 0.578639429085537 0.433912548973161 0.482817851205487 0.366295507127733 0.265681440089435 0.511663198879096 0.546943456659066 0.580506223086339 0.638946532973406 0.484550144538128 NaN NaN NaN NaN NaN 0.368739008118453 0.439822746876260 0.148197969841771 -0.001006454841186 0.170901702443535 0.567864368161557 0.376642778780002 0.570848238272437 0.385133459713973 0.011978801313927 NaN NaN NaN NaN NaN 0.248037239145106 0.363589177336705 0.357609496394183 0.607908685304362 0.412701425378324 0.665969399029691 0.678341737406945 0.407711190894139 0.497903621458173 0.364414448970821 NaN NaN NaN NaN NaN 0.421479320991706 0.289211948311111 0.655645444334234 0.581504291940996 0.048056789515627 0.542062636174895 0.541082765212419 0.525901355966375 0.693946648969841 0.139769282786576 NaN NaN NaN NaN NaN 0.233666858840296 0.254711140652596 0.235120316554341 0.453215970875043 0.387281580445722 0.249642407763396 0.249830698491571 0.413676766857423 0.297665821029312 0.462701495717951 NaN NaN NaN NaN NaN 0.595140826236970 0.578168484792679 0.645085177459989 0.493619711018349 0.524351222718734 0.472453460120092 0.638202097883646 0.586120771162021 0.516988623611265 0.476877919901323 NaN NaN NaN NaN NaN 0.553920280776976 0.593868973205864 0.581520324105895 0.665522314084317 0.514143468111959 0.540396017495165 0.571797741445705 0.602325045123154 0.613585553763305 0.573780394227328 
NaN NaN NaN NaN NaN 0.362009896599880 0.284835838518225 0.309555649648973 0.091680347376050 0.091083462367219 0.462894650260228 0.337617524260350 0.364484377899846 0.206204695589365 0.251396865699491 NaN NaN NaN NaN NaN 0.235623785088729 1.000000000000000 0.416014804906014 0.473751705671465 0.030770050378095 0.221838078718390 0.507841607730301 0.114303245174199 0.168396591558101 0.260967504789058 NaN NaN NaN NaN NaN 0.368727100320024 0.441546508297217 0.342929342881086 0.302565892458198 0.194689397552576 0.438579624299022 0.446863793011681 0.368277830999631 0.348625763232801 0.388362358817227 NaN NaN NaN NaN NaN 0.173277201860030 0.345425096845637 0.223059723173234 0.024729866078965 0.014500530106357 0.459919762465029 0.394809212660972 0.286211406337666 0.299000021780153 -0.051056843821777 NaN NaN NaN NaN NaN 0.321602795426328 0.320273593455906 0.255764365255134 0.208988117503790 0.242690947345714 0.413865274536403 0.427431039609884 0.462969286404032 0.450274308075064 0.354063407629023 NaN NaN NaN NaN NaN 0.419815911675750 0.178583681656723 0.347897196565479 0.290076968364478 0.075451616100781 0.475868552240101 0.667310216995208 0.480552233959534 0.335054792406082 0.225945293753275 NaN NaN NaN NaN NaN 0.207576355286429 0.194541400049158 0.338742906308769 0.297628177635611 0.245659624991491 0.134959237288872 0.134816318792122 0.406275042670371 0.220877445248190 0.297355692497167 NaN NaN NaN NaN NaN 0.453722445173712 0.488144557575510 0.420976487240936 0.456305925286643 0.410720386913603 0.403516403773976 0.339527348250265 0.357168735213088 0.460008492406687 0.382981813262634 NaN NaN NaN NaN NaN 0.430661034317052 0.446409342510612 0.452167382877870 0.403378591089763 0.425354383166650 0.443432383927906 0.464762518278429 0.469948582953185 0.462175225905678 0.446092327925723 
NaN NaN NaN NaN NaN 0.538429370126424 0.569806355990773 0.606283663399410 0.188965296764138 0.106346163608354 0.781922378415574 0.460055087907830 0.687360685921174 0.304571797086043 0.456243588554373 NaN NaN NaN NaN NaN 0.510402437933257 0.416014804906014 1.000000000000000 0.898472793495631 0.097871563761723 0.451261752216972 0.773456444590581 0.253559483277302 0.389388955826785 0.238902669267116 NaN NaN NaN NaN NaN 0.650122889208163 0.736896415695756 0.780315502110833 0.519508772453499 0.524099754134186 0.918396962800023 0.912267842669801 0.749966705079525 0.765383638752067 0.801304031442827 NaN NaN NaN NaN NaN 0.493531658346289 0.654084669046239 0.463523629868736 0.053615083201817 0.231268309489488 0.736928568298707 0.673866477223429 0.517347179188813 0.586275656309757 0.055970129147800 NaN NaN NaN NaN NaN 0.546372583365396 0.600816786672255 0.581537953950999 0.426936129963415 0.692592415862319 0.849459781052476 0.811058322459953 0.729708774613616 0.864376747245427 0.501187591584678 NaN NaN NaN NaN NaN 0.796486540005470 0.389585698851128 0.683069000534556 0.573228564225584 0.175326219804848 0.838376314703013 0.804070430919889 0.889909038235087 0.750621989148383 0.255151881266103 NaN NaN NaN NaN NaN 0.286238787881196 0.681394990080601 0.546027073321881 0.730607446951790 0.688246074782131 0.539404259023035 0.539441715034130 0.826898714417349 0.365044578505417 0.815200368065417 NaN NaN NaN NaN NaN 0.865108562599580 0.842379567841817 0.804418117088657 0.848141053608962 0.868591857286816 0.892587416876148 0.728705281184256 0.652072156053388 0.883505150935270 0.820650195816841 NaN NaN NaN NaN NaN 0.928488143271381 0.910093834991405 0.853747860071851 0.771247417230588 0.822258309199761 0.826977171327871 0.858244348677893 0.890669876758670 0.892056049431156 0.888001365246000 
NaN NaN NaN NaN NaN 0.598134255978072 0.555116007078144 0.621312940600397 0.210216269038592 0.122780861851074 0.799378672892643 0.469912275031854 0.686987748745629 0.307911338013959 0.469802101641328 NaN NaN NaN NaN NaN 0.514929688149219 0.473751705671465 0.898472793495631 1.000000000000000 0.114445429660324 0.466410206913078 0.752250803099147 0.243079018944522 0.362796329842698 0.240241234178254 NaN NaN NaN NaN NaN 0.723174633578564 0.823630908255087 0.716115119615009 0.502924770602316 0.503774314664164 0.877202793045943 0.941811347952290 0.737942115683376 0.794899216045651 0.791219707697241 NaN NaN NaN NaN NaN 0.488046845306497 0.652315085611938 0.461808132369372 -0.019111102889764 0.214841463541202 0.799266285066247 0.725046464082949 0.523034497086323 0.612059514523088 0.064240917229727 NaN NaN NaN NaN NaN 0.604731000982936 0.631539605452297 0.623855053913802 0.472548650332734 0.610321463609589 0.861498245289117 0.847792403902899 0.830845934739421 0.920190514299079 0.597054950887845 NaN NaN NaN NaN NaN 0.772471341311401 0.403984304908516 0.761674293714945 0.656840157529700 0.137417014249570 0.874555455447239 0.841156833079406 0.933655035849143 0.775979106015007 0.354903441241144 NaN NaN NaN NaN NaN 0.252389401174482 0.509048492046813 0.592407464690196 0.729373044858904 0.655895800446750 0.414340599194504 0.414420362619682 0.847474120831109 0.528627925323577 0.713758149206662 NaN NaN NaN NaN NaN 0.912084401753363 0.918272645514004 0.836205452476723 0.871844283198826 0.854398168650999 0.877989921996964 0.720817507579607 0.692664573296221 0.892119533442876 0.839980683534006 NaN NaN NaN NaN NaN 0.905531675859044 0.909023388213956 0.896214202802335 0.811385896915320 0.842989847745344 0.830940987214055 0.892511968076188 0.931424473322113 0.926019007401217 0.907904466980283 
NaN NaN NaN NaN NaN 0.046922987281204 0.082390015524366 0.028637175846643 0.003504387116497 0.046946161313343 0.083796762005150 0.601290243578847 0.066143430209971 0.045819582628999 0.048481907448087 NaN NaN NaN NaN NaN 0.065197506534194 0.030770050378095 0.097871563761723 0.114445429660324 1.000000000000000 0.060884627334908 0.102570940377566 0.071488389331277 0.025118279608365 0.107043826075425 NaN NaN NaN NaN NaN 0.026788041339688 0.075087187348038 0.107910960757367 0.046532556963770 0.090203291583214 0.110915532294451 0.108729125488815 0.097898595215763 0.049134604471532 0.140765631856526 NaN NaN NaN NaN NaN 0.075911354258754 0.081197633924936 0.095308927490434 0.053514617837264 0.021761989325548 0.066580140756600 0.068325510382710 0.032929299936428 0.114256185317585 0.026521323554011 NaN NaN NaN NaN NaN 0.099299327280330 0.142357751703465 0.099499211874417 -0.005902142159662 0.088184403948966 0.069148960885461 0.075889993900425 0.098811171823480 0.114152739131043 0.085742463092652 NaN NaN NaN NaN NaN 0.111130165770415 0.081765059250417 0.022279130281670 0.061415115925073 0.038640036000336 0.113875218259256 0.087569342341938 0.098678145449689 0.050461614791829 0.044562374816084 NaN NaN NaN NaN NaN 0.002542542095098 0.038906783425027 0.058186385414389 0.075108480359007 0.080870551725569 0.053662533181820 0.053776774041733 0.097538923771472 0.048469377470213 0.075756698459506 NaN NaN NaN NaN NaN 0.094480793059505 0.088537891798686 0.092117049309285 0.139507585515414 0.126978303169500 0.095794350667045 0.011484458247966 0.090425362346048 0.104094420227478 0.126452845528932 NaN NaN NaN NaN NaN 0.109942953354613 0.100366746415691 0.100791018646955 0.112395237670859 0.132113794576676 0.072337906141158 0.081989210969699 0.092047094021931 0.096233471140989 0.117622705593352 
NaN NaN NaN NaN NaN 0.412599148416899 0.270586007568338 0.364431296460051 0.268341883203267 0.180231518307828 0.531596731239685 0.485251858518877 0.432392230956065 0.598340013547817 0.274641875589068 NaN NaN NaN NaN NaN 0.298265797889611 0.221838078718390 0.451261752216972 0.466410206913078 0.060884627334908 1.000000000000000 0.508346836940845 0.253272648176602 0.679063330655337 0.222465415010555 NaN NaN NaN NaN NaN 0.366989613929591 0.380592815949886 0.407138874260451 0.291970155016286 0.268177577108367 0.451295457465499 0.486513820077843 0.453011837114251 0.432501939169319 0.397570596349163 NaN NaN NaN NaN NaN 0.310907355396202 0.398274958671640 0.174768917184850 0.022456899803647 0.088704299013493 0.427149042030056 0.369800283572669 0.357841368944325 0.346216982027068 -0.027050225120495 NaN NaN NaN NaN NaN 0.317951140306924 0.332593323955310 0.367321125532425 0.346449186126867 0.337554872714200 0.468304865598801 0.455967207839756 0.388718780148033 0.451254235471523 0.314783268573451 NaN NaN NaN NaN NaN 0.379573130874112 0.193428494827177 0.437887901088987 0.373774088087158 0.113622834339233 0.481297258599695 0.473399761828385 0.475960927773310 0.472009078219712 0.122013548879508 NaN NaN NaN NaN NaN 0.223223680022443 0.203688875534672 0.262007840660713 0.406390095789184 0.335452062357553 0.189094910821079 0.189119288250353 0.408968354472104 0.330873406117957 0.408373028170012 NaN NaN NaN NaN NaN 0.472916222286606 0.468740735220356 0.468559762351709 0.450836765728743 0.435885000842692 0.446964036653038 0.396002155758574 0.366444050219887 0.468873839496751 0.426173355667135 NaN NaN NaN NaN NaN 0.477655217735451 0.483354861190582 0.474933937827020 0.442638465765196 0.425953690739903 0.452936448527485 0.483738548214966 0.491600909247438 0.486710926890924 0.483363714307492 
NaN NaN NaN NaN NaN 0.488338820706015 0.517041856243176 0.512810268640227 0.197308235983846 0.175026662586242 0.841237959688808 0.605431276650865 0.677160210307499 0.438644883999539 0.559212958381886 NaN NaN NaN NaN NaN 0.617629878175225 0.507841607730301 0.773456444590581 0.752250803099147 0.102570940377566 0.508346836940845 1.000000000000000 0.323616831288651 0.392312965540889 0.256705132212370 NaN NaN NaN NaN NaN 0.610200635080904 0.609091998069707 0.646386904807125 0.450032318336442 0.419576355409109 0.741551839258793 0.772533926253607 0.658389780900257 0.664614623065739 0.670705778649677 NaN NaN NaN NaN NaN 0.435214430200749 0.555979887982641 0.319404156991590 0.018982233001360 0.176268069816094 0.669949000982797 0.571381471920018 0.498294996130421 0.510338038133484 0.056128211763456 NaN NaN NaN NaN NaN 0.448929490158156 0.525478269927462 0.504959178940099 0.439367013862557 0.552922439465828 0.745049749473870 0.713234582191771 0.611783229429738 0.725055754307660 0.472411642897552 NaN NaN NaN NaN NaN 0.688111065532297 0.312829986711910 0.636601389344350 0.558571236219795 0.136564782174922 0.740708214229221 0.749643271371476 0.751345985484872 0.684256097920468 0.331641294437874 NaN NaN NaN NaN NaN 0.237730844723365 0.483593831281292 0.418948125358213 0.622011320738764 0.562400431842395 0.405543756007925 0.405648005344695 0.681009491361106 0.377846487896262 0.634738122224765 NaN NaN NaN NaN NaN 0.731963890076226 0.740211562943310 0.710178966634368 0.730058703686704 0.715075168932922 0.727976177293389 0.650160157814065 0.579535505955524 0.736847987451973 0.682827069306726 NaN NaN NaN NaN NaN 0.752289111027911 0.768212092314806 0.737566048131211 0.690103306100197 0.685084780544294 0.684603819784685 0.727966562836473 0.766016582614976 0.764146719424231 0.753074730785105 
NaN NaN NaN NaN NaN 0.225113575656981 0.183916777794458 0.147567310133654 0.163455095441825 0.858982820119145 0.263450093790000 0.462171622549518 0.216094977537454 0.506863409803597 0.241669244177962 NaN NaN NaN NaN NaN 0.205582691719569 0.114303245174199 0.253559483277302 0.243079018944522 0.071488389331277 0.253272648176602 0.323616831288651 1.000000000000000 0.216867971885236 0.728420703554706 NaN NaN NaN NaN NaN 0.135709923831569 0.166288143290650 0.253353813421231 0.168711708718677 0.038349390596087 0.236943304289973 0.247357067337998 0.253074896256634 0.206302862211391 0.283719273711502 NaN NaN NaN NaN NaN 0.203105065394619 0.199193360254772 -0.034748928593309 -0.073451569514346 0.112128442649624 0.198485580941465 0.086235361682725 0.143653242611208 0.179986631682186 0.011650308540201 NaN NaN NaN NaN NaN 0.098413549427380 0.179145104298988 0.281559248953268 0.122396651091809 0.215093390234587 0.207398488066855 0.213307561229478 0.128113447080390 0.244160272149473 0.181371383345439 NaN NaN NaN NaN NaN 0.224942739287150 0.074444893172327 0.193660290925196 0.180550484441611 0.103127573164378 0.248373421986594 0.238563379043228 0.264179051434466 0.220013459154352 0.048707932798653 NaN NaN NaN NaN NaN 0.072359953078336 0.118098094460066 0.015360214760526 0.286369941021245 0.265768136634560 0.159173855414517 0.159141633539025 0.185370133094458 0.218210526671496 0.213078036140322 NaN NaN NaN NaN NaN 0.218808059207237 0.227492993125100 0.229171325816176 0.252322551613126 0.214789721451002 0.249697819775044 0.148291413993073 0.234084857265121 0.260697049877298 0.272565864542390 NaN NaN NaN NaN NaN 0.261017923292617 0.257015286638406 0.247428353883365 0.208226241952767 0.224456219198729 0.213252845132632 0.241495300768662 0.231779840207260 0.232727725768977 0.240869945071898 
NaN NaN NaN NaN NaN 0.285103595793620 0.239589032141789 0.228790773194274 0.044837339551823 0.145941946335326 0.402244030790798 0.458699783802870 0.345948871495069 0.562692050146211 0.297105065622135 NaN NaN NaN NaN NaN 0.227446617064477 0.168396591558101 0.389388955826785 0.362796329842698 0.025118279608365 0.679063330655337 0.392312965540889 0.216867971885236 1.000000000000000 0.176728035065371 NaN NaN NaN NaN NaN 0.220432394711972 0.275917228278876 0.386072325352118 0.235047242761518 0.203872234502049 0.375724715580754 0.384247789216484 0.376351376967695 0.311974715823585 0.366005009716983 NaN NaN NaN NaN NaN 0.282403278478925 0.343037172436993 0.109780977376852 -0.013125565563839 0.104463440981336 0.305061385047386 0.275458860201812 0.193471738701291 0.294159533242915 0.016243961748726 NaN NaN NaN NaN NaN 0.202559363038247 0.308796394346489 0.319624532992823 0.186134096428889 0.366839241960664 0.335972767705930 0.349229329248822 0.276036936506844 0.378294322452922 0.231152421432235 NaN NaN NaN NaN NaN 0.309735502249424 0.322954199456642 0.277304942866675 0.246060707014035 0.068028262235271 0.411111199229700 0.344535167594151 0.393020165364001 0.325612796797224 0.163007499690226 NaN NaN NaN NaN NaN 0.157938571343088 0.210143822012069 0.144877351850846 0.390210990239402 0.352419001758846 0.256996639623339 0.256928738850755 0.355935840720652 0.241010382087786 0.361560531190509 NaN NaN NaN NaN NaN 0.358650487785084 0.334915615811762 0.332315899964959 0.344987215406666 0.346810078613901 0.362532805348911 0.239733175017436 0.296470761537599 0.392257073391145 0.380990971271605 NaN NaN NaN NaN NaN 0.388004394617442 0.398359451089499 0.358437674118093 0.340802284510316 0.353824584182442 0.351076433649006 0.373789294644720 0.362239230706045 0.356463834049225 0.375925248167893 
NaN NaN NaN NaN NaN 0.209144043278972 0.187466530444338 0.114160769073942 0.122527265087443 0.710911957024101 0.190031036591443 0.444970365256074 0.170888735586803 0.379270753106693 0.180089201600903 NaN NaN NaN NaN NaN 0.083443766518094 0.260967504789058 0.238902669267116 0.240241234178254 0.107043826075425 0.222465415010555 0.256705132212370 0.728420703554707 0.176728035065371 1.000000000000000 NaN NaN NaN NaN NaN 0.085292511740117 0.148882698731764 0.197064906150846 0.103302075707893 0.081510996629508 0.213898741269361 0.219691199143535 0.212271065280250 0.153296251902236 0.243952019938895 NaN NaN NaN NaN NaN 0.171168879124843 0.168805011853030 0.060680328951604 0.023476861855082 0.043522177687760 0.157730444110252 0.118257922282030 0.116268419563013 0.182021142250425 0.018524058326215 NaN NaN NaN NaN NaN 0.117300096824841 0.221512388178295 0.245887577550228 0.057015755920542 0.159925137489894 0.164745960742846 0.160959102592065 0.155355991868874 0.223295209463260 0.162142836956837 NaN NaN NaN NaN NaN 0.224099092533189 0.116375319984318 0.123090301499963 0.126589487927456 0.121220703425741 0.241210669792391 0.276336651897793 0.233269412834596 0.161409973272352 0.068235181041723 NaN NaN NaN NaN NaN 0.032596948748499 0.119730486933179 0.067594906521582 0.221947789382678 0.208717076245655 0.114947395367672 0.114892491985588 0.204841241305766 0.208588907042384 0.186463500165667 NaN NaN NaN NaN NaN 0.187301448572778 0.199434404453411 0.182430896434329 0.225197699564376 0.208624108533466 0.252749842749652 0.104317799225612 0.191712033876046 0.230912424016668 0.251979431997754 NaN NaN NaN NaN NaN 0.243918762847206 0.217977514965317 0.220844039993094 0.176692998236701 0.207722320955028 0.208255023993761 0.229668174361833 0.203739829964695 0.204880762186482 0.222707808813223 
NaN NaN NaN NaN NaN NaN NaN NaN NaN NaN NaN NaN NaN NaN NaN NaN NaN NaN NaN NaN NaN NaN NaN NaN NaN NaN NaN NaN NaN NaN NaN NaN NaN NaN NaN NaN NaN NaN NaN NaN NaN NaN NaN NaN NaN NaN NaN NaN NaN NaN NaN NaN NaN NaN NaN NaN NaN NaN NaN NaN NaN NaN NaN NaN NaN NaN NaN NaN NaN NaN NaN NaN NaN NaN NaN NaN NaN NaN NaN NaN NaN NaN NaN NaN NaN NaN NaN NaN NaN NaN NaN NaN NaN NaN NaN NaN NaN NaN NaN NaN NaN NaN NaN NaN NaN NaN NaN NaN NaN NaN NaN NaN NaN NaN NaN NaN NaN NaN NaN NaN NaN NaN NaN NaN NaN NaN NaN NaN NaN NaN NaN NaN NaN NaN NaN 
NaN NaN NaN NaN NaN NaN NaN NaN NaN NaN NaN NaN NaN NaN NaN NaN NaN NaN NaN NaN NaN NaN NaN NaN NaN NaN NaN NaN NaN NaN NaN NaN NaN NaN NaN NaN NaN NaN NaN NaN NaN NaN NaN NaN NaN NaN NaN NaN NaN NaN NaN NaN NaN NaN NaN NaN NaN NaN NaN NaN NaN NaN NaN NaN NaN NaN NaN NaN NaN NaN NaN NaN NaN NaN NaN NaN NaN NaN NaN NaN NaN NaN NaN NaN NaN NaN NaN NaN NaN NaN NaN NaN NaN NaN NaN NaN NaN NaN NaN NaN NaN NaN NaN NaN NaN NaN NaN NaN NaN NaN NaN NaN NaN NaN NaN NaN NaN NaN NaN NaN NaN NaN NaN NaN NaN NaN NaN NaN NaN NaN NaN NaN NaN NaN NaN 
NaN NaN NaN NaN NaN NaN NaN NaN NaN NaN NaN NaN NaN NaN NaN NaN NaN NaN NaN NaN NaN NaN NaN NaN NaN NaN NaN NaN NaN NaN NaN NaN NaN NaN NaN NaN NaN NaN NaN NaN NaN NaN NaN NaN NaN NaN NaN NaN NaN NaN NaN NaN NaN NaN NaN NaN NaN NaN NaN NaN NaN NaN NaN NaN NaN NaN NaN NaN NaN NaN NaN NaN NaN NaN NaN NaN NaN NaN NaN NaN NaN NaN NaN NaN NaN NaN NaN NaN NaN NaN NaN NaN NaN NaN NaN NaN NaN NaN NaN NaN NaN NaN NaN NaN NaN NaN NaN NaN NaN NaN NaN NaN NaN NaN NaN NaN NaN NaN NaN NaN NaN NaN NaN NaN NaN NaN NaN NaN NaN NaN NaN NaN NaN NaN NaN 
NaN NaN NaN NaN NaN NaN NaN NaN NaN NaN NaN NaN NaN NaN NaN NaN NaN NaN NaN NaN NaN NaN NaN NaN NaN NaN NaN NaN NaN NaN NaN NaN NaN NaN NaN NaN NaN NaN NaN NaN NaN NaN NaN NaN NaN NaN NaN NaN NaN NaN NaN NaN NaN NaN NaN NaN NaN NaN NaN NaN NaN NaN NaN NaN NaN NaN NaN NaN NaN NaN NaN NaN NaN NaN NaN NaN NaN NaN NaN NaN NaN NaN NaN NaN NaN NaN NaN NaN NaN NaN NaN NaN NaN NaN NaN NaN NaN NaN NaN NaN NaN NaN NaN NaN NaN NaN NaN NaN NaN NaN NaN NaN NaN NaN NaN NaN NaN NaN NaN NaN NaN NaN NaN NaN NaN NaN NaN NaN NaN NaN NaN NaN NaN NaN NaN 
NaN NaN NaN NaN NaN NaN NaN NaN NaN NaN NaN NaN NaN NaN NaN NaN NaN NaN NaN NaN NaN NaN NaN NaN NaN NaN NaN NaN NaN NaN NaN NaN NaN NaN NaN NaN NaN NaN NaN NaN NaN NaN NaN NaN NaN NaN NaN NaN NaN NaN NaN NaN NaN NaN NaN NaN NaN NaN NaN NaN NaN NaN NaN NaN NaN NaN NaN NaN NaN NaN NaN NaN NaN NaN NaN NaN NaN NaN NaN NaN NaN NaN NaN NaN NaN NaN NaN NaN NaN NaN NaN NaN NaN NaN NaN NaN NaN NaN NaN NaN NaN NaN NaN NaN NaN NaN NaN NaN NaN NaN NaN NaN NaN NaN NaN NaN NaN NaN NaN NaN NaN NaN NaN NaN NaN NaN NaN NaN NaN NaN NaN NaN NaN NaN NaN 
NaN NaN NaN NaN NaN 0.448305809268708 0.328145808119404 0.703855246142736 0.209610599245340 0.001744315945108 0.728583498505738 0.298242030078690 0.648311281381448 0.211436380529545 0.375454737310880 NaN NaN NaN NaN NaN 0.578639429085537 0.368727100320024 0.650122889208163 0.723174633578564 0.026788041339688 0.366989613929591 0.610200635080904 0.135709923831569 0.220432394711972 0.085292511740117 NaN NaN NaN NaN NaN 1.000000000000000 0.632437665509940 0.590912926854306 0.373298454445112 0.303422114676225 0.644238094534866 0.776570087528433 0.506627560900691 0.748916856678856 0.538323328046120 NaN NaN NaN NaN NaN 0.250725650420984 0.434121393341930 0.313543046716848 -0.009461002428940 0.214891110648142 0.846338429495855 0.575276899388678 0.685347667852916 0.457619343317810 0.006307060173102 NaN NaN NaN NaN NaN 0.514223770677883 0.396374659397497 0.373270424168003 0.686944847902482 0.432025871530783 0.892868846654302 0.725021415535064 0.627029296264585 0.665150525690824 0.529527494594453 NaN NaN NaN NaN NaN 0.597413744493045 0.253472920625110 0.839507533359843 0.836723657826786 0.072426063712015 0.677296998787364 0.673667648920488 0.663650862765038 0.766124004635302 0.283399231479786 NaN NaN NaN NaN NaN 0.223897652297186 0.416300543967667 0.500689236982849 0.475849789070834 0.447843263067916 0.355003564464352 0.355042056713841 0.672136332531369 0.171684542603724 0.480827353493021 NaN NaN NaN NaN NaN 0.766512550191304 0.833173217220778 0.808559930829337 0.629695025855012 0.686626953720974 0.586305441056274 0.895125388071223 0.519469171989294 0.697483664627731 0.567918585091550 NaN NaN NaN NaN NaN 0.600266123847277 0.751136736750753 0.763702786829293 0.688466027770256 0.652151765318114 0.693019524986385 0.731998276636084 0.793347442700772 0.797655733739361 0.717707317666022 
NaN NaN NaN NaN NaN 0.519229338271604 0.514388497790949 0.526531444181784 0.192492045208468 0.091719545620972 0.671753931539420 0.382071526736004 0.521076000997980 0.252892092809108 0.451258443713057 NaN NaN NaN NaN NaN 0.433912548973161 0.441546508297217 0.736896415695756 0.823630908255087 0.075087187348038 0.380592815949886 0.609091998069707 0.166288143290650 0.275917228278876 0.148882698731764 NaN NaN NaN NaN NaN 0.632437665509941 1.000000000000000 0.591269084927327 0.676976872259901 0.473859536923740 0.794738092010754 0.812247207283210 0.629691064942263 0.689081829153083 0.629032482144377 NaN NaN NaN NaN NaN 0.427282921453442 0.526678041186887 0.444386711594340 -0.007641148863856 0.430908570249038 0.684979585810938 0.738887676875296 0.461933308680162 0.483814252202373 0.045364496527648 NaN NaN NaN NaN NaN 0.653089327559527 0.412186310309318 0.460742280820871 0.357020396520983 0.524953758384256 0.709998293160681 0.769716779995271 0.833044715707318 0.794970659766896 0.680521604315825 NaN NaN NaN NaN NaN 0.686839931645616 0.298659059174766 0.703006874786298 0.520494967214391 0.152076571117235 0.744531597105716 0.752860915778733 0.800124831967767 0.628771821399627 0.371970112399031 NaN NaN NaN NaN NaN 0.307196656574647 0.297490818603149 0.658333223369264 0.526278032504200 0.399565487476187 0.167093774701758 0.167201399703069 0.665929356790361 0.382858601647345 0.516757787111266 NaN NaN NaN NaN NaN 0.860132409765370 0.841235205017197 0.769293011488810 0.803756232695198 0.726108834270526 0.624982991096229 0.565024929902333 0.559770533199030 0.757102053661180 0.670893149810745 NaN NaN NaN NaN NaN 0.799980488242857 0.784378099093221 0.777710351957031 0.780312966777843 0.776604537135768 0.735005761687733 0.771185920169618 0.843984661859724 0.832961746590149 0.796018289962388 
NaN NaN NaN NaN NaN 0.451508622268118 0.481840130688095 0.549846053424036 0.223173578065956 0.107506820600844 0.692135336383906 0.428547697728634 0.610561917678698 0.269535739369451 0.419904923153180 NaN NaN NaN NaN NaN 0.482817851205487 0.342929342881086 0.780315502110833 0.716115119615009 0.107910960757367 0.407138874260451 0.646386904807125 0.253353813421231 0.386072325352118 0.197064906150846 NaN NaN NaN NaN NaN 0.590912926854306 0.591269084927327 1.000000000000000 0.621715623301465 0.290638431120120 0.794782111640088 0.814993132006270 0.783000118281664 0.724024644424296 0.770115438712275 NaN NaN NaN NaN NaN 0.551423881763806 0.776569823450805 0.180800507701399 0.029622407475908 0.417659384050329 0.757564724220014 0.642674346904105 0.478675126277743 0.635060445682616 0.035660163622972 NaN NaN NaN NaN NaN 0.469717115649374 0.635728857477086 0.675372130113322 0.466408326711828 0.765718835002569 0.758770706971215 0.788892210456877 0.607061594299100 0.788452072933942 0.637584326681087 NaN NaN NaN NaN NaN 0.708725009462374 0.371707333738644 0.633735591540057 0.705833578093312 0.082466641770991 0.773312307279783 0.788741426627801 0.787872570524111 0.723156856868833 0.221779617288643 NaN NaN NaN NaN NaN 0.579942892367407 0.386271533124934 0.290356229585475 0.769121003884124 0.638001099154800 0.500387364148785 0.500422231735648 0.591250882687387 0.226788544259156 0.702119004920960 NaN NaN NaN NaN NaN 0.803726359484927 0.758520155148088 0.815515329728984 0.775890952101765 0.767159188441205 0.633175922091487 0.537743478885983 0.619163899818670 0.800530456367392 0.728402553461770 NaN NaN NaN NaN NaN 0.798177873969020 0.861458063181941 0.811730992397206 0.779283022845999 0.822056194022293 0.729213087062649 0.763263160947407 0.794064992964699 0.799153016137689 0.834669957013273 
NaN NaN NaN NaN NaN 0.441340057612023 0.369206944446383 0.306978892580275 0.154786307444978 0.101810673409085 0.516021306581289 0.318330211503431 0.416714238916378 0.210358923443681 0.268320474908177 NaN NaN NaN NaN NaN 0.366295507127733 0.302565892458198 0.519508772453498 0.502924770602316 0.046532556963770 0.291970155016286 0.450032318336442 0.168711708718677 0.235047242761518 0.103302075707893 NaN NaN NaN NaN NaN 0.373298454445112 0.676976872259901 0.621715623301465 1.000000000000000 0.108372711617594 0.631119750643455 0.595622243248696 0.638118893382006 0.634594793854463 0.675789393897665 NaN NaN NaN NaN NaN 0.255836995313414 0.605211968486902 0.060855300859304 0.024801639662267 0.324379787777401 0.579724191738895 0.514911312389000 0.344849191045618 0.212092081140412 0.040891960672518 NaN NaN NaN NaN NaN 0.248877939329767 0.452412124519432 0.510411115045123 0.344746350720454 0.481696035110895 0.510723942124360 0.637822350628228 0.490532066682921 0.565868625102361 0.487279918241680 NaN NaN NaN NaN NaN 0.491637238356004 0.229520746125150 0.534886020673324 0.402336241743815 0.098802813470336 0.596003970718601 0.621311623590457 0.671058644795599 0.502390102322678 0.216516551885076 NaN NaN NaN NaN NaN 0.412750055834079 0.247137257306490 0.157807323510168 0.589946924322536 0.489987900595012 0.366880176146932 0.366986182190591 0.283517594443987 0.166162477935242 0.338012167302475 NaN NaN NaN NaN NaN 0.669232742315508 0.630507874921665 0.616054016434962 0.627429126972755 0.576292020590176 0.361617893010719 0.335622410921223 0.438845514218296 0.475290683406625 0.479757566218055 NaN NaN NaN NaN NaN 0.603449082503825 0.644787260698601 0.573546217764674 0.676679970983667 0.633637928998469 0.557505714517501 0.574028803381000 0.606443612176496 0.614751360185734 0.627391380333927 
NaN NaN NaN NaN NaN 0.216595988092536 0.360735390982234 0.406548311161877 0.100015933863791 0.048493401018468 0.389748366289377 0.229026827156460 0.325128818547477 0.151873851675481 0.269294121592343 NaN NaN NaN NaN NaN 0.265681440089435 0.194689397552576 0.524099754134186 0.503774314664164 0.090203291583214 0.268177577108367 0.419576355409109 0.038349390596087 0.203872234502049 0.081510996629508 NaN NaN NaN NaN NaN 0.303422114676225 0.473859536923740 0.290638431120120 0.108372711617594 1.000000000000000 0.478293764821596 0.483709891104366 0.425877157265524 0.296842363784519 0.342344603361684 NaN NaN NaN NaN NaN 0.518210366338779 0.263876517436665 0.646493167003529 0.100473354730934 0.196819161757347 0.215218920794481 0.412841886160956 0.260545298615582 0.406474994609268 -0.013441488312922 NaN NaN NaN NaN NaN 0.483964742954239 0.217327111655565 0.254558892811128 0.127229402311501 0.321146492382879 0.454007495538963 0.419778391972639 0.544075365278060 0.476092788065725 0.243975973627736 NaN NaN NaN NaN NaN 0.427140982874730 0.243311171201112 0.324674703650126 0.176725188899872 0.186503856726773 0.446022875526408 0.403731391560473 0.411359835658064 0.437283829506908 0.119431866490740 NaN NaN NaN NaN NaN 0.007229654618860 0.203843934635538 0.617032102861886 0.242198956790685 0.147628917553484 0.002800166386768 0.002959419925620 0.508086845453585 0.366509486958846 0.531066011329099 NaN NaN NaN NaN NaN 0.458248046566400 0.400289062220759 0.451714044100909 0.465046709274420 0.451652169048095 0.529292219873699 0.366155561319875 0.304278524221381 0.495832782715723 0.480708689720700 NaN NaN NaN NaN NaN 0.518852917583270 0.392433566855809 0.401798975271352 0.384332457873480 0.417040134398828 0.443365492339490 0.433108960985768 0.516090805846158 0.497564121457100 0.493156879695893 
NaN NaN NaN NaN NaN 0.550899273188780 0.578083249339475 0.605612174577070 0.196390449624786 0.114092859979835 0.797124073603207 0.463332963249796 0.656277944903362 0.307285855241646 0.439428253696910 NaN NaN NaN NaN NaN 0.511663198879096 0.438579624299022 0.918396962800023 0.877202793045943 0.110915532294451 0.451295457465499 0.741551839258793 0.236943304289973 0.375724715580754 0.213898741269361 NaN NaN NaN NaN NaN 0.644238094534865 0.794738092010754 0.794782111640088 0.631119750643455 0.478293764821596 1.000000000000000 0.915496482567300 0.800518942298685 0.748201025808869 0.782636527716527 NaN NaN NaN NaN NaN 0.451442378422290 0.723308652712899 0.415594804853996 0.003653892924708 0.195050728217567 0.786446613276657 0.749096814211319 0.520226441688782 0.585916580213318 0.078263397392891 NaN NaN NaN NaN NaN 0.545902617664752 0.588427887393656 0.611190796706868 0.429431243968957 0.655117091968433 0.827490833652158 0.852714105370987 0.799816577633327 0.873321287651983 0.573996756926631 NaN NaN NaN NaN NaN 0.806348483736235 0.387461529392844 0.697995584461983 0.577707372021615 0.158262354007636 0.849660121956022 0.849848450362481 0.912031748949161 0.736352787445522 0.307736902827839 NaN NaN NaN NaN NaN 0.435634442216564 0.558091693651730 0.581839681759336 0.704961963581233 0.623671171373341 0.447798280268093 0.447857809109965 0.773403094650430 0.361933932750762 0.761745568790375 NaN NaN NaN NaN NaN 0.884262264139965 0.874556470701253 0.833405925676249 0.870294953815310 0.860211671685184 0.817712660329466 0.674473131753970 0.680240147712074 0.885879906367430 0.809486871229556 NaN NaN NaN NaN NaN 0.917068329420100 0.899881668521648 0.875093446372612 0.808860890614423 0.843366521541754 0.824293678692483 0.860271673041699 0.905304029948717 0.901577567721950 0.900355290389692 
NaN NaN NaN NaN NaN 0.573546729717113 0.542651925295931 0.673797478756544 0.229132216529709 0.110958709543951 0.822997806955471 0.472263391915641 0.708676898115905 0.312308343484575 0.477916399044349 NaN NaN NaN NaN NaN 0.546943456659066 0.446863793011681 0.912267842669801 0.941811347952290 0.108729125488815 0.486513820077843 0.772533926253607 0.247357067337998 0.384247789216484 0.219691199143535 NaN NaN NaN NaN NaN 0.776570087528433 0.812247207283210 0.814993132006270 0.595622243248696 0.483709891104366 0.915496482567300 1.000000000000000 0.804778540917732 0.817987067762681 0.804561939359908 NaN NaN NaN NaN NaN 0.489825241212194 0.708796524925379 0.457705478152719 0.011514986244827 0.236427089332603 0.844089052670489 0.784517245380166 0.567476087433837 0.639661157746242 0.047589087084870 NaN NaN NaN NaN NaN 0.606862360325976 0.631164547288227 0.699447796845402 0.513890156921598 0.644511207031796 0.901670888068788 0.883100587715284 0.834365805749349 0.925754933244445 0.613304801989413 NaN NaN NaN NaN NaN 0.802900802765216 0.382545914952836 0.793098807622412 0.710788603011445 0.157521897731472 0.885441211883389 0.873382506555674 0.937030475515682 0.811415227805318 0.322747684450869 NaN NaN NaN NaN NaN 0.351420089492138 0.517769185313629 0.581961141841082 0.737703363445847 0.664998503840793 0.463719263730092 0.463798712802057 0.823505825588458 0.409691463038773 0.729048387138927 NaN NaN NaN NaN NaN 0.937783460648383 0.942449059280826 0.897094990074540 0.900559110448470 0.891841358886921 0.838405947351384 0.755735902954078 0.704020363930848 0.900767130139143 0.828658860229778 NaN NaN NaN NaN NaN 0.925801629791069 0.953670988145777 0.923129573146914 0.862308694786181 0.878776749427172 0.858477488603802 0.909190000445835 0.957306889508476 0.956025904512217 0.942983480180632 
NaN NaN NaN NaN NaN 0.533775754410108 0.464838075421959 0.524840961998552 0.188604491889543 0.155291447302280 0.715699966362744 0.440790644708567 0.620008841791903 0.279977384319792 0.363336801806353 NaN NaN NaN NaN NaN 0.580506223086339 0.368277830999631 0.749966705079525 0.737942115683376 0.097898595215763 0.453011837114251 0.658389780900257 0.253074896256634 0.376351376967695 0.212271065280250 NaN NaN NaN NaN NaN 0.506627560900691 0.629691064942263 0.783000118281664 0.638118893382006 0.425877157265524 0.800518942298685 0.804778540917732 1.000000000000000 0.705463433832217 0.811597968570133 NaN NaN NaN NaN NaN 0.627097045096996 0.816905652426872 0.187101081096448 0.066573831904735 0.154675793909911 0.702740429945974 0.650876732334333 0.429974040783260 0.665343117904713 0.035050096044028 NaN NaN NaN NaN NaN 0.410375138275182 0.634067271177894 0.677772508395419 0.453936544586430 0.666351624646656 0.735235910170530 0.860684362862715 0.636689454808302 0.772430674471741 0.544550177057729 NaN NaN NaN NaN NaN 0.649774024082155 0.364613235211407 0.630234004481947 0.536398198635025 0.080706656966645 0.798778136234303 0.788921977510647 0.849856472487616 0.735024584218631 0.250822773039056 NaN NaN NaN NaN NaN 0.395463565242140 0.288485443971231 0.305454737803350 0.759166646777681 0.637950117763475 0.405650769826858 0.405751091796308 0.676359129953232 0.537200085883330 0.707472977977432 NaN NaN NaN NaN NaN 0.780680360252352 0.767691628747642 0.787312549770045 0.780590299792036 0.758761659966979 0.721957435516494 0.524524990780466 0.863836705084620 0.812213228601801 0.803941854014123 NaN NaN NaN NaN NaN 0.833096688768020 0.830463563564013 0.780984293849152 0.778339462437289 0.788219131753240 0.723665517580309 0.779619976368062 0.810954473243138 0.801015093363326 0.827014499259644 
NaN NaN NaN NaN NaN 0.609614198687174 0.447162937583245 0.599297279010150 0.216500490676739 0.093729768679380 0.791162494040453 0.395756395965095 0.736503460987065 0.254217676720856 0.372743330719436 NaN NaN NaN NaN NaN 0.638946532973406 0.348625763232801 0.765383638752067 0.794899216045651 0.049134604471532 0.432501939169319 0.664614623065739 0.206302862211391 0.311974715823585 0.153296251902236 NaN NaN NaN NaN NaN 0.748916856678856 0.689081829153083 0.724024644424296 0.634594793854464 0.296842363784519 0.748201025808869 0.817987067762682 0.705463433832217 1.000000000000000 0.765194159088570 NaN NaN NaN NaN NaN 0.462666230145634 0.685993902234354 0.236883795627655 0.127622757070534 0.346957873069274 0.806341348255691 0.627294258436889 0.722504677241720 0.502753347922275 0.043543145062317 NaN NaN NaN NaN NaN 0.462070255515894 0.604764150665402 0.652564813780664 0.786466783525385 0.659145591852984 0.881771197171027 0.870466536193795 0.617961337751399 0.762615218771651 0.599058633399785 NaN NaN NaN NaN NaN 0.614111436840540 0.337996445236283 0.881365856689187 0.775768905494438 0.083853437518741 0.803252355685935 0.785277194688813 0.807210255556045 0.916225531537805 0.241416055204379 NaN NaN NaN NaN NaN 0.292627047873926 0.411522414639065 0.271870054418313 0.725385061689156 0.645458692644703 0.433126273345166 0.433132254984297 0.580623874527984 0.420213350232957 0.564832522794103 NaN NaN NaN NaN NaN 0.901000496310576 0.861650163598068 0.891608615322706 0.811548986288091 0.859117169717997 0.685891704926229 0.777658699372397 0.603758228031928 0.703085346626534 0.742339755217726 NaN NaN NaN NaN NaN 0.809465421088813 0.874104093438903 0.861119637007456 0.886911418035198 0.839078958664174 0.790964375598777 0.846120021391963 0.872115391517686 0.891290419773668 0.879718544419229 
NaN NaN NaN NaN NaN 0.525193802974365 0.472127067389681 0.502542720070082 0.161628913819663 0.165933767058818 0.710744046307183 0.444418204026150 0.639721061759268 0.282312163274320 0.383165148100018 NaN NaN NaN NaN NaN 0.484550144538128 0.388362358817228 0.801304031442827 0.791219707697241 0.140765631856526 0.397570596349163 0.670705778649677 0.283719273711502 0.366005009716983 0.243952019938895 NaN NaN NaN NaN NaN 0.538323328046120 0.629032482144377 0.770115438712275 0.675789393897665 0.342344603361684 0.782636527716527 0.804561939359908 0.811597968570133 0.765194159088569 1.000000000000000 NaN NaN NaN NaN NaN 0.615290239442913 0.701043059780842 0.155033350788513 0.072391404613795 0.238775290419412 0.716012443358014 0.484670148146305 0.396809788753919 0.626687328544305 0.100857752036076 NaN NaN NaN NaN NaN 0.366786504098766 0.652792220266718 0.670380480373903 0.435887744007298 0.710536374460014 0.751309211148100 0.749877093294388 0.545218401651158 0.792658392177346 0.565173897571704 NaN NaN NaN NaN NaN 0.660850473225963 0.338583680196577 0.592414757277069 0.551795859231044 0.097899212567579 0.795607001516041 0.755573903588162 0.867569924471219 0.723079410763718 0.256731737482604 NaN NaN NaN NaN NaN 0.160276320823748 0.402394653857132 0.153416642976109 0.798776919157445 0.739974110975204 0.531997389932434 0.532002754200073 0.672511473107826 0.530851625981429 0.670053646675525 NaN NaN NaN NaN NaN 0.797949846109793 0.777641869695413 0.766145595056058 0.788660057994388 0.798896420729030 0.767541751108319 0.548331432092003 0.668650060912107 0.795793165649639 0.836205238348804 NaN NaN NaN NaN NaN 0.797242712762716 0.835164840954146 0.784182097096819 0.758802721367264 0.836489785831409 0.717319552551774 0.784601658139717 0.801496382158426 0.797785169999435 0.831855032340573 
NaN NaN NaN NaN NaN NaN NaN NaN NaN NaN NaN NaN NaN NaN NaN NaN NaN NaN NaN NaN NaN NaN NaN NaN NaN NaN NaN NaN NaN NaN NaN NaN NaN NaN NaN NaN NaN NaN NaN NaN NaN NaN NaN NaN NaN NaN NaN NaN NaN NaN NaN NaN NaN NaN NaN NaN NaN NaN NaN NaN NaN NaN NaN NaN NaN NaN NaN NaN NaN NaN NaN NaN NaN NaN NaN NaN NaN NaN NaN NaN NaN NaN NaN NaN NaN NaN NaN NaN NaN NaN NaN NaN NaN NaN NaN NaN NaN NaN NaN NaN NaN NaN NaN NaN NaN NaN NaN NaN NaN NaN NaN NaN NaN NaN NaN NaN NaN NaN NaN NaN NaN NaN NaN NaN NaN NaN NaN NaN NaN NaN NaN NaN NaN NaN NaN 
NaN NaN NaN NaN NaN NaN NaN NaN NaN NaN NaN NaN NaN NaN NaN NaN NaN NaN NaN NaN NaN NaN NaN NaN NaN NaN NaN NaN NaN NaN NaN NaN NaN NaN NaN NaN NaN NaN NaN NaN NaN NaN NaN NaN NaN NaN NaN NaN NaN NaN NaN NaN NaN NaN NaN NaN NaN NaN NaN NaN NaN NaN NaN NaN NaN NaN NaN NaN NaN NaN NaN NaN NaN NaN NaN NaN NaN NaN NaN NaN NaN NaN NaN NaN NaN NaN NaN NaN NaN NaN NaN NaN NaN NaN NaN NaN NaN NaN NaN NaN NaN NaN NaN NaN NaN NaN NaN NaN NaN NaN NaN NaN NaN NaN NaN NaN NaN NaN NaN NaN NaN NaN NaN NaN NaN NaN NaN NaN NaN NaN NaN NaN NaN NaN NaN 
NaN NaN NaN NaN NaN NaN NaN NaN NaN NaN NaN NaN NaN NaN NaN NaN NaN NaN NaN NaN NaN NaN NaN NaN NaN NaN NaN NaN NaN NaN NaN NaN NaN NaN NaN NaN NaN NaN NaN NaN NaN NaN NaN NaN NaN NaN NaN NaN NaN NaN NaN NaN NaN NaN NaN NaN NaN NaN NaN NaN NaN NaN NaN NaN NaN NaN NaN NaN NaN NaN NaN NaN NaN NaN NaN NaN NaN NaN NaN NaN NaN NaN NaN NaN NaN NaN NaN NaN NaN NaN NaN NaN NaN NaN NaN NaN NaN NaN NaN NaN NaN NaN NaN NaN NaN NaN NaN NaN NaN NaN NaN NaN NaN NaN NaN NaN NaN NaN NaN NaN NaN NaN NaN NaN NaN NaN NaN NaN NaN NaN NaN NaN NaN NaN NaN 
NaN NaN NaN NaN NaN NaN NaN NaN NaN NaN NaN NaN NaN NaN NaN NaN NaN NaN NaN NaN NaN NaN NaN NaN NaN NaN NaN NaN NaN NaN NaN NaN NaN NaN NaN NaN NaN NaN NaN NaN NaN NaN NaN NaN NaN NaN NaN NaN NaN NaN NaN NaN NaN NaN NaN NaN NaN NaN NaN NaN NaN NaN NaN NaN NaN NaN NaN NaN NaN NaN NaN NaN NaN NaN NaN NaN NaN NaN NaN NaN NaN NaN NaN NaN NaN NaN NaN NaN NaN NaN NaN NaN NaN NaN NaN NaN NaN NaN NaN NaN NaN NaN NaN NaN NaN NaN NaN NaN NaN NaN NaN NaN NaN NaN NaN NaN NaN NaN NaN NaN NaN NaN NaN NaN NaN NaN NaN NaN NaN NaN NaN NaN NaN NaN NaN 
NaN NaN NaN NaN NaN NaN NaN NaN NaN NaN NaN NaN NaN NaN NaN NaN NaN NaN NaN NaN NaN NaN NaN NaN NaN NaN NaN NaN NaN NaN NaN NaN NaN NaN NaN NaN NaN NaN NaN NaN NaN NaN NaN NaN NaN NaN NaN NaN NaN NaN NaN NaN NaN NaN NaN NaN NaN NaN NaN NaN NaN NaN NaN NaN NaN NaN NaN NaN NaN NaN NaN NaN NaN NaN NaN NaN NaN NaN NaN NaN NaN NaN NaN NaN NaN NaN NaN NaN NaN NaN NaN NaN NaN NaN NaN NaN NaN NaN NaN NaN NaN NaN NaN NaN NaN NaN NaN NaN NaN NaN NaN NaN NaN NaN NaN NaN NaN NaN NaN NaN NaN NaN NaN NaN NaN NaN NaN NaN NaN NaN NaN NaN NaN NaN NaN 
NaN NaN NaN NaN NaN 0.300367598648812 0.328822184620452 0.350705356081050 0.140496808968487 0.149185389659661 0.456670021474384 0.271651940204346 0.433163336194696 0.179957099386573 0.293547573611207 NaN NaN NaN NaN NaN 0.368739008118453 0.173277201860030 0.493531658346289 0.488046845306497 0.075911354258754 0.310907355396202 0.435214430200749 0.203105065394619 0.282403278478925 0.171168879124843 NaN NaN NaN NaN NaN 0.250725650420984 0.427282921453442 0.551423881763806 0.255836995313414 0.518210366338779 0.451442378422290 0.489825241212194 0.627097045096996 0.462666230145634 0.615290239442913 NaN NaN NaN NaN NaN 1.000000000000000 0.494312253620219 0.097632984182894 -0.020120843691598 0.448373048502041 0.345252174241278 0.356594506361444 0.293383304891418 0.809150551653110 0.019755481539418 NaN NaN NaN NaN NaN 0.344220858869098 0.428316985417904 0.412807808922997 0.245132386441918 0.626383168174432 0.483882134913825 0.476114050304298 0.323453060855057 0.525710438532874 0.543981532993355 NaN NaN NaN NaN NaN 0.383616549387285 0.258485611994724 0.307482193347959 0.357019665357009 0.078446434507310 0.525818033790718 0.493266303063432 0.478708981650360 0.589474493309634 0.164082147559523 NaN NaN NaN NaN NaN 0.051983866180567 -0.023276477865646 0.048042049031978 0.460084104049032 0.281591935455956 -0.000667425700776 -0.000639735010628 0.435804027011542 0.671943512884237 0.522783202872703 NaN NaN NaN NaN NaN 0.509415102783203 0.431758403205961 0.552006412387321 0.544882095807822 0.464993925357959 0.533346651040802 0.298403029767696 0.428564215950667 0.557254207868083 0.629748389639941 NaN NaN NaN NaN NaN 0.576896548938527 0.499526300441986 0.549457992961760 0.502711745082644 0.602827149015696 0.473199991396572 0.530321913803716 0.569832183114391 0.531126284626426 0.577455932776008 
NaN NaN NaN NaN NaN 0.487503540686509 0.445746088817475 0.433250551284128 0.194793451923852 0.100491898336117 0.624909247680969 0.386483082926576 0.575043557373346 0.238275466483792 0.312780337495468 NaN NaN NaN NaN NaN 0.439822746876260 0.345425096845637 0.654084669046239 0.652315085611938 0.081197633924936 0.398274958671640 0.555979887982641 0.199193360254772 0.343037172436993 0.168805011853030 NaN NaN NaN NaN NaN 0.434121393341930 0.526678041186887 0.776569823450805 0.605211968486902 0.263876517436665 0.723308652712899 0.708796524925379 0.816905652426872 0.685993902234355 0.701043059780842 NaN NaN NaN NaN NaN 0.494312253620219 1.000000000000000 0.079559502799018 0.129868743997325 0.044949167627338 0.726778181737864 0.703100531112039 0.377410983535402 0.585954892548619 0.080746311886382 NaN NaN NaN NaN NaN 0.326465064435692 0.673925350612993 0.715503174791111 0.494243928868077 0.663313770767959 0.653510714691257 0.795483286644084 0.596962292129236 0.693394086976534 0.537316612777056 NaN NaN NaN NaN NaN 0.545452060369805 0.362527017036135 0.566628709670391 0.479856302811659 0.028817704030957 0.729111946614355 0.759705565446725 0.794161272671958 0.685910453862267 0.249731843733265 NaN NaN NaN NaN NaN 0.600017231005071 0.257191684757223 0.247691057750286 0.736271599995898 0.604125856345215 0.406129073549814 0.406085401482530 0.541310316094607 0.405401772658936 0.642004832325677 NaN NaN NaN NaN NaN 0.745632524381008 0.694041857838187 0.695502079543811 0.738162173580680 0.724286136716098 0.589745137667448 0.460440756331173 0.608336599664902 0.713607553117123 0.714435180226190 NaN NaN NaN NaN NaN 0.714313640814622 0.758085299948641 0.732073436732259 0.742859051668970 0.744516077582318 0.661804875488608 0.718142377374843 0.732547527199057 0.724450014354863 0.767489599396178 
NaN NaN NaN NaN NaN 0.112065814642569 0.278550724386018 0.377348925668171 0.042552087069304 -0.046779954304183 0.293537333489641 0.176257689082344 0.258650864823017 0.058202333739642 0.236625609143282 NaN NaN NaN NaN NaN 0.148197969841771 0.223059723173234 0.463523629868736 0.461808132369372 0.095308927490434 0.174768917184850 0.319404156991590 -0.034748928593309 0.109780977376852 0.060680328951604 NaN NaN NaN NaN NaN 0.313543046716848 0.444386711594340 0.180800507701399 0.060855300859304 0.646493167003529 0.415594804853996 0.457705478152719 0.187101081096448 0.236883795627655 0.155033350788513 NaN NaN NaN NaN NaN 0.097632984182894 0.079559502799018 1.000000000000000 0.012856627355092 -0.005730064853661 0.178855285617525 0.517587849015831 0.239215651559962 0.197907532867391 -0.044058317738716 NaN NaN NaN NaN NaN 0.476703906663909 0.142202679288585 0.156674921753685 0.049436425339879 0.044136675447081 0.373546895827546 0.305924133515294 0.624555939093545 0.431357586979451 0.120604944370800 NaN NaN NaN NaN NaN 0.412878965508650 0.124959863745954 0.297954710683387 0.143828931606146 0.214096790451082 0.315781083603391 0.352199702597145 0.333240380535455 0.295923110000616 0.107406910750400 NaN NaN NaN NaN NaN 0.028173189226290 0.267960280935082 0.781474771592983 0.033011495264617 0.044876215350453 0.004872141715646 0.005069360610728 0.442589863549098 -0.000659084490684 0.296285343730341 NaN NaN NaN NaN NaN 0.439921873749298 0.389161304093565 0.393708419891469 0.459504474733290 0.369756286005135 0.351845828802003 0.331900777334826 0.141377168051895 0.293780364165634 0.302751169065572 NaN NaN NaN NaN NaN 0.483951642523468 0.350342376204699 0.356263682742477 0.375872287992684 0.318156647559624 0.394194708016007 0.365904722519924 0.435933963479454 0.439239357059981 0.415772027192757 
NaN NaN NaN NaN NaN 0.022898847952651 0.008568027270705 0.004016283942520 -0.004175284816572 -0.022088381305564 0.018019787325504 0.027908077144753 0.043967098104291 -0.040478423785088 0.048493407938553 NaN NaN NaN NaN NaN -0.001006454841186 0.024729866078965 0.053615083201817 -0.019111102889764 0.053514617837264 0.022456899803647 0.018982233001360 -0.073451569514346 -0.013125565563839 0.023476861855082 NaN NaN NaN NaN NaN -0.009461002428940 -0.007641148863856 0.029622407475908 0.024801639662267 0.100473354730934 0.003653892924708 0.011514986244827 0.066573831904735 0.127622757070534 0.072391404613795 NaN NaN NaN NaN NaN -0.020120843691598 0.129868743997325 0.012856627355092 1.000000000000000 -0.015774721017386 0.039336493572674 0.030258254486806 0.046160154095172 0.025896728614063 -0.037559757957984 NaN NaN NaN NaN NaN 0.188257725488401 0.150760309573256 0.172231041499436 0.226930538706885 -0.060286329431815 0.056542870578934 0.066181689321204 -0.013262999365734 -0.018803207059976 0.092454519517915 NaN NaN NaN NaN NaN 0.007021747304841 -0.013406324048968 0.068596726512825 0.133273367305472 -0.028881543696769 0.037916191154811 0.046192927436028 0.006145976504910 0.064519138261741 -0.038510146572694 NaN NaN NaN NaN NaN 0.011884677261590 -0.034150613507314 -0.010590932747558 -0.007857474289568 -0.021747637163222 -0.005250203067307 -0.005483505068871 -0.051135806961418 -0.024056796124186 0.011669503051556 NaN NaN NaN NaN NaN 0.054426745017661 0.053717605193241 0.072168676297056 0.113982061209694 0.218979366195515 0.038146387271518 0.056386418652287 0.023742964396931 0.056281645506358 0.043138164613212 NaN NaN NaN NaN NaN 0.030347506530946 0.051653043054618 0.040108558860002 0.117422002959532 0.148125377328500 0.038044631109057 0.044409281239120 0.037143780932974 0.074452055095341 0.106395889839782 
NaN NaN NaN NaN NaN 0.162169918020899 0.155566289536834 0.123959382409000 0.097069900584882 0.084332361591085 0.204832038962544 0.119192938370772 0.134378275995201 0.094790163805102 0.233930542753402 NaN NaN NaN NaN NaN 0.170901702443535 0.014500530106357 0.231268309489488 0.214841463541202 0.021761989325548 0.088704299013493 0.176268069816094 0.112128442649624 0.104463440981336 0.043522177687760 NaN NaN NaN NaN NaN 0.214891110648142 0.430908570249038 0.417659384050329 0.324379787777401 0.196819161757347 0.195050728217567 0.236427089332603 0.154675793909911 0.346957873069274 0.238775290419412 NaN NaN NaN NaN NaN 0.448373048502041 0.044949167627338 -0.005730064853661 -0.015774721017386 1.000000000000000 0.104561929828460 0.151388533796902 0.213074469268056 0.179266311503573 -0.013237222376078 NaN NaN NaN NaN NaN 0.368262660910278 0.090759308521210 0.221545240801800 0.077242157795352 0.450142017256090 0.200243119259134 0.217086533660201 0.125486944868076 0.243830403395789 0.501124901059760 NaN NaN NaN NaN NaN 0.198530940829010 0.064611908723575 0.263013063685908 0.312045928363330 0.042442681291667 0.227600241303895 0.186138921926135 0.142914991738653 0.261263260746699 0.068233554332537 NaN NaN NaN NaN NaN 0.016638052779364 0.036205524824378 -0.013460589889773 0.284897901524820 0.151932781039261 0.047284225835327 0.047391846429804 0.049205985441193 0.037667933599902 0.090504953056720 NaN NaN NaN NaN NaN 0.312338434788371 0.223260526644097 0.318101731253364 0.276918638373431 0.236109397855526 0.105472753143980 0.077347764729610 0.124729425474512 0.176276808283398 0.179081986158347 NaN NaN NaN NaN NaN 0.288092412846768 0.294730442030231 0.261179876545684 0.310566497818114 0.348900181769773 0.221543464176039 0.214385844201988 0.264996935180944 0.278511062888891 0.288486360826279 
NaN NaN NaN NaN NaN 0.525728850140067 0.423601486308819 0.657248598177539 0.244782964896430 0.056360150001323 0.768939712693663 0.393138435175390 0.679198156793115 0.266162508105294 0.408498818973512 NaN NaN NaN NaN NaN 0.567864368161557 0.459919762465029 0.736928568298706 0.799266285066247 0.066580140756600 0.427149042030056 0.669949000982797 0.198485580941465 0.305061385047385 0.157730444110252 NaN NaN NaN NaN NaN 0.846338429495856 0.684979585810938 0.757564724220014 0.579724191738895 0.215218920794481 0.786446613276657 0.844089052670489 0.702740429945974 0.806341348255691 0.716012443358014 NaN NaN NaN NaN NaN 0.345252174241278 0.726778181737864 0.178855285617525 0.039336493572674 0.104561929828460 1.000000000000000 0.711051974144307 0.655156051163099 0.626833971363499 0.041433904724550 NaN NaN NaN NaN NaN 0.499069209286137 0.568392627958592 0.549464982584892 0.648923415480462 0.536549065079764 0.892757186441645 0.854144547993136 0.736016463600323 0.800113041663531 0.674078843029218 NaN NaN NaN NaN NaN 0.709785684351706 0.350407565391994 0.764115935713393 0.804584999427238 0.060989079305572 0.791236314090678 0.830342383671348 0.834138610074571 0.775902019667450 0.330892060115293 NaN NaN NaN NaN NaN 0.480604671401440 0.418880982468274 0.426024865514753 0.590628203872578 0.500848789134000 0.340047347227543 0.340032681730122 0.664346647728149 0.302404536768408 0.544240095794890 NaN NaN NaN NaN NaN 0.842325647012598 0.929833836091265 0.874463992272144 0.797006541127022 0.823023148022154 0.701742645042139 0.800806012624245 0.665018418973593 0.816368717554249 0.699403041448010 NaN NaN NaN NaN NaN 0.736524413404347 0.852922283047029 0.906125477506952 0.793675355927742 0.816416416231742 0.795796609379118 0.850889769434948 0.884971463930770 0.885076707711793 0.852896140267335 
NaN NaN NaN NaN NaN 0.449284616962320 0.407400794012151 0.480970290492864 0.193059542748606 0.015904011998856 0.597717972340259 0.354186065058681 0.504773868743671 0.179652332398780 0.390459147471388 NaN NaN NaN NaN NaN 0.376642778780002 0.394809212660972 0.673866477223429 0.725046464082949 0.068325510382710 0.369800283572669 0.571381471920018 0.086235361682725 0.275458860201812 0.118257922282030 NaN NaN NaN NaN NaN 0.575276899388678 0.738887676875296 0.642674346904105 0.514911312389000 0.412841886160956 0.749096814211319 0.784517245380166 0.650876732334333 0.627294258436889 0.484670148146305 NaN NaN NaN NaN NaN 0.356594506361444 0.703100531112038 0.517587849015831 0.030258254486806 0.151388533796902 0.711051974144307 1.000000000000000 0.424505250421841 0.551820682773852 0.052305632530169 NaN NaN NaN NaN NaN 0.583037942251267 0.526034578201786 0.546775304061913 0.309142399923095 0.448764921398635 0.655879377472766 0.757764714795234 0.847696361592482 0.772557252978129 0.606655583663695 NaN NaN NaN NaN NaN 0.632705419688955 0.275533465969020 0.574565145875165 0.477730749857493 0.132364480347706 0.686671938163336 0.748908658407733 0.740450313840100 0.594578978828390 0.358620331360165 NaN NaN NaN NaN NaN 0.465089277085540 0.360061621964956 0.610959690267077 0.473073763069386 0.364736447516131 0.178208756072128 0.178242011214746 0.614660957906839 0.237438360068857 0.421498091361180 NaN NaN NaN NaN NaN 0.786807888516486 0.799819180735539 0.717990655849604 0.833260439219904 0.764229293576784 0.605645881456476 0.541794150325091 0.526155731477843 0.642620635316165 0.610181666619915 NaN NaN NaN NaN NaN 0.783146260918712 0.755619940261125 0.802286812161722 0.760009627910879 0.758181359409076 0.716395990399940 0.750722573245641 0.812676841482114 0.804329837166667 0.809063601914457 
NaN NaN NaN NaN NaN 0.437006190101041 0.331359033921573 0.562710789113608 0.190808241146772 0.071315321064295 0.612608048420639 0.273130803155297 0.606618615687981 0.186404195097689 0.283585106898872 NaN NaN NaN NaN NaN 0.570848238272437 0.286211406337666 0.517347179188813 0.523034497086323 0.032929299936428 0.357841368944325 0.498294996130421 0.143653242611208 0.193471738701291 0.116268419563013 NaN NaN NaN NaN NaN 0.685347667852916 0.461933308680162 0.478675126277743 0.344849191045618 0.260545298615582 0.520226441688782 0.567476087433837 0.429974040783260 0.722504677241720 0.396809788753919 NaN NaN NaN NaN NaN 0.293383304891418 0.377410983535402 0.239215651559962 0.046160154095172 0.213074469268056 0.655156051163099 0.424505250421841 1.000000000000000 0.399108825049930 -0.010876236513400 NaN NaN NaN NaN NaN 0.408139978572281 0.528888820130242 0.324474075807227 0.762217397030655 0.397871470318672 0.748813771233632 0.642430685279194 0.455177788521121 0.480698028105199 0.485466092427814 NaN NaN NaN NaN NaN 0.497975790881942 0.248949331796133 0.725253130486945 0.744064522145720 0.094710138324048 0.585917278233965 0.603355516184187 0.462211778414392 0.758523442660045 0.122597958508672 NaN NaN NaN NaN NaN 0.357029864181646 0.253276526508718 0.334297755423635 0.279945650588862 0.183448199673188 0.046171094123251 0.046163408041387 0.328676457747073 0.202745932787815 0.373896781291175 NaN NaN NaN NaN NaN 0.644057978024984 0.651281260962994 0.765409053243538 0.582574460074213 0.614668629411169 0.443230474771719 0.751773394411480 0.388679228537521 0.491132885046317 0.447909991510204 NaN NaN NaN NaN NaN 0.559499510781285 0.579901850316865 0.684578262125164 0.652786572391035 0.583152028664481 0.632948639067797 0.647202502370423 0.667588203617911 0.690863329340397 0.645405192065414 
NaN NaN NaN NaN NaN 0.303533353054233 0.336182772152378 0.500114955375926 0.156280841114901 0.089386163078938 0.538198043684620 0.324390894550787 0.489785267140811 0.186717314252647 0.351642076414027 NaN NaN NaN NaN NaN 0.385133459713973 0.299000021780153 0.586275656309757 0.612059514523088 0.114256185317585 0.346216982027068 0.510338038133484 0.179986631682186 0.294159533242915 0.182021142250425 NaN NaN NaN NaN NaN 0.457619343317810 0.483814252202373 0.635060445682616 0.212092081140412 0.406474994609268 0.585916580213318 0.639661157746242 0.665343117904713 0.502753347922275 0.626687328544305 NaN NaN NaN NaN NaN 0.809150551653110 0.585954892548619 0.197907532867391 0.025896728614063 0.179266311503572 0.626833971363499 0.551820682773852 0.399108825049930 1.000000000000000 0.092398879661775 NaN NaN NaN NaN NaN 0.470913348527360 0.504022572910904 0.429046734938801 0.325191694421570 0.552663880270501 0.628068063468045 0.584007714739230 0.548788058432010 0.662198088376810 0.643012785184359 NaN NaN NaN NaN NaN 0.549549458986623 0.302558158103028 0.369238007168775 0.557606122609584 0.056393302679218 0.589478096066826 0.632110557602409 0.591855935230777 0.604993494907442 0.281384882404624 NaN NaN NaN NaN NaN 0.261120662829490 0.044698540059303 0.261633731019709 0.356694829512105 0.216571283496088 -0.024279435230899 -0.024287686732388 0.560887066154082 0.535185318686779 0.536712797967095 NaN NaN NaN NaN NaN 0.610121057673723 0.630629987796740 0.686156108096631 0.672229508510501 0.633916575476629 0.615829905906942 0.443340883307321 0.536043471768573 0.713703363635663 0.688968909486737 NaN NaN NaN NaN NaN 0.642736787078461 0.601834810274718 0.725072093661025 0.596625041714136 0.745739184464860 0.595953120760272 0.661247109366505 0.699842564452403 0.667614605362427 0.703931723766131 
NaN NaN NaN NaN NaN 0.100252317100698 0.057218883788229 0.018443948092341 -0.084834578235666 0.019089814583447 0.048724775794557 0.097211289961472 -0.006663514307302 0.035986688125107 0.121154488395383 NaN NaN NaN NaN NaN 0.011978801313927 -0.051056843821777 0.055970129147800 0.064240917229727 0.026521323554011 -0.027050225120495 0.056128211763456 0.011650308540201 0.016243961748726 0.018524058326215 NaN NaN NaN NaN NaN 0.006307060173102 0.045364496527648 0.035660163622972 0.040891960672518 -0.013441488312922 0.078263397392891 0.047589087084870 0.035050096044028 0.043543145062317 0.100857752036076 NaN NaN NaN NaN NaN 0.019755481539418 0.080746311886382 -0.044058317738716 -0.037559757957984 -0.013237222376078 0.041433904724550 0.052305632530169 -0.010876236513400 0.092398879661775 1.000000000000000 NaN NaN NaN NaN NaN -0.003031884477650 0.088976643378817 0.090718103808176 0.010297566034207 0.039276060526102 0.027863287200332 0.060591918786478 0.042276029050194 0.065847870627144 0.040128600558899 NaN NaN NaN NaN NaN 0.030763115792110 0.055009493204911 0.075957045964882 -0.014542675799697 0.000675222289265 0.075856399899249 0.024363101614111 0.084510705544634 0.041248256404131 0.094973470154541 NaN NaN NaN NaN NaN 0.027364446761935 0.048856773947100 -0.002340049000802 0.093602424263349 0.090197503698310 0.055352534650374 0.055330409283371 0.035095954427411 0.080220998630422 0.048071670602103 NaN NaN NaN NaN NaN 0.054465040878509 0.064748180804065 0.017736423856424 0.062084749391566 0.087574194213301 0.059613563644250 0.017979295153528 0.031340929116088 0.045546292229471 0.097855566048733 NaN NaN NaN NaN NaN 0.064026831953286 0.061002008205968 0.049778213763780 0.043461463071121 0.059646144390015 0.068416923452382 0.073592770082730 0.059194896133233 0.060509474777317 0.084813795164269 
NaN NaN NaN NaN NaN NaN NaN NaN NaN NaN NaN NaN NaN NaN NaN NaN NaN NaN NaN NaN NaN NaN NaN NaN NaN NaN NaN NaN NaN NaN NaN NaN NaN NaN NaN NaN NaN NaN NaN NaN NaN NaN NaN NaN NaN NaN NaN NaN NaN NaN NaN NaN NaN NaN NaN NaN NaN NaN NaN NaN NaN NaN NaN NaN NaN NaN NaN NaN NaN NaN NaN NaN NaN NaN NaN NaN NaN NaN NaN NaN NaN NaN NaN NaN NaN NaN NaN NaN NaN NaN NaN NaN NaN NaN NaN NaN NaN NaN NaN NaN NaN NaN NaN NaN NaN NaN NaN NaN NaN NaN NaN NaN NaN NaN NaN NaN NaN NaN NaN NaN NaN NaN NaN NaN NaN NaN NaN NaN NaN NaN NaN NaN NaN NaN NaN 
NaN NaN NaN NaN NaN NaN NaN NaN NaN NaN NaN NaN NaN NaN NaN NaN NaN NaN NaN NaN NaN NaN NaN NaN NaN NaN NaN NaN NaN NaN NaN NaN NaN NaN NaN NaN NaN NaN NaN NaN NaN NaN NaN NaN NaN NaN NaN NaN NaN NaN NaN NaN NaN NaN NaN NaN NaN NaN NaN NaN NaN NaN NaN NaN NaN NaN NaN NaN NaN NaN NaN NaN NaN NaN NaN NaN NaN NaN NaN NaN NaN NaN NaN NaN NaN NaN NaN NaN NaN NaN NaN NaN NaN NaN NaN NaN NaN NaN NaN NaN NaN NaN NaN NaN NaN NaN NaN NaN NaN NaN NaN NaN NaN NaN NaN NaN NaN NaN NaN NaN NaN NaN NaN NaN NaN NaN NaN NaN NaN NaN NaN NaN NaN NaN NaN 
NaN NaN NaN NaN NaN NaN NaN NaN NaN NaN NaN NaN NaN NaN NaN NaN NaN NaN NaN NaN NaN NaN NaN NaN NaN NaN NaN NaN NaN NaN NaN NaN NaN NaN NaN NaN NaN NaN NaN NaN NaN NaN NaN NaN NaN NaN NaN NaN NaN NaN NaN NaN NaN NaN NaN NaN NaN NaN NaN NaN NaN NaN NaN NaN NaN NaN NaN NaN NaN NaN NaN NaN NaN NaN NaN NaN NaN NaN NaN NaN NaN NaN NaN NaN NaN NaN NaN NaN NaN NaN NaN NaN NaN NaN NaN NaN NaN NaN NaN NaN NaN NaN NaN NaN NaN NaN NaN NaN NaN NaN NaN NaN NaN NaN NaN NaN NaN NaN NaN NaN NaN NaN NaN NaN NaN NaN NaN NaN NaN NaN NaN NaN NaN NaN NaN 
NaN NaN NaN NaN NaN NaN NaN NaN NaN NaN NaN NaN NaN NaN NaN NaN NaN NaN NaN NaN NaN NaN NaN NaN NaN NaN NaN NaN NaN NaN NaN NaN NaN NaN NaN NaN NaN NaN NaN NaN NaN NaN NaN NaN NaN NaN NaN NaN NaN NaN NaN NaN NaN NaN NaN NaN NaN NaN NaN NaN NaN NaN NaN NaN NaN NaN NaN NaN NaN NaN NaN NaN NaN NaN NaN NaN NaN NaN NaN NaN NaN NaN NaN NaN NaN NaN NaN NaN NaN NaN NaN NaN NaN NaN NaN NaN NaN NaN NaN NaN NaN NaN NaN NaN NaN NaN NaN NaN NaN NaN NaN NaN NaN NaN NaN NaN NaN NaN NaN NaN NaN NaN NaN NaN NaN NaN NaN NaN NaN NaN NaN NaN NaN NaN NaN 
NaN NaN NaN NaN NaN NaN NaN NaN NaN NaN NaN NaN NaN NaN NaN NaN NaN NaN NaN NaN NaN NaN NaN NaN NaN NaN NaN NaN NaN NaN NaN NaN NaN NaN NaN NaN NaN NaN NaN NaN NaN NaN NaN NaN NaN NaN NaN NaN NaN NaN NaN NaN NaN NaN NaN NaN NaN NaN NaN NaN NaN NaN NaN NaN NaN NaN NaN NaN NaN NaN NaN NaN NaN NaN NaN NaN NaN NaN NaN NaN NaN NaN NaN NaN NaN NaN NaN NaN NaN NaN NaN NaN NaN NaN NaN NaN NaN NaN NaN NaN NaN NaN NaN NaN NaN NaN NaN NaN NaN NaN NaN NaN NaN NaN NaN NaN NaN NaN NaN NaN NaN NaN NaN NaN NaN NaN NaN NaN NaN NaN NaN NaN NaN NaN NaN 
NaN NaN NaN NaN NaN 0.336358694055174 0.402503926084373 0.453620653610794 0.211133014598917 0.038271816860125 0.459713010403502 0.290373873644744 0.343878860089959 0.192708299587681 0.393632945441648 NaN NaN NaN NaN NaN 0.248037239145106 0.321602795426328 0.546372583365395 0.604731000982936 0.099299327280330 0.317951140306924 0.448929490158156 0.098413549427380 0.202559363038247 0.117300096824841 NaN NaN NaN NaN NaN 0.514223770677883 0.653089327559527 0.469717115649374 0.248877939329767 0.483964742954239 0.545902617664752 0.606862360325976 0.410375138275183 0.462070255515894 0.366786504098766 NaN NaN NaN NaN NaN 0.344220858869098 0.326465064435692 0.476703906663909 0.188257725488401 0.368262660910278 0.499069209286137 0.583037942251267 0.408139978572281 0.470913348527360 -0.003031884477650 NaN NaN NaN NaN NaN 1.000000000000000 0.261367928904889 0.355218508163566 0.243570321219256 0.329548181488361 0.535274130930038 0.515167906341855 0.668820113833721 0.608995996025005 0.579425440800790 NaN NaN NaN NaN NaN 0.589743392495002 0.211626941209776 0.482316247677044 0.477535618161770 0.118233613714872 0.537066126584332 0.541956498413171 0.518169361456606 0.451404782077400 0.241927311699151 NaN NaN NaN NaN NaN 0.232615544139843 0.186589418068670 0.601527559953363 0.267720305947533 0.147448723869167 -0.021244300734417 -0.021189224834859 0.501293299072835 0.216332431792780 0.350676227725105 NaN NaN NaN NaN NaN 0.595534706904573 0.632751876440725 0.608952894340798 0.634026265809960 0.620595398157484 0.495964667679210 0.428683730302051 0.396466052994052 0.580796588677485 0.477416558421333 NaN NaN NaN NaN NaN 0.587973119595560 0.606060481644158 0.618121188442645 0.598490584190505 0.589873589072032 0.558916174092749 0.570975280397584 0.649642146386498 0.640884557261214 0.632227015030041 
NaN NaN NaN NaN NaN 0.411077169546095 0.350005804630314 0.340550438645982 0.102919098023105 0.109176330018412 0.540317581611340 0.379899582577111 0.539336505504791 0.188042283871476 0.303875073511614 NaN NaN NaN NaN NaN 0.363589177336705 0.320273593455906 0.600816786672254 0.631539605452297 0.142357751703465 0.332593323955310 0.525478269927462 0.179145104298988 0.308796394346489 0.221512388178295 NaN NaN NaN NaN NaN 0.396374659397497 0.412186310309318 0.635728857477086 0.452412124519432 0.217327111655565 0.588427887393656 0.631164547288227 0.634067271177894 0.604764150665402 0.652792220266718 NaN NaN NaN NaN NaN 0.428316985417904 0.673925350612993 0.142202679288585 0.150760309573256 0.090759308521210 0.568392627958592 0.526034578201785 0.528888820130242 0.504022572910904 0.088976643378817 NaN NaN NaN NaN NaN 0.261367928904889 1.000000000000000 0.550985538799675 0.396720775325674 0.589701464930561 0.597922206886870 0.616018311325200 0.450141928167710 0.569167102292952 0.431494863908389 NaN NaN NaN NaN NaN 0.476130353627647 0.287183723821569 0.460763859135652 0.531247407355176 0.009211667774920 0.652299245952623 0.613162788929775 0.631007848196074 0.575601504755674 0.247793052980159 NaN NaN NaN NaN NaN 0.269027644206623 0.312697734754406 0.132052750286719 0.593001009986456 0.563907321551322 0.427641824859436 0.427604969206873 0.496354553556991 0.316341842641479 0.496691194657538 NaN NaN NaN NaN NaN 0.618867854477163 0.580899839046371 0.592031283704056 0.640763334065327 0.669049011717904 0.521508981862376 0.421189019904778 0.464861387621669 0.581007305648937 0.630268647480647 NaN NaN NaN NaN NaN 0.616852739800421 0.648320427846484 0.615560338061275 0.631705191653677 0.683452239077201 0.568926626892285 0.615355446365498 0.611799849339054 0.621165387122882 0.668294888018789 
NaN NaN NaN NaN NaN 0.467244645418542 0.355578095350513 0.373069387090001 0.193343793487690 0.206120664735760 0.551496001236765 0.366931197145067 0.500883045872525 0.276311196783697 0.336463000745759 NaN NaN NaN NaN NaN 0.357609496394183 0.255764365255133 0.581537953950999 0.623855053913803 0.099499211874417 0.367321125532425 0.504959178940099 0.281559248953268 0.319624532992823 0.245887577550228 NaN NaN NaN NaN NaN 0.373270424168003 0.460742280820871 0.675372130113322 0.510411115045123 0.254558892811128 0.611190796706868 0.699447796845402 0.677772508395419 0.652564813780664 0.670380480373903 NaN NaN NaN NaN NaN 0.412807808922997 0.715503174791111 0.156674921753685 0.172231041499436 0.221545240801800 0.549464982584892 0.546775304061913 0.324474075807227 0.429046734938801 0.090718103808176 NaN NaN NaN NaN NaN 0.355218508163566 0.550985538799675 1.000000000000000 0.410454555287805 0.482560570575829 0.533873330585818 0.648734968621705 0.507417802660480 0.683312461479848 0.493879821088291 NaN NaN NaN NaN NaN 0.483401991573017 0.268980170719955 0.550803782525094 0.460937076387439 0.102525695882343 0.645765304204672 0.660352064732499 0.694186305211115 0.614445874112802 0.149028234955063 NaN NaN NaN NaN NaN 0.337508569467721 0.227293624699921 0.164839530613867 0.717490677276481 0.636996877327980 0.383783498920213 0.383799609648295 0.418837898034185 0.443092286973813 0.481099119043174 NaN NaN NaN NaN NaN 0.673081671933128 0.636594165824802 0.631209187336345 0.702004197259786 0.702259223744221 0.571690399648188 0.363890421702580 0.558132001158707 0.577297734494997 0.634335937386888 NaN NaN NaN NaN NaN 0.681916566296521 0.688555778128472 0.660985697665518 0.685808460425511 0.679941219811009 0.566002348395546 0.632145881209279 0.644216377326701 0.667013969776363 0.719714083618684 
NaN NaN NaN NaN NaN 0.448838254446757 0.281686836029731 0.540468848677601 0.191013855887511 0.042214396258648 0.621486259273600 0.233872946773508 0.622460955531020 0.160451407624356 0.212953566668053 NaN NaN NaN NaN NaN 0.607908685304362 0.208988117503790 0.426936129963415 0.472548650332734 -0.005902142159662 0.346449186126867 0.439367013862557 0.122396651091809 0.186134096428889 0.057015755920542 NaN NaN NaN NaN NaN 0.686944847902482 0.357020396520983 0.466408326711828 0.344746350720454 0.127229402311501 0.429431243968957 0.513890156921598 0.453936544586430 0.786466783525385 0.435887744007298 NaN NaN NaN NaN NaN 0.245132386441918 0.494243928868077 0.049436425339879 0.226930538706885 0.077242157795352 0.648923415480462 0.309142399923095 0.762217397030655 0.325191694421571 0.010297566034207 NaN NaN NaN NaN NaN 0.243570321219256 0.396720775325674 0.410454555287805 1.000000000000000 0.415799201311677 0.742989604396157 0.672815305402589 0.323593512843659 0.428322602075755 0.365842748156828 NaN NaN NaN NaN NaN 0.340130523841636 0.254282030686863 0.836095237115360 0.794472957851529 0.016905178517463 0.550987924753710 0.564321722601572 0.475312627919545 0.827229894610999 0.121489218503382 NaN NaN NaN NaN NaN 0.372129853971997 0.096420943540121 0.157971140577141 0.443219356602315 0.364177084178606 0.218191774621166 0.218095507370186 0.321576533584673 0.312270846614645 0.445545088507294 NaN NaN NaN NaN NaN 0.649759680941216 0.593806041550826 0.718637977217393 0.465910164811868 0.559618655333761 0.344376495799235 0.743921169387409 0.382650008771512 0.488879048202548 0.475002250182908 NaN NaN NaN NaN NaN 0.451140721050560 0.577825038713287 0.597916563334862 0.671308286092542 0.531826244050713 0.537175655799099 0.588605391133309 0.598724394036689 0.620076688368770 0.581584026373800 
NaN NaN NaN NaN NaN 0.407170397358134 0.437675290430595 0.412612330942352 0.154328598343571 0.103138718072244 0.608154509828403 0.366911714396634 0.559822866290333 0.226130892960974 0.301305570374079 NaN NaN NaN NaN NaN 0.412701425378324 0.242690947345714 0.692592415862319 0.610321463609589 0.088184403948966 0.337554872714200 0.552922439465828 0.215093390234587 0.366839241960664 0.159925137489894 NaN NaN NaN NaN NaN 0.432025871530783 0.524953758384256 0.765718835002569 0.481696035110895 0.321146492382879 0.655117091968433 0.644511207031796 0.666351624646656 0.659145591852984 0.710536374460014 NaN NaN NaN NaN NaN 0.626383168174432 0.663313770767959 0.044136675447081 -0.060286329431815 0.450142017256090 0.536549065079764 0.448764921398635 0.397871470318672 0.552663880270501 0.039276060526102 NaN NaN NaN NaN NaN 0.329548181488361 0.589701464930561 0.482560570575829 0.415799201311677 1.000000000000000 0.634739880206053 0.654851727351758 0.354401283581877 0.578936614297178 0.526854113424189 NaN NaN NaN NaN NaN 0.527039034660585 0.305651280113345 0.488189521138740 0.499546118300044 0.041508599388441 0.658853412537727 0.583025480103775 0.640128518844209 0.620033136779036 0.201059486442088 NaN NaN NaN NaN NaN 0.290297500233471 0.361093443030788 0.085566140364714 0.718208286494414 0.625227685558437 0.505173944594370 0.505122494560130 0.617840284314637 0.332263979627914 0.696358380205120 NaN NaN NaN NaN NaN 0.680239959676266 0.550038057650055 0.637401938815936 0.605203018513486 0.646324232441760 0.544693044023168 0.429667917551916 0.504367665047627 0.689388645495811 0.712685070433318 NaN NaN NaN NaN NaN 0.656501506197523 0.706114685364658 0.630823707641616 0.653364466176736 0.717544941526589 0.586944537539611 0.629212679021037 0.644229542741342 0.626466100585146 0.671026369793021 
NaN NaN NaN NaN NaN 0.555269402676904 0.490540384790464 0.748739452506338 0.235558633289209 0.062650528497293 0.846286473221812 0.415780943667210 0.777278849302511 0.272239575176146 0.419724417559716 NaN NaN NaN NaN NaN 0.665969399029691 0.413865274536403 0.849459781052476 0.861498245289117 0.069148960885461 0.468304865598802 0.745049749473870 0.207398488066855 0.335972767705930 0.164745960742846 NaN NaN NaN NaN NaN 0.892868846654302 0.709998293160681 0.758770706971215 0.510723942124360 0.454007495538963 0.827490833652158 0.901670888068788 0.735235910170530 0.881771197171027 0.751309211148100 NaN NaN NaN NaN NaN 0.483882134913825 0.653510714691257 0.373546895827546 0.056542870578934 0.200243119259134 0.892757186441645 0.655879377472766 0.748813771233632 0.628068063468045 0.027863287200332 NaN NaN NaN NaN NaN 0.535274130930038 0.597922206886870 0.533873330585818 0.742989604396157 0.634739880206053 1.000000000000000 0.879924991932869 0.718499315312745 0.808315525400531 0.572436200490222 NaN NaN NaN NaN NaN 0.736695032548893 0.370354930686715 0.882774167672534 0.840254257334763 0.117546214686461 0.848201189158313 0.826422945944326 0.840192560879159 0.916551233150166 0.279700038492293 NaN NaN NaN NaN NaN 0.331681610651278 0.488475136790454 0.508249885375380 0.651204505510930 0.579598629837496 0.423327852787661 0.423372552024950 0.772769683431544 0.362243564800783 0.712427653715055 NaN NaN NaN NaN NaN 0.901301305325592 0.914098489446069 0.933747149222582 0.805416041538520 0.845159700634921 0.775253616958049 0.914821763527403 0.639224812056629 0.858121258956593 0.771595684741522 NaN NaN NaN NaN NaN 0.823237786317479 0.898897084926510 0.897301189337068 0.837074682174936 0.817726222589896 0.842156200928400 0.884835225979661 0.932545008873785 0.933951883017342 0.889650754056509 
NaN NaN NaN NaN NaN 0.592457753966830 0.527554494928906 0.614099498667325 0.228898551528500 0.095978188329588 0.814138254488606 0.445843392287252 0.713487707104851 0.287205970898284 0.422934743505334 NaN NaN NaN NaN NaN 0.678341737406945 0.427431039609884 0.811058322459953 0.847792403902899 0.075889993900425 0.455967207839756 0.713234582191771 0.213307561229478 0.349229329248822 0.160959102592065 NaN NaN NaN NaN NaN 0.725021415535064 0.769716779995271 0.788892210456877 0.637822350628228 0.419778391972639 0.852714105370987 0.883100587715284 0.860684362862715 0.870466536193795 0.749877093294388 NaN NaN NaN NaN NaN 0.476114050304298 0.795483286644084 0.305924133515294 0.066181689321204 0.217086533660201 0.854144547993136 0.757764714795234 0.642430685279194 0.584007714739230 0.060591918786478 NaN NaN NaN NaN NaN 0.515167906341855 0.616018311325200 0.648734968621705 0.672815305402589 0.654851727351758 0.879924991932869 1.000000000000000 0.776671847718809 0.849526207854478 0.626559881376134 NaN NaN NaN NaN NaN 0.701995502229033 0.385972856016451 0.839431857070020 0.709755051352484 0.103800013917701 0.848872814894477 0.868832605120885 0.891928569101484 0.866452261705885 0.306970133538109 NaN NaN NaN NaN NaN 0.485930815007476 0.395968299704365 0.483751420001760 0.726805295890770 0.603826697400902 0.382721124783841 0.382778103509990 0.677346713909230 0.433567069132227 0.683059529646558 NaN NaN NaN NaN NaN 0.931785243455303 0.901470041028531 0.904761858938216 0.856520278580287 0.863002122868983 0.730645517411445 0.748003179465492 0.819312117173570 0.836382272360476 0.781631100800586 NaN NaN NaN NaN NaN 0.882551240983086 0.918484548936009 0.898793824795576 0.909085488416356 0.856889158758925 0.825657458744338 0.877244118589979 0.922746183731845 0.927621091278606 0.915652240172819 
NaN NaN NaN NaN NaN 0.459653050731741 0.494162823157277 0.570762799892711 0.190212227029867 0.050183258784164 0.647419395011372 0.388571225669462 0.518199956973732 0.239813651067232 0.435634654024459 NaN NaN NaN NaN NaN 0.407711190894139 0.462969286404032 0.729708774613616 0.830845934739421 0.098811171823480 0.388718780148033 0.611783229429738 0.128113447080390 0.276036936506844 0.155355991868874 NaN NaN NaN NaN NaN 0.627029296264585 0.833044715707318 0.607061594299100 0.490532066682921 0.544075365278060 0.799816577633327 0.834365805749350 0.636689454808302 0.617961337751399 0.545218401651158 NaN NaN NaN NaN NaN 0.323453060855057 0.596962292129236 0.624555939093545 -0.013262999365734 0.125486944868076 0.736016463600323 0.847696361592482 0.455177788521121 0.548788058432010 0.042276029050194 NaN NaN NaN NaN NaN 0.668820113833721 0.450141928167710 0.507417802660480 0.323593512843659 0.354401283581877 0.718499315312745 0.776671847718809 1.000000000000000 0.831236283791341 0.581413927425880 NaN NaN NaN NaN NaN 0.718907659458332 0.323340291286145 0.653137000268371 0.509788271768442 0.163421844731307 0.731722694116087 0.779339731236090 0.804817770014267 0.619084422867463 0.355662477823158 NaN NaN NaN NaN NaN 0.420554343757113 0.316748580281734 0.799427485512858 0.454039590620940 0.343634706134458 0.139173780847511 0.139361170527498 0.672903401311536 0.316135670958094 0.520109337512679 NaN NaN NaN NaN NaN 0.818566740549145 0.853831197505927 0.764263241784398 0.820640643472159 0.748581992775810 0.666236169155358 0.566767680084510 0.571905034173812 0.748827377410548 0.645774778584536 NaN NaN NaN NaN NaN 0.805009306240080 0.763614494245565 0.799217603227794 0.750022285219182 0.745747604720733 0.744765081871147 0.772256156649794 0.845868001060896 0.839239951583335 0.816025934246015 
NaN NaN NaN NaN NaN 0.571181391551868 0.549440361401314 0.586723035851074 0.208939585338546 0.118920584005292 0.755958221467862 0.456708976396175 0.645475659969775 0.306726923632548 0.473380088166636 NaN NaN NaN NaN NaN 0.497903621458173 0.450274308075064 0.864376747245427 0.920190514299079 0.114152739131043 0.451254235471523 0.725055754307660 0.244160272149473 0.378294322452922 0.223295209463260 NaN NaN NaN NaN NaN 0.665150525690824 0.794970659766896 0.788452072933942 0.565868625102361 0.476092788065725 0.873321287651983 0.925754933244445 0.772430674471741 0.762615218771650 0.792658392177346 NaN NaN NaN NaN NaN 0.525710438532874 0.693394086976534 0.431357586979451 -0.018803207059976 0.243830403395789 0.800113041663531 0.772557252978129 0.480698028105199 0.662198088376810 0.065847870627144 NaN NaN NaN NaN NaN 0.608995996025005 0.569167102292952 0.683312461479848 0.428322602075755 0.578936614297178 0.808315525400531 0.849526207854478 0.831236283791341 1.000000000000000 0.635857447977814 NaN NaN NaN NaN NaN 0.782879311586018 0.378775972475638 0.717126029017869 0.627136545399547 0.140071400760970 0.851235590688513 0.859658773087538 0.924471700552740 0.760083250584650 0.310428588670016 NaN NaN NaN NaN NaN 0.346207112660228 0.446244481809921 0.541486057176566 0.727199564522391 0.631103198926360 0.375085849715443 0.375139015548972 0.756865584450342 0.500853234537931 0.670917034454103 NaN NaN NaN NaN NaN 0.902324890753250 0.911278927723479 0.841714370875264 0.898933402375252 0.853978549769674 0.842989555292588 0.655213956167176 0.698150779253413 0.864709814776564 0.813275890456715 NaN NaN NaN NaN NaN 0.916331551314830 0.915913784205291 0.908892845060000 0.826677811069390 0.859353478654809 0.819677779492384 0.882122971976961 0.924702152256552 0.920724182539029 0.923292172772708 
NaN NaN NaN NaN NaN 0.406552165777813 0.319349283255930 0.427787320986542 0.240228241688119 0.135262836376970 0.524876465529029 0.312685241386598 0.408377665237799 0.207356405364389 0.415745941034825 NaN NaN NaN NaN NaN 0.364414448970821 0.354063407629023 0.501187591584678 0.597054950887845 0.085742463092652 0.314783268573451 0.472411642897552 0.181371383345439 0.231152421432235 0.162142836956837 NaN NaN NaN NaN NaN 0.529527494594453 0.680521604315825 0.637584326681087 0.487279918241680 0.243975973627736 0.573996756926631 0.613304801989413 0.544550177057729 0.599058633399785 0.565173897571704 NaN NaN NaN NaN NaN 0.543981532993355 0.537316612777056 0.120604944370800 0.092454519517915 0.501124901059760 0.674078843029218 0.606655583663695 0.485466092427814 0.643012785184359 0.040128600558899 NaN NaN NaN NaN NaN 0.579425440800790 0.431494863908389 0.493879821088291 0.365842748156828 0.526854113424189 0.572436200490222 0.626559881376134 0.581413927425880 0.635857447977814 1.000000000000000 NaN NaN NaN NaN NaN 0.521400764840153 0.202343770829164 0.486242860468011 0.588946645633479 0.050859078530946 0.591863619096997 0.646908355802353 0.575701895747347 0.599231995982741 0.296590880193520 NaN NaN NaN NaN NaN 0.347379769901245 0.034913973106161 0.266682037694974 0.383630960259205 0.209469761860827 -0.045462575870349 -0.045479040260546 0.383734168387136 0.353554526164985 0.294731449373567 NaN NaN NaN NaN NaN 0.680062168811344 0.709203452996028 0.721369151452950 0.717664468638375 0.655555488994034 0.435912914184320 0.383171886135258 0.492580778329509 0.599433476374656 0.567297617412804 NaN NaN NaN NaN NaN 0.613340334418586 0.626188617001803 0.751132167217570 0.695259389295514 0.782378612707527 0.591806528597183 0.645958256689160 0.701054570959440 0.691115424083081 0.716411098128328 
NaN NaN NaN NaN NaN NaN NaN NaN NaN NaN NaN NaN NaN NaN NaN NaN NaN NaN NaN NaN NaN NaN NaN NaN NaN NaN NaN NaN NaN NaN NaN NaN NaN NaN NaN NaN NaN NaN NaN NaN NaN NaN NaN NaN NaN NaN NaN NaN NaN NaN NaN NaN NaN NaN NaN NaN NaN NaN NaN NaN NaN NaN NaN NaN NaN NaN NaN NaN NaN NaN NaN NaN NaN NaN NaN NaN NaN NaN NaN NaN NaN NaN NaN NaN NaN NaN NaN NaN NaN NaN NaN NaN NaN NaN NaN NaN NaN NaN NaN NaN NaN NaN NaN NaN NaN NaN NaN NaN NaN NaN NaN NaN NaN NaN NaN NaN NaN NaN NaN NaN NaN NaN NaN NaN NaN NaN NaN NaN NaN NaN NaN NaN NaN NaN NaN 
NaN NaN NaN NaN NaN NaN NaN NaN NaN NaN NaN NaN NaN NaN NaN NaN NaN NaN NaN NaN NaN NaN NaN NaN NaN NaN NaN NaN NaN NaN NaN NaN NaN NaN NaN NaN NaN NaN NaN NaN NaN NaN NaN NaN NaN NaN NaN NaN NaN NaN NaN NaN NaN NaN NaN NaN NaN NaN NaN NaN NaN NaN NaN NaN NaN NaN NaN NaN NaN NaN NaN NaN NaN NaN NaN NaN NaN NaN NaN NaN NaN NaN NaN NaN NaN NaN NaN NaN NaN NaN NaN NaN NaN NaN NaN NaN NaN NaN NaN NaN NaN NaN NaN NaN NaN NaN NaN NaN NaN NaN NaN NaN NaN NaN NaN NaN NaN NaN NaN NaN NaN NaN NaN NaN NaN NaN NaN NaN NaN NaN NaN NaN NaN NaN NaN 
NaN NaN NaN NaN NaN NaN NaN NaN NaN NaN NaN NaN NaN NaN NaN NaN NaN NaN NaN NaN NaN NaN NaN NaN NaN NaN NaN NaN NaN NaN NaN NaN NaN NaN NaN NaN NaN NaN NaN NaN NaN NaN NaN NaN NaN NaN NaN NaN NaN NaN NaN NaN NaN NaN NaN NaN NaN NaN NaN NaN NaN NaN NaN NaN NaN NaN NaN NaN NaN NaN NaN NaN NaN NaN NaN NaN NaN NaN NaN NaN NaN NaN NaN NaN NaN NaN NaN NaN NaN NaN NaN NaN NaN NaN NaN NaN NaN NaN NaN NaN NaN NaN NaN NaN NaN NaN NaN NaN NaN NaN NaN NaN NaN NaN NaN NaN NaN NaN NaN NaN NaN NaN NaN NaN NaN NaN NaN NaN NaN NaN NaN NaN NaN NaN NaN 
NaN NaN NaN NaN NaN NaN NaN NaN NaN NaN NaN NaN NaN NaN NaN NaN NaN NaN NaN NaN NaN NaN NaN NaN NaN NaN NaN NaN NaN NaN NaN NaN NaN NaN NaN NaN NaN NaN NaN NaN NaN NaN NaN NaN NaN NaN NaN NaN NaN NaN NaN NaN NaN NaN NaN NaN NaN NaN NaN NaN NaN NaN NaN NaN NaN NaN NaN NaN NaN NaN NaN NaN NaN NaN NaN NaN NaN NaN NaN NaN NaN NaN NaN NaN NaN NaN NaN NaN NaN NaN NaN NaN NaN NaN NaN NaN NaN NaN NaN NaN NaN NaN NaN NaN NaN NaN NaN NaN NaN NaN NaN NaN NaN NaN NaN NaN NaN NaN NaN NaN NaN NaN NaN NaN NaN NaN NaN NaN NaN NaN NaN NaN NaN NaN NaN 
NaN NaN NaN NaN NaN NaN NaN NaN NaN NaN NaN NaN NaN NaN NaN NaN NaN NaN NaN NaN NaN NaN NaN NaN NaN NaN NaN NaN NaN NaN NaN NaN NaN NaN NaN NaN NaN NaN NaN NaN NaN NaN NaN NaN NaN NaN NaN NaN NaN NaN NaN NaN NaN NaN NaN NaN NaN NaN NaN NaN NaN NaN NaN NaN NaN NaN NaN NaN NaN NaN NaN NaN NaN NaN NaN NaN NaN NaN NaN NaN NaN NaN NaN NaN NaN NaN NaN NaN NaN NaN NaN NaN NaN NaN NaN NaN NaN NaN NaN NaN NaN NaN NaN NaN NaN NaN NaN NaN NaN NaN NaN NaN NaN NaN NaN NaN NaN NaN NaN NaN NaN NaN NaN NaN NaN NaN NaN NaN NaN NaN NaN NaN NaN NaN NaN 
NaN NaN NaN NaN NaN 0.435011892190482 0.856712784910839 0.561916632282341 0.217249961959976 0.095055375065965 0.671961931152139 0.436740624491323 0.582589280431446 0.271890362311720 0.431459203318724 NaN NaN NaN NaN NaN 0.421479320991706 0.419815911675750 0.796486540005470 0.772471341311401 0.111130165770415 0.379573130874112 0.688111065532297 0.224942739287150 0.309735502249424 0.224099092533189 NaN NaN NaN NaN NaN 0.597413744493045 0.686839931645616 0.708725009462374 0.491637238356004 0.427140982874730 0.806348483736235 0.802900802765216 0.649774024082155 0.614111436840540 0.660850473225963 NaN NaN NaN NaN NaN 0.383616549387285 0.545452060369805 0.412878965508650 0.007021747304841 0.198530940829010 0.709785684351706 0.632705419688955 0.497975790881942 0.549549458986623 0.030763115792110 NaN NaN NaN NaN NaN 0.589743392495002 0.476130353627647 0.483401991573017 0.340130523841636 0.527039034660585 0.736695032548893 0.701995502229033 0.718907659458332 0.782879311586018 0.521400764840153 NaN NaN NaN NaN NaN 1.000000000000000 0.362629144315713 0.590719833526010 0.565465983533520 0.205416888671155 0.821448700858781 0.734031395085199 0.771787757133487 0.608522691054491 0.249218083101550 NaN NaN NaN NaN NaN 0.384168593706111 0.478319071556423 0.559861612310703 0.543128192207857 0.458706029178279 0.317239308736617 0.317257738176818 0.683887164642964 0.270434979756748 0.633398661674658 NaN NaN NaN NaN NaN 0.748334667050624 0.782631668374995 0.746426466361024 0.803260651949229 0.739785565758840 0.732879452786106 0.606634880952691 0.577067958200723 0.790078948023888 0.682861467902849 NaN NaN NaN NaN NaN 0.786178542562417 0.779160519076537 0.778842497989406 0.679519024408957 0.724186210172185 0.733328876091305 0.753049587582612 0.795763710199607 0.794198366573948 0.781216931695447 
NaN NaN NaN NaN NaN 0.253496751442536 0.300684482570364 0.238682245076146 0.103765797692587 0.057778107140540 0.410205301452380 0.376600525891391 0.345895113169556 0.072798701371882 0.183648040384459 NaN NaN NaN NaN NaN 0.289211948311111 0.178583681656723 0.389585698851128 0.403984304908516 0.081765059250417 0.193428494827177 0.312829986711910 0.074444893172327 0.322954199456642 0.116375319984318 NaN NaN NaN NaN NaN 0.253472920625110 0.298659059174766 0.371707333738644 0.229520746125150 0.243311171201112 0.387461529392844 0.382545914952836 0.364613235211407 0.337996445236283 0.338583680196577 NaN NaN NaN NaN NaN 0.258485611994724 0.362527017036135 0.124959863745954 -0.013406324048968 0.064611908723575 0.350407565391994 0.275533465969020 0.248949331796133 0.302558158103028 0.055009493204911 NaN NaN NaN NaN NaN 0.211626941209776 0.287183723821569 0.268980170719955 0.254282030686863 0.305651280113345 0.370354930686714 0.385972856016452 0.323340291286145 0.378775972475638 0.202343770829164 NaN NaN NaN NaN NaN 0.362629144315713 1.000000000000000 0.311538763903781 0.310183792848634 0.057622682205660 0.404434610972761 0.387169967216140 0.397955218610601 0.345403335971779 0.100312514960409 NaN NaN NaN NaN NaN 0.288150825673367 0.171388288217641 0.235973288638727 0.328825450922727 0.249429796911146 0.135091417883417 0.135009129752215 0.316472633586097 0.263682042110838 0.387770765191577 NaN NaN NaN NaN NaN 0.382524164257129 0.362618552358810 0.377618133983173 0.357465098956823 0.366580747590006 0.379952065179362 0.302272845983736 0.319529630719985 0.422067665032831 0.369724466231382 NaN NaN NaN NaN NaN 0.382262849779566 0.368819607777467 0.384034082313897 0.350145299234179 0.355744474449406 0.383194756665238 0.399353682780600 0.390868594878899 0.390733579677530 0.393546752042716 
NaN NaN NaN NaN NaN 0.600222353808604 0.442705161994597 0.662704449353117 0.219862123081788 0.082383116459477 0.780054291456548 0.369567193177071 0.695396536548111 0.256193108641809 0.383137727295405 NaN NaN NaN NaN NaN 0.655645444334234 0.347897196565479 0.683069000534556 0.761674293714945 0.022279130281670 0.437887901088987 0.636601389344350 0.193660290925196 0.277304942866675 0.123090301499963 NaN NaN NaN NaN NaN 0.839507533359843 0.703006874786298 0.633735591540057 0.534886020673324 0.324674703650126 0.697995584461983 0.793098807622412 0.630234004481947 0.881365856689186 0.592414757277069 NaN NaN NaN NaN NaN 0.307482193347959 0.566628709670391 0.297954710683387 0.068596726512825 0.263013063685908 0.764115935713393 0.574565145875165 0.725253130486945 0.369238007168775 0.075957045964882 NaN NaN NaN NaN NaN 0.482316247677044 0.460763859135652 0.550803782525094 0.836095237115360 0.488189521138740 0.882774167672534 0.839431857070019 0.653137000268371 0.717126029017869 0.486242860468011 NaN NaN NaN NaN NaN 0.590719833526010 0.311538763903781 1.000000000000000 0.802602449148561 0.094364136823240 0.769395686380383 0.744423528754220 0.757031366901190 0.897856525096899 0.234643755814768 NaN NaN NaN NaN NaN 0.350446475990515 0.320394637055659 0.470714352840542 0.668748960201152 0.586746635139759 0.395455815204966 0.395522976675781 0.610872097674097 0.361460486499576 0.583292778681408 NaN NaN NaN NaN NaN 0.859489490216859 0.836171316862209 0.849233236261730 0.689638480911345 0.711470416090171 0.595997088687292 0.832136288432772 0.555822638242956 0.708208291121611 0.638171719889878 NaN NaN NaN NaN NaN 0.721454287263926 0.822959080943047 0.768841232399676 0.811227478482246 0.675881396053428 0.738341037578585 0.784601208166252 0.825009876735230 0.841814418851995 0.777762598073932 
NaN NaN NaN NaN NaN 0.424995370083520 0.322312827977101 0.632081908561735 0.229806206327786 0.058967059763298 0.686309549542607 0.327448064592574 0.626280047286974 0.203474782650751 0.359194906923697 NaN NaN NaN NaN NaN 0.581504291940996 0.290076968364478 0.573228564225584 0.656840157529700 0.061415115925073 0.373774088087158 0.558571236219795 0.180550484441611 0.246060707014034 0.126589487927456 NaN NaN NaN NaN NaN 0.836723657826786 0.520494967214391 0.705833578093312 0.402336241743815 0.176725188899872 0.577707372021615 0.710788603011445 0.536398198635025 0.775768905494438 0.551795859231044 NaN NaN NaN NaN NaN 0.357019665357009 0.479856302811659 0.143828931606146 0.133273367305472 0.312045928363330 0.804584999427238 0.477730749857493 0.744064522145720 0.557606122609584 -0.014542675799697 NaN NaN NaN NaN NaN 0.477535618161770 0.531247407355176 0.460937076387440 0.794472957851529 0.499546118300044 0.840254257334763 0.709755051352484 0.509788271768442 0.627136545399547 0.588946645633479 NaN NaN NaN NaN NaN 0.565465983533520 0.310183792848634 0.802602449148561 1.000000000000000 0.030901723035965 0.654221274999387 0.669617381018809 0.583833685794391 0.793832472319724 0.237995549385260 NaN NaN NaN NaN NaN 0.405170958472252 0.212253752785407 0.294535545678733 0.466601647636983 0.377650549748731 0.245582310427292 0.245599353299075 0.478539672035363 0.207628813400382 0.466478210762141 NaN NaN NaN NaN NaN 0.732493620000003 0.759073236507544 0.840982429737411 0.620259056379396 0.684485669448476 0.482111193757625 0.765597096952142 0.494368513385124 0.660215463233440 0.562322734903675 NaN NaN NaN NaN NaN 0.581174389905045 0.716822318501977 0.763520935617825 0.723265846510588 0.705531988873659 0.655180234213265 0.702475979999745 0.735998376982742 0.754839005006327 0.719251599309944 
NaN NaN NaN NaN NaN 0.033341052369689 0.192518667283357 0.101936402226862 0.028048473901491 0.084182086752866 0.167675065540450 0.135395543481967 0.088411176697919 0.096457463260320 0.133827631420201 NaN NaN NaN NaN NaN 0.048056789515627 0.075451616100781 0.175326219804848 0.137417014249570 0.038640036000336 0.113622834339233 0.136564782174922 0.103127573164378 0.068028262235271 0.121220703425741 NaN NaN NaN NaN NaN 0.072426063712015 0.152076571117235 0.082466641770991 0.098802813470336 0.186503856726773 0.158262354007636 0.157521897731472 0.080706656966645 0.083853437518741 0.097899212567579 NaN NaN NaN NaN NaN 0.078446434507310 0.028817704030957 0.214096790451082 -0.028881543696769 0.042442681291667 0.060989079305572 0.132364480347706 0.094710138324048 0.056393302679218 0.000675222289265 NaN NaN NaN NaN NaN 0.118233613714872 0.009211667774920 0.102525695882343 0.016905178517463 0.041508599388441 0.117546214686461 0.103800013917701 0.163421844731307 0.140071400760970 0.050859078530946 NaN NaN NaN NaN NaN 0.205416888671155 0.057622682205660 0.094364136823240 0.030901723035965 1.000000000000000 0.128161576260599 0.152374845530812 0.124567668814672 0.109897033487923 0.047652601456294 NaN NaN NaN NaN NaN 0.035932630285225 0.122329396730213 0.186024615409252 0.048530666007641 0.025725566973207 -0.002397812063544 -0.002270394395887 0.104161217264111 0.044212310935899 0.126588849728656 NaN NaN NaN NaN NaN 0.137510867389724 0.128967201174038 0.129810058308164 0.149993268331261 0.118422611452694 0.151034205173784 0.118425047493320 0.050257206093648 0.108895156711627 0.102535795654549 NaN NaN NaN NaN NaN 0.184036506763955 0.124009545760134 0.129773746775799 0.121390039502793 0.105590972434993 0.131350136983264 0.125934634440775 0.154238368320279 0.150693007636268 0.143916076086198 
NaN NaN NaN NaN NaN 0.610661413399613 0.672761202791791 0.603597879743783 0.256332687353255 0.155594366311927 0.821173213780034 0.473933136568096 0.753428490286810 0.327544594040588 0.441867806615325 NaN NaN NaN NaN NaN 0.542062636174895 0.475868552240101 0.838376314703013 0.874555455447238 0.113875218259256 0.481297258599695 0.740708214229221 0.248373421986594 0.411111199229700 0.241210669792391 NaN NaN NaN NaN NaN 0.677296998787364 0.744531597105716 0.773312307279783 0.596003970718601 0.446022875526408 0.849660121956022 0.885441211883388 0.798778136234303 0.803252355685935 0.795607001516041 NaN NaN NaN NaN NaN 0.525818033790718 0.729111946614355 0.315781083603391 0.037916191154811 0.227600241303895 0.791236314090678 0.686671938163336 0.585917278233965 0.589478096066826 0.075856399899249 NaN NaN NaN NaN NaN 0.537066126584332 0.652299245952623 0.645765304204672 0.550987924753710 0.658853412537727 0.848201189158313 0.848872814894477 0.731722694116086 0.851235590688513 0.591863619096997 NaN NaN NaN NaN NaN 0.821448700858781 0.404434610972761 0.769395686380382 0.654221274999387 0.128161576260599 1.000000000000000 0.849239825205247 0.893793942454222 0.803546740815151 0.297244873191425 NaN NaN NaN NaN NaN 0.355145603152698 0.436460248250575 0.456654364288283 0.762799751334872 0.658108746054581 0.428751643540196 0.428797655070728 0.754798763069613 0.501442309767254 0.718147109342410 NaN NaN NaN NaN NaN 0.877290816685288 0.872845299515264 0.845687661788719 0.857396590245154 0.824577873886556 0.792450051295454 0.690620817920453 0.669034121325016 0.855104472280427 0.829423374050575 NaN NaN NaN NaN NaN 0.865856208760027 0.894083677834018 0.869009505413818 0.820184407143780 0.823882034547247 0.821225341014661 0.871403391760192 0.897191639922250 0.890984578513360 0.888689160857880 
NaN NaN NaN NaN NaN 0.572552197587396 0.519460923761847 0.603525797883467 0.240538003352435 0.142687413331636 0.790465326388054 0.460439217698232 0.679696820770514 0.289510526754507 0.429294503675657 NaN NaN NaN NaN NaN 0.541082765212419 0.667310216995208 0.804070430919889 0.841156833079406 0.087569342341938 0.473399761828385 0.749643271371476 0.238563379043228 0.344535167594151 0.276336651897793 NaN NaN NaN NaN NaN 0.673667648920488 0.752860915778733 0.788741426627802 0.621311623590457 0.403731391560473 0.849848450362481 0.873382506555674 0.788921977510647 0.785277194688813 0.755573903588162 NaN NaN NaN NaN NaN 0.493266303063432 0.759705565446726 0.352199702597145 0.046192927436028 0.186138921926135 0.830342383671348 0.748908658407733 0.603355516184187 0.632110557602409 0.024363101614111 NaN NaN NaN NaN NaN 0.541956498413171 0.613162788929775 0.660352064732499 0.564321722601572 0.583025480103775 0.826422945944326 0.868832605120885 0.779339731236090 0.859658773087538 0.646908355802353 NaN NaN NaN NaN NaN 0.734031395085199 0.387169967216140 0.744423528754220 0.669617381018809 0.152374845530812 0.849239825205247 1.000000000000000 0.877060858030097 0.796329577318514 0.303804420541503 NaN NaN NaN NaN NaN 0.511602172928445 0.345375484493131 0.505950174166142 0.667830390664886 0.538426742175231 0.297789812926618 0.297766977053295 0.663080600133171 0.449594953850071 0.667531452709356 NaN NaN NaN NaN NaN 0.900636186247810 0.885613345141328 0.878821550077373 0.869883784414041 0.838471744148428 0.740161285754874 0.681437288198390 0.676200923092468 0.840428369650146 0.780065160253428 NaN NaN NaN NaN NaN 0.865877420197885 0.877053209274067 0.894390781757757 0.852150928590675 0.850626839788309 0.817889238177208 0.870657590857864 0.906388330409273 0.906406222768552 0.904443840443129 
NaN NaN NaN NaN NaN 0.617527679457843 0.563820774461974 0.597590131962747 0.213233121795363 0.135368700701794 0.802579617555497 0.484074087796153 0.688100151376791 0.320748268862328 0.455667157077461 NaN NaN NaN NaN NaN 0.525901355966375 0.480552233959534 0.889909038235087 0.933655035849143 0.098678145449689 0.475960927773310 0.751345985484872 0.264179051434466 0.393020165364001 0.233269412834596 NaN NaN NaN NaN NaN 0.663650862765038 0.800124831967767 0.787872570524111 0.671058644795599 0.411359835658064 0.912031748949161 0.937030475515682 0.849856472487616 0.807210255556045 0.867569924471219 NaN NaN NaN NaN NaN 0.478708981650360 0.794161272671958 0.333240380535455 0.006145976504910 0.142914991738653 0.834138610074571 0.740450313840100 0.462211778414392 0.591855935230777 0.084510705544634 NaN NaN NaN NaN NaN 0.518169361456606 0.631007848196074 0.694186305211115 0.475312627919545 0.640128518844209 0.840192560879159 0.891928569101484 0.804817770014267 0.924471700552741 0.575701895747347 NaN NaN NaN NaN NaN 0.771787757133487 0.397955218610601 0.757031366901190 0.583833685794391 0.124567668814672 0.893793942454222 0.877060858030097 1.000000000000000 0.774601619790333 0.321452590602397 NaN NaN NaN NaN NaN 0.361946973354370 0.499735740104266 0.492609303812922 0.831516932391020 0.746479237287967 0.517532990580500 0.517573473457895 0.814424695735354 0.517764223058973 0.737636652474341 NaN NaN NaN NaN NaN 0.916319003713879 0.921062145880160 0.830652458866530 0.880392790258884 0.857117340097893 0.862914962539094 0.676090862798962 0.741053611360578 0.906001760925509 0.855326005528669 NaN NaN NaN NaN NaN 0.911709607023074 0.940373953060141 0.885650313722373 0.833335440004032 0.843921259343476 0.833267302209278 0.896631325862871 0.926630762993464 0.919931777403644 0.915113349584015 
NaN NaN NaN NaN NaN 0.582286341483127 0.462892292819683 0.672360188105879 0.238388749763767 0.108992051595172 0.802556526362512 0.389183801399929 0.751522692227985 0.266433405377901 0.384134678607391 NaN NaN NaN NaN NaN 0.693946648969841 0.335054792406082 0.750621989148383 0.775979106015007 0.050461614791829 0.472009078219712 0.684256097920468 0.220013459154352 0.325612796797224 0.161409973272352 NaN NaN NaN NaN NaN 0.766124004635302 0.628771821399627 0.723156856868833 0.502390102322678 0.437283829506908 0.736352787445521 0.811415227805318 0.735024584218631 0.916225531537805 0.723079410763718 NaN NaN NaN NaN NaN 0.589474493309634 0.685910453862267 0.295923110000616 0.064519138261741 0.261263260746699 0.775902019667450 0.594578978828390 0.758523442660045 0.604993494907442 0.041248256404131 NaN NaN NaN NaN NaN 0.451404782077400 0.575601504755674 0.614445874112802 0.827229894610999 0.620033136779036 0.916551233150166 0.866452261705885 0.619084422867462 0.760083250584650 0.599231995982741 NaN NaN NaN NaN NaN 0.608522691054491 0.345403335971779 0.897856525096899 0.793832472319724 0.109897033487923 0.803546740815151 0.796329577318514 0.774601619790333 1.000000000000000 0.210033262233130 NaN NaN NaN NaN NaN 0.333027903496508 0.317367964356950 0.356025663483065 0.686075465994766 0.574801717068183 0.341267626830246 0.341303047072207 0.614657267603953 0.500855883203950 0.676181535128355 NaN NaN NaN NaN NaN 0.877924163165397 0.826167445332437 0.907304285405401 0.770018779933837 0.785480961930228 0.694559583385852 0.829816983903558 0.597004629584151 0.745562586713730 0.749230561419198 NaN NaN NaN NaN NaN 0.800526976913282 0.845716749359143 0.847598768599894 0.853413252778083 0.780624607945402 0.784017223992977 0.838896074090475 0.876958442225903 0.882520591984956 0.860183410545001 
NaN NaN NaN NaN NaN 0.204730748872636 0.169548410308485 0.167925671707361 0.028408442569010 0.049984461133400 0.273141505028741 0.168138417923873 0.183019612264219 0.129289013974275 0.171107273050342 NaN NaN NaN NaN NaN 0.139769282786576 0.225945293753275 0.255151881266103 0.354903441241144 0.044562374816084 0.122013548879508 0.331641294437874 0.048707932798653 0.163007499690226 0.068235181041723 NaN NaN NaN NaN NaN 0.283399231479786 0.371970112399031 0.221779617288643 0.216516551885076 0.119431866490740 0.307736902827839 0.322747684450869 0.250822773039056 0.241416055204379 0.256731737482604 NaN NaN NaN NaN NaN 0.164082147559523 0.249731843733265 0.107406910750400 -0.038510146572694 0.068233554332537 0.330892060115293 0.358620331360165 0.122597958508672 0.281384882404624 0.094973470154541 NaN NaN NaN NaN NaN 0.241927311699151 0.247793052980159 0.149028234955063 0.121489218503382 0.201059486442088 0.279700038492293 0.306970133538109 0.355662477823158 0.310428588670016 0.296590880193520 NaN NaN NaN NaN NaN 0.249218083101550 0.100312514960409 0.234643755814768 0.237995549385260 0.047652601456293 0.297244873191425 0.303804420541503 0.321452590602397 0.210033262233130 1.000000000000000 NaN NaN NaN NaN NaN 0.094185840239011 0.080929734763332 0.216599710992240 0.188438156071517 0.151754951427036 0.058396079056204 0.058328254167487 0.297473428855666 0.169223005860937 0.154481427804840 NaN NaN NaN NaN NaN 0.329184843838035 0.355668526703053 0.283379202506677 0.317159004866293 0.304529144072276 0.228404225143310 0.200236114312328 0.223257368412077 0.305881588091627 0.280241452798307 NaN NaN NaN NaN NaN 0.278177123217514 0.305304009568658 0.335777954986749 0.329016803445096 0.352078015875529 0.274894454396562 0.304855221078827 0.338641750250173 0.320681119020182 0.321358743684982 
NaN NaN NaN NaN NaN NaN NaN NaN NaN NaN NaN NaN NaN NaN NaN NaN NaN NaN NaN NaN NaN NaN NaN NaN NaN NaN NaN NaN NaN NaN NaN NaN NaN NaN NaN NaN NaN NaN NaN NaN NaN NaN NaN NaN NaN NaN NaN NaN NaN NaN NaN NaN NaN NaN NaN NaN NaN NaN NaN NaN NaN NaN NaN NaN NaN NaN NaN NaN NaN NaN NaN NaN NaN NaN NaN NaN NaN NaN NaN NaN NaN NaN NaN NaN NaN NaN NaN NaN NaN NaN NaN NaN NaN NaN NaN NaN NaN NaN NaN NaN NaN NaN NaN NaN NaN NaN NaN NaN NaN NaN NaN NaN NaN NaN NaN NaN NaN NaN NaN NaN NaN NaN NaN NaN NaN NaN NaN NaN NaN NaN NaN NaN NaN NaN NaN 
NaN NaN NaN NaN NaN NaN NaN NaN NaN NaN NaN NaN NaN NaN NaN NaN NaN NaN NaN NaN NaN NaN NaN NaN NaN NaN NaN NaN NaN NaN NaN NaN NaN NaN NaN NaN NaN NaN NaN NaN NaN NaN NaN NaN NaN NaN NaN NaN NaN NaN NaN NaN NaN NaN NaN NaN NaN NaN NaN NaN NaN NaN NaN NaN NaN NaN NaN NaN NaN NaN NaN NaN NaN NaN NaN NaN NaN NaN NaN NaN NaN NaN NaN NaN NaN NaN NaN NaN NaN NaN NaN NaN NaN NaN NaN NaN NaN NaN NaN NaN NaN NaN NaN NaN NaN NaN NaN NaN NaN NaN NaN NaN NaN NaN NaN NaN NaN NaN NaN NaN NaN NaN NaN NaN NaN NaN NaN NaN NaN NaN NaN NaN NaN NaN NaN 
NaN NaN NaN NaN NaN NaN NaN NaN NaN NaN NaN NaN NaN NaN NaN NaN NaN NaN NaN NaN NaN NaN NaN NaN NaN NaN NaN NaN NaN NaN NaN NaN NaN NaN NaN NaN NaN NaN NaN NaN NaN NaN NaN NaN NaN NaN NaN NaN NaN NaN NaN NaN NaN NaN NaN NaN NaN NaN NaN NaN NaN NaN NaN NaN NaN NaN NaN NaN NaN NaN NaN NaN NaN NaN NaN NaN NaN NaN NaN NaN NaN NaN NaN NaN NaN NaN NaN NaN NaN NaN NaN NaN NaN NaN NaN NaN NaN NaN NaN NaN NaN NaN NaN NaN NaN NaN NaN NaN NaN NaN NaN NaN NaN NaN NaN NaN NaN NaN NaN NaN NaN NaN NaN NaN NaN NaN NaN NaN NaN NaN NaN NaN NaN NaN NaN 
NaN NaN NaN NaN NaN NaN NaN NaN NaN NaN NaN NaN NaN NaN NaN NaN NaN NaN NaN NaN NaN NaN NaN NaN NaN NaN NaN NaN NaN NaN NaN NaN NaN NaN NaN NaN NaN NaN NaN NaN NaN NaN NaN NaN NaN NaN NaN NaN NaN NaN NaN NaN NaN NaN NaN NaN NaN NaN NaN NaN NaN NaN NaN NaN NaN NaN NaN NaN NaN NaN NaN NaN NaN NaN NaN NaN NaN NaN NaN NaN NaN NaN NaN NaN NaN NaN NaN NaN NaN NaN NaN NaN NaN NaN NaN NaN NaN NaN NaN NaN NaN NaN NaN NaN NaN NaN NaN NaN NaN NaN NaN NaN NaN NaN NaN NaN NaN NaN NaN NaN NaN NaN NaN NaN NaN NaN NaN NaN NaN NaN NaN NaN NaN NaN NaN 
NaN NaN NaN NaN NaN NaN NaN NaN NaN NaN NaN NaN NaN NaN NaN NaN NaN NaN NaN NaN NaN NaN NaN NaN NaN NaN NaN NaN NaN NaN NaN NaN NaN NaN NaN NaN NaN NaN NaN NaN NaN NaN NaN NaN NaN NaN NaN NaN NaN NaN NaN NaN NaN NaN NaN NaN NaN NaN NaN NaN NaN NaN NaN NaN NaN NaN NaN NaN NaN NaN NaN NaN NaN NaN NaN NaN NaN NaN NaN NaN NaN NaN NaN NaN NaN NaN NaN NaN NaN NaN NaN NaN NaN NaN NaN NaN NaN NaN NaN NaN NaN NaN NaN NaN NaN NaN NaN NaN NaN NaN NaN NaN NaN NaN NaN NaN NaN NaN NaN NaN NaN NaN NaN NaN NaN NaN NaN NaN NaN NaN NaN NaN NaN NaN NaN 
NaN NaN NaN NaN NaN 0.200373351129924 0.297101887442196 0.281196854384728 0.173931925491520 0.011380591085263 0.310787030436400 0.187049709185097 0.251661726375929 0.110809347033008 0.187853517903041 NaN NaN NaN NaN NaN 0.233666858840296 0.207576355286429 0.286238787881196 0.252389401174482 0.002542542095098 0.223223680022443 0.237730844723365 0.072359953078336 0.157938571343088 0.032596948748499 NaN NaN NaN NaN NaN 0.223897652297186 0.307196656574647 0.579942892367407 0.412750055834079 0.007229654618860 0.435634442216564 0.351420089492138 0.395463565242140 0.292627047873926 0.160276320823748 NaN NaN NaN NaN NaN 0.051983866180567 0.600017231005071 0.028173189226290 0.011884677261590 0.016638052779364 0.480604671401440 0.465089277085540 0.357029864181646 0.261120662829490 0.027364446761935 NaN NaN NaN NaN NaN 0.232615544139843 0.269027644206623 0.337508569467721 0.372129853971997 0.290297500233471 0.331681610651278 0.485930815007476 0.420554343757113 0.346207112660228 0.347379769901245 NaN NaN NaN NaN NaN 0.384168593706111 0.288150825673367 0.350446475990515 0.405170958472252 0.035932630285225 0.355145603152698 0.511602172928445 0.361946973354370 0.333027903496508 0.094185840239011 NaN NaN NaN NaN NaN 1.000000000000000 -0.021550111067995 0.357041964332657 0.236001086219894 0.046409578690651 -0.018331056730067 -0.018369389607402 0.091336625863378 -0.059824661719171 0.382527001143056 NaN NaN NaN NaN NaN 0.423853888731875 0.370610060789831 0.456015397257007 0.376495632446736 0.346922713535727 0.122779943117779 0.227243314604560 0.283378085643808 0.422070010205236 0.262778118390086 NaN NaN NaN NaN NaN 0.356963271702554 0.376719062089717 0.418948249812076 0.435401927835535 0.377028321683215 0.379704989224103 0.373769596027244 0.382642911192435 0.393624757540056 0.402193957396646 
NaN NaN NaN NaN NaN 0.298024582219771 0.295382159201578 0.286916882265142 0.076279209087750 -0.010945019078930 0.423456015979009 0.236698646950373 0.391049149895386 0.178033019508395 0.187362169472829 NaN NaN NaN NaN NaN 0.254711140652596 0.194541400049158 0.681394990080601 0.509048492046813 0.038906783425027 0.203688875534672 0.483593831281292 0.118098094460066 0.210143822012069 0.119730486933179 NaN NaN NaN NaN NaN 0.416300543967667 0.297490818603149 0.386271533124934 0.247137257306490 0.203843934635538 0.558091693651730 0.517769185313629 0.288485443971231 0.411522414639065 0.402394653857132 NaN NaN NaN NaN NaN -0.023276477865646 0.257191684757223 0.267960280935082 -0.034150613507314 0.036205524824378 0.418880982468274 0.360061621964956 0.253276526508718 0.044698540059303 0.048856773947100 NaN NaN NaN NaN NaN 0.186589418068670 0.312697734754406 0.227293624699921 0.096420943540121 0.361093443030788 0.488475136790454 0.395968299704365 0.316748580281734 0.446244481809921 0.034913973106161 NaN NaN NaN NaN NaN 0.478319071556423 0.171388288217641 0.320394637055659 0.212253752785407 0.122329396730212 0.436460248250575 0.345375484493131 0.499735740104265 0.317367964356950 0.080929734763332 NaN NaN NaN NaN NaN -0.021550111067995 1.000000000000000 0.296076822821989 0.483187129476559 0.594100796895692 0.695949060521095 0.695934679908694 0.566194711000837 -0.096094847821639 0.451085310808057 NaN NaN NaN NaN NaN 0.387053077951328 0.437094274469721 0.300543047522992 0.405614970990842 0.503471083208877 0.666098604990290 0.570673791889252 0.333954140166105 0.421765554801938 0.352267927222336 NaN NaN NaN NaN NaN 0.511987675571600 0.537221379865349 0.430921757554291 0.272820636468313 0.315310861758167 0.466341465652755 0.449255783271204 0.441104890463233 0.460259669622037 0.429729184754404 
NaN NaN NaN NaN NaN 0.232230413995361 0.399156774061801 0.493938527168752 0.121890429795614 -0.025541448661728 0.425095777822555 0.228479364556093 0.307199985111187 0.148636488490137 0.327226371605281 NaN NaN NaN NaN NaN 0.235120316554341 0.338742906308769 0.546027073321881 0.592407464690196 0.058186385414389 0.262007840660713 0.418948125358213 0.015360214760526 0.144877351850846 0.067594906521582 NaN NaN NaN NaN NaN 0.500689236982849 0.658333223369264 0.290356229585475 0.157807323510168 0.617032102861886 0.581839681759336 0.581961141841082 0.305454737803350 0.271870054418313 0.153416642976109 NaN NaN NaN NaN NaN 0.048042049031978 0.247691057750286 0.781474771592983 -0.010590932747558 -0.013460589889773 0.426024865514753 0.610959690267077 0.334297755423635 0.261633731019709 -0.002340049000802 NaN NaN NaN NaN NaN 0.601527559953363 0.132052750286719 0.164839530613867 0.157971140577141 0.085566140364714 0.508249885375379 0.483751420001760 0.799427485512858 0.541486057176566 0.266682037694974 NaN NaN NaN NaN NaN 0.559861612310703 0.235973288638727 0.470714352840542 0.294535545678733 0.186024615409252 0.456654364288283 0.505950174166142 0.492609303812922 0.356025663483065 0.216599710992240 NaN NaN NaN NaN NaN 0.357041964332657 0.296076822821989 1.000000000000000 0.116564286672463 0.049719778169880 -0.023237808225967 -0.023070610848762 0.575117333518648 0.060180163420480 0.457215017876021 NaN NaN NaN NaN NaN 0.541847952381694 0.559382551455920 0.494997062252445 0.503709970129622 0.439361829258742 0.454703901018616 0.484887504729765 0.313926825356801 0.556749119460716 0.371731343662105 NaN NaN NaN NaN NaN 0.535651960791505 0.461729377416390 0.483224918462991 0.422608070756219 0.374996611690137 0.513014099601028 0.493396088291126 0.569944840863842 0.563107614688056 0.492736797714641 
NaN NaN NaN NaN NaN 0.572825307750294 0.462951777472196 0.410189909128252 0.170327741188630 0.163506987132040 0.670677408865574 0.419389952480019 0.594942249714716 0.298872115786480 0.344469021115334 NaN NaN NaN NaN NaN 0.453215970875043 0.297628177635611 0.730607446951790 0.729373044858904 0.075108480359007 0.406390095789184 0.622011320738764 0.286369941021245 0.390210990239402 0.221947789382678 NaN NaN NaN NaN NaN 0.475849789070834 0.526278032504200 0.769121003884124 0.589946924322536 0.242198956790685 0.704961963581233 0.737703363445847 0.759166646777681 0.725385061689156 0.798776919157445 NaN NaN NaN NaN NaN 0.460084104049032 0.736271599995898 0.033011495264617 -0.007857474289568 0.284897901524820 0.590628203872578 0.473073763069386 0.279945650588862 0.356694829512105 0.093602424263349 NaN NaN NaN NaN NaN 0.267720305947533 0.593001009986456 0.717490677276481 0.443219356602315 0.718208286494414 0.651204505510930 0.726805295890770 0.454039590620940 0.727199564522391 0.383630960259205 NaN NaN NaN NaN NaN 0.543128192207857 0.328825450922727 0.668748960201152 0.466601647636982 0.048530666007641 0.762799751334872 0.667830390664886 0.831516932391020 0.686075465994766 0.188438156071517 NaN NaN NaN NaN NaN 0.236001086219894 0.483187129476559 0.116564286672463 1.000000000000000 0.942921108631540 0.760149550242119 0.760154864084620 0.670209016759330 0.484527600275141 0.704512846343154 NaN NaN NaN NaN NaN 0.724773535516001 0.659499665840374 0.607651661002047 0.639117934753340 0.653069222079168 0.705376408125574 0.488860632225646 0.628163923430813 0.715458786862334 0.734023426292786 NaN NaN NaN NaN NaN 0.727247774053306 0.820029406349552 0.649890755022461 0.660550454342161 0.637513624929280 0.621422667137981 0.687883817384901 0.684392493772060 0.686346189003317 0.709067140563632 
NaN NaN NaN NaN NaN 0.503326147868268 0.372216511160734 0.342574846732489 0.113723733132848 0.134463448915537 0.589492144744825 0.374772178489948 0.539580616061232 0.263322621568104 0.269226231735375 NaN NaN NaN NaN NaN 0.387281580445722 0.245659624991491 0.688246074782131 0.655895800446750 0.080870551725569 0.335452062357552 0.562400431842395 0.265768136634560 0.352419001758846 0.208717076245655 NaN NaN NaN NaN NaN 0.447843263067916 0.399565487476187 0.638001099154800 0.489987900595012 0.147628917553484 0.623671171373341 0.664998503840793 0.637950117763475 0.645458692644703 0.739974110975204 NaN NaN NaN NaN NaN 0.281591935455956 0.604125856345215 0.044876215350453 -0.021747637163222 0.151932781039261 0.500848789134000 0.364736447516131 0.183448199673188 0.216571283496088 0.090197503698310 NaN NaN NaN NaN NaN 0.147448723869167 0.563907321551322 0.636996877327980 0.364177084178606 0.625227685558437 0.579598629837496 0.603826697400902 0.343634706134458 0.631103198926360 0.209469761860827 NaN NaN NaN NaN NaN 0.458706029178279 0.249429796911146 0.586746635139759 0.377650549748731 0.025725566973207 0.658108746054581 0.538426742175231 0.746479237287966 0.574801717068183 0.151754951427036 NaN NaN NaN NaN NaN 0.046409578690651 0.594100796895692 0.049719778169880 0.942921108631540 1.000000000000000 0.895709192059703 0.895716934620264 0.658338416359446 0.358187779710134 0.631921513776413 NaN NaN NaN NaN NaN 0.613914538182040 0.565529178339693 0.478279681538363 0.530701539979695 0.591142259407936 0.653630562333274 0.462841090947644 0.542474057990822 0.608098380284376 0.653658629867138 NaN NaN NaN NaN NaN 0.627880414845690 0.740964196102124 0.530594780626301 0.544589519315167 0.530529928362498 0.520613285631550 0.580884119068521 0.567739086754655 0.578115840835239 0.596526509675722 
NaN NaN NaN NaN NaN 0.297250388794743 0.233738084314803 0.226065080136317 0.033312546551362 0.026072135985981 0.399804116364551 0.247476640130472 0.379198786618429 0.170381799575413 0.133197551661066 NaN NaN NaN NaN NaN 0.249642407763396 0.134959237288872 0.539404259023035 0.414340599194504 0.053662533181820 0.189094910821079 0.405543756007925 0.159173855414517 0.256996639623339 0.114947395367672 NaN NaN NaN NaN NaN 0.355003564464352 0.167093774701758 0.500387364148785 0.366880176146932 0.002800166386768 0.447798280268093 0.463719263730092 0.405650769826858 0.433126273345166 0.531997389932434 NaN NaN NaN NaN NaN -0.000667425700776 0.406129073549814 0.004872141715646 -0.005250203067307 0.047284225835327 0.340047347227543 0.178208756072128 0.046171094123251 -0.024279435230899 0.055352534650374 NaN NaN NaN NaN NaN -0.021244300734417 0.427641824859436 0.383783498920213 0.218191774621166 0.505173944594370 0.423327852787661 0.382721124783841 0.139173780847511 0.375085849715443 -0.045462575870349 NaN NaN NaN NaN NaN 0.317239308736617 0.135091417883417 0.395455815204966 0.245582310427292 -0.002397812063544 0.428751643540196 0.297789812926618 0.517532990580500 0.341267626830246 0.058396079056204 NaN NaN NaN NaN NaN -0.018331056730067 0.695949060521095 -0.023237808225967 0.760149550242119 0.895709192059703 1.000000000000000 0.999997141492590 0.531285880314354 -0.040866852896866 0.505912932545593 NaN NaN NaN NaN NaN 0.372998397233161 0.333731498993876 0.246330123634965 0.269863354448189 0.376968701381901 0.445691067820366 0.366073468611421 0.334081069781469 0.399733350108843 0.393315786151894 NaN NaN NaN NaN NaN 0.384243607318951 0.542397660587336 0.275225585763855 0.304537953291983 0.281148476695379 0.326844044983309 0.342106352453945 0.319116253471020 0.336383788427976 0.340435216719121 
NaN NaN NaN NaN NaN 0.297199818096432 0.233710890924178 0.226112744188160 0.033361107652261 0.026017463802231 0.399850955909138 0.247495127779452 0.379298401823689 0.170263244319232 0.133181644718577 NaN NaN NaN NaN NaN 0.249830698491571 0.134816318792122 0.539441715034130 0.414420362619682 0.053776774041733 0.189119288250353 0.405648005344695 0.159141633539025 0.256928738850755 0.114892491985588 NaN NaN NaN NaN NaN 0.355042056713841 0.167201399703069 0.500422231735648 0.366986182190591 0.002959419925620 0.447857809109965 0.463798712802057 0.405751091796308 0.433132254984297 0.532002754200073 NaN NaN NaN NaN NaN -0.000639735010628 0.406085401482530 0.005069360610728 -0.005483505068871 0.047391846429804 0.340032681730122 0.178242011214746 0.046163408041387 -0.024287686732388 0.055330409283371 NaN NaN NaN NaN NaN -0.021189224834859 0.427604969206873 0.383799609648295 0.218095507370186 0.505122494560130 0.423372552024950 0.382778103509990 0.139361170527498 0.375139015548972 -0.045479040260546 NaN NaN NaN NaN NaN 0.317257738176818 0.135009129752215 0.395522976675781 0.245599353299075 -0.002270394395887 0.428797655070728 0.297766977053295 0.517573473457895 0.341303047072207 0.058328254167487 NaN NaN NaN NaN NaN -0.018369389607402 0.695934679908694 -0.023070610848762 0.760154864084620 0.895716934620264 0.999997141492590 1.000000000000000 0.531292692082648 -0.040897252191067 0.505923315135498 NaN NaN NaN NaN NaN 0.373044393319272 0.333786309259032 0.246400329075224 0.269882551916764 0.376946844857813 0.445684644509613 0.366030622738431 0.334172757431196 0.399711084442371 0.393304725488545 NaN NaN NaN NaN NaN 0.384338756178483 0.542425440610416 0.275235200539954 0.304608347287383 0.281155771212345 0.326823731149975 0.342075505746608 0.319157357457994 0.336433728235047 0.340475690369073 
NaN NaN NaN NaN NaN 0.461025506622041 0.471066354272871 0.604063836894367 0.148270101334901 0.064954434009081 0.698152112286984 0.394685133689407 0.600784333542889 0.254122413194583 0.396167254966475 NaN NaN NaN NaN NaN 0.413676766857423 0.406275042670371 0.826898714417349 0.847474120831109 0.097538923771472 0.408968354472104 0.681009491361106 0.185370133094458 0.355935840720652 0.204841241305766 NaN NaN NaN NaN NaN 0.672136332531369 0.665929356790361 0.591250882687387 0.283517594443987 0.508086845453585 0.773403094650430 0.823505825588457 0.676359129953232 0.580623874527984 0.672511473107826 NaN NaN NaN NaN NaN 0.435804027011542 0.541310316094607 0.442589863549098 -0.051135806961418 0.049205985441193 0.664346647728149 0.614660957906839 0.328676457747073 0.560887066154082 0.035095954427411 NaN NaN NaN NaN NaN 0.501293299072835 0.496354553556991 0.418837898034185 0.321576533584673 0.617840284314637 0.772769683431544 0.677346713909230 0.672903401311536 0.756865584450342 0.383734168387136 NaN NaN NaN NaN NaN 0.683887164642964 0.316472633586097 0.610872097674097 0.478539672035363 0.104161217264111 0.754798763069613 0.663080600133171 0.814424695735354 0.614657267603953 0.297473428855666 NaN NaN NaN NaN NaN 0.091336625863378 0.566194711000837 0.575117333518648 0.670209016759330 0.658338416359446 0.531285880314354 0.531292692082648 1.000000000000000 0.433505210690168 0.755218591677164 NaN NaN NaN NaN NaN 0.721051553066470 0.746943695153076 0.641570105174745 0.664987853714589 0.671849755500637 0.829072179462083 0.676428713375661 0.622099941664401 0.860659544072405 0.773105941684925 NaN NaN NaN NaN NaN 0.735944353028537 0.786264756617885 0.704387144441209 0.587710056635765 0.629139349254756 0.691250100532353 0.744647991527285 0.774851801636403 0.746556252260558 0.711036093279638 
NaN NaN NaN NaN NaN 0.428639024269829 0.309389837190992 0.256983734257141 0.124797168268281 0.214589604218794 0.434700376025496 0.267921574257600 0.386787405645189 0.217982692785456 0.238474409473827 NaN NaN NaN NaN NaN 0.297665821029312 0.220877445248190 0.365044578505417 0.528627925323577 0.048469377470213 0.330873406117957 0.377846487896262 0.218210526671496 0.241010382087786 0.208588907042384 NaN NaN NaN NaN NaN 0.171684542603724 0.382858601647345 0.226788544259156 0.166162477935242 0.366509486958846 0.361933932750762 0.409691463038773 0.537200085883330 0.420213350232957 0.530851625981429 NaN NaN NaN NaN NaN 0.671943512884237 0.405401772658936 -0.000659084490684 -0.024056796124186 0.037667933599902 0.302404536768408 0.237438360068857 0.202745932787815 0.535185318686779 0.080220998630422 NaN NaN NaN NaN NaN 0.216332431792780 0.316341842641479 0.443092286973813 0.312270846614645 0.332263979627914 0.362243564800783 0.433567069132227 0.316135670958094 0.500853234537931 0.353554526164985 NaN NaN NaN NaN NaN 0.270434979756748 0.263682042110838 0.361460486499576 0.207628813400382 0.044212310935899 0.501442309767254 0.449594953850071 0.517764223058973 0.500855883203950 0.169223005860937 NaN NaN NaN NaN NaN -0.059824661719171 -0.096094847821639 0.060180163420480 0.484527600275141 0.358187779710134 -0.040866852896866 -0.040897252191067 0.433505210690168 1.000000000000000 0.425946169470695 NaN NaN NaN NaN NaN 0.442967852729703 0.423497007766819 0.402831357857063 0.442991155497850 0.398254828974501 0.565674823965975 0.258832848495044 0.476273842993615 0.502653725759008 0.620110093769497 NaN NaN NaN NaN NaN 0.473515881922134 0.402726300340495 0.463830689876660 0.400055807115265 0.442206824883526 0.381030126160234 0.488564238330331 0.485589694878206 0.451720053348921 0.478105420109818 
NaN NaN NaN NaN NaN 0.411380694701189 0.539171953050882 0.534207138391852 0.158030403805006 0.088265590990279 0.674094339324967 0.370641840763272 0.606026105355153 0.253084108382261 0.333940910306203 NaN NaN NaN NaN NaN 0.462701495717951 0.297355692497167 0.815200368065416 0.713758149206662 0.075756698459506 0.408373028170012 0.634738122224765 0.213078036140322 0.361560531190509 0.186463500165667 NaN NaN NaN NaN NaN 0.480827353493021 0.516757787111266 0.702119004920960 0.338012167302475 0.531066011329099 0.761745568790375 0.729048387138927 0.707472977977432 0.564832522794103 0.670053646675525 NaN NaN NaN NaN NaN 0.522783202872703 0.642004832325677 0.296285343730341 0.011669503051556 0.090504953056720 0.544240095794890 0.421498091361180 0.373896781291174 0.536712797967095 0.048071670602103 NaN NaN NaN NaN NaN 0.350676227725105 0.496691194657538 0.481099119043174 0.445545088507294 0.696358380205120 0.712427653715055 0.683059529646558 0.520109337512679 0.670917034454103 0.294731449373567 NaN NaN NaN NaN NaN 0.633398661674658 0.387770765191577 0.583292778681407 0.466478210762141 0.126588849728656 0.718147109342410 0.667531452709356 0.737636652474341 0.676181535128355 0.154481427804840 NaN NaN NaN NaN NaN 0.382527001143056 0.451085310808057 0.457215017876021 0.704512846343154 0.631921513776413 0.505912932545593 0.505923315135498 0.755218591677165 0.425946169470695 1.000000000000000 NaN NaN NaN NaN NaN 0.693027501460837 0.591742459796879 0.641134158788497 0.592068456553639 0.628350140276572 0.725626095437406 0.588219766455852 0.565434226059199 0.840871243462771 0.756624237683706 NaN NaN NaN NaN NaN 0.727578938175486 0.727219352626527 0.627505589517072 0.591871348916522 0.605257266930631 0.636018773443946 0.670435518917605 0.692722564063656 0.679607991244854 0.680655829680786 
NaN NaN NaN NaN NaN NaN NaN NaN NaN NaN NaN NaN NaN NaN NaN NaN NaN NaN NaN NaN NaN NaN NaN NaN NaN NaN NaN NaN NaN NaN NaN NaN NaN NaN NaN NaN NaN NaN NaN NaN NaN NaN NaN NaN NaN NaN NaN NaN NaN NaN NaN NaN NaN NaN NaN NaN NaN NaN NaN NaN NaN NaN NaN NaN NaN NaN NaN NaN NaN NaN NaN NaN NaN NaN NaN NaN NaN NaN NaN NaN NaN NaN NaN NaN NaN NaN NaN NaN NaN NaN NaN NaN NaN NaN NaN NaN NaN NaN NaN NaN NaN NaN NaN NaN NaN NaN NaN NaN NaN NaN NaN NaN NaN NaN NaN NaN NaN NaN NaN NaN NaN NaN NaN NaN NaN NaN NaN NaN NaN NaN NaN NaN NaN NaN NaN 
NaN NaN NaN NaN NaN NaN NaN NaN NaN NaN NaN NaN NaN NaN NaN NaN NaN NaN NaN NaN NaN NaN NaN NaN NaN NaN NaN NaN NaN NaN NaN NaN NaN NaN NaN NaN NaN NaN NaN NaN NaN NaN NaN NaN NaN NaN NaN NaN NaN NaN NaN NaN NaN NaN NaN NaN NaN NaN NaN NaN NaN NaN NaN NaN NaN NaN NaN NaN NaN NaN NaN NaN NaN NaN NaN NaN NaN NaN NaN NaN NaN NaN NaN NaN NaN NaN NaN NaN NaN NaN NaN NaN NaN NaN NaN NaN NaN NaN NaN NaN NaN NaN NaN NaN NaN NaN NaN NaN NaN NaN NaN NaN NaN NaN NaN NaN NaN NaN NaN NaN NaN NaN NaN NaN NaN NaN NaN NaN NaN NaN NaN NaN NaN NaN NaN 
NaN NaN NaN NaN NaN NaN NaN NaN NaN NaN NaN NaN NaN NaN NaN NaN NaN NaN NaN NaN NaN NaN NaN NaN NaN NaN NaN NaN NaN NaN NaN NaN NaN NaN NaN NaN NaN NaN NaN NaN NaN NaN NaN NaN NaN NaN NaN NaN NaN NaN NaN NaN NaN NaN NaN NaN NaN NaN NaN NaN NaN NaN NaN NaN NaN NaN NaN NaN NaN NaN NaN NaN NaN NaN NaN NaN NaN NaN NaN NaN NaN NaN NaN NaN NaN NaN NaN NaN NaN NaN NaN NaN NaN NaN NaN NaN NaN NaN NaN NaN NaN NaN NaN NaN NaN NaN NaN NaN NaN NaN NaN NaN NaN NaN NaN NaN NaN NaN NaN NaN NaN NaN NaN NaN NaN NaN NaN NaN NaN NaN NaN NaN NaN NaN NaN 
NaN NaN NaN NaN NaN NaN NaN NaN NaN NaN NaN NaN NaN NaN NaN NaN NaN NaN NaN NaN NaN NaN NaN NaN NaN NaN NaN NaN NaN NaN NaN NaN NaN NaN NaN NaN NaN NaN NaN NaN NaN NaN NaN NaN NaN NaN NaN NaN NaN NaN NaN NaN NaN NaN NaN NaN NaN NaN NaN NaN NaN NaN NaN NaN NaN NaN NaN NaN NaN NaN NaN NaN NaN NaN NaN NaN NaN NaN NaN NaN NaN NaN NaN NaN NaN NaN NaN NaN NaN NaN NaN NaN NaN NaN NaN NaN NaN NaN NaN NaN NaN NaN NaN NaN NaN NaN NaN NaN NaN NaN NaN NaN NaN NaN NaN NaN NaN NaN NaN NaN NaN NaN NaN NaN NaN NaN NaN NaN NaN NaN NaN NaN NaN NaN NaN 
NaN NaN NaN NaN NaN NaN NaN NaN NaN NaN NaN NaN NaN NaN NaN NaN NaN NaN NaN NaN NaN NaN NaN NaN NaN NaN NaN NaN NaN NaN NaN NaN NaN NaN NaN NaN NaN NaN NaN NaN NaN NaN NaN NaN NaN NaN NaN NaN NaN NaN NaN NaN NaN NaN NaN NaN NaN NaN NaN NaN NaN NaN NaN NaN NaN NaN NaN NaN NaN NaN NaN NaN NaN NaN NaN NaN NaN NaN NaN NaN NaN NaN NaN NaN NaN NaN NaN NaN NaN NaN NaN NaN NaN NaN NaN NaN NaN NaN NaN NaN NaN NaN NaN NaN NaN NaN NaN NaN NaN NaN NaN NaN NaN NaN NaN NaN NaN NaN NaN NaN NaN NaN NaN NaN NaN NaN NaN NaN NaN NaN NaN NaN NaN NaN NaN 
NaN NaN NaN NaN NaN 0.603800124999603 0.555058690643731 0.655412063538477 0.235443180540220 0.100348892031484 0.828792897002929 0.456047658564440 0.734421663605887 0.286122935427854 0.465139596122053 NaN NaN NaN NaN NaN 0.595140826236970 0.453722445173712 0.865108562599580 0.912084401753363 0.094480793059505 0.472916222286606 0.731963890076226 0.218808059207237 0.358650487785084 0.187301448572778 NaN NaN NaN NaN NaN 0.766512550191304 0.860132409765370 0.803726359484927 0.669232742315508 0.458248046566400 0.884262264139965 0.937783460648383 0.780680360252352 0.901000496310576 0.797949846109793 NaN NaN NaN NaN NaN 0.509415102783203 0.745632524381008 0.439921873749298 0.054426745017661 0.312338434788371 0.842325647012597 0.786807888516486 0.644057978024984 0.610121057673723 0.054465040878509 NaN NaN NaN NaN NaN 0.595534706904573 0.618867854477163 0.673081671933128 0.649759680941215 0.680239959676266 0.901301305325592 0.931785243455303 0.818566740549145 0.902324890753250 0.680062168811344 NaN NaN NaN NaN NaN 0.748334667050624 0.382524164257129 0.859489490216859 0.732493620000003 0.137510867389724 0.877290816685288 0.900636186247810 0.916319003713880 0.877924163165397 0.329184843838035 NaN NaN NaN NaN NaN 0.423853888731875 0.387053077951328 0.541847952381694 0.724773535516001 0.613914538182040 0.372998397233161 0.373044393319272 0.721051553066470 0.442967852729703 0.693027501460837 NaN NaN NaN NaN NaN 1.000000000000000 0.941971332289920 0.943315569036937 0.919831963792454 0.901347666399878 0.746419795731738 0.750528275176645 0.666023317703679 0.854698717813097 0.827473441913752 NaN NaN NaN NaN NaN 0.919720360377998 0.944063879798984 0.933863644769369 0.947041293110265 0.918890139740387 0.857449097087128 0.913535631530766 0.966765627131367 0.970457581084306 0.962370569816839 
NaN NaN NaN NaN NaN 0.607001060277129 0.502256281509549 0.681483511450173 0.243588985465724 0.104938091202544 0.820678600714882 0.453116009950381 0.704007185559821 0.294907089267074 0.477439312862455 NaN NaN NaN NaN NaN 0.578168484792679 0.488144557575510 0.842379567841817 0.918272645514004 0.088537891798686 0.468740735220356 0.740211562943310 0.227492993125100 0.334915615811762 0.199434404453411 NaN NaN NaN NaN NaN 0.833173217220778 0.841235205017197 0.758520155148088 0.630507874921665 0.400289062220759 0.874556470701253 0.942449059280826 0.767691628747642 0.861650163598068 0.777641869695413 NaN NaN NaN NaN NaN 0.431758403205961 0.694041857838187 0.389161304093565 0.053717605193241 0.223260526644097 0.929833836091265 0.799819180735539 0.651281260962995 0.630629987796740 0.064748180804065 NaN NaN NaN NaN NaN 0.632751876440725 0.580899839046371 0.636594165824802 0.593806041550826 0.550038057650055 0.914098489446069 0.901470041028531 0.853831197505927 0.911278927723479 0.709203452996028 NaN NaN NaN NaN NaN 0.782631668374995 0.362618552358810 0.836171316862209 0.759073236507544 0.128967201174038 0.872845299515264 0.885613345141328 0.921062145880160 0.826167445332437 0.355668526703053 NaN NaN NaN NaN NaN 0.370610060789831 0.437094274469721 0.559382551455920 0.659499665840374 0.565529178339693 0.333731498993876 0.333786309259032 0.746943695153076 0.423497007766819 0.591742459796879 NaN NaN NaN NaN NaN 0.941971332289920 1.000000000000000 0.931792588906974 0.914790687894027 0.901191030683005 0.798321337543039 0.790219013660504 0.704717821413602 0.863358494583558 0.788167919384802 NaN NaN NaN NaN NaN 0.884392686041200 0.929035603289977 0.960860351920976 0.883016142596434 0.893145921763439 0.866585562472321 0.923629258813909 0.974019456621359 0.975794736960217 0.948805636731661 
NaN NaN NaN NaN NaN 0.556030380076755 0.499314611363487 0.712038964329352 0.256520596350589 0.111505076355010 0.820378495028778 0.435414224143142 0.735989792698073 0.275701189022929 0.449134134396605 NaN NaN NaN NaN NaN 0.645085177459989 0.420976487240936 0.804418117088657 0.836205452476723 0.092117049309285 0.468559762351709 0.710178966634368 0.229171325816176 0.332315899964959 0.182430896434329 NaN NaN NaN NaN NaN 0.808559930829337 0.769293011488810 0.815515329728984 0.616054016434962 0.451714044100909 0.833405925676249 0.897094990074540 0.787312549770045 0.891608615322706 0.766145595056058 NaN NaN NaN NaN NaN 0.552006412387320 0.695502079543811 0.393708419891469 0.072168676297056 0.318101731253364 0.874463992272144 0.717990655849604 0.765409053243538 0.686156108096631 0.017736423856424 NaN NaN NaN NaN NaN 0.608952894340798 0.592031283704056 0.631209187336345 0.718637977217393 0.637401938815936 0.933747149222582 0.904761858938216 0.764263241784398 0.841714370875264 0.721369151452950 NaN NaN NaN NaN NaN 0.746426466361024 0.377618133983173 0.849233236261730 0.840982429737411 0.129810058308164 0.845687661788719 0.878821550077373 0.830652458866530 0.907304285405401 0.283379202506677 NaN NaN NaN NaN NaN 0.456015397257007 0.300543047522992 0.494997062252445 0.607651661002047 0.478279681538363 0.246330123634965 0.246400329075224 0.641570105174745 0.402831357857063 0.641134158788497 NaN NaN NaN NaN NaN 0.943315569036937 0.931792588906974 1.000000000000000 0.891705834461319 0.884701747141493 0.695708845960337 0.783723000352389 0.673910654934541 0.830906210417950 0.789900342894782 NaN NaN NaN NaN NaN 0.868597172803157 0.894029278980314 0.945404678689967 0.922995400033111 0.911195687836179 0.850561813498027 0.896896269152903 0.952942912602608 0.958718181482214 0.947065884137162 
NaN NaN NaN NaN NaN 0.562294425253299 0.586254064891831 0.574343599574064 0.233051059900578 0.131349511905243 0.763387814283773 0.473739405972138 0.681151951486200 0.298482795864197 0.469763248476571 NaN NaN NaN NaN NaN 0.493619711018349 0.456305925286643 0.848141053608962 0.871844283198826 0.139507585515414 0.450836765728743 0.730058703686704 0.252322551613126 0.344987215406666 0.225197699564376 NaN NaN NaN NaN NaN 0.629695025855012 0.803756232695197 0.775890952101765 0.627429126972755 0.465046709274420 0.870294953815310 0.900559110448470 0.780590299792036 0.811548986288091 0.788660057994388 NaN NaN NaN NaN NaN 0.544882095807822 0.738162173580680 0.459504474733290 0.113982061209694 0.276918638373431 0.797006541127022 0.833260439219904 0.582574460074213 0.672229508510501 0.062084749391566 NaN NaN NaN NaN NaN 0.634026265809960 0.640763334065327 0.702004197259786 0.465910164811868 0.605203018513486 0.805416041538519 0.856520278580287 0.820640643472159 0.898933402375252 0.717664468638375 NaN NaN NaN NaN NaN 0.803260651949229 0.357465098956823 0.689638480911344 0.620259056379396 0.149993268331261 0.857396590245154 0.869883784414041 0.880392790258884 0.770018779933837 0.317159004866293 NaN NaN NaN NaN NaN 0.376495632446736 0.405614970990842 0.503709970129622 0.639117934753340 0.530701539979695 0.269863354448189 0.269882551916764 0.664987853714589 0.442991155497850 0.592068456553639 NaN NaN NaN NaN NaN 0.919831963792453 0.914790687894027 0.891705834461319 1.000000000000000 0.924781197950324 0.780219606467827 0.637109186067961 0.659088230330217 0.804346026827926 0.812339571809710 NaN NaN NaN NaN NaN 0.933714199164208 0.895113855181611 0.941729532585690 0.891847616551178 0.933757426076388 0.831557658355169 0.885068770256425 0.938582339106128 0.942706194038323 0.964094013010217 
NaN NaN NaN NaN NaN 0.560737494303579 0.494502745025351 0.590540675098921 0.228372834189940 0.106161987135163 0.763517895783906 0.455511243471300 0.687935125892592 0.270570524046217 0.437278946564147 NaN NaN NaN NaN NaN 0.524351222718734 0.410720386913603 0.868591857286816 0.854398168650999 0.126978303169500 0.435885000842692 0.715075168932922 0.214789721451002 0.346810078613901 0.208624108533466 NaN NaN NaN NaN NaN 0.686626953720974 0.726108834270526 0.767159188441205 0.576292020590176 0.451652169048095 0.860211671685184 0.891841358886921 0.758761659966979 0.859117169717997 0.798896420729030 NaN NaN NaN NaN NaN 0.464993925357959 0.724286136716098 0.369756286005135 0.218979366195515 0.236109397855526 0.823023148022154 0.764229293576784 0.614668629411169 0.633916575476629 0.087574194213301 NaN NaN NaN NaN NaN 0.620595398157484 0.669049011717904 0.702259223744221 0.559618655333761 0.646324232441760 0.845159700634921 0.863002122868983 0.748581992775810 0.853978549769674 0.655555488994034 NaN NaN NaN NaN NaN 0.739785565758840 0.366580747590006 0.711470416090171 0.684485669448476 0.118422611452694 0.824577873886556 0.838471744148428 0.857117340097893 0.785480961930228 0.304529144072276 NaN NaN NaN NaN NaN 0.346922713535727 0.503471083208877 0.439361829258742 0.653069222079168 0.591142259407936 0.376968701381901 0.376946844857813 0.671849755500637 0.398254828974501 0.628350140276572 NaN NaN NaN NaN NaN 0.901347666399878 0.901191030683005 0.884701747141493 0.924781197950324 1.000000000000000 0.800076398623742 0.715451155641311 0.665954982347075 0.821435187777201 0.820865386516248 NaN NaN NaN NaN NaN 0.888815878145954 0.895295470155432 0.925201167694536 0.878476823397035 0.939283806450878 0.825314108525674 0.877547177553348 0.919901326710619 0.936913416788107 0.960546998213618 
NaN NaN NaN NaN NaN 0.550040347202873 0.503012628687604 0.559231645569642 0.187100005484084 0.127096091046381 0.724997297579567 0.431416768625793 0.643667254311516 0.300934110574191 0.408504655398752 NaN NaN NaN NaN NaN 0.472453460120092 0.403516403773976 0.892587416876148 0.877989921996964 0.095794350667045 0.446964036653037 0.727976177293389 0.249697819775044 0.362532805348911 0.252749842749652 NaN NaN NaN NaN NaN 0.586305441056274 0.624982991096229 0.633175922091487 0.361617893010719 0.529292219873699 0.817712660329466 0.838405947351384 0.721957435516494 0.685891704926229 0.767541751108319 NaN NaN NaN NaN NaN 0.533346651040802 0.589745137667448 0.351845828802003 0.038146387271518 0.105472753143980 0.701742645042139 0.605645881456476 0.443230474771719 0.615829905906942 0.059613563644250 NaN NaN NaN NaN NaN 0.495964667679210 0.521508981862376 0.571690399648188 0.344376495799235 0.544693044023168 0.775253616958049 0.730645517411446 0.666236169155358 0.842989555292588 0.435912914184320 NaN NaN NaN NaN NaN 0.732879452786106 0.379952065179362 0.595997088687292 0.482111193757625 0.151034205173784 0.792450051295453 0.740161285754874 0.862914962539094 0.694559583385852 0.228404225143310 NaN NaN NaN NaN NaN 0.122779943117779 0.666098604990290 0.454703901018616 0.705376408125574 0.653630562333274 0.445691067820366 0.445684644509613 0.829072179462083 0.565674823965975 0.725626095437406 NaN NaN NaN NaN NaN 0.746419795731738 0.798321337543039 0.695708845960337 0.780219606467827 0.800076398623742 1.000000000000000 0.718947986518584 0.691767774682344 0.841736190171645 0.791703585977609 NaN NaN NaN NaN NaN 0.852190325866341 0.822091428559109 0.809569839042827 0.627647236460112 0.709728899781895 0.769086958721219 0.824031935710599 0.836975761807403 0.833129045924303 0.817816677436727 
NaN NaN NaN NaN NaN 0.482938179793973 0.382107482995981 0.688387356673341 0.209698474441673 0.009435160231953 0.751475170902393 0.310159482266096 0.711051285796939 0.215619845010907 0.344830063060215 NaN NaN NaN NaN NaN 0.638202097883646 0.339527348250265 0.728705281184256 0.720817507579607 0.011484458247966 0.396002155758574 0.650160157814065 0.148291413993073 0.239733175017436 0.104317799225612 NaN NaN NaN NaN NaN 0.895125388071223 0.565024929902333 0.537743478885983 0.335622410921223 0.366155561319875 0.674473131753970 0.755735902954078 0.524524990780467 0.777658699372397 0.548331432092003 NaN NaN NaN NaN NaN 0.298403029767696 0.460440756331173 0.331900777334826 0.056386418652287 0.077347764729610 0.800806012624245 0.541794150325091 0.751773394411480 0.443340883307321 0.017979295153528 NaN NaN NaN NaN NaN 0.428683730302052 0.421189019904778 0.363890421702580 0.743921169387409 0.429667917551916 0.914821763527403 0.748003179465492 0.566767680084510 0.655213956167176 0.383171886135258 NaN NaN NaN NaN NaN 0.606634880952691 0.302272845983736 0.832136288432772 0.765597096952142 0.118425047493320 0.690620817920453 0.681437288198390 0.676090862798962 0.829816983903558 0.200236114312328 NaN NaN NaN NaN NaN 0.227243314604560 0.570673791889252 0.484887504729765 0.488860632225646 0.462841090947644 0.366073468611421 0.366030622738431 0.676428713375661 0.258832848495044 0.588219766455852 NaN NaN NaN NaN NaN 0.750528275176645 0.790219013660504 0.783723000352389 0.637109186067961 0.715451155641311 0.718947986518584 1.000000000000000 0.519725523060979 0.701712544307412 0.591599124285918 NaN NaN NaN NaN NaN 0.659649592466047 0.752648594454231 0.762023113849846 0.661148499431650 0.603543371068958 0.730371433826205 0.763714453821955 0.800273383471849 0.811597102688033 0.725114767676591 
NaN NaN NaN NaN NaN 0.466351911974401 0.384102183177224 0.450809074831307 0.156930007347367 0.135231310505113 0.646837923266088 0.389346692351743 0.531279515170597 0.263274343025686 0.341280883566662 NaN NaN NaN NaN NaN 0.586120771162021 0.357168735213088 0.652072156053388 0.692664573296220 0.090425362346048 0.366444050219887 0.579535505955524 0.234084857265121 0.296470761537599 0.191712033876046 NaN NaN NaN NaN NaN 0.519469171989294 0.559770533199030 0.619163899818670 0.438845514218296 0.304278524221381 0.680240147712074 0.704020363930848 0.863836705084620 0.603758228031928 0.668650060912107 NaN NaN NaN NaN NaN 0.428564215950667 0.608336599664902 0.141377168051895 0.023742964396931 0.124729425474512 0.665018418973593 0.526155731477843 0.388679228537521 0.536043471768573 0.031340929116088 NaN NaN NaN NaN NaN 0.396466052994052 0.464861387621669 0.558132001158707 0.382650008771512 0.504367665047627 0.639224812056629 0.819312117173570 0.571905034173812 0.698150779253413 0.492580778329509 NaN NaN NaN NaN NaN 0.577067958200723 0.319529630719985 0.555822638242956 0.494368513385124 0.050257206093648 0.669034121325017 0.676200923092468 0.741053611360578 0.597004629584151 0.223257368412077 NaN NaN NaN NaN NaN 0.283378085643808 0.333954140166105 0.313926825356800 0.628163923430813 0.542474057990822 0.334081069781469 0.334172757431196 0.622099941664401 0.476273842993615 0.565434226059199 NaN NaN NaN NaN NaN 0.666023317703679 0.704717821413602 0.673910654934541 0.659088230330217 0.665954982347075 0.691767774682344 0.519725523060979 1.000000000000000 0.725088840207917 0.676409841581202 NaN NaN NaN NaN NaN 0.720078936136534 0.734753885854184 0.701921822409632 0.648867505822436 0.654194147340313 0.621830966887092 0.680756540725675 0.703350718254264 0.706713494417236 0.703050405453684 
NaN NaN NaN NaN NaN 0.531642700525854 0.559117143603590 0.657410327640966 0.223747991982912 0.126853294421994 0.784784605465745 0.457710032752163 0.668227398606800 0.306113632989404 0.469903624163775 NaN NaN NaN NaN NaN 0.516988623611265 0.460008492406687 0.883505150935270 0.892119533442876 0.104094420227478 0.468873839496751 0.736847987451973 0.260697049877298 0.392257073391145 0.230912424016668 NaN NaN NaN NaN NaN 0.697483664627731 0.757102053661180 0.800530456367392 0.475290683406625 0.495832782715723 0.885879906367430 0.900767130139143 0.812213228601801 0.703085346626534 0.795793165649639 NaN NaN NaN NaN NaN 0.557254207868083 0.713607553117123 0.293780364165634 0.056281645506358 0.176276808283398 0.816368717554249 0.642620635316165 0.491132885046317 0.713703363635663 0.045546292229471 NaN NaN NaN NaN NaN 0.580796588677485 0.581007305648937 0.577297734494997 0.488879048202548 0.689388645495811 0.858121258956593 0.836382272360476 0.748827377410548 0.864709814776564 0.599433476374656 NaN NaN NaN NaN NaN 0.790078948023888 0.422067665032831 0.708208291121611 0.660215463233440 0.108895156711627 0.855104472280427 0.840428369650146 0.906001760925509 0.745562586713730 0.305881588091627 NaN NaN NaN NaN NaN 0.422070010205236 0.421765554801938 0.556749119460716 0.715458786862334 0.608098380284376 0.399733350108843 0.399711084442371 0.860659544072405 0.502653725759008 0.840871243462771 NaN NaN NaN NaN NaN 0.854698717813097 0.863358494583559 0.830906210417950 0.804346026827926 0.821435187777201 0.841736190171645 0.701712544307412 0.725088840207917 1.000000000000000 0.864062630677032 NaN NaN NaN NaN NaN 0.846199996138456 0.880259699353625 0.857938712324868 0.756610471197328 0.822854095807200 0.799940133114329 0.858567256602947 0.896141084227822 0.881061347103292 0.866951450762098 
NaN NaN NaN NaN NaN 0.513296122362655 0.518766796240983 0.571241357809668 0.204485342842338 0.175306785060863 0.736652245031254 0.445326578668856 0.665771941942037 0.298977604295249 0.401748499153592 NaN NaN NaN NaN NaN 0.476877919901323 0.382981813262634 0.820650195816841 0.839980683534006 0.126452845528932 0.426173355667135 0.682827069306726 0.272565864542390 0.380990971271605 0.251979431997754 NaN NaN NaN NaN NaN 0.567918585091550 0.670893149810745 0.728402553461770 0.479757566218055 0.480708689720700 0.809486871229556 0.828658860229778 0.803941854014123 0.742339755217726 0.836205238348804 NaN NaN NaN NaN NaN 0.629748389639941 0.714435180226190 0.302751169065572 0.043138164613212 0.179081986158347 0.699403041448010 0.610181666619915 0.447909991510204 0.688968909486737 0.097855566048733 NaN NaN NaN NaN NaN 0.477416558421333 0.630268647480647 0.634335937386888 0.475002250182908 0.712685070433318 0.771595684741522 0.781631100800586 0.645774778584535 0.813275890456715 0.567297617412804 NaN NaN NaN NaN NaN 0.682861467902849 0.369724466231382 0.638171719889878 0.562322734903675 0.102535795654549 0.829423374050575 0.780065160253428 0.855326005528669 0.749230561419198 0.280241452798307 NaN NaN NaN NaN NaN 0.262778118390086 0.352267927222336 0.371731343662105 0.734023426292786 0.653658629867138 0.393315786151894 0.393304725488545 0.773105941684925 0.620110093769497 0.756624237683706 NaN NaN NaN NaN NaN 0.827473441913752 0.788167919384802 0.789900342894782 0.812339571809710 0.820865386516247 0.791703585977609 0.591599124285918 0.676409841581202 0.864062630677032 1.000000000000000 NaN NaN NaN NaN NaN 0.830815673349188 0.828530750759062 0.819900918335177 0.766325493153645 0.832942487593840 0.746535946680309 0.819994719511399 0.842215071346780 0.829217371802176 0.856603616471448 
NaN NaN NaN NaN NaN NaN NaN NaN NaN NaN NaN NaN NaN NaN NaN NaN NaN NaN NaN NaN NaN NaN NaN NaN NaN NaN NaN NaN NaN NaN NaN NaN NaN NaN NaN NaN NaN NaN NaN NaN NaN NaN NaN NaN NaN NaN NaN NaN NaN NaN NaN NaN NaN NaN NaN NaN NaN NaN NaN NaN NaN NaN NaN NaN NaN NaN NaN NaN NaN NaN NaN NaN NaN NaN NaN NaN NaN NaN NaN NaN NaN NaN NaN NaN NaN NaN NaN NaN NaN NaN NaN NaN NaN NaN NaN NaN NaN NaN NaN NaN NaN NaN NaN NaN NaN NaN NaN NaN NaN NaN NaN NaN NaN NaN NaN NaN NaN NaN NaN NaN NaN NaN NaN NaN NaN NaN NaN NaN NaN NaN NaN NaN NaN NaN NaN 
NaN NaN NaN NaN NaN NaN NaN NaN NaN NaN NaN NaN NaN NaN NaN NaN NaN NaN NaN NaN NaN NaN NaN NaN NaN NaN NaN NaN NaN NaN NaN NaN NaN NaN NaN NaN NaN NaN NaN NaN NaN NaN NaN NaN NaN NaN NaN NaN NaN NaN NaN NaN NaN NaN NaN NaN NaN NaN NaN NaN NaN NaN NaN NaN NaN NaN NaN NaN NaN NaN NaN NaN NaN NaN NaN NaN NaN NaN NaN NaN NaN NaN NaN NaN NaN NaN NaN NaN NaN NaN NaN NaN NaN NaN NaN NaN NaN NaN NaN NaN NaN NaN NaN NaN NaN NaN NaN NaN NaN NaN NaN NaN NaN NaN NaN NaN NaN NaN NaN NaN NaN NaN NaN NaN NaN NaN NaN NaN NaN NaN NaN NaN NaN NaN NaN 
NaN NaN NaN NaN NaN NaN NaN NaN NaN NaN NaN NaN NaN NaN NaN NaN NaN NaN NaN NaN NaN NaN NaN NaN NaN NaN NaN NaN NaN NaN NaN NaN NaN NaN NaN NaN NaN NaN NaN NaN NaN NaN NaN NaN NaN NaN NaN NaN NaN NaN NaN NaN NaN NaN NaN NaN NaN NaN NaN NaN NaN NaN NaN NaN NaN NaN NaN NaN NaN NaN NaN NaN NaN NaN NaN NaN NaN NaN NaN NaN NaN NaN NaN NaN NaN NaN NaN NaN NaN NaN NaN NaN NaN NaN NaN NaN NaN NaN NaN NaN NaN NaN NaN NaN NaN NaN NaN NaN NaN NaN NaN NaN NaN NaN NaN NaN NaN NaN NaN NaN NaN NaN NaN NaN NaN NaN NaN NaN NaN NaN NaN NaN NaN NaN NaN 
NaN NaN NaN NaN NaN NaN NaN NaN NaN NaN NaN NaN NaN NaN NaN NaN NaN NaN NaN NaN NaN NaN NaN NaN NaN NaN NaN NaN NaN NaN NaN NaN NaN NaN NaN NaN NaN NaN NaN NaN NaN NaN NaN NaN NaN NaN NaN NaN NaN NaN NaN NaN NaN NaN NaN NaN NaN NaN NaN NaN NaN NaN NaN NaN NaN NaN NaN NaN NaN NaN NaN NaN NaN NaN NaN NaN NaN NaN NaN NaN NaN NaN NaN NaN NaN NaN NaN NaN NaN NaN NaN NaN NaN NaN NaN NaN NaN NaN NaN NaN NaN NaN NaN NaN NaN NaN NaN NaN NaN NaN NaN NaN NaN NaN NaN NaN NaN NaN NaN NaN NaN NaN NaN NaN NaN NaN NaN NaN NaN NaN NaN NaN NaN NaN NaN 
NaN NaN NaN NaN NaN NaN NaN NaN NaN NaN NaN NaN NaN NaN NaN NaN NaN NaN NaN NaN NaN NaN NaN NaN NaN NaN NaN NaN NaN NaN NaN NaN NaN NaN NaN NaN NaN NaN NaN NaN NaN NaN NaN NaN NaN NaN NaN NaN NaN NaN NaN NaN NaN NaN NaN NaN NaN NaN NaN NaN NaN NaN NaN NaN NaN NaN NaN NaN NaN NaN NaN NaN NaN NaN NaN NaN NaN NaN NaN NaN NaN NaN NaN NaN NaN NaN NaN NaN NaN NaN NaN NaN NaN NaN NaN NaN NaN NaN NaN NaN NaN NaN NaN NaN NaN NaN NaN NaN NaN NaN NaN NaN NaN NaN NaN NaN NaN NaN NaN NaN NaN NaN NaN NaN NaN NaN NaN NaN NaN NaN NaN NaN NaN NaN NaN 
NaN NaN NaN NaN NaN 0.593132470195737 0.574576515658132 0.579855874102375 0.214004236297775 0.142874807586358 0.777657034835388 0.480345088153652 0.680850925153184 0.311118739898157 0.449365638819187 NaN NaN NaN NaN NaN 0.553920280776976 0.430661034317052 0.928488143271381 0.905531675859044 0.109942953354613 0.477655217735451 0.752289111027911 0.261017923292617 0.388004394617442 0.243918762847206 NaN NaN NaN NaN NaN 0.600266123847277 0.799980488242857 0.798177873969020 0.603449082503825 0.518852917583270 0.917068329420100 0.925801629791069 0.833096688768020 0.809465421088813 0.797242712762715 NaN NaN NaN NaN NaN 0.576896548938527 0.714313640814622 0.483951642523468 0.030347506530946 0.288092412846768 0.736524413404347 0.783146260918712 0.559499510781285 0.642736787078461 0.064026831953286 NaN NaN NaN NaN NaN 0.587973119595560 0.616852739800421 0.681916566296521 0.451140721050560 0.656501506197523 0.823237786317480 0.882551240983086 0.805009306240080 0.916331551314830 0.613340334418586 NaN NaN NaN NaN NaN 0.786178542562417 0.382262849779565 0.721454287263926 0.581174389905045 0.184036506763955 0.865856208760027 0.865877420197885 0.911709607023074 0.800526976913281 0.278177123217514 NaN NaN NaN NaN NaN 0.356963271702554 0.511987675571600 0.535651960791505 0.727247774053306 0.627880414845690 0.384243607318951 0.384338756178483 0.735944353028537 0.473515881922134 0.727578938175486 NaN NaN NaN NaN NaN 0.919720360377998 0.884392686041200 0.868597172803157 0.933714199164208 0.888815878145954 0.852190325866341 0.659649592466047 0.720078936136534 0.846199996138456 0.830815673349188 NaN NaN NaN NaN NaN 1.000000000000000 0.928692382362931 0.915528533903182 0.871282283405493 0.888613963482481 0.854024450055788 0.897659794461217 0.936817472362387 0.937989474758777 0.950551426390856 
NaN NaN NaN NaN NaN 0.614556994509969 0.550177310867369 0.639514903454229 0.232855666755701 0.109836191261996 0.829873311466359 0.478467457588393 0.729557795733583 0.311236127803054 0.465193626552869 NaN NaN NaN NaN NaN 0.593868973205864 0.446409342510612 0.910093834991405 0.909023388213955 0.100366746415691 0.483354861190582 0.768212092314806 0.257015286638406 0.398359451089499 0.217977514965317 NaN NaN NaN NaN NaN 0.751136736750753 0.784378099093221 0.861458063181941 0.644787260698601 0.392433566855809 0.899881668521648 0.953670988145777 0.830463563564013 0.874104093438903 0.835164840954146 NaN NaN NaN NaN NaN 0.499526300441986 0.758085299948641 0.350342376204699 0.051653043054618 0.294730442030231 0.852922283047029 0.755619940261125 0.579901850316865 0.601834810274718 0.061002008205968 NaN NaN NaN NaN NaN 0.606060481644158 0.648320427846483 0.688555778128472 0.577825038713287 0.706114685364657 0.898897084926510 0.918484548936009 0.763614494245565 0.915913784205291 0.626188617001803 NaN NaN NaN NaN NaN 0.779160519076537 0.368819607777467 0.822959080943046 0.716822318501977 0.124009545760134 0.894083677834018 0.877053209274067 0.940373953060141 0.845716749359143 0.305304009568658 NaN NaN NaN NaN NaN 0.376719062089717 0.537221379865349 0.461729377416390 0.820029406349552 0.740964196102124 0.542397660587336 0.542425440610416 0.786264756617885 0.402726300340495 0.727219352626527 NaN NaN NaN NaN NaN 0.944063879798984 0.929035603289977 0.894029278980314 0.895113855181611 0.895295470155432 0.822091428559109 0.752648594454231 0.734753885854184 0.880259699353625 0.828530750759062 NaN NaN NaN NaN NaN 0.928692382362931 1.000000000000000 0.922548134305549 0.895894941608476 0.881587690210709 0.854541980207149 0.907001053034430 0.945606366637278 0.949012772950026 0.943835179684136 
NaN NaN NaN NaN NaN 0.591046384002682 0.517526645903929 0.652359533255445 0.262868575817010 0.122730311251048 0.807490791977174 0.452871457785833 0.718761733913538 0.293372904228427 0.464570039756490 NaN NaN NaN NaN NaN 0.581520324105895 0.452167382877870 0.853747860071851 0.896214202802335 0.100791018646955 0.474933937827020 0.737566048131211 0.247428353883365 0.358437674118093 0.220844039993094 NaN NaN NaN NaN NaN 0.763702786829293 0.777710351957031 0.811730992397206 0.573546217764674 0.401798975271352 0.875093446372612 0.923129573146914 0.780984293849152 0.861119637007456 0.784182097096819 NaN NaN NaN NaN NaN 0.549457992961760 0.732073436732259 0.356263682742477 0.040108558860002 0.261179876545684 0.906125477506952 0.802286812161722 0.684578262125164 0.725072093661025 0.049778213763780 NaN NaN NaN NaN NaN 0.618121188442645 0.615560338061275 0.660985697665518 0.597916563334862 0.630823707641616 0.897301189337068 0.898793824795576 0.799217603227794 0.908892845060000 0.751132167217570 NaN NaN NaN NaN NaN 0.778842497989406 0.384034082313897 0.768841232399676 0.763520935617825 0.129773746775799 0.869009505413818 0.894390781757757 0.885650313722373 0.847598768599894 0.335777954986749 NaN NaN NaN NaN NaN 0.418948249812076 0.430921757554291 0.483224918462991 0.649890755022461 0.530594780626301 0.275225585763855 0.275235200539954 0.704387144441209 0.463830689876660 0.627505589517072 NaN NaN NaN NaN NaN 0.933863644769369 0.960860351920976 0.945404678689967 0.941729532585690 0.925201167694536 0.809569839042827 0.762023113849846 0.701921822409632 0.857938712324868 0.819900918335177 NaN NaN NaN NaN NaN 0.915528533903182 0.922548134305549 1.000000000000000 0.897163798185501 0.935800227744196 0.869782831448604 0.931228171804496 0.973334252844310 0.972076470219715 0.974643584438054 
NaN NaN NaN NaN NaN 0.574719943094187 0.507268765170844 0.582579656214705 0.243908431821810 0.104136566118983 0.762642250149306 0.439186193934228 0.710484404976391 0.256299574750919 0.421062016277613 NaN NaN NaN NaN NaN 0.665522314084317 0.403378591089763 0.771247417230588 0.811385896915320 0.112395237670859 0.442638465765195 0.690103306100197 0.208226241952767 0.340802284510316 0.176692998236701 NaN NaN NaN NaN NaN 0.688466027770256 0.780312966777843 0.779283022845999 0.676679970983667 0.384332457873480 0.808860890614423 0.862308694786181 0.778339462437289 0.886911418035198 0.758802721367264 NaN NaN NaN NaN NaN 0.502711745082644 0.742859051668970 0.375872287992684 0.117422002959532 0.310566497818114 0.793675355927742 0.760009627910879 0.652786572391035 0.596625041714136 0.043461463071121 NaN NaN NaN NaN NaN 0.598490584190505 0.631705191653677 0.685808460425511 0.671308286092542 0.653364466176736 0.837074682174936 0.909085488416356 0.750022285219182 0.826677811069390 0.695259389295514 NaN NaN NaN NaN NaN 0.679519024408957 0.350145299234179 0.811227478482246 0.723265846510588 0.121390039502793 0.820184407143780 0.852150928590675 0.833335440004032 0.853413252778083 0.329016803445096 NaN NaN NaN NaN NaN 0.435401927835535 0.272820636468313 0.422608070756219 0.660550454342161 0.544589519315167 0.304537953291983 0.304608347287383 0.587710056635765 0.400055807115265 0.591871348916522 NaN NaN NaN NaN NaN 0.947041293110265 0.883016142596433 0.922995400033111 0.891847616551178 0.878476823397035 0.627647236460112 0.661148499431650 0.648867505822436 0.756610471197328 0.766325493153645 NaN NaN NaN NaN NaN 0.871282283405493 0.895894941608477 0.897163798185501 1.000000000000000 0.916514698904108 0.803989776859771 0.855859182974841 0.908512440599620 0.914201443163828 0.928782572002955 
NaN NaN NaN NaN NaN 0.540765376402626 0.491893362756621 0.567295843394203 0.219203913634347 0.121001753822475 0.745120210671270 0.447646122176619 0.662336621274948 0.262558867230605 0.439221129724658 NaN NaN NaN NaN NaN 0.514143468111959 0.425354383166650 0.822258309199761 0.842989847745344 0.132113794576676 0.425953690739903 0.685084780544294 0.224456219198729 0.353824584182442 0.207722320955028 NaN NaN NaN NaN NaN 0.652151765318114 0.776604537135768 0.822056194022293 0.633637928998469 0.417040134398828 0.843366521541754 0.878776749427172 0.788219131753239 0.839078958664174 0.836489785831409 NaN NaN NaN NaN NaN 0.602827149015696 0.744516077582318 0.318156647559624 0.148125377328500 0.348900181769773 0.816416416231742 0.758181359409075 0.583152028664481 0.745739184464860 0.059646144390015 NaN NaN NaN NaN NaN 0.589873589072032 0.683452239077201 0.679941219811009 0.531826244050713 0.717544941526589 0.817726222589896 0.856889158758925 0.745747604720733 0.859353478654809 0.782378612707527 NaN NaN NaN NaN NaN 0.724186210172185 0.355744474449406 0.675881396053428 0.705531988873659 0.105590972434993 0.823882034547247 0.850626839788309 0.843921259343476 0.780624607945402 0.352078015875529 NaN NaN NaN NaN NaN 0.377028321683215 0.315310861758167 0.374996611690137 0.637513624929280 0.530529928362498 0.281148476695379 0.281155771212345 0.629139349254756 0.442206824883526 0.605257266930631 NaN NaN NaN NaN NaN 0.918890139740387 0.893145921763439 0.911195687836179 0.933757426076388 0.939283806450878 0.709728899781895 0.603543371068958 0.654194147340313 0.822854095807200 0.832942487593840 NaN NaN NaN NaN NaN 0.888613963482481 0.881587690210709 0.935800227744196 0.916514698904108 1.000000000000000 0.808941637964173 0.869112538553847 0.918833862244562 0.919656326040209 0.959252557023939 
NaN NaN NaN NaN NaN 0.555836978714519 0.501954584920197 0.637347398717155 0.203417837465824 0.104324442373197 0.753071773143394 0.421169923781267 0.683534671730820 0.260032609350083 0.421895597344952 NaN NaN NaN NaN NaN 0.540396017495165 0.443432383927906 0.826977171327871 0.830940987214055 0.072337906141158 0.452936448527485 0.684603819784685 0.213252845132632 0.351076433649006 0.208255023993761 NaN NaN NaN NaN NaN 0.693019524986385 0.735005761687733 0.729213087062649 0.557505714517501 0.443365492339490 0.824293678692483 0.858477488603802 0.723665517580309 0.790964375598777 0.717319552551774 NaN NaN NaN NaN NaN 0.473199991396572 0.661804875488608 0.394194708016007 0.038044631109057 0.221543464176039 0.795796609379118 0.716395990399940 0.632948639067797 0.595953120760272 0.068416923452382 NaN NaN NaN NaN NaN 0.558916174092750 0.568926626892285 0.566002348395546 0.537175655799099 0.586944537539611 0.842156200928400 0.825657458744338 0.744765081871147 0.819677779492384 0.591806528597183 NaN NaN NaN NaN NaN 0.733328876091305 0.383194756665238 0.738341037578585 0.655180234213265 0.131350136983264 0.821225341014661 0.817889238177208 0.833267302209278 0.784017223992977 0.274894454396562 NaN NaN NaN NaN NaN 0.379704989224103 0.466341465652755 0.513014099601028 0.621422667137981 0.520613285631550 0.326844044983309 0.326823731149975 0.691250100532353 0.381030126160234 0.636018773443946 NaN NaN NaN NaN NaN 0.857449097087128 0.866585562472321 0.850561813498027 0.831557658355169 0.825314108525674 0.769086958721219 0.730371433826205 0.621830966887092 0.799940133114329 0.746535946680309 NaN NaN NaN NaN NaN 0.854024450055788 0.854541980207149 0.869782831448604 0.803989776859771 0.808941637964173 1.000000000000000 0.981189191620260 0.889621079851194 0.890454551794458 0.874366475592606 
NaN NaN NaN NaN NaN 0.602851364287200 0.518520978753771 0.657807994699968 0.223172624536231 0.125904205969791 0.804423148161557 0.452178976788681 0.725990842858673 0.285699129724630 0.450844352850138 NaN NaN NaN NaN NaN 0.571797741445705 0.464762518278429 0.858244348677893 0.892511968076188 0.081989210969699 0.483738548214966 0.727966562836473 0.241495300768662 0.373789294644720 0.229668174361833 NaN NaN NaN NaN NaN 0.731998276636084 0.771185920169618 0.763263160947407 0.574028803381000 0.433108960985768 0.860271673041699 0.909190000445835 0.779619976368062 0.846120021391963 0.784601658139717 NaN NaN NaN NaN NaN 0.530321913803716 0.718142377374843 0.365904722519924 0.044409281239120 0.214385844201988 0.850889769434948 0.750722573245641 0.647202502370423 0.661247109366505 0.073592770082730 NaN NaN NaN NaN NaN 0.570975280397583 0.615355446365498 0.632145881209279 0.588605391133309 0.629212679021037 0.884835225979661 0.877244118589979 0.772256156649794 0.882122971976961 0.645958256689160 NaN NaN NaN NaN NaN 0.753049587582612 0.399353682780600 0.784601208166252 0.702475979999745 0.125934634440775 0.871403391760192 0.870657590857864 0.896631325862871 0.838896074090475 0.304855221078827 NaN NaN NaN NaN NaN 0.373769596027244 0.449255783271204 0.493396088291126 0.687883817384901 0.580884119068521 0.342106352453945 0.342075505746608 0.744647991527285 0.488564238330331 0.670435518917605 NaN NaN NaN NaN NaN 0.913535631530766 0.923629258813909 0.896896269152903 0.885068770256425 0.877547177553348 0.824031935710599 0.763714453821955 0.680756540725675 0.858567256602947 0.819994719511399 NaN NaN NaN NaN NaN 0.897659794461217 0.907001053034430 0.931228171804497 0.855859182974841 0.869112538553847 0.981189191620260 1.000000000000000 0.944016021133729 0.942012674786925 0.930643278874388 
NaN NaN NaN NaN NaN 0.606218581194750 0.549261124451082 0.691291611153634 0.250736938445249 0.109273585735900 0.839421679818595 0.462109716161549 0.737336528904429 0.298961686710809 0.480756736136882 NaN NaN NaN NaN NaN 0.602325045123154 0.469948582953185 0.890669876758670 0.931424473322113 0.092047094021931 0.491600909247438 0.766016582614976 0.231779840207260 0.362239230706045 0.203739829964695 NaN NaN NaN NaN NaN 0.793347442700772 0.843984661859724 0.794064992964699 0.606443612176496 0.516090805846158 0.905304029948717 0.957306889508476 0.810954473243138 0.872115391517686 0.801496382158426 NaN NaN NaN NaN NaN 0.569832183114391 0.732547527199057 0.435933963479454 0.037143780932974 0.264996935180944 0.884971463930770 0.812676841482114 0.667588203617911 0.699842564452403 0.059194896133233 NaN NaN NaN NaN NaN 0.649642146386498 0.611799849339054 0.644216377326701 0.598724394036689 0.644229542741342 0.932545008873785 0.922746183731845 0.845868001060896 0.924702152256552 0.701054570959440 NaN NaN NaN NaN NaN 0.795763710199607 0.390868594878899 0.825009876735230 0.735998376982742 0.154238368320279 0.897191639922250 0.906388330409273 0.926630762993464 0.876958442225903 0.338641750250173 NaN NaN NaN NaN NaN 0.382642911192435 0.441104890463233 0.569944840863842 0.684392493772060 0.567739086754655 0.319116253471020 0.319157357457994 0.774851801636403 0.485589694878206 0.692722564063656 NaN NaN NaN NaN NaN 0.966765627131367 0.974019456621359 0.952942912602608 0.938582339106128 0.919901326710619 0.836975761807403 0.800273383471849 0.703350718254264 0.896141084227822 0.842215071346780 NaN NaN NaN NaN NaN 0.936817472362387 0.945606366637278 0.973334252844310 0.908512440599620 0.918833862244562 0.889621079851194 0.944016021133729 1.000000000000000 0.994580140754776 0.978993942593865 
NaN NaN NaN NaN NaN 0.609927647038629 0.540916913376636 0.689538467852191 0.248079655355761 0.109045294780021 0.839941263404548 0.465784927721852 0.742197595330073 0.295101482450776 0.480858852184509 NaN NaN NaN NaN NaN 0.613585553763305 0.462175225905678 0.892056049431157 0.926019007401217 0.096233471140989 0.486710926890924 0.764146719424231 0.232727725768977 0.356463834049225 0.204880762186482 NaN NaN NaN NaN NaN 0.797655733739361 0.832961746590150 0.799153016137689 0.614751360185734 0.497564121457100 0.901577567721951 0.956025904512217 0.801015093363326 0.891290419773668 0.797785169999435 NaN NaN NaN NaN NaN 0.531126284626426 0.724450014354863 0.439239357059981 0.074452055095341 0.278511062888891 0.885076707711793 0.804329837166667 0.690863329340397 0.667614605362427 0.060509474777317 NaN NaN NaN NaN NaN 0.640884557261214 0.621165387122882 0.667013969776363 0.620076688368770 0.626466100585146 0.933951883017342 0.927621091278605 0.839239951583335 0.920724182539029 0.691115424083081 NaN NaN NaN NaN NaN 0.794198366573948 0.390733579677530 0.841814418851995 0.754839005006327 0.150693007636268 0.890984578513360 0.906406222768552 0.919931777403644 0.882520591984956 0.320681119020182 NaN NaN NaN NaN NaN 0.393624757540056 0.460259669622037 0.563107614688056 0.686346189003317 0.578115840835239 0.336383788427976 0.336433728235047 0.746556252260558 0.451720053348921 0.679607991244854 NaN NaN NaN NaN NaN 0.970457581084306 0.975794736960217 0.958718181482215 0.942706194038323 0.936913416788107 0.833129045924303 0.811597102688033 0.706713494417236 0.881061347103292 0.829217371802176 NaN NaN NaN NaN NaN 0.937989474758777 0.949012772950026 0.972076470219715 0.914201443163828 0.919656326040209 0.890454551794458 0.942012674786925 0.994580140754776 1.000000000000000 0.983147432523263 
NaN NaN NaN NaN NaN 0.599825336019375 0.544350580449519 0.642672958082998 0.245566722141628 0.126387349957885 0.815289563455522 0.478377678159878 0.725543434120804 0.297772998594870 0.474475979548448 NaN NaN NaN NaN NaN 0.573780394227328 0.446092327925723 0.888001365246000 0.907904466980283 0.117622705593352 0.483363714307492 0.753074730785105 0.240869945071898 0.375925248167893 0.222707808813223 NaN NaN NaN NaN NaN 0.717707317666022 0.796018289962388 0.834669957013273 0.627391380333927 0.493156879695893 0.900355290389692 0.942983480180632 0.827014499259644 0.879718544419229 0.831855032340573 NaN NaN NaN NaN NaN 0.577455932776008 0.767489599396178 0.415772027192757 0.106395889839782 0.288486360826279 0.852896140267334 0.809063601914457 0.645405192065413 0.703931723766131 0.084813795164269 NaN NaN NaN NaN NaN 0.632227015030041 0.668294888018789 0.719714083618684 0.581584026373800 0.671026369793021 0.889650754056509 0.915652240172819 0.816025934246015 0.923292172772708 0.716411098128328 NaN NaN NaN NaN NaN 0.781216931695447 0.393546752042716 0.777762598073932 0.719251599309944 0.143916076086198 0.888689160857880 0.904443840443129 0.915113349584015 0.860183410545001 0.321358743684982 NaN NaN NaN NaN NaN 0.402193957396646 0.429729184754404 0.492736797714641 0.709067140563632 0.596526509675722 0.340435216719121 0.340475690369073 0.711036093279638 0.478105420109818 0.680655829680786 NaN NaN NaN NaN NaN 0.962370569816839 0.948805636731661 0.947065884137162 0.964094013010217 0.960546998213618 0.817816677436727 0.725114767676591 0.703050405453684 0.866951450762098 0.856603616471448 NaN NaN NaN NaN NaN 0.950551426390856 0.943835179684136 0.974643584438054 0.928782572002955 0.959252557023939 0.874366475592606 0.930643278874388 0.978993942593865 0.983147432523263 1.000000000000000 
