NaN NaN NaN NaN NaN NaN NaN NaN NaN NaN NaN NaN NaN NaN NaN NaN NaN NaN NaN NaN NaN NaN NaN NaN NaN NaN NaN NaN NaN NaN NaN NaN NaN NaN NaN NaN NaN NaN NaN NaN NaN NaN NaN NaN NaN NaN NaN NaN NaN NaN NaN NaN NaN NaN NaN NaN NaN NaN NaN NaN NaN NaN NaN NaN NaN NaN NaN NaN NaN NaN NaN NaN NaN NaN NaN NaN NaN NaN NaN NaN NaN NaN NaN NaN NaN NaN NaN NaN NaN NaN NaN NaN NaN NaN NaN NaN NaN NaN 
NaN 1.000000000000000 0.526778245234879 0.463947426062231 0.533030736345788 0.485680241242104 0.015209208211967 0.007214955882980 -0.012944368986636 -0.102075750729120 -0.109129461094525 -0.065220436355221 -0.051879299529378 -0.125875445034047 0.014105403813849 0.487350953230397 0.418182437791828 0.864391083255466 0.450429413885777 0.871158595396469 0.005270676412842 0.005982081621218 0.014987313655544 -0.032199765355746 -0.038335542150066 -0.022230596878530 -0.102380001828524 -0.038890710100308 -0.004689359812043 0.428215041573365 0.424966526594997 0.438098219023641 0.367144426518492 0.397282565933487 0.017585171736059 0.003549176746275 0.016481604693774 -0.015817868680633 0.010342981734626 0.013857161505824 0.011311801465528 0.008627615777992 -0.004706037939151 0.443662209651499 0.449320663935414 0.390867284293837 0.367093270429765 -0.512124727627032 0.009447624401129 0.003336995137743 0.009767695706583 -0.030125074813649 0.020597783336532 0.016075789287317 0.011704028395052 0.027425120260617 NaN 0.418845791321901 0.425172700110438 0.421245773981134 0.485631866473241 0.365495580533855 -0.009018633845086 0.020127822561913 0.003716572644144 0.003749215902367 0.013759273557656 0.009481526679464 0.020077286009820 0.013848067652727 NaN 0.447377265340753 0.488146705005431 0.433996841091277 0.380030761235511 0.252047460351088 -0.029008827598467 0.003301712595566 0.002262413314002 -0.009381422556302 0.016292628399931 0.007663812847168 0.013996696390544 0.009140047434618 NaN 0.077512753546430 0.416258267277077 0.421628857846642 0.413064124143651 0.419072362069555 0.013586642827255 0.011495671764094 0.011127667921594 0.011083286544712 -0.062752471853332 0.014491330401497 0.014095160609925 0.013386931709200 
NaN 0.526778245234879 1.000000000000000 0.864607182161023 0.481797536757972 0.922135643082898 0.014197894488616 0.013053051227443 -0.012802669992398 -0.104738702883068 -0.114085473252794 -0.074401018275829 -0.052713279499247 -0.130149985742233 0.154668940121029 0.885968117171169 0.866443206501940 0.151054848726921 0.594340585968136 0.119172602254911 -0.001304574073699 0.006588543600931 0.015440987996250 -0.033087817510489 -0.041255912972126 -0.023648013421692 -0.106170599019667 -0.040141299560950 0.007700861246884 0.843050618544161 0.858783485596010 0.848433756783903 0.826621415027552 0.827619941711450 0.019812662575148 0.002988490725570 0.021117949889746 -0.012031407718702 0.011943500333311 0.015616566285743 0.010944086528943 0.013016140305415 0.007807841566768 0.839410330452637 0.832837320852383 0.776369478703062 0.831163481189950 -0.658951859075124 0.011458754871929 0.009351926252429 0.020429040862942 -0.025968702281835 0.024518248474813 0.018022951992059 0.019318472873567 0.027653977852054 NaN 0.846459863921754 0.857268724602218 0.805497271794708 0.847932453817569 0.805136628921957 -0.008358491770166 0.021804761057115 0.011098837419066 0.003183521788833 0.017548369241418 0.012578625830167 0.021567064655605 0.015304314365345 NaN 0.862342721952198 0.854157558098240 0.851433595192395 0.830808054549632 0.773559158448078 -0.036213563707821 0.008137650798650 0.006798954351962 -0.009900913536953 0.017380172040128 0.003049217777578 0.015147969285025 0.014214806511590 NaN 0.003389706321313 0.830505666463029 0.835934595537458 0.822857356117404 0.824686469468077 0.015272365995024 0.014777404540696 0.013536148610828 0.012933287391657 -0.064831954212497 0.017219902857925 0.016228335260213 0.015693702340799 
NaN 0.463947426062231 0.864607182161023 1.000000000000000 0.231276001799408 0.989173473943017 0.007089323731233 0.012947523576144 -0.009388617305642 -0.078081964484512 -0.084072074974791 -0.053245624359483 -0.030828940130129 -0.097678747675426 0.151501706843607 0.995390319276151 0.995435252733372 0.160037865457764 0.213333921566502 0.179163393135113 -0.001129415366707 0.003307303515354 0.008598945876022 -0.025026944992839 -0.027225467201894 -0.017042845831227 -0.080054822633422 -0.030067367214100 0.009155187947275 0.986445204041937 0.992926726013964 0.984335333090809 0.989345598433707 0.988117206984709 0.013630889473135 0.000251961388661 0.015568352259029 -0.010443048583505 0.007472253611258 0.009884624309194 0.005102349959028 0.010230121750067 0.009358993937763 0.992809288158482 0.988424249962355 0.985048097664652 0.987559285934977 -0.655659441704056 0.008965993790754 0.007234330774801 0.021147271072370 -0.016666829836412 0.017948541172761 0.012683515501878 0.017321173479754 0.016516075164890 NaN 0.990859763444097 0.987289583975265 0.986760492284850 0.992082966684605 0.983871206241512 -0.005662158215677 0.014526700152522 0.012421926657616 0.000312091739699 0.013190438675115 0.009946243333420 0.012742726794751 0.008903671188682 NaN 0.983067185937994 0.989703760508208 0.988065369244884 0.991963624890855 0.960848312817288 -0.029674372747010 0.007556064767719 0.007647563252593 -0.007554495355775 0.010216666390113 0.001746998988247 0.008460699594829 0.012165338377613 NaN 0.011058893881686 0.990599851787412 0.990213859080449 0.988948701131619 0.989854462942055 0.009641461091111 0.010596549511910 0.009138841359828 0.008199584112103 -0.048582451995382 0.011653458752100 0.010408318017660 0.010197502839808 
NaN 0.533030736345787 0.481797536757972 0.231276001799408 1.000000000000000 0.342608561718348 0.018970059691956 0.008830473895040 -0.014424857270441 -0.116768280965066 -0.126336948425611 -0.079800024012603 -0.064888632027974 -0.143754947338683 0.090165616899845 0.210088221303655 0.217883067154310 0.613408930820642 0.199530603905120 0.500605048133450 0.001909799624084 0.008148534050521 0.018963980616643 -0.036569130516527 -0.047189804849716 -0.026243277570652 -0.116875364305454 -0.044464438411695 -0.001400063004086 0.124739723727314 0.164188334353933 0.132744110304894 0.136240886121191 0.113537499123232 0.021697392031297 0.005057246624289 0.021145503912567 -0.014758423291397 0.013310722607678 0.017650771471193 0.014630275144173 0.011548907468229 -0.001477825022948 0.148711225821812 0.153249593136707 0.094342520422483 0.171037744790755 0.178744477714983 0.011579592301143 0.006310310302778 0.013219786523114 -0.033658081141605 0.025338872067105 0.019392873717186 0.014563895539205 0.033779253526515 NaN 0.144016359560012 0.154981179794645 0.121350749760532 0.175006255453027 0.104127167210988 -0.010299386211127 0.024592902199925 0.004886948437574 0.005407994855995 0.017189226829109 0.011909960244093 0.025369331698669 0.017872641927366 NaN 0.121687085123880 0.156284739972141 0.138129275241014 0.150376555671231 0.088115639650164 -0.034132856744334 0.005028099824883 0.002926576418579 -0.010649528764380 0.020606104985264 0.006127066307228 0.018163526964805 0.011619955276801 NaN 0.051034478212165 0.134238741815437 0.141955625421707 0.126392212282566 0.130530756987356 0.017225828068091 0.014709635548259 0.014289918863161 0.014259650863419 -0.071750432045112 0.018316620597063 0.017976972795734 0.017103873806098 
NaN 0.485680241242104 0.922135643082898 0.989173473943017 0.342608561718348 1.000000000000000 0.009848407243393 0.010744215591847 -0.010418558759926 -0.077902875352699 -0.084852387765254 -0.054798054728732 -0.035445110465129 -0.097746344879761 0.162958387105474 0.987042332026648 0.986947983740411 0.174965342483388 0.288252281507394 0.175146698674302 0.002557539123036 0.004505256922949 0.010961490431964 -0.024858766440856 -0.029593601980574 -0.017506880812374 -0.079590914976430 -0.029993232889285 0.003554498055911 0.967421315795474 0.979294950708457 0.966826990013101 0.969992769395769 0.966242166382114 0.015209101371266 0.001845824247641 0.016317955197532 -0.010009691726055 0.008741830539495 0.011444144838537 0.007467280942497 0.009573457101515 0.003714637327804 0.974030493672957 0.970152753045273 0.952471050219943 0.972949475179013 -0.628723588348274 0.008517103086034 0.007447525623473 0.015181315315404 -0.017539982969550 0.018545413068817 0.014446684720028 0.015103318993306 0.020145013354864 NaN 0.973869943392396 0.973656276145797 0.960478480919029 0.975057787482137 0.959807256603514 -0.005930644429971 0.016312454831276 0.008979175552233 0.001873157438210 0.013166095858354 0.009525364943063 0.015743179035129 0.011216853272513 NaN 0.967199522634368 0.972052763705294 0.971267880517626 0.974373303097679 0.936756631732465 -0.027925479246509 0.006090703593769 0.005940698879167 -0.007714262834572 0.012523614955300 0.004813662883621 0.010807564627665 0.010869358089356 NaN 0.003085270238722 0.969808717287167 0.970950322915709 0.966357125267550 0.967685658261212 0.011145363673324 0.011208064536578 0.010186177821167 0.009598936775379 -0.048486816629255 0.012770714711830 0.011897275693977 0.011578709589542 
NaN 0.015209208211967 0.014197894488616 0.007089323731233 0.018970059691956 0.009848407243393 1.000000000000000 0.933195385330516 0.194429770731431 -0.073504749816584 0.163457172238150 0.741168618449935 0.938047546980454 0.239187843533809 -0.079675209910162 0.007564429758920 0.007033791918186 0.012558746253269 0.012665590918678 0.010124261676573 0.451370788414570 0.988241028032735 0.983615986035586 0.039920463086945 0.947510137387868 0.967624473055272 0.005482503820255 0.130740029419435 -0.026847788771924 0.005819235662706 0.006276384499248 0.006145919865474 0.005152237295292 0.005169509740853 0.965398512734720 0.981181021378748 0.927195143312229 0.904913386203402 0.977279346226238 0.978589953036945 0.983773189850467 0.936493329751106 -0.027538543456118 0.005730873198778 0.005721918326266 0.003934642408273 0.005615009486864 -0.005041262240298 0.952891244878365 0.833643749781926 0.536862941931065 0.715597611625834 0.951266671530384 0.908127599134451 0.835277300444386 0.960894451774817 NaN 0.005926827697920 0.006379766179369 0.005026273755855 0.006580614466393 0.004399069354344 0.955164719421843 0.951985115532303 0.876042216815097 0.966325453913958 0.955943746258249 0.962972314165588 0.959355340758444 0.972885508429233 NaN 0.006200583120362 0.006476838541931 0.006100053470467 0.005246844707603 0.003785980176413 0.803044586478794 0.933343961380249 0.948650595186202 0.066820194907163 0.974995889683145 0.756664447990138 0.976696975541523 0.931469423512037 NaN 0.003494021533963 0.005488555928331 0.005724955552081 0.005281048458162 0.005366395252136 0.977134721233470 0.955717580878704 0.969409011310746 0.972942199088696 0.113963975843948 0.963599493474230 0.971148091541838 0.968864189209222 
NaN 0.007214955882980 0.013053051227443 0.012947523576144 0.008830473895040 0.010744215591847 0.933195385330516 1.000000000000000 0.102247878796130 -0.042100176952524 0.095982194780602 0.512293174454773 0.837302873519743 0.149797453635124 -0.017525200948675 0.009995301262768 0.004066149641755 0.003673739587811 0.005439832582719 0.008563687203385 0.293318921158682 0.959292761519013 0.960621756670530 0.000541248600719 0.836599499139823 0.899495850288699 0.008816474372910 0.056616770536246 0.234021294019818 -0.000999131281003 0.000154601038291 -0.001260277807732 0.000342837266622 -0.001085509916039 0.964174064436753 0.926760331732364 0.965606804226687 0.946952455337707 0.973565631213195 0.973970531707155 0.939522111238882 0.981859264786236 0.236412618903314 -0.001128275329964 -0.008371620827923 0.002262753933681 -0.006282936018931 -0.024657213878654 0.938199992075562 0.937433835206269 0.703605163248890 0.726082213218765 0.987856245186812 0.908616441708617 0.964062899888192 0.933733682389386 NaN -0.001495418273909 -0.003274085118406 -0.001526774727783 -0.000966478565004 -0.006691676193081 0.931743031747329 0.956039511165420 0.980054378933667 0.913837950060293 0.992213100647427 0.976752627759718 0.964558698799839 0.968792973126293 NaN 0.001793777092674 0.004818296469021 -0.000709362711598 -0.001432576774646 -0.005422128476872 0.623599269043929 0.987264171636712 0.993715270380233 0.061321857501093 0.968683862459266 0.621851258262177 0.966860635394942 0.993272416237542 NaN 0.001746415801666 -0.000913760518721 -0.001448950917108 -0.000745328981001 -0.001321536009530 0.973561200274058 0.985363643368025 0.976624596764500 0.974222884880799 0.061480063299332 0.983656041674988 0.977560685860358 0.980149952140164 
NaN -0.012944368986636 -0.012802669992398 -0.009388617305642 -0.014424857270441 -0.010418558759926 0.194429770731431 0.102247878796130 1.000000000000000 0.009755254671635 -0.031472995839512 0.103892538908648 0.215564891968625 0.107652546107590 -0.859563145777906 -0.008320741273350 -0.006190499542433 -0.009754023342826 -0.009587691464737 -0.008254250874828 0.159618358214451 0.174213400556334 0.185646520376704 -0.110901367902986 0.171463042768867 0.137206680768135 0.038532489270208 0.072863714791923 0.121714691572815 -0.003023213000696 -0.003732418855176 -0.003200218062857 -0.003465955861298 -0.002888470843546 0.146499806234608 0.255716079907759 0.188804220048458 0.169252746202024 0.179960379224966 0.181230865810073 0.231479352150112 0.213104499012474 0.120368624446139 -0.002447246613773 0.000781353496803 -0.003346211413484 -0.001074932183952 0.013554619668462 0.241744935342128 -0.045902195102219 -0.313505260237457 0.367862196323071 0.103255410674424 0.243150611462690 0.089547203201053 0.190966374187791 NaN -0.003070915566976 -0.002422420584207 -0.002244439675814 -0.003320198304307 0.000455336859032 0.174697776619071 0.158365744247201 0.170515455426199 0.256180318671615 0.186370018894923 0.191748169774472 0.155897625697606 0.147421023673096 NaN -0.004333176197844 -0.005104726414828 -0.003284228221118 -0.002703036945673 -0.001595783846825 0.119736804533732 0.191058417514734 0.153123590989322 0.012959154767139 0.182836852789764 0.225127834007800 0.172391473480736 0.172095230032464 NaN -0.002754485532063 -0.002890040526228 -0.002706925300053 -0.002725374471972 -0.002572605327948 0.198526887654066 0.168907852144178 0.181254770009572 0.164966757493444 0.050201254861264 0.177532902686891 0.184797506662779 0.175777379760331 
NaN -0.102075750729120 -0.104738702883068 -0.078081964484512 -0.116768280965066 -0.077902875352699 -0.073504749816584 -0.042100176952524 0.009755254671635 1.000000000000000 0.741416048376361 0.080291044792022 0.106517532852280 0.472693116527905 -0.002407811381029 -0.067557910159002 -0.048806858912854 -0.077058975936352 -0.077341818711611 -0.070563058773015 0.090871272332545 0.018853803713300 0.037452898717356 0.015285210118969 0.097283932128378 0.086430456912807 0.986975060034078 0.022365134937981 0.000159497542958 -0.024296527853342 -0.030430946256218 -0.025747083057891 -0.028746314076652 -0.023518921441739 0.007465808537313 0.061551689780045 0.039395832794062 0.143927324745205 0.033585609472911 0.027603014788105 0.058988364993452 0.030034149987190 0.001426083125113 -0.019916354250592 0.007492652837558 -0.028405540915262 -0.007744374432084 0.105966433646296 0.017459730121433 0.074902914470931 -0.235612096367116 0.125403834169049 -0.036671772028996 0.102685743884128 -0.035218730082890 0.053564919689574 NaN -0.024405225724801 -0.018885359963018 -0.018489006717814 -0.026949911676062 0.004295183989300 0.147908095940161 0.081397606869845 -0.034906338690028 0.085527543153028 -0.004935331478111 0.018834956284491 0.036429962409462 0.038170396932202 NaN -0.036252136414050 -0.043926167565286 -0.026373285774415 -0.021790506162782 -0.012659230766957 0.130718053773598 -0.009212739615876 -0.012079647206406 -0.014574091836433 0.054788048139955 0.088199714616209 0.045582742046317 -0.010597500957829 NaN -0.022399429362083 -0.023602741787302 -0.021969396405404 -0.022614146168417 -0.021131096569049 0.024868684531456 0.027935706051892 0.026089049750665 0.038106903276126 0.028008977423806 0.020510325030465 0.030417582480307 0.026662891420688 
NaN -0.109129461094525 -0.114085473252793 -0.084072074974791 -0.126336948425611 -0.084852387765254 0.163457172238150 0.095982194780602 -0.031472995839512 0.741416048376361 1.000000000000000 0.327902451322937 0.301912905402127 0.484072507313842 0.006692123144579 -0.073248123125054 -0.052336254368410 -0.082282712962230 -0.083541525676680 -0.077436474055202 0.117179768130597 0.206486230760515 0.216043911532385 0.611890886457934 0.335118617983752 0.320180723363221 0.772681092079631 0.019274656352378 -0.061726591954593 -0.026246707232862 -0.032850093880315 -0.027678659914365 -0.030473712732196 -0.024944566122728 0.141591729376978 0.212432399732325 0.130040073936046 0.251782008231980 0.184255767717347 0.186774812387040 0.228232311966224 0.170528835088181 -0.064278791348814 -0.022153243862541 0.006865421627442 -0.030274666485046 -0.008008044249188 0.114273819731900 0.129935182917753 0.197137552157785 -0.049130402566652 0.068754043968634 0.108623014295185 0.115521426773027 0.066646569832883 0.173243981521006 NaN -0.026107270424998 -0.020458097386591 -0.020048538500063 -0.029322528149519 0.004097604884688 0.312200674569160 0.194193150137189 0.087573396109967 0.229985283062404 0.139431374336881 0.185202590372992 0.169656572075509 0.214502472985390 NaN -0.039031568637206 -0.047987488485830 -0.028524732588309 -0.023201088518603 -0.011199982482918 0.351648605385993 0.150562824861497 0.106998017618392 0.006014524308166 0.203238812276427 0.191499514381532 0.223057676660953 0.124446856581539 NaN -0.024194314430517 -0.025391905673896 -0.023799083531840 -0.024440615328169 -0.022828270170122 0.175711326922700 0.150398451434125 0.162026321745083 0.185267670247507 0.038603279371490 0.167514121615379 0.186090361539835 0.174662068596695 
NaN -0.065220436355221 -0.074401018275829 -0.053245624359483 -0.079800024012603 -0.054798054728732 0.741168618449935 0.512293174454773 0.103892538908648 0.080291044792022 0.327902451322937 1.000000000000000 0.736190183102524 0.491350397778200 0.080579167481814 -0.047061866255686 -0.031862652071873 -0.048547799934039 -0.052330074040513 -0.051052883259223 0.316339590557182 0.717341353956797 0.682955477702426 -0.005202680144980 0.873208959012246 0.819364763997282 0.205535385122948 0.257164803382071 -0.282143405834315 -0.015791797433235 -0.020059636589007 -0.016358986803399 -0.017555111885835 -0.014079646782850 0.602617753415272 0.733490427704894 0.512482212286041 0.577468106274913 0.655131282052737 0.643193998173148 0.723027799373199 0.570503358658160 -0.290559445420618 -0.014554717451073 0.003371339876650 -0.018033871273269 -0.003020282656405 0.073178948752462 0.674269226930042 0.415580202558070 0.281164873330359 0.294798706909227 0.560242006834904 0.523470976257586 0.360504256779579 0.653670109944685 NaN -0.015107717527563 -0.011970052002173 -0.012049997577015 -0.018098459369259 0.002705198806007 0.721234062872826 0.622971834926699 0.432146872868780 0.723282066667459 0.566346173510526 0.631111243362932 0.599032192824415 0.625467728332371 NaN -0.023947094133245 -0.031351847707058 -0.017315399077665 -0.013224553361505 -0.000927987972018 0.897486623339876 0.552950359227048 0.554082819335788 0.111025346170997 0.647147253414719 0.540194451512522 0.653306876543268 0.526380919020252 NaN -0.015031844861728 -0.015098710477985 -0.014370980432857 -0.014793896047685 -0.013667790002246 0.643406974123854 0.575916072972909 0.619690722379625 0.635674318106134 0.048925990170700 0.593475227544629 0.620872403008440 0.611502483000872 
NaN -0.051879299529378 -0.052713279499247 -0.030828940130129 -0.064888632027974 -0.035445110465129 0.938047546980454 0.837302873519743 0.215564891968625 0.106517532852280 0.301912905402127 0.736190183102524 1.000000000000000 0.306583691531332 -0.074391832463204 -0.029970569798795 -0.024371393263099 -0.041680920925565 -0.043049126065992 -0.038437422728018 0.659376583891217 0.923755665135847 0.938676274702355 0.070518915154211 0.913924462122758 0.925737440875237 0.167890491407878 0.082697252736294 -0.234663664232253 -0.017845807983836 -0.020106535727786 -0.018767341204482 -0.016854478186000 -0.015916667402859 0.936018834342601 0.927824614536064 0.900367347645977 0.808267937063503 0.928433413446963 0.926982445019185 0.939168855958056 0.859781753445498 -0.233736336248054 -0.017454938663747 -0.012632227445686 -0.014265604108291 -0.013895199619090 0.029215540210374 0.861487114813163 0.793408822557281 0.306405954744468 0.710355299750093 0.885351306376509 0.920923018022915 0.752560020577836 0.948838799729803 NaN -0.017782531523503 -0.018021255354322 -0.015193670079369 -0.020359279802260 -0.009752464676496 0.912674679414516 0.918042430585351 0.764009708893219 0.902656122277131 0.881357108005559 0.895700990404607 0.937249747058835 0.935900132288248 NaN -0.021195143793283 -0.024158873200512 -0.018883190551551 -0.015756798610931 -0.008738954429855 0.782030613967796 0.838255507052434 0.873970772984526 0.221217478784093 0.934823033430216 0.885692660467575 0.937599104529532 0.842206292392806 NaN -0.012170164049172 -0.016978192694521 -0.017325617968111 -0.016532337819463 -0.016378480948495 0.927877506116075 0.906425033508482 0.924550726225429 0.929997400629046 0.093731156243346 0.912640949463293 0.923331531142974 0.921837007098374 
NaN -0.125875445034047 -0.130149985742233 -0.097678747675426 -0.143754947338683 -0.097746344879761 0.239187843533809 0.149797453635124 0.107652546107590 0.472693116527905 0.484072507313842 0.491350397778200 0.306583691531332 1.000000000000000 0.033332001008582 -0.084399225879218 -0.060297316915528 -0.094597440524622 -0.095150887121564 -0.087551180792280 0.088107596128224 0.248002350187754 0.227960102182227 0.116421990308025 0.366915239350850 0.343364396238519 0.495672702665282 0.129627995708373 0.003809804064152 -0.029285409470423 -0.036952376692713 -0.030965278297814 -0.034875890548641 -0.028251963625584 0.191842654067600 0.246136120081013 0.175212804178335 0.300333374204733 0.237574810211752 0.212218953960471 0.241356795233978 0.192335067887188 0.004180439642498 -0.023971761759287 0.010864061895827 -0.034930614916657 -0.007939070948620 0.135044372589375 0.128882594749659 0.271365005237225 0.012522468056530 0.282779715795582 0.149618091748375 0.166876559762343 0.152828404429944 0.184747452671282 NaN -0.029312017893093 -0.022231181972348 -0.022078764719385 -0.032504230657776 0.006700356434881 0.285381985589327 0.180944492119653 0.130347959331923 0.219924341921569 0.172121771189941 0.188655516008307 0.239328012196257 0.236929228431395 NaN -0.044316509339093 -0.054302871151545 -0.031878790780218 -0.026115021142233 -0.013990001765482 0.216485285896256 0.198937132504048 0.182892288132699 0.011461386875053 0.227367699968455 0.140357228221134 0.239076556412987 0.157441434381935 NaN -0.027613568401388 -0.028422501478033 -0.026339403025994 -0.027238629048095 -0.025324608039736 0.218645109527211 0.210947278082202 0.225372417603018 0.224251335319689 0.127275222242362 0.208466804538920 0.214870691409333 0.220839330462069 
NaN 0.014105403813849 0.154668940121029 0.151501706843607 0.090165616899845 0.162958387105474 -0.079675209910162 -0.017525200948675 -0.859563145777906 -0.002407811381029 0.006692123144579 0.080579167481814 -0.074391832463204 0.033332001008582 1.000000000000000 0.147861146838165 0.160002832949142 -0.020432592863281 0.015740180242024 -0.033217783814500 -0.190931124641885 -0.054779777599008 -0.071950376470396 -0.010821945113414 -0.044690114944772 0.016165555293756 -0.000400773311083 0.002183091719847 -0.042086676421898 0.148665045525940 0.154431174044582 0.148202625586435 0.157037507165414 0.151002303889098 -0.056801546304976 -0.150876441475829 -0.091908377851010 -0.053202283532836 -0.057125426473831 -0.077780567118637 -0.116810838409193 -0.077523125861661 -0.042678046119128 0.150171504769532 0.152681221048125 0.145527896255046 0.164039887663350 -0.030747159843798 -0.136451175262889 0.139980267897353 0.371225194337390 -0.365489788515914 0.000026148413187 -0.166251381144434 0.044307328602505 -0.081373560549606 NaN 0.152911631535565 0.154260434252977 0.148110415895629 0.147450147843310 0.155871871823201 -0.076535645522927 -0.073832218370629 -0.045660252737609 -0.175040299919686 -0.074074938143123 -0.076201596019681 -0.038131730672031 -0.054844121428644 NaN 0.144434978068641 0.142396559414324 0.149799927547498 0.158100579897670 0.162724019468860 0.037688408124380 -0.054904065239637 -0.031872797277988 0.397829349576826 -0.073459700482938 -0.208852548398168 -0.059046192932969 -0.047973435913391 NaN 0.000318745957495 0.151337473361050 0.152008170399261 0.150380001601124 0.150459874806858 -0.077692190666064 -0.048552892156389 -0.062326417900728 -0.046748481347021 0.004461403546380 -0.060275716871557 -0.070028170631506 -0.057662354244773 
NaN 0.487350953230397 0.885968117171169 0.995390319276151 0.210088221303655 0.987042332026648 0.007564429758920 0.009995301262768 -0.008320741273350 -0.067557910159002 -0.073248123125054 -0.047061866255686 -0.029970569798795 -0.084399225879218 0.147861146838165 1.000000000000000 0.992950346448872 0.149076252633112 0.293980546965659 0.169988830574048 -0.000473866788076 0.003509221354820 0.008685355346827 -0.021532597250495 -0.024998474585028 -0.015000809494950 -0.069001189499881 -0.025981439395252 0.006493502577042 0.992343406115560 0.995470079204254 0.991877319869406 0.986199376570831 0.989660841760068 0.012333413694957 0.001012932751851 0.013587876852750 -0.008529334387098 0.007117604839853 0.009315336882608 0.005655708246479 0.008677685839933 0.006636941603669 0.993361432275086 0.988903146348748 0.977749709669613 0.982556537679364 -0.716803816433259 0.007526651358923 0.006338683036934 0.015624518745773 -0.015452974411047 0.015760939136271 0.011451823861863 0.014059455265817 0.016009838525314 NaN 0.993521305427281 0.992774277415745 0.985524486575565 0.995274318375461 0.981051530444344 -0.005102510295636 0.013363731398350 0.009197604057968 0.001068517387097 0.011471007135162 0.008391142928401 0.012525704152074 0.008820660110933 NaN 0.993869889469087 0.996382682106021 0.994015429417709 0.986784035681353 0.952995905501936 -0.024851166746523 0.006002270369327 0.005685342257271 -0.006518868391793 0.010038685546147 0.002030059797355 0.008534387694464 0.009999826010721 NaN 0.033220237771250 0.991213461961377 0.991764716863993 0.989352153821538 0.990165295760119 0.009122986228727 0.009457328469252 0.008377487769322 0.007767322979452 -0.041978555896775 0.010677289991640 0.009774476245481 0.009531884376463 
NaN 0.418182437791828 0.866443206501940 0.995435252733372 0.217883067154309 0.986947983740411 0.007033791918186 0.004066149641755 -0.006190499542433 -0.048806858912854 -0.052336254368410 -0.031862652071873 -0.024371393263099 -0.060297316915528 0.160002832949142 0.992950346448872 1.000000000000000 0.110176172708704 0.212868005607590 0.123922077146548 0.002086447416942 0.002850369052058 0.007063428352028 -0.015413596985974 -0.018417941310783 -0.010725892933883 -0.049085035773393 -0.018621355142065 -0.001314439603199 0.991983989746454 0.996992687289061 0.990936221403340 0.995966345204095 0.993390467981659 0.008632146616439 0.001580860719209 0.008405110489713 -0.007210582685226 0.005010416243207 0.006722665762696 0.005255565364743 0.004486058220625 -0.001309001327356 0.991820344352862 0.988244480920398 0.984323566982783 0.995999893939379 -0.646468113206902 0.004723430973734 0.002149988134106 0.005875619743573 -0.013649769809920 0.010180801285119 0.007898890641929 0.006213615366992 0.013005353513900 NaN 0.995587578983723 0.994755218108727 0.990586815392690 0.991880907874409 0.990068473260770 -0.004218177384507 0.009698295902631 0.002460674481715 0.001677198991608 0.006855509828135 0.004823414671341 0.009579403602016 0.006659791794861 NaN 0.986725094972705 0.989307562765753 0.993155681918607 0.993681968456873 0.978143866583537 -0.014490477669362 0.001979621773845 0.001546523362623 -0.004518233734617 0.007749064065865 0.003363538098378 0.006680518604440 0.004789385494400 NaN 0.067390780707519 0.994669625075820 0.995115516937283 0.993635450877567 0.993714932949433 0.006554984124783 0.005745062244514 0.005502878080924 0.005401112571809 -0.030053320575801 0.007082708287121 0.006843528194551 0.006522013393002 
NaN 0.864391083255466 0.151054848726921 0.160037865457764 0.613408930820642 0.174965342483388 0.012558746253269 0.003673739587811 -0.009754023342826 -0.077058975936352 -0.082282712962230 -0.048547799934039 -0.041680920925565 -0.094597440524622 -0.020432592863281 0.149076252633112 0.110176172708704 1.000000000000000 0.036934755823591 0.989027290373616 0.004608016206816 0.004824935457820 0.012017251745119 -0.024187304830572 -0.029550230707300 -0.016779537762863 -0.076846715439669 -0.029275131251033 -0.005839070740500 0.092363230232542 0.096276310002418 0.099380158100860 0.059691542151600 0.074196028552883 0.013097360997422 0.003242467722924 0.011592746292413 -0.012218880725299 0.007925932047445 0.010610911634857 0.009384432489365 0.005739749140843 -0.005904636986699 0.123000671816075 0.134827827774975 0.105040177583892 0.071876402318701 -0.043937353339527 0.006685663752941 0.001445969094146 0.004237470627386 -0.024534682027775 0.014999587604531 0.011859362969302 0.007036644475558 0.021683712248335 NaN 0.091817414004833 0.091617480153746 0.119824147274073 0.165575437966195 0.060484167867334 -0.007132517375546 0.015352410325058 0.000689200262436 0.003417248931036 0.009813060346248 0.006513268562950 0.015787255549918 0.010836125347134 NaN 0.088021028946172 0.151722478428013 0.096796668629623 0.074445171458360 -0.028298619163901 -0.020238428507025 0.001431121597171 0.000310251348747 -0.006949030671264 0.012855019592884 0.006295051387205 0.011109920741494 0.005774716500336 NaN 0.108558843499330 0.099604860427020 0.103083939880799 0.099541657095852 0.105501770634083 0.010450118926899 0.008265016777265 0.008230211373075 0.008424936121847 -0.047215338882526 0.010839665098165 0.010744614593380 0.010135556596896 
NaN 0.450429413885777 0.594340585968136 0.213333921566502 0.199530603905120 0.288252281507394 0.012665590918678 0.005439832582719 -0.009587691464737 -0.077341818711611 -0.083541525676680 -0.052330074040513 -0.043049126065992 -0.095150887121564 0.015740180242024 0.293980546965659 0.212868005607590 0.036934755823591 1.000000000000000 0.016816638192919 0.001730609880966 0.005364344985909 0.012564554699501 -0.024218286212400 -0.031123260299189 -0.017329123558537 -0.077340045914325 -0.029435823972707 -0.001718870997274 0.247888300455747 0.240795534157444 0.262842308250973 0.169408342115882 0.204094119806564 0.014248368896728 0.003391755321878 0.013715260301609 -0.010059111830607 0.008726236640922 0.011599983268685 0.009738268038014 0.007365233403181 -0.001775061412250 0.217273440046824 0.208750340005368 0.107906092042923 0.156734792679829 -0.678078440024856 0.007543513379400 0.003775348715871 0.008008126950151 -0.022654337903538 0.016558869699463 0.012738163691509 0.009154136615440 0.022410485021834 NaN 0.228935492149158 0.254302549807266 0.164626457173459 0.240048669732016 0.152258602463091 -0.006879731833504 0.016207212789513 0.002728578539965 0.003619517946428 0.011151763376205 0.007688759743154 0.016748031313934 0.011768737351766 NaN 0.307028890569404 0.273155582226967 0.256494593037981 0.168100548942950 0.083285981352898 -0.022178107237445 0.003002415228520 0.001619679009786 -0.007034706166925 0.013607969381364 0.004389461139357 0.011984802513152 0.007361534496104 NaN 0.013365918802962 0.200486547842352 0.210231697105685 0.191026328293358 0.193082585763371 0.011322926396303 0.009539366807477 0.009323042459143 0.009341854514004 -0.047494943238920 0.011976098711521 0.011791147109220 0.011198640082942 
NaN 0.871158595396469 0.119172602254911 0.179163393135113 0.500605048133450 0.175146698674302 0.010124261676573 0.008563687203385 -0.008254250874828 -0.070563058773015 -0.077436474055202 -0.051052883259223 -0.038437422728018 -0.087551180792280 -0.033217783814500 0.169988830574048 0.123922077146548 0.989027290373616 0.016816638192919 1.000000000000000 -0.002849370444594 0.004747838724767 0.011139512794228 -0.022182612656741 -0.028754362828268 -0.015995964514080 -0.071494030269492 -0.027041883501039 0.008439298995926 0.119919854445566 0.118692837801103 0.125265225424546 0.082890125212973 0.102770882323534 0.013000367055521 0.002223960566186 0.013577743155374 -0.007515729802094 0.008536869511747 0.010823735982001 0.007867810703300 0.009299740035572 0.008531269862837 0.152595059300451 0.164353411612168 0.141473331963496 0.089473768517220 -0.109723950546576 0.007412181059166 0.006894723353946 0.012809125910427 -0.019256215632264 0.016679556342794 0.011721928507322 0.014264222445928 0.018949121169417 NaN 0.116886828022799 0.113303402792302 0.150414600491759 0.192504040107943 0.089776901046967 -0.005719524520296 0.014947600518576 0.008101898456075 0.002303235818156 0.012414900267358 0.008456544284229 0.015429504390105 0.010835945003655 NaN 0.116603976977751 0.180570084298895 0.122734507814129 0.099391115103850 -0.009484296949015 -0.025162427973147 0.006188631279568 0.004584099119332 -0.006594531578828 0.012466233860760 0.000493185301738 0.010850445591898 0.010219432089444 NaN 0.072183513134404 0.127016308590601 0.128983468914618 0.127780061783387 0.133966715919796 0.010835263189384 0.010414936672340 0.009378502224082 0.009127332899453 -0.043664556311315 0.012269144178316 0.011492009769933 0.011164135756058 
NaN 0.005270676412842 -0.001304574073699 -0.001129415366707 0.001909799624084 0.002557539123036 0.451370788414570 0.293318921158682 0.159618358214451 0.090871272332545 0.117179768130597 0.316339590557182 0.659376583891217 0.088107596128224 -0.190931124641885 -0.000473866788076 0.002086447416942 0.004608016206816 0.001730609880966 -0.002849370444594 1.000000000000000 0.385080464438020 0.442672554921662 0.006859425311072 0.387604676809915 0.355918807766207 0.062776680578046 0.022667352490377 -0.766039140337709 0.001438304049836 0.001179258954237 0.001747689816266 0.001549558402104 0.001887904149307 0.520228885711535 0.435040373084973 0.484892818479763 0.196242710938588 0.420073695308726 0.433869399102811 0.442020519290797 0.280487611308547 -0.759487184611929 0.000288532937391 0.001088003332385 0.000456578111677 0.003126330268719 0.000392117418585 0.319940124977119 0.324133130303626 -0.367605498439842 0.523232559282189 0.393216748922453 0.620842474613792 0.200539698463659 0.545531484461984 NaN 0.002058623614643 0.002052537890350 0.001003004948143 0.001141806477455 0.001368013898590 0.386142688549498 0.471474726034083 0.152684692779634 0.405790253507003 0.344124257671557 0.348821925424443 0.500285764068241 0.475575988237408 NaN 0.000614827415481 -0.001558599593022 0.001410115422130 0.001839840044074 0.005484990263421 0.317693915497698 0.230302970958368 0.333784797485566 0.076212985275720 0.450336599547164 0.918005930085122 0.448108565622173 0.266204897868206 NaN 0.000423757253809 0.001325522261040 0.001256183278919 0.000906841847532 0.001151146123878 0.427346316978236 0.408646890147228 0.439032514689755 0.439676302172738 0.010573590614227 0.410437858216824 0.425530578752731 0.425485325832670 
NaN 0.005982081621218 0.006588543600931 0.003307303515354 0.008148534050521 0.004505256922949 0.988241028032735 0.959292761519012 0.174213400556334 0.018853803713300 0.206486230760515 0.717341353956797 0.923755665135847 0.248002350187754 -0.054779777599008 0.003509221354820 0.002850369052058 0.004824935457820 0.005364344985909 0.004747838724767 0.385080464438021 1.000000000000000 0.995007600803577 0.007553226848015 0.951814136707568 0.980025835734358 0.098468195064416 0.108638510813361 0.065147211259939 0.002287684254666 0.002518092279779 0.002365858275597 0.001917858400597 0.001885564139628 0.972312624678514 0.989116803013451 0.946214302774853 0.939709517751009 0.993178747678550 0.992298321598524 0.994700030214276 0.970155105211412 0.064460333385116 0.002448734869452 0.002323240898579 0.001564100164145 0.001879740097154 -0.002902918828822 0.975424948901162 0.867887311204619 0.594840146124462 0.703237447810147 0.968384715532513 0.917735746086864 0.875169763726629 0.970379632302787 NaN 0.002242151772046 0.002448556506188 0.001970386416232 0.002654999189979 0.001651576480483 0.983516956510272 0.975017592724326 0.916479498471149 0.978369761042079 0.978545518064390 0.988025344549638 0.969521347788124 0.981933991567895 NaN 0.002524690319021 0.002984168283967 0.002424086646414 0.001959305626023 0.000623844928916 0.795138200101392 0.963781861353924 0.971396415929548 0.074160096242783 0.990700920446057 0.713566435993927 0.989485279797222 0.962058395462225 NaN 0.001464159144840 0.002133041761987 0.002259272365597 0.002092103023052 0.002098268463191 0.991545900716740 0.976155033773382 0.984534401478960 0.987976849467728 0.067341952941865 0.981699856656562 0.987243721216274 0.984923497611732 
NaN 0.014987313655544 0.015440987996250 0.008598945876022 0.018963980616643 0.010961490431964 0.983615986035586 0.960621756670530 0.185646520376704 0.037452898717356 0.216043911532385 0.682955477702426 0.938676274702355 0.227960102182227 -0.071950376470396 0.008685355346827 0.007063428352028 0.012017251745119 0.012564554699501 0.011139512794228 0.442672554921662 0.995007600803577 1.000000000000000 0.026698703598218 0.932764609902331 0.967941906430163 0.106488400430447 0.126154697265882 0.037728343295817 0.005240223560616 0.005840034967385 0.005466948417527 0.004696317858259 0.004512814828093 0.986578896781821 0.984284023362042 0.968805416646533 0.928203348733955 0.997161157504087 0.997975704742812 0.994977396712903 0.973510311690866 0.038212013346416 0.005297927106126 0.004262895193055 0.003938514745470 0.004098358875316 -0.008603421353944 0.968387390877518 0.888342383355959 0.561062689526659 0.712891087033807 0.978918109837385 0.942952316773194 0.885614140627181 0.986944382469829 NaN 0.005192631288227 0.005399322342378 0.004448733066297 0.006006000237247 0.003140534321879 0.984098972525957 0.988482460071077 0.915748657778309 0.970333145509758 0.982626984519358 0.990663579797113 0.984811242770241 0.993071228948812 NaN 0.006018103834746 0.006938863111407 0.005553473012741 0.004552985491091 0.002031711368432 0.767787632120515 0.961023380711461 0.971991604558719 0.095962525410683 0.997774394499077 0.756409688843518 0.998040617143381 0.963886468158665 NaN 0.003525708894382 0.004924796667116 0.005098072263076 0.004792032477888 0.004774437687768 0.997291709445800 0.985531057840358 0.993505402631323 0.996085313230534 0.033144791423358 0.990560621867279 0.995566619521861 0.993171323162053 
NaN -0.032199765355746 -0.033087817510489 -0.025026944992839 -0.036569130516527 -0.024858766440856 0.039920463086945 0.000541248600719 -0.110901367902986 0.015285210118969 0.611890886457934 -0.005202680144980 0.070518915154211 0.116421990308025 -0.010821945113414 -0.021532597250495 -0.015413596985974 -0.024187304830573 -0.024218286212400 -0.022182612656741 0.006859425311072 0.007553226848015 0.026698703598218 1.000000000000000 0.035972496467262 0.062927320577934 0.008669497711719 -0.009040628223223 0.011033907477384 -0.007411837739283 -0.009379859802328 -0.007853549706088 -0.008934675856651 -0.007214977636306 -0.009015342320307 -0.047061541558524 -0.013656787585246 -0.000644965258154 -0.005540741466836 0.009645423108920 -0.007043553860756 0.009129395559743 0.011383676064573 -0.005970601008269 0.003069158922071 -0.008953395721210 -0.001963292065456 0.034660418059912 -0.115047167897727 0.122227914258633 0.065237156288649 -0.127689548945638 0.006480676168008 -0.124785148084259 0.032152822578171 -0.039332195814338 NaN -0.007444532252005 -0.005574577483708 -0.005565834001832 -0.008200436084129 0.001885753443070 0.029243795032518 -0.028825931380778 0.008207958251312 -0.053894299349268 0.002057835339644 0.014142545622353 0.012073423931692 0.063021892589791 NaN -0.011291967983251 -0.013779112711739 -0.008069251900895 -0.006645805812564 -0.003797451009239 -0.023793979257367 0.027380751137202 -0.037601540741772 -0.002860708204335 0.003653968255108 0.015153444049942 0.049756148154615 0.000344975035408 NaN -0.007032837858649 -0.007209599389857 -0.006647622848420 -0.006896684510265 -0.006402649360428 -0.003889934435052 -0.010199548759768 -0.008157197315569 0.005198859322901 -0.023322462478242 0.015918760596106 0.020306866104691 0.012349240807418 
NaN -0.038335542150066 -0.041255912972126 -0.027225467201894 -0.047189804849716 -0.029593601980574 0.947510137387868 0.836599499139823 0.171463042768867 0.097283932128378 0.335118617983752 0.873208959012246 0.913924462122758 0.366915239350850 -0.044690114944772 -0.024998474585028 -0.018417941310783 -0.029550230707300 -0.031123260299189 -0.028754362828268 0.387604676809915 0.951814136707568 0.932764609902331 0.035972496467262 1.000000000000000 0.984131459517371 0.204185253137792 0.070600987870235 -0.077455705695917 -0.010985537772871 -0.013099319227024 -0.011491327168452 -0.011246730556008 -0.009833230303014 0.881339569214387 0.956257227267896 0.824047003543294 0.851632910524833 0.919507980455378 0.914918889194301 0.954452288058330 0.869558473983341 -0.081767103244705 -0.010369980585414 -0.003017378328378 -0.010456046529423 -0.005678722348839 0.033230194533365 0.915951288898805 0.724505120218357 0.485648165916735 0.596035093351174 0.852716153769269 0.817619655570407 0.710447518190760 0.901016824905468 NaN -0.010781532729792 -0.009837507037907 -0.008866846968816 -0.012527038520374 -0.002330559280462 0.952733049804052 0.897288112816108 0.774603399011071 0.950838506669839 0.872611650680638 0.910429003580126 0.875258022227180 0.898920397056975 NaN -0.014670000932602 -0.017869797215510 -0.011818418578342 -0.009495311118217 -0.003415830828488 0.888563558145241 0.856883482675362 0.861449682059758 0.052505324685739 0.917673842451857 0.697540742294300 0.915933589314401 0.842671683327244 NaN -0.008846324146069 -0.010466304756052 -0.010337223699604 -0.010192185689426 -0.009791809634083 0.912530984099937 0.872061644590082 0.895045290136846 0.904601866780486 0.051715844514143 0.884384777884156 0.900305269355388 0.894031003045348 
NaN -0.022230596878530 -0.023648013421692 -0.017042845831227 -0.026243277570652 -0.017506880812374 0.967624473055272 0.899495850288699 0.137206680768135 0.086430456912807 0.320180723363221 0.819364763997282 0.925737440875237 0.343364396238519 0.016165555293756 -0.015000809494950 -0.010725892933883 -0.016779537762863 -0.017329123558537 -0.015995964514080 0.355918807766207 0.980025835734358 0.967941906430163 0.062927320577934 0.984131459517371 1.000000000000000 0.182772496975853 0.120531430022139 0.018169582080907 -0.005507553894580 -0.006858388861785 -0.005795312272174 -0.006239217751640 -0.005152572026407 0.924236816609131 0.966801681449592 0.884696182101672 0.905174192278307 0.960302036106813 0.954645709085378 0.974537956688585 0.928995492151455 0.015380409251612 -0.004772052942977 0.000922605489871 -0.006111810907260 -0.001847223945381 0.022779732778515 0.939891596201527 0.819730596726760 0.572753824950256 0.608715861426682 0.916029871314283 0.851846514447458 0.808591305582281 0.934868671565905 NaN -0.005441218890445 -0.004390008584122 -0.004235842894617 -0.006190709499268 0.000524518187165 0.975265561069214 0.935462161470295 0.854426246256620 0.954857795280260 0.928103009653691 0.954232458688064 0.926694756335753 0.944011797354604 NaN -0.008067843608166 -0.009937772522373 -0.005982903237042 -0.004816261314512 -0.001984544757534 0.858936155895610 0.920230415327445 0.918876376005549 0.135910825478931 0.956046535946913 0.682139915367168 0.958946564677382 0.909292818073275 NaN -0.004973155502020 -0.005303544038856 -0.005023328678440 -0.005122271574813 -0.004801972510594 0.954652499976893 0.928348444583132 0.943037164545859 0.951253696327538 0.052706167956288 0.937576179923561 0.947865811421512 0.943769439302731 
NaN -0.102380001828524 -0.106170599019667 -0.080054822633422 -0.116875364305454 -0.079590914976430 0.005482503820255 0.008816474372910 0.038532489270208 0.986975060034078 0.772681092079631 0.205535385122948 0.167890491407878 0.495672702665282 -0.000400773311083 -0.069001189499881 -0.049085035773393 -0.076846715439669 -0.077340045914325 -0.071494030269492 0.062776680578046 0.098468195064416 0.106488400430447 0.008669497711719 0.204185253137792 0.182772496975853 1.000000000000000 0.024377155923636 0.008938989508880 -0.023625007123489 -0.029933893748920 -0.024985504291346 -0.028325243247130 -0.022842936753486 0.055222230762295 0.143393569167576 0.073745853849400 0.208230620816314 0.098678815874869 0.090600593978757 0.137627577645367 0.094017171611542 0.007828113268303 -0.019252588872753 0.009559257352236 -0.028480870165102 -0.006000768402988 0.110803454324922 0.101949002882706 0.090398187247381 -0.176456476841402 0.123410457359150 0.012516671929042 0.132803981076538 -0.006011028695992 0.110535554584538 NaN -0.023608929562100 -0.017711475879038 -0.017768459290193 -0.026229294923431 0.005969257815355 0.226643984280183 0.138275176590176 0.016388285682068 0.170587055271501 0.053492884310262 0.089083561710110 0.082360867035570 0.091283044778615 NaN -0.036061159859203 -0.044317843481304 -0.025738900632760 -0.021037646825878 -0.011046382657119 0.254668840072792 0.054983356191218 0.043824820227986 0.000071369437804 0.117136670232796 0.103252802429011 0.107204581858433 0.046795753648472 NaN -0.022474273283289 -0.022953376829728 -0.021204836797029 -0.022013305493817 -0.020413546189195 0.088425134371440 0.079342391025532 0.082292440778300 0.097119358278515 0.032111116428417 0.075731440013435 0.089433803533160 0.083339799790229 
NaN -0.038890710100308 -0.040141299560950 -0.030067367214100 -0.044464438411695 -0.029993232889285 0.130740029419435 0.056616770536246 0.072863714791923 0.022365134937981 0.019274656352378 0.257164803382071 0.082697252736294 0.129627995708373 0.002183091719847 -0.025981439395252 -0.018621355142065 -0.029275131251033 -0.029435823972707 -0.027041883501039 0.022667352490377 0.108638510813361 0.126154697265882 -0.009040628223223 0.070600987870235 0.120531430022139 0.024377155923636 1.000000000000000 0.000711467475411 -0.009124249333671 -0.011488484804525 -0.009656332309253 -0.010848407269956 -0.008816068405272 0.095100833374009 0.121156921640143 0.118032448192598 0.153856833624265 0.097968438959418 0.107319434703958 0.116701926068916 0.099457384606937 0.000738582201931 -0.007472433790187 0.003199482313536 -0.010814264038764 -0.002620794193745 0.041235760838074 0.163551375835401 0.117394961691284 0.056875843465189 -0.037770650330814 0.134519423558964 0.081352927631206 0.036044199764024 0.138829446374441 NaN -0.009138961009458 -0.006976472927766 -0.006905099681569 -0.010128347764734 0.001928271457924 0.120316926035218 0.118789033385456 0.051728806137308 0.112854751907538 0.083587418141268 0.087474439842094 0.105180863947283 0.116709443575859 NaN -0.013754456423469 -0.016793862841768 -0.009922295079038 -0.008149320399633 -0.004475784403964 0.263399504509870 0.078984501774886 0.053226696077735 0.003889133055827 0.092184153649090 0.073702353384163 0.121472932137538 0.086482528512523 NaN -0.008538577553006 -0.008860921339839 -0.008222503802518 -0.008494750530332 -0.007909606355162 0.109372627922277 0.093815389505091 0.116941096404224 0.122991527238911 0.026472793252132 0.098100422901897 0.110501496236913 0.100784720318931 
NaN -0.004689359812043 0.007700861246884 0.009155187947275 -0.001400063004086 0.003554498055911 -0.026847788771924 0.234021294019818 0.121714691572815 0.000159497542958 -0.061726591954593 -0.282143405834315 -0.234663664232253 0.003809804064152 -0.042086676421898 0.006493502577042 -0.001314439603199 -0.005839070740500 -0.001718870997274 0.008439298995926 -0.766039140337709 0.065147211259939 0.037728343295817 0.011033907477384 -0.077455705695917 0.018169582080907 0.008938989508880 0.000711467475411 1.000000000000000 -0.003867525907660 -0.002914734847851 -0.004614527359630 -0.003288306824428 -0.004604411866252 -0.007917470140467 0.005700501265514 0.082893651038669 0.297815965830808 0.078192061943703 0.066588764113883 0.013994983718949 0.252125047715152 0.999860562791379 -0.002212240497546 -0.008275746134104 0.000036331503120 -0.010162730706331 -0.018966041999401 0.123029106817124 0.223428758793639 0.600838565165724 -0.003281570695525 0.126997433081623 -0.077504746645511 0.374848770264297 -0.056984770214954 NaN -0.005187176450486 -0.006491913928047 -0.003476965461139 -0.003562437230832 -0.007438766819724 0.062398224433903 0.028601612505135 0.400352301779086 0.019513039402974 0.187384625607907 0.150491067215991 0.027533895990370 0.034066939306647 NaN -0.001053889750212 0.004100543442176 -0.003682299175115 -0.004818353479736 -0.013197790627448 -0.198087643381783 0.297033838971284 0.193455604192191 0.001556112479217 0.051597545158688 -0.550263684070783 0.052605311385835 0.271951757053927 NaN 0.000006396645992 -0.003678899601631 -0.003968191488781 -0.002939926194544 -0.003679786532595 0.078694165160308 0.128961535279965 0.080884018861137 0.068393191962289 0.000055419491075 0.119286494679051 0.092005986252757 0.096376269932498 
NaN 0.428215041573365 0.843050618544161 0.986445204041937 0.124739723727314 0.967421315795475 0.005819235662706 -0.000999131281003 -0.003023213000696 -0.024296527853342 -0.026246707232862 -0.015791797433235 -0.017845807983836 -0.029285409470423 0.148665045525940 0.992343406115560 0.991983989746454 0.092363230232542 0.247888300455747 0.119919854445566 0.001438304049836 0.002287684254666 0.005240223560616 -0.007411837739283 -0.010985537772871 -0.005507553894580 -0.023625007123489 -0.009124249333671 -0.003867525907660 1.000000000000000 0.998138199492016 0.999620044921522 0.994340619114548 0.998590331997660 0.004391623605024 0.002044174686767 0.003224514046775 -0.003345633919859 0.003084361584954 0.004069548516751 0.004541793056975 0.001254407200408 -0.003962277666657 0.994981905168510 0.992102107727731 0.987191034076230 0.990282040445952 -0.718087658367141 0.001733919514784 -0.000220862133840 -0.002357076792181 -0.009804517625141 0.004549404483314 0.003752934705996 0.000221992154936 0.008828818849686 NaN 0.999059329965777 0.999109889719434 0.995922573228760 0.996458998724849 0.993022550974804 -0.002636129796065 0.005520830215549 -0.002391117357583 0.002148696807320 0.002762576180532 0.001510132984703 0.006520545777074 0.004521504519162 NaN 0.997750091611785 0.997214751002534 0.999852891527850 0.989719515847265 0.974048923986972 -0.004508423678670 -0.000607949917996 -0.001619012563016 -0.002026364313889 0.005353156005542 0.002146242763352 0.004838791602879 0.000672462172591 NaN 0.087930416394824 0.998377428152298 0.998864871651211 0.998174710155197 0.998063896274787 0.004040518819478 0.002528751709361 0.002840371917538 0.003205495089770 -0.014692443497849 0.003800105306154 0.004065518926444 0.003760159681703 
NaN 0.424966526594997 0.858783485596010 0.992926726013964 0.164188334353933 0.979294950708457 0.006276384499247 0.000154601038291 -0.003732418855176 -0.030430946256218 -0.032850093880315 -0.020059636589007 -0.020106535727786 -0.036952376692713 0.154431174044582 0.995470079204254 0.996992687289061 0.096276310002418 0.240795534157444 0.118692837801103 0.001179258954237 0.002518092279779 0.005840034967385 -0.009379859802328 -0.013099319227024 -0.006858388861785 -0.029933893748920 -0.011488484804525 -0.002914734847851 0.998138199492017 1.000000000000000 0.997022920261420 0.996563555046319 0.998125179083654 0.005465197829911 0.002009479113414 0.004523004144513 -0.004110819186408 0.003646214383391 0.004823776226431 0.004865555370568 0.002120591248929 -0.002992674581575 0.997138865648769 0.994402252413432 0.987834860933312 0.994480745609822 -0.690423061998826 0.002482194037866 0.000419217370117 -0.000349948476498 -0.010957604489267 0.005991391642971 0.004738647337498 0.001694107930968 0.010031918178839 NaN 0.999649888148250 0.998831033994649 0.994549270315173 0.996711317713317 0.994117435274531 -0.003068582782492 0.006628482862617 -0.001255335164104 0.002122487604243 0.003829288656523 0.002342970313012 0.007442135596848 0.005170212241214 NaN 0.995402649957238 0.995772146681295 0.998792200296524 0.994933515876020 0.975024930459665 -0.006956354577205 0.000066274028497 -0.000920978867079 -0.002614631134885 0.006090313538145 0.002154838115334 0.005445144568295 0.001705361939692 NaN 0.053500865380400 0.998526862750837 0.998820228911976 0.997555520646850 0.997819205322526 0.004766482300801 0.003376122363327 0.003557975086308 0.003827392684224 -0.018512141568032 0.004703402072767 0.004859136076831 0.004540841053606 
NaN 0.438098219023641 0.848433756783903 0.984335333090809 0.132744110304894 0.966826990013101 0.006145919865474 -0.001260277807732 -0.003200218062857 -0.025747083057891 -0.027678659914365 -0.016358986803399 -0.018767341204482 -0.030965278297814 0.148202625586435 0.991877319869406 0.990936221403340 0.099380158100860 0.262842308250973 0.125265225424546 0.001747689816266 0.002365858275597 0.005466948417527 -0.007853549706088 -0.011491327168452 -0.005795312272174 -0.024985504291346 -0.009656332309253 -0.004614527359630 0.999620044921522 0.997022920261420 1.000000000000000 0.992150192517799 0.996981209419855 0.004547536397604 0.002149027596618 0.003239882584774 -0.003741918615419 0.003158683120822 0.004202507995230 0.004771401255150 0.001140693755641 -0.004721817881772 0.992463133099067 0.989387021045773 0.983257612179854 0.988036524074294 -0.725607971782090 0.001779938298527 -0.000525753226434 -0.002758844838581 -0.010525677654331 0.004646739880334 0.003869286513246 -0.000099370830059 0.009283297812386 NaN 0.997889758879752 0.999047862049561 0.994317777528435 0.995674958296055 0.989991551431335 -0.002833264908025 0.005742285028310 -0.002811563287299 0.002265088125574 0.002748106158018 0.001481653094679 0.006761555210472 0.004667727354340 NaN 0.997898505317658 0.997112249877726 0.999505201611794 0.985987437284742 0.971800225717401 -0.004498514230878 -0.000850262542502 -0.001887500043688 -0.002124932126004 0.005559959485142 0.002428802938068 0.005015615806087 0.000496803658415 NaN 0.109815624004664 0.996831661988303 0.997745544620649 0.996744158739187 0.996477071408057 0.004165160772188 0.002510503989531 0.002878480014877 0.003275883978411 -0.015545065793633 0.003867443613722 0.004172643201461 0.003840664588526 
NaN 0.367144426518492 0.826621415027552 0.989345598433707 0.136240886121191 0.969992769395769 0.005152237295292 0.000342837266622 -0.003465955861298 -0.028746314076652 -0.030473712732196 -0.017555111885835 -0.016854478186000 -0.034875890548641 0.157037507165414 0.986199376570831 0.995966345204095 0.059691542151600 0.169408342115882 0.082890125212973 0.001549558402104 0.001917858400597 0.004696317858259 -0.008934675856651 -0.011246730556008 -0.006239217751640 -0.028325243247130 -0.010848407269956 -0.003288306824428 0.994340619114549 0.996563555046319 0.992150192517799 1.000000000000000 0.998069979668335 0.004678220324218 0.001460172577929 0.003833320827931 -0.004629357947993 0.002878820015817 0.003931555351135 0.003868119984701 0.001668870969283 -0.003355864493380 0.993319148977761 0.990244716624323 0.992966539642116 0.998325528590558 -0.649175389365937 0.002337431074257 -0.000276184168264 0.000377457582692 -0.010088019156568 0.005174043504227 0.004050497807650 0.001361231241533 0.008446955518382 NaN 0.997177808511624 0.994859008811227 0.995772854366300 0.990375914668730 0.997727061738246 -0.002858632963991 0.005639213589313 -0.000994521135328 0.001570667941741 0.003203267727470 0.002067385258421 0.005951003473892 0.004053798919971 NaN 0.987094631355597 0.987723702797950 0.994202430350944 0.996785283556970 0.988862802147705 -0.006387350649064 -0.000121281873907 -0.000744187059008 -0.002453971440198 0.004899953745200 0.002260928444057 0.004278936291930 0.001413774995121 NaN 0.063358719270316 0.997830595169744 0.997431716566606 0.997670923946873 0.997397984179229 0.003855103812986 0.002685286731617 0.002845428850472 0.003019524662875 -0.017475959060619 0.003800377191588 0.003906678670783 0.003620925822674 
NaN 0.397282565933487 0.827619941711450 0.988117206984709 0.113537499123232 0.966242166382114 0.005169509740853 -0.001085509916039 -0.002888470843546 -0.023518921441739 -0.024944566122728 -0.014079646782850 -0.015916667402859 -0.028251963625584 0.151002303889098 0.989660841760068 0.993390467981659 0.074196028552883 0.204094119806564 0.102770882323534 0.001887904149307 0.001885564139628 0.004512814828093 -0.007214977636306 -0.009833230303014 -0.005152572026407 -0.022842936753486 -0.008816068405272 -0.004604411866252 0.998590331997660 0.998125179083654 0.996981209419855 0.998069979668335 1.000000000000000 0.003852441050373 0.001708205740964 0.002665963439034 -0.003884722836892 0.002542562170206 0.003460338134664 0.003935971451794 0.000813403258529 -0.004699641544933 0.996223690976123 0.993462357498557 0.993086852960400 0.994581251090642 -0.690126752208395 0.001601940590287 -0.000917708745455 -0.002189556187091 -0.009506854078787 0.003932160987872 0.003267572580056 -0.000285189065239 0.007879530643105 NaN 0.999289561978695 0.997582235200929 0.997826242193552 0.994901636706586 0.997447354647702 -0.002576765983196 0.004868892480888 -0.002514446216028 0.001815788276662 0.002240120112829 0.001242105973560 0.005538790898550 0.003768794168422 NaN 0.993929755683889 0.994019540226520 0.998224126508690 0.994726130003238 0.981666070951428 -0.003960533156913 -0.000921552547320 -0.001689902728479 -0.001926067305199 0.004574040237931 0.002373931725925 0.004069424460130 0.000299553383113 NaN 0.066774012982897 0.999625370766246 0.999419202770796 0.999527626858912 0.999417526415706 0.003414421301091 0.001973864688281 0.002309344241442 0.002629929107391 -0.014188522866848 0.003137994675674 0.003397135310626 0.003101235127732 
NaN 0.017585171736059 0.019812662575148 0.013630889473135 0.021697392031297 0.015209101371266 0.965398512734719 0.964174064436753 0.146499806234608 0.007465808537313 0.141591729376978 0.602617753415272 0.936018834342601 0.191842654067600 -0.056801546304976 0.012333413694957 0.008632146616439 0.013097360997422 0.014248368896728 0.013000367055521 0.520228885711535 0.972312624678514 0.986578896781822 -0.009015342320307 0.881339569214387 0.924236816609131 0.055222230762295 0.095100833374009 -0.007917470140467 0.004391623605024 0.005465197829911 0.004547536397604 0.004678220324218 0.003852441050373 1.000000000000000 0.958717041862713 0.988346259547358 0.900343349568470 0.989010388275391 0.991230861887627 0.972335428015144 0.957353312609841 -0.005067886836198 0.004084710708157 -0.000231801841902 0.004621182928347 0.001261394262412 -0.019026458498394 0.938313949038565 0.914165440265651 0.530934907917690 0.755634683853988 0.986265019894828 0.972612428622435 0.900879627400602 0.989883346035221 NaN 0.004263914184414 0.003568072114876 0.003325836342881 0.004998645046108 -0.000267909386724 0.954711764546467 0.987974964145934 0.908209667201890 0.939057795248423 0.977528168119078 0.974128982860014 0.996213609647158 0.994594902072864 NaN 0.006307121614724 0.008068744586853 0.004805652825063 0.003712000357336 0.000496867222469 0.686679782865789 0.944196826906824 0.972573247165317 0.093877314103450 0.991900060999291 0.800723208422735 0.990519302817136 0.956118746912416 NaN 0.003984961184927 0.004147347371926 0.004013618556740 0.004017599679547 0.003768892856817 0.990032208129867 0.989225538683959 0.993636372570625 0.992937110180694 0.026647629843302 0.989873051821511 0.991122508538373 0.991888277158158 
NaN 0.003549176746275 0.002988490725570 0.000251961388661 0.005057246624289 0.001845824247641 0.981181021378748 0.926760331732364 0.255716079907759 0.061551689780045 0.212432399732326 0.733490427704894 0.927824614536064 0.246136120081013 -0.150876441475829 0.001012932751851 0.001580860719209 0.003242467722924 0.003391755321878 0.002223960566186 0.435040373084973 0.989116803013451 0.984284023362042 -0.047061541558524 0.956257227267897 0.966801681449593 0.143393569167576 0.121156921640143 0.005700501265514 0.002044174686767 0.002009479113414 0.002149027596618 0.001460172577929 0.001708205740964 0.958717041862712 1.000000000000000 0.928188620205980 0.926525696656016 0.978135947648450 0.980067827873227 0.995559476775685 0.944448830319721 0.004560125982602 0.002219089288204 0.003501632217455 0.000816569661110 0.002687142603047 0.002084248096539 0.981336168472597 0.808055635143117 0.498428783158465 0.743267111660090 0.938639647670243 0.929155300598916 0.818121633734685 0.967035776875317 NaN 0.002102035890667 0.002615869704565 0.001872654324133 0.002335784587793 0.002604496589120 0.977571198413673 0.966665833653978 0.876108164940777 0.996041588656226 0.956546010685481 0.968849277175433 0.950267858606794 0.964933844282254 NaN 0.001684387108230 0.001500924495782 0.002104550123056 0.001853399091563 0.001461919718773 0.824250969411640 0.932235624115643 0.946634006288447 0.010384015747663 0.979427052500570 0.752208656205096 0.973353195299657 0.932157792879702 NaN 0.000865311089406 0.001891563878716 0.002103501929922 0.001821821763175 0.001938672466925 0.978312007049809 0.954372486285825 0.967777668551329 0.971560607758934 0.099695975124340 0.960719687241187 0.970284187759098 0.966031297459859 
NaN 0.016481604693774 0.021117949889746 0.015568352259029 0.021145503912567 0.016317955197532 0.927195143312229 0.965606804226687 0.188804220048458 0.039395832794062 0.130040073936046 0.512482212286041 0.900367347645977 0.175212804178335 -0.091908377851010 0.013587876852750 0.008405110489713 0.011592746292413 0.013715260301609 0.013577743155374 0.484892818479763 0.946214302774853 0.968805416646533 -0.013656787585246 0.824047003543294 0.884696182101672 0.073745853849401 0.118032448192598 0.082893651038669 0.003224514046775 0.004523004144513 0.003239882584774 0.003833320827931 0.002665963439034 0.988346259547358 0.928188620205981 1.000000000000000 0.897371835628398 0.976174224241017 0.977990108851689 0.947704911829647 0.966036589706306 0.087139309810753 0.003048172798592 -0.002873273929977 0.004416682841609 -0.001188626587631 -0.023824307036310 0.920527016140071 0.937997079664503 0.539116412946235 0.752662858591208 0.985456950974987 0.971688063981100 0.933451948054335 0.976908828247476 NaN 0.002907167940942 0.001795339054039 0.002162132776383 0.003765559298453 -0.002446766763594 0.936772390632965 0.981079564737089 0.930111935640872 0.906226728541738 0.977468927231336 0.968141639979047 0.990663909382466 0.982561212450393 NaN 0.005744158292763 0.008341518642539 0.003676716590173 0.002472179034158 -0.001948117438067 0.607459108934065 0.949968633956043 0.969990012014901 0.122524008556076 0.979080717966870 0.764741115790880 0.978488470174359 0.964191219858816 NaN 0.003822048592300 0.003033180901005 0.002775736151088 0.003004149356786 0.002598111698542 0.979281954192368 0.989368396839542 0.987437237343978 0.983336399084899 -0.020231240228155 0.987290906804865 0.984393620084549 0.985830099928685 
NaN -0.015817868680633 -0.012031407718702 -0.010443048583505 -0.014758423291397 -0.010009691726055 0.904913386203402 0.946952455337707 0.169252746202024 0.143927324745205 0.251782008231980 0.577468106274913 0.808267937063504 0.300333374204733 -0.053202283532836 -0.008529334387098 -0.007210582685226 -0.012218880725299 -0.010059111830607 -0.007515729802094 0.196242710938588 0.939709517751009 0.928203348733955 -0.000644965258154 0.851632910524833 0.905174192278307 0.208230620816314 0.153856833624265 0.297815965830808 -0.003345633919859 -0.004110819186408 -0.003741918615419 -0.004629357947993 -0.003884722836892 0.900343349568470 0.926525696656016 0.897371835628398 1.000000000000000 0.937696060358781 0.936566847381821 0.921749071265829 0.948021793140194 0.298335503306887 -0.001784836022883 0.002498533685561 -0.004285845016362 -0.001783892326796 0.014720997881700 0.930427712601699 0.870842948906231 0.642865760927320 0.762920352135653 0.923643719143866 0.854382201908903 0.896538601418305 0.877339742705480 NaN -0.003743411985592 -0.002586934552469 -0.002439674951801 -0.003386925314138 0.001151867352748 0.918470681691844 0.902759276767095 0.943108624992439 0.926506564900883 0.951674634898968 0.933813026037362 0.910187219594973 0.925501827189065 NaN -0.004939281992649 -0.004776101021820 -0.003563430639133 -0.003441617833233 -0.005296957369263 0.713985744416055 0.961534985112784 0.955778704711791 0.018376694539050 0.931486498192042 0.542070183855775 0.929184609725301 0.957207142829525 NaN -0.003031580144386 -0.003356948505521 -0.002904490434040 -0.003022102162151 -0.002875294829252 0.936723496935936 0.939762659937888 0.932532066312165 0.935368670781894 0.254887012546707 0.938395519785749 0.936792658895227 0.937806199947878 
NaN 0.010342981734626 0.011943500333311 0.007472253611258 0.013310722607678 0.008741830539495 0.977279346226238 0.973565631213195 0.179960379224966 0.033585609472911 0.184255767717347 0.655131282052737 0.928433413446963 0.237574810211752 -0.057125426473831 0.007117604839853 0.005010416243207 0.007925932047445 0.008726236640922 0.008536869511747 0.420073695308726 0.993178747678550 0.997161157504087 -0.005540741466836 0.919507980455378 0.960302036106813 0.098678815874869 0.097968438959418 0.078192061943703 0.003084361584954 0.003646214383391 0.003158683120822 0.002878820015817 0.002542562170206 0.989010388275391 0.978135947648450 0.976174224241017 0.937696060358781 1.000000000000000 0.998695092168446 0.989314704936742 0.981795190679026 0.079230092708158 0.003201737575721 0.001437106158107 0.002760161855480 0.001427965704166 -0.009485288584881 0.965017195977767 0.906122183620247 0.584361960771265 0.729385077077023 0.985502578219808 0.946845238223313 0.910837273615780 0.983088256891165 NaN 0.002933172471174 0.002813244143841 0.002514105060785 0.003597097638129 0.000909810057224 0.978314610669023 0.987340841158108 0.934856240918432 0.962186472750218 0.990475711285071 0.993069223964423 0.989701070270391 0.993349298878314 NaN 0.004012113325660 0.005199995180322 0.003333586899634 0.002534114181989 -0.000033032462564 0.736514194746083 0.972686701097832 0.984743909591179 0.111042053819994 0.998762360415569 0.735303735647043 0.997451195285248 0.975780143145471 NaN 0.002481954183919 0.002885474289617 0.002931285401646 0.002848530247232 0.002739739399639 0.999425929950541 0.993859302622550 0.997868315093972 0.998534112026762 0.041350982982979 0.996214451867630 0.998287261476251 0.997839884888458 
NaN 0.013857161505824 0.015616566285743 0.009884624309194 0.017650771471193 0.011444144838537 0.978589953036945 0.973970531707154 0.181230865810073 0.027603014788105 0.186774812387040 0.643193998173148 0.926982445019185 0.212218953960471 -0.077780567118637 0.009315336882608 0.006722665762696 0.010610911634857 0.011599983268685 0.010823735982001 0.433869399102811 0.992298321598524 0.997975704742812 0.009645423108920 0.914918889194301 0.954645709085378 0.090600593978757 0.107319434703958 0.066588764113883 0.004069548516751 0.004823776226431 0.004202507995230 0.003931555351135 0.003460338134664 0.991230861887627 0.980067827873227 0.977990108851689 0.936566847381821 0.998695092168446 1.000000000000000 0.990102973518454 0.979151770265507 0.067775945560684 0.004069221955910 0.001627405953082 0.003689368080763 0.002006912539772 -0.012440082383459 0.967759769165587 0.902305248489578 0.575489551095151 0.738071451113563 0.986470581970812 0.951454523952030 0.905002579227125 0.985000900434664 NaN 0.003935028898996 0.003715042918885 0.003284362814590 0.004693081274421 0.001087997225573 0.977878569776142 0.989835767336317 0.931815597509695 0.966485370316452 0.990556183355751 0.992298112096624 0.989119830116258 0.995501419703048 NaN 0.005313822491730 0.006694357162471 0.004393427470832 0.003426635067641 0.000531219835999 0.736274955605055 0.969428843289346 0.982747660574917 0.078967540985589 0.999128180031468 0.747416781019318 0.997905227910564 0.974280804613493 NaN 0.003255306468367 0.003826535850387 0.003850948924749 0.003745667783052 0.003607083388560 0.999208694817169 0.992710813167366 0.997326598136277 0.998375519776309 0.045346247137898 0.995833168974030 0.998560861355468 0.997383051611389 
NaN 0.011311801465528 0.010944086528943 0.005102349959028 0.014630275144173 0.007467280942497 0.983773189850467 0.939522111238882 0.231479352150112 0.058988364993452 0.228232311966224 0.723027799373199 0.939168855958056 0.241356795233978 -0.116810838409193 0.005655708246479 0.005255565364743 0.009384432489365 0.009738268038014 0.007867810703300 0.442020519290797 0.994700030214276 0.994977396712903 -0.007043553860756 0.954452288058331 0.974537956688585 0.137627577645367 0.116701926068916 0.013994983718949 0.004541793056975 0.004865555370568 0.004771401255150 0.003868119984701 0.003935971451794 0.972335428015144 0.995559476775684 0.947704911829648 0.921749071265829 0.989314704936742 0.990102973518454 1.000000000000000 0.960744725090295 0.013322055413541 0.004625585179953 0.004946267022211 0.002907755105255 0.004447088654559 -0.003157232139305 0.977618616991779 0.842845713502591 0.524079216213498 0.713282643315946 0.956671290816355 0.935294063035421 0.846483375214209 0.981000061813274 NaN 0.004587548054859 0.005060693382544 0.003954935742202 0.005176939978638 0.003716891880468 0.987871505449005 0.981057093162565 0.892014914055037 0.986443025133630 0.968531280208034 0.983240976294374 0.967312186531532 0.978909290359575 NaN 0.004737635715589 0.005032844590560 0.004761199884202 0.004046949523345 0.002575921615889 0.805290279120483 0.945531156306244 0.956136779393821 0.063618624841297 0.990602972437909 0.759099508777574 0.987658278372187 0.945891513736309 NaN 0.002658625763429 0.004262304501014 0.004500367674725 0.004122278046849 0.004201200538945 0.989199881685363 0.969065062898645 0.981055120796033 0.984492406127094 0.040441838097886 0.975657301598165 0.983847516911795 0.979809543690728 
NaN 0.008627615777992 0.013016140305415 0.010230121750067 0.011548907468229 0.009573457101515 0.936493329751105 0.981859264786236 0.213104499012474 0.030034149987190 0.170528835088181 0.570503358658159 0.859781753445498 0.192335067887188 -0.077523125861661 0.008677685839933 0.004486058220625 0.005739749140843 0.007365233403181 0.009299740035572 0.280487611308547 0.970155105211412 0.973510311690866 0.009129395559743 0.869558473983341 0.928995492151455 0.094017171611542 0.099457384606937 0.252125047715152 0.001254407200408 0.002120591248929 0.001140693755641 0.001668870969283 0.000813403258529 0.957353312609841 0.944448830319721 0.966036589706306 0.948021793140194 0.981795190679026 0.979151770265507 0.960744725090295 1.000000000000000 0.253120617781650 0.001446877860439 -0.002818569224239 0.002582506936979 -0.002261891546005 -0.016398215479819 0.957606093898413 0.916450270611379 0.666122821615202 0.682120082339661 0.979195172564454 0.906226314440716 0.951046747381894 0.948164665183571 NaN 0.000855874946129 0.000029715952999 0.000747039025349 0.001626679722537 -0.002477901473046 0.960413956400506 0.966800222724370 0.977658556120843 0.930742149381855 0.993301584925762 0.992617236518087 0.963988612867457 0.967674780292064 NaN 0.003121624065448 0.005456851270180 0.001533597433142 0.000666688873017 -0.003164359727832 0.672459836376378 0.994336392929730 0.984655732385358 0.134878170889715 0.977008615469234 0.623540959686769 0.976719700384321 0.994329664639781 NaN 0.002197817510160 0.001182489806116 0.000994981708479 0.001293684173061 0.000947185868758 0.982550768464679 0.985895049972067 0.981351284595948 0.979688676450712 -0.004080207126078 0.987364283043640 0.984696156710287 0.983977077325325 
NaN -0.004706037939151 0.007807841566768 0.009358993937763 -0.001477825022948 0.003714637327804 -0.027538543456118 0.236412618903314 0.120368624446139 0.001426083125113 -0.064278791348814 -0.290559445420618 -0.233736336248054 0.004180439642498 -0.042678046119128 0.006636941603669 -0.001309001327356 -0.005904636986699 -0.001775061412250 0.008531269862837 -0.759487184611929 0.064460333385116 0.038212013346416 0.011383676064573 -0.081767103244705 0.015380409251612 0.007828113268303 0.000738582201931 0.999860562791379 -0.003962277666657 -0.002992674581575 -0.004721817881772 -0.003355864493380 -0.004699641544933 -0.005067886836198 0.004560125982602 0.087139309810753 0.298335503306887 0.079230092708158 0.067775945560684 0.013322055413541 0.253120617781650 1.000000000000000 -0.002302263917862 -0.008525186944183 0.000035678899968 -0.010385541220821 -0.019520561801115 0.121346840082547 0.229332461627434 0.599083388910249 0.003211704819891 0.129634015630180 -0.073082538198894 0.379353791845829 -0.055306935951582 NaN -0.005298776965351 -0.006648000933297 -0.003572632264204 -0.003664185878629 -0.007641729038379 0.061550644706736 0.030260196995703 0.402446632814078 0.017764546190662 0.189062023120005 0.150823962701688 0.030674920691015 0.036327688801053 NaN -0.001095292303817 0.004130220354986 -0.003774065817590 -0.004923468754936 -0.013408232812329 -0.206266093796073 0.297998403885531 0.195454603063242 0.001552099655237 0.052874541986364 -0.546010369545225 0.053953015104042 0.273640265308332 NaN 0.000004021379043 -0.003770329122805 -0.004073226045610 -0.003024023721864 -0.003777743224579 0.079873981643821 0.131502808040436 0.082903119109451 0.070059914697581 0.000070250772083 0.121393180844246 0.093669699359910 0.098336557506307 
NaN 0.443662209651499 0.839410330452637 0.992809288158482 0.148711225821812 0.974030493672957 0.005730873198778 -0.001128275329964 -0.002447246613773 -0.019916354250592 -0.022153243862541 -0.014554717451073 -0.017454938663747 -0.023971761759287 0.150171504769532 0.993361432275086 0.991820344352862 0.123000671816075 0.217273440046824 0.152595059300451 0.000288532937391 0.002448734869452 0.005297927106126 -0.005970601008269 -0.010369980585414 -0.004772052942977 -0.019252588872753 -0.007472433790187 -0.002212240497546 0.994981905168510 0.997138865648769 0.992463133099067 0.993319148977761 0.996223690976123 0.004084710708157 0.002219089288204 0.003048172798592 -0.001784836022883 0.003201737575721 0.004069221955910 0.004625585179953 0.001446877860439 -0.002302263917862 1.000000000000000 0.998859931594472 0.992423169817435 0.991091998888696 -0.687348249229323 0.001435335744196 0.000548344842225 -0.002751138771127 -0.008575954399846 0.004258174632293 0.003442034141769 0.000452066048328 0.008437498826498 NaN 0.997250433501900 0.993924529409494 0.994730588460043 0.997540638920830 0.994646572595749 -0.002216145054694 0.005230226379351 -0.002190981445002 0.002310079672034 0.002754456731603 0.001397919225782 0.006615267679656 0.004673751959536 NaN 0.991895800598944 0.995029046922876 0.995501141485586 0.996232467924301 0.966198598294699 -0.003825623367546 -0.000250296210267 -0.001531862538904 -0.001653560719054 0.005415527410444 0.001215882202960 0.005005324687517 0.000788235154972 NaN 0.002820151707715 0.997349122781162 0.996772270889438 0.996186964307862 0.997186098523690 0.004085593606956 0.002643260222053 0.002910851813265 0.003319848246727 -0.012034957577597 0.003872444084870 0.004142061695362 0.003869075232843 
NaN 0.449320663935414 0.832837320852383 0.988424249962355 0.153249593136707 0.970152753045273 0.005721918326266 -0.008371620827923 0.000781353496803 0.007492652837558 0.006865421627442 0.003371339876650 -0.012632227445686 0.010864061895827 0.152681221048125 0.988903146348748 0.988244480920398 0.134827827774975 0.208750340005368 0.164353411612168 0.001088003332385 0.002323240898579 0.004262895193055 0.003069158922071 -0.003017378328378 0.000922605489871 0.009559257352236 0.003199482313536 -0.008275746134104 0.992102107727731 0.994402252413432 0.989387021045773 0.990244716624323 0.993462357498557 -0.000231801841902 0.003501632217455 -0.002873273929977 0.002498533685561 0.001437106158107 0.001627405953082 0.004946267022211 -0.002818569224239 -0.008525186944183 0.998859931594472 1.000000000000000 0.990443297210142 0.989985625820325 -0.674745442295249 -0.002210668275961 -0.002692770265325 -0.015193984645619 -0.005301963218431 -0.002161860370140 -0.000785609615512 -0.008044816426777 0.005356013407276 NaN 0.994769300309469 0.991506122765106 0.993025437442490 0.996144928323167 0.994044803513117 -0.000693711848822 0.001150753524945 -0.009854077232455 0.003618974199206 -0.002201566754894 -0.002756394966872 0.004318903062006 0.003118647439535 NaN 0.987989306149475 0.991801119112002 0.992629641209443 0.994622671084720 0.962601232807110 0.008866313999695 -0.004223213119419 -0.006339513579997 0.001152595871312 0.003639078556760 0.001130937156379 0.003873228972856 -0.004878148677209 NaN -0.005834110050353 0.995071956411480 0.994557476499397 0.993856061468804 0.995159690361011 0.001769854128449 -0.001047183311311 0.000129631760537 0.001267641320850 0.005230112387265 0.000404579150048 0.001477888692974 0.001142786386803 
NaN 0.390867284293837 0.776369478703062 0.985048097664652 0.094342520422483 0.952471050219943 0.003934642408273 0.002262753933681 -0.003346211413484 -0.028405540915262 -0.030274666485046 -0.018033871273269 -0.014265604108291 -0.034930614916657 0.145527896255046 0.977749709669613 0.984323566982783 0.105040177583892 0.107906092042923 0.141473331963496 0.000456578111677 0.001564100164145 0.003938514745470 -0.008953395721210 -0.010456046529423 -0.006111810907260 -0.028480870165102 -0.010814264038764 0.000036331503120 0.987191034076230 0.987834860933312 0.983257612179853 0.992966539642116 0.993086852960400 0.004621182928347 0.000816569661110 0.004416682841609 -0.004285845016362 0.002760161855480 0.003689368080763 0.002907755105255 0.002582506936979 0.000035678899968 0.992423169817435 0.990443297210142 1.000000000000000 0.989382136754133 -0.644453679587578 0.002708032249119 0.000936234840814 0.003587989544094 -0.008494495387709 0.005665817302253 0.004118264351243 0.003654324582051 0.007168876177302 NaN 0.990057653676318 0.983857652819324 0.996011646694005 0.988111661484946 0.995409392495290 -0.002468881239279 0.005369361695288 0.001569375852964 0.000883587110092 0.003897323329652 0.002717006773448 0.005252726876639 0.003586392369039 NaN 0.977882225230803 0.983947719942762 0.986121264817234 0.993301120420063 0.977256807398250 -0.008301717925313 0.001218894161005 0.000839354672106 -0.002563387798135 0.004301239846454 0.001343949028375 0.003656469199483 0.002791637531216 NaN 0.025362339442745 0.993806691236835 0.992007121026031 0.994290719705825 0.994598254790893 0.003640092936998 0.003151779921705 0.002978214028078 0.002934519757056 -0.017443705334825 0.003945635025166 0.003783230654985 0.003596936663288 
NaN 0.367093270429765 0.831163481189950 0.987559285934977 0.171037744790755 0.972949475179013 0.005615009486864 -0.006282936018931 -0.001074932183952 -0.007744374432084 -0.008008044249188 -0.003020282656405 -0.013895199619090 -0.007939070948620 0.164039887663350 0.982556537679364 0.995999893939379 0.071876402318701 0.156734792679829 0.089473768517220 0.003126330268719 0.001879740097155 0.004098358875316 -0.001963292065456 -0.005678722348839 -0.001847223945381 -0.006000768402988 -0.002620794193745 -0.010162730706331 0.990282040445952 0.994480745609822 0.988036524074294 0.998325528590558 0.994581251090642 0.001261394262412 0.002687142603047 -0.001188626587631 -0.001783892326796 0.001427965704166 0.002006912539772 0.004447088654559 -0.002261891546005 -0.010385541220821 0.991091998888696 0.989985625820325 0.989382136754133 1.000000000000000 -0.616956444806817 -0.000720696475450 -0.003635360611504 -0.010984735933578 -0.008347519274879 -0.000194625841160 0.000681913191333 -0.006555780145639 0.006514609589875 NaN 0.994620845156343 0.992742683173637 0.992913056273132 0.987991394654741 0.996637566815643 -0.001890446601506 0.002481575250759 -0.008328302693068 0.002834591543232 -0.001136638880710 -0.001565221764907 0.004293750322577 0.002899716976138 NaN 0.981189562778351 0.982770905193099 0.990556214794679 0.996311558575833 0.988510345835535 0.004517228751790 -0.004022954060021 -0.005310723731483 -0.000232374019697 0.003634637571611 0.002931844302985 0.003516816104541 -0.003807849350502 NaN 0.060161489058533 0.995125713257989 0.994999949066772 0.994714441093357 0.994662898310197 0.002009044296027 -0.000560364959082 0.000485612023917 0.001324667390215 -0.004152539910945 0.000866774659983 0.001730551510267 0.001348460021792 
NaN -0.512124727627032 -0.658951859075124 -0.655659441704056 0.178744477714983 -0.628723588348274 -0.005041262240298 -0.024657213878654 0.013554619668462 0.105966433646296 0.114273819731900 0.073178948752462 0.029215540210374 0.135044372589375 -0.030747159843798 -0.716803816433259 -0.646468113206903 -0.043937353339527 -0.678078440024856 -0.109723950546576 0.000392117418585 -0.002902918828822 -0.008603421353944 0.034660418059912 0.033230194533365 0.022779732778515 0.110803454324922 0.041235760838074 -0.018966041999401 -0.718087658367141 -0.690423061998826 -0.725607971782090 -0.649175389365937 -0.690126752208395 -0.019026458498394 0.002084248096539 -0.023824307036310 0.014720997881700 -0.009485288584881 -0.012440082383459 -0.003157232139305 -0.016398215479819 -0.019520561801115 -0.687348249229323 -0.674745442295249 -0.644453679587578 -0.616956444806817 1.000000000000000 -0.013514332002028 -0.013689157679462 -0.038965489314505 0.015639530952603 -0.026236579318607 -0.018724685727183 -0.030860486704042 -0.018097103883404 NaN -0.693157227595327 -0.702193981843716 -0.673336490985112 -0.703345314454182 -0.648845160703983 0.006232680925647 -0.019013357978534 -0.025246062976682 0.002230776657241 -0.019996948978797 -0.015735457231338 -0.014572656395713 -0.010313598973269 NaN -0.755867108844283 -0.735715736740242 -0.716941150412581 -0.637359527878904 -0.583488063069186 0.047030314870137 -0.014127986114328 -0.016148385986409 0.011079481603715 -0.011401380424701 -0.002888570036705 -0.008897641484339 -0.020842552105029 NaN -0.106761961312892 -0.683390649205989 -0.686258473104237 -0.682371283532897 -0.682222187272968 -0.012059927505934 -0.015893959005464 -0.012866079363041 -0.010723504728806 0.066748130915787 -0.016028909052688 -0.013411622175222 -0.013491806833723 
NaN 0.009447624401129 0.011458754871929 0.008965993790754 0.011579592301143 0.008517103086034 0.952891244878365 0.938199992075562 0.241744935342128 0.017459730121433 0.129935182917753 0.674269226930042 0.861487114813163 0.128882594749659 -0.136451175262889 0.007526651358923 0.004723430973734 0.006685663752941 0.007543513379400 0.007412181059166 0.319940124977119 0.975424948901162 0.968387390877517 -0.115047167897727 0.915951288898805 0.939891596201527 0.101949002882706 0.163551375835401 0.123029106817124 0.001733919514784 0.002482194037866 0.001779938298527 0.002337431074257 0.001601940590287 0.938313949038565 0.981336168472597 0.920527016140071 0.930427712601699 0.965017195977767 0.967759769165587 0.977618616991779 0.957606093898413 0.121346840082547 0.001435335744196 -0.002210668275961 0.002708032249119 -0.000720696475450 -0.013514332002028 1.000000000000000 0.801455884923365 0.587552000434201 0.683084607765359 0.942302068960348 0.903768828621616 0.840068054142763 0.949332690963089 NaN 0.001633722077403 0.000864468711064 0.001149072168562 0.001966307959683 -0.001686415417135 0.965130314232533 0.960728860598332 0.907374346607677 0.983034488915136 0.960601592666313 0.971828317285847 0.926703533262449 0.941946327688511 NaN 0.003268768478576 0.004609418270303 0.001970780386020 0.001447740476865 -0.000247081853234 0.802998033427750 0.945211674424061 0.949048751240556 0.007525690570045 0.963411004897029 0.664507421893113 0.955226860843277 0.948444679300685 NaN 0.002136808488037 0.001690287172701 0.001471677308110 0.001653232082949 0.001412535588442 0.967004448388918 0.947676258196352 0.955920272145422 0.958824450157850 0.050046078265539 0.952662854683456 0.959552733536449 0.954216093486921 
NaN 0.003336995137743 0.009351926252429 0.007234330774801 0.006310310302778 0.007447525623473 0.833643749781926 0.937433835206269 -0.045902195102219 0.074902914470931 0.197137552157785 0.415580202558070 0.793408822557281 0.271365005237225 0.139980267897353 0.006338683036934 0.002149988134106 0.001445969094146 0.003775348715871 0.006894723353946 0.324133130303626 0.867887311204619 0.888342383355959 0.122227914258633 0.724505120218357 0.819730596726761 0.090398187247381 0.117394961691284 0.223428758793639 -0.000220862133840 0.000419217370117 -0.000525753226434 -0.000276184168264 -0.000917708745455 0.914165440265651 0.808055635143117 0.937997079664503 0.870842948906231 0.906122183620247 0.902305248489578 0.842845713502591 0.916450270611379 0.229332461627434 0.000548344842225 -0.002692770265325 0.000936234840814 -0.003635360611504 -0.013689157679462 0.801455884923366 1.000000000000000 0.679495341376110 0.645609492640154 0.943602034536085 0.854523869182015 0.962183223143310 0.875068678690477 NaN -0.000827292695052 -0.001371506794792 -0.000462960291042 0.000116353250898 -0.002744264808262 0.859393750250238 0.897303335351761 0.918607621105120 0.777460672601953 0.920710162089510 0.899505754200372 0.933252387631161 0.923766233547369 NaN 0.001181798109377 0.003759731337474 0.000003078218600 -0.000936110327855 -0.006051030082203 0.472028941048321 0.917290654240587 0.923374263186010 0.178268779993365 0.902517748470677 0.595440624230334 0.912670418801892 0.926513366461571 NaN 0.001158323505497 -0.000331131445065 -0.000386702793897 -0.000095816138502 -0.000424730558019 0.903299043494748 0.936200509010925 0.921554482860006 0.918115422572336 -0.024479286818932 0.929784160486301 0.918266774358622 0.924943867013949 
NaN 0.009767695706583 0.020429040862942 0.021147271072370 0.013219786523114 0.015181315315404 0.536862941931065 0.703605163248890 -0.313505260237457 -0.235612096367116 -0.049130402566652 0.281164873330359 0.306405954744468 0.012522468056531 0.371225194337390 0.015624518745773 0.005875619743573 0.004237470627386 0.008008126950151 0.012809125910427 -0.367605498439842 0.594840146124462 0.561062689526659 0.065237156288649 0.485648165916735 0.572753824950256 -0.176456476841402 0.056875843465189 0.600838565165724 -0.002357076792181 -0.000349948476498 -0.002758844838581 0.000377457582692 -0.002189556187091 0.530934907917691 0.498428783158465 0.539116412946235 0.642865760927320 0.584361960771265 0.575489551095151 0.524079216213498 0.666122821615202 0.599083388910249 -0.002751138771127 -0.015193984645619 0.003587989544094 -0.010984735933578 -0.038965489314505 0.587552000434201 0.679495341376110 1.000000000000000 0.143557085515363 0.646791631816423 0.366965321746026 0.733109058932918 0.480047778597437 NaN -0.003129323692417 -0.006260440332009 -0.003122528232521 -0.002426806689190 -0.011889925647777 0.568810832512217 0.549429284406132 0.742937890421532 0.494310390504061 0.640440468064530 0.634605456332561 0.537047278616958 0.557033368359636 NaN 0.002569816022316 0.007536538335953 -0.001913121367743 -0.002823870073716 -0.008479044148671 0.324566469454029 0.701141504978548 0.649358083874993 0.040397266945026 0.558319271558179 -0.039522512712493 0.566918174190044 0.689586101839292 NaN 0.002443699407354 -0.002063777143774 -0.003059108124272 -0.001745135453695 -0.002755693826685 0.574648273023097 0.601204511622166 0.576994139244139 0.577288118156932 -0.118816049933462 0.599826799348619 0.583838832881979 0.587315713607685 
NaN -0.030125074813649 -0.025968702281835 -0.016666829836412 -0.033658081141605 -0.017539982969550 0.715597611625834 0.726082213218765 0.367862196323071 0.125403834169049 0.068754043968634 0.294798706909227 0.710355299750093 0.282779715795582 -0.365489788515914 -0.015452974411047 -0.013649769809920 -0.024534682027775 -0.022654337903538 -0.019256215632264 0.523232559282189 0.703237447810147 0.712891087033807 -0.127689548945638 0.596035093351174 0.608715861426682 0.123410457359150 -0.037770650330814 -0.003281570695525 -0.009804517625141 -0.010957604489267 -0.010525677654331 -0.010088019156568 -0.009506854078787 0.755634683853988 0.743267111660090 0.752662858591208 0.762920352135653 0.729385077077023 0.738071451113563 0.713282643315946 0.682120082339661 0.003211704819891 -0.008575954399846 -0.005301963218431 -0.008494495387709 -0.008347519274879 0.015639530952603 0.683084607765359 0.645609492640154 0.143557085515363 1.000000000000000 0.703809100258311 0.825107504233685 0.660029314011213 0.709602769765789 NaN -0.010170093363431 -0.009835755248370 -0.008331692114058 -0.010855334264239 -0.004766115459487 0.654218368622469 0.701679703289793 0.680826763280593 0.741133736171746 0.735475689135049 0.679102845542005 0.753102486543475 0.746663096500797 NaN -0.011702405541857 -0.012156065661636 -0.010280816763700 -0.009169185385494 -0.008911333287578 0.415755615538443 0.696999189123883 0.755493747855846 -0.176816895693315 0.738031173813636 0.682991317591593 0.720784818022188 0.710472793939400 NaN -0.006640969243135 -0.009502836495595 -0.009424443853085 -0.009081774702676 -0.009039420950301 0.735618694463902 0.747981920663536 0.741802043406629 0.733195599249714 0.463170262210014 0.737499944071825 0.733622111635713 0.741711411292193 
NaN 0.020597783336532 0.024518248474813 0.017948541172761 0.025338872067105 0.018545413068817 0.951266671530384 0.987856245186812 0.103255410674424 -0.036671772028996 0.108623014295185 0.560242006834904 0.885351306376508 0.149618091748375 0.000026148413187 0.015760939136271 0.010180801285119 0.014999587604531 0.016558869699463 0.016679556342794 0.393216748922453 0.968384715532513 0.978918109837385 0.006480676168008 0.852716153769269 0.916029871314283 0.012516671929042 0.134519423558964 0.126997433081623 0.004549404483314 0.005991391642971 0.004646739880334 0.005174043504227 0.003932160987872 0.986265019894827 0.938639647670243 0.985456950974987 0.923643719143866 0.985502578219808 0.986470581970812 0.956671290816355 0.979195172564454 0.129634015630180 0.004258174632293 -0.002161860370140 0.005665817302253 -0.000194625841160 -0.026236579318607 0.942302068960348 0.943602034536085 0.646791631816423 0.703809100258311 1.000000000000000 0.937012346981235 0.947415279317077 0.969037651096092 NaN 0.004242793901202 0.003068412400871 0.003332917331545 0.005258543997582 -0.001823550527777 0.945961051947169 0.978239746661554 0.953956084421170 0.919245316864776 0.990714269784914 0.982311356217629 0.986703069256163 0.986645484228363 NaN 0.007365553138422 0.010149739783206 0.005060287996248 0.003669292763526 -0.000949202306199 0.660622084847012 0.973546837972236 0.986682637688023 0.122469553839992 0.983269281693350 0.702325919987555 0.985062319072481 0.983626540557695 NaN 0.004766655310462 0.004325134389484 0.004053564121383 0.004263445578370 0.003840370531206 0.986670105708848 0.993632363933735 0.991320923579870 0.990260170861807 0.015800727713410 0.993360032902759 0.990500259150370 0.991783947622543 
NaN 0.016075789287317 0.018022951992059 0.012683515501878 0.019392873717186 0.014446684720028 0.908127599134451 0.908616441708617 0.243150611462690 0.102685743884128 0.115521426773027 0.523470976257586 0.920923018022915 0.166876559762343 -0.166251381144434 0.011451823861863 0.007898890641929 0.011859362969302 0.012738163691509 0.011721928507322 0.620842474613792 0.917735746086864 0.942952316773194 -0.124785148084259 0.817619655570407 0.851846514447458 0.132803981076538 0.081352927631206 -0.077504746645511 0.003752934705996 0.004738647337498 0.003869286513246 0.004050497807650 0.003267572580056 0.972612428622435 0.929155300598916 0.971688063981100 0.854382201908903 0.946845238223313 0.951454523952030 0.935294063035421 0.906226314440716 -0.073082538198894 0.003442034141769 -0.000785609615512 0.004118264351243 0.000681913191333 -0.018724685727183 0.903768828621616 0.854523869182015 0.366965321746026 0.825107504233685 0.937012346981235 1.000000000000000 0.842270039588176 0.971699014045730 NaN 0.003625082565785 0.002892363725258 0.002758238396077 0.004262298036538 -0.000711154491077 0.909067507849627 0.962342824927607 0.848283611459414 0.912980044264309 0.932190866686139 0.922618227712201 0.965905048518342 0.954138740124533 NaN 0.005535717103094 0.007184427678010 0.004133952818448 0.003123623267252 0.000076634761285 0.634310637555857 0.882106776967384 0.928376717977612 0.066990099110600 0.956458990010849 0.857877016624177 0.946885784718754 0.903459478396901 NaN 0.003595588521442 0.003523006804606 0.003370876072539 0.003398259784850 0.003155807262950 0.951119735800124 0.952700175987711 0.957143835199132 0.953775144827690 0.051030479273027 0.949023902134145 0.950850922270100 0.952039702270030 
NaN 0.011704028395052 0.019318472873567 0.017321173479754 0.014563895539205 0.015103318993306 0.835277300444386 0.964062899888192 0.089547203201053 -0.035218730082890 0.066646569832883 0.360504256779579 0.752560020577836 0.152828404429944 0.044307328602505 0.014059455265817 0.006213615366992 0.007036644475558 0.009154136615440 0.014264222445929 0.200539698463659 0.875169763726629 0.885614140627182 0.032152822578171 0.710447518190760 0.808591305582281 -0.006011028695992 0.036044199764024 0.374848770264297 0.000221992154936 0.001694107930968 -0.000099370830059 0.001361231241533 -0.000285189065239 0.900879627400602 0.818121633734685 0.933451948054335 0.896538601418305 0.910837273615780 0.905002579227125 0.846483375214209 0.951046747381894 0.379353791845829 0.000452066048328 -0.008044816426777 0.003654324582051 -0.006555780145639 -0.030860486704042 0.840068054142763 0.962183223143310 0.733109058932918 0.660029314011213 0.947415279317078 0.842270039588176 1.000000000000000 0.859061343100999 NaN -0.000559480186526 -0.002456720739318 -0.000467013242540 0.000607574336496 -0.006697928313137 0.846694483403158 0.885775450633926 0.980882358218939 0.792645597420064 0.948099944202659 0.919783688601314 0.918697513877931 0.907119568028179 NaN 0.003707840964012 0.007960601469328 0.000641304128294 -0.000689322130425 -0.007215021580595 0.460403088895115 0.961194144635933 0.954207104915817 0.212743011239941 0.901448682998095 0.509492515450249 0.904806917701031 0.966504015847149 NaN 0.003009974913866 0.000215714471008 -0.000293911874950 0.000481222332811 -0.000220223721263 0.911047171637698 0.945074332491355 0.923115340729489 0.915952498793515 0.016380035497993 0.937969092644441 0.922312938130593 0.929188071148326 
NaN 0.027425120260617 0.027653977852055 0.016516075164890 0.033779253526515 0.020145013354864 0.960894451774817 0.933733682389386 0.190966374187791 0.053564919689574 0.173243981521006 0.653670109944685 0.948838799729803 0.184747452671282 -0.081373560549606 0.016009838525314 0.013005353513900 0.021683712248335 0.022410485021834 0.018949121169417 0.545531484461984 0.970379632302787 0.986944382469829 -0.039332195814338 0.901016824905468 0.934868671565905 0.110535554584538 0.138829446374441 -0.056984770214954 0.008828818849686 0.010031918178839 0.009283297812386 0.008446955518382 0.007879530643105 0.989883346035221 0.967035776875318 0.976908828247476 0.877339742705480 0.983088256891165 0.985000900434663 0.981000061813274 0.948164665183571 -0.055306935951582 0.008437498826498 0.005356013407276 0.007168876177302 0.006514609589875 -0.018097103883404 0.949332690963088 0.875068678690477 0.480047778597437 0.709602769765789 0.969037651096092 0.971699014045730 0.859061343100999 1.000000000000000 NaN 0.008873209104467 0.008796806753494 0.007301155720136 0.009983368299426 0.004120424581954 0.967059134679745 0.992814699009897 0.875898292991021 0.949155704031704 0.960973664973916 0.971108308337945 0.984625752779578 0.983184204640312 NaN 0.010565353266865 0.011965694342865 0.009387940255335 0.007825046113286 0.004409041768833 0.737573565396088 0.922864411976618 0.948493044409558 0.121691672454448 0.988091491088901 0.825256326345096 0.985946612873901 0.934837554320888 NaN 0.006234440972133 0.008348060865333 0.008464343146172 0.008041283135632 0.007953160559636 0.984761388980795 0.974419561288171 0.984916044082049 0.986024381415409 -0.031416451490140 0.977440540590469 0.983171393495144 0.980842107195466 
NaN NaN NaN NaN NaN NaN NaN NaN NaN NaN NaN NaN NaN NaN NaN NaN NaN NaN NaN NaN NaN NaN NaN NaN NaN NaN NaN NaN NaN NaN NaN NaN NaN NaN NaN NaN NaN NaN NaN NaN NaN NaN NaN NaN NaN NaN NaN NaN NaN NaN NaN NaN NaN NaN NaN NaN NaN NaN NaN NaN NaN NaN NaN NaN NaN NaN NaN NaN NaN NaN NaN NaN NaN NaN NaN NaN NaN NaN NaN NaN NaN NaN NaN NaN NaN NaN NaN NaN NaN NaN NaN NaN NaN NaN NaN NaN NaN NaN 
NaN 0.418845791321901 0.846459863921754 0.990859763444097 0.144016359560012 0.973869943392396 0.005926827697920 -0.001495418273909 -0.003070915566976 -0.024405225724801 -0.026107270424998 -0.015107717527563 -0.017782531523503 -0.029312017893093 0.152911631535565 0.993521305427281 0.995587578983723 0.091817414004833 0.228935492149158 0.116886828022799 0.002058623614643 0.002242151772046 0.005192631288227 -0.007444532252005 -0.010781532729792 -0.005441218890445 -0.023608929562100 -0.009138961009458 -0.005187176450486 0.999059329965777 0.999649888148250 0.997889758879752 0.997177808511624 0.999289561978695 0.004263914184414 0.002102035890667 0.002907167940942 -0.003743411985592 0.002933172471174 0.003935028898996 0.004587548054859 0.000855874946129 -0.005298776965351 0.997250433501899 0.994769300309469 0.990057653676318 0.994620845156343 -0.693157227595326 0.001633722077403 -0.000827292695052 -0.003129323692417 -0.010170093363431 0.004242793901202 0.003625082565785 -0.000559480186526 0.008873209104467 NaN 1.000000000000000 0.999040442770055 0.996514278641028 0.996880459241710 0.995751167577168 -0.002717787673394 0.005407093995726 -0.003103040944441 0.002220172765716 0.002414377936292 0.001272614682195 0.006364038356908 0.004384953560554 NaN 0.995610732669053 0.995953972783938 0.999273483980562 0.994713656367219 0.977334372462532 -0.003838434372060 -0.001084065948826 -0.002036939761349 -0.002008088533496 0.005246025951293 0.002612096115185 0.004731272188451 0.000188846638741 NaN 0.062581894916935 0.999453610752532 0.999632421406334 0.998876165997646 0.999004769441191 0.003888784539671 0.002221770468010 0.002632216898690 0.003035680055652 -0.014710550178138 0.003539783930056 0.003872271654074 0.003542460872549 
NaN 0.425172700110438 0.857268724602218 0.987289583975265 0.154981179794645 0.973656276145797 0.006379766179369 -0.003274085118406 -0.002422420584207 -0.018885359963018 -0.020458097386591 -0.011970052002173 -0.018021255354322 -0.022231181972348 0.154260434252977 0.992774277415745 0.994755218108727 0.091617480153746 0.254302549807266 0.113303402792302 0.002052537890350 0.002448556506188 0.005399322342378 -0.005574577483708 -0.009837507037907 -0.004390008584122 -0.017711475879038 -0.006976472927766 -0.006491913928047 0.999109889719434 0.998831033994648 0.999047862049561 0.994859008811227 0.997582235200929 0.003568072114876 0.002615869704565 0.001795339054039 -0.002586934552469 0.002813244143841 0.003715042918885 0.005060693382544 0.000029715952999 -0.006648000933297 0.993924529409494 0.991506122765106 0.983857652819323 0.992742683173637 -0.702193981843716 0.000864468711064 -0.001371506794792 -0.006260440332009 -0.009835755248370 0.003068412400871 0.002892363725258 -0.002456720739318 0.008796806753494 NaN 0.999040442770055 1.000000000000000 0.994140358166226 0.995647343862913 0.992421543159551 -0.002470321798981 0.004848444840038 -0.005022916758920 0.002747129562663 0.001494683093567 0.000416202084834 0.006398681800404 0.004446268388487 NaN 0.996447207268542 0.995524332065102 0.999429762329905 0.990188662929836 0.975817129602767 -0.001092180818225 -0.001959001822724 -0.003253869833855 -0.001424802082223 0.005293743718587 0.002523752919053 0.004918184159671 -0.001036770237827 NaN 0.092970472078435 0.997640051933897 0.998528702727702 0.997135606620933 0.997022488828400 0.003701263950849 0.001613120565889 0.002251295506022 0.002861378189887 -0.011210453692688 0.003072237520946 0.003616600970563 0.003255029594586 
NaN 0.421245773981134 0.805497271794708 0.986760492284850 0.121350749760532 0.960478480919029 0.005026273755855 -0.001526774727783 -0.002244439675814 -0.018489006717814 -0.020048538500063 -0.012049997577015 -0.015193670079369 -0.022078764719385 0.148110415895629 0.985524486575565 0.990586815392690 0.119824147274073 0.164626457173459 0.150414600491759 0.001003004948143 0.001970386416232 0.004448733066297 -0.005565834001832 -0.008866846968816 -0.004235842894617 -0.017768459290193 -0.006905099681569 -0.003476965461139 0.995922573228760 0.994549270315173 0.994317777528435 0.995772854366300 0.997826242193552 0.003325836342881 0.001872654324133 0.002162132776383 -0.002439674951801 0.002514105060785 0.003284362814590 0.003954935742202 0.000747039025349 -0.003572632264204 0.994730588460043 0.993025437442490 0.996011646694005 0.992913056273132 -0.673336490985112 0.001149072168562 -0.000462960291042 -0.003122528232521 -0.008331692114058 0.003332917331545 0.002758238396077 -0.000467013242540 0.007301155720136 NaN 0.996514278641028 0.994140358166226 1.000000000000000 0.995271706930413 0.996442350413642 -0.002147857374653 0.004372681778569 -0.002669614252421 0.001964625106175 0.001972361610381 0.000925422664551 0.005432279708104 0.003756225340105 NaN 0.988455645340985 0.992762908813655 0.995087977964134 0.991943604180835 0.979633266332532 -0.002803731775135 -0.000809086105266 -0.001827919515660 -0.001475184212545 0.004477663204761 0.001600835551994 0.004084890992498 0.000127125039824 NaN 0.086969135338875 0.998635549387873 0.998294655324237 0.999262111950882 0.999195275644509 0.003291013457748 0.001860180115784 0.002191471115971 0.002581174715388 -0.011108991830238 0.002990457519662 0.003280872473843 0.003013940433879 
NaN 0.485631866473242 0.847932453817569 0.992082966684605 0.175006255453027 0.975057787482137 0.006580614466393 -0.000966478565004 -0.003320198304307 -0.026949911676062 -0.029322528149519 -0.018098459369259 -0.020359279802260 -0.032504230657776 0.147450147843310 0.995274318375460 0.991880907874409 0.165575437966195 0.240048669732016 0.192504040107943 0.001141806477455 0.002654999189979 0.006006000237247 -0.008200436084129 -0.012527038520374 -0.006190709499268 -0.026229294923431 -0.010128347764734 -0.003562437230832 0.996458998724849 0.996711317713317 0.995674958296055 0.990375914668730 0.994901636706586 0.004998645046108 0.002335784587793 0.003765559298453 -0.003386925314138 0.003597097638129 0.004693081274421 0.005176939978638 0.001626679722537 -0.003664185878629 0.997540638920830 0.996144928323167 0.988111661484945 0.987991394654740 -0.703345314454182 0.001966307959683 0.000116353250898 -0.002426806689190 -0.010855334264239 0.005258543997582 0.004262298036538 0.000607574336496 0.009983368299426 NaN 0.996880459241710 0.995647343862913 0.995271706930413 1.000000000000000 0.990069374649260 -0.002911242998597 0.006289302449668 -0.002404401668959 0.002448768364470 0.003289699489713 0.001797421895019 0.007513875944472 0.005233893337484 NaN 0.993841472377251 0.998572359770635 0.996954305716732 0.989946574172541 0.961662898016605 -0.005300653956775 -0.000437542685371 -0.001669580046570 -0.002251181140690 0.006159183460457 0.002061641023974 0.005589646823016 0.000982647047167 NaN 0.057316126268470 0.996817815080598 0.997129734339995 0.996124250025393 0.996865951200288 0.004676086602136 0.003023769296380 0.003330816747734 0.003740054449162 -0.016311059116273 0.004449932775588 0.004726319381439 0.004392985279982 
NaN 0.365495580533855 0.805136628921957 0.983871206241512 0.104127167210988 0.959807256603514 0.004399069354344 -0.006691676193081 0.000455336859032 0.004295183989300 0.004097604884688 0.002705198806007 -0.009752464676496 0.006700356434881 0.155871871823201 0.981051530444344 0.990068473260770 0.060484167867334 0.152258602463091 0.089776901046967 0.001368013898590 0.001651576480483 0.003140534321879 0.001885753443070 -0.002330559280462 0.000524518187165 0.005969257815355 0.001928271457924 -0.007438766819724 0.993022550974804 0.994117435274531 0.989991551431335 0.997727061738246 0.997447354647702 -0.000267909386724 0.002604496589120 -0.002446766763594 0.001151867352748 0.000909810057224 0.001087997225573 0.003716891880468 -0.002477901473046 -0.007641729038379 0.994646572595749 0.994044803513117 0.995409392495290 0.996637566815643 -0.648845160703983 -0.001686415417135 -0.002744264808262 -0.011889925647777 -0.004766115459487 -0.001823550527777 -0.000711154491077 -0.006697928313137 0.004120424581954 NaN 0.995751167577167 0.992421543159551 0.996442350413641 0.990069374649260 1.000000000000000 -0.000735243252306 0.000809855513336 -0.008003294658766 0.002707368667042 -0.001933667567609 -0.002252749411600 0.003074056044434 0.002161138605291 NaN 0.984997340451213 0.985934002744004 0.992435297236609 0.996847391838821 0.985399766035642 0.006969532479480 -0.003627652555888 -0.005152587945707 0.000805310464330 0.002618739095704 0.001267776954077 0.002763269097728 -0.004074164345697 NaN 0.038062978395441 0.997216055902049 0.996383733666960 0.997174476027716 0.997296167384702 0.001181209281522 -0.001086141531203 -0.000120239941825 0.000758710689654 0.003173466856711 0.000064555785330 0.000918458954370 0.000638107618835 
NaN -0.009018633845086 -0.008358491770166 -0.005662158215677 -0.010299386211127 -0.005930644429971 0.955164719421843 0.931743031747329 0.174697776619071 0.147908095940161 0.312200674569159 0.721234062872826 0.912674679414516 0.285381985589327 -0.076535645522927 -0.005102510295636 -0.004218177384507 -0.007132517375546 -0.006879731833504 -0.005719524520296 0.386142688549498 0.983516956510272 0.984098972525957 0.029243795032518 0.952733049804052 0.975265561069214 0.226643984280183 0.120316926035218 0.062398224433903 -0.002636129796065 -0.003068582782492 -0.002833264908025 -0.002858632963991 -0.002576765983196 0.954711764546467 0.977571198413674 0.936772390632965 0.918470681691844 0.978314610669023 0.977878569776142 0.987871505449005 0.960413956400506 0.061550644706736 -0.002216145054694 -0.000693711848822 -0.002468881239279 -0.001890446601506 0.006232680925647 0.965130314232533 0.859393750250238 0.568810832512217 0.654218368622469 0.945961051947169 0.909067507849627 0.846694483403158 0.967059134679745 NaN -0.002717787673394 -0.002470321798981 -0.002147857374653 -0.002911242998597 -0.000735243252306 1.000000000000000 0.979936385894533 0.888843944405465 0.971018171616069 0.956884625294953 0.980894474367791 0.952306073841756 0.967521273435396 NaN -0.003387397829860 -0.003642814022170 -0.002795841351225 -0.002441198609725 -0.002133417914540 0.788182491784825 0.940102237683552 0.940199318491626 0.043274152407968 0.980169518312988 0.713994369800713 0.978624169173470 0.938216358724504 NaN -0.001967245235195 -0.002553910543058 -0.002480190287152 -0.002433251627737 -0.002378831395271 0.975627639224638 0.957598691121799 0.968518983845627 0.973052006886014 -0.046658183762380 0.964529551256321 0.972901554045665 0.967675399223178 
NaN 0.020127822561913 0.021804761057115 0.014526700152522 0.024592902199925 0.016312454831276 0.951985115532303 0.956039511165420 0.158365744247201 0.081397606869845 0.194193150137189 0.622971834926699 0.918042430585351 0.180944492119653 -0.073832218370629 0.013363731398350 0.009698295902631 0.015352410325058 0.016207212789513 0.014947600518576 0.471474726034083 0.975017592724326 0.988482460071077 -0.028825931380778 0.897288112816108 0.935462161470295 0.138275176590176 0.118789033385456 0.028601612505135 0.005520830215549 0.006628482862617 0.005742285028310 0.005639213589313 0.004868892480888 0.987974964145934 0.966665833653978 0.981079564737090 0.902759276767095 0.987340841158108 0.989835767336317 0.981057093162565 0.966800222724370 0.030260196995703 0.005230226379351 0.001150753524945 0.005369361695288 0.002481575250759 -0.019013357978534 0.960728860598332 0.897303335351761 0.549429284406132 0.701679703289793 0.978239746661554 0.962342824927608 0.885775450633926 0.992814699009897 NaN 0.005407093995726 0.004848444840038 0.004372681778569 0.006289302449668 0.000809855513336 0.979936385894533 1.000000000000000 0.906617984978158 0.954229055449806 0.974485477974777 0.984328947523630 0.982235042312308 0.985458701859518 NaN 0.007445244437497 0.009230076403109 0.005968612574520 0.004731957105236 0.001349870092575 0.716119486988240 0.943944788901526 0.961520896703556 0.067367284077021 0.991755724600063 0.772732836685854 0.988424779462907 0.954839781965867 NaN 0.004602790812979 0.005227666629237 0.005151685336292 0.005073989509046 0.004853585902546 0.987997872146518 0.981936818383498 0.988274963259431 0.989144369234776 -0.057339066761774 0.984368274627664 0.988331514904361 0.985772695533205 
NaN 0.003716572644144 0.011098837419066 0.012421926657616 0.004886948437574 0.008979175552233 0.876042216815097 0.980054378933667 0.170515455426199 -0.034906338690028 0.087573396109967 0.432146872868780 0.764009708893219 0.130347959331923 -0.045660252737609 0.009197604057968 0.002460674481715 0.000689200262436 0.002728578539965 0.008101898456075 0.152684692779634 0.916479498471149 0.915748657778309 0.008207958251312 0.774603399011071 0.854426246256620 0.016388285682068 0.051728806137308 0.400352301779086 -0.002391117357583 -0.001255335164104 -0.002811563287299 -0.000994521135328 -0.002514446216028 0.908209667201890 0.876108164940777 0.930111935640872 0.943108624992438 0.934856240918432 0.931815597509695 0.892014914055037 0.977658556120842 0.402446632814078 -0.002190981445002 -0.009854077232455 0.001569375852964 -0.008328302693068 -0.025246062976682 0.907374346607677 0.918607621105120 0.742937890421532 0.680826763280593 0.953956084421170 0.848283611459414 0.980882358218939 0.875898292991021 NaN -0.003103040944441 -0.005022916758920 -0.002669614252422 -0.002404401668959 -0.008003294658766 0.888843944405465 0.906617984978158 1.000000000000000 0.863600088952868 0.972188165926897 0.951528397305622 0.918538236085650 0.920063818734213 NaN 0.000591428023348 0.004247185796117 -0.002139053222784 -0.002892955398810 -0.007832755590090 0.560874520227456 0.988769764002659 0.973355141369156 0.128410090511921 0.925354914496665 0.499315540732355 0.924654745327476 0.989156068795580 NaN 0.001133049659682 -0.002232584328190 -0.002805712685471 -0.001913146448963 -0.002580810972686 0.936221870295180 0.955844377639476 0.938612024387085 0.933982515843625 0.062190321370083 0.952898100050139 0.942153750388990 0.945139809736793 
NaN 0.003749215902367 0.003183521788833 0.000312091739699 0.005407994855995 0.001873157438210 0.966325453913958 0.913837950060293 0.256180318671615 0.085527543153028 0.229985283062404 0.723282066667459 0.902656122277131 0.219924341921569 -0.175040299919686 0.001068517387097 0.001677198991608 0.003417248931036 0.003619517946428 0.002303235818156 0.405790253507003 0.978369761042079 0.970333145509758 -0.053894299349268 0.950838506669839 0.954857795280260 0.170587055271501 0.112854751907538 0.019513039402974 0.002148696807320 0.002122487604243 0.002265088125574 0.001570667941741 0.001815788276662 0.939057795248423 0.996041588656226 0.906226728541738 0.926506564900884 0.962186472750218 0.966485370316452 0.986443025133630 0.930742149381854 0.017764546190662 0.002310079672034 0.003618974199206 0.000883587110092 0.002834591543232 0.002230776657241 0.983034488915137 0.777460672601953 0.494310390504061 0.741133736171746 0.919245316864776 0.912980044264309 0.792645597420064 0.949155704031704 NaN 0.002220172765716 0.002747129562663 0.001964625106175 0.002448768364470 0.002707368667042 0.971018171616069 0.954229055449806 0.863600088952868 1.000000000000000 0.943036610851131 0.956542557913566 0.926533147111869 0.947210542988663 NaN 0.001791608521471 0.001587431766293 0.002212324698664 0.001967321210739 0.001644676371550 0.835190661074588 0.918920008756626 0.931807360219713 -0.049059725643697 0.964929508585197 0.729401339834331 0.956341985080583 0.918957774610931 NaN 0.000911322900211 0.001996028481346 0.002211556758796 0.001920024059097 0.002040678677433 0.962705133346885 0.935651758339504 0.949223444035593 0.954376493530406 0.117268413682529 0.942825783704812 0.953780464115611 0.948158826595438 
NaN 0.013759273557656 0.017548369241418 0.013190438675115 0.017189226829109 0.013166095858354 0.955943746258249 0.992213100647427 0.186370018894923 -0.004935331478111 0.139431374336881 0.566346173510526 0.881357108005558 0.172121771189941 -0.074074938143123 0.011471007135162 0.006855509828135 0.009813060346248 0.011151763376205 0.012414900267358 0.344124257671557 0.978545518064390 0.982626984519359 0.002057835339644 0.872611650680638 0.928103009653691 0.053492884310262 0.083587418141268 0.187384625607907 0.002762576180532 0.003829288656523 0.002748106158018 0.003203267727470 0.002240120112829 0.977528168119078 0.956546010685481 0.977468927231336 0.951674634898968 0.990475711285071 0.990556183355751 0.968531280208035 0.993301584925763 0.189062023120005 0.002754456731603 -0.002201566754894 0.003897323329652 -0.001136638880710 -0.019996948978797 0.960601592666313 0.920710162089510 0.640440468064530 0.735475689135049 0.990714269784914 0.932190866686139 0.948099944202659 0.960973664973916 NaN 0.002414377936292 0.001494683093567 0.001972361610381 0.003289699489713 -0.001933667567609 0.956884625294953 0.974485477974777 0.972188165926897 0.943036610851131 1.000000000000000 0.992019004104290 0.979361206572712 0.983189381803827 NaN 0.004943388894580 0.007386490579261 0.003131104089678 0.002045573848243 -0.002023553662127 0.678259643878288 0.991281647244886 0.995814152441100 0.099320310817626 0.987469791617267 0.672537271588552 0.985919657284495 0.995492801361730 NaN 0.003296485014462 0.002618934953593 0.002413172522077 0.002650926576696 0.002291543153893 0.991776492127249 0.995327298021836 0.991610550301632 0.990232911461150 0.057437997403945 0.995991385884084 0.993492676369558 0.994015377451499 
NaN 0.009481526679464 0.012578625830167 0.009946243333420 0.011909960244093 0.009525364943063 0.962972314165588 0.976752627759718 0.191748169774472 0.018834956284491 0.185202590372992 0.631111243362932 0.895700990404607 0.188655516008307 -0.076201596019681 0.008391142928401 0.004823414671341 0.006513268562950 0.007688759743154 0.008456544284229 0.348821925424444 0.988025344549638 0.990663579797112 0.014142545622353 0.910429003580126 0.954232458688065 0.089083561710110 0.087474439842094 0.150491067215991 0.001510132984703 0.002342970313012 0.001481653094679 0.002067385258421 0.001242105973560 0.974128982860014 0.968849277175433 0.968141639979047 0.933813026037362 0.993069223964423 0.992298112096624 0.983240976294374 0.992617236518087 0.150823962701688 0.001397919225782 -0.002756394966871 0.002717006773448 -0.001565221764907 -0.015735457231338 0.971828317285847 0.899505754200372 0.634605456332561 0.679102845542005 0.982311356217630 0.922618227712201 0.919783688601314 0.971108308337945 NaN 0.001272614682195 0.000416202084834 0.000925422664551 0.001797421895019 -0.002252749411600 0.980894474367791 0.984328947523630 0.951528397305622 0.956542557913566 0.992019004104290 1.000000000000000 0.973706628893028 0.981342952645672 NaN 0.003260967654755 0.005089578475179 0.001776261632936 0.001076987135061 -0.001655773569069 0.722010036576476 0.982010950566778 0.980862060731895 0.101113419142311 0.990973121363354 0.684238557295028 0.989838573879910 0.983117282212667 NaN 0.002233733509260 0.001448881588813 0.001224928810527 0.001471610962834 0.001170684417605 0.993046764141459 0.987282273030324 0.989420289971741 0.989811905200590 -0.023224814391294 0.991376486618853 0.992854127809403 0.990608135849315 
NaN 0.020077286009820 0.021567064655605 0.012742726794751 0.025369331698669 0.015743179035129 0.959355340758444 0.964558698799839 0.155897625697606 0.036429962409462 0.169656572075509 0.599032192824415 0.937249747058835 0.239328012196257 -0.038131730672031 0.012525704152074 0.009579403602016 0.015787255549918 0.016748031313934 0.015429504390105 0.500285764068241 0.969521347788124 0.984811242770241 0.012073423931692 0.875258022227180 0.926694756335753 0.082360867035570 0.105180863947283 0.027533895990370 0.006520545777074 0.007442135596848 0.006761555210472 0.005951003473892 0.005538790898550 0.996213609647158 0.950267858606794 0.990663909382466 0.910187219594973 0.989701070270391 0.989119830116258 0.967312186531532 0.963988612867457 0.030674920691015 0.006615267679656 0.004318903062006 0.005252726876639 0.004293750322577 -0.014572656395713 0.926703533262449 0.933252387631161 0.537047278616958 0.753102486543475 0.986703069256163 0.965905048518342 0.918697513877931 0.984625752779578 NaN 0.006364038356908 0.006398681800404 0.005432279708104 0.007513875944472 0.003074056044434 0.952306073841755 0.982235042312308 0.918538236085650 0.926533147111869 0.979361206572712 0.973706628893027 1.000000000000000 0.995018994544939 NaN 0.007878515508742 0.009497694955493 0.006964408678031 0.005538953988093 0.001524447587650 0.674233522442163 0.952665131976423 0.975585938466889 0.146995493025171 0.990928823145943 0.781815357698967 0.991974125947060 0.961813130696905 NaN 0.004734338052822 0.006111572439149 0.006270196151240 0.005970944654313 0.005868672906929 0.990160166045911 0.993219678700128 0.995310339383703 0.994177749946903 0.036872220540650 0.992937644297715 0.992602683769964 0.994407057301798 
NaN 0.013848067652727 0.015304314365345 0.008903671188682 0.017872641927366 0.011216853272513 0.972885508429233 0.968792973126293 0.147421023673096 0.038170396932202 0.214502472985390 0.625467728332371 0.935900132288248 0.236929228431395 -0.054844121428644 0.008820660110933 0.006659791794861 0.010836125347134 0.011768737351766 0.010835945003656 0.475575988237408 0.981933991567895 0.993071228948812 0.063021892589791 0.898920397056975 0.944011797354604 0.091283044778615 0.116709443575859 0.034066939306647 0.004521504519162 0.005170212241214 0.004667727354340 0.004053798919971 0.003768794168422 0.994594902072863 0.964933844282254 0.982561212450393 0.925501827189065 0.993349298878314 0.995501419703048 0.978909290359575 0.967674780292064 0.036327688801053 0.004673751959536 0.003118647439535 0.003586392369039 0.002899716976138 -0.010313598973269 0.941946327688511 0.923766233547369 0.557033368359636 0.746663096500797 0.986645484228363 0.954138740124534 0.907119568028179 0.983184204640312 NaN 0.004384953560554 0.004446268388487 0.003756225340105 0.005233893337484 0.002161138605291 0.967521273435396 0.985458701859518 0.920063818734213 0.947210542988663 0.983189381803826 0.981342952645672 0.995018994544939 1.000000000000000 NaN 0.005452804134267 0.006679729710761 0.004840314066373 0.003801959982218 0.000715260349556 0.709218715045126 0.958383287418538 0.975616609727180 0.087156614864982 0.995282017571254 0.771662493484532 0.997477027542570 0.964790872686848 NaN 0.003293307245031 0.004219052361733 0.004353108037385 0.004131519286856 0.004057778951783 0.993777631714366 0.991105783540923 0.995365609500543 0.996495898745802 0.050218515800779 0.993868120557364 0.995879606953481 0.995698643338666 
NaN NaN NaN NaN NaN NaN NaN NaN NaN NaN NaN NaN NaN NaN NaN NaN NaN NaN NaN NaN NaN NaN NaN NaN NaN NaN NaN NaN NaN NaN NaN NaN NaN NaN NaN NaN NaN NaN NaN NaN NaN NaN NaN NaN NaN NaN NaN NaN NaN NaN NaN NaN NaN NaN NaN NaN NaN NaN NaN NaN NaN NaN NaN NaN NaN NaN NaN NaN NaN NaN NaN NaN NaN NaN NaN NaN NaN NaN NaN NaN NaN NaN NaN NaN NaN NaN NaN NaN NaN NaN NaN NaN NaN NaN NaN NaN NaN NaN 
NaN 0.447377265340753 0.862342721952198 0.983067185937994 0.121687085123880 0.967199522634368 0.006200583120362 0.001793777092674 -0.004333176197844 -0.036252136414050 -0.039031568637206 -0.023947094133245 -0.021195143793283 -0.044316509339093 0.144434978068641 0.993869889469087 0.986725094972705 0.088021028946172 0.307028890569404 0.116603976977751 0.000614827415481 0.002524690319021 0.006018103834746 -0.011291967983251 -0.014670000932602 -0.008067843608166 -0.036061159859203 -0.013754456423469 -0.001053889750212 0.997750091611785 0.995402649957238 0.997898505317658 0.987094631355597 0.993929755683889 0.006307121614724 0.001684387108230 0.005744158292763 -0.004939281992649 0.004012113325660 0.005313822491730 0.004737635715589 0.003121624065448 -0.001095292303817 0.991895800598944 0.987989306149475 0.977882225230803 0.981189562778351 -0.755867108844283 0.003268768478576 0.001181798109377 0.002569816022316 -0.011702405541857 0.007365553138422 0.005535717103094 0.003707840964012 0.010565353266865 NaN 0.995610732669053 0.996447207268542 0.988455645340985 0.993841472377251 0.984997340451213 -0.003387397829860 0.007445244437497 0.000591428023348 0.001791608521471 0.004943388894580 0.003260967654755 0.007878515508742 0.005452804134267 NaN 1.000000000000000 0.997222572540959 0.998093638387538 0.983393313021549 0.960219551078358 -0.009810488205323 0.001048224495938 0.000187109469330 -0.003192289588362 0.006432509544159 0.001862712190094 0.005646282522707 0.003031622538416 NaN 0.070821289556252 0.993271076318087 0.994032669759600 0.992374424792323 0.992493693826546 0.005245272308066 0.004183957980122 0.004138800688881 0.004245456580761 -0.022175706718978 0.005455113633392 0.005416998181625 0.005118094298870 
NaN 0.488146705005431 0.854157558098240 0.989703760508208 0.156284739972141 0.972052763705294 0.006476838541931 0.004818296469021 -0.005104726414828 -0.043926167565286 -0.047987488485830 -0.031351847707058 -0.024158873200512 -0.054302871151545 0.142396559414324 0.996382682106021 0.989307562765752 0.151722478428013 0.273155582226967 0.180570084298895 -0.001558599593022 0.002984168283967 0.006938863111407 -0.013779112711739 -0.017869797215510 -0.009937772522373 -0.044317843481304 -0.016793862841768 0.004100543442176 0.997214751002535 0.995772146681295 0.997112249877726 0.987723702797950 0.994019540226520 0.008068744586853 0.001500924495782 0.008341518642539 -0.004776101021820 0.005199995180322 0.006694357162471 0.005032844590560 0.005456851270180 0.004130220354986 0.995029046922875 0.991801119112002 0.983947719942762 0.982770905193099 -0.735715736740242 0.004609418270303 0.003759731337474 0.007536538335953 -0.012156065661636 0.010149739783206 0.007184427678010 0.007960601469328 0.011965694342865 NaN 0.995953972783938 0.995524332065102 0.992762908813655 0.998572359770635 0.985934002744004 -0.003642814022170 0.009230076403109 0.004247185796117 0.001587431766293 0.007386490579261 0.005089578475179 0.009497694955493 0.006679729710761 NaN 0.997222572540959 1.000000000000000 0.997609881219083 0.985414908029309 0.957614318790477 -0.014876499569015 0.003378397109661 0.002386302081709 -0.004045278596368 0.007700991172355 0.000516123533764 0.006737056135385 0.005850294263361 NaN 0.071135665227038 0.995160821144233 0.995683200515575 0.994513599045857 0.994979711238794 0.006642735591422 0.006198883377638 0.005689103291934 0.005558866751592 -0.027108543503922 0.007401376863500 0.007018992505084 0.006774551712888 
NaN 0.433996841091277 0.851433595192395 0.988065369244885 0.138129275241014 0.971267880517626 0.006100053470467 -0.000709362711598 -0.003284228221118 -0.026373285774415 -0.028524732588309 -0.017315399077665 -0.018883190551551 -0.031878790780218 0.149799927547498 0.994015429417709 0.993155681918607 0.096796668629623 0.256494593037981 0.122734507814129 0.001410115422130 0.002424086646414 0.005553473012741 -0.008069251900895 -0.011818418578342 -0.005982903237042 -0.025738900632760 -0.009922295079038 -0.003682299175115 0.999852891527850 0.998792200296524 0.999505201611794 0.994202430350944 0.998224126508690 0.004805652825063 0.002104550123056 0.003676716590173 -0.003563430639133 0.003333586899634 0.004393427470832 0.004761199884202 0.001533597433142 -0.003774065817590 0.995501141485586 0.992629641209444 0.986121264817234 0.990556214794679 -0.716941150412581 0.001970780386020 0.000003078218600 -0.001913121367743 -0.010280816763700 0.005060287996248 0.004133952818448 0.000641304128294 0.009387940255335 NaN 0.999273483980562 0.999429762329906 0.995087977964135 0.996954305716733 0.992435297236610 -0.002795841351225 0.005968612574520 -0.002139053222784 0.002212324698664 0.003131104089678 0.001776261632936 0.006964408678031 0.004840314066373 NaN 0.998093638387538 0.997609881219083 1.000000000000000 0.990279204275435 0.972525654556988 -0.005261370413617 -0.000425049602039 -0.001459561964291 -0.002227254908591 0.005708897574402 0.002207455998794 0.005151003264620 0.000978687081599 NaN 0.080903784699983 0.998204322142664 0.998775467893649 0.997726787058591 0.997739815775841 0.004356281379002 0.002843182266913 0.003126672022503 0.003477031772986 -0.015982124152251 0.004159651489219 0.004402985397614 0.004088075138855 
NaN 0.380030761235511 0.830808054549632 0.991963624890855 0.150376555671231 0.974373303097680 0.005246844707603 -0.001432576774646 -0.002703036945673 -0.021790506162782 -0.023201088518603 -0.013224553361505 -0.015756798610931 -0.026115021142233 0.158100579897670 0.986784035681353 0.993681968456873 0.074445171458360 0.168100548942950 0.099391115103850 0.001839840044074 0.001959305626023 0.004552985491091 -0.006645805812564 -0.009495311118217 -0.004816261314512 -0.021037646825878 -0.008149320399633 -0.004818353479736 0.989719515847265 0.994933515876020 0.985987437284742 0.996785283556970 0.994726130003238 0.003712000357336 0.001853399091563 0.002472179034158 -0.003441617833233 0.002534114181989 0.003426635067641 0.004046949523345 0.000666688873017 -0.004923468754936 0.996232467924301 0.994622671084720 0.993301120420063 0.996311558575833 -0.637359527878904 0.001447740476865 -0.000936110327855 -0.002823870073716 -0.009169185385494 0.003669292763526 0.003123623267252 -0.000689322130425 0.007825046113286 NaN 0.994713656367219 0.990188662929836 0.991943604180835 0.989946574172541 0.996847391838821 -0.002441198609725 0.004731957105236 -0.002892955398810 0.001967321210739 0.002045573848243 0.001076987135061 0.005538953988093 0.003801959982218 NaN 0.983393313021549 0.985414908029309 0.990279204275435 1.000000000000000 0.978534793704551 -0.003243256738636 -0.001067021611945 -0.001905974655768 -0.001773751082065 0.004581627721059 0.002328117041086 0.004124182531553 0.000054837587632 NaN -0.012352428206076 0.995216554593985 0.994115011043720 0.993998119597348 0.994698400998314 0.003380227443045 0.001865667663415 0.002252069385478 0.002614252315494 -0.013114520791074 0.003043274789839 0.003352783296385 0.003052430409400 
NaN 0.252047460351088 0.773559158448078 0.960848312817288 0.088115639650164 0.936756631732465 0.003785980176413 -0.005422128476872 -0.001595783846825 -0.012659230766957 -0.011199982482918 -0.000927987972018 -0.008738954429855 -0.013990001765482 0.162724019468860 0.952995905501936 0.978143866583537 -0.028298619163901 0.083285981352898 -0.009484296949015 0.005484990263421 0.000623844928916 0.002031711368432 -0.003797451009239 -0.003415830828488 -0.001984544757534 -0.011046382657119 -0.004475784403964 -0.013197790627448 0.974048923986972 0.975024930459665 0.971800225717401 0.988862802147705 0.981666070951428 0.000496867222469 0.001461919718773 -0.001948117438067 -0.005296957369263 -0.000033032462564 0.000531219835999 0.002575921615889 -0.003164359727832 -0.013408232812329 0.966198598294699 0.962601232807110 0.977256807398250 0.988510345835535 -0.583488063069186 -0.000247081853234 -0.006051030082202 -0.008479044148671 -0.008911333287578 -0.000949202306199 0.000076634761285 -0.007215021580595 0.004409041768833 NaN 0.977334372462532 0.975817129602767 0.979633266332532 0.961662898016605 0.985399766035642 -0.002133417914540 0.001349870092575 -0.007832755590090 0.001644676371550 -0.002023553662127 -0.001655773569069 0.001524447587650 0.000715260349556 NaN 0.960219551078358 0.957614318790477 0.972525654556988 0.978534793704551 1.000000000000000 0.004206948300226 -0.004718536836662 -0.004901900300165 -0.000681267411286 0.001489631933040 0.004572619400036 0.001220787761725 -0.004253420315549 NaN 0.133300315864687 0.979517061497430 0.979076943402184 0.980986903820958 0.979199043399456 0.000420462110431 -0.001831236191899 -0.000782313385570 -0.000205295125006 -0.007136792585602 -0.000722970002403 0.000021854170122 -0.000357215891426 
NaN -0.029008827598467 -0.036213563707821 -0.029674372747010 -0.034132856744334 -0.027925479246509 0.803044586478794 0.623599269043929 0.119736804533732 0.130718053773598 0.351648605385993 0.897486623339876 0.782030613967796 0.216485285896256 0.037688408124380 -0.024851166746523 -0.014490477669362 -0.020238428507025 -0.022178107237445 -0.025162427973147 0.317693915497698 0.795138200101393 0.767787632120515 -0.023793979257367 0.888563558145241 0.858936155895610 0.254668840072792 0.263399504509870 -0.198087643381783 -0.004508423678670 -0.006956354577205 -0.004498514230878 -0.006387350649064 -0.003960533156913 0.686679782865789 0.824250969411640 0.607459108934065 0.713985744416055 0.736514194746083 0.736274955605055 0.805290279120483 0.672459836376378 -0.206266093796073 -0.003825623367546 0.008866313999695 -0.008301717925313 0.004517228751790 0.047030314870137 0.802998033427750 0.472028941048321 0.324566469454029 0.415755615538443 0.660622084847012 0.634310637555857 0.460403088895115 0.737573565396088 NaN -0.003838434372060 -0.001092180818225 -0.002803731775135 -0.005300653956775 0.006969532479480 0.788182491784825 0.716119486988240 0.560874520227457 0.835190661074588 0.678259643878288 0.722010036576476 0.674233522442164 0.709218715045126 NaN -0.009810488205323 -0.014876499569015 -0.005261370413617 -0.003243256738636 0.004206948300226 1.000000000000000 0.658772082386786 0.666229837891506 0.104856040311928 0.735868797560754 0.588030943568091 0.735444565128285 0.648047970240034 NaN -0.006709315526783 -0.004371605566667 -0.003595860744826 -0.004413555924134 -0.003515269962281 0.733082448077738 0.671197559475609 0.703582223167630 0.725423895225806 0.227572687029189 0.687348014965921 0.713201608106192 0.701641014462534 
NaN 0.003301712595566 0.008137650798650 0.007556064767719 0.005028099824883 0.006090703593769 0.933343961380249 0.987264171636712 0.191058417514734 -0.009212739615876 0.150562824861497 0.552950359227048 0.838255507052434 0.198937132504048 -0.054904065239637 0.006002270369327 0.001979621773845 0.001431121597171 0.003002415228520 0.006188631279568 0.230302970958368 0.963781861353923 0.961023380711461 0.027380751137202 0.856883482675362 0.920230415327445 0.054983356191218 0.078984501774886 0.297033838971284 -0.000607949917996 0.000066274028497 -0.000850262542502 -0.000121281873907 -0.000921552547320 0.944196826906824 0.932235624115643 0.949968633956043 0.961534985112785 0.972686701097832 0.969428843289346 0.945531156306244 0.994336392929730 0.297998403885531 -0.000250296210267 -0.004223213119419 0.001218894161005 -0.004022954060021 -0.014127986114328 0.945211674424061 0.917290654240587 0.701141504978548 0.696999189123883 0.973546837972236 0.882106776967384 0.961194144635933 0.922864411976619 NaN -0.001084065948826 -0.001959001822724 -0.000809086105266 -0.000437542685371 -0.003627652555888 0.940102237683552 0.943944788901526 0.988769764002659 0.918920008756626 0.991281647244886 0.982010950566778 0.952665131976423 0.958383287418538 NaN 0.001048224495938 0.003378397109661 -0.000425049602039 -0.001067021611945 -0.004718536836662 0.658772082386786 1.000000000000000 0.988641829943021 0.126983330697598 0.964833775252248 0.578809542784783 0.965307767998216 0.997195607197441 NaN 0.001033742883128 -0.000587811352105 -0.000808426635725 -0.000384221889099 -0.000748022060761 0.972841852102104 0.979542428475403 0.971451358495754 0.969701003185923 0.068257884659618 0.980198917488594 0.975255333239467 0.976269861588569 
NaN 0.002262413314002 0.006798954351962 0.007647563252593 0.002926576418579 0.005940698879167 0.948650595186202 0.993715270380233 0.153123590989322 -0.012079647206406 0.106998017618392 0.554082819335788 0.873970772984526 0.182892288132699 -0.031872797277988 0.005685342257271 0.001546523362623 0.000310251348747 0.001619679009786 0.004584099119332 0.333784797485566 0.971396415929548 0.971991604558719 -0.037601540741772 0.861449682059759 0.918876376005550 0.043824820227986 0.053226696077735 0.193455604192191 -0.001619012563016 -0.000920978867079 -0.001887500043688 -0.000744187059008 -0.001689902728479 0.972573247165317 0.946634006288447 0.969990012014901 0.955778704711791 0.984743909591178 0.982747660574917 0.956136779393821 0.984655732385359 0.195454603063242 -0.001531862538904 -0.006339513579997 0.000839354672106 -0.005310723731483 -0.016148385986409 0.949048751240556 0.923374263186010 0.649358083874993 0.755493747855846 0.986682637688023 0.928376717977612 0.954207104915817 0.948493044409558 NaN -0.002036939761349 -0.003253869833855 -0.001827919515660 -0.001669580046570 -0.005152587945707 0.940199318491626 0.961520896703556 0.973355141369156 0.931807360219713 0.995814152441100 0.980862060731895 0.975585938466889 0.975616609727180 NaN 0.000187109469330 0.002386302081709 -0.001459561964291 -0.001905974655768 -0.004901900300165 0.666229837891506 0.988641829943021 1.000000000000000 0.115866789721532 0.979785095194847 0.656628218557413 0.976306335790033 0.993568246696597 NaN 0.000640257016765 -0.001533242091616 -0.001895745624289 -0.001356766289530 -0.001765844133375 0.984747734934693 0.992749728621684 0.986072640372512 0.984232788937382 0.109962336303426 0.990527338801710 0.985907731094588 0.988861926280076 
NaN -0.009381422556302 -0.009900913536953 -0.007554495355775 -0.010649528764380 -0.007714262834572 0.066820194907163 0.061321857501093 0.012959154767139 -0.014574091836433 0.006014524308166 0.111025346170997 0.221217478784093 0.011461386875053 0.397829349576826 -0.006518868391793 -0.004518233734617 -0.006949030671264 -0.007034706166925 -0.006594531578828 0.076212985275720 0.074160096242783 0.095962525410683 -0.002860708204335 0.052505324685739 0.135910825478931 0.000071369437804 0.003889133055827 0.001556112479217 -0.002026364313889 -0.002614631134885 -0.002124932126004 -0.002453971440198 -0.001926067305199 0.093877314103450 0.010384015747663 0.122524008556076 0.018376694539050 0.111042053819994 0.078967540985589 0.063618624841298 0.134878170889715 0.001552099655237 -0.001653560719054 0.001152595871312 -0.002563387798135 -0.000232374019697 0.011079481603715 0.007525690570045 0.178268779993365 0.040397266945026 -0.176816895693315 0.122469553839992 0.066990099110600 0.212743011239941 0.121691672454448 NaN -0.002008088533496 -0.001424802082223 -0.001475184212545 -0.002251181140690 0.000805310464330 0.043274152407968 0.067367284077021 0.128410090511921 -0.049059725643697 0.099320310817626 0.101113419142311 0.146995493025171 0.087156614864982 NaN -0.003192289588362 -0.004045278596368 -0.002227254908591 -0.001773751082065 -0.000681267411286 0.104856040311928 0.126983330697598 0.115866789721532 1.000000000000000 0.094677023890991 0.067485326000737 0.113388354885993 0.123036711297512 NaN -0.002050060081050 -0.001956441560054 -0.001789046092036 -0.001872699661924 -0.001713989188139 0.109110894848615 0.130767878336522 0.117861087547879 0.119777768548496 -0.035713278379005 0.123864737141691 0.112576002876606 0.121366467616319 
NaN 0.016292628399931 0.017380172040128 0.010216666390113 0.020606104985264 0.012523614955300 0.974995889683144 0.968683862459266 0.182836852789764 0.054788048139955 0.203238812276427 0.647147253414719 0.934823033430216 0.227367699968455 -0.073459700482938 0.010038685546147 0.007749064065865 0.012855019592884 0.013607969381364 0.012466233860760 0.450336599547164 0.990700920446057 0.997774394499077 0.003653968255108 0.917673842451857 0.956046535946913 0.117136670232796 0.092184153649090 0.051597545158688 0.005353156005542 0.006090313538145 0.005559959485142 0.004899953745200 0.004574040237931 0.991900060999291 0.979427052500570 0.979080717966870 0.931486498192042 0.998762360415569 0.999128180031468 0.990602972437909 0.977008615469234 0.052874541986364 0.005415527410444 0.003639078556760 0.004301239846454 0.003634637571611 -0.011401380424701 0.963411004897029 0.902517748470677 0.558319271558179 0.738031173813636 0.983269281693350 0.956458990010848 0.901448682998095 0.988091491088901 NaN 0.005246025951293 0.005293743718587 0.004477663204761 0.006159183460457 0.002618739095704 0.980169518312988 0.991755724600063 0.925354914496665 0.964929508585197 0.987469791617266 0.990973121363354 0.990928823145943 0.995282017571254 NaN 0.006432509544159 0.007700991172355 0.005708897574402 0.004581627721059 0.001489631933040 0.735868797560754 0.964833775252248 0.979785095194847 0.094677023890991 1.000000000000000 0.758916485888875 0.998152552242231 0.969859874484764 NaN 0.003842607685449 0.005028490591733 0.005160570743323 0.004909561936638 0.004834427440263 0.998754221969703 0.992313292515437 0.997198181506593 0.998297363048648 0.034469712347769 0.995069557724718 0.998044596389977 0.997020032811702 
NaN 0.007663812847168 0.003049217777578 0.001746998988247 0.006127066307228 0.004813662883621 0.756664447990138 0.621851258262177 0.225127834007800 0.088199714616209 0.191499514381532 0.540194451512522 0.885692660467576 0.140357228221134 -0.208852548398168 0.002030059797355 0.003363538098378 0.006295051387205 0.004389461139357 0.000493185301738 0.918005930085122 0.713566435993927 0.756409688843518 0.015153444049942 0.697540742294300 0.682139915367168 0.103252802429011 0.073702353384163 -0.550263684070783 0.002146242763352 0.002154838115334 0.002428802938068 0.002260928444057 0.002373931725925 0.800723208422735 0.752208656205096 0.764741115790880 0.542070183855775 0.735303735647042 0.747416781019318 0.759099508777574 0.623540959686769 -0.546010369545225 0.001215882202960 0.001130937156379 0.001343949028375 0.002931844302985 -0.002888570036705 0.664507421893113 0.595440624230334 -0.039522512712493 0.682991317591593 0.702325919987555 0.857877016624177 0.509492515450249 0.825256326345096 NaN 0.002612096115185 0.002523752919053 0.001600835551994 0.002061641023974 0.001267776954077 0.713994369800712 0.772732836685854 0.499315540732355 0.729401339834331 0.672537271588553 0.684238557295028 0.781815357698967 0.771662493484532 NaN 0.001862712190094 0.000516123533764 0.002207455998794 0.002328117041086 0.004572619400036 0.588030943568091 0.578809542784783 0.656628218557413 0.067485326000737 0.758916485888875 1.000000000000000 0.756104758119839 0.605699046058607 NaN 0.001161260130249 0.002010115520863 0.001948854054206 0.001659587675523 0.001809295426910 0.741440767424287 0.717237627241871 0.745184135904202 0.747694123398172 0.013433630613886 0.722598665793138 0.737947110616267 0.734999915621746 
NaN 0.013996696390544 0.015147969285025 0.008460699594829 0.018163526964805 0.010807564627665 0.976696975541522 0.966860635394942 0.172391473480736 0.045582742046317 0.223057676660953 0.653306876543268 0.937599104529532 0.239076556412987 -0.059046192932969 0.008534387694464 0.006680518604440 0.011109920741494 0.011984802513152 0.010850445591898 0.448108565622173 0.989485279797222 0.998040617143381 0.049756148154615 0.915933589314401 0.958946564677382 0.107204581858433 0.121472932137538 0.052605311385835 0.004838791602879 0.005445144568295 0.005015615806087 0.004278936291930 0.004069424460130 0.990519302817136 0.973353195299657 0.978488470174359 0.929184609725301 0.997451195285248 0.997905227910565 0.987658278372187 0.976719700384321 0.053953015104042 0.005005324687517 0.003873228972856 0.003656469199483 0.003516816104541 -0.008897641484339 0.955226860843277 0.912670418801892 0.566918174190044 0.720784818022188 0.985062319072481 0.946885784718754 0.904806917701031 0.985946612873901 NaN 0.004731272188451 0.004918184159671 0.004084890992498 0.005589646823016 0.002763269097728 0.978624169173470 0.988424779462907 0.924654745327476 0.956341985080583 0.985919657284494 0.989838573879910 0.991974125947059 0.997477027542570 NaN 0.005646282522707 0.006737056135385 0.005151003264620 0.004124182531553 0.001220787761725 0.735444565128285 0.965307767998217 0.976306335790033 0.113388354885993 0.998152552242231 0.756104758119839 1.000000000000000 0.969029857571377 NaN 0.003341504132530 0.004526497475536 0.004701304137281 0.004428337510505 0.004388164680508 0.997592704382515 0.991360934498712 0.996707983032255 0.998359712617015 0.029515388511133 0.995184309177315 0.998205723268301 0.996955517100797 
NaN 0.009140047434618 0.014214806511590 0.012165338377613 0.011619955276801 0.010869358089356 0.931469423512038 0.993272416237541 0.172095230032464 -0.010597500957829 0.124446856581539 0.526380919020252 0.842206292392806 0.157441434381935 -0.047973435913391 0.009999826010721 0.004789385494400 0.005774716500336 0.007361534496104 0.010219432089444 0.266204897868206 0.962058395462225 0.963886468158665 0.000344975035408 0.842671683327244 0.909292818073275 0.046795753648472 0.086482528512523 0.271951757053927 0.000672462172591 0.001705361939692 0.000496803658415 0.001413774995121 0.000299553383113 0.956118746912415 0.932157792879702 0.964191219858816 0.957207142829525 0.975780143145471 0.974280804613494 0.945891513736309 0.994329664639781 0.273640265308332 0.000788235154972 -0.004878148677209 0.002791637531216 -0.003807849350502 -0.020842552105029 0.948444679300686 0.926513366461571 0.689586101839292 0.710472793939400 0.983626540557695 0.903459478396901 0.966504015847149 0.934837554320888 NaN 0.000188846638741 -0.001036770237827 0.000127125039824 0.000982647047167 -0.004074164345697 0.938216358724504 0.954839781965867 0.989156068795580 0.918957774610931 0.995492801361730 0.983117282212667 0.961813130696905 0.964790872686848 NaN 0.003031622538416 0.005850294263361 0.000978687081599 0.000054837587632 -0.004253420315549 0.648047970240034 0.997195607197441 0.993568246696597 0.123036711297512 0.969859874484764 0.605699046058607 0.969029857571377 1.000000000000000 NaN 0.002303355387556 0.000645818350791 0.000324007760506 0.000793703870791 0.000336451347630 0.976965246357669 0.986442357743441 0.977622539464765 0.975598484001858 0.063103010734663 0.985650149345295 0.980175944114051 0.981553425980999 
NaN NaN NaN NaN NaN NaN NaN NaN NaN NaN NaN NaN NaN NaN NaN NaN NaN NaN NaN NaN NaN NaN NaN NaN NaN NaN NaN NaN NaN NaN NaN NaN NaN NaN NaN NaN NaN NaN NaN NaN NaN NaN NaN NaN NaN NaN NaN NaN NaN NaN NaN NaN NaN NaN NaN NaN NaN NaN NaN NaN NaN NaN NaN NaN NaN NaN NaN NaN NaN NaN NaN NaN NaN NaN NaN NaN NaN NaN NaN NaN NaN NaN NaN NaN NaN NaN NaN NaN NaN NaN NaN NaN NaN NaN NaN NaN NaN NaN 
NaN 0.077512753546430 0.003389706321313 0.011058893881686 0.051034478212165 0.003085270238722 0.003494021533963 0.001746415801666 -0.002754485532063 -0.022399429362083 -0.024194314430517 -0.015031844861728 -0.012170164049172 -0.027613568401388 0.000318745957495 0.033220237771250 0.067390780707519 0.108558843499330 0.013365918802962 0.072183513134404 0.000423757253809 0.001464159144840 0.003525708894382 -0.007032837858649 -0.008846324146069 -0.004973155502020 -0.022474273283289 -0.008538577553006 0.000006396645992 0.087930416394824 0.053500865380400 0.109815624004664 0.063358719270316 0.066774012982897 0.003984961184927 0.000865311089406 0.003822048592300 -0.003031580144386 0.002481954183919 0.003255306468367 0.002658625763429 0.002197817510160 0.000004021379043 0.002820151707715 -0.005834110050353 0.025362339442745 0.060161489058533 -0.106761961312892 0.002136808488037 0.001158323505497 0.002443699407354 -0.006640969243135 0.004766655310462 0.003595588521442 0.003009974913866 0.006234440972133 NaN 0.062581894916935 0.092970472078435 0.086969135338875 0.057316126268470 0.038062978395441 -0.001967245235195 0.004602790812979 0.001133049659682 0.000911322900211 0.003296485014462 0.002233733509260 0.004734338052822 0.003293307245031 NaN 0.070821289556252 0.071135665227038 0.080903784699983 -0.012352428206076 0.133300315864687 -0.006709315526783 0.001033742883128 0.000640257016765 -0.002050060081050 0.003842607685449 0.001161260130249 0.003341504132530 0.002303355387556 NaN 1.000000000000000 0.065976419272838 0.076932584727171 0.079056665467503 0.068828197767306 0.003216597901278 0.002780779008281 0.002651672826672 0.002648870543989 -0.013778103810643 0.003462010686294 0.003354423524305 0.003203617097876 
NaN 0.416258267277077 0.830505666463029 0.990599851787412 0.134238741815437 0.969808717287167 0.005488555928331 -0.000913760518721 -0.002890040526228 -0.023602741787302 -0.025391905673896 -0.015098710477985 -0.016978192694521 -0.028422501478033 0.151337473361050 0.991213461961377 0.994669625075820 0.099604860427020 0.200486547842352 0.127016308590601 0.001325522261040 0.002133041761987 0.004924796667116 -0.007209599389857 -0.010466304756052 -0.005303544038856 -0.022953376829728 -0.008860921339839 -0.003678899601631 0.998377428152298 0.998526862750836 0.996831661988303 0.997830595169744 0.999625370766246 0.004147347371926 0.001891563878716 0.003033180901005 -0.003356948505521 0.002885474289617 0.003826535850387 0.004262304501014 0.001182489806116 -0.003770329122805 0.997349122781162 0.995071956411480 0.993806691236835 0.995125713257989 -0.683390649205989 0.001690287172701 -0.000331131445065 -0.002063777143774 -0.009502836495595 0.004325134389484 0.003523006804606 0.000215714471008 0.008348060865333 NaN 0.999453610752532 0.997640051933897 0.998635549387873 0.996817815080599 0.997216055902049 -0.002553910543058 0.005227666629237 -0.002232584328190 0.001996028481346 0.002618934953593 0.001448881588813 0.006111572439149 0.004219052361733 NaN 0.993271076318087 0.995160821144233 0.998204322142663 0.995216554593985 0.979517061497430 -0.004371605566667 -0.000587811352105 -0.001533242091616 -0.001956441560054 0.005028490591733 0.002010115520863 0.004526497475536 0.000645818350791 NaN 0.065976419272838 1.000000000000000 0.999860386696251 0.999836543448958 0.999916480188487 0.003797926716009 0.002362505080302 0.002655236780375 0.002993263885173 -0.014266373764146 0.003570540602638 0.003816128380933 0.003522931554870 
NaN 0.421628857846642 0.835934595537458 0.990213859080449 0.141955625421707 0.970950322915709 0.005724955552081 -0.001448950917108 -0.002706925300053 -0.021969396405404 -0.023799083531840 -0.014370980432857 -0.017325617968111 -0.026339403025994 0.152008170399261 0.991764716863993 0.995115516937284 0.103083939880799 0.210231697105685 0.128983468914618 0.001256183278919 0.002259272365597 0.005098072263076 -0.006647622848420 -0.010337223699604 -0.005023328678439 -0.021204836797029 -0.008222503802518 -0.003968191488781 0.998864871651211 0.998820228911976 0.997745544620649 0.997431716566606 0.999419202770796 0.004013618556740 0.002103501929922 0.002775736151088 -0.002904490434040 0.002931285401646 0.003850948924749 0.004500367674725 0.000994981708479 -0.004073226045610 0.996772270889438 0.994557476499397 0.992007121026031 0.994999949066772 -0.686258473104237 0.001471677308110 -0.000386702793897 -0.003059108124272 -0.009424443853085 0.004053564121383 0.003370876072539 -0.000293911874950 0.008464343146172 NaN 0.999632421406334 0.998528702727702 0.998294655324237 0.997129734339995 0.996383733666960 -0.002480190287152 0.005151685336292 -0.002805712685471 0.002211556758796 0.002413172522077 0.001224928810527 0.006270196151240 0.004353108037385 NaN 0.994032669759600 0.995683200515575 0.998775467893649 0.994115011043720 0.979076943402184 -0.003595860744826 -0.000808426635725 -0.001895745624289 -0.001789046092036 0.005160570743323 0.001948854054206 0.004701304137281 0.000324007760506 NaN 0.076932584727171 0.999860386696251 1.000000000000000 0.999698657787606 0.999717711739682 0.003834632103629 0.002259566843409 0.002619130979698 0.003027722477802 -0.013234238316129 0.003526182089146 0.003838460537368 0.003534316880428 
NaN 0.413064124143651 0.822857356117404 0.988948701131619 0.126392212282566 0.966357125267550 0.005281048458162 -0.000745328981001 -0.002725374471972 -0.022614146168417 -0.024440615328169 -0.014793896047685 -0.016532337819463 -0.027238629048095 0.150380001601124 0.989352153821538 0.993635450877567 0.099541657095852 0.191026328293358 0.127780061783387 0.000906841847532 0.002092103023052 0.004792032477888 -0.006896684510265 -0.010192185689426 -0.005122271574813 -0.022013305493817 -0.008494750530332 -0.002939926194544 0.998174710155197 0.997555520646849 0.996744158739187 0.997670923946873 0.999527626858912 0.004017599679547 0.001821821763175 0.003004149356786 -0.003022102162151 0.002848530247232 0.003745667783052 0.004122278046849 0.001293684173061 -0.003024023721864 0.996186964307862 0.993856061468804 0.994290719705825 0.994714441093357 -0.682371283532897 0.001653232082949 -0.000095816138502 -0.001745135453695 -0.009081774702676 0.004263445578370 0.003398259784850 0.000481222332811 0.008041283135632 NaN 0.998876165997646 0.997135606620934 0.999262111950882 0.996124250025394 0.997174476027716 -0.002433251627737 0.005073989509046 -0.001913146448963 0.001920024059097 0.002650926576696 0.001471610962834 0.005970944654313 0.004131519286856 NaN 0.992374424792323 0.994513599045857 0.997726787058591 0.993998119597348 0.980986903820958 -0.004413555924134 -0.000384221889099 -0.001356766289530 -0.001872699661924 0.004909561936638 0.001659587675523 0.004428337510505 0.000793703870791 NaN 0.079056665467503 0.999836543448958 0.999698657787606 1.000000000000000 0.999915314908448 0.003729719942814 0.002387558245655 0.002634585611632 0.002954429291428 -0.013677360969728 0.003545434241963 0.003761459487656 0.003486175661844 
NaN 0.419072362069555 0.824686469468077 0.989854462942055 0.130530756987356 0.967685658261212 0.005366395252136 -0.001321536009530 -0.002572605327948 -0.021131096569049 -0.022828270170122 -0.013667790002246 -0.016378480948495 -0.025324608039736 0.150459874806858 0.990165295760119 0.993714932949433 0.105501770634083 0.193082585763371 0.133966715919796 0.001151146123878 0.002098268463191 0.004774437687768 -0.006402649360428 -0.009791809634083 -0.004801972510594 -0.020413546189195 -0.007909606355162 -0.003679786532595 0.998063896274787 0.997819205322526 0.996477071408057 0.997397984179229 0.999417526415706 0.003768892856817 0.001938672466925 0.002598111698542 -0.002875294829252 0.002739739399639 0.003607083388560 0.004201200538945 0.000947185868758 -0.003777743224579 0.997186098523690 0.995159690361012 0.994598254790893 0.994662898310197 -0.682222187272968 0.001412535588442 -0.000424730558019 -0.002755693826685 -0.009039420950301 0.003840370531206 0.003155807262950 -0.000220223721263 0.007953160559636 NaN 0.999004769441191 0.997022488828400 0.999195275644508 0.996865951200288 0.997296167384702 -0.002378831395271 0.004853585902546 -0.002580810972686 0.002040678677433 0.002291543153893 0.001170684417605 0.005868672906929 0.004057778951783 NaN 0.992493693826546 0.994979711238794 0.997739815775841 0.994698400998314 0.979199043399456 -0.003515269962281 -0.000748022060761 -0.001765844133375 -0.001713989188139 0.004834427440263 0.001809295426910 0.004388164680508 0.000336451347630 NaN 0.068828197767306 0.999916480188487 0.999717711739682 0.999915314908448 1.000000000000000 0.003595579236491 0.002118635649635 0.002447549666667 0.002826159791620 -0.012729307960974 0.003313352419166 0.003597011421439 0.003310154088494 
NaN 0.013586642827255 0.015272365995024 0.009641461091111 0.017225828068091 0.011145363673324 0.977134721233470 0.973561200274059 0.198526887654066 0.024868684531456 0.175711326922700 0.643406974123854 0.927877506116075 0.218645109527211 -0.077692190666064 0.009122986228727 0.006554984124783 0.010450118926899 0.011322926396303 0.010835263189384 0.427346316978236 0.991545900716740 0.997291709445800 -0.003889934435052 0.912530984099937 0.954652499976894 0.088425134371440 0.109372627922276 0.078694165160308 0.004040518819478 0.004766482300801 0.004165160772188 0.003855103812986 0.003414421301091 0.990032208129867 0.978312007049809 0.979281954192368 0.936723496935936 0.999425929950541 0.999208694817169 0.989199881685363 0.982550768464679 0.079873981643821 0.004085593606956 0.001769854128449 0.003640092936998 0.002009044296027 -0.012059927505934 0.967004448388918 0.903299043494748 0.574648273023097 0.735618694463902 0.986670105708848 0.951119735800124 0.911047171637698 0.984761388980795 NaN 0.003888784539671 0.003701263950849 0.003291013457748 0.004676086602136 0.001181209281522 0.975627639224638 0.987997872146518 0.936221870295180 0.962705133346885 0.991776492127249 0.993046764141459 0.990160166045911 0.993777631714366 NaN 0.005245272308066 0.006642735591422 0.004356281379002 0.003380227443045 0.000420462110431 0.733082448077738 0.972841852102104 0.984747734934693 0.109110894848615 0.998754221969703 0.741440767424287 0.997592704382515 0.976965246357669 NaN 0.003216597901278 0.003797926716009 0.003834632103629 0.003729719942814 0.003595579236491 1.000000000000000 0.994457325187250 0.998414723175084 0.998798685987041 0.044544323371172 0.997012683023180 0.999078186154727 0.998308779676748 
NaN 0.011495671764094 0.014777404540696 0.010596549511910 0.014709635548259 0.011208064536578 0.955717580878704 0.985363643368025 0.168907852144179 0.027935706051892 0.150398451434125 0.575916072972909 0.906425033508482 0.210947278082202 -0.048552892156389 0.009457328469252 0.005745062244514 0.008265016777265 0.009539366807477 0.010414936672340 0.408646890147228 0.976155033773382 0.985531057840358 -0.010199548759768 0.872061644590082 0.928348444583132 0.079342391025532 0.093815389505091 0.128961535279965 0.002528751709361 0.003376122363327 0.002510503989531 0.002685286731617 0.001973864688281 0.989225538683959 0.954372486285825 0.989368396839542 0.939762659937888 0.993859302622550 0.992710813167366 0.969065062898645 0.985895049972067 0.131502808040436 0.002643260222053 -0.001047183311311 0.003151779921705 -0.000560364959082 -0.015893959005464 0.947676258196352 0.936200509010926 0.601204511622166 0.747981920663536 0.993632363933735 0.952700175987711 0.945074332491355 0.974419561288172 NaN 0.002221770468010 0.001613120565889 0.001860180115784 0.003023769296380 -0.001086141531203 0.957598691121799 0.981936818383498 0.955844377639477 0.935651758339504 0.995327298021836 0.987282273030324 0.993219678700129 0.991105783540923 NaN 0.004183957980122 0.006198883377638 0.002843182266913 0.001865667663415 -0.001831236191899 0.671197559475609 0.979542428475404 0.992749728621684 0.130767878336522 0.992313292515437 0.717237627241870 0.991360934498712 0.986442357743442 NaN 0.002780779008281 0.002362505080302 0.002259566843409 0.002387558245655 0.002118635649635 0.994457325187250 1.000000000000000 0.997668792520541 0.995963788354642 0.046787132135582 0.999080301693058 0.996753340807021 0.998397024261173 
NaN 0.011127667921594 0.013536148610828 0.009138841359828 0.014289918863161 0.010186177821167 0.969409011310746 0.976624596764500 0.181254770009572 0.026089049750665 0.162026321745083 0.619690722379625 0.924550726225429 0.225372417603018 -0.062326417900728 0.008377487769322 0.005502878080924 0.008230211373075 0.009323042459143 0.009378502224082 0.439032514689755 0.984534401478960 0.993505402631323 -0.008157197315569 0.895045290136846 0.943037164545859 0.082292440778300 0.116941096404224 0.080884018861137 0.002840371917538 0.003557975086308 0.002878480014877 0.002845428850472 0.002309344241442 0.993636372570625 0.967777668551329 0.987437237343978 0.932532066312165 0.997868315093972 0.997326598136277 0.981055120796033 0.981351284595948 0.082903119109451 0.002910851813265 0.000129631760537 0.002978214028078 0.000485612023917 -0.012866079363041 0.955920272145422 0.921554482860006 0.576994139244139 0.741802043406629 0.991320923579870 0.957143835199132 0.923115340729489 0.984916044082049 NaN 0.002632216898690 0.002251295506022 0.002191471115971 0.003330816747734 -0.000120239941825 0.968518983845627 0.988274963259431 0.938612024387085 0.949223444035593 0.991610550301632 0.989420289971741 0.995310339383703 0.995365609500543 NaN 0.004138800688881 0.005689103291934 0.003126672022503 0.002252069385478 -0.000782313385570 0.703582223167630 0.971451358495754 0.986072640372512 0.117861087547879 0.997198181506593 0.745184135904202 0.996707983032255 0.977622539464765 NaN 0.002651672826672 0.002655236780375 0.002619130979698 0.002634585611632 0.002447549666667 0.998414723175084 0.997668792520540 1.000000000000000 0.999226006620363 0.034574206084683 0.998582949806384 0.999046395518546 0.999401201188174 
NaN 0.011083286544712 0.012933287391657 0.008199584112103 0.014259650863419 0.009598936775379 0.972942199088696 0.974222884880799 0.164966757493444 0.038106903276126 0.185267670247507 0.635674318106134 0.929997400629046 0.224251335319689 -0.046748481347021 0.007767322979452 0.005401112571809 0.008424936121847 0.009341854514004 0.009127332899453 0.439676302172738 0.987976849467728 0.996085313230534 0.005198859322901 0.904601866780486 0.951253696327538 0.097119358278515 0.122991527238911 0.068393191962289 0.003205495089770 0.003827392684224 0.003275883978411 0.003019524662875 0.002629929107391 0.992937110180694 0.971560607758934 0.983336399084899 0.935368670781894 0.998534112026762 0.998375519776309 0.984492406127094 0.979688676450712 0.070059914697581 0.003319848246727 0.001267641320850 0.002934519757056 0.001324667390215 -0.010723504728806 0.958824450157851 0.918115422572336 0.577288118156932 0.733195599249714 0.990260170861807 0.953775144827690 0.915952498793515 0.986024381415409 NaN 0.003035680055652 0.002861378189887 0.002581174715388 0.003740054449162 0.000758710689654 0.973052006886014 0.989144369234776 0.933982515843625 0.954376493530406 0.990232911461150 0.989811905200590 0.994177749946903 0.996495898745802 NaN 0.004245456580761 0.005558866751592 0.003477031772986 0.002614252315494 -0.000205295125006 0.725423895225806 0.969701003185923 0.984232788937381 0.119777768548496 0.998297363048648 0.747694123398172 0.998359712617015 0.975598484001858 NaN 0.002648870543989 0.002993263885173 0.003027722477802 0.002954429291428 0.002826159791620 0.998798685987041 0.995963788354642 0.999226006620363 1.000000000000000 0.044707314125960 0.997666617264438 0.999194905045341 0.999018674672750 
NaN -0.062752471853332 -0.064831954212497 -0.048582451995382 -0.071750432045112 -0.048486816629255 0.113963975843948 0.061480063299332 0.050201254861264 0.028008977423806 0.038603279371490 0.048925990170700 0.093731156243346 0.127275222242362 0.004461403546380 -0.041978555896775 -0.030053320575801 -0.047215338882526 -0.047494943238920 -0.043664556311315 0.010573590614227 0.067341952941865 0.033144791423358 -0.023322462478242 0.051715844514143 0.052706167956288 0.032111116428417 0.026472793252132 0.000055419491075 -0.014692443497849 -0.018512141568032 -0.015545065793633 -0.017475959060619 -0.014188522866848 0.026647629843302 0.099695975124340 -0.020231240228155 0.254887012546707 0.041350982982979 0.045346247137898 0.040441838097886 -0.004080207126078 0.000070250772083 -0.012034957577597 0.005230112387265 -0.017443705334825 -0.004152539910945 0.066748130915787 0.050046078265539 -0.024479286818932 -0.118816049933462 0.463170262210014 0.015800727713410 0.051030479273027 0.016380035497993 -0.031416451490140 NaN -0.014710550178138 -0.011210453692688 -0.011108991830238 -0.016311059116273 0.003173466856711 -0.046658183762380 -0.057339066761774 0.062190321370083 0.117268413682529 0.057437997403945 -0.023224814391294 0.036872220540650 0.050218515800779 NaN -0.022175706718978 -0.027108543503922 -0.015982124152251 -0.013114520791074 -0.007136792585602 0.227572687029189 0.068257884659618 0.109962336303426 -0.035713278379005 0.034469712347769 0.013433630613886 0.029515388511133 0.063103010734663 NaN -0.013778103810643 -0.014266373764146 -0.013234238316129 -0.013677360969728 -0.012729307960974 0.044544323371172 0.046787132135582 0.034574206084683 0.044707314125960 1.000000000000000 0.037882031670405 0.035461211069026 0.046342642890864 
NaN 0.014491330401497 0.017219902857925 0.011653458752100 0.018316620597063 0.012770714711830 0.963599493474230 0.983656041674988 0.177532902686891 0.020510325030465 0.167514121615379 0.593475227544629 0.912640949463293 0.208466804538920 -0.060275716871557 0.010677289991640 0.007082708287121 0.010839665098165 0.011976098711521 0.012269144178316 0.410437858216824 0.981699856656562 0.990560621867279 0.015918760596106 0.884384777884156 0.937576179923562 0.075731440013435 0.098100422901897 0.119286494679051 0.003800105306154 0.004703402072767 0.003867443613722 0.003800377191588 0.003137994675674 0.989873051821511 0.960719687241187 0.987290906804865 0.938395519785749 0.996214451867630 0.995833168974030 0.975657301598165 0.987364283043640 0.121393180844246 0.003872444084870 0.000404579150048 0.003945635025166 0.000866774659983 -0.016028909052688 0.952662854683456 0.929784160486301 0.599826799348619 0.737499944071825 0.993360032902759 0.949023902134145 0.937969092644441 0.977440540590469 NaN 0.003539783930056 0.003072237520946 0.002990457519662 0.004449932775588 0.000064555785330 0.964529551256321 0.984368274627664 0.952898100050139 0.942825783704812 0.995991385884084 0.991376486618853 0.992937644297715 0.993868120557364 NaN 0.005455113633392 0.007401376863500 0.004159651489219 0.003043274789839 -0.000722970002403 0.687348014965921 0.980198917488594 0.990527338801710 0.123864737141691 0.995069557724718 0.722598665793138 0.995184309177315 0.985650149345294 NaN 0.003462010686294 0.003570540602638 0.003526182089146 0.003545434241963 0.003313352419166 0.997012683023179 0.999080301693058 0.998582949806384 0.997666617264438 0.037882031670405 1.000000000000000 0.998994616710116 0.999576924017557 
NaN 0.014095160609925 0.016228335260213 0.010408318017660 0.017976972795734 0.011897275693977 0.971148091541838 0.977560685860358 0.184797506662779 0.030417582480307 0.186090361539835 0.620872403008440 0.923331531142974 0.214870691409333 -0.070028170631506 0.009774476245481 0.006843528194551 0.010744614593380 0.011791147109220 0.011492009769933 0.425530578752731 0.987243721216274 0.995566619521861 0.020306866104691 0.900305269355388 0.947865811421513 0.089433803533160 0.110501496236913 0.092005986252757 0.004065518926444 0.004859136076831 0.004172643201461 0.003906678670783 0.003397135310626 0.991122508538373 0.970284187759098 0.984393620084549 0.936792658895227 0.998287261476251 0.998560861355468 0.983847516911796 0.984696156710287 0.093669699359910 0.004142061695362 0.001477888692974 0.003783230654985 0.001730551510267 -0.013411622175222 0.959552733536449 0.918266774358622 0.583838832881979 0.733622111635712 0.990500259150370 0.950850922270100 0.922312938130593 0.983171393495144 NaN 0.003872271654074 0.003616600970563 0.003280872473843 0.004726319381439 0.000918458954370 0.972901554045665 0.988331514904361 0.942153750388990 0.953780464115611 0.993492676369558 0.992854127809403 0.992602683769964 0.995879606953481 NaN 0.005416998181625 0.007018992505084 0.004402985397614 0.003352783296385 0.000021854170122 0.713201608106192 0.975255333239467 0.985907731094589 0.112576002876607 0.998044596389977 0.737947110616268 0.998205723268301 0.980175944114051 NaN 0.003354423524305 0.003816128380933 0.003838460537368 0.003761459487656 0.003597011421439 0.999078186154727 0.996753340807021 0.999046395518546 0.999194905045341 0.035461211069026 0.998994616710116 1.000000000000000 0.999524475142750 
NaN 0.013386931709200 0.015693702340799 0.010197502839808 0.017103873806098 0.011578709589542 0.968864189209222 0.980149952140164 0.175777379760331 0.026662891420688 0.174662068596695 0.611502483000872 0.921837007098374 0.220839330462069 -0.057662354244773 0.009531884376463 0.006522013393002 0.010135556596896 0.011198640082942 0.011164135756058 0.425485325832670 0.984923497611732 0.993171323162053 0.012349240807418 0.894031003045348 0.943769439302731 0.083339799790229 0.100784720318931 0.096376269932498 0.003760159681703 0.004540841053606 0.003840664588526 0.003620925822674 0.003101235127732 0.991888277158158 0.966031297459859 0.985830099928685 0.937806199947878 0.997839884888457 0.997383051611389 0.979809543690728 0.983977077325325 0.098336557506307 0.003869075232843 0.001142786386802 0.003596936663288 0.001348460021792 -0.013491806833723 0.954216093486921 0.924943867013949 0.587315713607685 0.741711411292193 0.991783947622543 0.952039702270030 0.929188071148325 0.980842107195466 NaN 0.003542460872549 0.003255029594586 0.003013940433879 0.004392985279982 0.000638107618835 0.967675399223178 0.985772695533205 0.945139809736793 0.948158826595438 0.994015377451499 0.990608135849315 0.994407057301798 0.995698643338666 NaN 0.005118094298870 0.006774551712888 0.004088075138855 0.003052430409400 -0.000357215891426 0.701641014462534 0.976269861588569 0.988861926280076 0.121366467616319 0.997020032811703 0.734999915621746 0.996955517100797 0.981553425980999 NaN 0.003203617097876 0.003522931554870 0.003534316880428 0.003486175661844 0.003310154088494 0.998308779676748 0.998397024261173 0.999401201188174 0.999018674672750 0.046342642890864 0.999576924017557 0.999524475142750 1.000000000000000 
